olink_id	gene_symbol	protein_name	immune_class	immune_score	cytokine	chemokine	interferon_axis	TNF_axis	complement	coagulation	checkpoint	CD_marker	acute_phase	HLA_antigen	immunoglobulin	soluble_receptor	immune_cell_enriched	immune_source_cells	secreted_to_blood	msigdb_c7_immune_gene	rna_blood_cell_specificity	hpa_disease	hpa_protein_class
1032	FGA	Fibrinogen alpha chain	Acute-phase	2	0	0	0	0	0	1	0	0	1	0	0	0	0		1	1	Not detected in immune cells	Amyloidosis, Cancer-related genes, Disease variant, FDA approved drug targets	Cancer-related genes, Candidate cardiovascular disease genes, Disease related genes, FDA approved drug targets, Human disease related genes, Metabolic proteins, Plasma proteins, Predicted secreted proteins
1288	HPGDS	Hematopoietic prostaglandin D synthase	Acute-phase	3	0	0	0	0	0	0	0	0	1	0	0	0	1	Granulocyte	0	1	Immune cell enriched		Enzymes, Metabolic proteins, Predicted intracellular proteins
1289	HPSE	Heparanase	Acute-phase	3	0	0	0	0	0	0	0	0	1	0	0	0	1	Myeloid/Monocyte;Granulocyte	1	1	Immune cell enhanced		Enzymes, Metabolic proteins, Predicted secreted proteins
1559	LBP	Lipopolysaccharide-binding protein	Acute-phase	2	0	0	0	0	0	0	0	0	1	0	0	0	0		1	1	Not detected in immune cells		Plasma proteins, Predicted secreted proteins, Transporters
1945	ORM1	Alpha-1-acid glycoprotein 1	Acute-phase	3	0	0	0	0	0	0	0	0	1	0	0	0	1	Granulocyte	1	1	Immune cell enriched	Cancer-related genes, FDA approved drug targets	Cancer-related genes, Candidate cardiovascular disease genes, FDA approved drug targets, Plasma proteins, Predicted secreted proteins
421	CD2	T-cell surface antigen CD2	CD/Leukocyte surface	3	0	0	0	0	0	0	0	1	0	0	0	0	1	T-cell;NK-cell	0	1	Group enriched	FDA approved drug targets	CD markers, FDA approved drug targets, Predicted intracellular proteins, Predicted membrane proteins
422	CD200	OX-2 membrane glycoprotein	CD/Leukocyte surface	3	0	0	0	0	0	0	0	1	0	0	0	0	1	B-cell	0	1	Group enriched		CD markers, Predicted intracellular proteins, Predicted membrane proteins
423	CD200R1	Cell surface glycoprotein CD200 receptor 1	CD/Leukocyte surface	3	0	0	0	0	0	0	0	1	0	0	0	1	1	Granulocyte	0	1	Immune cell enriched		Predicted intracellular proteins, Predicted membrane proteins
424	CD207	C-type lectin domain family 4 member K	CD/Leukocyte surface	3	0	0	0	0	0	0	0	1	0	0	0	0	1	Myeloid/Monocyte;Dendritic	0	1	Immune cell enriched		CD markers, Disease related genes, Predicted membrane proteins
425	CD209	CD209 antigen	CD/Leukocyte surface	4	0	0	0	0	0	0	0	1	0	0	0	0	1	Myeloid/Monocyte;Dendritic	0	1	Group enriched		CD markers, Predicted intracellular proteins, Predicted membrane proteins
426	CD22	B-cell receptor CD22	CD/Leukocyte surface	3	0	0	0	0	0	0	0	1	0	0	0	1	1	B-cell	0	1	Group enriched	FDA approved drug targets	CD markers, FDA approved drug targets, Plasma proteins, Predicted intracellular proteins, Predicted membrane proteins
427	CD226	CD226 antigen	CD/Leukocyte surface	3	0	0	0	0	0	0	0	1	0	0	0	0	1	T-cell;NK-cell	0	1	Group enriched		CD markers, Human disease related genes, Predicted intracellular proteins, Predicted membrane proteins
428	CD244	Natural killer cell receptor 2B4	CD/Leukocyte surface	4	0	0	0	0	0	0	0	1	0	0	0	1	1	Granulocyte	0	1	Immune cell enriched		CD markers, Human disease related genes, Plasma proteins, Predicted membrane proteins
429	CD248	Endosialin	CD/Leukocyte surface	3	0	0	0	0	0	0	0	1	0	0	0	0	1	T-cell	0	1	Immune cell enriched		CD markers, Predicted membrane proteins
430	CD27	CD27 antigen	CD/Leukocyte surface	3	0	0	0	0	0	0	0	1	0	0	0	0	1	T-cell	0	1	Immune cell enhanced	Cancer-related genes, Disease variant	Cancer-related genes, CD markers, Disease related genes, Human disease related genes, Plasma proteins, Predicted membrane proteins
434	CD2AP	CD2-associated protein	CD/Leukocyte surface	3	0	0	0	0	0	0	0	1	0	0	0	0	1	Myeloid/Monocyte;Dendritic	0	1	Immune cell enhanced		Disease related genes, Human disease related genes, Potential drug targets, Predicted intracellular proteins, Transporters
435	CD300A	CMRF35-like molecule 8	CD/Leukocyte surface	2	0	0	0	0	0	0	0	1	0	0	0	0	0		0	1	Low immune cell specificity		CD markers, Plasma proteins, Predicted intracellular proteins, Predicted membrane proteins
436	CD300C	CMRF35-like molecule 6	CD/Leukocyte surface	4	0	0	0	0	0	0	0	1	0	0	0	0	1	Myeloid/Monocyte	0	1	Immune cell enhanced		CD markers, Predicted membrane proteins
437	CD300E	CMRF35-like molecule 2	CD/Leukocyte surface	4	0	0	0	0	0	0	0	1	0	0	0	0	1	Myeloid/Monocyte	0	1	Group enriched		CD markers, Predicted intracellular proteins, Predicted membrane proteins
438	CD300LF	CMRF35-like molecule 1	CD/Leukocyte surface	4	0	0	0	0	0	0	0	1	0	0	0	0	1	Granulocyte	0	1	Immune cell enhanced		CD markers, Predicted intracellular proteins, Predicted membrane proteins
439	CD300LG	CMRF35-like molecule 9	CD/Leukocyte surface	2	0	0	0	0	0	0	0	1	0	0	0	0	0		0	1	Not detected in immune cells		CD markers, Predicted intracellular proteins, Predicted membrane proteins
441	CD33	Myeloid cell surface antigen CD33	CD/Leukocyte surface	3	0	0	0	0	0	0	0	1	0	0	0	0	1	Myeloid/Monocyte;Dendritic	0	1	Group enriched	FDA approved drug targets	CD markers, FDA approved drug targets, Plasma proteins, Predicted membrane proteins
443	CD36	Platelet glycoprotein 4	CD/Leukocyte surface	3	0	0	0	0	0	0	0	1	0	0	0	0	1	Myeloid/Monocyte;Dendritic	0	1	Group enriched	Cancer-related genes, Disease variant	Cancer-related genes, CD markers, Disease related genes, Human disease related genes, Metabolic proteins, Plasma proteins, Potential drug targets, Predicted intracellular proteins, Predicted membrane proteins, Transporters
444	CD38	ADP-ribosyl cyclase/cyclic ADP-ribose hydrolase 1	CD/Leukocyte surface	3	0	0	0	0	0	0	0	1	0	0	0	0	1	NK-cell	0	1	Immune cell enhanced	Cancer-related genes, Diabetes mellitus	Cancer-related genes, CD markers, Enzymes, Metabolic proteins, Predicted intracellular proteins
445	CD3D	T-cell surface glycoprotein CD3 delta chain	CD/Leukocyte surface	4	0	0	0	0	0	0	0	1	0	0	0	0	1	T-cell	0	1	Group enriched	FDA approved drug targets, SCID	CD markers, Disease related genes, FDA approved drug targets, Human disease related genes, Predicted intracellular proteins, Predicted membrane proteins
446	CD3E	T-cell surface glycoprotein CD3 epsilon chain	CD/Leukocyte surface	4	0	0	0	0	0	0	0	1	0	0	0	0	1	T-cell;NK-cell	0	1	Group enriched	FDA approved drug targets	CD markers, Disease related genes, FDA approved drug targets, Human disease related genes, Predicted membrane proteins, Transporters
447	CD3G	T-cell surface glycoprotein CD3 gamma chain	CD/Leukocyte surface	4	0	0	0	0	0	0	0	1	0	0	0	0	1	T-cell	0	1	Group enriched	FDA approved drug targets	CD markers, Disease related genes, FDA approved drug targets, Human disease related genes, Plasma proteins, Predicted intracellular proteins, Predicted membrane proteins
448	CD4	T-cell surface glycoprotein CD4	CD/Leukocyte surface	4	0	0	0	0	0	0	0	1	0	0	0	0	1	Myeloid/Monocyte;T-cell;Dendritic	0	1	Group enriched	FDA approved drug targets	CD markers, Disease related genes, FDA approved drug targets, Human disease related genes, Predicted intracellular proteins, Predicted membrane proteins, Transporters
453	CD5	T-cell surface glycoprotein CD5	CD/Leukocyte surface	3	0	0	0	0	0	0	0	1	0	0	0	0	1	T-cell	0	1	Immune cell enhanced		CD markers, Predicted intracellular proteins, Predicted membrane proteins
457	CD5L	CD5 antigen-like	CD/Leukocyte surface	2	0	0	0	0	0	0	0	1	0	0	0	0	0		1	1	Not detected in immune cells		Plasma proteins, Predicted secreted proteins
458	CD6	T-cell differentiation antigen CD6	CD/Leukocyte surface	4	0	0	0	0	0	0	0	1	0	0	0	0	1	T-cell	1	1	Group enriched		CD markers, Predicted membrane proteins, Predicted secreted proteins
459	CD63	CD63 antigen	CD/Leukocyte surface	3	0	0	0	0	0	0	0	1	0	0	0	0	1	Granulocyte	0	1	Immune cell enhanced		CD markers, Plasma proteins, Predicted membrane proteins, Transporters
461	CD7	T-cell antigen CD7	CD/Leukocyte surface	4	0	0	0	0	0	0	0	1	0	0	0	0	1	NK-cell	0	1	Immune cell enhanced		CD markers, Predicted intracellular proteins, Predicted membrane proteins
462	CD70	CD70 antigen	CD/Leukocyte surface	3	0	0	0	0	0	0	0	1	0	0	0	0	1	T-cell	0	1	Immune cell enhanced	Cancer-related genes, Disease variant	Cancer-related genes, CD markers, Disease related genes, Human disease related genes, Predicted intracellular proteins, Predicted membrane proteins
463	CD72	B-cell differentiation antigen CD72	CD/Leukocyte surface	3	0	0	0	0	0	0	0	1	0	0	0	0	1	B-cell	0	1	Group enriched		CD markers, Predicted intracellular proteins, Predicted membrane proteins
464	CD74	HLA class II histocompatibility antigen gamma chain	CD/Leukocyte surface	4	0	0	0	0	0	0	0	1	0	0	0	0	1	Myeloid/Monocyte;B-cell;Dendritic	1	1	Group enriched	Cancer-related genes	Cancer-related genes, CD markers, Disease related genes, Potential drug targets, Predicted membrane proteins, Predicted secreted proteins, Transporters
467	CD82	CD82 antigen	CD/Leukocyte surface	3	0	0	0	0	0	0	0	1	0	0	0	0	1	Granulocyte	0	1	Immune cell enhanced	Cancer-related genes	Cancer-related genes, CD markers, Plasma proteins, Predicted intracellular proteins, Predicted membrane proteins
469	CD84	SLAM family member 5	CD/Leukocyte surface	2	0	0	0	0	0	0	0	1	0	0	0	0	0		0	1	Low immune cell specificity		CD markers, Predicted membrane proteins
471	CD8A	T-cell surface glycoprotein CD8 alpha chain	CD/Leukocyte surface	4	0	0	0	0	0	0	0	1	0	0	0	0	1	T-cell	0	1	Group enriched	Disease variant	CD markers, Disease related genes, Human disease related genes, Predicted intracellular proteins, Predicted membrane proteins
472	CD93	Complement component C1q receptor	CD/Leukocyte surface	3	0	0	0	0	0	0	0	1	0	0	0	1	1	Myeloid/Monocyte;Granulocyte;Dendritic	0	1	Group enriched		CD markers, Plasma proteins, Predicted membrane proteins
380	CCL11	Eotaxin	Chemokine axis	3	0	1	0	0	0	0	0	0	0	0	0	0	0		1	1	Not detected in immune cells	Cancer-related genes	Cancer-related genes, Human disease related genes, Predicted secreted proteins
381	CCL13	C-C motif chemokine 13	Chemokine axis	3	0	1	0	0	0	0	0	0	0	0	0	0	0		1	1	Not detected in immune cells	Cancer-related genes	Cancer-related genes, Predicted intracellular proteins, Predicted secreted proteins
382	CCL14	C-C motif chemokine 14	Chemokine axis	2	0	1	0	0	0	0	0	0	0	0	0	0	0		1	0	Not detected in immune cells	Cancer-related genes	Cancer-related genes, Plasma proteins, Predicted secreted proteins
383	CCL15	C-C motif chemokine 15	Chemokine axis	2	0	1	0	0	0	0	0	0	0	0	0	0	0		1	1	Not detected in immune cells		Plasma proteins, Predicted intracellular proteins, Predicted secreted proteins
384	CCL16	C-C motif chemokine 16	Chemokine axis	3	0	1	0	0	0	0	0	0	0	0	0	0	0		1	1	Not detected in immune cells	Cancer-related genes	Cancer-related genes, Plasma proteins, Predicted secreted proteins
385	CCL17	C-C motif chemokine 17	Chemokine axis	3	0	1	0	0	0	0	0	0	0	0	0	0	0		1	1	Not detected in immune cells		Predicted secreted proteins
386	CCL18	C-C motif chemokine 18	Chemokine axis	3	0	1	0	0	0	0	0	0	0	0	0	0	0		1	1	Not detected in immune cells	Cancer-related genes	Cancer-related genes, Plasma proteins, Predicted secreted proteins
387	CCL19	C-C motif chemokine 19	Chemokine axis	3	0	1	0	0	0	0	0	0	0	0	0	0	0		1	1	Not detected in immune cells	Cancer-related genes	Cancer-related genes, Predicted secreted proteins
388	CCL2	C-C motif chemokine 2	Chemokine axis	5	0	1	0	0	0	0	0	0	0	0	0	0	1	Myeloid/Monocyte;Granulocyte	1	1	Group enriched	Cancer-related genes	Cancer-related genes, Candidate cardiovascular disease genes, Human disease related genes, Plasma proteins, Predicted secreted proteins
389	CCL20	C-C motif chemokine 20	Chemokine axis	5	0	1	0	0	0	0	0	0	0	0	0	0	1	T-cell	1	1	Immune cell enhanced		Predicted secreted proteins
390	CCL21	C-C motif chemokine 21	Chemokine axis	3	0	1	0	0	0	0	0	0	0	0	0	0	0		1	1	Not detected in immune cells	Cancer-related genes	Cancer-related genes, Plasma proteins, Predicted secreted proteins
391	CCL22	C-C motif chemokine 22	Chemokine axis	2	0	1	0	0	0	0	0	0	0	0	0	0	0		1	1	Low immune cell specificity		Predicted secreted proteins
392	CCL23	C-C motif chemokine 23	Chemokine axis	5	0	1	0	0	0	0	0	0	0	0	0	0	1	Granulocyte	1	1	Immune cell enriched	Cancer-related genes	Cancer-related genes, Plasma proteins, Predicted secreted proteins
393	CCL24	C-C motif chemokine 24	Chemokine axis	3	0	1	0	0	0	0	0	0	0	0	0	0	0		1	1	Not detected in immune cells		Predicted secreted proteins
394	CCL25	C-C motif chemokine 25	Chemokine axis	5	0	1	0	0	0	0	0	0	0	0	0	0	1	NK-cell	1	1	Immune cell enriched		Predicted secreted proteins
395	CCL26	C-C motif chemokine 26	Chemokine axis	3	0	1	0	0	0	0	0	0	0	0	0	0	0		1	1	Not detected in immune cells		Human disease related genes, Predicted secreted proteins
396	CCL27	C-C motif chemokine 27	Chemokine axis	2	0	1	0	0	0	0	0	0	0	0	0	0	0		1	1	Not detected in immune cells		Predicted secreted proteins
397	CCL28	C-C motif chemokine 28	Chemokine axis	2	0	1	0	0	0	0	0	0	0	0	0	0	0		1	1	Low immune cell specificity		Predicted intracellular proteins, Predicted secreted proteins
398	CCL3	C-C motif chemokine 3	Chemokine axis	5	0	1	0	0	0	0	0	0	0	0	0	0	1	T-cell	1	1	Immune cell enhanced	Cancer-related genes	Cancer-related genes, Predicted secreted proteins
399	CCL4	C-C motif chemokine 4	Chemokine axis	5	0	1	0	0	0	0	0	0	0	0	0	0	1	T-cell	1	1	Immune cell enhanced	Cancer-related genes	Cancer-related genes, Predicted secreted proteins
400	CCL5	C-C motif chemokine 5	Chemokine axis	5	0	1	0	0	0	0	0	0	0	0	0	0	1	T-cell	1	1	Immune cell enhanced	Cancer-related genes	Cancer-related genes, Human disease related genes, Plasma proteins, Predicted membrane proteins, Predicted secreted proteins
401	CCL7	C-C motif chemokine 7	Chemokine axis	3	0	1	0	0	0	0	0	0	0	0	0	0	0		1	1	Not detected in immune cells	Cancer-related genes	Cancer-related genes, Predicted membrane proteins, Predicted secreted proteins
402	CCL8	C-C motif chemokine 8	Chemokine axis	5	0	1	0	0	0	0	0	0	0	0	0	0	1	Myeloid/Monocyte	1	1	Immune cell enriched	Cancer-related genes	Cancer-related genes, Predicted secreted proteins
737	CX3CL1	Fractalkine	Chemokine axis	3	0	1	0	0	0	0	0	0	0	0	0	0	0		1	1	Not detected in immune cells		Plasma proteins, Predicted membrane proteins, Predicted secreted proteins
739	CXCL1	Growth-regulated alpha protein	Chemokine axis	5	0	1	0	0	0	0	0	0	0	0	0	0	1	Granulocyte	1	1	Immune cell enriched	Cancer-related genes	Cancer-related genes, Plasma proteins, Predicted secreted proteins
740	CXCL10	C-X-C motif chemokine 10	Chemokine axis	5	0	1	0	0	0	0	0	0	0	0	0	0	1	Myeloid/Monocyte	1	1	Group enriched	Cancer-related genes	Cancer-related genes, Human disease related genes, Plasma proteins, Predicted secreted proteins
741	CXCL11	C-X-C motif chemokine 11	Chemokine axis	3	0	1	0	0	0	0	0	0	0	0	0	0	0		1	1	Not detected in immune cells		Human disease related genes, Predicted secreted proteins
742	CXCL12	Stromal cell-derived factor 1	Chemokine axis	2	0	1	0	0	0	0	0	0	0	0	0	0	0		1	1	Not detected in immune cells		Predicted secreted proteins
743	CXCL13	C-X-C motif chemokine 13	Chemokine axis	3	0	1	0	0	0	0	0	0	0	0	0	0	0		1	1	Not detected in immune cells	Cancer-related genes	Cancer-related genes, Predicted secreted proteins
744	CXCL14	C-X-C motif chemokine 14	Chemokine axis	2	0	1	0	0	0	0	0	0	0	0	0	0	0		1	1	Not detected in immune cells		Predicted secreted proteins
745	CXCL16	C-X-C motif chemokine 16	Chemokine axis	4	0	1	0	0	0	0	0	0	0	0	0	0	1	Myeloid/Monocyte;Granulocyte;Dendritic	1	1	Group enriched		Predicted intracellular proteins, Predicted membrane proteins, Predicted secreted proteins, Transporters
746	CXCL17	C-X-C motif chemokine 17	Chemokine axis	2	0	1	0	0	0	0	0	0	0	0	0	0	0		1	1	Not detected in immune cells		Predicted secreted proteins
747	CXCL3	C-X-C motif chemokine 3	Chemokine axis	3	0	1	0	0	0	0	0	0	0	0	0	0	0		1	1	Not detected in immune cells		Plasma proteins, Predicted secreted proteins
748	CXCL5	C-X-C motif chemokine 5	Chemokine axis	2	0	1	0	0	0	0	0	0	0	0	0	0	0		1	1	Not detected in immune cells	Cancer-related genes	Cancer-related genes, Plasma proteins, Predicted secreted proteins
749	CXCL6	C-X-C motif chemokine 6	Chemokine axis	4	0	1	0	0	0	0	0	0	0	0	0	0	1	Granulocyte	1	1	Immune cell enriched		Predicted secreted proteins
750	CXCL8	Interleukin-8	Chemokine axis	5	0	1	0	0	0	0	0	0	0	0	0	0	1	Granulocyte	1	1	Immune cell enriched	Cancer-related genes	Cancer-related genes, Candidate cardiovascular disease genes, Plasma proteins, Predicted secreted proteins
751	CXCL9	C-X-C motif chemokine 9	Chemokine axis	3	0	1	0	0	0	0	0	0	0	0	0	0	0		1	1	Not detected in immune cells	Cancer-related genes	Cancer-related genes, Human disease related genes, Plasma proteins, Predicted secreted proteins
2027	PF4	Platelet factor 4	Chemokine axis	4	0	1	0	0	0	0	0	0	0	0	0	0	1	Granulocyte	1	1	Immune cell enriched	Cancer-related genes	Cancer-related genes, Candidate cardiovascular disease genes, Plasma proteins, Predicted secreted proteins
2105	PPBP	Platelet basic protein	Chemokine axis	4	0	1	0	0	0	0	0	0	0	0	0	0	1	Granulocyte	1	1	Group enriched		Plasma proteins, Predicted secreted proteins
2897	XCL1	Lymphotactin	Chemokine axis	4	0	1	0	0	0	0	0	0	0	0	0	0	1	NK-cell	1	1	Immune cell enriched		Predicted secreted proteins
300	C1GALT1C1	C1GALT1-specific chaperone 1	Complement/Coagulation	2	0	0	0	0	1	0	0	0	0	0	0	0	0		0	1	Low immune cell specificity	Disease variant, Hemolytic uremic syndrome	Disease related genes, Human disease related genes, Metabolic proteins, Predicted intracellular proteins
301	C1QA	Complement C1q subcomponent subunit A	Complement/Coagulation	5	0	0	0	0	1	0	0	0	0	0	0	0	1	Myeloid/Monocyte	1	1	Group enriched		Disease related genes, Human disease related genes, Plasma proteins, Predicted intracellular proteins, Predicted secreted proteins
302	C1QBP	Complement component 1 Q subcomponent-binding protein, mitochondrial	Complement/Coagulation	3	0	0	0	0	1	0	0	0	0	0	0	0	0		1	1	Low immune cell specificity	Cancer-related genes, Disease variant, Primary mitochondrial disease	Cancer-related genes, Disease related genes, Human disease related genes, Plasma proteins, Potential drug targets, Predicted intracellular proteins, Predicted secreted proteins, Transporters
303	C1QL2	Complement C1q-like protein 2	Complement/Coagulation	2	0	0	0	0	1	0	0	0	0	0	0	0	0		1	1	Not detected in immune cells		Predicted secreted proteins, Transporters
304	C1QTNF1	Complement C1q tumor necrosis factor-related protein 1	Complement/Coagulation	4	0	0	0	1	1	0	0	0	0	0	0	0	0		1	1	Not detected in immune cells		Predicted intracellular proteins, Predicted secreted proteins
305	C1QTNF5	Complement C1q tumor necrosis factor-related protein 5	Complement/Coagulation	4	0	0	0	1	1	0	0	0	0	0	0	0	0		1	0	Not detected in immune cells	Disease variant	Disease related genes, Human disease related genes, Predicted secreted proteins
306	C1QTNF6	Complement C1q tumor necrosis factor-related protein 6	Complement/Coagulation	4	0	0	0	1	1	0	0	0	0	0	0	0	0		1	1	Low immune cell specificity		Predicted intracellular proteins, Predicted secreted proteins
307	C1QTNF9	Complement C1q and tumor necrosis factor-related protein 9A	Complement/Coagulation	4	0	0	0	1	1	0	0	0	0	0	0	0	0		1	1	Not detected in immune cells		Predicted secreted proteins, Transporters
308	C1R	Complement C1r subcomponent	Complement/Coagulation	2	0	0	0	0	1	0	0	0	0	0	0	0	0		0	1	Not detected in immune cells		Human disease related genes, Predicted intracellular proteins
309	C1RL	Complement C1r subcomponent-like protein	Complement/Coagulation	5	0	0	0	0	1	0	0	0	0	0	0	0	1	Granulocyte	1	1	Immune cell enhanced		Enzymes, Plasma proteins, Predicted intracellular proteins, Predicted secreted proteins
310	C1S	Complement C1s subcomponent	Complement/Coagulation	3	0	0	0	0	1	0	0	0	0	0	0	0	0		1	1	Not detected in immune cells	Disease variant, Ehlers-Danlos syndrome, FDA approved drug targets	Disease related genes, Enzymes, FDA approved drug targets, Human disease related genes, Plasma proteins, Predicted intracellular proteins, Predicted secreted proteins
311	C2	Complement C2	Complement/Coagulation	5	0	0	0	0	1	0	0	0	0	0	0	0	1	Myeloid/Monocyte	1	1	Immune cell enhanced	Age-related macular degeneration, Disease variant	Disease related genes, Enzymes, Human disease related genes, Plasma proteins, Potential drug targets, Predicted intracellular proteins, Predicted secreted proteins
312	C2CD2L	Phospholipid transfer protein C2CD2L	Complement/Coagulation	2	0	0	0	0	1	0	0	0	0	0	0	0	0		0	1	Low immune cell specificity		Predicted intracellular proteins, Predicted membrane proteins, Transporters
313	C2orf69	UPF0565 protein C2orf69	Complement/Coagulation	2	0	0	0	0	1	0	0	0	0	0	0	0	0		0	1	Low immune cell specificity	Primary mitochondrial disease	Disease related genes, Human disease related genes, Predicted intracellular proteins
314	C3	Complement C3	Complement/Coagulation	5	0	0	0	0	1	0	0	0	0	0	0	0	1	Myeloid/Monocyte	1	1	Immune cell enriched	Age-related macular degeneration, Disease variant, FDA approved drug targets, Hemolytic uremic syndrome	Candidate cardiovascular disease genes, Disease related genes, FDA approved drug targets, Human disease related genes, Plasma proteins, Predicted intracellular proteins, Predicted secreted proteins
315	C4BPB	C4b-binding protein beta chain	Complement/Coagulation	5	0	0	0	0	1	0	0	0	0	0	0	0	1	Myeloid/Monocyte;Dendritic	1	1	Immune cell enhanced		Human disease related genes, Plasma proteins, Predicted secreted proteins
316	C5	Complement C5	Complement/Coagulation	3	0	0	0	0	1	0	0	0	0	0	0	0	0		1	1	Not detected in immune cells	Disease variant, FDA approved drug targets	Disease related genes, FDA approved drug targets, Human disease related genes, Plasma proteins, Predicted intracellular proteins, Predicted secreted proteins
317	C7	Complement component C7	Complement/Coagulation	3	0	0	0	0	1	0	0	0	0	0	0	0	0		1	1	Not detected in immune cells	Cancer-related genes, Disease variant	Cancer-related genes, Disease related genes, Human disease related genes, Plasma proteins, Predicted secreted proteins
318	C7orf50	Uncharacterized protein C7orf50	Complement/Coagulation	2	0	0	0	0	1	0	0	0	0	0	0	0	0		0	1	Low immune cell specificity		Predicted intracellular proteins
319	C8B	Complement component C8 beta chain	Complement/Coagulation	5	0	0	0	0	1	0	0	0	0	0	0	0	1	Granulocyte	1	1	Immune cell enriched		Disease related genes, Human disease related genes, Plasma proteins, Predicted secreted proteins
320	C9	Complement component C9	Complement/Coagulation	3	0	0	0	0	1	0	0	0	0	0	0	0	0		1	1	Not detected in immune cells	Age-related macular degeneration, Disease variant	Disease related genes, Human disease related genes, Plasma proteins, Predicted intracellular proteins, Predicted secreted proteins
321	C9orf40	Uncharacterized protein C9orf40	Complement/Coagulation	4	0	0	0	0	1	0	0	0	0	0	0	0	1	Granulocyte	0	1	Immune cell enhanced		Predicted intracellular proteins
451	CD46	Membrane cofactor protein	Complement/Coagulation	6	0	0	0	0	1	0	0	1	0	0	0	0	1	Granulocyte	0	1	Group enriched	Cancer-related genes, Disease variant, Hemolytic uremic syndrome	Cancer-related genes, CD markers, Disease related genes, Human disease related genes, Plasma proteins, Predicted intracellular proteins, Predicted membrane proteins
454	CD55	Complement decay-accelerating factor	Complement/Coagulation	6	0	0	0	0	1	0	0	1	0	0	0	0	1	Granulocyte	1	1	Immune cell enhanced	Disease variant	Blood group antigen proteins, CD markers, Disease related genes, Human disease related genes, Plasma proteins, Predicted intracellular proteins, Predicted membrane proteins, Predicted secreted proteins
456	CD59	CD59 glycoprotein	Complement/Coagulation	3	0	0	0	0	1	0	0	1	0	0	0	0	0		0	1	Low immune cell specificity	Cancer-related genes, Disease variant, Hereditary hemolytic anemia	Cancer-related genes, CD markers, Disease related genes, Human disease related genes, Plasma proteins, Predicted intracellular proteins, Predicted membrane proteins
539	CFB	Complement factor B	Complement/Coagulation	3	0	0	0	0	1	0	0	0	0	0	0	0	0		1	1	Not detected in immune cells	Age-related macular degeneration, Disease variant, Hemolytic uremic syndrome	Disease related genes, Enzymes, Human disease related genes, Plasma proteins, Potential drug targets, Predicted secreted proteins
541	CFD	Complement factor D	Complement/Coagulation	5	0	0	0	0	1	0	0	0	0	0	0	0	1	Granulocyte	1	1	Immune cell enhanced	Disease variant	Disease related genes, Enzymes, Human disease related genes, Plasma proteins, Potential drug targets, Predicted intracellular proteins, Predicted secreted proteins
542	CFH	Complement factor H	Complement/Coagulation	5	0	0	0	0	1	0	0	0	0	0	0	0	1	T-cell	1	1	Immune cell enhanced	Age-related macular degeneration, Cancer-related genes, Disease variant, Hemolytic uremic syndrome	Cancer-related genes, Disease related genes, Human disease related genes, Plasma proteins, Predicted intracellular proteins, Predicted secreted proteins
543	CFHR2	Complement factor H-related protein 2	Complement/Coagulation	2	0	0	0	0	1	0	0	0	0	0	0	0	0		1	1	Not detected in immune cells		Plasma proteins, Predicted intracellular proteins, Predicted secreted proteins
544	CFHR4	Complement factor H-related protein 4	Complement/Coagulation	2	0	0	0	0	1	0	0	0	0	0	0	0	0		1	1	Not detected in immune cells		Plasma proteins, Predicted secreted proteins
545	CFHR5	Complement factor H-related protein 5	Complement/Coagulation	2	0	0	0	0	1	0	0	0	0	0	0	0	0		1	1	Not detected in immune cells	Disease variant, Hemolytic uremic syndrome	Disease related genes, Human disease related genes, Plasma proteins, Predicted intracellular proteins, Predicted secreted proteins
546	CFI	Complement factor I	Complement/Coagulation	3	0	0	0	0	1	0	0	0	0	0	0	0	0		1	1	Not detected in immune cells	Age-related macular degeneration, Disease variant, Hemolytic uremic syndrome	Disease related genes, Enzymes, Human disease related genes, Plasma proteins, Potential drug targets, Predicted secreted proteins
547	CFP	Properdin	Complement/Coagulation	5	0	0	0	0	1	0	0	0	0	0	0	0	1	Myeloid/Monocyte;Granulocyte;Dendritic	1	1	Group enriched	Disease variant	Disease related genes, Human disease related genes, Plasma proteins, Predicted intracellular proteins, Predicted secreted proteins
667	CR1	Complement receptor type 1	Complement/Coagulation	5	0	0	0	0	1	0	0	0	0	0	0	1	1	Granulocyte	1	1	Group enriched		Blood group antigen proteins, CD markers, Plasma proteins, Predicted membrane proteins
668	CR2	Complement receptor type 2	Complement/Coagulation	5	0	0	0	0	1	0	0	0	0	0	0	1	1	B-cell	0	1	Group enriched	Systemic lupus erythematosus	CD markers, Disease related genes, Human disease related genes, Plasma proteins, Predicted intracellular proteins, Predicted membrane proteins
1679	MASP1	Mannan-binding lectin serine protease 1	Complement/Coagulation	3	0	0	0	0	1	0	0	0	0	0	0	0	0		1	1	Not detected in immune cells	Disease variant	Disease related genes, Enzymes, Human disease related genes, Plasma proteins, Potential drug targets, Predicted intracellular proteins, Predicted secreted proteins
1685	MBL2	Mannose-binding protein C	Complement/Coagulation	3	0	0	0	0	1	0	0	0	0	0	0	0	0		1	1	Not detected in immune cells		Human disease related genes, Plasma proteins, Predicted secreted proteins
2416	SERPING1	Plasma protease C1 inhibitor	Complement/Coagulation	4	0	0	0	0	1	0	0	0	0	0	0	0	1	Myeloid/Monocyte;Granulocyte;Dendritic	1	1	Immune cell enhanced	Disease variant	Candidate cardiovascular disease genes, Disease related genes, Human disease related genes, Plasma proteins, Predicted intracellular proteins, Predicted secreted proteins
696	CSF1	Macrophage colony-stimulating factor 1	Cytokine/Interleukin	5	1	0	0	0	0	0	0	0	0	0	0	0	1	Granulocyte	1	1	Group enriched	Cancer-related genes	Cancer-related genes, Candidate cardiovascular disease genes, Disease related genes, Plasma proteins, Predicted intracellular proteins, Predicted membrane proteins, Predicted secreted proteins, RAS pathway related proteins
697	CSF1R	Macrophage colony-stimulating factor 1 receptor	Cytokine/Interleukin	5	1	0	0	0	0	0	0	0	0	0	0	1	1	Myeloid/Monocyte	0	1	Immune cell enhanced	Cancer-related genes, Disease variant, FDA approved drug targets, Neurodegeneration, Proto-oncogene	Cancer-related genes, CD markers, Disease related genes, Enzymes, FDA approved drug targets, Human disease related genes, Plasma proteins, Predicted intracellular proteins, Predicted membrane proteins, RAS pathway related proteins, Transporters
698	CSF2	Granulocyte-macrophage colony-stimulating factor	Cytokine/Interleukin	4	1	0	0	0	0	0	0	0	0	0	0	0	1	NK-cell	1	1	Immune cell enriched	Cancer-related genes	Cancer-related genes, Predicted secreted proteins
699	CSF2RA	Granulocyte-macrophage colony-stimulating factor receptor subunit alpha	Cytokine/Interleukin	4	1	0	0	0	0	0	0	0	0	0	0	1	1	Granulocyte	1	1	Immune cell enhanced	Cancer-related genes, Disease variant, FDA approved drug targets	Cancer-related genes, CD markers, Disease related genes, FDA approved drug targets, Human disease related genes, Predicted membrane proteins, Predicted secreted proteins
700	CSF2RB	Cytokine receptor common subunit beta	Cytokine/Interleukin	4	1	0	0	0	0	0	0	0	0	0	0	1	1	Granulocyte	0	1	Group enriched	FDA approved drug targets	CD markers, Disease related genes, FDA approved drug targets, Human disease related genes, Plasma proteins, Predicted intracellular proteins, Predicted membrane proteins
701	CSF3	Granulocyte colony-stimulating factor	Cytokine/Interleukin	2	1	0	0	0	0	0	0	0	0	0	0	0	0		1	1	Not detected in immune cells	Cancer-related genes	Cancer-related genes, Plasma proteins, Predicted secreted proteins
702	CSF3R	Granulocyte colony-stimulating factor receptor	Cytokine/Interleukin	4	1	0	0	0	0	0	0	0	0	0	0	1	1	Granulocyte	0	1	Immune cell enriched	Cancer-related genes, Disease variant, FDA approved drug targets	Cancer-related genes, CD markers, Disease related genes, FDA approved drug targets, Human disease related genes, Predicted intracellular proteins, Predicted membrane proteins
876	EBI3_IL27	Interleukin-27	Cytokine/Interleukin	2	1	0	0	0	0	0	0	0	0	0	0	0	0		0	0			
1360	IL10	Interleukin-10	Cytokine/Interleukin	4	1	0	0	0	0	0	0	0	0	0	0	0	1	Myeloid/Monocyte	1	1	Immune cell enhanced	Cancer-related genes	Cancer-related genes, Candidate cardiovascular disease genes, Human disease related genes, Plasma proteins, Predicted intracellular proteins, Predicted secreted proteins
1361	IL10RA	Interleukin-10 receptor subunit alpha	Cytokine/Interleukin	2	1	0	0	0	0	0	0	0	0	0	0	1	0		0	1	Low immune cell specificity	Disease variant	CD markers, Disease related genes, Human disease related genes, Potential drug targets, Predicted membrane proteins, Transporters
1362	IL10RB	Interleukin-10 receptor subunit beta	Cytokine/Interleukin	2	1	0	0	0	0	0	0	0	0	0	0	1	0		0	1	Low immune cell specificity		CD markers, Disease related genes, Human disease related genes, Plasma proteins, Potential drug targets, Predicted membrane proteins, Transporters
1363	IL11	Interleukin-11	Cytokine/Interleukin	2	1	0	0	0	0	0	0	0	0	0	0	0	0		1	1	Not detected in immune cells	Cancer-related genes	Cancer-related genes, Predicted intracellular proteins, Predicted secreted proteins
1364	IL12A_IL12B	Interleukin-12	Cytokine/Interleukin	2	1	0	0	0	0	0	0	0	0	0	0	0	0		0	0			
1365	IL12B	Interleukin-12 subunit beta	Cytokine/Interleukin	2	1	0	0	0	0	0	0	0	0	0	0	0	0		1	1	Not detected in immune cells	FDA approved drug targets	Disease related genes, FDA approved drug targets, Human disease related genes, Plasma proteins, Predicted intracellular proteins, Predicted secreted proteins
1366	IL12RB1	Interleukin-12 receptor subunit beta-1	Cytokine/Interleukin	2	1	0	0	0	0	0	0	0	0	0	0	1	0		0	1	Low immune cell specificity	Disease variant	CD markers, Disease related genes, Human disease related genes, Predicted intracellular proteins, Predicted membrane proteins
1367	IL12RB2	Interleukin-12 receptor subunit beta-2	Cytokine/Interleukin	4	1	0	0	0	0	0	0	0	0	0	0	1	1	T-cell;NK-cell	0	1	Group enriched		Human disease related genes, Predicted intracellular proteins, Predicted membrane proteins
1368	IL13	Interleukin-13	Cytokine/Interleukin	2	1	0	0	0	0	0	0	0	0	0	0	0	0		1	1	Not detected in immune cells	Cancer-related genes, FDA approved drug targets	Cancer-related genes, Disease related genes, FDA approved drug targets, Human disease related genes, Plasma proteins, Predicted secreted proteins
1369	IL13RA1	Interleukin-13 receptor subunit alpha-1	Cytokine/Interleukin	4	1	0	0	0	0	0	0	0	0	0	0	1	1	Myeloid/Monocyte;Granulocyte;Dendritic	0	1	Group enriched		CD markers, Predicted intracellular proteins, Predicted membrane proteins, Transporters
1370	IL13RA2	Interleukin-13 receptor subunit alpha-2	Cytokine/Interleukin	2	1	0	0	0	0	0	0	0	0	0	0	1	0		0	1	Not detected in immune cells	Cancer-related genes	Cancer-related genes, CD markers, Predicted membrane proteins
1371	IL15	Interleukin-15	Cytokine/Interleukin	2	1	0	0	0	0	0	0	0	0	0	0	0	0		1	1	Low immune cell specificity	Cancer-related genes	Cancer-related genes, Predicted intracellular proteins, Predicted secreted proteins
1372	IL15RA	Interleukin-15 receptor subunit alpha	Cytokine/Interleukin	2	1	0	0	0	0	0	0	0	0	0	0	1	0		1	1	Low immune cell specificity		CD markers, Predicted intracellular proteins, Predicted membrane proteins, Predicted secreted proteins
1373	IL16	Pro-interleukin-16	Cytokine/Interleukin	2	1	0	0	0	0	0	0	0	0	0	0	0	0		1	1	Low immune cell specificity	Cancer-related genes	Cancer-related genes, Human disease related genes, Plasma proteins, Predicted intracellular proteins, Predicted secreted proteins
1374	IL17A	Interleukin-17A	Cytokine/Interleukin	3	1	0	0	0	0	0	0	0	0	0	0	0	0		1	1	Not detected in immune cells	Cancer-related genes, FDA approved drug targets	Cancer-related genes, FDA approved drug targets, Plasma proteins, Predicted secreted proteins
1375	IL17C	Interleukin-17C	Cytokine/Interleukin	3	1	0	0	0	0	0	0	0	0	0	0	0	0		1	1	Not detected in immune cells		Predicted secreted proteins
1376	IL17D	Interleukin-17D	Cytokine/Interleukin	2	1	0	0	0	0	0	0	0	0	0	0	0	0		1	1	Not detected in immune cells		Predicted secreted proteins
1377	IL17F	Interleukin-17F	Cytokine/Interleukin	3	1	0	0	0	0	0	0	0	0	0	0	0	0		1	1	Not detected in immune cells	Disease variant, FDA approved drug targets	Disease related genes, FDA approved drug targets, Human disease related genes, Predicted secreted proteins
1378	IL17RA	Interleukin-17 receptor A	Cytokine/Interleukin	5	1	0	0	0	0	0	0	0	0	0	0	1	1	Granulocyte	1	1	Immune cell enhanced		CD markers, Disease related genes, Human disease related genes, Predicted membrane proteins, Predicted secreted proteins
1379	IL17RB	Interleukin-17 receptor B	Cytokine/Interleukin	4	1	0	0	0	0	0	0	0	0	0	0	1	1	Granulocyte	0	1	Immune cell enhanced		Predicted membrane proteins
1380	IL18	Interleukin-18	Cytokine/Interleukin	5	1	0	0	0	0	0	0	0	0	0	0	0	1	Myeloid/Monocyte;Dendritic	1	1	Immune cell enhanced	Cancer-related genes	Cancer-related genes, Candidate cardiovascular disease genes, Human disease related genes, Plasma proteins, Predicted intracellular proteins, Predicted secreted proteins
1381	IL18BP	Interleukin-18-binding protein	Cytokine/Interleukin	2	1	0	0	0	0	0	0	0	0	0	0	0	0		1	1	Low immune cell specificity		Disease related genes, Human disease related genes, Predicted intracellular proteins, Predicted secreted proteins
1382	IL18R1	Interleukin-18 receptor 1	Cytokine/Interleukin	5	1	0	0	0	0	0	0	0	0	0	0	1	1	NK-cell	0	1	Immune cell enhanced		CD markers, Enzymes, Plasma proteins, Predicted membrane proteins
1383	IL18RAP	Interleukin-18 receptor accessory protein	Cytokine/Interleukin	5	1	0	0	0	0	0	0	0	0	0	0	1	1	NK-cell	0	1	Immune cell enhanced		CD markers, Enzymes, Predicted intracellular proteins, Predicted membrane proteins
1384	IL19	Interleukin-19	Cytokine/Interleukin	2	1	0	0	0	0	0	0	0	0	0	0	0	0		1	1	Not detected in immune cells		Predicted secreted proteins
1385	IL1A	Interleukin-1 alpha	Cytokine/Interleukin	3	1	0	0	0	0	0	0	0	0	0	0	0	0		1	1	Not detected in immune cells	Cancer-related genes	Cancer-related genes, Human disease related genes, Plasma proteins, Predicted intracellular proteins, Predicted secreted proteins, Transporters
1386	IL1B	Interleukin-1 beta	Cytokine/Interleukin	5	1	0	0	0	0	0	0	0	0	0	0	0	1	Granulocyte	1	1	Immune cell enriched	Cancer-related genes, FDA approved drug targets	Cancer-related genes, Candidate cardiovascular disease genes, FDA approved drug targets, Human disease related genes, Plasma proteins, Predicted intracellular proteins, Predicted secreted proteins, Transporters
1387	IL1R1	Interleukin-1 receptor type 1	Cytokine/Interleukin	5	1	0	0	0	0	0	0	0	0	0	0	1	1	Granulocyte	1	1	Immune cell enhanced	Cancer-related genes, Disease variant, FDA approved drug targets	Cancer-related genes, CD markers, Enzymes, FDA approved drug targets, Human disease related genes, Predicted membrane proteins, Predicted secreted proteins, Transporters
1388	IL1R2	Interleukin-1 receptor type 2	Cytokine/Interleukin	4	1	0	0	0	0	0	0	0	0	0	0	1	1	Granulocyte	1	1	Immune cell enriched	Cancer-related genes	Cancer-related genes, CD markers, Plasma proteins, Predicted membrane proteins, Predicted secreted proteins
1389	IL1RAP	Interleukin-1 receptor accessory protein	Cytokine/Interleukin	5	1	0	0	0	0	0	0	0	0	0	0	1	1	Granulocyte	1	1	Group enriched		Enzymes, Plasma proteins, Predicted intracellular proteins, Predicted membrane proteins, Predicted secreted proteins
1390	IL1RL1	Interleukin-1 receptor-like 1	Cytokine/Interleukin	4	1	0	0	0	0	0	0	0	0	0	0	1	1	Granulocyte	1	1	Group enriched		Candidate cardiovascular disease genes, Enzymes, Plasma proteins, Predicted intracellular proteins, Predicted membrane proteins, Predicted secreted proteins
1391	IL1RL2	Interleukin-1 receptor-like 2	Cytokine/Interleukin	3	1	0	0	0	0	0	0	0	0	0	0	1	0		0	1	Not detected in immune cells	FDA approved drug targets	Enzymes, FDA approved drug targets, Predicted intracellular proteins, Predicted membrane proteins
1392	IL1RN	Interleukin-1 receptor antagonist protein	Cytokine/Interleukin	4	1	0	0	0	0	0	0	0	0	0	0	1	1	Myeloid/Monocyte;Granulocyte;Dendritic	1	1	Group enriched	Cancer-related genes	Cancer-related genes, Candidate cardiovascular disease genes, Disease related genes, Human disease related genes, Plasma proteins, Predicted intracellular proteins, Predicted secreted proteins
1393	IL2	Interleukin-2	Cytokine/Interleukin	3	1	0	0	0	0	0	0	0	0	0	0	0	0		1	1	Not detected in immune cells	Cancer-related genes, Proto-oncogene	Cancer-related genes, Candidate cardiovascular disease genes, Disease related genes, Human disease related genes, Plasma proteins, Predicted secreted proteins
1394	IL20	Interleukin-20	Cytokine/Interleukin	2	1	0	0	0	0	0	0	0	0	0	0	0	0		1	1	Not detected in immune cells		Predicted secreted proteins
1395	IL20RA	Interleukin-20 receptor subunit alpha	Cytokine/Interleukin	2	1	0	0	0	0	0	0	0	0	0	0	1	0		0	1	Not detected in immune cells		Predicted intracellular proteins, Predicted membrane proteins
1396	IL20RB	Interleukin-20 receptor subunit beta	Cytokine/Interleukin	2	1	0	0	0	0	0	0	0	0	0	0	1	0		0	1	Not detected in immune cells		Predicted membrane proteins
1397	IL21R	Interleukin-21 receptor	Cytokine/Interleukin	2	1	0	0	0	0	0	0	0	0	0	0	1	0		0	1	Low immune cell specificity	Cancer-related genes, Disease variant	Cancer-related genes, CD markers, Disease related genes, Human disease related genes, Predicted membrane proteins
1398	IL22	Interleukin-22	Cytokine/Interleukin	2	1	0	0	0	0	0	0	0	0	0	0	0	0		1	1	Not detected in immune cells		Predicted secreted proteins
1399	IL22RA1	Interleukin-22 receptor subunit alpha-1	Cytokine/Interleukin	2	1	0	0	0	0	0	0	0	0	0	0	1	0		0	1	Not detected in immune cells		Predicted membrane proteins
1400	IL24	Interleukin-24	Cytokine/Interleukin	2	1	0	0	0	0	0	0	0	0	0	0	0	0		1	1	Low immune cell specificity	Cancer-related genes	Cancer-related genes, Predicted intracellular proteins, Predicted secreted proteins
1401	IL25	Interleukin-25	Cytokine/Interleukin	2	1	0	0	0	0	0	0	0	0	0	0	0	0		1	1	Not detected in immune cells		Predicted intracellular proteins, Predicted secreted proteins
1402	IL2RA	Interleukin-2 receptor subunit alpha	Cytokine/Interleukin	5	1	0	0	0	0	0	0	0	0	0	0	1	1	Granulocyte;T-cell	0	1	Group enriched	Cancer-related genes, Diabetes mellitus, Disease variant, FDA approved drug targets	Cancer-related genes, CD markers, Disease related genes, FDA approved drug targets, Human disease related genes, Plasma proteins, Predicted membrane proteins
1403	IL2RB	Interleukin-2 receptor subunit beta	Cytokine/Interleukin	4	1	0	0	0	0	0	0	0	0	0	0	1	1	T-cell;NK-cell	0	1	Group enriched	Cancer-related genes, Disease variant, FDA approved drug targets	Cancer-related genes, CD markers, Disease related genes, FDA approved drug targets, Human disease related genes, Predicted membrane proteins, Transporters
1404	IL2RG	Cytokine receptor common subunit gamma	Cytokine/Interleukin	2	1	0	0	0	0	0	0	0	0	0	0	1	0		0	1	Low immune cell specificity	Cancer-related genes, Disease variant, FDA approved drug targets, SCID	Cancer-related genes, CD markers, Disease related genes, FDA approved drug targets, Human disease related genes, Predicted intracellular proteins, Predicted membrane proteins
1405	IL3	Interleukin-3	Cytokine/Interleukin	2	1	0	0	0	0	0	0	0	0	0	0	0	0		1	1	Not detected in immune cells		Predicted secreted proteins
1406	IL31	Interleukin-31	Cytokine/Interleukin	3	1	0	0	0	0	0	0	0	0	0	0	0	0		1	1	Not detected in immune cells		Predicted secreted proteins
1407	IL31RA	Interleukin-31 receptor subunit alpha	Cytokine/Interleukin	3	1	0	0	0	0	0	0	0	0	0	0	1	0		0	1	Not detected in immune cells	Amyloidosis, Disease variant	Disease related genes, Human disease related genes, Predicted intracellular proteins, Predicted membrane proteins
1408	IL32	Interleukin-32	Cytokine/Interleukin	4	1	0	0	0	0	0	0	0	0	0	0	0	1	T-cell	1	1	Immune cell enhanced		Plasma proteins, Predicted intracellular proteins, Predicted secreted proteins
1409	IL33	Interleukin-33	Cytokine/Interleukin	2	1	0	0	0	0	0	0	0	0	0	0	0	0		1	1	Not detected in immune cells		Predicted intracellular proteins, Predicted secreted proteins
1410	IL34	Interleukin-34	Cytokine/Interleukin	5	1	0	0	0	0	0	0	0	0	0	0	0	1	Granulocyte	1	1	Immune cell enriched		Predicted intracellular proteins, Predicted secreted proteins
1411	IL36A	Interleukin-36 alpha	Cytokine/Interleukin	3	1	0	0	0	0	0	0	0	0	0	0	0	0		1	1	Not detected in immune cells		Predicted intracellular proteins, Predicted secreted proteins
1412	IL36G	Interleukin-36 gamma	Cytokine/Interleukin	3	1	0	0	0	0	0	0	0	0	0	0	0	0		1	1	Not detected in immune cells		Predicted intracellular proteins, Predicted secreted proteins
1413	IL3RA	Interleukin-3 receptor subunit alpha	Cytokine/Interleukin	4	1	0	0	0	0	0	0	0	0	0	0	1	1	Granulocyte	0	1	Immune cell enriched	FDA approved drug targets	CD markers, FDA approved drug targets, Predicted intracellular proteins, Predicted membrane proteins
1414	IL4	Interleukin-4	Cytokine/Interleukin	4	1	0	0	0	0	0	0	0	0	0	0	0	1	Granulocyte	1	1	Immune cell enriched	Cancer-related genes, FDA approved drug targets	Cancer-related genes, Disease related genes, FDA approved drug targets, Human disease related genes, Plasma proteins, Predicted secreted proteins
1415	IL4R	Interleukin-4 receptor subunit alpha	Cytokine/Interleukin	5	1	0	0	0	0	0	0	0	0	0	0	1	1	B-cell	1	1	Immune cell enhanced	Cancer-related genes, FDA approved drug targets	Cancer-related genes, CD markers, FDA approved drug targets, Human disease related genes, Plasma proteins, Predicted intracellular proteins, Predicted membrane proteins, Predicted secreted proteins, Transporters
1416	IL5	Interleukin-5	Cytokine/Interleukin	4	1	0	0	0	0	0	0	0	0	0	0	0	1	B-cell	1	1	Immune cell enriched	Cancer-related genes, FDA approved drug targets	Cancer-related genes, FDA approved drug targets, Predicted intracellular proteins, Predicted secreted proteins
1417	IL5RA	Interleukin-5 receptor subunit alpha	Cytokine/Interleukin	4	1	0	0	0	0	0	0	0	0	0	0	1	1	Granulocyte	0	1	Group enriched	FDA approved drug targets	CD markers, FDA approved drug targets, Plasma proteins, Predicted intracellular proteins, Predicted membrane proteins
1418	IL6	Interleukin-6	Cytokine/Interleukin	4	1	0	0	0	0	0	0	0	0	0	0	0	1	B-cell	1	1	Group enriched	Cancer-related genes, FDA approved drug targets	Cancer-related genes, Candidate cardiovascular disease genes, Disease related genes, FDA approved drug targets, Human disease related genes, Plasma proteins, Predicted intracellular proteins, Predicted membrane proteins, Predicted secreted proteins
1419	IL6R	Interleukin-6 receptor subunit alpha	Cytokine/Interleukin	4	1	0	0	0	0	0	0	0	0	0	0	1	1	Granulocyte	1	1	Immune cell enhanced	Cancer-related genes, FDA approved drug targets	Cancer-related genes, Candidate cardiovascular disease genes, CD markers, Disease related genes, FDA approved drug targets, Human disease related genes, Plasma proteins, Predicted intracellular proteins, Predicted membrane proteins, Predicted secreted proteins
1420	IL6ST	Interleukin-6 receptor subunit beta	Cytokine/Interleukin	4	1	0	0	0	0	0	0	0	0	0	0	1	1	T-cell	1	1	Immune cell enhanced	Cancer-related genes, Disease variant	Cancer-related genes, Candidate cardiovascular disease genes, CD markers, Disease related genes, Human disease related genes, Plasma proteins, Predicted membrane proteins, Predicted secreted proteins
1421	IL7	Interleukin-7	Cytokine/Interleukin	4	1	0	0	0	0	0	0	0	0	0	0	0	1	B-cell	1	1	Immune cell enhanced	Cancer-related genes, Disease variant	Cancer-related genes, Disease related genes, Human disease related genes, Plasma proteins, Predicted secreted proteins
1422	IL7R	Interleukin-7 receptor subunit alpha	Cytokine/Interleukin	4	1	0	0	0	0	0	0	0	0	0	0	1	1	T-cell;NK-cell	0	1	Group enriched	Cancer-related genes, Disease variant, SCID	Cancer-related genes, CD markers, Disease related genes, Human disease related genes, Predicted intracellular proteins, Predicted membrane proteins
1423	IL9	Interleukin-9	Cytokine/Interleukin	2	1	0	0	0	0	0	0	0	0	0	0	0	0		1	1	Not detected in immune cells	Cancer-related genes	Cancer-related genes, Predicted secreted proteins
1585	LIF	Leukemia inhibitory factor	Cytokine/Interleukin	2	1	0	0	0	0	0	0	0	0	0	0	0	0		1	1	Not detected in immune cells	Cancer-related genes	Cancer-related genes, Plasma proteins, Predicted intracellular proteins, Predicted secreted proteins
1586	LIFR	Leukemia inhibitory factor receptor	Cytokine/Interleukin	2	1	0	0	0	0	0	0	0	0	0	0	1	0		0	1	Not detected in immune cells	Cancer-related genes, Disease variant	Cancer-related genes, CD markers, Disease related genes, Human disease related genes, Plasma proteins, Predicted intracellular proteins, Predicted membrane proteins
1628	LTA	Lymphotoxin-alpha	Cytokine/Interleukin	2	1	0	0	0	0	0	0	0	0	0	0	0	0		1	1	Not detected in immune cells	Cancer-related genes, FDA approved drug targets	Cancer-related genes, Disease related genes, FDA approved drug targets, Human disease related genes, Predicted secreted proteins
1629	LTA4H	Leukotriene A-4 hydrolase	Cytokine/Interleukin	2	1	0	0	0	0	0	0	0	0	0	0	0	0		0	1	Low immune cell specificity	Cancer-related genes	Cancer-related genes, Enzymes, Metabolic proteins, Plasma proteins, Predicted intracellular proteins
1630	LTB	Lymphotoxin-beta	Cytokine/Interleukin	2	1	0	0	0	0	0	0	0	0	0	0	0	0		0	1	Low immune cell specificity	Cancer-related genes	Cancer-related genes, Plasma proteins, Predicted intracellular proteins
1631	LTBP2	Latent-transforming growth factor beta-binding protein 2	Cytokine/Interleukin	2	1	0	0	0	0	0	0	0	0	0	0	0	0		1	1	Not detected in immune cells	Disease variant, Dwarfism, Glaucoma	Disease related genes, Human disease related genes, Plasma proteins, Predicted intracellular proteins, Predicted secreted proteins
1632	LTBP3	Latent-transforming growth factor beta-binding protein 3	Cytokine/Interleukin	4	1	0	0	0	0	0	0	0	0	0	0	0	1	B-cell	1	1	Group enriched	Amelogenesis imperfecta, Disease variant, Dwarfism	Disease related genes, Human disease related genes, Predicted intracellular proteins, Predicted secreted proteins
1633	LTBR	Tumor necrosis factor receptor superfamily member 3	Cytokine/Interleukin	4	1	0	0	0	0	0	0	0	0	0	0	1	1	Myeloid/Monocyte;Granulocyte;Dendritic	0	1	Group enriched	Cancer-related genes	Cancer-related genes, Plasma proteins, Predicted intracellular proteins, Predicted membrane proteins
1948	OSM	Oncostatin-M	Cytokine/Interleukin	4	1	0	0	0	0	0	0	0	0	0	0	0	1	Granulocyte	1	1	Group enriched	Cancer-related genes	Cancer-related genes, Plasma proteins, Predicted intracellular proteins, Predicted secreted proteins
1949	OSMR	Oncostatin-M-specific receptor subunit beta	Cytokine/Interleukin	2	1	0	0	0	0	0	0	0	0	0	0	1	0		0	1	Not detected in immune cells	Amyloidosis, Disease variant	Disease related genes, Human disease related genes, Plasma proteins, Predicted intracellular proteins, Predicted membrane proteins
2660	TGFB1	Transforming growth factor beta-1 proprotein	Cytokine/Interleukin	4	1	0	0	0	0	0	0	0	0	0	0	0	1	Granulocyte	1	1	Immune cell enhanced		Human disease related genes, Predicted secreted proteins
2661	TGFB2	Transforming growth factor beta-2 proprotein	Cytokine/Interleukin	2	1	0	0	0	0	0	0	0	0	0	0	0	0		1	1	Not detected in immune cells	Aortic aneurysm, Cancer-related genes, Disease variant	Cancer-related genes, Disease related genes, Human disease related genes, Predicted secreted proteins
2662	TGFBI	Transforming growth factor-beta-induced protein ig-h3	Cytokine/Interleukin	4	1	0	0	0	0	0	0	0	0	0	0	0	1	Myeloid/Monocyte;Dendritic	1	1	Group enriched	Amyloidosis, Corneal dystrophy, Disease variant	Disease related genes, Human disease related genes, Plasma proteins, Predicted intracellular proteins, Predicted secreted proteins
2663	TGFBR1	TGF-beta receptor type-1	Cytokine/Interleukin	2	1	0	0	0	0	0	0	0	0	0	0	1	0		0	1	Low immune cell specificity	Aortic aneurysm, Craniosynostosis, Disease variant	Disease related genes, Enzymes, Human disease related genes, Potential drug targets, Predicted intracellular proteins, Predicted membrane proteins
2664	TGFBR2	TGF-beta receptor type-2	Cytokine/Interleukin	2	1	0	0	0	0	0	0	0	0	0	0	1	0		1	1	Low immune cell specificity	Aortic aneurysm, Cancer-related genes, Craniosynostosis, Disease variant, FDA approved drug targets, Hereditary nonpolyposis colorectal cancer	Cancer-related genes, Disease related genes, Enzymes, FDA approved drug targets, Human disease related genes, Plasma proteins, Predicted membrane proteins, Predicted secreted proteins
2665	TGFBR3	Transforming growth factor beta receptor type 3	Cytokine/Interleukin	4	1	0	0	0	0	0	0	0	0	0	0	1	1	T-cell;NK-cell	1	1	Group enriched	Cancer-related genes	Cancer-related genes, Plasma proteins, Predicted membrane proteins, Predicted secreted proteins
2791	TSLP	Thymic stromal lymphopoietin	Cytokine/Interleukin	2	1	0	0	0	0	0	0	0	0	0	0	0	0		1	1	Not detected in immune cells	FDA approved drug targets	FDA approved drug targets, Human disease related genes, Predicted intracellular proteins, Predicted secreted proteins
225	B2M	Beta-2-microglobulin	HLA/Antigen presentation	2	0	0	0	0	0	0	0	0	0	1	0	0	0		1	1	Low immune cell specificity	Amyloidosis, Cancer-related genes, Disease variant	Cancer-related genes, Disease related genes, Human disease related genes, Plasma proteins, Potential drug targets, Predicted secreted proteins, Transporters
412	CD101	Immunoglobulin superfamily member 2	HLA/Antigen presentation	3	0	0	0	0	0	0	0	1	0	1	0	0	1	Granulocyte	0	1	Immune cell enhanced		CD markers, Predicted membrane proteins
414	CD14	Monocyte differentiation antigen CD14	HLA/Antigen presentation	4	0	0	0	0	0	0	0	1	0	1	0	0	1	Myeloid/Monocyte	1	1	Immune cell enhanced	Cancer-related genes	Cancer-related genes, CD markers, Human disease related genes, Plasma proteins, Predicted secreted proteins, Transporters
415	CD160	CD160 antigen	HLA/Antigen presentation	4	0	0	0	0	0	0	0	1	0	1	0	0	1	T-cell;NK-cell	1	1	Group enriched		CD markers, Predicted secreted proteins
416	CD163	Scavenger receptor cysteine-rich type 1 protein M130	HLA/Antigen presentation	4	0	0	0	0	0	0	0	1	0	1	0	1	1	Myeloid/Monocyte;Dendritic	1	1	Group enriched		CD markers, Plasma proteins, Predicted intracellular proteins, Predicted membrane proteins, Predicted secreted proteins
419	CD177	CD177 antigen	HLA/Antigen presentation	3	0	0	0	0	0	0	0	1	0	1	0	0	1	Granulocyte	0	1	Immune cell enriched		Predicted intracellular proteins
420	CD1C	T-cell surface glycoprotein CD1c	HLA/Antigen presentation	4	0	0	0	0	0	0	0	1	0	1	0	0	1	Myeloid/Monocyte;B-cell;Dendritic	0	1	Group enriched		CD markers, Predicted intracellular proteins, Predicted membrane proteins
1273	HLA-A	HLA class I histocompatibility antigen, A alpha chain	HLA/Antigen presentation	2	0	0	0	0	0	0	0	0	0	1	0	0	0		0	1	Low immune cell specificity	Cancer-related genes	Cancer-related genes, Disease related genes, Human disease related genes, Plasma proteins, Potential drug targets, Predicted intracellular proteins, Predicted membrane proteins, Transporters
1274	HLA-DRA	HLA class II histocompatibility antigen, DR alpha chain	HLA/Antigen presentation	4	0	0	0	0	0	0	0	0	0	1	0	0	1	Myeloid/Monocyte;B-cell;Dendritic	0	1	Group enriched		Plasma proteins, Predicted membrane proteins
1275	HLA-E	HLA class I histocompatibility antigen, alpha chain E	HLA/Antigen presentation	2	0	0	0	0	0	0	0	0	0	1	0	0	0		1	1	Low immune cell specificity		Plasma proteins, Predicted membrane proteins, Predicted secreted proteins
2620	TAP1	Antigen peptide transporter 1	HLA/Antigen presentation	2	0	0	0	0	0	0	0	0	0	1	0	0	0		0	1	Low immune cell specificity	Cancer-related genes	Cancer-related genes, Disease related genes, Enzymes, Human disease related genes, Plasma proteins, Potential drug targets, Predicted intracellular proteins, Predicted membrane proteins, Transporters
465	CD79B	B-cell antigen receptor complex-associated protein beta chain	Ig/B-cell/Fc	4	0	0	0	0	0	0	0	1	0	0	1	1	1	B-cell	0	1	Group enriched	Cancer-related genes, Disease variant, FDA approved drug targets	Cancer-related genes, CD markers, Disease related genes, FDA approved drug targets, Human disease related genes, Predicted membrane proteins
1014	FCER1A	High affinity immunoglobulin epsilon receptor subunit alpha	Ig/B-cell/Fc	3	0	0	0	0	0	0	0	0	0	0	1	1	1	Granulocyte	0	1	Immune cell enriched	FDA approved drug targets	FDA approved drug targets, Predicted membrane proteins
1015	FCER2	Low affinity immunoglobulin epsilon Fc receptor	Ig/B-cell/Fc	3	0	0	0	0	0	0	0	0	0	0	1	1	1	B-cell	1	1	Group enriched	Cancer-related genes	Cancer-related genes, CD markers, Predicted intracellular proteins, Predicted membrane proteins, Predicted secreted proteins
1016	FCGR2A	Low affinity immunoglobulin gamma Fc region receptor II-a	Ig/B-cell/Fc	4	0	0	0	0	0	0	0	0	0	0	1	1	1	Granulocyte	0	1	Immune cell enriched	FDA approved drug targets	CD markers, FDA approved drug targets, Human disease related genes, Plasma proteins, Predicted intracellular proteins, Predicted membrane proteins
1017	FCGR2B	Low affinity immunoglobulin gamma Fc region receptor II-b	Ig/B-cell/Fc	3	0	0	0	0	0	0	0	0	0	0	1	1	1	Granulocyte;B-cell	0	1	Immune cell enhanced	Cancer-related genes, FDA approved drug targets, Proto-oncogene, Systemic lupus erythematosus	Cancer-related genes, CD markers, Disease related genes, FDA approved drug targets, Human disease related genes, Predicted membrane proteins
1018	FCGR3B	Low affinity immunoglobulin gamma Fc region receptor III-B	Ig/B-cell/Fc	3	0	0	0	0	0	0	0	0	0	0	1	1	1	Granulocyte	1	1	Immune cell enriched	FDA approved drug targets	CD markers, FDA approved drug targets, Human disease related genes, Plasma proteins, Predicted intracellular proteins, Predicted membrane proteins, Predicted secreted proteins, Transporters
1021	FCRL1	Fc receptor-like protein 1	Ig/B-cell/Fc	3	0	0	0	0	0	0	0	0	0	0	1	1	1	B-cell	0	1	Group enriched		CD markers, Predicted intracellular proteins, Predicted membrane proteins
1022	FCRL2	Fc receptor-like protein 2	Ig/B-cell/Fc	3	0	0	0	0	0	0	0	0	0	0	1	1	1	B-cell	0	1	Group enriched		CD markers, Predicted membrane proteins
1023	FCRL3	Fc receptor-like protein 3	Ig/B-cell/Fc	3	0	0	0	0	0	0	0	0	0	0	1	1	1	B-cell	0	1	Immune cell enhanced		CD markers, Disease related genes, Predicted intracellular proteins, Predicted membrane proteins
1024	FCRL5	Fc receptor-like protein 5	Ig/B-cell/Fc	3	0	0	0	0	0	0	0	0	0	0	1	1	1	B-cell	1	1	Group enriched		CD markers, Disease related genes, Predicted membrane proteins, Predicted secreted proteins
1025	FCRL6	Fc receptor-like protein 6	Ig/B-cell/Fc	3	0	0	0	0	0	0	0	0	0	0	1	1	1	T-cell;NK-cell	0	1	Group enriched		Predicted intracellular proteins, Predicted membrane proteins
1352	IGLC2	Immunoglobulin lambda constant 2	Ig/B-cell/Fc	4	0	0	0	0	0	0	0	0	0	0	1	0	1	B-cell	1	1	Group enriched		Immunoglobulin genes, Predicted intracellular proteins, Predicted secreted proteins
1477	JCHAIN	Immunoglobulin J chain	Ig/B-cell/Fc	3	0	0	0	0	0	0	0	0	0	0	1	0	1	Myeloid/Monocyte;B-cell;Dendritic	1	1	Group enriched		Plasma proteins, Predicted secreted proteins
294	BTLA	B- and T-lymphocyte attenuator	Immune checkpoint	5	0	0	0	0	0	0	1	0	0	0	0	0	1	Myeloid/Monocyte;B-cell;Dendritic	1	1	Group enriched		CD markers, Predicted membrane proteins, Predicted secreted proteins
431	CD274	Programmed cell death 1 ligand 1	Immune checkpoint	6	0	0	0	0	0	0	1	1	0	0	0	0	1	Granulocyte	1	1	Immune cell enhanced	Cancer-related genes, FDA approved drug targets	Cancer-related genes, CD markers, Disease related genes, FDA approved drug targets, Predicted membrane proteins, Predicted secreted proteins, Transporters
432	CD276	CD276 antigen	Immune checkpoint	3	0	0	0	0	0	0	1	1	0	0	0	0	0		0	1	Not detected in immune cells		CD markers, Predicted intracellular proteins, Predicted membrane proteins
433	CD28	T-cell-specific surface glycoprotein CD28	Immune checkpoint	5	0	0	0	0	0	0	1	1	0	0	0	0	1	T-cell	0	1	Immune cell enhanced	Disease variant	CD markers, Predicted membrane proteins
449	CD40	Tumor necrosis factor receptor superfamily member 5	Immune checkpoint	6	0	0	0	0	0	0	1	1	0	0	0	1	1	B-cell	1	1	Immune cell enhanced	Cancer-related genes, Disease variant	Cancer-related genes, CD markers, Disease related genes, Human disease related genes, Predicted membrane proteins, Predicted secreted proteins
450	CD40LG	CD40 ligand	Immune checkpoint	5	0	0	0	0	0	0	1	1	0	0	0	0	1	T-cell	1	1	Group enriched	Cancer-related genes, Disease variant	Cancer-related genes, Candidate cardiovascular disease genes, CD markers, Disease related genes, Human disease related genes, Predicted intracellular proteins, Predicted membrane proteins, Predicted secreted proteins
466	CD80	T-lymphocyte activation antigen CD80	Immune checkpoint	5	0	0	0	0	0	0	1	1	0	0	0	0	1	T-cell;B-cell	0	1	Immune cell enhanced	FDA approved drug targets	CD markers, FDA approved drug targets, Predicted intracellular proteins, Predicted membrane proteins
470	CD86	T-lymphocyte activation antigen CD86	Immune checkpoint	6	0	0	0	0	0	0	1	1	0	0	0	0	1	Myeloid/Monocyte;B-cell;Dendritic	0	1	Group enriched	FDA approved drug targets	CD markers, FDA approved drug targets, Predicted intracellular proteins, Predicted membrane proteins
719	CTLA4	Cytotoxic T-lymphocyte protein 4	Immune checkpoint	5	0	0	0	0	0	0	1	0	0	0	0	0	1	T-cell	0	1	Immune cell enriched	Diabetes mellitus, Disease variant, FDA approved drug targets, Systemic lupus erythematosus	CD markers, Disease related genes, FDA approved drug targets, Human disease related genes, Predicted intracellular proteins, Predicted membrane proteins
1248	HAVCR2	Hepatitis A virus cellular receptor 2	Immune checkpoint	5	0	0	0	0	0	0	1	0	0	0	0	1	1	Myeloid/Monocyte;NK-cell;Dendritic	0	1	Group enriched	Disease variant	CD markers, Disease related genes, Predicted intracellular proteins, Predicted membrane proteins
1319	ICOSLG	ICOS ligand	Immune checkpoint	3	0	0	0	0	0	0	1	0	0	0	0	0	0		0	1	Low immune cell specificity		CD markers, Plasma proteins, Predicted intracellular proteins, Predicted membrane proteins
1543	LAG3	Lymphocyte activation gene 3 protein	Immune checkpoint	5	0	0	0	0	0	0	1	0	0	0	0	0	1	T-cell	0	1	Immune cell enhanced	FDA approved drug targets	CD markers, FDA approved drug targets, Predicted intracellular proteins, Predicted membrane proteins
1996	PDCD1	Programmed cell death protein 1	Immune checkpoint	5	0	0	0	0	0	0	1	0	0	0	0	0	1	T-cell	0	1	Group enriched	FDA approved drug targets	CD markers, Disease related genes, FDA approved drug targets, Human disease related genes, Predicted intracellular proteins, Predicted membrane proteins, Transporters
1997	PDCD1LG2	Programmed cell death 1 ligand 2	Immune checkpoint	3	0	0	0	0	0	0	1	0	0	0	0	0	0		1	1	Low immune cell specificity	Cancer-related genes	Cancer-related genes, CD markers, Predicted membrane proteins, Predicted secreted proteins
2681	TIGIT	T-cell immunoreceptor with Ig and ITIM domains	Immune checkpoint	4	0	0	0	0	0	0	1	0	0	0	0	1	1	T-cell	0	1	Immune cell enhanced		Predicted membrane proteins
2730	TNFRSF4	Tumor necrosis factor receptor superfamily member 4	Immune checkpoint	6	1	0	0	1	0	0	1	0	0	0	0	1	1	T-cell	0	1	Group enriched	Cancer-related genes, Disease variant	Cancer-related genes, CD markers, Disease related genes, Human disease related genes, Predicted intracellular proteins, Predicted membrane proteins
2733	TNFRSF9	Tumor necrosis factor receptor superfamily member 9	Immune checkpoint	6	1	0	0	1	0	0	1	0	0	0	0	1	1	Granulocyte;T-cell;NK-cell	0	1	Group enriched	Cancer-related genes	Cancer-related genes, CD markers, Predicted intracellular proteins, Predicted membrane proteins, Transporters
2869	VSIR	V-type immunoglobulin domain-containing suppressor of T-cell activation	Immune checkpoint	4	0	0	0	0	0	0	1	0	0	0	0	0	1	Granulocyte	0	1	Immune cell enhanced		Predicted membrane proteins
2	AAMDC	Mth938 domain-containing protein	Immune-cell-enriched	2	0	0	0	0	0	0	0	0	0	0	0	0	1	Granulocyte	0	1	Immune cell enhanced		Predicted intracellular proteins
7	ABO	Histo-blood group ABO system transferase	Immune-cell-enriched	2	0	0	0	0	0	0	0	0	0	0	0	0	1	Granulocyte;B-cell	1	1	Immune cell enhanced		Metabolic proteins, Predicted intracellular proteins, Predicted membrane proteins, Predicted secreted proteins
13	ACE	Angiotensin-converting enzyme	Immune-cell-enriched	2	0	0	0	0	0	0	0	0	0	0	0	0	1	B-cell	1	1	Immune cell enhanced	FDA approved drug targets	Candidate cardiovascular disease genes, CD markers, Disease related genes, Enzymes, FDA approved drug targets, Human disease related genes, Metabolic proteins, Plasma proteins, Predicted intracellular proteins, Predicted membrane proteins, Predicted secreted proteins
17	ACOX1	Peroxisomal acyl-coenzyme A oxidase 1	Immune-cell-enriched	2	0	0	0	0	0	0	0	0	0	0	0	0	1	Granulocyte	0	1	Group enriched	Deafness, Disease variant, Neuropathy	Disease related genes, Enzymes, Human disease related genes, Metabolic proteins, Potential drug targets, Predicted intracellular proteins
19	ACP5	Tartrate-resistant acid phosphatase type 5	Immune-cell-enriched	2	0	0	0	0	0	0	0	0	0	0	0	0	1	B-cell	0	1	Immune cell enhanced	Disease variant	Disease related genes, Enzymes, Human disease related genes, Metabolic proteins, Plasma proteins, Potential drug targets, Predicted intracellular proteins
21	ACRBP	Acrosin-binding protein	Immune-cell-enriched	2	0	0	0	0	0	0	0	0	0	0	0	0	1	Myeloid/Monocyte;Dendritic	1	1	Group enriched		Predicted secreted proteins
23	ACSL1	Long-chain-fatty-acid--CoA ligase 1	Immune-cell-enriched	2	0	0	0	0	0	0	0	0	0	0	0	0	1	Granulocyte	0	1	Immune cell enriched		Enzymes, Metabolic proteins, Plasma proteins, Predicted intracellular proteins, Predicted membrane proteins
24	ACTA2	Actin, aortic smooth muscle	Immune-cell-enriched	2	0	0	0	0	0	0	0	0	0	0	0	0	1	T-cell	0	1	Immune cell enhanced	Aortic aneurysm, Disease variant	Disease related genes, Human disease related genes, Plasma proteins, Predicted intracellular proteins
27	ACVRL1	Serine/threonine-protein kinase receptor R3	Immune-cell-enriched	2	0	0	0	0	0	0	0	0	0	0	0	1	1	Myeloid/Monocyte;Dendritic	0	1	Group enriched	Disease variant	Disease related genes, Enzymes, Human disease related genes, Potential drug targets, Predicted intracellular proteins, Predicted membrane proteins
29	ACY3	N-acyl-aromatic-L-amino acid amidohydrolase	Immune-cell-enriched	2	0	0	0	0	0	0	0	0	0	0	0	0	1	Myeloid/Monocyte	0	1	Immune cell enhanced		Enzymes, Metabolic proteins, Predicted intracellular proteins
31	ADA	Adenosine deaminase	Immune-cell-enriched	2	0	0	0	0	0	0	0	0	0	0	0	0	1	Myeloid/Monocyte;NK-cell;Dendritic	0	1	Group enriched	Disease variant, FDA approved drug targets, Hereditary hemolytic anemia, SCID	Disease related genes, Enzymes, FDA approved drug targets, Human disease related genes, Metabolic proteins, Plasma proteins, Predicted intracellular proteins, Predicted membrane proteins
33	ADAM12	Disintegrin and metalloproteinase domain-containing protein 12	Immune-cell-enriched	2	0	0	0	0	0	0	0	0	0	0	0	0	1	T-cell	1	1	Immune cell enriched		Predicted membrane proteins, Predicted secreted proteins, Transporters
34	ADAM15	Disintegrin and metalloproteinase domain-containing protein 15	Immune-cell-enriched	2	0	0	0	0	0	0	0	0	0	0	0	0	1	Myeloid/Monocyte;Dendritic	0	1	Group enriched		Predicted intracellular proteins, Predicted membrane proteins
36	ADAM23	Disintegrin and metalloproteinase domain-containing protein 23	Immune-cell-enriched	2	0	0	0	0	0	0	0	0	0	0	0	0	1	T-cell	1	1	Immune cell enriched		Predicted intracellular proteins, Predicted membrane proteins, Predicted secreted proteins
37	ADAM8	Disintegrin and metalloproteinase domain-containing protein 8	Immune-cell-enriched	2	0	0	0	0	0	0	0	0	0	0	0	0	1	Granulocyte	0	1	Group enriched		CD markers, Plasma proteins, Predicted intracellular proteins, Predicted membrane proteins
38	ADAM9	Disintegrin and metalloproteinase domain-containing protein 9	Immune-cell-enriched	2	0	0	0	0	0	0	0	0	0	0	0	0	1	Myeloid/Monocyte	1	1	Immune cell enhanced	Cancer-related genes, Cone-rod dystrophy	Cancer-related genes, Disease related genes, Human disease related genes, Plasma proteins, Predicted membrane proteins, Predicted secreted proteins
39	ADAMTS1	A disintegrin and metalloproteinase with thrombospondin motifs 1	Immune-cell-enriched	2	0	0	0	0	0	0	0	0	0	0	0	0	1	T-cell;NK-cell	1	1	Group enriched	Cancer-related genes	Cancer-related genes, Plasma proteins, Predicted intracellular proteins, Predicted secreted proteins, Transporters
43	ADAMTS4	A disintegrin and metalloproteinase with thrombospondin motifs 4	Immune-cell-enriched	2	0	0	0	0	0	0	0	0	0	0	0	0	1	Myeloid/Monocyte;Dendritic	1	1	Immune cell enriched	Cancer-related genes	Cancer-related genes, Enzymes, Predicted intracellular proteins, Predicted secreted proteins, Transporters
46	ADAMTSL4	ADAMTS-like protein 4	Immune-cell-enriched	2	0	0	0	0	0	0	0	0	0	0	0	0	1	Myeloid/Monocyte	1	1	Immune cell enhanced		Disease related genes, Human disease related genes, Predicted secreted proteins
51	ADGRD1	Adhesion G-protein coupled receptor D1	Immune-cell-enriched	2	0	0	0	0	0	0	0	0	0	0	0	1	1	Myeloid/Monocyte;Dendritic	0	1	Group enriched		G-protein coupled receptors, Predicted intracellular proteins, Predicted membrane proteins
52	ADGRE1	Adhesion G protein-coupled receptor E1	Immune-cell-enriched	3	0	0	0	0	0	0	0	0	0	0	0	1	1	Granulocyte	0	1	Immune cell enhanced		G-protein coupled receptors, Predicted intracellular proteins, Predicted membrane proteins, Transporters
53	ADGRE2	Adhesion G protein-coupled receptor E2	Immune-cell-enriched	3	0	0	0	0	0	0	0	0	0	0	0	1	1	Myeloid/Monocyte;Granulocyte	0	1	Group enriched	Disease variant	CD markers, Disease related genes, G-protein coupled receptors, Human disease related genes, Potential drug targets, Predicted membrane proteins
56	ADGRG1	Adhesion G-protein coupled receptor G1	Immune-cell-enriched	2	0	0	0	0	0	0	0	0	0	0	0	1	1	T-cell	1	1	Immune cell enhanced	Disease variant	Disease related genes, G-protein coupled receptors, Human disease related genes, Potential drug targets, Predicted intracellular proteins, Predicted membrane proteins, Predicted secreted proteins
62	ADM	Pro-adrenomedullin	Immune-cell-enriched	2	0	0	0	0	0	0	0	0	0	0	0	0	1	Granulocyte	1	1	Immune cell enriched	Cancer-related genes	Cancer-related genes, Plasma proteins, Predicted intracellular proteins, Predicted secreted proteins
64	AFAP1	Actin filament-associated protein 1	Immune-cell-enriched	2	0	0	0	0	0	0	0	0	0	0	0	0	1	Granulocyte	0	1	Immune cell enhanced		Predicted intracellular proteins
82	AIF1	Allograft inflammatory factor 1	Immune-cell-enriched	2	0	0	0	0	0	0	0	0	0	0	0	0	1	Myeloid/Monocyte;Granulocyte;Dendritic	0	1	Group enriched		Predicted intracellular proteins
87	AKAP12	A-kinase anchor protein 12	Immune-cell-enriched	2	0	0	0	0	0	0	0	0	0	0	0	0	1	Granulocyte	0	1	Immune cell enriched	Cancer-related genes	Cancer-related genes, Plasma proteins, Predicted intracellular proteins
95	ALCAM	CD166 antigen	Immune-cell-enriched	3	0	0	0	0	0	0	0	0	0	0	0	0	1	Myeloid/Monocyte;Dendritic	1	1	Immune cell enhanced	Cancer-related genes	Cancer-related genes, CD markers, Plasma proteins, Predicted membrane proteins, Predicted secreted proteins, Transporters
96	ALDH1A1	Retinal dehydrogenase 1	Immune-cell-enriched	2	0	0	0	0	0	0	0	0	0	0	0	0	1	Myeloid/Monocyte	0	1	Immune cell enriched		Enzymes, Metabolic proteins, Plasma proteins, Predicted intracellular proteins
97	ALDH2	Aldehyde dehydrogenase, mitochondrial	Immune-cell-enriched	2	0	0	0	0	0	0	0	0	0	0	0	0	1	Myeloid/Monocyte;Dendritic	0	1	Immune cell enhanced	Disease variant, Dwarfism, FDA approved drug targets, Intellectual disability	Disease related genes, Enzymes, FDA approved drug targets, Human disease related genes, Metabolic proteins, Plasma proteins, Predicted intracellular proteins
107	AMIGO1	Amphoterin-induced protein 1	Immune-cell-enriched	2	0	0	0	0	0	0	0	0	0	0	0	0	1	T-cell	0	1	Immune cell enhanced		Predicted membrane proteins, Transporters
115	AMY2B	Alpha-amylase 2B	Immune-cell-enriched	2	0	0	0	0	0	0	0	0	0	0	0	0	1	Myeloid/Monocyte	1	1	Immune cell enhanced		Enzymes, Metabolic proteins, Plasma proteins, Predicted secreted proteins
116	ANG	Angiogenin	Immune-cell-enriched	2	0	0	0	0	0	0	0	0	0	0	0	0	1	Myeloid/Monocyte;Dendritic	1	1	Immune cell enhanced	Amyotrophic lateral sclerosis, Cancer-related genes, Disease variant, Neurodegeneration	Cancer-related genes, Disease related genes, Human disease related genes, Plasma proteins, Predicted secreted proteins
117	ANGPT1	Angiopoietin-1	Immune-cell-enriched	2	0	0	0	0	0	0	0	0	0	0	0	0	1	Granulocyte	1	1	Immune cell enriched	Cancer-related genes, Disease variant	Cancer-related genes, Disease related genes, Human disease related genes, Plasma proteins, Predicted intracellular proteins, Predicted secreted proteins, RAS pathway related proteins
118	ANGPT2	Angiopoietin-2	Immune-cell-enriched	2	0	0	0	0	0	0	0	0	0	0	0	0	1	Granulocyte	1	1	Immune cell enhanced	Cancer-related genes, Disease variant, FDA approved drug targets	Cancer-related genes, Disease related genes, FDA approved drug targets, Human disease related genes, Plasma proteins, Predicted secreted proteins, RAS pathway related proteins
122	ANGPTL4	Angiopoietin-related protein 4	Immune-cell-enriched	2	0	0	0	0	0	0	0	0	0	0	0	0	1	Granulocyte	1	1	Immune cell enhanced		Plasma proteins, Predicted intracellular proteins, Predicted secreted proteins
129	ANPEP	Aminopeptidase N	Immune-cell-enriched	2	0	0	0	0	0	0	0	0	0	0	0	0	1	Granulocyte	0	1	Immune cell enriched		CD markers, Enzymes, Metabolic proteins, Plasma proteins, Predicted membrane proteins
130	ANXA1	Annexin A1	Immune-cell-enriched	3	0	0	0	0	0	0	0	0	0	0	0	0	1	Granulocyte	1	1	Immune cell enhanced	Cancer-related genes, FDA approved drug targets	Cancer-related genes, FDA approved drug targets, Plasma proteins, Predicted intracellular proteins, Predicted secreted proteins, Transporters
132	ANXA11	Annexin A11	Immune-cell-enriched	2	0	0	0	0	0	0	0	0	0	0	0	0	1	Granulocyte	0	1	Immune cell enhanced	Amyotrophic lateral sclerosis, Cancer-related genes, Disease variant, Neurodegeneration	Cancer-related genes, Disease related genes, Human disease related genes, Plasma proteins, Potential drug targets, Predicted intracellular proteins, Transporters
133	ANXA2	Annexin A2	Immune-cell-enriched	2	0	0	0	0	0	0	0	0	0	0	0	0	1	Myeloid/Monocyte;Granulocyte;T-cell;Dendritic	1	1	Group enriched	Cancer-related genes, FDA approved drug targets	Cancer-related genes, Disease related genes, FDA approved drug targets, Plasma proteins, Predicted intracellular proteins, Predicted secreted proteins, Transporters
134	ANXA3	Annexin A3	Immune-cell-enriched	2	0	0	0	0	0	0	0	0	0	0	0	0	1	Granulocyte	0	1	Immune cell enriched	FDA approved drug targets	FDA approved drug targets, Metabolic proteins, Plasma proteins, Predicted intracellular proteins
137	AOC1	Amiloride-sensitive amine oxidase [copper-containing]	Immune-cell-enriched	2	0	0	0	0	0	0	0	0	0	0	0	0	1	Granulocyte	1	1	Immune cell enriched		Enzymes, Metabolic proteins, Predicted secreted proteins
143	APBB1IP	Amyloid beta A4 precursor protein-binding family B member 1-interacting protein	Immune-cell-enriched	2	0	0	0	0	0	0	0	0	0	0	0	0	1	Granulocyte	0	1	Immune cell enhanced		Predicted intracellular proteins
147	APOA1	Apolipoprotein A-I	Immune-cell-enriched	2	0	0	0	0	0	0	0	0	0	0	0	0	1	Myeloid/Monocyte;Dendritic	1	1	Immune cell enhanced	Amyloidosis, Atherosclerosis, Cancer-related genes, Disease variant, Neuropathy	Cancer-related genes, Candidate cardiovascular disease genes, Disease related genes, Human disease related genes, Plasma proteins, Predicted intracellular proteins, Predicted secreted proteins
152	APOC1	Apolipoprotein C-I	Immune-cell-enriched	2	0	0	0	0	0	0	0	0	0	0	0	0	1	Myeloid/Monocyte;Dendritic	1	1	Immune cell enriched	Cancer-related genes	Cancer-related genes, Candidate cardiovascular disease genes, Metabolic proteins, Plasma proteins, Predicted secreted proteins
153	APOD	Apolipoprotein D	Immune-cell-enriched	2	0	0	0	0	0	0	0	0	0	0	0	0	1	B-cell	1	1	Immune cell enriched	Cancer-related genes	Cancer-related genes, Candidate cardiovascular disease genes, Plasma proteins, Predicted secreted proteins
158	APOM	Apolipoprotein M	Immune-cell-enriched	2	0	0	0	0	0	0	0	0	0	0	0	0	1	Granulocyte	1	1	Immune cell enhanced		Plasma proteins, Predicted intracellular proteins, Predicted secreted proteins
159	APP	Amyloid-beta precursor protein	Immune-cell-enriched	2	0	0	0	0	0	0	0	0	0	0	0	0	1	Myeloid/Monocyte;Dendritic	1	1	Immune cell enriched	Alzheimer disease, Amyloidosis, Disease variant, FDA approved drug targets, Neurodegeneration	Disease related genes, FDA approved drug targets, Human disease related genes, Plasma proteins, Predicted intracellular proteins, Predicted membrane proteins, Predicted secreted proteins, Transporters
160	APPL2	DCC-interacting protein 13-beta	Immune-cell-enriched	2	0	0	0	0	0	0	0	0	0	0	0	0	1	Granulocyte	0	1	Immune cell enhanced		Disease related genes, Predicted intracellular proteins
163	AREG	Amphiregulin	Immune-cell-enriched	2	0	0	0	0	0	0	0	0	0	0	0	0	1	Granulocyte;NK-cell	0	1	Group enriched	Cancer-related genes	Cancer-related genes, Human disease related genes, Predicted membrane proteins
166	ARG1	Arginase-1	Immune-cell-enriched	3	0	0	0	0	0	0	0	0	0	0	0	0	1	Granulocyte	0	1	Immune cell enriched	Disease variant	Disease related genes, Enzymes, Human disease related genes, Metabolic proteins, Plasma proteins, Potential drug targets, Predicted intracellular proteins
169	ARHGAP25	Rho GTPase-activating protein 25	Immune-cell-enriched	2	0	0	0	0	0	0	0	0	0	0	0	0	1	Granulocyte	0	1	Immune cell enhanced		Plasma proteins, Predicted intracellular proteins
176	ARHGEF5	Rho guanine nucleotide exchange factor 5	Immune-cell-enriched	2	0	0	0	0	0	0	0	0	0	0	0	0	1	T-cell	0	1	Immune cell enhanced	Proto-oncogene	Essential proteins, Predicted intracellular proteins
177	ARID3A	AT-rich interactive domain-containing protein 3A	Immune-cell-enriched	2	0	0	0	0	0	0	0	0	0	0	0	0	1	Myeloid/Monocyte;Dendritic	0	1	Immune cell enhanced		Predicted intracellular proteins, Transcription factors
185	ARSB	Arylsulfatase B	Immune-cell-enriched	2	0	0	0	0	0	0	0	0	0	0	0	0	1	Granulocyte	0	1	Immune cell enhanced	Disease variant, Ichthyosis, Leukodystrophy, Metachromatic leukodystrophy, Mucopolysaccharidosis	Disease related genes, Enzymes, Human disease related genes, Metabolic proteins, Plasma proteins, Potential drug targets, Predicted intracellular proteins
191	ASGR1	Asialoglycoprotein receptor 1	Immune-cell-enriched	2	0	0	0	0	0	0	0	0	0	0	0	1	1	Myeloid/Monocyte;Dendritic	1	1	Group enriched		Predicted intracellular proteins, Predicted secreted proteins
192	ASGR2	Asialoglycoprotein receptor 2	Immune-cell-enriched	2	0	0	0	0	0	0	0	0	0	0	0	1	1	Myeloid/Monocyte;Dendritic	0	1	Group enriched		Plasma proteins, Predicted intracellular proteins, Predicted membrane proteins
193	ASPN	Asporin	Immune-cell-enriched	2	0	0	0	0	0	0	0	0	0	0	0	0	1	Granulocyte	1	1	Immune cell enriched		Disease related genes, Human disease related genes, Plasma proteins, Predicted intracellular proteins, Predicted secreted proteins
195	ASRGL1	Isoaspartyl peptidase/L-asparaginase	Immune-cell-enriched	2	0	0	0	0	0	0	0	0	0	0	0	0	1	Granulocyte	0	1	Immune cell enhanced		Enzymes, Metabolic proteins, Predicted intracellular proteins
196	ASS1	Argininosuccinate synthase	Immune-cell-enriched	2	0	0	0	0	0	0	0	0	0	0	0	0	1	Myeloid/Monocyte;Dendritic	0	1	Immune cell enriched	Disease variant	Disease related genes, Enzymes, Human disease related genes, Metabolic proteins, Plasma proteins, Potential drug targets, Predicted intracellular proteins
202	ATP1B1	Sodium/potassium-transporting ATPase subunit beta-1	Immune-cell-enriched	3	0	0	0	0	0	0	0	0	0	0	0	0	1	Granulocyte	0	1	Immune cell enhanced		Metabolic proteins, Predicted intracellular proteins, Predicted membrane proteins, Transporters
222	AXL	Tyrosine-protein kinase receptor UFO	Immune-cell-enriched	3	0	0	0	0	0	0	0	0	0	0	0	1	1	Myeloid/Monocyte;NK-cell;Dendritic	0	1	Immune cell enhanced	FDA approved drug targets, Oncogene, Proto-oncogene	Disease related genes, Enzymes, FDA approved drug targets, Plasma proteins, Predicted membrane proteins
224	AZU1	Azurocidin	Immune-cell-enriched	2	0	0	0	0	0	0	0	0	0	0	0	0	1	Granulocyte	1	1	Immune cell enriched		Enzymes, Plasma proteins, Predicted intracellular proteins, Predicted secreted proteins
227	B3GNT7	UDP-GlcNAc:betaGal beta-1,3-N-acetylglucosaminyltransferase 7	Immune-cell-enriched	2	0	0	0	0	0	0	0	0	0	0	0	0	1	NK-cell	0	1	Immune cell enhanced		Metabolic proteins, Predicted intracellular proteins
228	B4GALT1	Beta-1,4-galactosyltransferase 1	Immune-cell-enriched	2	0	0	0	0	0	0	0	0	0	0	0	0	1	Myeloid/Monocyte;Dendritic	0	1	Immune cell enhanced	Congenital disorder of glycosylation, Disease variant	Disease related genes, Enzymes, Human disease related genes, Metabolic proteins, Plasma proteins, Potential drug targets, Predicted membrane proteins
231	BACH1	Transcription regulator protein BACH1	Immune-cell-enriched	2	0	0	0	0	0	0	0	0	0	0	0	0	1	Granulocyte	0	1	Immune cell enhanced		Plasma proteins, Predicted intracellular proteins, Transcription factors
232	BAG3	BAG family molecular chaperone regulator 3	Immune-cell-enriched	2	0	0	0	0	0	0	0	0	0	0	0	0	1	T-cell	0	1	Immune cell enhanced	Cardiomyopathy, Charcot-Marie-Tooth disease, Disease variant, Myofibrillar myopathy, Neurodegeneration, Neuropathy	Disease related genes, Human disease related genes, Plasma proteins, Predicted intracellular proteins
235	BAIAP2	Brain-specific angiogenesis inhibitor 1-associated protein 2	Immune-cell-enriched	2	0	0	0	0	0	0	0	0	0	0	0	0	1	Myeloid/Monocyte;Dendritic	0	1	Immune cell enhanced		Plasma proteins, Predicted intracellular proteins
237	BANK1	B-cell scaffold protein with ankyrin repeats	Immune-cell-enriched	2	0	0	0	0	0	0	0	0	0	0	0	0	1	B-cell	0	1	Group enriched	Systemic lupus erythematosus	Disease related genes, Human disease related genes, Predicted intracellular proteins
242	BCAN	Brevican core protein	Immune-cell-enriched	2	0	0	0	0	0	0	0	0	0	0	0	0	1	Granulocyte	1	1	Immune cell enriched		Plasma proteins, Predicted secreted proteins
243	BCAT1	Branched-chain-amino-acid aminotransferase, cytosolic	Immune-cell-enriched	2	0	0	0	0	0	0	0	0	0	0	0	0	1	Myeloid/Monocyte	0	1	Immune cell enhanced		Enzymes, Metabolic proteins, Predicted intracellular proteins
250	BCL7A	B-cell CLL/lymphoma 7 protein family member A	Immune-cell-enriched	2	0	0	0	0	0	0	0	0	0	0	0	0	1	Myeloid/Monocyte;B-cell;Dendritic	0	1	Group enriched	Cancer-related genes	Cancer-related genes, Disease related genes, Predicted intracellular proteins
255	BEX3	Protein BEX3	Immune-cell-enriched	2	0	0	0	0	0	0	0	0	0	0	0	0	1	T-cell	0	1	Immune cell enhanced		Predicted intracellular proteins
256	BGLAP	Osteocalcin	Immune-cell-enriched	2	0	0	0	0	0	0	0	0	0	0	0	0	1	Myeloid/Monocyte;NK-cell;Dendritic	1	1	Group enriched	FDA approved drug targets	FDA approved drug targets, Predicted secreted proteins
258	BHLHE40	Class E basic helix-loop-helix protein 40	Immune-cell-enriched	2	0	0	0	0	0	0	0	0	0	0	0	0	1	Granulocyte	0	1	Immune cell enhanced		Predicted intracellular proteins, Transcription factors
264	BLNK	B-cell linker protein	Immune-cell-enriched	2	0	0	0	0	0	0	0	0	0	0	0	0	1	Myeloid/Monocyte;B-cell;Dendritic	0	1	Group enriched		Disease related genes, Human disease related genes, Predicted intracellular proteins
267	BLVRB	Flavin reductase	Immune-cell-enriched	2	0	0	0	0	0	0	0	0	0	0	0	0	1	Myeloid/Monocyte	0	1	Immune cell enhanced	FDA approved drug targets	Enzymes, FDA approved drug targets, Metabolic proteins, Plasma proteins, Predicted intracellular proteins
269	BMP4	Bone morphogenetic protein 4	Immune-cell-enriched	2	0	0	0	0	0	0	0	0	0	0	0	0	1	Myeloid/Monocyte	1	1	Immune cell enhanced	Cancer-related genes, Disease variant, Microphthalmia	Cancer-related genes, Disease related genes, Human disease related genes, Predicted intracellular proteins, Predicted secreted proteins
270	BMP6	Bone morphogenetic protein 6	Immune-cell-enriched	2	0	0	0	0	0	0	0	0	0	0	0	0	1	Granulocyte	1	1	Immune cell enhanced	Disease variant	Predicted secreted proteins
284	BRDT	Bromodomain testis-specific protein	Immune-cell-enriched	2	0	0	0	0	0	0	0	0	0	0	0	0	1	Granulocyte	0	1	Immune cell enhanced	Disease variant	Disease related genes, Human disease related genes, Predicted intracellular proteins
290	BST1	ADP-ribosyl cyclase/cyclic ADP-ribose hydrolase 2	Immune-cell-enriched	2	0	0	0	0	0	0	0	0	0	0	0	0	1	Myeloid/Monocyte;Granulocyte	0	1	Immune cell enhanced	FDA approved drug targets	CD markers, Enzymes, FDA approved drug targets, Metabolic proteins, Plasma proteins, Predicted intracellular proteins
295	BTN1A1	Butyrophilin subfamily 1 member A1	Immune-cell-enriched	2	0	0	0	0	0	0	0	0	0	0	0	0	1	B-cell	0	1	Immune cell enhanced		Predicted membrane proteins
327	CA2	Carbonic anhydrase 2	Immune-cell-enriched	2	0	0	0	0	0	0	0	0	0	0	0	0	1	Granulocyte	0	1	Immune cell enhanced	Disease variant, FDA approved drug targets, Osteopetrosis	Disease related genes, Enzymes, FDA approved drug targets, Human disease related genes, Metabolic proteins, Plasma proteins, Predicted intracellular proteins
329	CA4	Carbonic anhydrase 4	Immune-cell-enriched	2	0	0	0	0	0	0	0	0	0	0	0	0	1	Granulocyte	0	1	Immune cell enriched	Disease variant, FDA approved drug targets, Retinitis pigmentosa	Disease related genes, Enzymes, FDA approved drug targets, Human disease related genes, Metabolic proteins, Predicted intracellular proteins, Predicted membrane proteins
331	CA6	Carbonic anhydrase 6	Immune-cell-enriched	2	0	0	0	0	0	0	0	0	0	0	0	0	1	T-cell	1	1	Group enriched	FDA approved drug targets	Enzymes, FDA approved drug targets, Metabolic proteins, Predicted secreted proteins
333	CA8	Carbonic anhydrase-related protein	Immune-cell-enriched	2	0	0	0	0	0	0	0	0	0	0	0	0	1	Granulocyte	0	1	Immune cell enriched	Cancer-related genes, Disease variant, Intellectual disability	Cancer-related genes, Disease related genes, Human disease related genes, Predicted intracellular proteins
339	CACNB3	Voltage-dependent L-type calcium channel subunit beta-3	Immune-cell-enriched	2	0	0	0	0	0	0	0	0	0	0	0	0	1	T-cell	0	1	Immune cell enhanced	FDA approved drug targets	Essential proteins, FDA approved drug targets, Predicted intracellular proteins, Transporters
342	CALB1	Calbindin	Immune-cell-enriched	2	0	0	0	0	0	0	0	0	0	0	0	0	1	Myeloid/Monocyte	0	1	Immune cell enhanced		Predicted intracellular proteins
353	CAPG	Macrophage-capping protein	Immune-cell-enriched	2	0	0	0	0	0	0	0	0	0	0	0	0	1	Myeloid/Monocyte;Granulocyte;B-cell;NK-cell;Dendritic	0	1	Group enriched		Plasma proteins, Predicted intracellular proteins
361	CASP3	Caspase-3	Immune-cell-enriched	2	0	0	0	0	0	0	0	0	0	0	0	0	1	Granulocyte	0	1	Group enriched	Cancer-related genes, FDA approved drug targets	Cancer-related genes, Enzymes, FDA approved drug targets, Plasma proteins, Predicted intracellular proteins
367	CAT	Catalase	Immune-cell-enriched	2	0	0	0	0	0	0	0	0	0	0	0	0	1	Granulocyte	0	1	Immune cell enriched	Cancer-related genes, FDA approved drug targets	Cancer-related genes, Disease related genes, Enzymes, FDA approved drug targets, Human disease related genes, Metabolic proteins, Plasma proteins, Predicted intracellular proteins
371	CBS	Cystathionine beta-synthase	Immune-cell-enriched	2	0	0	0	0	0	0	0	0	0	0	0	0	1	Granulocyte	0	1	Immune cell enriched	Disease variant	Disease related genes, Enzymes, Human disease related genes, Metabolic proteins, Plasma proteins, Potential drug targets, Predicted intracellular proteins
377	CCDC50	Coiled-coil domain-containing protein 50	Immune-cell-enriched	2	0	0	0	0	0	0	0	0	0	0	0	0	1	Myeloid/Monocyte;Dendritic	0	1	Immune cell enriched	Deafness, Non-syndromic deafness	Disease related genes, Human disease related genes, Predicted intracellular proteins
404	CCN2	CCN family member 2	Immune-cell-enriched	2	0	0	0	0	0	0	0	0	0	0	0	0	1	B-cell	1	1	Immune cell enriched	Cancer-related genes, Disease variant, Dwarfism	Cancer-related genes, Plasma proteins, Predicted secreted proteins
405	CCN3	CCN family member 3	Immune-cell-enriched	2	0	0	0	0	0	0	0	0	0	0	0	0	1	Granulocyte	1	1	Group enriched		Plasma proteins, Predicted secreted proteins, Transporters
475	CDA	Cytidine deaminase	Immune-cell-enriched	2	0	0	0	0	0	0	0	0	0	0	0	0	1	Granulocyte	0	1	Immune cell enhanced	FDA approved drug targets	Enzymes, FDA approved drug targets, Metabolic proteins, Plasma proteins, Predicted intracellular proteins
476	CDAN1	Codanin-1	Immune-cell-enriched	2	0	0	0	0	0	0	0	0	0	0	0	0	1	Granulocyte	0	1	Immune cell enhanced	Congenital dyserythropoietic anemia, Disease variant, Hereditary hemolytic anemia	Disease related genes, Essential proteins, Human disease related genes, Plasma proteins, Predicted intracellular proteins, Predicted membrane proteins
483	CDCP1	CUB domain-containing protein 1	Immune-cell-enriched	2	0	0	0	0	0	0	0	0	0	0	0	0	1	Myeloid/Monocyte;NK-cell;Dendritic	0	1	Immune cell enhanced		CD markers, Predicted intracellular proteins, Predicted membrane proteins
484	CDH1	Cadherin-1	Immune-cell-enriched	2	0	0	0	0	0	0	0	0	0	0	0	0	1	Myeloid/Monocyte;Dendritic	0	1	Group enriched	Cancer-related genes, Disease variant, Ectodermal dysplasia	Cancer-related genes, CD markers, Disease related genes, Human disease related genes, Plasma proteins, Potential drug targets, Predicted membrane proteins, Transporters
486	CDH17	Cadherin-17	Immune-cell-enriched	2	0	0	0	0	0	0	0	0	0	0	0	0	1	Granulocyte	0	1	Immune cell enriched	Cancer-related genes	Cancer-related genes, Plasma proteins, Predicted intracellular proteins, Predicted membrane proteins
487	CDH2	Cadherin-2	Immune-cell-enriched	2	0	0	0	0	0	0	0	0	0	0	0	0	1	Granulocyte	0	1	Group enriched	Cardiomyopathy, Disease variant, Intellectual disability	CD markers, Disease related genes, Human disease related genes, Plasma proteins, Predicted intracellular proteins, Predicted membrane proteins
489	CDH23	Cadherin-23	Immune-cell-enriched	2	0	0	0	0	0	0	0	0	0	0	0	0	1	Myeloid/Monocyte	0	1	Immune cell enhanced	Deafness, Disease variant, Non-syndromic deafness, Retinitis pigmentosa, Usher syndrome	Disease related genes, Human disease related genes, Predicted intracellular proteins, Predicted membrane proteins
494	CDHR1	Cadherin-related family member 1	Immune-cell-enriched	2	0	0	0	0	0	0	0	0	0	0	0	0	1	NK-cell	0	1	Immune cell enriched	Cone-rod dystrophy	Disease related genes, Human disease related genes, Predicted intracellular proteins, Predicted membrane proteins
497	CDK1	Cyclin-dependent kinase 1	Immune-cell-enriched	2	0	0	0	0	0	0	0	0	0	0	0	0	1	T-cell;NK-cell	0	1	Immune cell enhanced	Cancer-related genes	Cancer-related genes, Enzymes, Essential proteins, Plasma proteins, Predicted intracellular proteins, Transporters
499	CDKL5	Cyclin-dependent kinase-like 5	Immune-cell-enriched	2	0	0	0	0	0	0	0	0	0	0	0	0	1	Granulocyte	0	1	Immune cell enhanced	Disease variant, Epilepsy, Intellectual disability	Disease related genes, Enzymes, Human disease related genes, Plasma proteins, Potential drug targets, Predicted intracellular proteins
500	CDKN1A	Cyclin-dependent kinase inhibitor 1	Immune-cell-enriched	2	0	0	0	0	0	0	0	0	0	0	0	0	1	Myeloid/Monocyte	0	1	Immune cell enhanced	Cancer-related genes	Cancer-related genes, Human disease related genes, Predicted intracellular proteins
505	CEACAM1	Carcinoembryonic antigen-related cell adhesion molecule 1	Immune-cell-enriched	2	0	0	0	0	0	0	0	0	0	0	0	0	1	Granulocyte	0	1	Group enriched		CD markers, Plasma proteins, Predicted intracellular proteins, Predicted membrane proteins
511	CEACAM3	Carcinoembryonic antigen-related cell adhesion molecule 3	Immune-cell-enriched	2	0	0	0	0	0	0	0	0	0	0	0	0	1	Granulocyte	0	1	Immune cell enriched		CD markers, Predicted intracellular proteins, Predicted membrane proteins
513	CEACAM6	Carcinoembryonic antigen-related cell adhesion molecule 6	Immune-cell-enriched	2	0	0	0	0	0	0	0	0	0	0	0	0	1	Granulocyte	0	1	Immune cell enhanced	Cancer-related genes, Oncogene	Cancer-related genes, CD markers, Predicted intracellular proteins, Predicted membrane proteins
514	CEACAM8	Carcinoembryonic antigen-related cell adhesion molecule 8	Immune-cell-enriched	2	0	0	0	0	0	0	0	0	0	0	0	0	1	Myeloid/Monocyte;Granulocyte	0	1	Group enriched		CD markers, Plasma proteins, Predicted intracellular proteins
515	CEBPA	CCAAT/enhancer-binding protein alpha	Immune-cell-enriched	2	0	0	0	0	0	0	0	0	0	0	0	0	1	Myeloid/Monocyte;Granulocyte;Dendritic	0	1	Group enriched	Cancer-related genes, Disease variant	Cancer-related genes, Disease related genes, Human disease related genes, Predicted intracellular proteins, Transcription factors
516	CEBPB	CCAAT/enhancer-binding protein beta	Immune-cell-enriched	2	0	0	0	0	0	0	0	0	0	0	0	0	1	Granulocyte	0	1	Immune cell enhanced		Predicted intracellular proteins, Transcription factors
531	CEP43	Centrosomal protein 43	Immune-cell-enriched	2	0	0	0	0	0	0	0	0	0	0	0	0	1	Granulocyte	0	1	Immune cell enhanced	Cancer-related genes	Cancer-related genes, Disease related genes, Predicted intracellular proteins, Predicted membrane proteins
532	CEP85	Centrosomal protein of 85 kDa	Immune-cell-enriched	2	0	0	0	0	0	0	0	0	0	0	0	0	1	Granulocyte	0	1	Immune cell enhanced		Predicted intracellular proteins
534	CES1	Liver carboxylesterase 1	Immune-cell-enriched	2	0	0	0	0	0	0	0	0	0	0	0	0	1	Myeloid/Monocyte;Dendritic	0	1	Group enriched		Enzymes, Metabolic proteins, Plasma proteins, Predicted intracellular proteins
553	CHAD	Chondroadherin	Immune-cell-enriched	2	0	0	0	0	0	0	0	0	0	0	0	0	1	B-cell	1	1	Group enriched		Plasma proteins, Predicted intracellular proteins, Predicted secreted proteins
559	CHI3L1	Chitinase-3-like protein 1	Immune-cell-enriched	3	0	0	0	0	0	0	0	0	0	0	0	0	1	Granulocyte	1	1	Immune cell enriched	Asthma, Cancer-related genes, Schizophrenia	Cancer-related genes, Disease related genes, Human disease related genes, Metabolic proteins, Plasma proteins, Predicted intracellular proteins, Predicted secreted proteins
561	CHL1	Neural cell adhesion molecule L1-like protein	Immune-cell-enriched	2	0	0	0	0	0	0	0	0	0	0	0	0	1	B-cell	1	1	Group enriched		Plasma proteins, Predicted membrane proteins, Predicted secreted proteins
574	CKAP4	Cytoskeleton-associated protein 4	Immune-cell-enriched	2	0	0	0	0	0	0	0	0	0	0	0	0	1	Granulocyte	0	1	Immune cell enhanced		Predicted intracellular proteins, Predicted membrane proteins, Transporters
575	CKB	Creatine kinase B-type	Immune-cell-enriched	2	0	0	0	0	0	0	0	0	0	0	0	0	1	Myeloid/Monocyte	0	1	Immune cell enriched	Cancer-related genes, FDA approved drug targets	Cancer-related genes, Candidate cardiovascular disease genes, Enzymes, FDA approved drug targets, Metabolic proteins, Plasma proteins, Predicted intracellular proteins
577	CLASP1	CLIP-associating protein 1	Immune-cell-enriched	2	0	0	0	0	0	0	0	0	0	0	0	0	1	NK-cell	0	1	Immune cell enhanced		Essential proteins, Predicted intracellular proteins
578	CLC	Galectin-10	Immune-cell-enriched	2	0	0	0	0	0	0	0	0	0	0	0	0	1	Granulocyte	0	1	Group enriched		Predicted intracellular proteins
579	CLEC10A	C-type lectin domain family 10 member A	Immune-cell-enriched	3	0	0	0	0	0	0	0	0	0	0	0	0	1	Myeloid/Monocyte;Dendritic	0	1	Immune cell enriched		CD markers, Predicted intracellular proteins, Predicted membrane proteins
580	CLEC11A	C-type lectin domain family 11 member A	Immune-cell-enriched	2	0	0	0	0	0	0	0	0	0	0	0	0	1	Myeloid/Monocyte	1	1	Immune cell enhanced		Plasma proteins, Predicted secreted proteins
581	CLEC12A	C-type lectin domain family 12 member A	Immune-cell-enriched	2	0	0	0	0	0	0	0	0	0	0	0	0	1	Granulocyte	0	1	Immune cell enhanced		CD markers, Predicted intracellular proteins, Predicted membrane proteins, Transporters
583	CLEC1A	C-type lectin domain family 1 member A	Immune-cell-enriched	2	0	0	0	0	0	0	0	0	0	0	0	0	1	Myeloid/Monocyte;Dendritic	0	1	Immune cell enhanced		Predicted intracellular proteins, Predicted membrane proteins
584	CLEC1B	C-type lectin domain family 1 member B	Immune-cell-enriched	2	0	0	0	0	0	0	0	0	0	0	0	0	1	Granulocyte	0	1	Immune cell enhanced		Predicted intracellular proteins, Predicted membrane proteins
587	CLEC4A	C-type lectin domain family 4 member A	Immune-cell-enriched	3	0	0	0	0	0	0	0	0	0	0	0	0	1	Myeloid/Monocyte;Granulocyte;Dendritic	0	1	Group enriched		CD markers, Predicted intracellular proteins, Predicted membrane proteins
588	CLEC4C	C-type lectin domain family 4 member C	Immune-cell-enriched	3	0	0	0	0	0	0	0	0	0	0	0	0	1	Myeloid/Monocyte;Dendritic	0	1	Immune cell enriched		CD markers, Predicted intracellular proteins, Predicted membrane proteins
589	CLEC4D	C-type lectin domain family 4 member D	Immune-cell-enriched	3	0	0	0	0	0	0	0	0	0	0	0	0	1	Myeloid/Monocyte;Granulocyte	0	1	Group enriched		CD markers, Predicted intracellular proteins
590	CLEC4G	C-type lectin domain family 4 member G	Immune-cell-enriched	2	0	0	0	0	0	0	0	0	0	0	0	0	1	Myeloid/Monocyte;Dendritic	0	1	Immune cell enhanced		Predicted intracellular proteins, Predicted membrane proteins
592	CLEC5A	C-type lectin domain family 5 member A	Immune-cell-enriched	3	0	0	0	0	0	0	0	0	0	0	0	0	1	Myeloid/Monocyte	0	1	Immune cell enriched		Predicted intracellular proteins, Predicted membrane proteins
593	CLEC6A	C-type lectin domain family 6 member A	Immune-cell-enriched	3	0	0	0	0	0	0	0	0	0	0	0	0	1	Myeloid/Monocyte;Dendritic	0	1	Group enriched		Predicted membrane proteins
594	CLEC7A	C-type lectin domain family 7 member A	Immune-cell-enriched	3	0	0	0	0	0	0	0	0	0	0	0	0	1	Granulocyte	0	1	Immune cell enhanced		CD markers, Disease related genes, Human disease related genes, Predicted intracellular proteins, Predicted membrane proteins
596	CLIC5	Chloride intracellular channel protein 5	Immune-cell-enriched	2	0	0	0	0	0	0	0	0	0	0	0	0	1	T-cell	0	1	Immune cell enhanced	Deafness, Non-syndromic deafness	Disease related genes, Human disease related genes, Potential drug targets, Predicted intracellular proteins, Transporters
597	CLINT1	Clathrin interactor 1	Immune-cell-enriched	2	0	0	0	0	0	0	0	0	0	0	0	0	1	Granulocyte	0	1	Immune cell enriched		Plasma proteins, Predicted intracellular proteins, Transporters
606	CLSTN3	Calsyntenin-3	Immune-cell-enriched	2	0	0	0	0	0	0	0	0	0	0	0	0	1	NK-cell	0	1	Immune cell enhanced		Plasma proteins, Predicted intracellular proteins, Predicted membrane proteins
608	CLU	Clusterin	Immune-cell-enriched	3	0	0	0	0	0	0	0	0	0	0	0	0	1	Granulocyte	1	1	Immune cell enriched	Cancer-related genes	Cancer-related genes, Candidate cardiovascular disease genes, Plasma proteins, Predicted intracellular proteins, Predicted secreted proteins
610	CMC1	COX assembly mitochondrial protein homolog	Immune-cell-enriched	2	0	0	0	0	0	0	0	0	0	0	0	0	1	NK-cell	0	1	Immune cell enhanced		Predicted intracellular proteins
611	CMIP	C-Maf-inducing protein	Immune-cell-enriched	2	0	0	0	0	0	0	0	0	0	0	0	0	1	Granulocyte	0	1	Immune cell enhanced		Predicted intracellular proteins
614	CNP	2',3'-cyclic-nucleotide 3'-phosphodiesterase	Immune-cell-enriched	2	0	0	0	0	0	0	0	0	0	0	0	0	1	Myeloid/Monocyte;Dendritic	0	1	Immune cell enhanced	Leukodystrophy, Neurodegeneration	Disease related genes, Enzymes, Human disease related genes, Metabolic proteins, Plasma proteins, Potential drug targets, Predicted intracellular proteins
619	CNTN1	Contactin-1	Immune-cell-enriched	2	0	0	0	0	0	0	0	0	0	0	0	0	1	Granulocyte	0	1	Immune cell enhanced		Disease related genes, Human disease related genes, Plasma proteins, Predicted intracellular proteins
624	CNTNAP2	Contactin-associated protein-like 2	Immune-cell-enriched	2	0	0	0	0	0	0	0	0	0	0	0	0	1	B-cell	0	1	Immune cell enhanced	Autism, Autism spectrum disorder, Epilepsy, Intellectual disability	Disease related genes, Human disease related genes, Plasma proteins, Predicted intracellular proteins, Predicted membrane proteins
626	COCH	Cochlin	Immune-cell-enriched	2	0	0	0	0	0	0	0	0	0	0	0	0	1	B-cell	1	1	Group enriched	Deafness, Disease variant, Non-syndromic deafness	Disease related genes, Human disease related genes, Plasma proteins, Potential drug targets, Predicted intracellular proteins, Predicted secreted proteins, Transporters
628	COL18A1	Collagen alpha-1(XVIII) chain	Immune-cell-enriched	2	0	0	0	0	0	0	0	0	0	0	0	0	1	Granulocyte	1	1	Immune cell enhanced	Cancer-related genes, Glaucoma	Cancer-related genes, Disease related genes, Human disease related genes, Plasma proteins, Predicted intracellular proteins, Predicted secreted proteins
630	COL24A1	Collagen alpha-1(XXIV) chain	Immune-cell-enriched	2	0	0	0	0	0	0	0	0	0	0	0	0	1	Myeloid/Monocyte;Dendritic	1	1	Immune cell enriched		Predicted secreted proteins
635	COL4A4	Collagen alpha-4(IV) chain	Immune-cell-enriched	2	0	0	0	0	0	0	0	0	0	0	0	0	1	B-cell	1	1	Immune cell enhanced	Alport syndrome, Cancer-related genes, Deafness, Disease variant	Cancer-related genes, Disease related genes, Human disease related genes, Plasma proteins, Predicted intracellular proteins, Predicted secreted proteins
639	COL9A2	Collagen alpha-2(IX) chain	Immune-cell-enriched	2	0	0	0	0	0	0	0	0	0	0	0	0	1	Myeloid/Monocyte;Granulocyte;Dendritic	1	1	Group enriched	Deafness, Disease variant, Dwarfism, Stickler syndrome	Disease related genes, Human disease related genes, Plasma proteins, Predicted intracellular proteins, Predicted secreted proteins
647	COQ7	5-demethoxyubiquinone hydroxylase, mitochondrial	Immune-cell-enriched	2	0	0	0	0	0	0	0	0	0	0	0	0	1	Granulocyte	0	1	Group enriched	Disease variant, Neurodegeneration, Neuropathy, Primary mitochondrial disease	Disease related genes, Enzymes, Human disease related genes, Metabolic proteins, Potential drug targets, Predicted intracellular proteins, Predicted membrane proteins
655	CPB1	Carboxypeptidase B	Immune-cell-enriched	2	0	0	0	0	0	0	0	0	0	0	0	0	1	Granulocyte	1	1	Immune cell enhanced		Enzymes, Plasma proteins, Predicted secreted proteins
659	CPM	Carboxypeptidase M	Immune-cell-enriched	2	0	0	0	0	0	0	0	0	0	0	0	0	1	Myeloid/Monocyte;Dendritic	0	1	Group enriched		Enzymes, Plasma proteins, Predicted intracellular proteins, Predicted membrane proteins
661	CPPED1	Serine/threonine-protein phosphatase CPPED1	Immune-cell-enriched	2	0	0	0	0	0	0	0	0	0	0	0	0	1	Granulocyte	0	1	Immune cell enhanced		Enzymes, Predicted intracellular proteins
662	CPQ	Carboxypeptidase Q	Immune-cell-enriched	2	0	0	0	0	0	0	0	0	0	0	0	0	1	Granulocyte	1	1	Immune cell enhanced		Enzymes, Plasma proteins, Predicted intracellular proteins, Predicted secreted proteins
664	CPVL	Probable serine carboxypeptidase CPVL	Immune-cell-enriched	2	0	0	0	0	0	0	0	0	0	0	0	0	1	Myeloid/Monocyte;Dendritic	0	1	Immune cell enhanced		Enzymes, Predicted intracellular proteins
665	CPXM1	Probable carboxypeptidase X1	Immune-cell-enriched	2	0	0	0	0	0	0	0	0	0	0	0	0	1	NK-cell	1	1	Immune cell enhanced		Enzymes, Predicted secreted proteins
669	CRACR2A	EF-hand calcium-binding domain-containing protein 4B	Immune-cell-enriched	3	0	0	0	0	0	0	0	0	0	0	0	0	1	Granulocyte	0	1	Immune cell enhanced		Predicted intracellular proteins
673	CREG1	Protein CREG1	Immune-cell-enriched	2	0	0	0	0	0	0	0	0	0	0	0	0	1	Myeloid/Monocyte;Granulocyte;Dendritic	1	1	Group enriched		Predicted secreted proteins
679	CRIM1	Cysteine-rich motor neuron 1 protein	Immune-cell-enriched	2	0	0	0	0	0	0	0	0	0	0	0	0	1	Myeloid/Monocyte;Dendritic	0	1	Immune cell enhanced		Predicted intracellular proteins, Predicted membrane proteins, Transporters
680	CRIP2	Cysteine-rich protein 2	Immune-cell-enriched	2	0	0	0	0	0	0	0	0	0	0	0	0	1	T-cell;B-cell	0	1	Group enriched		Predicted intracellular proteins
682	CRISP3	Cysteine-rich secretory protein 3	Immune-cell-enriched	2	0	0	0	0	0	0	0	0	0	0	0	0	1	Myeloid/Monocyte;Granulocyte	1	1	Group enriched		Metabolic proteins, Plasma proteins, Predicted intracellular proteins, Predicted secreted proteins
687	CRTAM	Cytotoxic and regulatory T-cell molecule	Immune-cell-enriched	3	0	0	0	0	0	0	0	0	0	0	0	0	1	NK-cell	0	1	Immune cell enhanced		CD markers, Predicted membrane proteins
688	CRTAP	Cartilage-associated protein	Immune-cell-enriched	2	0	0	0	0	0	0	0	0	0	0	0	0	1	Myeloid/Monocyte	1	1	Immune cell enhanced	Disease variant, Dwarfism, Osteogenesis imperfecta	Disease related genes, Human disease related genes, Predicted secreted proteins
690	CRYBB1	Beta-crystallin B1	Immune-cell-enriched	2	0	0	0	0	0	0	0	0	0	0	0	0	1	Myeloid/Monocyte	0	1	Group enriched	Cataract, Disease variant	Disease related genes, Human disease related genes, Plasma proteins, Predicted intracellular proteins
693	CRYM	Ketimine reductase mu-crystallin	Immune-cell-enriched	2	0	0	0	0	0	0	0	0	0	0	0	0	1	Myeloid/Monocyte;Dendritic	0	1	Immune cell enriched	Deafness, Disease variant, Non-syndromic deafness	Disease related genes, Enzymes, Human disease related genes, Potential drug targets, Predicted intracellular proteins
710	CST3	Cystatin-C	Immune-cell-enriched	2	0	0	0	0	0	0	0	0	0	0	0	0	1	Myeloid/Monocyte;Dendritic	1	1	Group enriched	Age-related macular degeneration, Amyloidosis, Cancer-related genes, Disease variant	Cancer-related genes, Disease related genes, Human disease related genes, Plasma proteins, Predicted secreted proteins
713	CST7	Cystatin-F	Immune-cell-enriched	2	0	0	0	0	0	0	0	0	0	0	0	0	1	T-cell	1	1	Immune cell enhanced		Plasma proteins, Predicted secreted proteins
718	CTHRC1	Collagen triple helix repeat-containing protein 1	Immune-cell-enriched	2	0	0	0	0	0	0	0	0	0	0	0	0	1	NK-cell	1	1	Immune cell enhanced		Disease related genes, Human disease related genes, Predicted intracellular proteins, Predicted secreted proteins
724	CTSB	Cathepsin B	Immune-cell-enriched	2	0	0	0	0	0	0	0	0	0	0	0	0	1	Myeloid/Monocyte;Granulocyte;Dendritic	1	1	Group enriched	Cancer-related genes	Cancer-related genes, Candidate cardiovascular disease genes, Disease related genes, Enzymes, Human disease related genes, Metabolic proteins, Plasma proteins, Potential drug targets, Predicted intracellular proteins, Predicted secreted proteins
729	CTSH	Pro-cathepsin H	Immune-cell-enriched	2	0	0	0	0	0	0	0	0	0	0	0	0	1	Myeloid/Monocyte;B-cell;Dendritic	0	1	Group enriched	Cancer-related genes	Cancer-related genes, Enzymes, Human disease related genes, Metabolic proteins, Plasma proteins, Predicted intracellular proteins
730	CTSL	Cathepsin L1	Immune-cell-enriched	2	0	0	0	0	0	0	0	0	0	0	0	0	1	Myeloid/Monocyte	0	1	Group enriched	Cancer-related genes	Cancer-related genes, Enzymes, Metabolic proteins, Plasma proteins, Predicted intracellular proteins
732	CTSS	Cathepsin S	Immune-cell-enriched	2	0	0	0	0	0	0	0	0	0	0	0	0	1	Myeloid/Monocyte	0	1	Immune cell enhanced		Enzymes, Metabolic proteins, Plasma proteins, Predicted intracellular proteins
733	CTSV	Cathepsin L2	Immune-cell-enriched	2	0	0	0	0	0	0	0	0	0	0	0	0	1	Myeloid/Monocyte;Dendritic	0	1	Immune cell enriched		Enzymes, Metabolic proteins, Predicted intracellular proteins
753	CYB5R2	NADH-cytochrome b5 reductase 2	Immune-cell-enriched	2	0	0	0	0	0	0	0	0	0	0	0	0	1	Granulocyte;B-cell	0	1	Group enriched		Enzymes, Metabolic proteins, Predicted intracellular proteins, Predicted membrane proteins
755	CYTH3	Cytohesin-3	Immune-cell-enriched	2	0	0	0	0	0	0	0	0	0	0	0	0	1	T-cell	0	1	Immune cell enhanced		Predicted intracellular proteins
756	CYTL1	Cytokine-like protein 1	Immune-cell-enriched	2	0	0	0	0	0	0	0	0	0	0	0	0	1	NK-cell	1	1	Immune cell enriched		Plasma proteins, Predicted secreted proteins
758	DAB2	Disabled homolog 2	Immune-cell-enriched	2	0	0	0	0	0	0	0	0	0	0	0	0	1	Myeloid/Monocyte;Dendritic	0	1	Immune cell enriched	Tumor suppressor	Plasma proteins, Predicted intracellular proteins
760	DAND5	DAN domain family member 5	Immune-cell-enriched	2	0	0	0	0	0	0	0	0	0	0	0	0	1	Granulocyte	1	1	Immune cell enhanced	Heterotaxy	Predicted secreted proteins
761	DAPK2	Death-associated protein kinase 2	Immune-cell-enriched	2	0	0	0	0	0	0	0	0	0	0	0	0	1	Granulocyte	0	1	Group enriched		Enzymes, Predicted intracellular proteins, Predicted membrane proteins
772	DCN	Decorin	Immune-cell-enriched	2	0	0	0	0	0	0	0	0	0	0	0	0	1	Granulocyte	1	1	Immune cell enriched	Cancer-related genes, Corneal dystrophy	Cancer-related genes, Disease related genes, Human disease related genes, Plasma proteins, Predicted intracellular proteins, Predicted secreted proteins
779	DCUN1D2	DCN1-like protein 2	Immune-cell-enriched	2	0	0	0	0	0	0	0	0	0	0	0	0	1	Granulocyte	0	1	Immune cell enriched		Predicted intracellular proteins
801	DENND2B	DENN domain-containing protein 2B	Immune-cell-enriched	2	0	0	0	0	0	0	0	0	0	0	0	0	1	Myeloid/Monocyte	0	1	Immune cell enriched		Predicted intracellular proteins
802	DENR	Density-regulated protein	Immune-cell-enriched	2	0	0	0	0	0	0	0	0	0	0	0	0	1	Granulocyte	0	1	Immune cell enhanced		Essential proteins, Plasma proteins, Predicted intracellular proteins
804	DGCR6	Protein DGCR6	Immune-cell-enriched	2	0	0	0	0	0	0	0	0	0	0	0	0	1	Granulocyte	0	1	Immune cell enhanced		Human disease related genes, Predicted intracellular proteins
814	DKK3	Dickkopf-related protein 3	Immune-cell-enriched	2	0	0	0	0	0	0	0	0	0	0	0	0	1	T-cell	1	1	Immune cell enhanced		Plasma proteins, Predicted secreted proteins
816	DKKL1	Dickkopf-like protein 1	Immune-cell-enriched	2	0	0	0	0	0	0	0	0	0	0	0	0	1	B-cell	1	1	Immune cell enriched		Predicted intracellular proteins, Predicted secreted proteins
818	DLGAP5	Disks large-associated protein 5	Immune-cell-enriched	2	0	0	0	0	0	0	0	0	0	0	0	0	1	T-cell	0	1	Immune cell enhanced		Plasma proteins, Predicted intracellular proteins
820	DLL1	Delta-like protein 1	Immune-cell-enriched	2	0	0	0	0	0	0	0	0	0	0	0	0	1	NK-cell	0	1	Immune cell enriched	Autism spectrum disorder, Epilepsy, Intellectual disability	Disease related genes, Human disease related genes, Predicted intracellular proteins, Predicted membrane proteins
843	DOCK9	Dedicator of cytokinesis protein 9	Immune-cell-enriched	2	0	0	0	0	0	0	0	0	0	0	0	0	1	T-cell;NK-cell	0	1	Group enriched		Plasma proteins, Predicted intracellular proteins
845	DOK2	Docking protein 2	Immune-cell-enriched	2	0	0	0	0	0	0	0	0	0	0	0	0	1	Granulocyte	0	1	Immune cell enhanced		Predicted intracellular proteins
847	DPEP2	Dipeptidase 2	Immune-cell-enriched	2	0	0	0	0	0	0	0	0	0	0	0	0	1	Granulocyte	0	1	Group enriched		Enzymes, Metabolic proteins, Plasma proteins, Predicted intracellular proteins, Predicted membrane proteins
849	DPP4	Dipeptidyl peptidase 4	Immune-cell-enriched	2	0	0	0	0	0	0	0	0	0	0	0	0	1	T-cell	1	1	Immune cell enhanced	FDA approved drug targets	CD markers, Enzymes, FDA approved drug targets, Plasma proteins, Predicted intracellular proteins, Predicted secreted proteins, Transporters
854	DRAXIN	Draxin	Immune-cell-enriched	2	0	0	0	0	0	0	0	0	0	0	0	0	1	Granulocyte	1	1	Immune cell enhanced		Predicted secreted proteins
856	DSC2	Desmocollin-2	Immune-cell-enriched	2	0	0	0	0	0	0	0	0	0	0	0	0	1	Granulocyte	0	1	Group enriched	Cardiomyopathy, Disease variant	Disease related genes, Human disease related genes, Plasma proteins, Predicted membrane proteins
858	DSG2	Desmoglein-2	Immune-cell-enriched	2	0	0	0	0	0	0	0	0	0	0	0	0	1	Granulocyte	0	1	Immune cell enriched	Cardiomyopathy, Disease variant	Disease related genes, Human disease related genes, Plasma proteins, Predicted intracellular proteins, Predicted membrane proteins
859	DSG3	Desmoglein-3	Immune-cell-enriched	2	0	0	0	0	0	0	0	0	0	0	0	0	1	Granulocyte	0	1	Immune cell enriched		Disease related genes, Plasma proteins, Predicted membrane proteins
867	DUSP13	Dual specificity protein phosphatase 13 isoform A	Immune-cell-enriched	2	0	0	0	0	0	0	0	0	0	0	0	0	1	Granulocyte	0	0	Immune cell enriched		Enzymes, Predicted intracellular proteins, Predicted membrane proteins
877	ECE1	Endothelin-converting enzyme 1	Immune-cell-enriched	2	0	0	0	0	0	0	0	0	0	0	0	0	1	Granulocyte	0	1	Immune cell enhanced	Disease variant, Hirschsprung disease	Disease related genes, Enzymes, Human disease related genes, Plasma proteins, Potential drug targets, Predicted intracellular proteins, Predicted membrane proteins
878	ECHDC3	Enoyl-CoA hydratase domain-containing protein 3, mitochondrial	Immune-cell-enriched	2	0	0	0	0	0	0	0	0	0	0	0	0	1	Granulocyte	0	1	Immune cell enriched		Predicted intracellular proteins
884	EDAR	Tumor necrosis factor receptor superfamily member EDAR	Immune-cell-enriched	2	0	0	0	0	0	0	0	0	0	0	0	1	1	T-cell	0	1	Group enriched	Disease variant, Ectodermal dysplasia	Disease related genes, Human disease related genes, Plasma proteins, Predicted membrane proteins
889	EDN1	Endothelin-1	Immune-cell-enriched	2	0	0	0	0	0	0	0	0	0	0	0	0	1	Myeloid/Monocyte	1	1	Immune cell enriched	Cancer-related genes, Disease variant	Cancer-related genes, Candidate cardiovascular disease genes, Disease related genes, Human disease related genes, Plasma proteins, Predicted secreted proteins
893	EFCAB2	Dynein regulatory complex protein 8	Immune-cell-enriched	2	0	0	0	0	0	0	0	0	0	0	0	0	1	Myeloid/Monocyte;Dendritic	0	1	Immune cell enhanced		Predicted intracellular proteins
895	EFHD1	EF-hand domain-containing protein D1	Immune-cell-enriched	2	0	0	0	0	0	0	0	0	0	0	0	0	1	Granulocyte	0	1	Immune cell enhanced		Predicted intracellular proteins
896	EFNA1	Ephrin-A1	Immune-cell-enriched	2	0	0	0	0	0	0	0	0	0	0	0	0	1	T-cell	1	1	Group enriched	Cancer-related genes, Tumor suppressor	Cancer-related genes, Predicted secreted proteins, RAS pathway related proteins
900	EGFL7	Epidermal growth factor-like protein 7	Immune-cell-enriched	2	0	0	0	0	0	0	0	0	0	0	0	0	1	Myeloid/Monocyte;Granulocyte;Dendritic	1	1	Group enriched		Predicted secreted proteins
903	EGLN1	Egl nine homolog 1	Immune-cell-enriched	2	0	0	0	0	0	0	0	0	0	0	0	0	1	Granulocyte	0	1	Immune cell enriched	Congenital erythrocytosis, Disease variant, FDA approved drug targets	Disease related genes, Enzymes, FDA approved drug targets, Human disease related genes, Plasma proteins, Predicted intracellular proteins
905	EHD3	EH domain-containing protein 3	Immune-cell-enriched	2	0	0	0	0	0	0	0	0	0	0	0	0	1	B-cell	0	1	Group enriched		Plasma proteins, Predicted intracellular proteins
918	ELAVL4	ELAV-like protein 4	Immune-cell-enriched	2	0	0	0	0	0	0	0	0	0	0	0	0	1	Myeloid/Monocyte	0	1	Immune cell enhanced		Predicted intracellular proteins
924	ENG	Endoglin	Immune-cell-enriched	2	0	0	0	0	0	0	0	0	0	0	0	0	1	Myeloid/Monocyte;NK-cell;Dendritic	0	1	Group enriched	Cancer-related genes, Disease variant	Cancer-related genes, Candidate cardiovascular disease genes, CD markers, Disease related genes, Human disease related genes, Plasma proteins, Predicted membrane proteins
926	ENO2	Gamma-enolase	Immune-cell-enriched	2	0	0	0	0	0	0	0	0	0	0	0	0	1	Granulocyte;T-cell;B-cell	0	1	Group enriched	Cancer-related genes	Cancer-related genes, Candidate cardiovascular disease genes, Enzymes, Metabolic proteins, Plasma proteins, Predicted intracellular proteins
931	ENPP2	Ectonucleotide pyrophosphatase/phosphodiesterase family member 2	Immune-cell-enriched	2	0	0	0	0	0	0	0	0	0	0	0	0	1	Granulocyte	1	1	Immune cell enriched	Cancer-related genes, Obesity	Cancer-related genes, Enzymes, Metabolic proteins, Plasma proteins, Predicted intracellular proteins, Predicted secreted proteins
932	ENPP5	Ectonucleotide pyrophosphatase/phosphodiesterase family member 5	Immune-cell-enriched	2	0	0	0	0	0	0	0	0	0	0	0	0	1	T-cell	0	1	Immune cell enhanced		Predicted membrane proteins
937	ENTPD5	Ectonucleoside triphosphate diphosphohydrolase 5	Immune-cell-enriched	2	0	0	0	0	0	0	0	0	0	0	0	0	1	Granulocyte	1	1	Group enriched	Proto-oncogene	Enzymes, Metabolic proteins, Plasma proteins, Predicted intracellular proteins, Predicted secreted proteins
944	EPHA1	Ephrin type-A receptor 1	Immune-cell-enriched	2	0	0	0	0	0	0	0	0	0	0	0	1	1	T-cell	0	1	Group enriched	Cancer-related genes	Cancer-related genes, Enzymes, Plasma proteins, Predicted membrane proteins
946	EPHA2	Ephrin type-A receptor 2	Immune-cell-enriched	2	0	0	0	0	0	0	0	0	0	0	0	1	1	Myeloid/Monocyte;Dendritic	0	1	Immune cell enriched	Cancer-related genes, Cataract, Disease variant, FDA approved drug targets	Cancer-related genes, Disease related genes, Enzymes, FDA approved drug targets, Human disease related genes, Predicted membrane proteins, RAS pathway related proteins
947	EPHA4	Ephrin type-A receptor 4	Immune-cell-enriched	2	0	0	0	0	0	0	0	0	0	0	0	1	1	Granulocyte;T-cell;B-cell;NK-cell	0	1	Group enriched	Cancer-related genes	Cancer-related genes, Enzymes, Plasma proteins, Predicted intracellular proteins, Predicted membrane proteins
948	EPHB4	Ephrin type-B receptor 4	Immune-cell-enriched	2	0	0	0	0	0	0	0	0	0	0	0	1	1	Myeloid/Monocyte;Granulocyte	0	1	Immune cell enhanced	Cancer-related genes, Disease variant	Cancer-related genes, Disease related genes, Enzymes, Human disease related genes, Plasma proteins, Potential drug targets, Predicted intracellular proteins, Predicted membrane proteins, Transporters
950	EPHX2	Bifunctional epoxide hydrolase 2	Immune-cell-enriched	2	0	0	0	0	0	0	0	0	0	0	0	0	1	T-cell	0	1	Group enriched		Enzymes, Human disease related genes, Metabolic proteins, Plasma proteins, Predicted intracellular proteins
954	EPS8L2	Epidermal growth factor receptor kinase substrate 8-like protein 2	Immune-cell-enriched	2	0	0	0	0	0	0	0	0	0	0	0	1	1	Myeloid/Monocyte;Dendritic	0	1	Immune cell enhanced	Deafness, Non-syndromic deafness	Disease related genes, Human disease related genes, Predicted intracellular proteins
955	ERBB2	Receptor tyrosine-protein kinase erbB-2	Immune-cell-enriched	2	0	0	0	0	0	0	0	0	0	0	0	1	1	T-cell	0	1	Immune cell enhanced	Cancer-related genes, Disease variant, FDA approved drug targets	Cancer-related genes, CD markers, Disease related genes, Enzymes, FDA approved drug targets, Human disease related genes, Plasma proteins, Predicted intracellular proteins, Predicted membrane proteins, Transporters
956	ERBB3	Receptor tyrosine-protein kinase erbB-3	Immune-cell-enriched	2	0	0	0	0	0	0	0	0	0	0	0	1	1	Granulocyte	1	1	Immune cell enhanced	Cancer-related genes, Disease variant	Cancer-related genes, Disease related genes, Enzymes, Human disease related genes, Plasma proteins, Potential drug targets, Predicted intracellular proteins, Predicted membrane proteins, Predicted secreted proteins, Transporters
964	ERN1	Serine/threonine-protein kinase/endoribonuclease IRE1	Immune-cell-enriched	2	0	0	0	0	0	0	0	0	0	0	0	0	1	Granulocyte	0	1	Immune cell enhanced		Enzymes, Plasma proteins, Predicted intracellular proteins, Predicted membrane proteins, Transporters
968	ESAM	Endothelial cell-selective adhesion molecule	Immune-cell-enriched	2	0	0	0	0	0	0	0	0	0	0	0	0	1	Granulocyte;B-cell	0	1	Immune cell enhanced	Disease variant, Intellectual disability	Plasma proteins, Predicted membrane proteins
969	ESM1	Endothelial cell-specific molecule 1	Immune-cell-enriched	2	0	0	0	0	0	0	0	0	0	0	0	0	1	NK-cell	1	1	Immune cell enhanced		Predicted secreted proteins
973	EVI2B	Protein EVI2B	Immune-cell-enriched	2	0	0	0	0	0	0	0	0	0	0	0	0	1	Granulocyte	0	1	Immune cell enhanced	Proto-oncogene	CD markers, Predicted membrane proteins
981	F11R	Junctional adhesion molecule A	Immune-cell-enriched	3	0	0	0	0	0	1	0	0	0	0	0	0	1	Granulocyte	0	1	Group enriched		CD markers, Plasma proteins, Predicted membrane proteins
982	F12	Coagulation factor XII	Immune-cell-enriched	3	0	0	0	0	0	1	0	0	0	0	0	0	1	Granulocyte	1	1	Immune cell enhanced	Disease variant, FDA approved drug targets	Candidate cardiovascular disease genes, Disease related genes, Enzymes, FDA approved drug targets, Human disease related genes, Plasma proteins, Predicted secreted proteins
985	F2R	Proteinase-activated receptor 1	Immune-cell-enriched	3	0	0	0	0	0	1	0	0	0	0	0	1	1	T-cell	0	1	Immune cell enhanced	FDA approved drug targets	FDA approved drug targets, G-protein coupled receptors, Predicted intracellular proteins, Predicted membrane proteins, Transporters
990	FABP2	Fatty acid-binding protein, intestinal	Immune-cell-enriched	2	0	0	0	0	0	0	0	0	0	0	0	0	1	Granulocyte	0	1	Group enriched	Cancer-related genes	Cancer-related genes, Metabolic proteins, Plasma proteins, Predicted intracellular proteins
1002	FAM3B	Protein FAM3B	Immune-cell-enriched	2	0	0	0	0	0	0	0	0	0	0	0	0	1	Granulocyte	1	1	Immune cell enhanced		Predicted intracellular proteins, Predicted membrane proteins, Predicted secreted proteins
1003	FAM3C	Protein FAM3C	Immune-cell-enriched	2	0	0	0	0	0	0	0	0	0	0	0	0	1	B-cell	1	1	Group enriched	Oncogene	Plasma proteins, Predicted intracellular proteins, Predicted secreted proteins
1004	FAM3D	Protein FAM3D	Immune-cell-enriched	2	0	0	0	0	0	0	0	0	0	0	0	0	1	Granulocyte	1	1	Immune cell enhanced		Predicted intracellular proteins, Predicted secreted proteins
1007	FAS	Tumor necrosis factor receptor superfamily member 6	Immune-cell-enriched	2	0	0	0	0	0	0	0	0	0	0	0	1	1	Granulocyte	1	1	Immune cell enhanced	Cancer-related genes, Disease variant	Cancer-related genes, Candidate cardiovascular disease genes, CD markers, Disease related genes, Human disease related genes, Predicted intracellular proteins, Predicted membrane proteins, Predicted secreted proteins
1008	FASLG	Tumor necrosis factor ligand superfamily member 6	Immune-cell-enriched	2	0	0	0	0	0	0	0	0	0	0	0	0	1	T-cell	1	1	Immune cell enhanced	Cancer-related genes	Cancer-related genes, CD markers, Disease related genes, Human disease related genes, Plasma proteins, Potential drug targets, Predicted membrane proteins, Predicted secreted proteins, RAS pathway related proteins, Transporters
1009	FBLN2	Fibulin-2	Immune-cell-enriched	2	0	0	0	0	0	0	0	0	0	0	0	0	1	Myeloid/Monocyte;T-cell;Dendritic	1	1	Immune cell enhanced		Plasma proteins, Predicted intracellular proteins, Predicted secreted proteins
1010	FBN2	Fibrillin-2	Immune-cell-enriched	2	0	0	0	0	0	0	0	0	0	0	0	0	1	Myeloid/Monocyte	1	1	Immune cell enhanced	Cancer-related genes, Disease variant	Cancer-related genes, Disease related genes, Human disease related genes, Plasma proteins, Predicted secreted proteins
1011	FBP1	Fructose-1,6-bisphosphatase 1	Immune-cell-enriched	2	0	0	0	0	0	0	0	0	0	0	0	0	1	Granulocyte	0	1	Immune cell enhanced	Disease variant	Disease related genes, Enzymes, Human disease related genes, Metabolic proteins, Plasma proteins, Potential drug targets, Predicted intracellular proteins
1013	FCAR	Immunoglobulin alpha Fc receptor	Immune-cell-enriched	2	0	0	0	0	0	0	0	0	0	0	0	1	1	Myeloid/Monocyte;Granulocyte	0	1	Group enriched		CD markers, Predicted intracellular proteins, Predicted membrane proteins
1019	FCN1	Ficolin-1	Immune-cell-enriched	3	0	0	0	0	0	0	0	0	0	0	0	0	1	Myeloid/Monocyte	1	1	Immune cell enhanced		Plasma proteins, Predicted secreted proteins
1020	FCN2	Ficolin-2	Immune-cell-enriched	3	0	0	0	0	0	0	0	0	0	0	0	0	1	Myeloid/Monocyte	1	1	Immune cell enhanced		Plasma proteins, Predicted secreted proteins
1030	FES	Tyrosine-protein kinase Fes/Fps	Immune-cell-enriched	2	0	0	0	0	0	0	0	0	0	0	0	0	1	Granulocyte	0	1	Immune cell enhanced	Cancer-related genes, Proto-oncogene, Tumor suppressor	Cancer-related genes, Disease related genes, Enzymes, Potential drug targets, Predicted intracellular proteins
1040	FGF23	Fibroblast growth factor 23	Immune-cell-enriched	2	0	0	0	0	0	0	0	0	0	0	0	0	1	Granulocyte	1	1	Immune cell enhanced	Cancer-related genes, Disease variant	Cancer-related genes, Disease related genes, Human disease related genes, Plasma proteins, Potential drug targets, Predicted secreted proteins, RAS pathway related proteins, Transporters
1047	FGFBP2	Fibroblast growth factor-binding protein 2	Immune-cell-enriched	2	0	0	0	0	0	0	0	0	0	0	0	0	1	T-cell	1	1	Immune cell enhanced		Plasma proteins, Predicted secreted proteins
1048	FGFBP3	Fibroblast growth factor-binding protein 3	Immune-cell-enriched	2	0	0	0	0	0	0	0	0	0	0	0	0	1	B-cell	1	1	Immune cell enhanced		Predicted secreted proteins
1049	FGFR2	Fibroblast growth factor receptor 2	Immune-cell-enriched	2	0	0	0	0	0	0	0	0	0	0	0	1	1	Granulocyte	1	1	Group enriched	Cancer-related genes, Craniosynostosis, Disease variant, Ectodermal dysplasia, FDA approved drug targets, Intellectual disability, Lacrimo-auriculo-dento-digital syndrome, Proto-oncogene	Cancer-related genes, CD markers, Disease related genes, Enzymes, FDA approved drug targets, Human disease related genes, Plasma proteins, Predicted intracellular proteins, Predicted membrane proteins, Predicted secreted proteins, RAS pathway related proteins
1055	FHIT	Bis(5'-adenosyl)-triphosphatase	Immune-cell-enriched	2	0	0	0	0	0	0	0	0	0	0	0	0	1	T-cell	0	1	Immune cell enriched	Cancer-related genes, Tumor suppressor	Cancer-related genes, Disease related genes, Enzymes, Human disease related genes, Metabolic proteins, Potential drug targets, Predicted intracellular proteins
1058	FKBP1B	Peptidyl-prolyl cis-trans isomerase FKBP1B	Immune-cell-enriched	2	0	0	0	0	0	0	0	0	0	0	0	0	1	Granulocyte;T-cell	0	1	Immune cell enhanced		Enzymes, Metabolic proteins, Predicted intracellular proteins
1066	FLT3	Receptor-type tyrosine-protein kinase FLT3	Immune-cell-enriched	2	0	0	0	0	0	0	0	0	0	0	0	1	1	Myeloid/Monocyte;Dendritic	0	1	Group enriched	Cancer-related genes, Disease variant, FDA approved drug targets, Proto-oncogene	Cancer-related genes, CD markers, Disease related genes, Enzymes, FDA approved drug targets, Human disease related genes, Predicted membrane proteins, RAS pathway related proteins
1067	FLT3LG	Fms-related tyrosine kinase 3 ligand	Immune-cell-enriched	2	0	0	0	0	0	0	0	0	0	0	0	0	1	T-cell	1	1	Group enriched		Predicted intracellular proteins, Predicted membrane proteins, Predicted secreted proteins, RAS pathway related proteins
1068	FLT4	Vascular endothelial growth factor receptor 3	Immune-cell-enriched	2	0	0	0	0	0	0	0	0	0	0	0	1	1	T-cell	1	1	Immune cell enriched	Cancer-related genes, Disease variant, FDA approved drug targets	Cancer-related genes, Disease related genes, Enzymes, FDA approved drug targets, Human disease related genes, Plasma proteins, Predicted intracellular proteins, Predicted membrane proteins, Predicted secreted proteins, RAS pathway related proteins, Transporters
1076	FOLR2	Folate receptor beta	Immune-cell-enriched	2	0	0	0	0	0	0	0	0	0	0	0	1	1	Myeloid/Monocyte	1	1	Immune cell enhanced		Metabolic proteins, Predicted intracellular proteins, Predicted membrane proteins, Predicted secreted proteins
1077	FOLR3	Folate receptor gamma	Immune-cell-enriched	2	0	0	0	0	0	0	0	0	0	0	0	1	1	Myeloid/Monocyte;Granulocyte	1	1	Group enriched		Metabolic proteins, Predicted secreted proteins
1078	FOS	Proto-oncogene c-Fos	Immune-cell-enriched	2	0	0	0	0	0	0	0	0	0	0	0	0	1	Granulocyte	0	1	Immune cell enriched	Cancer-related genes, Proto-oncogene	Cancer-related genes, Predicted intracellular proteins, Transcription factors
1079	FOSB	Protein fosB	Immune-cell-enriched	2	0	0	0	0	0	0	0	0	0	0	0	0	1	Granulocyte	0	1	Immune cell enhanced		Predicted intracellular proteins, Transcription factors
1082	FOXO3	Forkhead box protein O3	Immune-cell-enriched	2	0	0	0	0	0	0	0	0	0	0	0	0	1	Granulocyte	0	1	Immune cell enhanced	Cancer-related genes, Proto-oncogene	Cancer-related genes, Disease related genes, Predicted intracellular proteins, Transcription factors
1088	FSTL1	Follistatin-related protein 1	Immune-cell-enriched	2	0	0	0	0	0	0	0	0	0	0	0	0	1	Granulocyte	1	1	Immune cell enriched		Plasma proteins, Predicted intracellular proteins, Predicted secreted proteins
1095	FUT1	Galactoside alpha-(1,2)-fucosyltransferase 1	Immune-cell-enriched	3	0	0	0	0	0	0	0	0	0	0	0	0	1	Granulocyte	1	1	Immune cell enhanced		Blood group antigen proteins, Enzymes, Metabolic proteins, Predicted membrane proteins
1100	FYB1	FYN-binding protein 1	Immune-cell-enriched	2	0	0	0	0	0	0	0	0	0	0	0	0	1	Granulocyte	0	1	Immune cell enhanced	Disease variant	Disease related genes, Human disease related genes, Predicted intracellular proteins
1104	GABARAPL1	Gamma-aminobutyric acid receptor-associated protein-like 1	Immune-cell-enriched	2	0	0	0	0	0	0	0	0	0	0	0	1	1	Granulocyte	0	1	Immune cell enhanced		Predicted intracellular proteins
1114	GALNT3	Polypeptide N-acetylgalactosaminyltransferase 3	Immune-cell-enriched	2	0	0	0	0	0	0	0	0	0	0	0	0	1	Granulocyte	0	1	Immune cell enhanced	Disease variant	Disease related genes, Enzymes, Human disease related genes, Metabolic proteins, Potential drug targets, Predicted intracellular proteins, Predicted membrane proteins
1121	GAS6	Growth arrest-specific protein 6	Immune-cell-enriched	2	0	0	0	0	0	0	0	0	0	0	0	0	1	Myeloid/Monocyte;Dendritic	1	1	Immune cell enriched		Predicted secreted proteins
1124	GATA3	Trans-acting T-cell-specific transcription factor GATA-3	Immune-cell-enriched	3	0	0	0	0	0	0	0	0	0	0	0	0	1	T-cell;NK-cell	0	1	Group enriched	Cancer-related genes, Deafness, Disease variant	Cancer-related genes, Disease related genes, Human disease related genes, Plasma proteins, Predicted intracellular proteins, Transcription factors
1136	GCNT1	Beta-1,3-galactosyl-O-glycosyl-glycoprotein beta-1,6-N-acetylglucosaminyltransferase	Immune-cell-enriched	2	0	0	0	0	0	0	0	0	0	0	0	0	1	Granulocyte	0	1	Immune cell enhanced		Enzymes, Metabolic proteins, Predicted intracellular proteins
1137	GDF15	Growth/differentiation factor 15	Immune-cell-enriched	2	0	0	0	0	0	0	0	0	0	0	0	0	1	Granulocyte	1	1	Immune cell enhanced	Cancer-related genes, Disease variant	Cancer-related genes, Disease related genes, Plasma proteins, Predicted secreted proteins
1141	GFAP	Glial fibrillary acidic protein	Immune-cell-enriched	2	0	0	0	0	0	0	0	0	0	0	0	0	1	Granulocyte	0	1	Immune cell enhanced	Disease variant, Leukodystrophy	Candidate cardiovascular disease genes, Disease related genes, Human disease related genes, Plasma proteins, Predicted intracellular proteins
1145	GFRA2	GDNF family receptor alpha-2	Immune-cell-enriched	2	0	0	0	0	0	0	0	0	0	0	0	1	1	Myeloid/Monocyte	0	1	Immune cell enhanced		Predicted intracellular proteins
1151	GGH	Gamma-glutamyl hydrolase	Immune-cell-enriched	2	0	0	0	0	0	0	0	0	0	0	0	0	1	Myeloid/Monocyte;Dendritic	0	1	Immune cell enriched		Enzymes, Metabolic proteins, Plasma proteins, Predicted intracellular proteins
1153	GGT5	Glutathione hydrolase 5 proenzyme	Immune-cell-enriched	2	0	0	0	0	0	0	0	0	0	0	0	0	1	Granulocyte	0	1	Immune cell enhanced		Enzymes, Metabolic proteins, Predicted intracellular proteins
1158	GHRL	Appetite-regulating hormone	Immune-cell-enriched	2	0	0	0	0	0	0	0	0	0	0	0	0	1	Myeloid/Monocyte;Granulocyte;Dendritic	1	1	Group enriched		Human disease related genes, Plasma proteins, Predicted intracellular proteins, Predicted secreted proteins
1183	GMPR	GMP reductase 1	Immune-cell-enriched	2	0	0	0	0	0	0	0	0	0	0	0	0	1	Granulocyte	0	1	Immune cell enhanced		Enzymes, Metabolic proteins, Plasma proteins, Predicted intracellular proteins
1188	GNLY	Granulysin	Immune-cell-enriched	2	0	0	0	0	0	0	0	0	0	0	0	0	1	NK-cell	1	1	Immune cell enhanced		Predicted intracellular proteins, Predicted secreted proteins, Transporters
1196	GP1BA	Platelet glycoprotein Ib alpha chain	Immune-cell-enriched	2	0	0	0	0	0	0	0	0	0	0	0	0	1	Granulocyte	0	1	Immune cell enriched	Bernard Soulier syndrome, Disease variant, von Willebrand disease	CD markers, Disease related genes, Human disease related genes, Plasma proteins, Predicted membrane proteins
1197	GP1BB	Platelet glycoprotein Ib beta chain	Immune-cell-enriched	2	0	0	0	0	0	0	0	0	0	0	0	0	1	Granulocyte	0	1	Group enriched	Bernard Soulier syndrome, Disease variant	CD markers, Disease related genes, Human disease related genes, Predicted membrane proteins
1201	GPA33	Cell surface A33 antigen	Immune-cell-enriched	2	0	0	0	0	0	0	0	0	0	0	0	0	1	T-cell	0	1	Immune cell enhanced	Cancer-related genes	Cancer-related genes, Plasma proteins, Predicted intracellular proteins, Predicted membrane proteins
1209	GPNMB	Transmembrane glycoprotein NMB	Immune-cell-enriched	2	0	0	0	0	0	0	0	0	0	0	0	0	1	Myeloid/Monocyte	0	1	Group enriched	Amyloidosis, Disease variant	Disease related genes, Human disease related genes, Plasma proteins, Predicted intracellular proteins, Predicted membrane proteins
1214	GPRC5C	G-protein coupled receptor family C group 5 member C	Immune-cell-enriched	2	0	0	0	0	0	0	0	0	0	0	0	1	1	Myeloid/Monocyte;Dendritic	0	1	Immune cell enhanced		G-protein coupled receptors, Predicted intracellular proteins, Predicted membrane proteins, Transporters
1215	GRAP2	GRB2-related adapter protein 2	Immune-cell-enriched	2	0	0	0	0	0	0	0	0	0	0	0	0	1	T-cell	0	1	Group enriched		Plasma proteins, Predicted intracellular proteins
1220	GRN	Progranulin	Immune-cell-enriched	2	0	0	0	0	0	0	0	0	0	0	0	0	1	Myeloid/Monocyte;Granulocyte;Dendritic	1	1	Group enriched	Neurodegeneration, Neuronal ceroid lipofuscinosis	Disease related genes, Human disease related genes, Plasma proteins, Predicted intracellular proteins, Predicted secreted proteins
1225	GSN	Gelsolin	Immune-cell-enriched	2	0	0	0	0	0	0	0	0	0	0	0	0	1	Granulocyte	1	1	Immune cell enhanced	Amyloidosis, Cancer-related genes, Corneal dystrophy, Disease variant	Cancer-related genes, Disease related genes, Human disease related genes, Plasma proteins, Predicted intracellular proteins, Predicted secreted proteins
1226	GSR	Glutathione reductase, mitochondrial	Immune-cell-enriched	2	0	0	0	0	0	0	0	0	0	0	0	0	1	Granulocyte	0	1	Immune cell enhanced	Cancer-related genes, Disease variant, FDA approved drug targets, Hereditary hemolytic anemia	Cancer-related genes, Disease related genes, Enzymes, FDA approved drug targets, Human disease related genes, Metabolic proteins, Plasma proteins, Predicted intracellular proteins
1229	GSTM4	Glutathione S-transferase Mu 4	Immune-cell-enriched	2	0	0	0	0	0	0	0	0	0	0	0	0	1	Granulocyte	0	1	Immune cell enriched		Enzymes, Metabolic proteins, Predicted intracellular proteins
1233	GTPBP2	GTP-binding protein 2	Immune-cell-enriched	2	0	0	0	0	0	0	0	0	0	0	0	0	1	Granulocyte	0	1	Immune cell enhanced	Disease variant, Intellectual disability	Disease related genes, Human disease related genes, Predicted intracellular proteins
1235	GUCY2C	Heat-stable enterotoxin receptor	Immune-cell-enriched	2	0	0	0	0	0	0	0	0	0	0	0	1	1	B-cell	0	1	Immune cell enhanced	Disease variant, FDA approved drug targets	Disease related genes, Enzymes, FDA approved drug targets, Human disease related genes, Metabolic proteins, Predicted membrane proteins, Transporters
1239	GZMA	Granzyme A	Immune-cell-enriched	2	0	0	0	0	0	0	0	0	0	0	0	0	1	T-cell;NK-cell	1	1	Group enriched		Enzymes, Predicted secreted proteins
1240	GZMB	Granzyme B	Immune-cell-enriched	2	0	0	0	0	0	0	0	0	0	0	0	0	1	Myeloid/Monocyte;Dendritic	1	1	Immune cell enriched		Enzymes, Plasma proteins, Predicted intracellular proteins, Predicted secreted proteins
1241	GZMH	Granzyme H	Immune-cell-enriched	2	0	0	0	0	0	0	0	0	0	0	0	0	1	T-cell	1	1	Group enriched		Enzymes, Predicted secreted proteins
1247	HAVCR1	Hepatitis A virus cellular receptor 1	Immune-cell-enriched	2	0	0	0	0	0	0	0	0	0	0	0	1	1	T-cell	0	1	Immune cell enhanced		CD markers, Predicted membrane proteins
1249	HBEGF	Proheparin-binding EGF-like growth factor	Immune-cell-enriched	2	0	0	0	0	0	0	0	0	0	0	0	0	1	Myeloid/Monocyte;Dendritic	1	1	Group enriched		Predicted membrane proteins, Predicted secreted proteins
1255	HDAC9	Histone deacetylase 9	Immune-cell-enriched	2	0	0	0	0	0	0	0	0	0	0	0	0	1	Myeloid/Monocyte;Dendritic	0	1	Immune cell enhanced	FDA approved drug targets	Disease related genes, Enzymes, FDA approved drug targets, Plasma proteins, Predicted intracellular proteins
1258	HDGFL2	Hepatoma-derived growth factor-related protein 2	Immune-cell-enriched	2	0	0	0	0	0	0	0	0	0	0	0	0	1	B-cell	0	0	Immune cell enhanced		Predicted intracellular proteins
1264	HGF	Hepatocyte growth factor	Immune-cell-enriched	2	0	0	0	0	0	0	0	0	0	0	0	0	1	Granulocyte	1	1	Immune cell enriched	Cancer-related genes, Deafness, Non-syndromic deafness	Cancer-related genes, Candidate cardiovascular disease genes, Disease related genes, Enzymes, Human disease related genes, Plasma proteins, Potential drug targets, Predicted secreted proteins, RAS pathway related proteins
1267	HHEX	Hematopoietically-expressed homeobox protein HHEX	Immune-cell-enriched	2	0	0	0	0	0	0	0	0	0	0	0	0	1	Myeloid/Monocyte;Granulocyte;B-cell;Dendritic	0	1	Group enriched		Human disease related genes, Predicted intracellular proteins, Transcription factors
1268	HIF1A	Hypoxia-inducible factor 1-alpha	Immune-cell-enriched	2	0	0	0	0	0	0	0	0	0	0	0	0	1	Granulocyte	0	1	Immune cell enhanced	Cancer-related genes	Cancer-related genes, Human disease related genes, Metabolic proteins, Plasma proteins, Predicted intracellular proteins, Transcription factors
1269	HIP1	Huntingtin-interacting protein 1	Immune-cell-enriched	2	0	0	0	0	0	0	0	0	0	0	0	0	1	Myeloid/Monocyte;Granulocyte;NK-cell;Dendritic	0	1	Group enriched	Cancer-related genes, Neurodegeneration	Cancer-related genes, Disease related genes, Potential drug targets, Predicted intracellular proteins, Transporters
1270	HIP1R	Huntingtin-interacting protein 1-related protein	Immune-cell-enriched	2	0	0	0	0	0	0	0	0	0	0	0	0	1	B-cell	0	1	Immune cell enhanced	Cancer-related genes	Cancer-related genes, Predicted intracellular proteins
1272	HK2	Hexokinase-2	Immune-cell-enriched	2	0	0	0	0	0	0	0	0	0	0	0	0	1	Granulocyte	0	1	Immune cell enhanced	Cancer-related genes	Cancer-related genes, Enzymes, Metabolic proteins, Plasma proteins, Predicted intracellular proteins
1280	HMMR	Hyaluronan mediated motility receptor	Immune-cell-enriched	2	0	0	0	0	0	0	0	0	0	0	0	1	1	T-cell	0	1	Immune cell enhanced	FDA approved drug targets	CD markers, FDA approved drug targets, Human disease related genes, Predicted intracellular proteins
1281	HMOX1	Heme oxygenase 1	Immune-cell-enriched	2	0	0	0	0	0	0	0	0	0	0	0	0	1	Myeloid/Monocyte	0	1	Group enriched	Cancer-related genes	Cancer-related genes, Disease related genes, Enzymes, Human disease related genes, Metabolic proteins, Potential drug targets, Predicted intracellular proteins, Predicted membrane proteins
1284	HNMT	Histamine N-methyltransferase	Immune-cell-enriched	2	0	0	0	0	0	0	0	0	0	0	0	0	1	Myeloid/Monocyte;Dendritic	0	1	Group enriched	Disease variant, Intellectual disability	Disease related genes, Enzymes, Human disease related genes, Metabolic proteins, Potential drug targets, Predicted intracellular proteins
1290	HRAS	GTPase Hras	Immune-cell-enriched	2	0	0	0	0	0	0	0	0	0	0	0	0	1	Myeloid/Monocyte	0	1	Immune cell enhanced	Cancer-related genes, Disease variant, Proto-oncogene	Cancer-related genes, Disease related genes, Enzymes, Human disease related genes, Plasma proteins, Potential drug targets, Predicted intracellular proteins, RAS pathway related proteins
1294	HS3ST3B1	Heparan sulfate glucosamine 3-O-sulfotransferase 3B1	Immune-cell-enriched	2	0	0	0	0	0	0	0	0	0	0	0	0	1	Myeloid/Monocyte;Dendritic	0	1	Immune cell enhanced		Enzymes, Metabolic proteins, Predicted intracellular proteins
1298	HSD11B1	Corticosteroid 11-beta-dehydrogenase isozyme 1	Immune-cell-enriched	2	0	0	0	0	0	0	0	0	0	0	0	0	1	T-cell	0	1	Immune cell enhanced	Disease variant, FDA approved drug targets	Disease related genes, Enzymes, FDA approved drug targets, Human disease related genes, Metabolic proteins, Predicted intracellular proteins
1304	HSPA2	Heat shock-related 70 kDa protein 2	Immune-cell-enriched	2	0	0	0	0	0	0	0	0	0	0	0	0	1	T-cell	0	1	Immune cell enhanced	Cancer-related genes	Cancer-related genes, Plasma proteins, Predicted intracellular proteins
1311	HYAL1	Hyaluronidase-1	Immune-cell-enriched	2	0	0	0	0	0	0	0	0	0	0	0	0	1	Granulocyte	1	1	Immune cell enhanced	Disease variant, Mucopolysaccharidosis	Disease related genes, Enzymes, Human disease related genes, Metabolic proteins, Plasma proteins, Potential drug targets, Predicted intracellular proteins, Predicted secreted proteins
1313	ICA1	Islet cell autoantigen 1	Immune-cell-enriched	2	0	0	0	0	0	0	0	0	0	0	0	0	1	T-cell	0	1	Immune cell enriched		Predicted intracellular proteins, Predicted membrane proteins
1316	ICAM3	Intercellular adhesion molecule 3	Immune-cell-enriched	2	0	0	0	0	0	0	0	0	0	0	0	0	1	Granulocyte	0	1	Immune cell enhanced		CD markers, Plasma proteins, Predicted membrane proteins
1317	ICAM4	Intercellular adhesion molecule 4	Immune-cell-enriched	3	0	0	0	0	0	0	0	0	0	0	0	0	1	Myeloid/Monocyte	1	1	Immune cell enriched		Blood group antigen proteins, CD markers, Predicted intracellular proteins, Predicted membrane proteins
1322	IDO1	Indoleamine 2,3-dioxygenase 1	Immune-cell-enriched	3	0	0	0	0	0	0	0	0	0	0	0	0	1	Granulocyte	0	1	Immune cell enriched	Cancer-related genes	Cancer-related genes, Enzymes, Metabolic proteins, Predicted intracellular proteins
1325	IFI30	Gamma-interferon-inducible lysosomal thiol reductase	Immune-cell-enriched	3	0	0	0	0	0	0	0	0	0	0	0	0	1	Myeloid/Monocyte;Granulocyte;Dendritic	0	1	Group enriched		Predicted intracellular proteins, Predicted membrane proteins
1326	IFIT1	Interferon-induced protein with tetratricopeptide repeats 1	Immune-cell-enriched	3	0	0	0	0	0	0	0	0	0	0	0	0	1	Granulocyte	0	1	Immune cell enhanced		Predicted intracellular proteins
1327	IFIT3	Interferon-induced protein with tetratricopeptide repeats 3	Immune-cell-enriched	3	0	0	0	0	0	0	0	0	0	0	0	0	1	Granulocyte	0	1	Immune cell enhanced		Plasma proteins, Predicted intracellular proteins
1340	IGF1R	Insulin-like growth factor 1 receptor	Immune-cell-enriched	2	0	0	0	0	0	0	0	0	0	0	0	1	1	Granulocyte	0	1	Immune cell enhanced	Cancer-related genes, Disease variant, FDA approved drug targets	Cancer-related genes, CD markers, Disease related genes, Enzymes, FDA approved drug targets, Human disease related genes, Plasma proteins, Predicted intracellular proteins, Predicted membrane proteins, RAS pathway related proteins
1342	IGF2R	Cation-independent mannose-6-phosphate receptor	Immune-cell-enriched	2	0	0	0	0	0	0	0	0	0	0	0	1	1	Granulocyte	0	1	Immune cell enhanced	Cancer-related genes	Cancer-related genes, CD markers, Human disease related genes, Plasma proteins, Predicted intracellular proteins, Predicted membrane proteins, Transporters
1345	IGFBP3	Insulin-like growth factor-binding protein 3	Immune-cell-enriched	2	0	0	0	0	0	0	0	0	0	0	0	0	1	Myeloid/Monocyte;Dendritic	1	1	Immune cell enriched	Cancer-related genes	Cancer-related genes, Plasma proteins, Predicted intracellular proteins, Predicted secreted proteins
1346	IGFBP4	Insulin-like growth factor-binding protein 4	Immune-cell-enriched	2	0	0	0	0	0	0	0	0	0	0	0	0	1	T-cell;NK-cell	1	1	Group enriched		Plasma proteins, Predicted secreted proteins
1347	IGFBP6	Insulin-like growth factor-binding protein 6	Immune-cell-enriched	2	0	0	0	0	0	0	0	0	0	0	0	0	1	Myeloid/Monocyte;Granulocyte	1	1	Immune cell enhanced		Plasma proteins, Predicted intracellular proteins, Predicted secreted proteins
1348	IGFBP7	Insulin-like growth factor-binding protein 7	Immune-cell-enriched	2	0	0	0	0	0	0	0	0	0	0	0	0	1	Granulocyte	1	1	Immune cell enhanced		Disease related genes, Plasma proteins, Predicted secreted proteins
1427	IMPACT	Protein IMPACT	Immune-cell-enriched	2	0	0	0	0	0	0	0	0	0	0	0	0	1	Granulocyte	0	1	Immune cell enhanced		Predicted intracellular proteins
1432	INPP1	Inositol polyphosphate 1-phosphatase	Immune-cell-enriched	2	0	0	0	0	0	0	0	0	0	0	0	0	1	Granulocyte	0	1	Immune cell enhanced		Enzymes, Metabolic proteins, Predicted intracellular proteins
1441	IQGAP2	Ras GTPase-activating-like protein IQGAP2	Immune-cell-enriched	2	0	0	0	0	0	0	0	0	0	0	0	0	1	Granulocyte	0	1	Immune cell enhanced		Plasma proteins, Predicted intracellular proteins, Predicted membrane proteins
1446	ISM1	Isthmin-1	Immune-cell-enriched	2	0	0	0	0	0	0	0	0	0	0	0	0	1	T-cell	1	1	Immune cell enhanced		Predicted secreted proteins
1451	ITGA5	Integrin alpha-5	Immune-cell-enriched	2	0	0	0	0	0	0	0	0	0	0	0	0	1	Granulocyte	0	1	Immune cell enhanced	Cancer-related genes	Cancer-related genes, CD markers, Plasma proteins, Predicted membrane proteins, Transporters
1452	ITGA6	Integrin alpha-6	Immune-cell-enriched	2	0	0	0	0	0	0	0	0	0	0	0	0	1	Granulocyte	0	1	Immune cell enhanced	Cancer-related genes, Epidermolysis bullosa	Cancer-related genes, CD markers, Disease related genes, Human disease related genes, Plasma proteins, Potential drug targets, Predicted intracellular proteins, Predicted membrane proteins, Transporters
1453	ITGAL	Integrin alpha-L	Immune-cell-enriched	2	0	0	0	0	0	0	0	0	0	0	0	0	1	Myeloid/Monocyte	0	1	Immune cell enhanced	FDA approved drug targets	CD markers, FDA approved drug targets, Predicted intracellular proteins, Predicted membrane proteins, Transporters
1456	ITGAX	Integrin alpha-X	Immune-cell-enriched	2	0	0	0	0	0	0	0	0	0	0	0	0	1	Granulocyte	0	1	Immune cell enhanced	FDA approved drug targets	CD markers, FDA approved drug targets, Predicted intracellular proteins, Predicted membrane proteins
1469	ITM2A	Integral membrane protein 2A	Immune-cell-enriched	2	0	0	0	0	0	0	0	0	0	0	0	0	1	Granulocyte;T-cell;NK-cell	0	1	Group enriched		Predicted intracellular proteins, Predicted membrane proteins, Transporters
1472	ITPRIP	Inositol 1,4,5-trisphosphate receptor-interacting protein	Immune-cell-enriched	2	0	0	0	0	0	0	0	0	0	0	0	1	1	Granulocyte	0	1	Immune cell enhanced		Predicted membrane proteins
1476	JAM3	Junctional adhesion molecule C	Immune-cell-enriched	2	0	0	0	0	0	0	0	0	0	0	0	0	1	B-cell	1	1	Immune cell enhanced	Disease variant	Disease related genes, Human disease related genes, Predicted intracellular proteins, Predicted membrane proteins, Predicted secreted proteins
1478	JMJD1C	Probable JmjC domain-containing histone demethylation protein 2C	Immune-cell-enriched	2	0	0	0	0	0	0	0	0	0	0	0	0	1	Granulocyte	0	1	Immune cell enhanced		Predicted intracellular proteins
1482	KAZN	Kazrin	Immune-cell-enriched	2	0	0	0	0	0	0	0	0	0	0	0	0	1	Granulocyte	0	1	Immune cell enriched		Predicted intracellular proteins
1486	KCTD5	BTB/POZ domain-containing protein KCTD5	Immune-cell-enriched	2	0	0	0	0	0	0	0	0	0	0	0	0	1	Myeloid/Monocyte;Dendritic	0	1	Immune cell enhanced		Predicted intracellular proteins
1492	KIAA0319	Dyslexia-associated protein KIAA0319	Immune-cell-enriched	2	0	0	0	0	0	0	0	0	0	0	0	0	1	Granulocyte	1	1	Immune cell enhanced		Disease related genes, Human disease related genes, Predicted membrane proteins, Predicted secreted proteins
1501	KIR2DL3	Killer cell immunoglobulin-like receptor 2DL3	Immune-cell-enriched	2	0	0	0	0	0	0	0	0	0	0	0	1	1	NK-cell	0	1	Immune cell enhanced		CD markers, Predicted membrane proteins
1503	KIR3DL1	Killer cell immunoglobulin-like receptor 3DL1	Immune-cell-enriched	2	0	0	0	0	0	0	0	0	0	0	0	1	1	T-cell	0	1	Immune cell enriched		CD markers, Predicted membrane proteins
1507	KIT	Mast/stem cell growth factor receptor Kit	Immune-cell-enriched	2	0	0	0	0	0	0	0	0	0	0	0	1	1	Granulocyte;NK-cell	0	1	Group enriched	Cancer-related genes, Disease variant, FDA approved drug targets, Proto-oncogene	Cancer-related genes, CD markers, Disease related genes, Enzymes, FDA approved drug targets, Human disease related genes, Plasma proteins, Predicted intracellular proteins, Predicted membrane proteins, RAS pathway related proteins
1510	KLF4	Krueppel-like factor 4	Immune-cell-enriched	2	0	0	0	0	0	0	0	0	0	0	0	0	1	Myeloid/Monocyte	0	1	Immune cell enhanced	Cancer-related genes	Cancer-related genes, Human disease related genes, Predicted intracellular proteins, Transcription factors
1512	KLK1	Kallikrein-1	Immune-cell-enriched	2	0	0	0	0	0	0	0	0	0	0	0	0	1	B-cell	1	1	Group enriched		Enzymes, Metabolic proteins, Predicted secreted proteins
1525	KLRB1	Killer cell lectin-like receptor subfamily B member 1	Immune-cell-enriched	2	0	0	0	0	0	0	0	0	0	0	0	1	1	T-cell	0	1	Immune cell enhanced		CD markers, Predicted membrane proteins
1526	KLRC1	NKG2-A/NKG2-B type II integral membrane protein	Immune-cell-enriched	3	0	0	0	0	0	0	0	0	0	0	0	0	1	T-cell;NK-cell	0	1	Group enriched		CD markers, Predicted intracellular proteins, Predicted membrane proteins
1527	KLRD1	Natural killer cells antigen CD94	Immune-cell-enriched	3	0	0	0	0	0	0	0	0	0	0	0	0	1	T-cell;NK-cell	0	1	Group enriched		CD markers, Predicted intracellular proteins, Predicted membrane proteins
1528	KLRF1	Killer cell lectin-like receptor subfamily F member 1	Immune-cell-enriched	3	0	0	0	0	0	0	0	0	0	0	0	1	1	NK-cell	0	1	Immune cell enriched		Predicted membrane proteins
1529	KLRK1	NKG2-D type II integral membrane protein	Immune-cell-enriched	3	0	0	0	0	0	0	0	0	0	0	0	0	1	T-cell;NK-cell	0	1	Group enriched	Cancer-related genes	Cancer-related genes, CD markers, Predicted membrane proteins, Transporters
1532	KRT18	Keratin, type I cytoskeletal 18	Immune-cell-enriched	2	0	0	0	0	0	0	0	0	0	0	0	0	1	Granulocyte	0	1	Immune cell enriched	Cancer-related genes, Disease variant	Cancer-related genes, Disease related genes, Human disease related genes, Predicted intracellular proteins
1534	KRT5	Keratin, type II cytoskeletal 5	Immune-cell-enriched	2	0	0	0	0	0	0	0	0	0	0	0	0	1	Myeloid/Monocyte;Dendritic	0	1	Immune cell enriched	Disease variant, Epidermolysis bullosa	Disease related genes, Human disease related genes, Plasma proteins, Predicted intracellular proteins
1536	KRT8	Keratin, type II cytoskeletal 8	Immune-cell-enriched	2	0	0	0	0	0	0	0	0	0	0	0	0	1	Myeloid/Monocyte;Dendritic	0	1	Immune cell enhanced	Cancer-related genes, Disease variant	Cancer-related genes, Disease related genes, Essential proteins, Human disease related genes, Plasma proteins, Predicted intracellular proteins
1538	KYNU	Kynureninase	Immune-cell-enriched	2	0	0	0	0	0	0	0	0	0	0	0	0	1	Myeloid/Monocyte;B-cell;Dendritic	0	1	Group enriched	Disease variant	Disease related genes, Enzymes, Human disease related genes, Metabolic proteins, Plasma proteins, Potential drug targets, Predicted intracellular proteins
1545	LAIR2	Leukocyte-associated immunoglobulin-like receptor 2	Immune-cell-enriched	2	0	0	0	0	0	0	0	0	0	0	0	1	1	T-cell	1	1	Group enriched		CD markers, Predicted intracellular proteins, Predicted secreted proteins
1550	LAMP2	Lysosome-associated membrane glycoprotein 2	Immune-cell-enriched	2	0	0	0	0	0	0	0	0	0	0	0	0	1	Granulocyte	0	1	Immune cell enhanced	Disease variant, Glycogen storage disease	CD markers, Disease related genes, Human disease related genes, Plasma proteins, Potential drug targets, Predicted membrane proteins, Transporters
1551	LAMP3	Lysosome-associated membrane glycoprotein 3	Immune-cell-enriched	3	0	0	0	0	0	0	0	0	0	0	0	0	1	Granulocyte	0	1	Immune cell enhanced		CD markers, Predicted intracellular proteins, Predicted membrane proteins
1555	LAT	Linker for activation of T-cells family member 1	Immune-cell-enriched	3	0	0	0	0	0	0	0	0	0	0	0	0	1	Granulocyte;T-cell;NK-cell	0	1	Group enriched		Disease related genes, Human disease related genes, Plasma proteins, Predicted intracellular proteins, Predicted membrane proteins, RAS pathway related proteins
1556	LAT2	Linker for activation of T-cells family member 2	Immune-cell-enriched	3	0	0	0	0	0	0	0	0	0	0	0	0	1	Granulocyte	0	1	Immune cell enhanced	Williams-Beuren syndrome	Disease related genes, Human disease related genes, Predicted intracellular proteins
1558	LAYN	Layilin	Immune-cell-enriched	2	0	0	0	0	0	0	0	0	0	0	0	0	1	Myeloid/Monocyte;T-cell;Dendritic	0	1	Group enriched		Predicted intracellular proteins, Predicted membrane proteins
1561	LCAT	Phosphatidylcholine-sterol acyltransferase	Immune-cell-enriched	2	0	0	0	0	0	0	0	0	0	0	0	0	1	Granulocyte	1	1	Immune cell enhanced	Corneal dystrophy, Disease variant	Disease related genes, Enzymes, Human disease related genes, Metabolic proteins, Plasma proteins, Potential drug targets, Predicted intracellular proteins, Predicted secreted proteins
1563	LCN2	Neutrophil gelatinase-associated lipocalin	Immune-cell-enriched	3	0	0	0	0	0	0	0	0	0	0	0	0	1	Myeloid/Monocyte;Granulocyte	1	1	Group enriched		Candidate cardiovascular disease genes, Plasma proteins, Predicted secreted proteins
1565	LDLR	Low-density lipoprotein receptor	Immune-cell-enriched	2	0	0	0	0	0	0	0	0	0	0	0	1	1	Granulocyte	0	1	Immune cell enriched	Disease variant	Disease related genes, Human disease related genes, Metabolic proteins, Plasma proteins, Predicted intracellular proteins, Predicted membrane proteins
1573	LEPR	Leptin receptor	Immune-cell-enriched	2	0	0	0	0	0	0	0	0	0	0	0	1	1	Granulocyte	0	1	Immune cell enhanced	Cancer-related genes, FDA approved drug targets, Obesity	Cancer-related genes, Candidate cardiovascular disease genes, CD markers, Disease related genes, FDA approved drug targets, Human disease related genes, Plasma proteins, Predicted membrane proteins
1576	LGALS3	Galectin-3	Immune-cell-enriched	3	0	0	0	0	0	0	0	0	0	0	0	0	1	Myeloid/Monocyte;T-cell;Dendritic	1	1	Group enriched	Cancer-related genes	Cancer-related genes, Plasma proteins, Predicted intracellular proteins, Predicted secreted proteins
1580	LGALS8	Galectin-8	Immune-cell-enriched	2	0	0	0	0	0	0	0	0	0	0	0	0	1	Granulocyte	0	1	Immune cell enhanced		Predicted intracellular proteins
1582	LGMN	Legumain	Immune-cell-enriched	2	0	0	0	0	0	0	0	0	0	0	0	0	1	Myeloid/Monocyte;Dendritic	0	1	Immune cell enriched	Cancer-related genes	Cancer-related genes, Enzymes, Metabolic proteins, Predicted intracellular proteins
1587	LILRA2	Leukocyte immunoglobulin-like receptor subfamily A member 2	Immune-cell-enriched	3	0	0	0	0	0	0	0	0	0	0	0	1	1	Granulocyte	1	1	Immune cell enhanced		CD markers, Plasma proteins, Predicted intracellular proteins, Predicted membrane proteins, Predicted secreted proteins
1589	LILRA4	Leukocyte immunoglobulin-like receptor subfamily A member 4	Immune-cell-enriched	3	0	0	0	0	0	0	0	0	0	0	0	1	1	Myeloid/Monocyte;Dendritic	0	1	Immune cell enriched		CD markers, Predicted membrane proteins
1590	LILRA5	Leukocyte immunoglobulin-like receptor subfamily A member 5	Immune-cell-enriched	3	0	0	0	0	0	0	0	0	0	0	0	1	1	Myeloid/Monocyte;Granulocyte	1	1	Group enriched		CD markers, Predicted membrane proteins, Predicted secreted proteins
1591	LILRA6	Leukocyte immunoglobulin-like receptor subfamily A member 6	Immune-cell-enriched	3	0	0	0	0	0	0	0	0	0	0	0	1	1	Myeloid/Monocyte;Granulocyte	0	1	Group enriched		Predicted membrane proteins
1592	LILRB1	Leukocyte immunoglobulin-like receptor subfamily B member 1	Immune-cell-enriched	2	0	0	0	0	0	0	0	0	0	0	0	1	1	Myeloid/Monocyte	0	1	Group enriched		Predicted membrane proteins
1593	LILRB2	Leukocyte immunoglobulin-like receptor subfamily B member 2	Immune-cell-enriched	3	0	0	0	0	0	0	0	0	0	0	0	1	1	Myeloid/Monocyte;Granulocyte	0	1	Group enriched		CD markers, Predicted membrane proteins
1594	LILRB4	Leukocyte immunoglobulin-like receptor subfamily B member 4	Immune-cell-enriched	3	0	0	0	0	0	0	0	0	0	0	0	1	1	Myeloid/Monocyte;Dendritic	0	1	Immune cell enhanced		CD markers, Predicted intracellular proteins, Predicted membrane proteins
1603	LPCAT2	Lysophosphatidylcholine acyltransferase 2	Immune-cell-enriched	2	0	0	0	0	0	0	0	0	0	0	0	0	1	Granulocyte	0	1	Immune cell enhanced		Enzymes, Metabolic proteins, Predicted intracellular proteins, Predicted membrane proteins
1604	LPL	Lipoprotein lipase	Immune-cell-enriched	2	0	0	0	0	0	0	0	0	0	0	0	0	1	Myeloid/Monocyte	1	1	Immune cell enhanced	Disease variant, FDA approved drug targets, Hyperlipidemia	Candidate cardiovascular disease genes, Disease related genes, Enzymes, FDA approved drug targets, Human disease related genes, Metabolic proteins, Plasma proteins, Predicted intracellular proteins, Predicted secreted proteins
1606	LPP	Lipoma-preferred partner	Immune-cell-enriched	2	0	0	0	0	0	0	0	0	0	0	0	0	1	Granulocyte	0	1	Immune cell enhanced	Cancer-related genes	Cancer-related genes, Disease related genes, Human disease related genes, Plasma proteins, Predicted intracellular proteins
1609	LRG1	Leucine-rich alpha-2-glycoprotein	Immune-cell-enriched	2	0	0	0	0	0	0	0	0	0	0	0	0	1	Granulocyte	1	1	Immune cell enriched		Plasma proteins, Predicted secreted proteins
1610	LRIG1	Leucine-rich repeats and immunoglobulin-like domains protein 1	Immune-cell-enriched	2	0	0	0	0	0	0	0	0	0	0	0	0	1	T-cell	0	1	Immune cell enhanced		Predicted membrane proteins, Transporters
1612	LRP1	Prolow-density lipoprotein receptor-related protein 1	Immune-cell-enriched	2	0	0	0	0	0	0	0	0	0	0	0	1	1	Myeloid/Monocyte;Dendritic	0	1	Group enriched	Disease variant	Candidate cardiovascular disease genes, CD markers, Disease related genes, Human disease related genes, Plasma proteins, Potential drug targets, Predicted intracellular proteins, Predicted membrane proteins, Transporters
1617	LRRC25	Leucine-rich repeat-containing protein 25	Immune-cell-enriched	2	0	0	0	0	0	0	0	0	0	0	0	0	1	Myeloid/Monocyte;Granulocyte;Dendritic	0	1	Group enriched		Predicted membrane proteins
1618	LRRC37A2	Leucine-rich repeat-containing protein 37A2	Immune-cell-enriched	2	0	0	0	0	0	0	0	0	0	0	0	0	1	Granulocyte	0	1	Immune cell enhanced		Predicted intracellular proteins, Predicted membrane proteins
1639	LY9	T-lymphocyte surface antigen Ly-9	Immune-cell-enriched	3	0	0	0	0	0	0	0	0	0	0	0	0	1	Myeloid/Monocyte;T-cell;B-cell;Dendritic	1	1	Group enriched		CD markers, Predicted membrane proteins, Predicted secreted proteins
1640	LY96	Lymphocyte antigen 96	Immune-cell-enriched	3	0	0	0	0	0	0	0	0	0	0	0	0	1	Granulocyte	1	1	Immune cell enriched		Predicted secreted proteins
1642	LYN	Tyrosine-protein kinase Lyn	Immune-cell-enriched	3	0	0	0	0	0	0	0	0	0	0	0	0	1	Granulocyte	0	1	Immune cell enhanced	Cancer-related genes, Disease variant, Proto-oncogene	Cancer-related genes, Disease related genes, Enzymes, Potential drug targets, Predicted intracellular proteins
1643	LYPD1	Ly6/PLAUR domain-containing protein 1	Immune-cell-enriched	2	0	0	0	0	0	0	0	0	0	0	0	0	1	Granulocyte	0	1	Immune cell enriched		Predicted intracellular proteins
1644	LYPD3	Ly6/PLAUR domain-containing protein 3	Immune-cell-enriched	2	0	0	0	0	0	0	0	0	0	0	0	0	1	T-cell	0	1	Immune cell enhanced		Predicted membrane proteins
1654	MAG	Myelin-associated glycoprotein	Immune-cell-enriched	2	0	0	0	0	0	0	0	0	0	0	0	0	1	Myeloid/Monocyte;Dendritic	0	1	Immune cell enriched	Disease variant, Hereditary spastic paraplegia, Neurodegeneration	Disease related genes, Human disease related genes, Plasma proteins, Predicted intracellular proteins, Predicted membrane proteins
1662	MANF	Mesencephalic astrocyte-derived neurotrophic factor	Immune-cell-enriched	2	0	0	0	0	0	0	0	0	0	0	0	0	1	Myeloid/Monocyte;Dendritic	1	1	Immune cell enhanced	Deafness, Diabetes mellitus, Dwarfism	Plasma proteins, Predicted secreted proteins
1663	MANSC1	MANSC domain-containing protein 1	Immune-cell-enriched	2	0	0	0	0	0	0	0	0	0	0	0	0	1	Granulocyte	0	1	Immune cell enriched		Metabolic proteins, Plasma proteins, Predicted intracellular proteins, Predicted membrane proteins
1665	MAP1LC3A	Microtubule-associated proteins 1A/1B light chain 3A	Immune-cell-enriched	2	0	0	0	0	0	0	0	0	0	0	0	0	1	Granulocyte	0	1	Immune cell enriched		Predicted intracellular proteins
1669	MAP2K6	Dual specificity mitogen-activated protein kinase kinase 6	Immune-cell-enriched	2	0	0	0	0	0	0	0	0	0	0	0	0	1	Myeloid/Monocyte;Granulocyte;Dendritic	0	1	Group enriched		Enzymes, Predicted intracellular proteins
1671	MAP4K5	Mitogen-activated protein kinase kinase kinase kinase 5	Immune-cell-enriched	2	0	0	0	0	0	0	0	0	0	0	0	0	1	Granulocyte	0	1	Group enriched		Enzymes, Essential proteins, Predicted intracellular proteins
1673	MAPK9	Mitogen-activated protein kinase 9	Immune-cell-enriched	2	0	0	0	0	0	0	0	0	0	0	0	0	1	Granulocyte	0	1	Immune cell enriched		Enzymes, Predicted intracellular proteins, RAS pathway related proteins
1674	MAPKAPK2	MAP kinase-activated protein kinase 2	Immune-cell-enriched	2	0	0	0	0	0	0	0	0	0	0	0	0	1	Myeloid/Monocyte;Dendritic	0	1	Immune cell enriched	Cancer-related genes	Cancer-related genes, Enzymes, Predicted membrane proteins
1675	MAPRE3	Microtubule-associated protein RP/EB family member 3	Immune-cell-enriched	2	0	0	0	0	0	0	0	0	0	0	0	0	1	Granulocyte	0	1	Immune cell enhanced		Predicted intracellular proteins
1676	MAPT	Microtubule-associated protein tau	Immune-cell-enriched	2	0	0	0	0	0	0	0	0	0	0	0	0	1	Myeloid/Monocyte	1	1	Immune cell enhanced	Alzheimer disease, Disease variant, FDA approved drug targets, Neurodegeneration, Parkinsonism	Candidate cardiovascular disease genes, Disease related genes, FDA approved drug targets, Human disease related genes, Plasma proteins, Predicted intracellular proteins, Predicted secreted proteins
1677	MARCO	Macrophage receptor MARCO	Immune-cell-enriched	3	0	0	0	0	0	0	0	0	0	0	0	1	1	Myeloid/Monocyte	0	1	Group enriched		Plasma proteins, Predicted intracellular proteins, Predicted membrane proteins
1680	MATN2	Matrilin-2	Immune-cell-enriched	2	0	0	0	0	0	0	0	0	0	0	0	0	1	T-cell	1	1	Immune cell enriched		Predicted intracellular proteins, Predicted secreted proteins
1684	MB	Myoglobin	Immune-cell-enriched	2	0	0	0	0	0	0	0	0	0	0	0	0	1	NK-cell	0	1	Immune cell enriched	Disease variant, FDA approved drug targets	Candidate cardiovascular disease genes, FDA approved drug targets, Plasma proteins, Predicted intracellular proteins, Transporters
1688	MCEMP1	Mast cell-expressed membrane protein 1	Immune-cell-enriched	2	0	0	0	0	0	0	0	0	0	0	0	0	1	Myeloid/Monocyte;Granulocyte	0	1	Group enriched		Predicted membrane proteins
1693	MDK	Midkine	Immune-cell-enriched	2	0	0	0	0	0	0	0	0	0	0	0	0	1	Granulocyte;B-cell	1	1	Immune cell enhanced	Cancer-related genes	Cancer-related genes, Predicted secreted proteins
1700	MEGF9	Multiple epidermal growth factor-like domains protein 9	Immune-cell-enriched	2	0	0	0	0	0	0	0	0	0	0	0	0	1	Granulocyte	0	1	Immune cell enhanced		Plasma proteins, Predicted membrane proteins
1706	MERTK	Tyrosine-protein kinase Mer	Immune-cell-enriched	2	0	0	0	0	0	0	0	0	0	0	0	0	1	Myeloid/Monocyte	0	1	Group enriched	Disease variant, Proto-oncogene, Retinitis pigmentosa	Disease related genes, Enzymes, Human disease related genes, Plasma proteins, Potential drug targets, Predicted intracellular proteins, Predicted membrane proteins
1713	MFAP3L	Microfibrillar-associated protein 3-like	Immune-cell-enriched	2	0	0	0	0	0	0	0	0	0	0	0	0	1	Granulocyte	0	1	Group enriched		Predicted intracellular proteins, Predicted membrane proteins
1714	MFAP4	Microfibril-associated glycoprotein 4	Immune-cell-enriched	2	0	0	0	0	0	0	0	0	0	0	0	0	1	Myeloid/Monocyte;Granulocyte	1	1	Group enriched		Plasma proteins, Predicted secreted proteins
1715	MFAP5	Microfibrillar-associated protein 5	Immune-cell-enriched	2	0	0	0	0	0	0	0	0	0	0	0	0	1	Granulocyte	1	1	Immune cell enhanced	Aortic aneurysm, Disease variant	Disease related genes, Human disease related genes, Plasma proteins, Predicted intracellular proteins, Predicted secreted proteins
1716	MFGE8	Lactadherin	Immune-cell-enriched	2	0	0	0	0	0	0	0	0	0	0	0	0	1	T-cell	1	1	Immune cell enhanced	Cancer-related genes	Cancer-related genes, Predicted intracellular proteins, Predicted secreted proteins
1717	MGLL	Monoglyceride lipase	Immune-cell-enriched	2	0	0	0	0	0	0	0	0	0	0	0	0	1	Myeloid/Monocyte	0	1	Immune cell enhanced		Enzymes, Metabolic proteins, Predicted intracellular proteins
1719	MIA	Melanoma-derived growth regulatory protein	Immune-cell-enriched	2	0	0	0	0	0	0	0	0	0	0	0	0	1	Granulocyte	1	1	Immune cell enriched	Cancer-related genes	Cancer-related genes, Predicted secreted proteins
1723	MILR1	Allergin-1	Immune-cell-enriched	2	0	0	0	0	0	0	0	0	0	0	0	0	1	Granulocyte	0	1	Immune cell enhanced		Essential proteins, Predicted intracellular proteins, Predicted membrane proteins
1724	MINDY1	Ubiquitin carboxyl-terminal hydrolase MINDY-1	Immune-cell-enriched	2	0	0	0	0	0	0	0	0	0	0	0	0	1	Granulocyte	0	1	Group enriched		Enzymes, Predicted intracellular proteins
1730	MME	Neprilysin	Immune-cell-enriched	2	0	0	0	0	0	0	0	0	0	0	0	0	1	Granulocyte	0	1	Immune cell enriched	Cancer-related genes, Charcot-Marie-Tooth disease, Disease variant, FDA approved drug targets, Neurodegeneration, Neuropathy, Spinocerebellar ataxia	Cancer-related genes, Candidate cardiovascular disease genes, CD markers, Disease related genes, Enzymes, FDA approved drug targets, Human disease related genes, Plasma proteins, Predicted intracellular proteins, Predicted membrane proteins
1738	MMP8	Neutrophil collagenase	Immune-cell-enriched	2	0	0	0	0	0	0	0	0	0	0	0	0	1	Myeloid/Monocyte	1	1	Immune cell enhanced	Cancer-related genes	Cancer-related genes, Enzymes, Plasma proteins, Predicted intracellular proteins, Predicted secreted proteins
1739	MMP9	Matrix metalloproteinase-9	Immune-cell-enriched	2	0	0	0	0	0	0	0	0	0	0	0	0	1	Granulocyte	1	1	Immune cell enriched	Cancer-related genes	Cancer-related genes, Candidate cardiovascular disease genes, Disease related genes, Enzymes, Human disease related genes, Plasma proteins, Potential drug targets, Predicted secreted proteins
1743	MNDA	Myeloid cell nuclear differentiation antigen	Immune-cell-enriched	2	0	0	0	0	0	0	0	0	0	0	0	0	1	Granulocyte	0	1	Immune cell enriched		Predicted intracellular proteins
1752	MPIG6B	Megakaryocyte and platelet inhibitory receptor G6b	Immune-cell-enriched	2	0	0	0	0	0	0	0	0	0	0	0	1	1	NK-cell	0	1	Immune cell enhanced		Disease related genes, Human disease related genes, Predicted intracellular proteins, Predicted membrane proteins
1753	MPO	Myeloperoxidase	Immune-cell-enriched	2	0	0	0	0	0	0	0	0	0	0	0	0	1	Myeloid/Monocyte	0	1	Immune cell enhanced	Cancer-related genes, Disease variant	Cancer-related genes, Candidate cardiovascular disease genes, Disease related genes, Enzymes, Human disease related genes, Metabolic proteins, Plasma proteins, Potential drug targets, Predicted intracellular proteins
1754	MPRIP	Myosin phosphatase Rho-interacting protein	Immune-cell-enriched	2	0	0	0	0	0	0	0	0	0	0	0	0	1	T-cell	0	1	Immune cell enhanced		Predicted intracellular proteins
1755	MRC1	Macrophage mannose receptor 1	Immune-cell-enriched	2	0	0	0	0	0	0	0	0	0	0	0	1	1	Myeloid/Monocyte;Dendritic	0	1	Immune cell enriched	FDA approved drug targets	CD markers, FDA approved drug targets, Plasma proteins, Predicted membrane proteins
1763	MSLN	Mesothelin	Immune-cell-enriched	2	0	0	0	0	0	0	0	0	0	0	0	0	1	Myeloid/Monocyte;Dendritic	0	1	Immune cell enhanced	Cancer-related genes	Cancer-related genes, Disease related genes, Plasma proteins, Predicted intracellular proteins, Predicted membrane proteins
1766	MSR1	Macrophage scavenger receptor types I and II	Immune-cell-enriched	2	0	0	0	0	0	0	0	0	0	0	0	1	1	Myeloid/Monocyte	0	1	Immune cell enhanced	Cancer-related genes	Cancer-related genes, CD markers, Disease related genes, Human disease related genes, Plasma proteins, Predicted intracellular proteins, Predicted membrane proteins
1767	MSRA	Mitochondrial peptide methionine sulfoxide reductase	Immune-cell-enriched	2	0	0	0	0	0	0	0	0	0	0	0	0	1	Granulocyte	0	1	Immune cell enhanced		Enzymes, Metabolic proteins, Predicted intracellular proteins
1776	MTSS1	Protein MTSS 1	Immune-cell-enriched	2	0	0	0	0	0	0	0	0	0	0	0	0	1	Myeloid/Monocyte	0	1	Immune cell enhanced	Tumor suppressor	Plasma proteins, Predicted intracellular proteins
1778	MTUS1	Microtubule-associated tumor suppressor 1	Immune-cell-enriched	2	0	0	0	0	0	0	0	0	0	0	0	0	1	T-cell	0	1	Immune cell enhanced	Disease variant, Tumor suppressor	Disease related genes, Predicted intracellular proteins, Predicted membrane proteins
1784	MXRA8	Matrix remodeling-associated protein 8	Immune-cell-enriched	2	0	0	0	0	0	0	0	0	0	0	0	0	1	T-cell	0	1	Immune cell enriched		Predicted membrane proteins
1794	MYL4	Myosin light chain 4	Immune-cell-enriched	2	0	0	0	0	0	0	0	0	0	0	0	0	1	Myeloid/Monocyte;Dendritic	0	1	Immune cell enriched	Atrial fibrillation, Disease variant	Disease related genes, Human disease related genes, Plasma proteins, Predicted intracellular proteins
1795	MYL6B	Myosin light chain 6B	Immune-cell-enriched	2	0	0	0	0	0	0	0	0	0	0	0	0	1	Myeloid/Monocyte;Dendritic	0	1	Immune cell enhanced		Plasma proteins, Predicted intracellular proteins
1797	MYO6	Unconventional myosin-VI	Immune-cell-enriched	2	0	0	0	0	0	0	0	0	0	0	0	0	1	T-cell;NK-cell	0	1	Group enriched	Cardiomyopathy, Deafness, Disease variant, Non-syndromic deafness	Disease related genes, Human disease related genes, Plasma proteins, Predicted intracellular proteins
1803	MZB1	Marginal zone B- and B1-cell-specific protein	Immune-cell-enriched	2	0	0	0	0	0	0	0	0	0	0	0	0	1	Myeloid/Monocyte;B-cell;Dendritic	1	1	Group enriched		Predicted secreted proteins
1806	NAA80	N-alpha-acetyltransferase 80	Immune-cell-enriched	2	0	0	0	0	0	0	0	0	0	0	0	0	1	Granulocyte	0	1	Immune cell enriched	Deafness, Disease variant, Tumor suppressor	Metabolic proteins, Predicted intracellular proteins
1807	NAAA	N-acylethanolamine-hydrolyzing acid amidase	Immune-cell-enriched	2	0	0	0	0	0	0	0	0	0	0	0	0	1	Myeloid/Monocyte	0	1	Immune cell enhanced		Enzymes, Metabolic proteins, Predicted intracellular proteins
1809	NADK	NAD kinase	Immune-cell-enriched	2	0	0	0	0	0	0	0	0	0	0	0	0	1	Granulocyte	0	1	Immune cell enhanced		Enzymes, Metabolic proteins, Predicted intracellular proteins
1810	NAGA	Alpha-N-acetylgalactosaminidase	Immune-cell-enriched	2	0	0	0	0	0	0	0	0	0	0	0	0	1	Myeloid/Monocyte;Dendritic	0	1	Group enriched	Cancer-related genes, Disease variant, Epilepsy	Cancer-related genes, Disease related genes, Enzymes, Human disease related genes, Metabolic proteins, Plasma proteins, Potential drug targets, Predicted intracellular proteins
1813	NAMPT	Nicotinamide phosphoribosyltransferase	Immune-cell-enriched	2	0	0	0	0	0	0	0	0	0	0	0	0	1	Granulocyte	1	1	Immune cell enriched	Cancer-related genes	Cancer-related genes, Enzymes, Metabolic proteins, Plasma proteins, Predicted intracellular proteins, Predicted secreted proteins
1819	NCAM1	Neural cell adhesion molecule 1	Immune-cell-enriched	2	0	0	0	0	0	0	0	0	0	0	0	0	1	NK-cell	1	1	Immune cell enriched	Cancer-related genes	Cancer-related genes, CD markers, Plasma proteins, Predicted intracellular proteins, Predicted membrane proteins, Predicted secreted proteins, Transporters
1822	NCF2	Neutrophil cytosol factor 2	Immune-cell-enriched	2	0	0	0	0	0	0	0	0	0	0	0	0	1	Granulocyte	0	1	Immune cell enhanced	Chronic granulomatous disease, Disease variant	Disease related genes, Human disease related genes, Plasma proteins, Predicted intracellular proteins
1825	NCR1	Natural cytotoxicity triggering receptor 1	Immune-cell-enriched	2	0	0	0	0	0	0	0	0	0	0	0	1	1	NK-cell	0	1	Immune cell enriched		CD markers, Predicted membrane proteins
1829	NDST1	Bifunctional heparan sulfate N-deacetylase/N-sulfotransferase 1	Immune-cell-enriched	3	0	0	0	0	0	0	0	0	0	0	0	0	1	Myeloid/Monocyte;Granulocyte;Dendritic	0	1	Group enriched	Disease variant, Intellectual disability	Disease related genes, Enzymes, Human disease related genes, Metabolic proteins, Potential drug targets, Predicted intracellular proteins, Predicted membrane proteins
1835	NECTIN1	Nectin-1	Immune-cell-enriched	2	0	0	0	0	0	0	0	0	0	0	0	0	1	Myeloid/Monocyte;Dendritic	1	1	Immune cell enhanced	Disease variant, Ectodermal dysplasia	CD markers, Disease related genes, Human disease related genes, Plasma proteins, Predicted membrane proteins, Predicted secreted proteins
1836	NECTIN2	Nectin-2	Immune-cell-enriched	2	0	0	0	0	0	0	0	0	0	0	0	0	1	Granulocyte	0	1	Immune cell enhanced		CD markers, Plasma proteins, Predicted intracellular proteins, Predicted membrane proteins
1838	NEDD4L	E3 ubiquitin-protein ligase NEDD4-like	Immune-cell-enriched	2	0	0	0	0	0	0	0	0	0	0	0	0	1	T-cell	0	1	Immune cell enriched	Cancer-related genes, Disease variant	Cancer-related genes, Disease related genes, Enzymes, Human disease related genes, Metabolic proteins, Potential drug targets, Predicted intracellular proteins
1840	NEFL	Neurofilament light polypeptide	Immune-cell-enriched	2	0	0	0	0	0	0	0	0	0	0	0	0	1	T-cell	0	1	Immune cell enriched	Charcot-Marie-Tooth disease, Disease variant, Neurodegeneration, Neuropathy	Disease related genes, Human disease related genes, Predicted intracellular proteins
1843	NELL2	Protein kinase C-binding protein NELL2	Immune-cell-enriched	2	0	0	0	0	0	0	0	0	0	0	0	0	1	T-cell	1	1	Immune cell enhanced		Plasma proteins, Predicted intracellular proteins, Predicted membrane proteins, Predicted secreted proteins
1851	NFE2	Transcription factor NF-E2 45 kDa subunit	Immune-cell-enriched	2	0	0	0	0	0	0	0	0	0	0	0	0	1	Granulocyte	0	1	Group enriched		Predicted intracellular proteins, Transcription factors
1854	NFKB2	Nuclear factor NF-kappa-B p100 subunit	Immune-cell-enriched	2	0	0	0	0	0	0	0	0	0	0	0	0	1	Granulocyte	0	1	Immune cell enhanced	Cancer-related genes, Disease variant, FDA approved drug targets, Proto-oncogene	Cancer-related genes, Disease related genes, FDA approved drug targets, Human disease related genes, Predicted intracellular proteins, Transcription factors
1860	NGFR	Tumor necrosis factor receptor superfamily member 16	Immune-cell-enriched	2	0	0	0	0	0	0	0	0	0	0	0	1	1	Myeloid/Monocyte;Dendritic	0	1	Immune cell enriched	Cancer-related genes	Cancer-related genes, CD markers, Predicted intracellular proteins, Predicted membrane proteins, RAS pathway related proteins, Transporters
1863	NID1	Nidogen-1	Immune-cell-enriched	2	0	0	0	0	0	0	0	0	0	0	0	0	1	Myeloid/Monocyte;Dendritic	1	1	Group enriched		Plasma proteins, Predicted secreted proteins
1865	NINJ1	Ninjurin-1	Immune-cell-enriched	3	0	0	0	0	0	0	0	0	0	0	0	0	1	Granulocyte	0	1	Immune cell enhanced		Predicted membrane proteins
1876	NOMO1	Nodal modulator 1	Immune-cell-enriched	2	0	0	0	0	0	0	0	0	0	0	0	0	1	Granulocyte	0	1	Immune cell enhanced		Plasma proteins, Predicted intracellular proteins, Predicted membrane proteins
1881	NOTCH1	Neurogenic locus notch homolog protein 1	Immune-cell-enriched	2	0	0	0	0	0	0	0	0	0	0	0	0	1	Granulocyte	0	1	Immune cell enhanced	Cancer-related genes, Disease variant	Cancer-related genes, Disease related genes, Human disease related genes, Plasma proteins, Potential drug targets, Predicted membrane proteins, Transporters
1884	NPC2	NPC intracellular cholesterol transporter 2	Immune-cell-enriched	2	0	0	0	0	0	0	0	0	0	0	0	0	1	Myeloid/Monocyte;Granulocyte;Dendritic	1	1	Group enriched	Disease variant, Niemann-Pick disease	Disease related genes, Human disease related genes, Plasma proteins, Potential drug targets, Predicted intracellular proteins, Predicted secreted proteins, Transporters
1885	NPDC1	Neural proliferation differentiation and control protein 1	Immune-cell-enriched	2	0	0	0	0	0	0	0	0	0	0	0	0	1	T-cell	0	1	Group enriched		Predicted intracellular proteins, Predicted membrane proteins
1888	NPL	N-acetylneuraminate lyase	Immune-cell-enriched	2	0	0	0	0	0	0	0	0	0	0	0	0	1	Granulocyte	0	1	Immune cell enhanced		Enzymes, Metabolic proteins, Predicted intracellular proteins
1898	NRCAM	Neuronal cell adhesion molecule	Immune-cell-enriched	2	0	0	0	0	0	0	0	0	0	0	0	0	1	T-cell	1	1	Immune cell enriched	Disease variant, Intellectual disability	Disease related genes, Plasma proteins, Predicted membrane proteins, Predicted secreted proteins
1900	NRN1	Neuritin	Immune-cell-enriched	2	0	0	0	0	0	0	0	0	0	0	0	0	1	Granulocyte;T-cell	0	1	Group enriched		Predicted membrane proteins
1901	NRP1	Neuropilin-1	Immune-cell-enriched	2	0	0	0	0	0	0	0	0	0	0	0	0	1	Myeloid/Monocyte;Dendritic	1	1	Immune cell enriched	Cancer-related genes	Cancer-related genes, CD markers, Plasma proteins, Predicted intracellular proteins, Predicted membrane proteins, Predicted secreted proteins, Transporters
1909	NT5E	5'-nucleotidase	Immune-cell-enriched	2	0	0	0	0	0	0	0	0	0	0	0	0	1	T-cell;B-cell	0	1	Immune cell enhanced	Disease variant	CD markers, Disease related genes, Enzymes, Human disease related genes, Metabolic proteins, Potential drug targets, Predicted intracellular proteins, Predicted membrane proteins
1921	NUDT16	U8 snoRNA-decapping enzyme	Immune-cell-enriched	2	0	0	0	0	0	0	0	0	0	0	0	0	1	Myeloid/Monocyte;Granulocyte;Dendritic	0	1	Group enriched		Enzymes, Predicted intracellular proteins
1924	NUMB	Protein numb homolog	Immune-cell-enriched	2	0	0	0	0	0	0	0	0	0	0	0	0	1	Granulocyte	0	1	Immune cell enhanced	Cancer-related genes	Cancer-related genes, Predicted intracellular proteins
1930	OCLN	Occludin	Immune-cell-enriched	2	0	0	0	0	0	0	0	0	0	0	0	0	1	Granulocyte	0	1	Immune cell enhanced	Disease variant	Disease related genes, Human disease related genes, Potential drug targets, Predicted intracellular proteins, Predicted membrane proteins, Transporters
1932	OFD1	Oral-facial-digital syndrome 1 protein	Immune-cell-enriched	2	0	0	0	0	0	0	0	0	0	0	0	0	1	Myeloid/Monocyte;Dendritic	0	1	Immune cell enriched	Ciliopathy, Disease variant, Joubert syndrome, Retinitis pigmentosa	Disease related genes, Human disease related genes, Plasma proteins, Predicted intracellular proteins
1934	OGFR	Opioid growth factor receptor	Immune-cell-enriched	2	0	0	0	0	0	0	0	0	0	0	0	1	1	Granulocyte	0	1	Group enriched		Predicted intracellular proteins
1935	OGN	Mimecan	Immune-cell-enriched	2	0	0	0	0	0	0	0	0	0	0	0	0	1	T-cell	1	1	Immune cell enriched		Plasma proteins, Predicted intracellular proteins, Predicted secreted proteins
1938	OLR1	Oxidized low-density lipoprotein receptor 1	Immune-cell-enriched	3	0	0	0	0	0	0	0	0	0	0	0	1	1	Myeloid/Monocyte;Dendritic	0	1	Immune cell enhanced		Disease related genes, Human disease related genes, Predicted intracellular proteins, Predicted membrane proteins
1942	OPHN1	Oligophrenin-1	Immune-cell-enriched	2	0	0	0	0	0	0	0	0	0	0	0	0	1	Granulocyte	0	1	Immune cell enhanced	Disease variant, Intellectual disability	Disease related genes, Human disease related genes, Plasma proteins, Predicted intracellular proteins
1943	OPLAH	5-oxoprolinase	Immune-cell-enriched	2	0	0	0	0	0	0	0	0	0	0	0	0	1	Myeloid/Monocyte;Granulocyte	0	1	Immune cell enhanced		Disease related genes, Enzymes, Human disease related genes, Metabolic proteins, Potential drug targets, Predicted intracellular proteins
1946	OSBPL2	Oxysterol-binding protein-related protein 2	Immune-cell-enriched	2	0	0	0	0	0	0	0	0	0	0	0	0	1	Granulocyte	0	1	Immune cell enhanced	Deafness, Non-syndromic deafness	Disease related genes, Human disease related genes, Predicted intracellular proteins
1947	OSCAR	Osteoclast-associated immunoglobulin-like receptor	Immune-cell-enriched	2	0	0	0	0	0	0	0	0	0	0	0	1	1	Myeloid/Monocyte;Granulocyte;Dendritic	0	1	Group enriched		Predicted intracellular proteins, Predicted membrane proteins
1951	OTOA	Otoancorin	Immune-cell-enriched	2	0	0	0	0	0	0	0	0	0	0	0	0	1	Myeloid/Monocyte;Dendritic	1	1	Immune cell enhanced	Deafness, Non-syndromic deafness	Disease related genes, Human disease related genes, Predicted intracellular proteins, Predicted secreted proteins
1953	OTUD7B	OTU domain-containing protein 7B	Immune-cell-enriched	3	0	0	0	0	0	0	0	0	0	0	0	0	1	Granulocyte	0	1	Immune cell enhanced		Enzymes, Predicted intracellular proteins
1957	PACS2	Phosphofurin acidic cluster sorting protein 2	Immune-cell-enriched	2	0	0	0	0	0	0	0	0	0	0	0	0	1	Myeloid/Monocyte;Dendritic	0	1	Immune cell enhanced	Disease variant, Epilepsy	Disease related genes, Human disease related genes, Potential drug targets, Predicted intracellular proteins, Transporters
1958	PADI2	Protein-arginine deiminase type-2	Immune-cell-enriched	2	0	0	0	0	0	0	0	0	0	0	0	0	1	Granulocyte	0	1	Group enriched		Enzymes, Metabolic proteins, Predicted intracellular proteins
1959	PADI4	Protein-arginine deiminase type-4	Immune-cell-enriched	3	0	0	0	0	0	0	0	0	0	0	0	0	1	Myeloid/Monocyte;Granulocyte	0	1	Group enriched		Disease related genes, Enzymes, Metabolic proteins, Plasma proteins, Potential drug targets, Predicted intracellular proteins
1960	PAEP	Glycodelin	Immune-cell-enriched	2	0	0	0	0	0	0	0	0	0	0	0	0	1	Granulocyte	1	1	Group enriched		Predicted intracellular proteins, Predicted secreted proteins
1967	PALLD	Palladin	Immune-cell-enriched	2	0	0	0	0	0	0	0	0	0	0	0	0	1	Granulocyte	0	1	Immune cell enhanced		Disease related genes, Human disease related genes, Predicted intracellular proteins
1968	PALM	Paralemmin-1	Immune-cell-enriched	2	0	0	0	0	0	0	0	0	0	0	0	0	1	Myeloid/Monocyte	0	1	Immune cell enriched		Predicted intracellular proteins
1974	PARD3	Partitioning defective 3 homolog	Immune-cell-enriched	2	0	0	0	0	0	0	0	0	0	0	0	0	1	Granulocyte	0	1	Immune cell enriched	Disease variant	Disease related genes, Plasma proteins, Predicted intracellular proteins
1985	PCDH12	Protocadherin-12	Immune-cell-enriched	2	0	0	0	0	0	0	0	0	0	0	0	0	1	Myeloid/Monocyte	1	1	Immune cell enriched	Disease variant, Epilepsy, Intellectual disability, Primary microcephaly	Disease related genes, Human disease related genes, Plasma proteins, Predicted membrane proteins, Predicted secreted proteins
1988	PCDH9	Protocadherin-9	Immune-cell-enriched	2	0	0	0	0	0	0	0	0	0	0	0	0	1	Granulocyte;B-cell	0	1	Group enriched		Plasma proteins, Predicted membrane proteins
2002	PDE4D	cAMP-specific 3',5'-cyclic phosphodiesterase 4D	Immune-cell-enriched	2	0	0	0	0	0	0	0	0	0	0	0	0	1	Granulocyte	0	1	Immune cell enriched	Disease variant, FDA approved drug targets	Disease related genes, Enzymes, FDA approved drug targets, Human disease related genes, Metabolic proteins, Predicted intracellular proteins
2004	PDGFA	Platelet-derived growth factor subunit A	Immune-cell-enriched	2	0	0	0	0	0	0	0	0	0	0	0	0	1	Granulocyte	1	1	Immune cell enhanced	Cancer-related genes	Cancer-related genes, Candidate cardiovascular disease genes, Human disease related genes, Predicted intracellular proteins, Predicted secreted proteins, RAS pathway related proteins
2005	PDGFB	Platelet-derived growth factor subunit B	Immune-cell-enriched	2	0	0	0	0	0	0	0	0	0	0	0	0	1	T-cell	1	1	Immune cell enhanced	Cancer-related genes, Disease variant, Proto-oncogene	Cancer-related genes, Candidate cardiovascular disease genes, Disease related genes, Human disease related genes, Plasma proteins, Predicted intracellular proteins, Predicted secreted proteins, RAS pathway related proteins
2008	PDGFRB	Platelet-derived growth factor receptor beta	Immune-cell-enriched	2	0	0	0	0	0	0	0	0	0	0	0	1	1	Myeloid/Monocyte	0	1	Immune cell enhanced	Cancer-related genes, Disease variant, FDA approved drug targets, Proto-oncogene	Cancer-related genes, CD markers, Disease related genes, Enzymes, FDA approved drug targets, Human disease related genes, Plasma proteins, Predicted intracellular proteins, Predicted membrane proteins, RAS pathway related proteins, Transporters
2012	PDIA5	Protein disulfide-isomerase A5	Immune-cell-enriched	2	0	0	0	0	0	0	0	0	0	0	0	0	1	Myeloid/Monocyte;Dendritic	0	1	Immune cell enhanced		Enzymes, Metabolic proteins, Predicted intracellular proteins
2013	PDLIM5	PDZ and LIM domain protein 5	Immune-cell-enriched	2	0	0	0	0	0	0	0	0	0	0	0	0	1	Granulocyte	0	1	Immune cell enriched		Plasma proteins, Predicted intracellular proteins, Predicted membrane proteins
2014	PDLIM7	PDZ and LIM domain protein 7	Immune-cell-enriched	2	0	0	0	0	0	0	0	0	0	0	0	0	1	Granulocyte	0	1	Group enriched		Predicted intracellular proteins
2019	PDZK1	Na(+)/H(+) exchange regulatory cofactor NHE-RF3	Immune-cell-enriched	2	0	0	0	0	0	0	0	0	0	0	0	0	1	NK-cell	0	1	Immune cell enriched		Predicted intracellular proteins
2022	PECAM1	Platelet endothelial cell adhesion molecule	Immune-cell-enriched	2	0	0	0	0	0	0	0	0	0	0	0	0	1	Myeloid/Monocyte	0	1	Immune cell enhanced	Cancer-related genes	Cancer-related genes, Candidate cardiovascular disease genes, CD markers, Plasma proteins, Predicted intracellular proteins, Predicted membrane proteins
2031	PFKFB2	6-phosphofructo-2-kinase/fructose-2,6-bisphosphatase 2	Immune-cell-enriched	2	0	0	0	0	0	0	0	0	0	0	0	0	1	Myeloid/Monocyte;Granulocyte;Dendritic	0	1	Group enriched		Enzymes, Metabolic proteins, Predicted intracellular proteins
2032	PGA4	Pepsin A-4	Immune-cell-enriched	2	0	0	0	0	0	0	0	0	0	0	0	0	1	Myeloid/Monocyte	1	1	Group enriched		Enzymes, Predicted intracellular proteins, Predicted secreted proteins
2033	PGD	6-phosphogluconate dehydrogenase, decarboxylating	Immune-cell-enriched	2	0	0	0	0	0	0	0	0	0	0	0	0	1	Myeloid/Monocyte;Granulocyte	0	1	Group enriched		Enzymes, Essential proteins, Metabolic proteins, Plasma proteins, Predicted intracellular proteins
2035	PGLYRP1	Peptidoglycan recognition protein 1	Immune-cell-enriched	3	0	0	0	0	0	0	0	0	0	0	0	0	1	Granulocyte	1	1	Group enriched		Metabolic proteins, Plasma proteins, Predicted secreted proteins
2043	PHOSPHO1	Phosphoethanolamine/phosphocholine phosphatase	Immune-cell-enriched	2	0	0	0	0	0	0	0	0	0	0	0	0	1	Granulocyte	0	1	Group enriched		Enzymes, Metabolic proteins, Predicted intracellular proteins
2045	PI16	Peptidase inhibitor 16	Immune-cell-enriched	2	0	0	0	0	0	0	0	0	0	0	0	0	1	T-cell	1	1	Immune cell enhanced		CD markers, Plasma proteins, Predicted membrane proteins, Predicted secreted proteins
2046	PI3	Elafin	Immune-cell-enriched	2	0	0	0	0	0	0	0	0	0	0	0	0	1	Granulocyte	1	1	Immune cell enriched		Plasma proteins, Predicted secreted proteins
2049	PIK3AP1	Phosphoinositide 3-kinase adapter protein 1	Immune-cell-enriched	2	0	0	0	0	0	0	0	0	0	0	0	0	1	Myeloid/Monocyte;B-cell	0	1	Group enriched		Predicted intracellular proteins
2050	PIK3IP1	Phosphoinositide-3-kinase-interacting protein 1	Immune-cell-enriched	2	0	0	0	0	0	0	0	0	0	0	0	0	1	T-cell	0	1	Immune cell enhanced		Plasma proteins, Predicted intracellular proteins, Predicted membrane proteins
2052	PILRA	Paired immunoglobulin-like type 2 receptor alpha	Immune-cell-enriched	2	0	0	0	0	0	0	0	0	0	0	0	1	1	Myeloid/Monocyte;Granulocyte	1	1	Immune cell enhanced		Predicted membrane proteins, Predicted secreted proteins
2053	PILRB	Paired immunoglobulin-like type 2 receptor beta	Immune-cell-enriched	2	0	0	0	0	0	0	0	0	0	0	0	1	1	Granulocyte	0	1	Immune cell enhanced		Predicted intracellular proteins, Predicted membrane proteins
2054	PINLYP	phospholipase A2 inhibitor and Ly6/PLAUR domain-containing protein	Immune-cell-enriched	2	0	0	0	0	0	0	0	0	0	0	0	0	1	Myeloid/Monocyte;Dendritic	1	1	Immune cell enhanced		Predicted intracellular proteins, Predicted secreted proteins
2057	PKD2	Polycystin-2	Immune-cell-enriched	2	0	0	0	0	0	0	0	0	0	0	0	0	1	Granulocyte	1	1	Immune cell enhanced	Ciliopathy, Disease variant	Disease related genes, Human disease related genes, Plasma proteins, Potential drug targets, Predicted membrane proteins, Predicted secreted proteins, Transporters, Voltage-gated ion channels
2064	PLA2G4A	Cytosolic phospholipase A2	Immune-cell-enriched	2	0	0	0	0	0	0	0	0	0	0	0	0	1	Myeloid/Monocyte;Granulocyte;Dendritic	0	1	Group enriched	Disease variant	Disease related genes, Enzymes, Human disease related genes, Metabolic proteins, Potential drug targets, Predicted intracellular proteins, RAS pathway related proteins
2065	PLA2G7	Platelet-activating factor acetylhydrolase	Immune-cell-enriched	2	0	0	0	0	0	0	0	0	0	0	0	0	1	Myeloid/Monocyte	1	1	Immune cell enhanced	Asthma, Disease variant	Candidate cardiovascular disease genes, Disease related genes, Enzymes, Human disease related genes, Metabolic proteins, Plasma proteins, Potential drug targets, Predicted secreted proteins
2067	PLAU	Urokinase-type plasminogen activator	Immune-cell-enriched	3	0	0	0	0	0	1	0	0	0	0	0	0	1	Myeloid/Monocyte;Granulocyte;Dendritic	1	1	Group enriched	Cancer-related genes	Cancer-related genes, Disease related genes, Enzymes, Plasma proteins, Potential drug targets, Predicted intracellular proteins, Predicted secreted proteins
2068	PLAUR	Urokinase plasminogen activator surface receptor	Immune-cell-enriched	3	0	0	0	0	0	1	0	0	0	0	0	1	1	Granulocyte	0	1	Immune cell enhanced	Cancer-related genes, FDA approved drug targets	Cancer-related genes, CD markers, FDA approved drug targets, Predicted intracellular proteins, Predicted membrane proteins
2069	PLB1	Phospholipase B1, membrane-associated	Immune-cell-enriched	2	0	0	0	0	0	0	0	0	0	0	0	0	1	Myeloid/Monocyte;Granulocyte;Dendritic	0	1	Group enriched		Enzymes, Metabolic proteins, Predicted intracellular proteins, Predicted membrane proteins
2078	PLTP	Phospholipid transfer protein	Immune-cell-enriched	2	0	0	0	0	0	0	0	0	0	0	0	0	1	Granulocyte	1	1	Immune cell enhanced		Plasma proteins, Predicted intracellular proteins, Predicted secreted proteins, Transporters
2080	PLXDC2	Plexin domain-containing protein 2	Immune-cell-enriched	2	0	0	0	0	0	0	0	0	0	0	0	0	1	Myeloid/Monocyte;Granulocyte;Dendritic	0	1	Group enriched		Predicted membrane proteins
2081	PLXNA4	Plexin-A4	Immune-cell-enriched	2	0	0	0	0	0	0	0	0	0	0	0	0	1	Myeloid/Monocyte;Dendritic	0	1	Immune cell enriched		Predicted intracellular proteins, Predicted membrane proteins
2082	PLXNB2	Plexin-B2	Immune-cell-enriched	2	0	0	0	0	0	0	0	0	0	0	0	0	1	Myeloid/Monocyte;Dendritic	0	1	Group enriched		Plasma proteins, Predicted intracellular proteins, Predicted membrane proteins
2084	PM20D1	N-fatty-acyl-amino acid synthase/hydrolase PM20D1	Immune-cell-enriched	2	0	0	0	0	0	0	0	0	0	0	0	0	1	T-cell	1	1	Immune cell enhanced		Enzymes, Predicted secreted proteins
2085	PMCH	Pro-MCH	Immune-cell-enriched	2	0	0	0	0	0	0	0	0	0	0	0	0	1	T-cell	1	1	Immune cell enriched		Predicted secreted proteins
2086	PMM2	Phosphomannomutase 2	Immune-cell-enriched	2	0	0	0	0	0	0	0	0	0	0	0	0	1	Granulocyte	0	1	Immune cell enriched	Congenital disorder of glycosylation, Disease variant	Disease related genes, Enzymes, Human disease related genes, Metabolic proteins, Potential drug targets, Predicted intracellular proteins
2097	POF1B	Protein POF1B	Immune-cell-enriched	2	0	0	0	0	0	0	0	0	0	0	0	0	1	B-cell	0	1	Group enriched	Disease variant, Premature ovarian failure	Disease related genes, Human disease related genes, Predicted intracellular proteins
2102	PON2	Serum paraoxonase/arylesterase 2	Immune-cell-enriched	2	0	0	0	0	0	0	0	0	0	0	0	0	1	Myeloid/Monocyte;Dendritic	1	1	Immune cell enhanced		Candidate cardiovascular disease genes, Enzymes, Metabolic proteins, Predicted intracellular proteins, Predicted secreted proteins
2109	PPIF	Peptidyl-prolyl cis-trans isomerase F, mitochondrial	Immune-cell-enriched	2	0	0	0	0	0	0	0	0	0	0	0	0	1	Granulocyte	0	1	Immune cell enhanced	FDA approved drug targets	Enzymes, FDA approved drug targets, Metabolic proteins, Plasma proteins, Predicted intracellular proteins, Transporters
2113	PPM1F	Protein phosphatase 1F	Immune-cell-enriched	2	0	0	0	0	0	0	0	0	0	0	0	0	1	Granulocyte	0	1	Immune cell enhanced		Disease related genes, Enzymes, Plasma proteins, Potential drug targets, Predicted intracellular proteins
2117	PPP1R12B	Protein phosphatase 1 regulatory subunit 12B	Immune-cell-enriched	2	0	0	0	0	0	0	0	0	0	0	0	0	1	Granulocyte	0	1	Immune cell enriched		Plasma proteins, Predicted intracellular proteins
2118	PPP1R14A	Protein phosphatase 1 regulatory subunit 14A	Immune-cell-enriched	2	0	0	0	0	0	0	0	0	0	0	0	0	1	Myeloid/Monocyte;B-cell;Dendritic	0	1	Group enriched		Plasma proteins, Predicted intracellular proteins
2123	PPP3R1	Calcineurin subunit B type 1	Immune-cell-enriched	2	0	0	0	0	0	0	0	0	0	0	0	0	1	Granulocyte	0	1	Immune cell enhanced	FDA approved drug targets	FDA approved drug targets, Predicted intracellular proteins
2124	PPT1	Palmitoyl-protein thioesterase 1	Immune-cell-enriched	2	0	0	0	0	0	0	0	0	0	0	0	0	1	Myeloid/Monocyte;Granulocyte;Dendritic	0	1	Group enriched	Disease variant, Neurodegeneration, Neuronal ceroid lipofuscinosis	Disease related genes, Enzymes, Human disease related genes, Metabolic proteins, Potential drug targets, Predicted intracellular proteins
2125	PPY	Pancreatic prohormone	Immune-cell-enriched	2	0	0	0	0	0	0	0	0	0	0	0	0	1	Myeloid/Monocyte;Dendritic	1	1	Immune cell enriched	Cancer-related genes	Cancer-related genes, Predicted intracellular proteins, Predicted secreted proteins
2129	PRC1	Protein regulator of cytokinesis 1	Immune-cell-enriched	2	0	0	0	0	0	0	0	0	0	0	0	0	1	Granulocyte	0	1	Immune cell enriched	Oncogene	Essential proteins, Predicted intracellular proteins
2137	PRELP	Prolargin	Immune-cell-enriched	2	0	0	0	0	0	0	0	0	0	0	0	0	1	Granulocyte	1	1	Immune cell enhanced		Plasma proteins, Predicted secreted proteins
2138	PRG2	Bone marrow proteoglycan	Immune-cell-enriched	3	0	0	0	0	0	0	0	0	0	0	0	0	1	Granulocyte	1	1	Immune cell enriched	FDA approved drug targets	FDA approved drug targets, Plasma proteins, Predicted secreted proteins
2144	PRKCQ	Protein kinase C theta type	Immune-cell-enriched	3	0	0	0	0	0	0	0	0	0	0	0	0	1	T-cell;NK-cell	0	1	Group enriched	Cancer-related genes, FDA approved drug targets	Cancer-related genes, Enzymes, FDA approved drug targets, Plasma proteins, Predicted intracellular proteins
2146	PRKG1	cGMP-dependent protein kinase 1	Immune-cell-enriched	2	0	0	0	0	0	0	0	0	0	0	0	0	1	Granulocyte	0	1	Immune cell enriched	Aortic aneurysm, Disease variant	Disease related genes, Enzymes, Human disease related genes, Plasma proteins, Potential drug targets, Predicted intracellular proteins
2150	PROC	Vitamin K-dependent protein C	Immune-cell-enriched	3	0	0	0	0	0	1	0	0	0	0	0	0	1	Myeloid/Monocyte;Dendritic	1	1	Immune cell enriched	Cancer-related genes, Disease variant, FDA approved drug targets, Thrombophilia	Cancer-related genes, Candidate cardiovascular disease genes, Disease related genes, Enzymes, FDA approved drug targets, Human disease related genes, Plasma proteins, Predicted intracellular proteins, Predicted secreted proteins
2151	PROCR	Endothelial protein C receptor	Immune-cell-enriched	3	0	0	0	0	0	1	0	0	0	0	0	1	1	T-cell	0	1	Immune cell enhanced	FDA approved drug targets	Candidate cardiovascular disease genes, CD markers, FDA approved drug targets, Plasma proteins, Predicted intracellular proteins, Predicted membrane proteins
2157	PRSS2	Trypsin-2	Immune-cell-enriched	2	0	0	0	0	0	0	0	0	0	0	0	0	1	Granulocyte;T-cell	1	1	Group enriched		Enzymes, Human disease related genes, Plasma proteins, Predicted secreted proteins
2162	PRTFDC1	Phosphoribosyltransferase domain-containing protein 1	Immune-cell-enriched	2	0	0	0	0	0	0	0	0	0	0	0	0	1	NK-cell	0	1	Immune cell enriched		Predicted intracellular proteins
2164	PRTN3	Myeloblastin	Immune-cell-enriched	2	0	0	0	0	0	0	0	0	0	0	0	0	1	Granulocyte	1	1	Immune cell enriched		Candidate cardiovascular disease genes, Disease related genes, Enzymes, Plasma proteins, Potential drug targets, Predicted intracellular proteins, Predicted secreted proteins
2166	PSAP	Prosaposin	Immune-cell-enriched	2	0	0	0	0	0	0	0	0	0	0	0	0	1	Myeloid/Monocyte	0	1	Immune cell enhanced	Disease variant, Gangliosidosis, Gaucher disease, Leukodystrophy, Metachromatic leukodystrophy, Neurodegeneration, Parkinson disease, Parkinsonism	Disease related genes, Human disease related genes, Metabolic proteins, Plasma proteins, Potential drug targets, Predicted intracellular proteins, Transporters
2181	PSRC1	Proline/serine-rich coiled-coil protein 1	Immune-cell-enriched	2	0	0	0	0	0	0	0	0	0	0	0	0	1	Myeloid/Monocyte	0	1	Immune cell enhanced		Predicted intracellular proteins
2182	PSTPIP2	Proline-serine-threonine phosphatase-interacting protein 2	Immune-cell-enriched	2	0	0	0	0	0	0	0	0	0	0	0	0	1	Granulocyte	0	1	Immune cell enhanced		Predicted intracellular proteins
2183	PTEN	Phosphatidylinositol 3,4,5-trisphosphate 3-phosphatase and dual-specificity protein phosphatase PTEN	Immune-cell-enriched	2	0	0	0	0	0	0	0	0	0	0	0	0	1	Granulocyte	0	1	Immune cell enhanced	Autism spectrum disorder, Cancer-related genes, Disease variant, Tumor suppressor	Cancer-related genes, Disease related genes, Enzymes, Human disease related genes, Metabolic proteins, Potential drug targets, Predicted intracellular proteins
2184	PTGDS	Prostaglandin-H2 D-isomerase	Immune-cell-enriched	3	0	0	0	0	0	0	0	0	0	0	0	0	1	Myeloid/Monocyte;Dendritic	1	1	Immune cell enriched		Enzymes, Metabolic proteins, Plasma proteins, Predicted intracellular proteins, Predicted secreted proteins
2186	PTGR1	Prostaglandin reductase 1	Immune-cell-enriched	2	0	0	0	0	0	0	0	0	0	0	0	0	1	Myeloid/Monocyte;Dendritic	0	1	Immune cell enriched		Enzymes, Metabolic proteins, Plasma proteins, Predicted intracellular proteins
2189	PTK7	Inactive tyrosine-protein kinase 7	Immune-cell-enriched	2	0	0	0	0	0	0	0	0	0	0	0	0	1	Myeloid/Monocyte;Dendritic	1	1	Immune cell enriched		Enzymes, Plasma proteins, Predicted intracellular proteins, Predicted membrane proteins, Predicted secreted proteins
2191	PTP4A3	Protein tyrosine phosphatase type IVA 3	Immune-cell-enriched	2	0	0	0	0	0	0	0	0	0	0	0	0	1	Myeloid/Monocyte;Granulocyte	0	1	Immune cell enhanced		Enzymes, Predicted intracellular proteins
2199	PTPRK	Receptor-type tyrosine-protein phosphatase kappa	Immune-cell-enriched	2	0	0	0	0	0	0	0	0	0	0	0	1	1	B-cell	0	1	Group enriched	Cancer-related genes	Cancer-related genes, Enzymes, Plasma proteins, Predicted intracellular proteins, Predicted membrane proteins
2200	PTPRM	Receptor-type tyrosine-protein phosphatase mu	Immune-cell-enriched	2	0	0	0	0	0	0	0	0	0	0	0	1	1	T-cell	0	1	Immune cell enhanced		Enzymes, Plasma proteins, Predicted intracellular proteins, Predicted membrane proteins
2201	PTPRN2	Receptor-type tyrosine-protein phosphatase N2	Immune-cell-enriched	2	0	0	0	0	0	0	0	0	0	0	0	1	1	Granulocyte	0	1	Immune cell enhanced	Diabetes mellitus	Disease related genes, Enzymes, Potential drug targets, Predicted intracellular proteins, Predicted membrane proteins, Transporters
2203	PTPRS	Receptor-type tyrosine-protein phosphatase S	Immune-cell-enriched	2	0	0	0	0	0	0	0	0	0	0	0	1	1	Myeloid/Monocyte;Dendritic	1	1	Immune cell enriched		Enzymes, Plasma proteins, Predicted membrane proteins, Predicted secreted proteins
2207	PTTG1	Securin	Immune-cell-enriched	2	0	0	0	0	0	0	0	0	0	0	0	0	1	T-cell	0	1	Immune cell enhanced	Cancer-related genes, Proto-oncogene	Cancer-related genes, Essential proteins, Predicted intracellular proteins
2209	PVALB	Parvalbumin alpha	Immune-cell-enriched	2	0	0	0	0	0	0	0	0	0	0	0	0	1	Granulocyte	0	1	Immune cell enriched		Predicted intracellular proteins
2210	PVR	Poliovirus receptor	Immune-cell-enriched	2	0	0	0	0	0	0	0	0	0	0	0	1	1	Myeloid/Monocyte;Granulocyte;Dendritic	1	1	Group enriched		CD markers, Plasma proteins, Predicted intracellular proteins, Predicted membrane proteins, Predicted secreted proteins
2212	PXN	Paxillin	Immune-cell-enriched	2	0	0	0	0	0	0	0	0	0	0	0	0	1	Granulocyte	0	1	Immune cell enhanced		Predicted intracellular proteins
2215	PZP	Pregnancy zone protein	Immune-cell-enriched	2	0	0	0	0	0	0	0	0	0	0	0	0	1	T-cell	1	1	Immune cell enhanced	Cancer-related genes	Cancer-related genes, Plasma proteins, Predicted secreted proteins
2217	QPCT	Glutaminyl-peptide cyclotransferase	Immune-cell-enriched	2	0	0	0	0	0	0	0	0	0	0	0	0	1	Granulocyte	1	1	Immune cell enriched		Enzymes, Metabolic proteins, Plasma proteins, Predicted intracellular proteins, Predicted secreted proteins
2221	RAB27B	Ras-related protein Rab-27B	Immune-cell-enriched	2	0	0	0	0	0	0	0	0	0	0	0	0	1	T-cell;NK-cell	0	1	Immune cell enhanced		Enzymes, Plasma proteins, Predicted intracellular proteins
2224	RAB37	Ras-related protein Rab-37	Immune-cell-enriched	2	0	0	0	0	0	0	0	0	0	0	0	0	1	Granulocyte	0	1	Immune cell enhanced		Plasma proteins, Predicted intracellular proteins
2227	RAB44	Ras-related protein Rab-44	Immune-cell-enriched	2	0	0	0	0	0	0	0	0	0	0	0	0	1	Granulocyte	0	1	Group enriched		Predicted intracellular proteins
2229	RAB6B	Ras-related protein Rab-6B	Immune-cell-enriched	2	0	0	0	0	0	0	0	0	0	0	0	0	1	T-cell	0	1	Immune cell enriched		Enzymes, Predicted intracellular proteins
2236	RALB	Ras-related protein Ral-B	Immune-cell-enriched	2	0	0	0	0	0	0	0	0	0	0	0	0	1	Granulocyte	0	1	Immune cell enhanced		Enzymes, Predicted intracellular proteins, RAS pathway related proteins
2242	RAPGEF2	Rap guanine nucleotide exchange factor 2	Immune-cell-enriched	2	0	0	0	0	0	0	0	0	0	0	0	0	1	Granulocyte	0	1	Immune cell enhanced	Epilepsy	Disease related genes, Human disease related genes, Predicted intracellular proteins
2244	RARRES2	Retinoic acid receptor responder protein 2	Immune-cell-enriched	3	0	0	0	0	0	0	0	0	0	0	0	1	1	Myeloid/Monocyte;Dendritic	1	1	Immune cell enriched		Plasma proteins, Predicted secreted proteins
2256	RBP7	Retinoid-binding protein 7	Immune-cell-enriched	2	0	0	0	0	0	0	0	0	0	0	0	0	1	Myeloid/Monocyte;Granulocyte	0	1	Immune cell enhanced		Predicted intracellular proteins
2257	RBPMS	RNA-binding protein with multiple splicing	Immune-cell-enriched	2	0	0	0	0	0	0	0	0	0	0	0	0	1	Myeloid/Monocyte;Dendritic	0	1	Immune cell enriched		Predicted intracellular proteins
2267	REG4	Regenerating islet-derived protein 4	Immune-cell-enriched	2	0	0	0	0	0	0	0	0	0	0	0	0	1	T-cell	1	1	Immune cell enriched		Predicted secreted proteins
2268	RELB	Transcription factor RelB	Immune-cell-enriched	2	0	0	0	0	0	0	0	0	0	0	0	0	1	Granulocyte	0	1	Immune cell enhanced	Cancer-related genes, Disease variant	Cancer-related genes, Disease related genes, Human disease related genes, Plasma proteins, Predicted intracellular proteins, Transcription factors
2274	RETN	Resistin	Immune-cell-enriched	2	0	0	0	0	0	0	0	0	0	0	0	0	1	Myeloid/Monocyte;Dendritic	1	1	Group enriched	Diabetes mellitus, Obesity	Candidate cardiovascular disease genes, Plasma proteins, Predicted secreted proteins
2277	RGCC	Regulator of cell cycle RGCC	Immune-cell-enriched	2	0	0	0	0	0	0	0	0	0	0	0	0	1	T-cell	0	1	Immune cell enhanced		Predicted intracellular proteins
2280	RGMB	RGM domain family member B	Immune-cell-enriched	2	0	0	0	0	0	0	0	0	0	0	0	0	1	T-cell	0	1	Immune cell enhanced		Predicted intracellular proteins, Predicted membrane proteins
2283	RHOC	Rho-related GTP-binding protein RhoC	Immune-cell-enriched	2	0	0	0	0	0	0	0	0	0	0	0	0	1	Myeloid/Monocyte	0	1	Immune cell enhanced	Cancer-related genes	Cancer-related genes, Predicted intracellular proteins
2284	RICTOR	Rapamycin-insensitive companion of mTOR	Immune-cell-enriched	2	0	0	0	0	0	0	0	0	0	0	0	0	1	Granulocyte	0	1	Immune cell enhanced		Essential proteins, Predicted intracellular proteins, Transporters
2286	RILP	Rab-interacting lysosomal protein	Immune-cell-enriched	2	0	0	0	0	0	0	0	0	0	0	0	0	1	Myeloid/Monocyte;Granulocyte;Dendritic	0	1	Group enriched		Predicted intracellular proteins
2290	RLN2	Prorelaxin H2	Immune-cell-enriched	2	0	0	0	0	0	0	0	0	0	0	0	0	1	T-cell;B-cell;NK-cell	1	1	Group enriched		Predicted intracellular proteins, Predicted secreted proteins
2291	RNASE1	Ribonuclease pancreatic	Immune-cell-enriched	2	0	0	0	0	0	0	0	0	0	0	0	0	1	Myeloid/Monocyte;Dendritic	1	1	Immune cell enhanced		Enzymes, Plasma proteins, Predicted intracellular proteins, Predicted secreted proteins
2293	RNASE3	Eosinophil cationic protein	Immune-cell-enriched	2	0	0	0	0	0	0	0	0	0	0	0	0	1	Granulocyte	1	1	Immune cell enriched		Predicted secreted proteins
2294	RNASE4	Ribonuclease 4	Immune-cell-enriched	2	0	0	0	0	0	0	0	0	0	0	0	0	1	Myeloid/Monocyte	1	1	Immune cell enhanced		Plasma proteins, Predicted secreted proteins
2295	RNASE6	Ribonuclease K6	Immune-cell-enriched	2	0	0	0	0	0	0	0	0	0	0	0	0	1	Myeloid/Monocyte;Dendritic	1	1	Immune cell enhanced		Predicted secreted proteins
2298	RNF149	E3 ubiquitin-protein ligase RNF149	Immune-cell-enriched	2	0	0	0	0	0	0	0	0	0	0	0	0	1	Granulocyte	0	1	Immune cell enriched		Enzymes, Metabolic proteins, Predicted membrane proteins
2312	RPGR	X-linked retinitis pigmentosa GTPase regulator	Immune-cell-enriched	2	0	0	0	0	0	0	0	0	0	0	0	0	1	Granulocyte	0	1	Immune cell enhanced	Cancer-related genes, Ciliopathy, Cone-rod dystrophy, Deafness, Disease variant, Retinitis pigmentosa	Cancer-related genes, Disease related genes, Human disease related genes, Predicted intracellular proteins, Predicted membrane proteins
2315	RRAS	Ras-related protein R-Ras	Immune-cell-enriched	2	0	0	0	0	0	0	0	0	0	0	0	0	1	Myeloid/Monocyte	0	1	Group enriched		Predicted intracellular proteins, RAS pathway related proteins
2322	RTKN2	Rhotekin-2	Immune-cell-enriched	2	0	0	0	0	0	0	0	0	0	0	0	0	1	T-cell	0	1	Immune cell enriched		Predicted intracellular proteins
2324	RTN4R	Reticulon-4 receptor	Immune-cell-enriched	2	0	0	0	0	0	0	0	0	0	0	0	1	1	T-cell	0	1	Immune cell enhanced	Disease variant, Schizophrenia	Disease related genes, Human disease related genes, Predicted membrane proteins
2328	S100A11	Protein S100-A11	Immune-cell-enriched	2	0	0	0	0	0	0	0	0	0	0	0	0	1	Granulocyte	0	1	Immune cell enhanced		Plasma proteins, Predicted intracellular proteins
2329	S100A12	Protein S100-A12	Immune-cell-enriched	3	0	0	0	0	0	0	0	0	0	0	0	0	1	Myeloid/Monocyte;Granulocyte	1	1	Group enriched		Plasma proteins, Predicted intracellular proteins, Predicted secreted proteins
2330	S100A13	Protein S100-A13	Immune-cell-enriched	2	0	0	0	0	0	0	0	0	0	0	0	0	1	NK-cell	1	1	Immune cell enhanced		Predicted intracellular proteins, Predicted secreted proteins
2333	S100A3	Protein S100-A3	Immune-cell-enriched	2	0	0	0	0	0	0	0	0	0	0	0	0	1	Myeloid/Monocyte;Dendritic	0	1	Group enriched		Predicted intracellular proteins
2336	S100P	Protein S100-P	Immune-cell-enriched	2	0	0	0	0	0	0	0	0	0	0	0	0	1	Granulocyte	0	1	Group enriched		Plasma proteins, Predicted intracellular proteins
2344	SAT1	Diamine acetyltransferase 1	Immune-cell-enriched	2	0	0	0	0	0	0	0	0	0	0	0	0	1	Myeloid/Monocyte;Granulocyte	0	1	Group enriched		Disease related genes, Enzymes, Human disease related genes, Metabolic proteins, Potential drug targets, Predicted intracellular proteins
2346	SATB1	DNA-binding protein SATB1	Immune-cell-enriched	2	0	0	0	0	0	0	0	0	0	0	0	0	1	T-cell	0	1	Immune cell enhanced	Disease variant, Intellectual disability	Disease related genes, Plasma proteins, Predicted intracellular proteins, Transcription factors
2349	SCARA5	Scavenger receptor class A member 5	Immune-cell-enriched	2	0	0	0	0	0	0	0	0	0	0	0	1	1	Myeloid/Monocyte;Dendritic	0	1	Immune cell enriched		Predicted intracellular proteins, Predicted membrane proteins
2350	SCARB1	Scavenger receptor class B member 1	Immune-cell-enriched	2	0	0	0	0	0	0	0	0	0	0	0	1	1	Myeloid/Monocyte;Dendritic	0	1	Immune cell enhanced		Metabolic proteins, Predicted intracellular proteins, Predicted membrane proteins, Transporters
2351	SCARB2	Lysosome membrane protein 2	Immune-cell-enriched	2	0	0	0	0	0	0	0	0	0	0	0	0	1	Myeloid/Monocyte;Granulocyte;Dendritic	0	1	Group enriched	Disease variant, Epilepsy, Neurodegeneration	Disease related genes, Human disease related genes, Potential drug targets, Predicted membrane proteins, Transporters
2352	SCARF1	Scavenger receptor class F member 1	Immune-cell-enriched	2	0	0	0	0	0	0	0	0	0	0	0	1	1	Granulocyte	0	1	Immune cell enhanced		Predicted membrane proteins
2358	SCGB3A1	Secretoglobin family 3A member 1	Immune-cell-enriched	2	0	0	0	0	0	0	0	0	0	0	0	0	1	Myeloid/Monocyte	1	1	Immune cell enhanced		Plasma proteins, Predicted secreted proteins
2359	SCGB3A2	Secretoglobin family 3A member 2	Immune-cell-enriched	2	0	0	0	0	0	0	0	0	0	0	0	0	1	Granulocyte	1	1	Immune cell enriched		Human disease related genes, Predicted intracellular proteins, Predicted secreted proteins
2365	SCN3A	Sodium channel protein type 3 subunit alpha	Immune-cell-enriched	2	0	0	0	0	0	0	0	0	0	0	0	0	1	B-cell	0	1	Group enriched	Disease variant, Epilepsy, FDA approved drug targets	Disease related genes, FDA approved drug targets, Human disease related genes, Metabolic proteins, Plasma proteins, Predicted membrane proteins, Voltage-gated ion channels
2369	SCPEP1	Retinoid-inducible serine carboxypeptidase	Immune-cell-enriched	2	0	0	0	0	0	0	0	0	0	0	0	0	1	Granulocyte	1	1	Immune cell enhanced		Enzymes, Predicted intracellular proteins, Predicted secreted proteins
2373	SCT	Secretin	Immune-cell-enriched	2	0	0	0	0	0	0	0	0	0	0	0	0	1	Myeloid/Monocyte;Dendritic	1	1	Immune cell enriched		Predicted secreted proteins
2384	SELP	P-selectin	Immune-cell-enriched	2	0	0	0	0	0	0	0	0	0	0	0	0	1	Granulocyte;T-cell	0	1	Immune cell enhanced	Cancer-related genes, FDA approved drug targets	Cancer-related genes, Candidate cardiovascular disease genes, CD markers, Disease related genes, FDA approved drug targets, Plasma proteins, Predicted intracellular proteins, Predicted membrane proteins
2387	SEMA3G	Semaphorin-3G	Immune-cell-enriched	2	0	0	0	0	0	0	0	0	0	0	0	0	1	T-cell	1	1	Immune cell enriched		Predicted secreted proteins
2391	SEMA7A	Semaphorin-7A	Immune-cell-enriched	3	0	0	0	0	0	0	0	0	0	0	0	0	1	Granulocyte	1	1	Group enriched	Disease variant, Intrahepatic cholestasis	Blood group antigen proteins, CD markers, Disease related genes, Human disease related genes, Plasma proteins, Predicted membrane proteins
2396	SERPINA1	Alpha-1-antitrypsin	Immune-cell-enriched	2	0	0	0	0	0	0	0	0	0	0	0	0	1	Myeloid/Monocyte;Granulocyte	1	1	Group enriched	Cancer-related genes	Cancer-related genes, Candidate cardiovascular disease genes, Disease related genes, Human disease related genes, Metabolic proteins, Plasma proteins, Predicted intracellular proteins, Predicted secreted proteins
2412	SERPINE1	Plasminogen activator inhibitor 1	Immune-cell-enriched	3	0	0	0	0	0	1	0	0	0	0	0	0	1	NK-cell	1	1	Immune cell enriched	Cancer-related genes, FDA approved drug targets	Cancer-related genes, Candidate cardiovascular disease genes, Disease related genes, FDA approved drug targets, Human disease related genes, Plasma proteins, Predicted secreted proteins
2413	SERPINE2	Glia-derived nexin	Immune-cell-enriched	2	0	0	0	0	0	0	0	0	0	0	0	0	1	T-cell;NK-cell	1	1	Group enriched		Plasma proteins, Predicted secreted proteins
2414	SERPINF1	Pigment epithelium-derived factor	Immune-cell-enriched	2	0	0	0	0	0	0	0	0	0	0	0	0	1	Myeloid/Monocyte;Dendritic	1	1	Immune cell enriched	Cancer-related genes, Dwarfism, Osteogenesis imperfecta	Cancer-related genes, Disease related genes, Human disease related genes, Plasma proteins, Predicted intracellular proteins, Predicted secreted proteins
2415	SERPINF2	Alpha-2-antiplasmin	Immune-cell-enriched	2	0	0	0	0	0	0	0	0	0	0	0	0	1	Myeloid/Monocyte;Dendritic	1	1	Immune cell enriched	Disease variant	Candidate cardiovascular disease genes, Disease related genes, Human disease related genes, Plasma proteins, Predicted secreted proteins
2422	SEZ6	Seizure protein 6 homolog	Immune-cell-enriched	2	0	0	0	0	0	0	0	0	0	0	0	0	1	Granulocyte	0	1	Group enriched		Predicted intracellular proteins, Predicted membrane proteins
2423	SEZ6L	Seizure 6-like protein	Immune-cell-enriched	2	0	0	0	0	0	0	0	0	0	0	0	0	1	Myeloid/Monocyte;Dendritic	0	1	Group enriched		Predicted membrane proteins
2428	SFTPA1	Pulmonary surfactant-associated protein A1	Immune-cell-enriched	2	0	0	0	0	0	0	0	0	0	0	0	0	1	Myeloid/Monocyte;Dendritic	1	1	Immune cell enriched	Disease variant	Disease related genes, Human disease related genes, Predicted secreted proteins
2430	SFTPD	Pulmonary surfactant-associated protein D	Immune-cell-enriched	3	0	0	0	0	0	0	0	0	0	0	0	0	1	Myeloid/Monocyte	1	1	Group enriched		Predicted secreted proteins
2433	SH2D1A	SH2 domain-containing protein 1A	Immune-cell-enriched	3	0	0	0	0	0	0	0	0	0	0	0	0	1	T-cell;NK-cell	0	1	Group enriched	Disease variant	Disease related genes, Human disease related genes, Plasma proteins, Predicted intracellular proteins
2434	SH3BGRL2	SH3 domain-binding glutamic acid-rich-like protein 2	Immune-cell-enriched	2	0	0	0	0	0	0	0	0	0	0	0	0	1	Granulocyte	0	1	Immune cell enriched		Plasma proteins, Predicted intracellular proteins
2440	SHD	SH2 domain-containing adapter protein D	Immune-cell-enriched	2	0	0	0	0	0	0	0	0	0	0	0	0	1	Myeloid/Monocyte;Dendritic	0	1	Immune cell enriched		Predicted intracellular proteins
2445	SIAE	Sialate O-acetylesterase	Immune-cell-enriched	2	0	0	0	0	0	0	0	0	0	0	0	0	1	Granulocyte	0	1	Immune cell enhanced	Disease variant	Disease related genes, Enzymes, Human disease related genes, Metabolic proteins, Potential drug targets, Predicted intracellular proteins
2446	SIGLEC1	Sialoadhesin	Immune-cell-enriched	2	0	0	0	0	0	0	0	0	0	0	0	0	1	Myeloid/Monocyte	0	1	Immune cell enhanced		CD markers, Predicted intracellular proteins, Predicted membrane proteins
2447	SIGLEC10	Sialic acid-binding Ig-like lectin 10	Immune-cell-enriched	3	0	0	0	0	0	0	0	0	0	0	0	0	1	Myeloid/Monocyte;Granulocyte	0	1	Group enriched		Predicted intracellular proteins, Predicted membrane proteins
2448	SIGLEC15	Sialic acid-binding Ig-like lectin 15	Immune-cell-enriched	2	0	0	0	0	0	0	0	0	0	0	0	0	1	Myeloid/Monocyte;Dendritic	0	1	Group enriched		Predicted membrane proteins
2449	SIGLEC5	Sialic acid-binding Ig-like lectin 5	Immune-cell-enriched	2	0	0	0	0	0	0	0	0	0	0	0	0	1	Myeloid/Monocyte;Granulocyte	0	1	Group enriched		CD markers, Predicted membrane proteins
2450	SIGLEC6	Sialic acid-binding Ig-like lectin 6	Immune-cell-enriched	2	0	0	0	0	0	0	0	0	0	0	0	0	1	Myeloid/Monocyte;B-cell;Dendritic	1	1	Immune cell enhanced		CD markers, Predicted membrane proteins, Predicted secreted proteins
2451	SIGLEC7	Sialic acid-binding Ig-like lectin 7	Immune-cell-enriched	2	0	0	0	0	0	0	0	0	0	0	0	0	1	Granulocyte	0	1	Immune cell enhanced		CD markers, Predicted intracellular proteins, Predicted membrane proteins
2452	SIGLEC8	Sialic acid-binding Ig-like lectin 8	Immune-cell-enriched	2	0	0	0	0	0	0	0	0	0	0	0	0	1	Granulocyte	0	1	Immune cell enriched		CD markers, Plasma proteins, Predicted membrane proteins
2453	SIGLEC9	Sialic acid-binding Ig-like lectin 9	Immune-cell-enriched	2	0	0	0	0	0	0	0	0	0	0	0	0	1	Myeloid/Monocyte;Granulocyte;Dendritic	0	1	Group enriched		Predicted membrane proteins
2455	SIRPA	Tyrosine-protein phosphatase non-receptor type substrate 1	Immune-cell-enriched	2	0	0	0	0	0	0	0	0	0	0	0	1	1	Myeloid/Monocyte;Granulocyte;Dendritic	0	1	Group enriched		CD markers, Plasma proteins, Predicted membrane proteins
2456	SIRPB1	Signal-regulatory protein beta-1	Immune-cell-enriched	2	0	0	0	0	0	0	0	0	0	0	0	0	1	Granulocyte	0	1	Immune cell enhanced		CD markers, Plasma proteins, Predicted intracellular proteins, Predicted membrane proteins, Transporters
2460	SIT1	Signaling threshold-regulating transmembrane adapter 1	Immune-cell-enriched	3	0	0	0	0	0	0	0	0	0	0	0	0	1	Myeloid/Monocyte;T-cell;B-cell;Dendritic	0	1	Group enriched		Predicted membrane proteins
2464	SLA2	Src-like-adapter 2	Immune-cell-enriched	2	0	0	0	0	0	0	0	0	0	0	0	0	1	Myeloid/Monocyte;T-cell;NK-cell;Dendritic	0	1	Group enriched		Plasma proteins, Predicted intracellular proteins
2465	SLAMF1	Signaling lymphocytic activation molecule	Immune-cell-enriched	3	0	0	0	0	0	0	0	0	0	0	0	0	1	T-cell	1	1	Immune cell enhanced		CD markers, Predicted membrane proteins, Predicted secreted proteins
2468	SLAMF8	SLAM family member 8	Immune-cell-enriched	2	0	0	0	0	0	0	0	0	0	0	0	0	1	Myeloid/Monocyte;Dendritic	0	1	Immune cell enhanced		CD markers, Predicted membrane proteins
2469	SLC12A2	Solute carrier family 12 member 2	Immune-cell-enriched	2	0	0	0	0	0	0	0	0	0	0	0	0	1	Myeloid/Monocyte;Dendritic	0	1	Immune cell enhanced	Deafness, Disease variant, FDA approved drug targets, Intellectual disability, Non-syndromic deafness	Disease related genes, FDA approved drug targets, Human disease related genes, Metabolic proteins, Predicted membrane proteins, Transporters
2471	SLC16A1	Monocarboxylate transporter 1	Immune-cell-enriched	2	0	0	0	0	0	0	0	0	0	0	0	0	1	T-cell	0	1	Immune cell enhanced	Disease variant	Disease related genes, Human disease related genes, Metabolic proteins, Potential drug targets, Predicted membrane proteins, Transporters
2482	SLC9A3R2	Na(+)/H(+) exchange regulatory cofactor NHE-RF2	Immune-cell-enriched	2	0	0	0	0	0	0	0	0	0	0	0	0	1	Myeloid/Monocyte;Dendritic	0	0	Group enriched		Predicted intracellular proteins, Transporters
2491	SMAD1	Mothers against decapentaplegic homolog 1	Immune-cell-enriched	2	0	0	0	0	0	0	0	0	0	0	0	0	1	Myeloid/Monocyte;Granulocyte	0	1	Immune cell enhanced	Cancer-related genes	Cancer-related genes, Disease related genes, Predicted intracellular proteins, Transcription factors
2494	SMAD5	Mothers against decapentaplegic homolog 5	Immune-cell-enriched	2	0	0	0	0	0	0	0	0	0	0	0	0	1	Granulocyte	0	1	Immune cell enhanced		Predicted intracellular proteins, Transcription factors
2498	SMOC1	SPARC-related modular calcium-binding protein 1	Immune-cell-enriched	2	0	0	0	0	0	0	0	0	0	0	0	0	1	Myeloid/Monocyte;Dendritic	1	1	Immune cell enriched	Disease variant, Microphthalmia	Disease related genes, Human disease related genes, Predicted secreted proteins
2501	SMPD3	Sphingomyelin phosphodiesterase 3	Immune-cell-enriched	2	0	0	0	0	0	0	0	0	0	0	0	0	1	Myeloid/Monocyte;Dendritic	0	1	Immune cell enriched		Enzymes, Metabolic proteins, Predicted intracellular proteins, Predicted membrane proteins
2502	SMPDL3A	Acid sphingomyelinase-like phosphodiesterase 3a	Immune-cell-enriched	2	0	0	0	0	0	0	0	0	0	0	0	0	1	Granulocyte	1	1	Immune cell enriched		Predicted intracellular proteins, Predicted secreted proteins
2503	SMPDL3B	Acid sphingomyelinase-like phosphodiesterase 3b	Immune-cell-enriched	3	0	0	0	0	0	0	0	0	0	0	0	0	1	Myeloid/Monocyte;Granulocyte;Dendritic	1	1	Group enriched		Predicted secreted proteins
2506	SNAP23	Synaptosomal-associated protein 23	Immune-cell-enriched	2	0	0	0	0	0	0	0	0	0	0	0	0	1	Granulocyte	0	1	Immune cell enhanced		Predicted intracellular proteins, Predicted membrane proteins, Transporters
2510	SNCA	Alpha-synuclein	Immune-cell-enriched	2	0	0	0	0	0	0	0	0	0	0	0	0	1	Myeloid/Monocyte;Dendritic	0	1	Immune cell enhanced	Alzheimer disease, Disease variant, Neurodegeneration, Parkinson disease, Parkinsonism	Disease related genes, Human disease related genes, Plasma proteins, Potential drug targets, Predicted intracellular proteins, Transporters
2512	SNED1	Sushi, nidogen and EGF-like domain-containing protein 1	Immune-cell-enriched	2	0	0	0	0	0	0	0	0	0	0	0	0	1	B-cell	1	1	Immune cell enhanced		Predicted intracellular proteins, Predicted secreted proteins
2517	SNX2	Sorting nexin-2	Immune-cell-enriched	2	0	0	0	0	0	0	0	0	0	0	0	0	1	B-cell	0	1	Immune cell enhanced		Predicted intracellular proteins
2519	SNX9	Sorting nexin-9	Immune-cell-enriched	2	0	0	0	0	0	0	0	0	0	0	0	0	1	Myeloid/Monocyte;Dendritic	0	1	Immune cell enhanced		Plasma proteins, Predicted intracellular proteins
2521	SOD2	Superoxide dismutase [Mn], mitochondrial	Immune-cell-enriched	2	0	0	0	0	0	0	0	0	0	0	0	0	1	Granulocyte	0	1	Immune cell enriched	Cancer-related genes	Cancer-related genes, Disease related genes, Enzymes, Human disease related genes, Plasma proteins, Potential drug targets, Predicted intracellular proteins
2523	SORBS1	Sorbin and SH3 domain-containing protein 1	Immune-cell-enriched	2	0	0	0	0	0	0	0	0	0	0	0	0	1	Granulocyte	0	1	Immune cell enriched		Predicted intracellular proteins
2525	SORD	Sorbitol dehydrogenase	Immune-cell-enriched	2	0	0	0	0	0	0	0	0	0	0	0	0	1	Granulocyte	0	1	Group enriched	Disease variant, Neuropathy	Disease related genes, Enzymes, Human disease related genes, Metabolic proteins, Plasma proteins, Potential drug targets, Predicted intracellular proteins
2526	SORT1	Sortilin	Immune-cell-enriched	2	0	0	0	0	0	0	0	0	0	0	0	0	1	Myeloid/Monocyte	0	1	Immune cell enhanced		Disease related genes, Potential drug targets, Predicted intracellular proteins, Predicted membrane proteins, Transporters
2533	SPARC	SPARC	Immune-cell-enriched	2	0	0	0	0	0	0	0	0	0	0	0	0	1	Myeloid/Monocyte;Granulocyte	1	1	Group enriched	Cancer-related genes, Disease variant, Osteogenesis imperfecta	Cancer-related genes, Disease related genes, Human disease related genes, Plasma proteins, Predicted intracellular proteins, Predicted secreted proteins
2535	SPART	Spartin	Immune-cell-enriched	2	0	0	0	0	0	0	0	0	0	0	0	0	1	Granulocyte	0	1	Immune cell enriched	Disease variant, Hereditary spastic paraplegia, Neurodegeneration	Disease related genes, Human disease related genes, Predicted intracellular proteins
2538	SPINK2	Serine protease inhibitor Kazal-type 2	Immune-cell-enriched	2	0	0	0	0	0	0	0	0	0	0	0	0	1	NK-cell	1	1	Immune cell enriched		Disease related genes, Human disease related genes, Predicted secreted proteins
2539	SPINK4	Serine protease inhibitor Kazal-type 4	Immune-cell-enriched	2	0	0	0	0	0	0	0	0	0	0	0	0	1	Granulocyte	1	1	Immune cell enriched		Predicted intracellular proteins, Predicted secreted proteins
2542	SPINK8	Serine protease inhibitor Kazal-type 8	Immune-cell-enriched	2	0	0	0	0	0	0	0	0	0	0	0	0	1	Granulocyte	1	1	Group enriched		Predicted secreted proteins
2547	SPON1	Spondin-1	Immune-cell-enriched	2	0	0	0	0	0	0	0	0	0	0	0	0	1	T-cell	1	1	Immune cell enriched		Essential proteins, Plasma proteins, Predicted secreted proteins
2548	SPON2	Spondin-2	Immune-cell-enriched	3	0	0	0	0	0	0	0	0	0	0	0	0	1	T-cell	1	1	Immune cell enhanced		Plasma proteins, Predicted intracellular proteins, Predicted secreted proteins
2549	SPP1	Osteopontin	Immune-cell-enriched	2	0	0	0	0	0	0	0	0	0	0	0	0	1	Granulocyte	1	1	Immune cell enriched	Cancer-related genes	Cancer-related genes, Plasma proteins, Predicted secreted proteins
2550	SPRED2	Sprouty-related, EVH1 domain-containing protein 2	Immune-cell-enriched	2	0	0	0	0	0	0	0	0	0	0	0	0	1	Myeloid/Monocyte;NK-cell;Dendritic	0	1	Group enriched	Disease variant	Disease related genes, Human disease related genes, Plasma proteins, Predicted intracellular proteins, Predicted membrane proteins
2554	SPRY2	Protein sprouty homolog 2	Immune-cell-enriched	2	0	0	0	0	0	0	0	0	0	0	0	0	1	NK-cell	0	1	Immune cell enhanced	Disease variant	Disease related genes, Plasma proteins, Predicted membrane proteins
2557	SRC	Proto-oncogene tyrosine-protein kinase Src	Immune-cell-enriched	3	0	0	0	0	0	0	0	0	0	0	0	0	1	Myeloid/Monocyte	0	1	Immune cell enhanced	Cancer-related genes, Disease variant, FDA approved drug targets, Proto-oncogene	Cancer-related genes, Disease related genes, Enzymes, FDA approved drug targets, Human disease related genes, Plasma proteins, Predicted intracellular proteins, Transporters
2560	SRPX	Sushi repeat-containing protein SRPX	Immune-cell-enriched	2	0	0	0	0	0	0	0	0	0	0	0	0	1	Myeloid/Monocyte;Dendritic	1	1	Immune cell enriched		Plasma proteins, Predicted secreted proteins
2565	SSH3	Protein phosphatase Slingshot homolog 3	Immune-cell-enriched	2	0	0	0	0	0	0	0	0	0	0	0	0	1	Granulocyte	0	1	Immune cell enhanced		Enzymes, Predicted intracellular proteins
2572	STAM	Signal transducing adapter molecule 1	Immune-cell-enriched	2	0	0	0	0	0	0	0	0	0	0	0	0	1	T-cell	0	1	Immune cell enhanced		Predicted intracellular proteins
2579	STEAP4	Metalloreductase STEAP4	Immune-cell-enriched	2	0	0	0	0	0	0	0	0	0	0	0	0	1	Granulocyte	0	1	Immune cell enriched		Enzymes, Predicted membrane proteins, Transporters
2581	STK11	Serine/threonine-protein kinase STK11	Immune-cell-enriched	2	0	0	0	0	0	0	0	0	0	0	0	0	1	Granulocyte	0	1	Immune cell enhanced	Cancer-related genes, Disease variant, Tumor suppressor	Cancer-related genes, Disease related genes, Enzymes, Human disease related genes, Potential drug targets, Predicted intracellular proteins
2587	STX3	Syntaxin-3	Immune-cell-enriched	2	0	0	0	0	0	0	0	0	0	0	0	0	1	Granulocyte	0	1	Group enriched	Disease variant	Disease related genes, Potential drug targets, Predicted intracellular proteins, Predicted membrane proteins, Transporters
2591	STX7	Syntaxin-7	Immune-cell-enriched	2	0	0	0	0	0	0	0	0	0	0	0	0	1	Myeloid/Monocyte;Granulocyte;B-cell;Dendritic	0	1	Group enriched		Plasma proteins, Predicted intracellular proteins, Predicted membrane proteins
2597	SULT1A1	Sulfotransferase 1A1	Immune-cell-enriched	2	0	0	0	0	0	0	0	0	0	0	0	0	1	Myeloid/Monocyte;Granulocyte;Dendritic	0	1	Group enriched		Enzymes, Metabolic proteins, Predicted intracellular proteins
2598	SULT2A1	Bile salt sulfotransferase	Immune-cell-enriched	2	0	0	0	0	0	0	0	0	0	0	0	0	1	Granulocyte	0	1	Immune cell enhanced		Enzymes, Metabolic proteins, Predicted intracellular proteins
2602	SUSD1	Sushi domain-containing protein 1	Immune-cell-enriched	2	0	0	0	0	0	0	0	0	0	0	0	0	1	Myeloid/Monocyte;Granulocyte;Dendritic	0	1	Group enriched		Predicted intracellular proteins, Predicted membrane proteins
2604	SUSD4	Sushi domain-containing protein 4	Immune-cell-enriched	3	0	0	0	0	0	0	0	0	0	0	0	0	1	T-cell	0	1	Immune cell enhanced		Predicted intracellular proteins, Predicted membrane proteins
2607	SWAP70	Switch-associated protein 70	Immune-cell-enriched	2	0	0	0	0	0	0	0	0	0	0	0	0	1	B-cell	0	1	Immune cell enhanced		Predicted intracellular proteins
2610	SYT1	Synaptotagmin-1	Immune-cell-enriched	2	0	0	0	0	0	0	0	0	0	0	0	0	1	B-cell	0	1	Immune cell enhanced	Disease variant	Disease related genes, Human disease related genes, Potential drug targets, Predicted intracellular proteins, Predicted membrane proteins, Transporters
2611	SYTL4	Synaptotagmin-like protein 4	Immune-cell-enriched	2	0	0	0	0	0	0	0	0	0	0	0	0	1	Granulocyte	0	1	Immune cell enhanced		Predicted intracellular proteins, Transporters
2613	TACC3	Transforming acidic coiled-coil-containing protein 3	Immune-cell-enriched	2	0	0	0	0	0	0	0	0	0	0	0	0	1	Granulocyte	0	1	Immune cell enhanced		Predicted intracellular proteins
2614	TACSTD2	Tumor-associated calcium signal transducer 2	Immune-cell-enriched	2	0	0	0	0	0	0	0	0	0	0	0	0	1	Granulocyte	0	1	Immune cell enhanced	Amyloidosis, Corneal dystrophy, FDA approved drug targets	Disease related genes, FDA approved drug targets, Human disease related genes, Predicted membrane proteins
2618	TALDO1	Transaldolase	Immune-cell-enriched	2	0	0	0	0	0	0	0	0	0	0	0	0	1	Granulocyte	0	1	Immune cell enhanced	Disease variant	Disease related genes, Enzymes, Human disease related genes, Metabolic proteins, Plasma proteins, Potential drug targets, Predicted intracellular proteins
2622	TARM1	T-cell-interacting, activating receptor on myeloid cells protein 1	Immune-cell-enriched	3	0	0	0	0	0	0	0	0	0	0	0	1	1	Granulocyte	0	1	Immune cell enhanced		Predicted membrane proteins
2631	TBL1X	F-box-like/WD repeat-containing protein TBL1X	Immune-cell-enriched	2	0	0	0	0	0	0	0	0	0	0	0	0	1	Granulocyte	0	1	Immune cell enhanced	Congenital hypothyroidism, Deafness, Disease variant	Disease related genes, Human disease related genes, Plasma proteins, Predicted intracellular proteins
2633	TCL1A	T-cell leukemia/lymphoma protein 1A	Immune-cell-enriched	2	0	0	0	0	0	0	0	0	0	0	0	0	1	Myeloid/Monocyte;B-cell;Dendritic	0	1	Group enriched	Cancer-related genes, Proto-oncogene	Cancer-related genes, Disease related genes, Predicted intracellular proteins
2634	TCL1B	T-cell leukemia/lymphoma protein 1B	Immune-cell-enriched	2	0	0	0	0	0	0	0	0	0	0	0	0	1	Myeloid/Monocyte;B-cell;Dendritic	0	1	Group enriched	Proto-oncogene	Predicted intracellular proteins
2635	TCN1	Transcobalamin-1	Immune-cell-enriched	2	0	0	0	0	0	0	0	0	0	0	0	0	1	Granulocyte	1	1	Immune cell enriched		Plasma proteins, Predicted secreted proteins
2636	TCN2	Transcobalamin-2	Immune-cell-enriched	2	0	0	0	0	0	0	0	0	0	0	0	0	1	Myeloid/Monocyte	1	1	Group enriched	Disease variant	Disease related genes, Human disease related genes, Predicted intracellular proteins, Predicted secreted proteins
2647	TET2	Methylcytosine dioxygenase TET2	Immune-cell-enriched	2	0	0	0	0	0	0	0	0	0	0	0	0	1	Granulocyte	0	1	Immune cell enhanced	Cancer-related genes, Disease variant, Tumor suppressor	Cancer-related genes, Disease related genes, Enzymes, Human disease related genes, Potential drug targets, Predicted intracellular proteins
2648	TEX101	Testis-expressed protein 101	Immune-cell-enriched	2	0	0	0	0	0	0	0	0	0	0	0	0	1	Granulocyte	1	1	Immune cell enriched		Predicted membrane proteins, Predicted secreted proteins
2654	TFF3	Trefoil factor 3	Immune-cell-enriched	2	0	0	0	0	0	0	0	0	0	0	0	0	1	Granulocyte	1	1	Immune cell enriched	Cancer-related genes	Cancer-related genes, Plasma proteins, Predicted intracellular proteins, Predicted secreted proteins
2657	TFRC	Transferrin receptor protein 1	Immune-cell-enriched	2	0	0	0	0	0	0	0	0	0	0	0	1	1	Myeloid/Monocyte	1	1	Immune cell enhanced	Cancer-related genes, Disease variant, FDA approved drug targets	Cancer-related genes, CD markers, Disease related genes, Enzymes, Essential proteins, FDA approved drug targets, Human disease related genes, Metabolic proteins, Plasma proteins, Predicted intracellular proteins, Predicted membrane proteins, Predicted secreted proteins, Transporters
2658	TG	Thyroglobulin	Immune-cell-enriched	2	0	0	0	0	0	0	0	0	0	0	0	0	1	Granulocyte	1	1	Immune cell enhanced	Cancer-related genes, Congenital hypothyroidism, Disease variant	Cancer-related genes, Disease related genes, Human disease related genes, Plasma proteins, Predicted intracellular proteins, Predicted secreted proteins
2659	TGFA	Protransforming growth factor alpha	Immune-cell-enriched	2	0	0	0	0	0	0	0	0	0	0	0	0	1	Granulocyte	1	1	Group enriched	Cancer-related genes	Cancer-related genes, Human disease related genes, Plasma proteins, Predicted membrane proteins, Predicted secreted proteins, RAS pathway related proteins
2669	THBD	Thrombomodulin	Immune-cell-enriched	3	0	0	0	0	0	1	0	0	0	0	0	0	1	Granulocyte	0	1	Immune cell enhanced	Disease variant, Hemolytic uremic syndrome, Thrombophilia	Candidate cardiovascular disease genes, CD markers, Disease related genes, Human disease related genes, Predicted membrane proteins
2671	THBS4	Thrombospondin-4	Immune-cell-enriched	2	0	0	0	0	0	0	0	0	0	0	0	0	1	Granulocyte	1	1	Immune cell enriched	Cancer-related genes	Cancer-related genes, Plasma proteins, Predicted intracellular proteins, Predicted secreted proteins
2679	TIE1	Tyrosine-protein kinase receptor Tie-1	Immune-cell-enriched	2	0	0	0	0	0	0	0	0	0	0	0	1	1	Granulocyte;NK-cell	0	1	Group enriched	Cancer-related genes	Cancer-related genes, Disease related genes, Enzymes, Human disease related genes, Plasma proteins, Potential drug targets, Predicted intracellular proteins, Predicted membrane proteins
2682	TIMD4	T-cell immunoglobulin and mucin domain-containing protein 4	Immune-cell-enriched	2	0	0	0	0	0	0	0	0	0	0	0	0	1	T-cell	0	1	Group enriched		Plasma proteins, Predicted membrane proteins
2686	TIMP2	Metalloproteinase inhibitor 2	Immune-cell-enriched	2	0	0	0	0	0	0	0	0	0	0	0	0	1	Granulocyte	1	1	Immune cell enhanced	Cancer-related genes	Cancer-related genes, Candidate cardiovascular disease genes, Plasma proteins, Predicted intracellular proteins, Predicted secreted proteins
2689	TINAGL1	Tubulointerstitial nephritis antigen-like	Immune-cell-enriched	2	0	0	0	0	0	0	0	0	0	0	0	0	1	Granulocyte	1	1	Immune cell enhanced		Enzymes, Predicted intracellular proteins, Predicted secreted proteins
2691	TJP3	Tight junction protein ZO-3	Immune-cell-enriched	2	0	0	0	0	0	0	0	0	0	0	0	0	1	T-cell	0	1	Group enriched		Predicted intracellular proteins, Transporters
2692	TK1	Thymidine kinase, cytosolic	Immune-cell-enriched	2	0	0	0	0	0	0	0	0	0	0	0	0	1	T-cell	0	1	Immune cell enhanced	Cancer-related genes	Cancer-related genes, Enzymes, Metabolic proteins, Plasma proteins, Predicted intracellular proteins
2693	TLR1	Toll-like receptor 1	Immune-cell-enriched	3	0	0	0	0	0	0	0	0	0	0	0	1	1	Granulocyte	0	1	Immune cell enhanced		CD markers, Predicted intracellular proteins, Predicted membrane proteins, Transporters
2694	TLR2	Toll-like receptor 2	Immune-cell-enriched	3	0	0	0	0	0	0	0	0	0	0	0	1	1	Myeloid/Monocyte;Granulocyte;Dendritic	0	1	Group enriched	FDA approved drug targets	CD markers, FDA approved drug targets, Human disease related genes, Predicted intracellular proteins, Predicted membrane proteins, Transporters
2695	TLR3	Toll-like receptor 3	Immune-cell-enriched	3	0	0	0	0	0	0	0	0	0	0	0	1	1	T-cell	0	1	Immune cell enhanced	Disease variant	CD markers, Disease related genes, Human disease related genes, Potential drug targets, Predicted intracellular proteins, Predicted membrane proteins, Transporters
2696	TLR4	Toll-like receptor 4	Immune-cell-enriched	3	0	0	0	0	0	0	0	0	0	0	0	1	1	Granulocyte	0	1	Immune cell enhanced	Age-related macular degeneration, FDA approved drug targets	CD markers, FDA approved drug targets, Human disease related genes, Predicted intracellular proteins, Predicted membrane proteins, Transporters
2702	TMEM106A	Transmembrane protein 106A	Immune-cell-enriched	3	0	0	0	0	0	0	0	0	0	0	0	0	1	Granulocyte	0	1	Immune cell enriched		Predicted membrane proteins, Transporters
2755	TP53INP1	Tumor protein p53-inducible nuclear protein 1	Immune-cell-enriched	2	0	0	0	0	0	0	0	0	0	0	0	0	1	Granulocyte	0	1	Immune cell enhanced	Tumor suppressor	Predicted intracellular proteins
2764	TPPP3	Tubulin polymerization-promoting protein family member 3	Immune-cell-enriched	2	0	0	0	0	0	0	0	0	0	0	0	0	1	Myeloid/Monocyte	0	1	Immune cell enhanced		Predicted intracellular proteins
2767	TPSAB1	Tryptase alpha/beta-1	Immune-cell-enriched	2	0	0	0	0	0	0	0	0	0	0	0	0	1	Granulocyte	1	1	Immune cell enriched		Disease related genes, Enzymes, Metabolic proteins, Potential drug targets, Predicted secreted proteins
2768	TPSD1	Tryptase delta	Immune-cell-enriched	2	0	0	0	0	0	0	0	0	0	0	0	0	1	Granulocyte	0	1	Immune cell enriched		Enzymes, Metabolic proteins, Predicted intracellular proteins
2773	TRAF3IP2	E3 ubiquitin ligase TRAF3IP2	Immune-cell-enriched	3	0	0	0	0	0	0	0	0	0	0	0	0	1	Granulocyte	0	1	Immune cell enhanced	Disease variant	Disease related genes, Enzymes, Human disease related genes, Potential drug targets, Predicted intracellular proteins, Predicted membrane proteins
2776	TREM2	Triggering receptor expressed on myeloid cells 2	Immune-cell-enriched	2	0	0	0	0	0	0	0	0	0	0	0	1	1	Myeloid/Monocyte;Dendritic	1	1	Immune cell enhanced	Alzheimer disease, Amyloidosis, Disease variant, Neurodegeneration	Disease related genes, Human disease related genes, Potential drug targets, Predicted membrane proteins, Predicted secreted proteins, Transporters
2777	TREML1	Trem-like transcript 1 protein	Immune-cell-enriched	2	0	0	0	0	0	0	0	0	0	0	0	0	1	Granulocyte	0	1	Immune cell enriched		Plasma proteins, Predicted membrane proteins
2778	TREML2	Trem-like transcript 2 protein	Immune-cell-enriched	2	0	0	0	0	0	0	0	0	0	0	0	0	1	Granulocyte;B-cell	0	1	Immune cell enhanced		Plasma proteins, Predicted membrane proteins
2782	TRIM25	E3 ubiquitin/ISG15 ligase TRIM25	Immune-cell-enriched	3	0	0	0	0	0	0	0	0	0	0	0	0	1	Granulocyte	0	1	Immune cell enhanced	Cancer-related genes	Cancer-related genes, Enzymes, Plasma proteins, Predicted intracellular proteins
2789	TSC22D1	TSC22 domain family protein 1	Immune-cell-enriched	2	0	0	0	0	0	0	0	0	0	0	0	0	1	Granulocyte	0	1	Immune cell enhanced		Predicted intracellular proteins, Transcription factors
2792	TSNAX	Translin-associated protein X	Immune-cell-enriched	2	0	0	0	0	0	0	0	0	0	0	0	0	1	Granulocyte	0	1	Immune cell enhanced		Predicted intracellular proteins
2793	TSPAN1	Tetraspanin-1	Immune-cell-enriched	2	0	0	0	0	0	0	0	0	0	0	0	0	1	Myeloid/Monocyte;Dendritic	0	1	Immune cell enriched		Predicted membrane proteins
2794	TSPAN15	Tetraspanin-15	Immune-cell-enriched	2	0	0	0	0	0	0	0	0	0	0	0	0	1	T-cell	0	1	Immune cell enriched		Predicted membrane proteins, Transporters
2798	TST	Thiosulfate sulfurtransferase	Immune-cell-enriched	2	0	0	0	0	0	0	0	0	0	0	0	0	1	Myeloid/Monocyte;Dendritic	0	1	Immune cell enhanced		Enzymes, Metabolic proteins, Predicted intracellular proteins
2802	TUBB3	Tubulin beta-3 chain	Immune-cell-enriched	2	0	0	0	0	0	0	0	0	0	0	0	0	1	B-cell	0	1	Immune cell enriched	Disease variant, FDA approved drug targets, Intellectual disability	Disease related genes, FDA approved drug targets, Human disease related genes, Plasma proteins, Predicted intracellular proteins
2804	TXK	Tyrosine-protein kinase TXK	Immune-cell-enriched	3	0	0	0	0	0	0	0	0	0	0	0	0	1	NK-cell	0	1	Immune cell enhanced		Enzymes, Predicted intracellular proteins
2808	TXNDC5	Thioredoxin domain-containing protein 5	Immune-cell-enriched	2	0	0	0	0	0	0	0	0	0	0	0	0	1	Myeloid/Monocyte;B-cell;Dendritic	0	1	Group enriched		Enzymes, Plasma proteins, Predicted intracellular proteins
2812	TYMP	Thymidine phosphorylase	Immune-cell-enriched	2	0	0	0	0	0	0	0	0	0	0	0	0	1	Myeloid/Monocyte;Granulocyte;Dendritic	0	1	Group enriched	Cancer-related genes, Disease variant, FDA approved drug targets, Neuropathy, Primary mitochondrial disease, Progressive external ophthalmoplegia	Cancer-related genes, Disease related genes, Enzymes, FDA approved drug targets, Human disease related genes, Metabolic proteins, Plasma proteins, Predicted intracellular proteins
2816	UBE2B	Ubiquitin-conjugating enzyme E2 B	Immune-cell-enriched	2	0	0	0	0	0	0	0	0	0	0	0	0	1	Granulocyte	0	1	Immune cell enhanced		Enzymes, Metabolic proteins, Predicted intracellular proteins
2824	ULBP2	UL16-binding protein 2	Immune-cell-enriched	3	0	0	0	0	0	0	0	0	0	0	0	0	1	T-cell	1	1	Immune cell enhanced		Predicted membrane proteins, Predicted secreted proteins
2829	UPB1	Beta-ureidopropionase	Immune-cell-enriched	2	0	0	0	0	0	0	0	0	0	0	0	0	1	Granulocyte	0	1	Group enriched	Disease variant	Disease related genes, Enzymes, Human disease related genes, Metabolic proteins, Potential drug targets, Predicted intracellular proteins
2830	UPK3A	Uroplakin-3a	Immune-cell-enriched	2	0	0	0	0	0	0	0	0	0	0	0	0	1	Myeloid/Monocyte;Dendritic	0	1	Immune cell enhanced	Disease variant	Disease related genes, Potential drug targets, Predicted membrane proteins, Transporters
2845	VAT1	Synaptic vesicle membrane protein VAT-1 homolog	Immune-cell-enriched	2	0	0	0	0	0	0	0	0	0	0	0	0	1	Granulocyte	0	1	Immune cell enriched		Plasma proteins, Predicted intracellular proteins
2848	VCAN	Versican core protein	Immune-cell-enriched	2	0	0	0	0	0	0	0	0	0	0	0	0	1	Myeloid/Monocyte;Dendritic	1	1	Group enriched	Cataract	Disease related genes, Human disease related genes, Plasma proteins, Predicted intracellular proteins, Predicted secreted proteins
2851	VEGFB	Vascular endothelial growth factor B	Immune-cell-enriched	2	0	0	0	0	0	0	0	0	0	0	0	0	1	Myeloid/Monocyte;Dendritic	1	1	Immune cell enriched	Cancer-related genes, FDA approved drug targets	Cancer-related genes, FDA approved drug targets, Predicted intracellular proteins, Predicted secreted proteins, RAS pathway related proteins
2857	VIT	Vitrin	Immune-cell-enriched	2	0	0	0	0	0	0	0	0	0	0	0	0	1	T-cell	1	1	Immune cell enhanced		Predicted intracellular proteins, Predicted secreted proteins
2858	VMO1	Vitelline membrane outer layer protein 1 homolog	Immune-cell-enriched	2	0	0	0	0	0	0	0	0	0	0	0	0	1	Myeloid/Monocyte	1	1	Immune cell enriched		Predicted secreted proteins
2859	VNN1	Pantetheinase	Immune-cell-enriched	2	0	0	0	0	0	0	0	0	0	0	0	0	1	Myeloid/Monocyte	0	1	Immune cell enhanced		Enzymes, Metabolic proteins, Plasma proteins, Predicted intracellular proteins
2860	VNN2	Vascular non-inflammatory molecule 2	Immune-cell-enriched	2	0	0	0	0	0	0	0	0	0	0	0	0	1	Granulocyte	0	1	Immune cell enriched		Enzymes, Metabolic proteins, Predicted intracellular proteins, Predicted membrane proteins
2868	VSIG4	V-set and immunoglobulin domain-containing protein 4	Immune-cell-enriched	3	0	0	0	0	0	0	0	0	0	0	0	0	1	Myeloid/Monocyte;Dendritic	0	1	Group enriched		Plasma proteins, Predicted membrane proteins
2871	VSTM1	V-set and transmembrane domain-containing protein 1	Immune-cell-enriched	3	0	0	0	0	0	0	0	0	0	0	0	0	1	Granulocyte	1	1	Immune cell enriched		Predicted intracellular proteins, Predicted membrane proteins, Predicted secreted proteins
2878	VWA5A	von Willebrand factor A domain-containing protein 5A	Immune-cell-enriched	2	0	0	0	0	0	0	0	0	0	0	0	0	1	Granulocyte	0	1	Immune cell enriched	Tumor suppressor	Predicted intracellular proteins
2883	WAS	Wiskott-Aldrich syndrome protein	Immune-cell-enriched	2	0	0	0	0	0	0	0	0	0	0	0	0	1	Granulocyte	0	1	Immune cell enhanced	Cancer-related genes, Disease variant	Cancer-related genes, Disease related genes, Human disease related genes, Predicted intracellular proteins
2884	WASF1	Wiskott-Aldrich syndrome protein family member 1	Immune-cell-enriched	2	0	0	0	0	0	0	0	0	0	0	0	0	1	Myeloid/Monocyte;B-cell;Dendritic	0	1	Group enriched	Disease variant, Epilepsy, Intellectual disability	Disease related genes, Human disease related genes, Predicted intracellular proteins
2900	XPNPEP2	Xaa-Pro aminopeptidase 2	Immune-cell-enriched	2	0	0	0	0	0	0	0	0	0	0	0	0	1	Myeloid/Monocyte;T-cell	0	1	Group enriched		Disease related genes, Enzymes, Potential drug targets, Predicted intracellular proteins
2904	YES1	Tyrosine-protein kinase Yes	Immune-cell-enriched	2	0	0	0	0	0	0	0	0	0	0	0	0	1	Granulocyte	0	1	Immune cell enriched	FDA approved drug targets, Proto-oncogene	Enzymes, FDA approved drug targets, Plasma proteins, Predicted intracellular proteins
2911	ZBTB16	Zinc finger and BTB domain-containing protein 16	Immune-cell-enriched	2	0	0	0	0	0	0	0	0	0	0	0	0	1	T-cell;B-cell;NK-cell	0	1	Group enriched	Cancer-related genes, Disease variant, Intellectual disability, Proto-oncogene	Cancer-related genes, Disease related genes, Human disease related genes, Predicted intracellular proteins, Transcription factors
1328	IFNAR1	Interferon alpha/beta receptor 1	Interferon axis	2	1	0	1	0	0	0	0	0	0	0	0	1	0		0	1	Low immune cell specificity	Cancer-related genes, Disease variant, FDA approved drug targets	Cancer-related genes, Disease related genes, FDA approved drug targets, Plasma proteins, Predicted intracellular proteins, Predicted membrane proteins, Transporters
1329	IFNG	Interferon gamma	Interferon axis	4	1	0	1	0	0	0	0	0	0	0	0	0	1	T-cell	1	1	Group enriched	Cancer-related genes, FDA approved drug targets	Cancer-related genes, Disease related genes, FDA approved drug targets, Human disease related genes, Plasma proteins, Predicted secreted proteins
1330	IFNGR1	Interferon gamma receptor 1	Interferon axis	2	1	0	1	0	0	0	0	0	0	0	0	1	0		0	1	Low immune cell specificity	Disease variant, FDA approved drug targets	CD markers, Disease related genes, FDA approved drug targets, Human disease related genes, Predicted intracellular proteins, Predicted membrane proteins
1331	IFNGR2	Interferon gamma receptor 2	Interferon axis	4	1	0	1	0	0	0	0	0	0	0	0	1	1	Granulocyte	0	1	Immune cell enhanced	Disease variant, FDA approved drug targets	Disease related genes, FDA approved drug targets, Human disease related genes, Predicted membrane proteins
1332	IFNL1	Interferon lambda-1	Interferon axis	4	1	0	1	0	0	0	0	0	0	0	0	0	1	Myeloid/Monocyte;T-cell;NK-cell;Dendritic	1	1	Group enriched		Predicted secreted proteins
1333	IFNL2	Interferon lambda-2	Interferon axis	2	1	0	1	0	0	0	0	0	0	0	0	0	0		1	1	Not detected in immune cells		Predicted secreted proteins
1334	IFNLR1	Interferon lambda receptor 1	Interferon axis	4	1	0	1	0	0	0	0	0	0	0	0	1	1	Myeloid/Monocyte;B-cell;Dendritic	0	1	Group enriched		Human disease related genes, Predicted intracellular proteins, Predicted membrane proteins
1335	IFNW1	Interferon omega-1	Interferon axis	2	1	0	1	0	0	0	0	0	0	0	0	0	0		1	1	Not detected in immune cells		Predicted secreted proteins
2712	TNF	Tumor necrosis factor	TNF superfamily	4	1	0	0	1	0	0	0	0	0	0	0	0	1	Myeloid/Monocyte	1	1	Immune cell enhanced	Cancer-related genes, FDA approved drug targets	Cancer-related genes, Candidate cardiovascular disease genes, Disease related genes, FDA approved drug targets, Human disease related genes, Plasma proteins, Predicted intracellular proteins, Predicted secreted proteins
2713	TNFAIP2	Tumor necrosis factor alpha-induced protein 2	TNF superfamily	4	1	0	0	1	0	0	0	0	0	0	0	0	1	Granulocyte	0	1	Immune cell enhanced	Cancer-related genes	Cancer-related genes, Plasma proteins, Predicted intracellular proteins, Transporters
2714	TNFAIP8	Tumor necrosis factor alpha-induced protein 8	TNF superfamily	2	1	0	0	1	0	0	0	0	0	0	0	0	0		0	1	Low immune cell specificity		Predicted intracellular proteins
2715	TNFAIP8L2	Tumor necrosis factor alpha-induced protein 8-like protein 2	TNF superfamily	3	1	0	0	1	0	0	0	0	0	0	0	0	0		0	1	Low immune cell specificity		Predicted intracellular proteins
2716	TNFRSF10A	Tumor necrosis factor receptor superfamily member 10A	TNF superfamily	2	1	0	0	1	0	0	0	0	0	0	0	1	0		0	1	Low immune cell specificity	Cancer-related genes	Cancer-related genes, CD markers, Predicted membrane proteins
2717	TNFRSF10B	Tumor necrosis factor receptor superfamily member 10B	TNF superfamily	2	1	0	0	1	0	0	0	0	0	0	0	1	0		0	1	Low immune cell specificity	Cancer-related genes	Cancer-related genes, CD markers, Disease related genes, Human disease related genes, Plasma proteins, Predicted membrane proteins
2718	TNFRSF10C	Tumor necrosis factor receptor superfamily member 10C	TNF superfamily	4	1	0	0	1	0	0	0	0	0	0	0	1	1	Granulocyte	0	1	Immune cell enriched	Cancer-related genes	Cancer-related genes, CD markers, Predicted membrane proteins
2719	TNFRSF11A	Tumor necrosis factor receptor superfamily member 11A	TNF superfamily	4	1	0	0	1	0	0	0	0	0	0	0	1	1	NK-cell	0	1	Immune cell enriched	Deafness, Disease variant, Osteopetrosis	CD markers, Disease related genes, Human disease related genes, Predicted intracellular proteins, Predicted membrane proteins
2720	TNFRSF11B	Tumor necrosis factor receptor superfamily member 11B	TNF superfamily	4	1	0	0	1	0	0	0	0	0	0	0	1	1	Myeloid/Monocyte;Dendritic	1	1	Immune cell enriched	Cancer-related genes, Disease variant	Cancer-related genes, Candidate cardiovascular disease genes, Disease related genes, Human disease related genes, Plasma proteins, Predicted secreted proteins
2721	TNFRSF12A	Tumor necrosis factor receptor superfamily member 12A	TNF superfamily	4	1	0	0	1	0	0	0	0	0	0	0	1	1	Granulocyte	0	1	Group enriched	Cancer-related genes	Cancer-related genes, CD markers, Predicted intracellular proteins, Predicted membrane proteins
2722	TNFRSF13B	Tumor necrosis factor receptor superfamily member 13B	TNF superfamily	5	1	0	0	1	0	0	0	0	0	0	0	1	1	B-cell	0	1	Group enriched	Disease variant	CD markers, Disease related genes, Human disease related genes, Predicted intracellular proteins, Predicted membrane proteins
2723	TNFRSF13C	Tumor necrosis factor receptor superfamily member 13C	TNF superfamily	5	1	0	0	1	0	0	0	0	0	0	0	1	1	B-cell	0	1	Group enriched	Disease variant	CD markers, Disease related genes, Human disease related genes, Predicted membrane proteins
2724	TNFRSF14	Tumor necrosis factor receptor superfamily member 14	TNF superfamily	3	1	0	0	1	0	0	0	0	0	0	0	1	0		0	1	Low immune cell specificity	Cancer-related genes	Cancer-related genes, CD markers, Human disease related genes, Predicted intracellular proteins, Predicted membrane proteins
2725	TNFRSF17	Tumor necrosis factor receptor superfamily member 17	TNF superfamily	5	1	0	0	1	0	0	0	0	0	0	0	1	1	Myeloid/Monocyte;B-cell;Dendritic	0	1	Group enriched	Cancer-related genes, FDA approved drug targets, Proto-oncogene	Cancer-related genes, CD markers, Disease related genes, FDA approved drug targets, Predicted intracellular proteins, Predicted membrane proteins
2726	TNFRSF19	Tumor necrosis factor receptor superfamily member 19	TNF superfamily	4	1	0	0	1	0	0	0	0	0	0	0	1	1	T-cell	0	1	Immune cell enhanced		Plasma proteins, Predicted membrane proteins
2727	TNFRSF1A	Tumor necrosis factor receptor superfamily member 1A	TNF superfamily	4	1	0	0	1	0	0	0	0	0	0	0	1	1	Granulocyte	1	1	Immune cell enhanced	Amyloidosis, Cancer-related genes, Disease variant, FDA approved drug targets	Cancer-related genes, Candidate cardiovascular disease genes, CD markers, Disease related genes, FDA approved drug targets, Human disease related genes, Plasma proteins, Predicted membrane proteins, Predicted secreted proteins
2728	TNFRSF1B	Tumor necrosis factor receptor superfamily member 1B	TNF superfamily	4	1	0	0	1	0	0	0	0	0	0	0	1	1	Myeloid/Monocyte	1	1	Immune cell enhanced	Cancer-related genes	Cancer-related genes, Candidate cardiovascular disease genes, CD markers, Human disease related genes, Plasma proteins, Predicted membrane proteins, Predicted secreted proteins
2729	TNFRSF21	Tumor necrosis factor receptor superfamily member 21	TNF superfamily	5	1	0	0	1	0	0	0	0	0	0	0	1	1	Myeloid/Monocyte;Dendritic	0	1	Immune cell enriched		CD markers, Plasma proteins, Predicted membrane proteins
2731	TNFRSF6B	Tumor necrosis factor receptor superfamily member 6B	TNF superfamily	4	1	0	0	1	0	0	0	0	0	0	0	1	1	Myeloid/Monocyte;Dendritic	1	0	Immune cell enriched		Predicted secreted proteins
2732	TNFRSF8	Tumor necrosis factor receptor superfamily member 8	TNF superfamily	4	1	0	0	1	0	0	0	0	0	0	0	1	1	Myeloid/Monocyte	0	1	Group enriched	Cancer-related genes, FDA approved drug targets	Cancer-related genes, CD markers, FDA approved drug targets, Plasma proteins, Predicted intracellular proteins, Predicted membrane proteins
2734	TNFSF10	Tumor necrosis factor ligand superfamily member 10	TNF superfamily	4	1	0	0	1	0	0	0	0	0	0	0	0	1	Myeloid/Monocyte;Granulocyte	1	1	Group enriched	Cancer-related genes	Cancer-related genes, CD markers, Predicted intracellular proteins, Predicted membrane proteins, Predicted secreted proteins, Transporters
2735	TNFSF11	Tumor necrosis factor ligand superfamily member 11	TNF superfamily	4	1	0	0	1	0	0	0	0	0	0	0	0	1	NK-cell	1	1	Immune cell enriched	Cancer-related genes, Disease variant, FDA approved drug targets, Osteopetrosis	Cancer-related genes, CD markers, Disease related genes, FDA approved drug targets, Human disease related genes, Predicted intracellular proteins, Predicted membrane proteins, Predicted secreted proteins
2736	TNFSF12	Tumor necrosis factor ligand superfamily member 12	TNF superfamily	2	1	0	0	1	0	0	0	0	0	0	0	0	0		1	1	Low immune cell specificity		Predicted intracellular proteins, Predicted secreted proteins
2737	TNFSF13	Tumor necrosis factor ligand superfamily member 13	TNF superfamily	5	1	0	0	1	0	0	0	0	0	0	0	0	1	Myeloid/Monocyte	1	1	Immune cell enhanced	Cancer-related genes	Cancer-related genes, CD markers, Plasma proteins, Predicted intracellular proteins, Predicted secreted proteins
2738	TNFSF13B	Tumor necrosis factor ligand superfamily member 13B	TNF superfamily	5	1	0	0	1	0	0	0	0	0	0	0	0	1	Granulocyte	1	1	Immune cell enhanced	Cancer-related genes, FDA approved drug targets	Cancer-related genes, CD markers, FDA approved drug targets, Plasma proteins, Predicted intracellular proteins, Predicted membrane proteins, Predicted secreted proteins
2739	TNFSF14	Tumor necrosis factor ligand superfamily member 14	TNF superfamily	4	1	0	0	1	0	0	0	0	0	0	0	0	1	Granulocyte	1	1	Immune cell enhanced		CD markers, Predicted intracellular proteins, Predicted membrane proteins, Predicted secreted proteins
2740	TNFSF8	Tumor necrosis factor ligand superfamily member 8	TNF superfamily	2	1	0	0	1	0	0	0	0	0	0	0	0	0		0	1	Low immune cell specificity	Cancer-related genes	Cancer-related genes, CD markers, Predicted membrane proteins
