gene	disease	disease_code	nsnp	PP_H0	PP_H1	PP_H2	PP_H3	PP_H4
IL6ST	Reimbursement for rheumatic diseases	K11_REIMB_202	5824	6.375350736181379e-46	9.139918906932716e-17	6.975281573172978e-33	8.949783216831933e-12	0.9999999999910472
IL6ST	Second line medication for Crohn's disease	RX_CROHN_2NDLINE	5824	2.3532425082664252e-45	3.3736954201920346e-16	6.975268936215371e-33	3.3102594232449317e-10	0.9999999996689724
IL6ST	Rheumatoid arthritis	M13_RHEUMA	5824	1.1337897990498035e-43	1.6254908152905578e-14	6.975065076724527e-33	5.498378870368985e-10	0.9999999994501394
IL6ST	Autoimmune diseases excluding thyroid diseases	AUTOIMMUNE_NONTHYROID	5824	3.529515027231534e-38	5.0587212100076526e-09	6.977116564962454e-33	3.898430794427211e-09	0.9999999910428414
IL6ST	Other systemic involvement of connective tissue (FG)	OTHER_SYSTCON_FG	5824	9.21772455457514e-38	1.3212335332954327e-08	6.976798579224629e-33	2.7779219459815062e-08	0.9999999590084494
IL6ST	First line medication for Crohn's disease	RX_CROHN_1STLINE	5824	1.164832806717439e-37	1.6694719801879154e-08	6.977493229733975e-33	3.450866502335509e-08	0.9999999487966149
IL6ST	Polymyalgia rheumatica	M13_POLYMYALGIA	5824	1.1032786436288843e-39	1.5820273081485866e-10	6.974240399997743e-33	5.9185848905997765e-08	0.9999999406559414
IL6ST	Polyarthropathies	M13_POLYARTHROPATHIES	5824	8.053465593875169e-41	1.1546085848605849e-11	6.976471353018357e-33	2.023665687820769e-07	0.9999997976218884
IL6ST	Systemic connective tissue disorders	M13_SYSTCONNECT	5824	3.121415948765464e-36	4.475900353509037e-07	6.977765226649741e-33	5.655760856366657e-07	0.9999989868338747
IL6ST	Seropositive rheumatoid arthritis, wide	RHEUMA_SEROPOS_WIDE	5824	1.4676890520619752e-38	2.1045861931683444e-09	6.982510674374383e-33	1.2552722032578819e-06	0.9999987426232142
IL2RA	Dermatitis	L12_DERMATITISNAS	8103	6.741011706345105e-60	5.541302829358642e-12	1.2181874335758114e-51	1.3860099301459336e-06	0.9999986139845247
IL6ST	Other arthritis (FG)	RHEU_ARTHRITIS_OTH	5824	1.4695746502562558e-36	2.106432337073633e-07	6.984836736691133e-33	1.1812890392795945e-06	0.9999986080677299
IL6ST	Autoimmune diseases	AUTOIMMUNE	5824	7.810699134963023e-36	1.1194714724236138e-06	6.979097310701335e-33	2.832222334912236e-07	0.9999985973062909
IL2RA	Dermatitis and eczema	L12_DERMATITISECZEMA	8103	5.172326097509117e-63	4.251798763606167e-15	1.2200982703054146e-51	2.9583442509753943e-06	0.999997041655745
IL2RA	Infective dermatitis	L12_INFECT_DERM	8103	8.259187870768717e-56	6.789286699119144e-08	1.2310526716564786e-51	1.1972254683096335e-05	0.999987959852455
IL6ST	Other (seronegative) rheumatoid arthritis, wide	RHEUMA_OTHER_WIDE	5824	5.577330123568343e-37	7.99803223136516e-08	7.164517958895075e-33	2.7437484023332345e-05	0.9999724825356605
IL6ST	Biological medication for rheuma	RX_RHEUMA_BIOLOGICAL	5824	4.664546102506605e-35	6.689285724972946e-06	7.523492015939855e-33	7.900713139083289e-05	0.9999143035828897
LTBP3	Otosclerosis	H8_OTOSCLE	3546	0.0	2.218552151870738e-27	0.0	0.00039100499199903253	0.9996089950080025
IL6ST	Seronegative rheumatoid arthritis	RHEUMA_SERONEG	5824	1.3631400347302468e-36	1.953873012585496e-07	1.0489289952839906e-32	0.0005039990693683319	0.9994958055433321
PLAUR	Coronary revascularization (ANGIO or CABG)	I9_REVASC	6392	6.761874619209216e-31	2.6203130647784463e-07	4.812041600424457e-27	0.0008655936395948478	0.999134144329099
IL6ST	Seropositive rheumatoid arthritis, strict definition	RHEUMA_SEROPOS_STRICT	5824	3.6490711627126886e-33	0.0005232605160622894	9.882002790897743e-33	0.0004179763259166033	0.9990587631580201
TNFSF14	MS-disease / Multiple Sclerosis	G6_MS	6996	1.2679633162835442e-191	1.8912647800835657e-06	1.32247989096709e-188	0.0009735558901648618	0.9990245528450764
CD70	Non-follicular lymphoma (controls excluding all cancers)	CD2_NONFOLLICULAR_LYMPHOMA_EXALLC	6836	1.2044554142814696e-33	1.9532642560446234e-07	1.2535424905758212e-29	0.0010339028214252303	0.9989659018521422
CD70	Non-Hodgkin lymphoma, all, excluding all cancers (controls excluding all cancers)	C3_NONHODGKIN_EXALLC	6836	1.7658048330940554e-34	2.8636041008550304e-08	1.318998538889699e-29	0.0011401589251915497	0.9988598124387638
CD70	Primary_lymphoid and hematopoietic malignant neoplasms (controls excluding all cancers)	CD2_PRIMARY_LYMPHOID_HEMATOPOIETIC_EXALLC	6836	3.948529919841337e-34	6.40332740000161e-08	1.3436729626420208e-29	0.0011802135058532903	0.9988197224608746
PLAUR	Ischaemic heart disease, wide definition	I9_IHD	6392	1.9441299291989446e-28	7.533851519556517e-05	5.80423148423388e-27	0.001250569517247941	0.9986740919675597
CTSH	Type 1 diabetes, definitions combined	T1D	6507	0.0	0.0001694884197113927	0.0	0.0014333298867772344	0.9983971816934452
IL6ST	Juvenile arthritis (FINNGEN)	JUVEN_ARTHR	5824	9.090010298841749e-33	0.0013029274582596938	1.0163144572330564e-32	0.00045850787347820473	0.9982385646682669
CTSH	Type1 diabetes, definitions combined, early onset	T1D_EARLY	6507	0.0	3.9330176767756565e-06	0.0	0.0019675652072911076	0.9980285017749342
IL6ST	Other/unspecified rheumatoid arthritis	RHEUMA_NOS	5824	9.430047125917949e-33	0.001352383959832882	1.2391197213420408e-32	0.0007791806217913362	0.9978684354183718
PLAUR	Abdominal aortic aneurysm (AAA)	I9_ABAORTANEUR	6392	3.901658681984598e-27	0.001511366709497995	4.2298543397326264e-27	0.000640650295856781	0.9978479829946447
ACE	Antihypertensive medication - note that there are other indications	RX_ANTIHYP	3675	4.9821113696016975e-37	4.023187624808899e-26	4.000009036890859e-14	0.0022323461799519666	0.9977676538200025
GPRC5C	Cholelithiasis	K11_CHOLELITH	6156	0.0	0.00019815286307372197	0.0	0.0020947581556636924	0.9977070889812982
PSRC1	Statin medication	RX_STATIN	4665	0.0	3.611045338459886e-170	0.0	0.0026949321637028734	0.9973050678362075
SLC12A2	Diseases of veins, lymphatic vessels and lymph nodes, not elsewhere classified	I9_DISVEINLYMPH	5516	4.0243160116893224e-115	2.1968170953136565e-36	7.189790092532536e-82	0.0029277322807094663	0.9970722677192757
TNFRSF1A	Vitamin B12 deficiency anaemia	D3_ANAEMIA_B12_DEF	5382	2.3129342472389792e-209	0.001131363345067083	5.824682243296622e-209	0.001852105528697042	0.9970165311262363
SLC12A2	Other disorders of veins	I9_VEINSOTH	5516	8.958470335121728e-98	4.890302034654176e-19	7.786384962128243e-82	0.003253730966305518	0.9967462690336822
ACE	Cardiovascular diseases (excluding rheumatic etc)	FG_CVD	3675	1.0016972720332516e-18	8.080922478881855e-08	5.281176492012732e-14	0.003263710437229955	0.996736208753491
ANXA2	Hypertension	I9_HYPTENS	5590	4.8616900216193084e-201	0.0014953496885119011	9.199697983743001e-201	0.0018329545150931707	0.9966716957964176
SLC12A2	Varicose veins	I9_VARICVE	5516	3.4622291417657213e-112	1.8899818365236374e-33	7.952046246398061e-82	0.003344253637012895	0.9966557463629846
PSRC1	Mixed hyperlipidaemia	E4_HYPERLIPMIX	4665	0.0	1.2196043156904771e-08	0.0	0.0033443264430983166	0.9966556613608001
FES	Cardiovascular diseases (excluding rheumatic etc)	FG_CVD	5936	0.0	1.3747590771759561e-09	0.0	0.003561559360360718	0.9964384392649549
PSRC1	Hyperlipidaemia, other/unspecified	E4_HYPERLIPNAS	4665	0.0	3.749373819645791e-22	0.0	0.0035990669731344564	0.9964009330269595
IL6ST	Atopic dermatitis	L12_ATOPIC	5824	1.9894469360238448e-32	0.002852408838653579	1.2230599655711957e-32	0.0007571959874673241	0.9963903951738776
IL2RA	Nummular dermatitis	L12_DERM_NUMMULAR	8103	2.3347347159461296e-51	0.0019192181605465085	3.3673708083670077e-51	0.0017717653023875128	0.9963090165370629
PSRC1	Disorder of lipoprotein metabolism, unspecified	E4_LIPOPROTNAS	4665	0.0	1.5493632728578744e-06	0.0	0.003963610847170187	0.9960348397895677
CD70	Asthma-related acute respiratory infections	ASTHMA_ACUTE_RESPIRATORY_INFECTIONS	6836	1.2333503441457033e-29	0.002000650156727083	1.869094952918368e-29	0.002035944866865125	0.9959634049764038
SCARB1	Coronary revascularization (ANGIO or CABG)	I9_REVASC	6498	0.0	7.465169151449367e-07	0.0	0.004307027592662964	0.995692225890369
TLR1	Acute tubulo-interstitial nephritis	N14_PYELONEPHR	6268	2.076902806337726e-121	0.0017976559818138273	4.252392963587201e-121	0.0026851266840989215	0.9955172173340948
CD70	Asthma-related infections	ASTHMA_INFECTIONS	6836	1.3463648523588387e-29	0.002183973974361119	2.0544871062436678e-29	0.0023371589114460005	0.9954788671142
PSRC1	Metabolic disorders	E4_METABOLIA	4665	0.0	4.043238380903786e-32	0.0	0.004613575170671366	0.9953864248293359
IL2RA	Crohn's disease of small intestine	CHRONSMALL	8103	3.2096928729769694e-51	0.002695357834541119	3.591000093002542e-51	0.002020278376185683	0.9952843637892802
PSRC1	Coronary angioplasty	I9_ANGIO	4665	0.0	9.663434469386848e-12	0.0	0.0047227552895615765	0.9952772447008321
ACE	Dementia	F5_DEMENTIA	3675	1.4203884853943687e-16	1.1442882760134219e-05	7.734324757151364e-14	0.005236146553695184	0.9947524105634636
SLC12A2	Phlebitis and thrombophlebitis (not including DVT)	I9_PHLETHROM	5516	1.099578901851915e-84	6.00244543971709e-06	1.1674988413500345e-81	0.005378595364525958	0.9946154021900324
PSRC1	Familial hypercholesterolemia	E4_FH	4665	0.0	6.336934862613951e-09	0.0	0.0053970095190436045	0.9946029841439676
LAYN	Anogenital herpesviral [herpes simplex] infection	AB1_ANOGENITAL_HERPES_SIMPLEX	4967	9.430882572181175e-15	0.00014380068775282393	4.1319487503136846e-13	0.005305783274971127	0.9945504160368558
PSRC1	Familial hypercholesterolemia, with ischemic heart disease	E4_FH_IHD	4665	0.0	6.225577039939178e-08	0.0	0.005587582035048787	0.9944123557091905
IL2RA	Type 1 diabetes, definitions combined	T1D	8103	3.506680011410365e-55	2.9699863209483745e-07	7.812761064305163e-51	0.0056226491402375485	0.9943770538611345
PSRC1	Coronary atherosclerosis	I9_CORATHER	4665	0.0	7.633807197837327e-24	0.0	0.005629692178687312	0.9943703078212502
ACE	Any dementia (more control exclusions)	KRA_PSY_DEMENTIA_EXMORE	3674	1.5633970088445677e-16	1.2594165060722125e-05	8.513931246253049e-14	0.0058643943596303795	0.9941230114752204
PLAUR	Angina pectoris	I9_ANGINA	6392	2.3966133156133644e-29	9.287183711279914e-06	1.800770082439376e-26	0.005984208324090118	0.9940065044922056
ACE	Dementia, including avohilmo	F5_DEMENTIA_INCLAVO	3675	1.0554645896264292e-15	8.50339867561574e-05	8.583624638568747e-14	0.005921442873397426	0.993993523139756
PSRC1	Myocardial infarction, strict	I9_MI_STRICT	4665	0.0	2.4735566928933223e-10	0.0	0.006127597351457265	0.9938724024011937
IL6ST	Dermatitis and eczema	L12_DERMATITISECZEMA	5824	3.59035537499138e-32	0.005147742933018873	1.6385989852172122e-32	0.0013558772797001635	0.9934963797872859
IL2RA	Lichen simplex chronicus and prurigo	L12_LICHSIMPANDPRURIGO	8103	5.0731042336289724e-51	0.004170235577098753	4.4638160706478577e-51	0.002676229890322651	0.9931535345325804
FES	Calcific aortic valvular stenosis, operated	I9_CAVS_OPERATED	5936	0.0	0.003574630043772483	0.0	0.003329401181306811	0.9930959687750264
PSRC1	Abdominal aortic aneurysm (AAA)	I9_ABAORTANEUR	4665	0.0	0.00016386383613430748	0.0	0.006811561377794587	0.9930245747861516
PSRC1	Disorders of lipoprotein metabolism and other lipidaemias	E4_LIPOPROT	4665	0.0	5.938758229461289e-53	0.0	0.006984374250825185	0.993015625749103
CLINT1	Immunodeficiencies	D3_IMMUDEF	6144	8.507477154548957e-13	0.00422914933129266	7.680524156095097e-13	0.002825117249138347	0.9929457334179494
MAPT	Benign neoplasm: Cerebral meninges	CD2_BENIGN_MENINGES_CEREBRAL	1982	2.717233836356956e-07	0.0034864523481607243	3.5916235184672934e-07	0.003615474528596643	0.9928974422375076
PSRC1	Coronary revascularization (ANGIO or CABG)	I9_REVASC	4665	0.0	6.2980374861971e-24	0.0	0.007341708326793087	0.9926582916732041
SCARB1	Coronary artery bypass grafting	I9_CABG	6498	0.0	3.27145253258542e-09	0.0	0.007398295785719349	0.992601700942824
ACE	Unspecific neurodegenerative disorder	G6_NEURODEGENERATIVE	3675	2.4741416170903353e-16	1.993343259580333e-05	1.1005904739695448e-13	0.007875029275842755	0.992105037291454
FES	Other heart diseases	FG_OTHHEART	5936	0.0	0.00010221065559644893	0.0	0.007968554230629634	0.9919292351137343
PSRC1	Pure hypercholesterolaemia	E4_HYPERCHOL	4665	0.0	7.313972064572972e-37	0.0	0.00809995117811812	0.9919000488218945
PSRC1	Unstable angina pectoris	I9_UAP	4665	0.0	0.0002748854660695572	0.0	0.00792327362816469	0.9918018409057344
IL6ST	Idiopathic pulmonary fibrosis	IPF	5824	3.0040528047610165e-32	0.004308259817654114	3.519499185619216e-32	0.004055850924435413	0.9916358892579095
LCN2	Statin medication	RX_STATIN	3422	7.969231486317413e-37	4.502796207240482e-05	1.6922371725967204e-34	0.008570138301339219	0.9913848337365825
SLC12A2	Erysipelas	AB1_ERYSIPELAS	5516	1.5246784161530505e-85	8.353625145240176e-07	1.784959395266795e-81	0.00878847893905197	0.9912106856984304
ACE	Alzheimer disease	G6_ALZHEIMER	3675	2.768034987744202e-15	0.00022302449540858758	1.2221483167966048e-13	0.008856101033664346	0.9909208744708035
PSRC1	Angina pectoris	I9_ANGINA	4665	0.0	3.995528759432076e-16	0.0	0.009115965531153515	0.9908840344689392
FES	Atrial fibrillation and flutter	I9_AF	5936	0.0	6.911311441951461e-05	0.0	0.009052169911374744	0.9908787169742405
PSRC1	Ischaemic heart disease, wide definition	I9_IHD	4665	0.0	2.570257453499802e-20	0.0	0.00923037095979125	0.9907696290401288
CD6	Cerebral palsy	G6_CP	4858	4.712142681918237e-196	0.00487796505425648	5.406133746499584e-196	0.004605861796315331	0.9905161731494453
LTBP3	Pterygium	H7_PTERYGIUM	3546	0.0	0.003453155895775246	0.0	0.006062985619235773	0.990483858484987
PSRC1	STROKE	C_STROKE	4665	0.0	0.0016323716698020316	0.0	0.0079737655023436	0.9903938628278954
MAPT	Benign neoplasm of meninges	CD2_BENIGN_MENINGES	1982	4.574061504169736e-07	0.0058689581586798805	3.938686343122891e-07	0.004063644543537018	0.9900665460229977
IL2RA	Other otitis externa (chronic)	H8_EXT_OTH	8103	1.0519657232653409e-51	0.0008819955959477244	1.2150081676893605e-50	0.009197025508449627	0.9899209788955968
PFKFB2	Atrial fibrillation and flutter	I9_AF	3971	3.721863233471297e-16	0.0024864168716543043	1.2881117313402059e-15	0.007615422724514738	0.9898981604038327
PLAUR	Coronary angioplasty	I9_ANGIO	6392	1.3334495821845038e-26	0.005167288005452601	1.5308273527346054e-26	0.004942261708962569	0.9898904502855844
CD5	Cerebral palsy	G6_CP	4892	1.93813887979e-130	0.005750722876864948	2.248040126089667e-130	0.005681674615952863	0.9885676025071961
PSRC1	Coronary artery bypass grafting	I9_CABG	4665	0.0	8.1755995051269e-19	0.0	0.011436962038462936	0.9885630379614777
CTLA4	Seropositive rheumatoid arthritis, strict definition	RHEUMA_SEROPOS_STRICT	4428	1.8606773331178776e-73	7.753403885730511e-10	2.988024454821476e-66	0.011462498477559221	0.9885375007470958
PDGFB	Degeneration of macula and posterior pole	H7_MACULADEGEN	4502	0.0	0.0029936093665014272	0.0	0.008488643092524143	0.9885177475410271
MAPT	Fracture of forearm	ST19_FRACT_FOREA	1982	7.692202400589236e-08	0.000986562807660493	9.211936264372264e-07	0.010826575672606005	0.988185863404084
PSRC1	Major coronary heart disease event	I9_CHD	4665	0.0	1.976364060152501e-16	0.0	0.01188099333702006	0.9881190066630413
ACE	Other degenerative diseases of the nervous system	NEURODEGOTH	3674	1.7311605367160064e-15	0.00013951727876829978	1.6391904170048823e-13	0.012222886876798076	0.987637595844271
EFNA1	Benign neoplasm: Stomach	CD2_BENIGN_STOMACH	3315	3.2264225870888446e-10	0.0011265972461241072	3.5409266547264433e-09	0.011376656154984286	0.9874967427353242
PSRC1	Diseases of arteries, arterioles and capillaries (FINNGEN)	FG_DOAAC	4665	0.0	0.00032849718313734266	0.0	0.012295101327259379	0.987376401489584
ACE	Pulmonary eosinophilia, not elsewhere classified	J10_PULMEOS	3675	5.664991822550808e-14	0.0045649045791402	1.1501610295736526e-13	0.008280953412444034	0.9871541420082439
FES	Atrial fibrillation and flutter with reimbursement	I9_AF_REIMB	5936	0.0	1.7348927091631407e-05	0.0	0.012919699385552744	0.9870629516873571
CTLA4	Seropositive rheumatoid arthritis, wide	RHEUMA_SEROPOS_WIDE	4428	3.43468960159698e-77	1.4312279386510573e-13	3.3729507961789156e-66	0.013068083164999382	0.9869319168348599
LCN2	Hypothyroidism, strict autoimmune	E4_HYTHY_AI_STRICT	3422	6.888184612311835e-35	0.003864238801428484	1.8420395320821216e-34	0.009346965356034045	0.9867887958425398
PLAUR	Coronary atherosclerosis	I9_CORATHER	6392	4.3894559294599065e-27	0.0017009704212140675	3.243066075555519e-26	0.011580578173079323	0.9867184514057101
IL6ST	Graves ophthalmopathy	GRAVES_OPHT	5824	5.331267381453888e-32	0.007646130423168519	4.652509932441035e-32	0.005685985200382224	0.9866678843764477
TNFRSF4	Allergic rhinitis	ALLERG_RHINITIS	4147	5.245883450270644e-121	0.0007466407076301729	9.549742122102401e-120	0.012605392884909352	0.9866479664074795
PLAUR	Myocardial infarction, strict	I9_MI_STRICT	6392	2.1562589155874963e-29	8.355779611038816e-06	3.7250355830237185e-26	0.01344844703056916	0.9865431971898233
LTBR	Acute appendicitis, with complications	APPENDACUT_COMPLIC	5373	6.581630133467397e-205	1.6074974748233912e-07	6.141075540522261e-200	0.01401297726073068	0.9859868619895306
IL12RB2	Primary biliary cholangitis (PBC)	CHIRBIL_PRIM	5640	0.0	1.8013027146803833e-05	0.0	0.014348232513003035	0.9856337544598214
PSRC1	Hard cardiovascular diseases	I9_CVD_HARD	4665	0.0	3.194969016241499e-12	0.0	0.014608836896713715	0.9853911631000073
ERBB2	Alcohol use disorder, Swedish definition	AUD_SWEDISH	4341	1.6825627797337152e-13	0.00048691207124992267	5.262316151400508e-12	0.014243197586257481	0.9852698903370619
CLEC10A	Cholecystectomy	K11_CHOLECYSTECTOMY	6223	2.2972512548541602e-278	0.009997281825139467	1.3613269880659368e-278	0.0049392208085425925	0.9850634973663721
IFNGR2	Hypertension	I9_HYPTENS	4677	0.0	1.4682198884816503e-05	0.0	0.015043799186765213	0.9849415186142573
CTLA4	Rheumatoid arthritis	M13_RHEUMA	4428	9.64746693600204e-76	4.020076884184681e-12	3.860858692553168e-66	0.015103210986842471	0.9848967890091271
CD14	Other puerperal infections	O15_PUERP_INFECT_OTHER	3932	4.2181688373881945e-297	0.003494284794492409	1.5327612370049217e-296	0.01171243267148754	0.984793282533988
ANPEP	Torsion of ovary, ovarian pedicle and fallopian tube	N14_OVARTORS	5793	0.0	0.006533875994588272	0.0	0.009145071415254797	0.9843210525903137
TNFRSF14	Nasal polyp	J10_NASALPOLYP	6039	0.0	0.00031821908894541485	0.0	0.015467669249105455	0.984214111661918
IFNGR2	Hypertension, essential	I9_HYPTENSESS	4677	0.0	0.0005171058096108685	0.0	0.015287866850287931	0.9841950273400217
CTLA4	Polyarthropathies	M13_POLYARTHROPATHIES	4428	1.0787033509321559e-70	4.4949316071685564e-07	4.0969975498004874e-66	0.016088181496164713	0.9839113690106693
CTLA4	Reimbursement for rheumatic diseases	K11_REIMB_202	4428	5.590744554803638e-70	2.3296503636460303e-06	4.131565500352136e-66	0.016232372867966097	0.9837652974816572
TGFBR1	Asthma/COPD (KELA code 203)	J10_ASTHMACOPDKELA	5261	2.3640650690547344e-55	0.01040089088398385	1.5521834233159887e-55	0.005845199586362719	0.9837539095296494
PDLIM7	Diseases of veins, lymphatic vessels and lymph nodes, not elsewhere classified	I9_DISVEINLYMPH	4983	2.2000468612982036e-30	0.0069805408003524114	3.303634276890352e-30	0.009498598527306527	0.9835208606723478
SWAP70	Autoimmune diseases	AUTOIMMUNE	5601	3.3896413623277157e-261	0.00017499347278365456	3.3494834623231326e-259	0.016308511789363187	0.9835164947378321
IL10	Long labour	O15_LABOUR_LONG	3083	6.14528301625809e-93	0.013110176666290925	2.0745170411323408e-93	0.00344226967279088	0.9834475536609092
PLAU	Abdominal aortic aneurysm (AAA)	I9_ABAORTANEUR	3997	1.2563522950478604e-163	0.003934980002058292	4.35985041757801e-163	0.012671952071138602	0.9833930679268041
PROC	Other hammer toe(s) (acquired)	M13_HAMMERTOE	6033	9.372387558003626e-91	0.0024624469932788273	5.841720232851495e-90	0.014365025927088132	0.9831725270796272
ERBB3	Asthma/COPD (KELA code 203)	J10_ASTHMACOPDKELA	3989	2.0384857372717443e-92	1.139284975622016e-05	3.217870467882123e-89	0.01700130078810576	0.9829873063621447
TNFRSF1B	Allergic rhinitis	ALLERG_RHINITIS	5049	1.5059163418692629e-72	0.0008234877515477996	3.248644663850872e-71	0.016782331624074363	0.9823941806243698
CTLA4	Graves ophthalmopathy, strict	E4_GRAVES_OPHT_STRICT	4428	1.0569189643581082e-67	0.00044041681314132744	4.408305757469873e-66	0.0173871826638597	0.9821724005230066
ERBB3	Basal cell carcinoma, including avohilmo, excluding all cancers (controls excluding all cancers)	C3_BASAL_CELL_CARCINOMA_INCLAVO_EXALLC	3989	1.3212392434565546e-89	0.007384975236797331	2.1101176368411792e-89	0.010812553904776763	0.9818024708584375
ACE	Other heart diseases	FG_OTHHEART	3675	1.260245180613856e-13	0.010166687973756378	1.1411418837773776e-13	0.008224245194398742	0.9816090668316039
LTBR	Suppurative and unspecified otitis media	H8_MED_SUPP	5373	9.360589097041262e-201	0.0022692350280405786	7.104870925608295e-200	0.01624245112731074	0.9814883138446567
CTLA4	Graves ophthalmopathy	GRAVES_OPHT	4428	1.833061872868418e-68	7.638345643971268e-05	4.66375800335737e-66	0.01845234935651925	0.9814712671870277
TGFA	Diseases of the digestive system	K11_OTHDIG	5714	3.081053502573479e-95	0.0014943758737544313	3.74955727775351e-94	0.0172048421345623	0.9813007819916788
CFH	Age-related macular degeneration (whether dry or wet)	H7_AMD	4143	0.0	0.0	6.076893703954804e-33	0.01872911033801183	0.9812708896620403
PSRC1	Congenital obstructive defects of renal pelvis and congenital malformations of ureter	Q17_CONGEN_OBSTRUCTIVE_DEFECTS_RENAL_PELVIS_CONGEN_MALFO_URETER	4665	0.0	0.007466405168685202	0.0	0.0116816289544863	0.980851965876777
TNFRSF13C	All pneumoniae	J10_PNEUMONIA	4786	1.7699573698331475e-65	0.01271412020471084	1.0419387230636632e-65	0.006503767740251702	0.980782112055043
FES	Gestational [pregnancy-induced] hypertension	O15_GESTAT_HYPERT	5936	0.0	6.056837664386283e-05	0.0	0.019213082332290157	0.9807263492911611
HAVCR1	Ulcerative colitis (strict definition, require KELA, min 2 HDR)	K11_UC_STRICT2	6291	1.860154255612169e-24	0.002015673167560951	1.7145629842702025e-23	0.017598711204217625	0.9803856156282181
SWAP70	Autoimmune diseases excluding thyroid diseases	AUTOIMMUNE_NONTHYROID	5601	5.192604852716378e-260	0.0026807691834882146	3.5269441050023976e-259	0.01722834849782943	0.9800908823186387
IL2RA	Allergic contact dermatitis	L12_ALLERGICCONTACT	8103	6.474432887223167e-51	0.005322167478613435	1.905529598709276e-50	0.014683999966499902	0.9799938325548864
CTLA4	Vitamin B12 deficiency anaemia	D3_ANAEMIA_B12_DEF	4428	1.3654994472110766e-69	5.690014632028625e-06	5.076444384295216e-66	0.02017364291309517	0.9798206670722741
CD70	Asthma (more control exclusions)	J10_ASTHMA_EXMORE	6836	5.484841835112146e-29	0.008896626828831258	7.591621081473316e-29	0.011334135487040925	0.9797692376841342
SLC12A2	Female genital prolapse	N14_FEMGENPROL	5516	1.6371743145895086e-84	9.007962141725387e-06	3.8558072759539007e-81	0.020235435555461492	0.9797555564824009
CD2	Type 1 diabetes, definitions combined	T1D	4886	4.0461998050758626e-15	0.004132133518908724	1.755922072837244e-14	0.016953231089741623	0.9789146353913296
LTBP3	Fracture of forearm	ST19_FRACT_FOREA	3546	0.0	0.0038940458560550962	0.0	0.01732949032884587	0.9787764638151513
PTPRM	Cardiomyopathy	I9_CARDMYO	6844	0.0	0.010647547351483327	0.0	0.010658961799155747	0.9786934908493752
CDH2	Diabetic retinopathy (more control exclusions)	DM_RETINOPATHY_EXMORE	4884	0.0	0.0005896432771387539	0.0	0.020766654720246757	0.9786437020025082
TG	Autoimmune diseases	AUTOIMMUNE	6835	8.68435215940749e-213	0.000988331124404266	1.8797948164525064e-211	0.020414590236794917	0.9785970786387783
CFH	Other retinal disorders	H7_RETINALDISOTH	4143	7.556004915180077e-137	2.4507793543296306e-106	6.965330860680448e-33	0.021613564285672654	0.9783864357143202
ANXA11	Other Crohn's disease	CHRONOTH	6924	4.861935872056515e-271	0.00645521623059519	1.2210588557429354e-270	0.015233747599579787	0.9783110361698112
PRTN3	Sudden idiopathic hearing loss	H8_HL_IDIOP	6015	9.083824984458791e-124	0.009975805794471321	1.1612872750932417e-123	0.01177494265575989	0.9782492515497678
CTLA4	Other/unspecified rheumatoid arthritis	RHEUMA_NOS	4428	4.452845155069866e-67	0.0018554941563440252	5.027311935578492e-66	0.019970562412162756	0.9781739434314815
EPS8L2	Peritonsillar abscess	J10_PERITONSABSC	5379	1.0094176596047132e-127	0.012020071707699274	9.069835080638751e-128	0.009822135525757279	0.9781577927665411
ACE	Alzheimer’s disease, wide definition	G6_AD_WIDE	3675	1.273183664235733e-13	0.010258186120302396	1.6089004309162783e-13	0.011985337956553366	0.9777564759228554
FES	Hypertension	I9_HYPTENS	5936	0.0	1.3069672728308882e-29	0.0	0.022336730100593297	0.9776632698994542
EFNA1	Antihypertensive medication - note that there are other indications	RX_ANTIHYP	3315	3.82609899139236e-09	0.013405553518647776	2.8698601498775184e-09	0.009077650083075579	0.977516789702318
PLAU	Sicca syndrome [Sjögren]	M13_SJOGREN	3997	1.3507838823574477e-163	0.004231686035856361	6.218885482868128e-163	0.018505032295116037	0.9772632816690164
FES	Hypertension, essential	I9_HYPTENSESS	5936	0.0	5.541059758037826e-27	0.0	0.02287830172475379	0.977121698275244
CFH	Moderate visual impairment, binocular	H7_MODVISIMPBINOC	4143	7.785594193080087e-50	2.5247241413117486e-19	7.373352333893545e-33	0.02293335069086532	0.9770666493091379
PLAU	Atherosclerosis, excluding cerebral and coronary sclerosis	I9_ATHSCLE	3997	4.563276017900257e-165	0.00014292487819768471	7.905727311513628e-163	0.023785198505229317	0.9760718766165781
SATB1	Atopic dermatitis	L12_ATOPIC	4323	2.56298717289184e-88	3.5149145380275013e-07	1.8184785740099206e-83	0.0239628190668485	0.9760368294417103
SATB1	Other and unspecified rosacea	L12_ROSACEANAS	4323	1.6435958941096573e-84	0.0022540953106828746	1.6626748991915508e-83	0.02182669125114879	0.975919213438166
CDH2	Diabetic retinopathy	DM_RETINOPATHY	4885	0.0	0.00435564332215248	0.0	0.02059844277544849	0.9750459139023977
RTN4R	Chronic diseases of tonsils and adenoids	J10_CHRONTONSADEN	4989	8.47116423408429e-09	0.0012990160185873268	1.627933411073244e-07	0.02398893561859023	0.974711877098318
PFKFB2	Atrial fibrillation and flutter with reimbursement	I9_AF_REIMB	3971	2.27342791302224e-15	0.015187794835105205	1.6779236652136884e-15	0.010234909589960584	0.9745772955749294
SPINK8	Type 2 diabetes, definitions combined	T2D	2470	2.5597132130433177e-96	3.3418907580936224e-05	2.025407322603908e-93	0.025468659766395823	0.9744979213260146
CLINT1	Immunodeficiency with predominantly antibody defects	D3_IMMUDEFANTIBODY	6144	3.0010882178179307e-12	0.014918399928680557	2.3363676729793488e-12	0.010639634261281146	0.9744419658047014
KLK1	Dyshidrosis [pompholyx]	L12_DYSHIDROSIS	6320	2.784709402167051e-83	0.010866737994744953	4.0565332234545086e-83	0.01485548301110941	0.9742777789941409
CLEC4C	Disorders of the thyroid gland	E4_THYROID	5554	0.0	0.013377835706610776	0.0	0.012539341304988077	0.9740828229892411
IFNGR2	Psoriasis	L12_PSORIASIS	4677	0.0	0.0027905061926923437	0.0	0.02342059593465383	0.9737888978727246
IFNGR2	Cardiovascular diseases (excluding rheumatic etc)	FG_CVD	4677	0.0	0.007014441458773755	0.0	0.019369306954659857	0.9736162515866412
IGF1R	Acute laryngitis and tracheitis	J10_LARYNGITIS	6860	1.347531705688104e-78	0.016574960403905638	9.319177326269295e-79	0.010489874543087481	0.9729351650530134
IL10	Other diseases of upper respiratory tract	J10_UPPERDIS	3083	9.308891687225143e-93	0.01981011216703365	3.946201919397824e-93	0.007425088057865729	0.972764799775089
TNFSF13	Persistent delusional disorders	F5_DELUSIO	5618	1.7171463506689404e-278	0.006172226208369039	6.412632546806897e-278	0.022078247729338054	0.9717495260623084
CD84	Other diseases of anus and rectum	K11_OTHANRECT	5486	0.0	0.001304036573715512	0.0	0.02726875452912735	0.9714272088971736
CD46	Separation of retinal layers (serosa)	H7_RETINASEPAR	5211	8.476509659176293e-15	2.694039991314972e-06	9.364861329890027e-11	0.028792591884221015	0.971204713982128
SATB1	Dermatitis and eczema	L12_DERMATITISECZEMA	4323	5.977281508136203e-90	8.197322988208928e-09	2.170982529689474e-83	0.028801943761322543	0.9711980480413488
MYL6B	Atopic dermatitis	L12_ATOPIC	3502	3.5613320068910834e-31	0.01307260082214143	4.652659679741472e-31	0.016107723587672897	0.9708196755901926
IL18R1	Carcinoma in situ of skin (controls excluding all cancers)	CD2_INSITU_SKIN_EXALLC	5074	0.0	0.013331311622788902	0.0	0.016252919463320095	0.970415768913893
CSF2RB	Androgenic alopecia	L12_ALOPECANDRO	6190	5.363391314702127e-56	0.016099411431425983	4.962174888955784e-56	0.013925095637344292	0.9699754929312228
DPEP2	Seropositive rheumatoid arthritis, strict definition	RHEUMA_SEROPOS_STRICT	3549	3.184800937844689e-161	0.01393485013729537	3.902745132254026e-161	0.01610620047262483	0.9699589493900955
NOMO1	Antihypertensive medication - note that there are other indications	RX_ANTIHYP	3017	2.365456601172549e-69	0.00016977723604449493	4.3427943494035156e-67	0.030200150044399177	0.9696300727195557
TNFRSF14	Follicular lymphoma, hilmo (controls excluding all cancers)	CD2_FOLLICULAR_LYMPHOMA_EXALLC	6039	0.0	0.0006657198021168529	0.0	0.0299872308178956	0.9693470493799426
ITGA6	Somatoform disorder	F5_SOMATOFORM	6002	3.1359553912128006e-09	0.0056730029596422015	1.4381984477808797e-08	0.02504800454147356	0.9692789749809431
CPVL	Adenomyosis (Endometriosis of uterus)	N14_ENDOMETRIOSIS_UTERUS	6346	0.0	0.01692827478778047	0.0	0.01388248023212526	0.9691892449799133
STAM	Viral warts	AB1_VIRAL_WARTS	6103	1.0980740010437926e-131	0.011088026237006565	2.125259386384942e-131	0.020491820061696104	0.9684201537012883
LRP1	Coronary atherosclerosis	I9_CORATHER	3675	6.154532860221782e-07	0.002547135894897297	7.26083368944275e-06	0.029081569756871532	0.968363418061256
PFKFB2	Hypertension	I9_HYPTENS	3971	1.683641205114591e-15	0.011247617097303327	3.234887432875449e-15	0.020642655730058544	0.9681097271726353
RAPGEF2	Dementia, including avohilmo	F5_DEMENTIA_INCLAVO	4844	0.0	0.006706650864368937	0.0	0.0261053512631261	0.967187997872393
TGFB2	Other hammer toe(s) (acquired)	M13_HAMMERTOE	6008	7.3848975572940266e-09	0.0020784072632175203	1.1319982416638987e-07	0.030891954973403888	0.9670295171786568
PDCD1	Gender identity disorders	F5_GENDER	4481	7.560820411162677e-76	0.0003523747326830206	7.207110068466668e-74	0.03262196793976368	0.9670256573275636
TNFRSF14	Suggestive for eosinophilic asthma	ASTHMA_EOSINOPHIL_SUGG	6039	0.0	9.307651082941543e-05	0.0	0.033630939546454665	0.9662759839427036
SWAP70	Rheumatoid arthritis	M13_RHEUMA	5601	2.992645095857852e-259	0.015417811196291783	3.7797699438079146e-259	0.01850692520668916	0.9660752635970075
PHOSPHO1	Retinal detachment with retinal break	H7_RETINALDETACHBREAK	4699	4.2296995025136025e-84	0.005200495949199693	2.4258676900839492e-83	0.028860565492970884	0.9659389385578431
NOMO1	Fracture of skull and facial bones	ST19_FRACT_SKULL_FACIAL_BONES	3017	1.6717305740182946e-67	0.012504683285860633	3.0295408886328044e-67	0.02169541710670589	0.9657998996074274
MYL4	Heart failure and bmi 25plus	I9_HEARTFAIL_AND_OVERWEIGHT	3523	1.8279325879442914e-06	0.0037999695466283097	1.5147250960909567e-05	0.03052296960791133	0.9656600856619113
SLC16A1	Diseases of veins, lymphatic vessels and lymph nodes, not elsewhere classified	I9_DISVEINLYMPH	4394	7.363489955437199e-50	0.007730360503763605	2.639771959355364e-49	0.026747408753125004	0.9655222307431097
IL18	Atopic dermatitis	L12_ATOPIC	4636	4.4764586318350466e-110	0.016941444797123128	4.943067480048086e-110	0.01774203939409215	0.9653165158087861
LTBR	Appendectomy	K11_APPENDECTOMY	5373	2.877538997686574e-201	0.0007011987348909803	1.453168769821719e-199	0.034445965359827725	0.964852835905283
NOMO1	Nerve, nerve root and plexus disorders	G6_NERPLEX	3017	8.432701364750142e-68	0.006236248259418502	4.0609635839099486e-67	0.029067408419195445	0.9646963433213919
CXCL6	Corneal scars and opacities	H7_CORNEALSCAR	4431	1.9787933860964167e-19	0.0020351172713127417	3.3921063705999045e-18	0.033922542127705506	0.9640423406009784
PSRC1	Heart failure and coronary heart disease	I9_HEARTFAIL_AND_CHD	4665	0.0	0.011511986637236508	0.0	0.024753633950121885	0.9637343794125824
OCLN	Hyperplasia of prostate	N14_PROSTHYPERPLA	2246	7.920506436946643e-35	0.025783583357593867	3.5443247798826014e-35	0.010574179761748879	0.963642236880657
LTBR	Diseases of middle ear and mastoid	H8_MIDDLEMASTOID	5373	3.661090687491631e-206	8.875376477656906e-09	1.5603638645578804e-199	0.0368638884706496	0.9631361026539722
LTBR	Eustachian salpingitis and obstruction	H8_EUSTSALP	5373	2.521567709167631e-200	0.006112894938447701	1.3216532798109074e-199	0.031077288155342983	0.9628098169062081
TXK	Reimbursement for rheumatic diseases	K11_REIMB_202	4540	7.44853781047411e-304	0.01164839556392895	1.726847157995704e-303	0.026042989991266825	0.9623086144448586
CTLA4	Type 1 diabetes, definitions combined	T1D	4428	2.8187289636953418e-70	1.1745601666851566e-06	9.585099730960961e-66	0.038979949136923306	0.961018876302924
CD79B	Dorsopathies	M13_DORSOPATHY	3278	1.4133565432712403e-35	0.010562564759160087	4.034312778370888e-35	0.029189745376727742	0.9602476898641152
SATB1	Infective dermatitis	L12_INFECT_DERM	4323	9.70524845306495e-85	0.0013309906207746173	2.881124345436773e-83	0.038552003674221146	0.9601170057050052
F12	Obesity, other/unspecified	E4_OBESITYNAS	4873	2.9364943582613634e-18	0.02487436880229377	1.8937582922812145e-18	0.01508154715964316	0.9600440840380627
CD226	Autoimmune diseases	AUTOIMMUNE	6361	0.0	6.924019592724058e-07	0.0	0.03996907651621894	0.9600302310818216
CMC1	Malignant melanoma of skin, excluding all cancers (controls excluding all cancers)	C3_MELANOMA_SKIN_EXALLC	5669	5.314205787220448e-151	0.01223808500512087	1.2929989761058722e-150	0.028817530247023927	0.9589443847478342
IL2RA	Prurigo nodularis	L12_PRURIGONOD	8103	2.6108732315442875e-50	0.021462118529530456	2.5010338527487394e-50	0.019600270068824286	0.9589376114016493
CTLA4	Other (seronegative) rheumatoid arthritis, wide	RHEUMA_OTHER_WIDE	4428	3.8683450205265394e-66	0.016119336514328782	6.246437777489168e-66	0.02507000321669482	0.9588106602689636
VMO1	Substance abuse (more control exclusions)	KRA_PSY_SUBSTANCE_EXMORE	6388	7.889858103103604e-266	0.029053935965785184	3.786440088772001e-266	0.0129853810653678	0.9579606829688398
CTLA4	Second line medication for Crohn's disease	RX_CROHN_2NDLINE	4428	3.496302443104646e-67	0.0014569021350074696	1.002264396567432e-65	0.0408064173926638	0.9577366804723266
PRKCQ	Allergic asthma (mode)	ALLERG_ASTHMA	7798	1.2154041962516533e-68	0.0037053438548332496	1.3018833971286867e-67	0.03873232569311373	0.9575623304520641
CCL8	Mucosal proctocolitis	MUCOPROCT	6071	1.8730835544971164e-06	0.00011362460701908163	0.0007030577769747301	0.04169125520628968	0.9574901893261616
TNFSF14	Disorders of the thyroid gland	E4_THYROID	6996	5.784927449740591e-189	0.0008638666620972198	2.863718725728953e-187	0.041806752939973595	0.9573293803979437
LTBP2	Hallux rigidus	M13_HALLUXRIGIDUS	5062	3.2770938350997823e-57	0.009653138715463265	1.154697157396687e-56	0.033055930525751634	0.9572909307587748
PTPRN2		EVER_SMOKER	7015	0.0	0.0007753160429344112	0.0	0.04194649298048059	0.9572781909766227
ERBB3	Basal cell carcinoma, excluding all cancers (controls excluding all cancers)	C3_BASAL_CELL_CARCINOMA_EXALLC	3989	3.2234865084474625e-89	0.018017426504856146	4.59959449524011e-89	0.024751844072954332	0.9572307294221828
LTBP3	Gestational diabetes (for exclusion)	GEST_DIABETES	3546	0.0	0.01446443224203152	0.0	0.02872873836027091	0.9568068293976514
CCL8	Ulcerative colitis (strict definition, require KELA, min 2 HDR)	K11_UC_STRICT2	6071	6.158208001582175e-07	3.7355892041304895e-05	0.0007195552868444592	0.04269190951809656	0.956550563482218
SCARB1	Major coronary heart disease event	I9_CHD	6498	0.0	0.013675467501795428	0.0	0.03075673348183614	0.9555677990163981
PCDH12	Haemangioma and lymphangioma, any site	CD2_BENIGN_HEAMANGIOMA_LYMPHANGIOMA	5729	6.814341541181878e-60	0.01481686692919834	1.4263822240286278e-59	0.03005963482562393	0.9551234982451906
PDLIM7	Venous thromboembolism	I9_VTE	4983	1.0206939150497522e-29	0.032384381114741796	4.2871215882169086e-30	0.01264712880382541	0.9549684900814279
PLAU	Acute appendicitis, no complications	APPENDACUT_NOCOMPLIC	3997	8.888365256788762e-163	0.02783845803020382	5.839088179686072e-163	0.01733326030703532	0.9548282816627726
CCL8	Inflammatory bowel disease, strict (require KELA)	K11_IBD_STRICT	6071	1.5275958716709544e-08	9.266275277850476e-07	0.0007521647212600637	0.04467113907471096	0.9545757543005431
PCDH12	Haemangioma, any site	CD2_BENIGN_HEMANGIOMA	5729	5.763312853755145e-60	0.01253154630371392	1.5605333718950525e-59	0.03297720169027681	0.954491252006009
PACS2	Chronic pancreatitis	K11_CHRONPANC	5467	1.310518127236131e-12	0.007926231487072931	6.3761443130441095e-12	0.03760951648952295	0.9544642520157178
DAPK2	Primary angle-closure glaucoma	H7_GLAUCCLOSEPRIM	4871	1.0229668630267533e-91	0.006881660028324058	5.888079676653072e-91	0.038655581338513934	0.9544627586331742
DSG2	Lumbar disc prolapse	M13_LUMBAR_PROLAPSE	5222	4.110553083391803e-05	0.023648086184091935	4.119712803223604e-05	0.02274725986654925	0.9535223512904932
GZMB	Asthma-related infections	ASTHMA_INFECTIONS	6279	0.0	0.009446007164412925	0.0	0.0372144356178048	0.9533395572177691
RTN4R	Dermatitis and eczema	L12_DERMATITISECZEMA	4989	2.0600775140724783e-07	0.03160814341348763	1.0882073164737118e-07	0.015743914850837218	0.9526476269071914
MAPRE3	Pain (limb, back, neck, head abdominally)	PAIN	3821	1.5460551988662114e-77	0.00014942871371138907	4.998675181275057e-75	0.04736050698436198	0.9524900643019176
BAG3	AV-block	I9_AVBLOCK	6066	1.7299103750682858e-90	0.0001473178990266153	5.715462052968584e-88	0.04772032337913185	0.9521323587218392
CCL8	Noninfective enteritis and colitis	K11_ENERCOLNONINF	6071	3.9060980546535096e-07	2.369509119720839e-05	0.0007924066795320178	0.047116743270820154	0.9520667643486456
TNFRSF4	Hypothyroidism, drug reimbursement	HYPOTHY_REIMB	4147	1.9447580260710427e-120	0.002831299911375427	3.181746353533661e-119	0.045370047294171635	0.9517986527944677
AXL	Suggestive for eosinophilic asthma	ASTHMA_EOSINOPHIL_SUGG	4716	3.624229409105695e-60	1.2365259341505974e-05	1.4448614097347713e-56	0.04834459079549303	0.9516430439451556
CRIM1	Diseases of veins, lymphatic vessels and lymph nodes, not elsewhere classified	I9_DISVEINLYMPH	7127	3.4701327557638616e-70	1.2284221708303084e-06	1.4046023359546593e-65	0.04877150013201551	0.951227271445819
CD226	Asthma (more control exclusions)	J10_ASTHMA_EXMORE	6361	0.0	0.001016686310225044	0.0	0.04836792816131133	0.9506153855284463
SERPING1	Thyrotoxicosis	THYROTOXICOSIS	5203	2.2093909448090806e-248	0.012702607358385583	6.746225497238446e-248	0.03783709028248835	0.949460302359127
SERPING1	Asthma (only as main-diagnosis) (more control exclusions)	J10_ASTHMA_MAIN_EXMORE	5203	4.9811289681033514e-251	2.84732826594119e-05	9.01576842683527e-248	0.050586828166619344	0.9493846985506842
PLAUR	Coronary artery bypass grafting	I9_CABG	6392	9.895745578254518e-28	0.00038347282203017683	1.3211527322333554e-25	0.050246991825806546	0.9493695353521621
JMJD1C	Cholecystectomy	K11_CHOLECYSTECTOMY	5289	1.1817604982056843e-08	0.00016671665011992412	3.6568519149191243e-06	0.050639782905562016	0.9491898317747983
IL18	Contact urticaria	L12_URTIGA_CONTACT	4636	4.871640189278389e-110	0.018381075470570905	9.212359517747881e-110	0.033811137656271306	0.9478077868731524
LTBP3	Obesity	E4_OBESITY	3546	0.0	0.002893442393473828	0.0	0.04977485065127471	0.9473317069552675
PIK3IP1	Hernia	K11_HERNIA	5764	0.0	0.009580111444278191	0.0	0.04330386645037399	0.9471160221052393
CTLA4	Autoimmune diseases excluding thyroid diseases	AUTOIMMUNE_NONTHYROID	4428	6.743345258746504e-75	2.8098648327546e-11	1.3021846639381857e-65	0.05331366594745344	0.9466863340244458
IL18RAP	Acute suppurative otitis media	H8_SUP_ACUTE	5104	0.0	0.007455171568603975	0.0	0.046125529945726294	0.946419298486007
CRIM1	Diseases of male genital organs	N14_MALEGEN	7127	9.386408072907999e-66	0.03322533842881955	6.059988102094017e-66	0.020504443836326956	0.9462702177348651
STEAP4	Hypertrophy of breast in women and men	N14_HYPERTROPHYBREAST_BOTH	4815	0.0	0.005247786846090386	0.0	0.04877671364764305	0.945975499506495
IL1RL1	Lichen ruber planus, wide definition including periferal and oral lichen planus	K11_LICHEN_PLANUS_WIDE	5122	4.9687682522047366e-147	2.968013519252823e-06	9.551889756014678e-143	0.0561127875326721	0.943884244453802
TNFRSF4	Pollen allergy	POLLENALLERG	4147	2.3980196667419692e-120	0.003415020691112571	3.7796447948311105e-119	0.0528822327051329	0.943702746603771
CFH	Visual impairment including blindness (binocular or monocular)	H7_BLINDANDVISIMPAIRMENT	4143	4.565936978548027e-40	1.4806488794001344e-09	1.7876583879158336e-32	0.05702748132949414	0.9429725171898509
DUSP13	Substance use, excluding alcohol	F5_SUBSNOALCO	3882	5.334331090663507e-06	0.010973832392830937	2.2865373275476926e-05	0.046095943082446716	0.9429020248203569
CDH2	Disorders of choroid and retina	H7_CHOROIDRETINA	4885	0.0	0.03088951807614162	0.0	0.026753245226856712	0.9423572366971067
ANXA2	Hypertension, essential	I9_HYPTENSESS	5590	1.2437138469543742e-199	0.03825392210056437	6.726139476288663e-200	0.01974613633621258	0.9419999415632092
CRIM1	Phlebitis and thrombophlebitis (not including DVT)	I9_PHLETHROM	7127	4.1896475343449484e-66	0.014831294020683554	1.2614001136988978e-65	0.04371193187166755	0.9414567741076386
CFH	Macular pucker	MACULAR_PUCKER	4143	6.451375081976619e-34	0.0020924942526414593	1.7896381740759303e-32	0.05710585578317137	0.9408016499641874
PLAU	Inflammatory bowel disease, strict (require KELA)	K11_IBD_STRICT	3997	1.507157143085354e-164	0.00047234268324545473	1.906300842953762e-162	0.05880269724144909	0.9407249600753104
ERBB3	Malignant neoplasm of skin, excluding all cancers (controls excluding all cancers)	C3_SKIN_EXALLC	3989	1.510008048927169e-89	0.008440072254681165	9.322998452008821e-89	0.051169782791632944	0.9403901449536759
MYL6B	Seropositive rheumatoid arthritis, wide	RHEUMA_SEROPOS_WIDE	3502	3.539393767372012e-31	0.012992143880673764	1.306158657941387e-30	0.04700549998214112	0.9400023561371913
SEZ6	Malignant melanoma of skin, excluding all cancers (controls excluding all cancers)	C3_MELANOMA_SKIN_EXALLC	3008	0.0003092664225081759	0.00011569380040321211	0.04462702878256325	0.015755379377479024	0.9391926316170458
TNFRSF14	Second line medication for Crohn's disease	RX_CROHN_2NDLINE	6039	0.0	0.00046662898067767315	0.0	0.06061589570648989	0.9389174753128319
AXL	Chronic sinusitis	J10_CHRONSINUSITIS	4716	2.6294421030034847e-57	0.008971285558282648	1.5594186012864669e-56	0.05226640071708943	0.9387623137246299
PTPRN2		CURRENT_SMOKER	7015	0.0	0.00016867122238229385	0.0	0.06296943491427172	0.9368618938633871
IL18RAP	First line medication for Crohn's disease	RX_CROHN_1STLINE	5104	0.0	0.0060662099720592165	0.0	0.05710781711981544	0.9368259729083357
CD46	Dorsalgia	M13_DORSALGIA	5211	9.251310721728741e-11	0.029455191754945723	1.108803346268091e-10	0.03436694421826473	0.9361778638233944
PIK3IP1	Bipolar affective disorders	F5_BIPO	5764	0.0	0.0016017188462203727	0.0	0.06250715958649376	0.9358911215672854
NELL2	Pre-eclampsia	O15_PREECLAMPS	5206	0.0	0.01798987136301251	0.0	0.04618237195809113	0.9358277566788145
CD226	Asthma, unspecified (mode)	ASTHMA_NAS	6361	0.0	0.01652199795868993	0.0	0.047938333552014795	0.9355396684893108
SNCA	Other and unspecified degenerative diseases of nervous system	G6_DEGENOTH	6011	2.913715390849922e-157	0.015419184657121918	9.782382452990155e-157	0.05083395904350269	0.9337468562993743
TNFRSF1B	Pollen allergy	POLLENALLERG	5049	6.26214631218518e-72	0.003424168424377591	1.1716734905027262e-70	0.06313416662540211	0.9334416649502246
CD46	Other dorsopathies, not elsewhere classified	M13_DORSOPATHYOTH	5211	9.586689607693056e-11	0.03052300254346856	1.1626558904936426e-10	0.03608433729162322	0.9333926599527762
CEACAM1	Other diseases of pleura	J10_PLEURA	4729	0.027805441663211423	0.01994825038108911	0.011724387178303805	0.007478295919051022	0.9330436248583444
IFNGR2	Papulosquamous disorders	L12_PAPULOSQUAMOUS	4677	0.0	0.01679767388061175	0.0	0.05034594150854076	0.9328563846108424
NGFR	Cardiovascular diseases (excluding rheumatic etc)	FG_CVD	4859	9.5454017850057e-11	0.00014446940728222554	4.5630385956331484e-08	0.0681297445009988	0.9317257403658774
PLAU	Migraine, single triptan purchase ok & required. ICD-code if available is included	MIGRAINE_TRIPTAN	3997	1.3249614500664538e-162	0.04148965655442959	8.93564222165885e-163	0.027049483555609724	0.9314608598899373
CA8	Disorders of the thyroid gland	E4_THYROID	5319	2.6620347635748942e-117	0.00020053758664369197	9.227766442033172e-115	0.06858380487179286	0.9312156575415816
IL4	Pustulosis palmaris et plantaris	L12_PSORI_PUSTUPALM	4756	3.096815916978084e-54	6.54735479769561e-05	3.320045285854544e-51	0.06926243920403707	0.9306720872479821
IL1RL1	Dermatitis	L12_DERMATITISNAS	5122	6.730136856900289e-144	0.003999304922284304	1.1343619847139506e-142	0.06647860891592398	0.929522086161772
PPP3R1	Varicose veins	I9_VARICVE	6390	0.0	1.4704884058367582e-37	0.0	0.07090789409261326	0.9290921059073999
RAPGEF2	Any dementia (more control exclusions)	KRA_PSY_DEMENTIA_EXMORE	4844	0.0	0.008216789846593924	0.0	0.06269833167584313	0.9290848784774902
FGFBP3	Circumscribed brain atrophy	G6_ATROPHCIRCUM	4522	1.1059163174443316e-08	0.02779944217179669	1.760246448207282e-08	0.043318470632789464	0.9288820585337857
CA8	Hypothyroidism, strict autoimmune	E4_HYTHY_AI_STRICT	5319	1.0176285058353886e-120	7.664776714608847e-08	9.619660718841334e-115	0.07152680014932318	0.928473123202896
LTBR	Peritonsillar abscess	J10_PERITONSABSC	5373	5.4104977502167284e-210	1.3035942263224634e-12	3.0141720981813873e-199	0.07169453860455931	0.928305461394109
TLR4	Codeine or tramadol medication	RX_CODEINE_TRAMADOL	5922	0.0	0.034951054030281994	0.0	0.03677357020850956	0.928275375761086
CFH	Disorders of choroid and retina	H7_CHOROIDRETINA	4143	1.1411663317685715e-103	3.701356625821941e-73	2.2695265608394204e-32	0.07268445286547785	0.9273155471345161
CRIM1	Alzheimer disease	G6_ALZHEIMER	7127	4.1543014220200504e-66	0.01470866791811521	1.6898750689272104e-65	0.05890512018820185	0.926386211893675
CD226	Autoimmune diseases excluding thyroid diseases	AUTOIMMUNE_NONTHYROID	6361	0.0	0.037827280593737	0.0	0.036032315967051386	0.9261404034392006
CTLA4	Disorders of orbit	H7_ORBIT	4428	6.566133669788539e-67	0.0027360980075449163	1.7352182177795725e-65	0.07138039819995833	0.9258835037924926
MAPRE3	Spondylopathies	M13_SPONDYLOPATHY	3821	1.9671338265421447e-76	0.0019010785018000473	7.597234913271479e-75	0.07249563410820145	0.925603287389992
MAPRE3	Gonarthrosis	M13_ARTHROSIS_KNEE	3821	4.6778207151987367e-76	0.004520706475800889	7.348612216670121e-75	0.0700925527200019	0.9253867408041857
CRIM1	Hyperplasia of prostate	N14_PROSTHYPERPLA	7127	2.6038062749358266e-66	0.00921676790694062	1.882407711231684e-65	0.06570705059254253	0.925076181500507
MAPRE3	Soft tissue disorders	M13_SOFTTISSUE	3821	4.665212793152289e-77	0.0004508447580864549	7.803148071439704e-75	0.0744843229183214	0.9250648323236046
SERPING1	Asthma/COPD (KELA code 203)	J10_ASTHMACOPDKELA	5203	4.494846761939239e-252	2.5712396385226562e-06	1.328101782052424e-247	0.07504800642838666	0.9249494223319904
PPP3R1	Anaemias	D3_ANAEMIA	6390	0.0	0.007305771759430067	0.0	0.06897163754344052	0.9237225906971449
FCRL3	Thyrotoxicosis	THYROTOXICOSIS	6047	0.0	0.0008794263460940597	0.0	0.07545977457700424	0.9236607990771846
SERPING1	Asthma, unspecified (mode)	ASTHMA_NAS	5203	2.6244645676808053e-251	1.4997355671446444e-05	1.355316381671874e-247	0.07652533531194437	0.9234596673323283
CD55	Other cataract	H7_CATARACTOTHER	4787	0.0	0.008181547023616596	0.0	0.07015661269810988	0.9216618402778372
CFH	Diabetic retinopathy (more control exclusions)	DM_RETINOPATHY_EXMORE	4133	3.231026954626446e-41	1.0484784986847706e-10	2.501621879202936e-32	0.08025868241643784	0.9197413174787133
ERBB3	Other malignant neoplasms of skin (=non-melanoma skin cancer), excluding all cancers (controls excluding all cancers)	C3_OTHER_SKIN_EXALLC	3989	3.094577862674489e-89	0.017296901680269944	1.1625651151620654e-88	0.0640620295953196	0.9186410687244145
PM20D1	Type 1 diabetes, definitions combined	T1D	3996	0.0	0.006456804286611236	0.0	0.07588279577286838	0.9176603999405609
IL1RL1	Dermatitis and eczema	L12_DERMATITISECZEMA	5122	4.740456479384414e-163	2.816960685195987e-22	1.4090067288983526e-142	0.08281138431277711	0.9171886156872299
ACE	Hypertension, essential	I9_HYPTENSESS	3675	2.522288389424808e-16	2.0341244530799086e-05	1.0388289688748e-12	0.0828602716922308	0.9171193870621994
SERPING1	Nontoxic goitre/thyroid nodule	E4_NONTOXIC_THYROID	5203	2.1893649806990897e-248	0.012584637295372864	1.2467251697983613e-247	0.07074604661861839	0.9166693160859557
ERBB3	Disorders of the thyroid gland	E4_THYROID	3989	9.916311931658381e-96	5.541983642993787e-09	1.508061023298849e-88	0.08336519882717204	0.9166347956308313
CD226	First line medication for Crohn's disease	RX_CROHN_1STLINE	6361	0.0	1.0065355657354695e-07	0.0	0.08547788332531366	0.9145220160210786
JMJD1C	Cholelithiasis	K11_CHOLELITH	5289	6.158604027872456e-12	8.687976231693476e-08	6.162906085607966e-06	0.08602648441383381	0.9139672657941612
MERTK	Hypertension, essential	I9_HYPTENSESS	4008	0.0	0.0001445707827090711	0.0	0.08600192082704175	0.9138535083902237
SEZ6	Malignant melanoma, excluding all cancers (controls excluding all cancers)	C3_MELANOMA_EXALLC	3008	0.020819299025322705	0.007788530186028208	0.04285469417901963	0.015118584818820613	0.9134188917908087
CALB1	Benign neoplasm: Cerebral meninges	CD2_BENIGN_MENINGES_CEREBRAL	4737	8.010432368624488e-57	0.007703682624989327	8.31679342913961e-56	0.07906989319697916	0.9132264241780207
SCARF1	Alzheimer disease	G6_ALZHEIMER	6899	0.002039743788591182	0.0163237232966253	0.007729945910801883	0.06094848687721616	0.9129581001267651
PM20D1	Ulcerative proctitis	ULCERPROCT	3996	0.0	0.012489546058248046	0.0	0.07489433008008513	0.9126161238616223
HAVCR1	Coeliac disease	K11_COELIAC	6291	1.36101476438033e-23	0.014749913807950592	6.808174920493959e-23	0.07287079771655747	0.9123792884754937
PILRB	Basal cell carcinoma, excluding all cancers (controls excluding all cancers)	C3_BASAL_CELL_CARCINOMA_EXALLC	3754	0.0	5.841281568956383e-06	0.0	0.08772741123131512	0.912266747487126
SERPING1	Asthma-related acute respiratory infections	ASTHMA_ACUTE_RESPIRATORY_INFECTIONS	5203	1.3743110982245027e-248	0.007869863306512506	1.4284513056029863e-247	0.08088767868602323	0.9112424580074324
IL2RA	Type1 diabetes, definitions combined, early onset	T1D_EARLY	8103	3.778901881176599e-51	0.0031897670370841773	1.0323763815662708e-49	0.08623220194396856	0.9105780310189434
CA4	Irregular menses	N14_MENSIRREG	2957	5.498689650785129e-104	0.004219474660069141	1.1369108275492867e-102	0.08633254478980706	0.909447980550119
PDLIM7	Medical abortion	O15_ABORT_MEDICAL	4983	1.667708887736167e-29	0.05291808550188777	1.219121896222269e-29	0.0377746604431415	0.9093072540549709
PILRA	COPD	J10_COPD	3811	4.618355617267946e-21	0.020002505953346794	1.667148757038698e-20	0.07129698415652407	0.9087005098901297
MAPRE3	Arthrosis	M13_ARTHROSIS	3821	6.981587458565089e-78	6.747096470105862e-05	9.63246920658619e-75	0.09218167811903763	0.9077508509162712
SMAD5	Other neurological diseases	G6_OTHNEU	5602	0.0	0.0322083210280236	0.0	0.06050990185583617	0.9072817771162085
CFH	Degeneration of macula and posterior pole	H7_MACULADEGEN	4143	6.292381012892979e-243	2.0409247544284846e-212	2.889828621362882e-32	0.09282400075738208	0.9071759992425696
IL18RAP	Otitis externa	H8_EXTOTITIS	5104	0.0	0.015515954311408363	0.0	0.07774187857347738	0.906742167115509
CD226	Lesion of femoral nerve	G6_FEMLE	6361	0.0	0.007832090014734797	0.0	0.08638211412029252	0.9057857958650236
MAPRE3	Pain in joint	JOINTPAIN	3821	3.055047478057915e-77	0.0002952771534151691	1.0099437501143669e-74	0.09671032185187488	0.9029944009947084
HGF	Other obstructive and reflux uropathy	N14_OBSTRUREFLUROPATH	5773	9.54053177701734e-10	0.010552278274337114	7.933679826962363e-09	0.08684764198092783	0.9026000708570004
NOMO1	Diabetes, insulin treatment (Kela reimbursement) (more control exclusions)	KELA_DIAB_INSUL_EXMORE	3017	2.2350028193364178e-68	0.0016413782291016072	1.319443852721405e-66	0.0959971321325595	0.9023614896383316
IL4	Allergic contact dermatitis	L12_ALLERGICCONTACT	4756	1.2603877316907316e-53	0.00026653623210137035	4.661705593282722e-51	0.09767978846407638	0.9020536753038271
CTLA4	Actinic keratosis	L12_ACTINKERA	4428	5.196185278288393e-67	0.0021652472238777513	2.321463234194985e-65	0.0958332293039923	0.9020015234721397
NUMB	Coeliac disease	K11_COELIAC	5646	1.9504002827241543e-68	0.012317704219704705	1.3735826834920108e-67	0.08584643507848731	0.9018358607018011
CD226	Asthma (only as main-diagnosis) (more control exclusions)	J10_ASTHMA_MAIN_EXMORE	6361	0.0	0.009998560348544365	0.0	0.0883483810204933	0.9016530586309154
ERBB3	Type 1 diabetes, definitions combined	T1D	3989	6.620194458782275e-95	3.700040959615706e-08	1.7847314161581336e-88	0.09884787163916972	0.9011520913604174
MAP1LC3A	Paraplegia, diplegia of upper limbs	G6_PARDIPLE	3357	0.0	0.011462395627191776	0.0	0.0874568790461119	0.9010807253266147
SERPING1	Obesity related asthma	ASTHMA_OBESITY	5203	1.9373574541415086e-249	0.0011094095332304513	1.7294585373743435e-247	0.09813506176913774	0.9007555286976665
CD226	Hypothyroidism, strict autoimmune	E4_HYTHY_AI_STRICT	6361	0.0	2.258779634415647e-06	0.0	0.09946706754017018	0.9005306736801945
IL4	Other and unspecified psoriasis	L12_PSORI_NAS	4756	6.705949838410195e-53	0.0014177863335985887	4.7181470553078415e-51	0.09885234964914803	0.8997298640172549
PLAUR	Major coronary heart disease event	I9_CHD	6392	3.6539330471057065e-30	1.4159159262302983e-06	2.6277177813833504e-25	0.10092620488597603	0.8990723791980968
THBD	Varicose veins	I9_VARICVE	6063	0.0	0.0001410138219258399	0.0	0.10221252775117395	0.8976464584268575
PPP3R1	Diseases of veins, lymphatic vessels and lymph nodes, not elsewhere classified	I9_DISVEINLYMPH	6390	0.0	1.5023798457562421e-25	0.0	0.10392816025321737	0.8960718397467277
THBD	Diseases of veins, lymphatic vessels and lymph nodes, not elsewhere classified	I9_DISVEINLYMPH	6063	0.0	0.0232564773723718	0.0	0.08085107656375255	0.8958924460638279
LTBR	Acute appendicitis, no complications	APPENDACUT_NOCOMPLIC	5373	6.246925475875038e-208	1.5257492025898236e-10	4.514699495410036e-199	0.10937640586966334	0.8906235939777771
TNFRSF9	Other secondary gonarthrosis	SCND_OTH_KNEEARTHROSIS	5103	1.9847932517786777e-46	0.01093513648983162	1.8356838604815054e-45	0.10024742709967763	0.8888174364104899
TNFRSF1B	Other diseases of upper respiratory tract	J10_UPPERDIS	5049	4.37064809736188e-71	0.02391197105132275	1.6131708887020306e-70	0.08736843296398128	0.8887195959847003
IL2RB	Nasal polyp	J10_NASALPOLYP	6134	2.0983641804306269e-13	1.2283345792202736e-05	1.920817722526622e-09	0.1115518569647284	0.8884358577684518
CRIM1	Other disorders of veins	I9_VEINSOTH	7127	3.141113908797366e-69	1.1119499564565679e-05	3.273813336285868e-65	0.11500755560394434	0.8849813248964952
CD226	Disorders of the thyroid gland	E4_THYROID	6361	0.0	0.024945874838698305	0.0	0.09076800855532637	0.8842861166060066
CA8	Hypothyroidism, drug reimbursement	HYPOTHY_REIMB	5319	2.2021815060789513e-115	0.016582204794373268	1.3369836542359903e-114	0.09978989378638412	0.8836279014192496
TPPP3	Disorders of the thyroid gland	E4_THYROID	3230	9.946857854069082e-53	0.004605047669323961	2.4423046932441312e-51	0.11218696653974544	0.8832079857909367
CA8	Rheumatoid arthritis	M13_RHEUMA	5319	5.075756844399299e-116	0.0038231894418444224	1.5172786812121791e-114	0.11340252369282221	0.8827742868653535
PPP3R1	Other disorders of veins	I9_VEINSOTH	6390	0.0	6.385504392008814e-14	0.0	0.11805690329049774	0.8819430967094922
FCRL3	Thyrotoxicosis with diffuse goitre	E4_THYTOXGOITDIF	6047	0.0	0.002375454217842051	0.0	0.11596939301939824	0.8816551527630707
CFH	Gonarthrosis, primary, with knee surgery	M13_ARTHROSIS_KNEE_PRIM_KNEESURG	4143	5.33261437623804e-33	0.017291004047431887	3.1642621963356066e-32	0.10172022441157509	0.8809887715409989
MERTK	Antihypertensive medication - note that there are other indications	RX_ANTIHYP	4008	0.0	0.033241811317114164	0.0	0.08609430066913923	0.8806638880136507
TNFSF12	Other disorders of eyelid	H7_EYELIDDIS	5652	0.0	0.0003245795128715982	0.0	0.12054970051611669	0.8791257199712239
ACE	Atrial fibrillation and flutter	I9_AF	3674	1.1630628997788338e-13	0.009382696143415574	1.4062163842813382e-12	0.11256466011163029	0.8780526437434321
MAPRE3	Artrosis, including avohilmo	M13_ARTHROSIS_INCLAVO	3821	7.81302086860751e-76	0.007550143086082328	1.1930329012373397e-74	0.11441115945300191	0.8780386974609257
TNFRSF14	Non-Hodgkin lymphoma, all, excluding all cancers (controls excluding all cancers)	C3_NONHODGKIN_EXALLC	6039	0.0	0.0033797661558298614	0.0	0.12138305691203938	0.8752371769321639
LRP1	Other diseases of upper respiratory tract	J10_UPPERDIS	3675	3.5179277539841134e-06	0.01459983779361029	2.7190050074781404e-05	0.11196868936685682	0.8734007648617038
FES	STROKE	C_STROKE	5936	0.0	0.024082876354403503	0.0	0.1036447355050624	0.87227238814063
MERTK	Hypertension	I9_HYPTENS	4008	0.0	2.2721822692901354e-05	0.0	0.1281878401513622	0.8717894380259383
CTLA4	Thyrotoxicosis	THYROTOXICOSIS	4428	7.042687551227391e-90	2.934671402135488e-26	3.121689484142619e-65	0.12920927869571489	0.8707907213042794
ERBB2	Asthma/COPD (KELA code 203)	J10_ASTHMACOPDKELA	4341	1.172122942093361e-34	3.3943532528677485e-25	4.588188290402675e-11	0.1320014410622086	0.867998558891906
SERPING1	Asthma (more control exclusions)	J10_ASTHMA_EXMORE	5203	1.7468978648685623e-252	9.985671321107155e-07	2.3608644482366488e-247	0.13408654749167737	0.8659124539412469
ERBB2	Biological medication for rheuma	RX_RHEUMA_BIOLOGICAL	4341	8.22969748100502e-14	0.00023807542110543424	4.660915717720645e-11	0.133968989849796	0.8657929346824056
CASP3	Colorectal adenocarcinoma, excluding all cancers (controls excluding all cancers)	C3_COLORECTAL_ADENO_EXALLC	6835	0.0	0.002773758385975072	0.0	0.13806027187081754	0.8591659697432509
TPPP3	Hypothyroidism, strict autoimmune	E4_HYTHY_AI_STRICT	3230	3.087370558976565e-52	0.014428213494595497	2.737499388473202e-51	0.127073101567507	0.8584986849379016
ERBB3	Asthma (only as main-diagnosis) (more control exclusions)	J10_ASTHMA_MAIN_EXMORE	3989	7.325042190778494e-90	0.0040940351615865785	2.4953817743381452e-88	0.1386119466994616	0.8572940181389537
TLR4	Migraine, single triptan purchase ok & required. ICD-code if available is included	MIGRAINE_TRIPTAN	5922	0.0	0.03244428368292464	0.0	0.11069230810929395	0.8568634082078703
ERBB2	Acute upper respiratory infections	J10_UPPERINFEC	4341	1.435941391045621e-13	0.0004156307927484794	5.048224564117811e-11	0.14526568249449895	0.8543186866621272
SERPING1	Chronic lower respiratory diseases	J10_LOWCHRON	5203	1.2484619966541265e-252	7.141722828391327e-07	2.6143309088438134e-247	0.14869932138162087	0.8512999644460612
ERBB2	Bronchitis	BRONCHITIS	4341	1.597038439629429e-13	0.000462225774258062	5.1756201391582496e-11	0.14894574140070133	0.8505920327731245
NUMB	Degeneration of macula and posterior pole	H7_MACULADEGEN	5646	1.5162819032344072e-69	0.0009575709972195885	2.368491353344971e-67	0.14872600063316088	0.8503164283696217
FES	Diseases of arteries, arterioles and capillaries (FINNGEN)	FG_DOAAC	5936	0.0	7.566452070966366e-07	0.0	0.15342856450579503	0.8465706788489799
CTLA4	Autoimmune hyperthyroidism	AUTOIMMUNE_HYPERTHYROIDISM	4428	8.055215407586971e-80	3.356503357413008e-16	3.746402524668888e-65	0.15526297724678045	0.8447370227532178
PPIF	Cholelithiasis	K11_CHOLELITH	6627	4.409750783971031e-62	0.03054900577849732	1.827118073511314e-61	0.12573177976516953	0.8437192144563243
PILRB	Basal cell carcinoma, including avohilmo, excluding all cancers (controls excluding all cancers)	C3_BASAL_CELL_CARCINOMA_INCLAVO_EXALLC	3754	0.0	9.103191479342279e-05	0.0	0.15793624041682258	0.84197272766799
CDAN1	Calcific aortic valvular stenosis, operated	I9_CAVS_OPERATED	3886	2.689347490260921e-32	1.744483420701322e-06	2.4810656002599635e-27	0.1600979413369926	0.8399003141795894
PIK3IP1	Coronary atherosclerosis	I9_CORATHER	5764	0.0	0.011591551031451664	0.0	0.1493670210268589	0.8390414279417545
CD226	Chronic lower respiratory diseases	J10_LOWCHRON	6361	0.0	0.02233524494289971	0.0	0.13911633890157366	0.8385484161555133
FOLR3	Chronic tubulo-interstitial nephritis	N14_CHRONTUBULOINTNEPHRITIS	5842	0.0	0.006792328591447645	0.0	0.15472683963577188	0.838480831773007
PILRA	Statin medication	RX_STATIN	3811	3.727431880980549e-21	0.016156191300770884	3.387006901548845e-20	0.14596864789780228	0.8378751608014253
IL1RN	Disorders of skin appendages	L12_DISORDSKINAPPENDIX	4752	9.339208020181857e-43	0.015698046416031418	8.840453424898716e-42	0.14776047863953307	0.8365414749444394
CFH	Diabetic retinopathy	DM_RETINOPATHY	4133	6.791937407664804e-43	2.204239415616029e-12	5.178523832791734e-32	0.16722982613429757	0.8327701738634928
IL1RL1	Papulosquamous disorders	L12_PAPULOSQUAMOUS	5122	2.8485594769595857e-143	0.017012166418379365	2.5531885992543047e-142	0.15165018748739315	0.8313376460942116
PILRA	COPD-related respiratory insufficiency	COPD_INSUFFICIENCY	3811	1.7430031287456872e-21	0.007546679646480348	3.748714714461001e-20	0.16147710326664227	0.8309762170868804
ERBB2	Acute bronchiolitis	J10_BRONCHIOLITIS	4341	5.990467297843383e-19	1.7336309673612164e-09	5.900820318360624e-11	0.169938667185818	0.8300613310215442
CD226	Systemic connective tissue disorders	M13_SYSTCONNECT	6361	0.0	0.016661080028798347	0.0	0.15376320131825724	0.8295757186528897
VAT1	Shoulder lesions	M13_SHOULDER	3673	1.9496698744750993e-251	0.016978597000031733	1.8004064589449262e-250	0.1559603833722329	0.8270610196276811
CRIM1	Varicose veins	I9_VARICVE	7127	7.814885068948664e-67	0.00276645844895755	4.840562886361453e-65	0.17052854817461346	0.8267049933764232
TMEM106A	Shoulder lesions	M13_SHOULDER	3677	1.9529328829492668e-67	0.018335537263606344	1.6632783458811085e-66	0.15533419299717627	0.8263302697392094
PPP3R1	Cardiovascular diseases (excluding rheumatic etc)	FG_CVD	6390	0.0	0.029321820579930335	0.0	0.14446485019245872	0.8262133292276294
TG	Hypothyroidism, drug reimbursement	HYPOTHY_REIMB	6835	7.710240343685695e-213	0.0008765951819588298	1.543645887014062e-210	0.1746762489171213	0.8244471559009274
CRIM1	Sleep apnoea, including avohilmo	G6_SLEEPAPNO_INCLAVO	7127	5.884708198280173e-66	0.020833019702733203	4.416393752888114e-65	0.15552534793322217	0.823641632364042
SCARB1	Coronary atherosclerosis	I9_CORATHER	6498	0.0	0.0013947407297158869	0.0	0.1781797209999541	0.8204255382703224
PILRA	Unspecific neurodegenerative disorder	G6_NEURODEGENERATIVE	3811	1.4505645105527166e-22	0.0006278068574362942	4.1787177904652775e-20	0.1800363010037013	0.8193358921388614
SERPING1	Asthma-related infections	ASTHMA_INFECTIONS	5203	7.516126737310769e-252	4.304039317842786e-06	3.174570245797652e-247	0.18096975480597058	0.8190259411546589
CA8	Metabolic disorders	E4_METABOLIA	5319	3.9953724850245116e-115	0.030100669715971366	2.0730955819396045e-114	0.15537007088865012	0.8145292593953716
LTBP3	Hypothyroidism, strict autoimmune	E4_HYTHY_AI_STRICT	3546	0.0	0.010697792699277047	0.0	0.17531138355841974	0.8139908237423058
ERBB2	Acute sinusitis	J10_SINUSITIS	4341	2.1704754546561294e-16	6.282404278373381e-07	6.504174034548248e-11	0.18744966119944176	0.8125497104950861
DUSP13	Soft tissue disorders	M13_SOFTTISSUE	3882	3.140536429388994e-05	0.06461412999135906	6.1009328544287125e-05	0.12471143544046812	0.8105820198753341
CD55	Retinal detachment with retinal break	H7_RETINALDETACHBREAK	4787	0.0	7.598211059425029e-05	0.0	0.19027153423030777	0.8096524836586874
MYL6B	Rheumatoid arthritis	M13_RHEUMA	3502	5.401179109409695e-31	0.019826364486615646	4.6684952300779125e-30	0.1705590554095652	0.8096145801038143
DUSP13	Shoulder lesions	M13_SHOULDER	3882	2.109209716430969e-05	0.04339537332576749	7.202718945174621e-05	0.14738129160501537	0.8091302157826002
SPINK8	Hypertension, essential	I9_HYPTENSESS	2470	8.710378688571673e-95	0.0011386673645900679	1.4605890416407111e-92	0.19012729001063666	0.8087340426247617
ERBB2	Allergic rhinitis	ALLERG_RHINITIS	4341	4.134233711846399e-12	0.011963859476382007	6.291239792971128e-11	0.18125236929426433	0.8067837711623069
JMJD1C	Intrahepatic Cholestasis of Pregnancy (ICP)  (more control exclusions)	O15_ICP_EXMORE	5289	3.9877702689901797e-08	0.0005625360441048719	1.3775907523723799e-05	0.19352436549239221	0.8058992826782769
ACTA2	Chronic lymphocytic leukaemia and small lyphocytis leukaemia, excluding all cancers (controls excluding all cancers)	C3_CLL_EXALLC	6050	0.0	0.0016065808024868069	0.0	0.19327197030648244	0.8051214488912116
TRIM25	Acute sinusitis	J10_SINUSITIS	5398	0.0004240108272400373	0.051500827175285493	0.0011879136638069628	0.14348191090580245	0.8034053374278649
CFH	Degenerative macular diseases	MACULA_NAS	4143	1.0418515743990587e-33	0.0033792306350718965	5.982994990136072e-32	0.19325421762776893	0.8033665517371646
ERBB2	Inflammatory bowel disease, strict (require KELA)	K11_IBD_STRICT	4341	6.361673065241293e-20	1.8402610739015516e-10	6.84516337902159e-11	0.19720939237852275	0.8027906073690004
CRIM1	Sleep apnoea	G6_SLEEPAPNO	7127	1.1657723368234558e-65	0.04127135802697984	4.441903826962941e-65	0.1564526161802814	0.8022760257927282
ERBB2	Ulcerative colitis (strict definition, require KELA, min 2 HDR)	K11_UC_STRICT2	4341	3.440697646010162e-18	9.953318126744404e-09	7.026504480190567e-11	0.20246657638527865	0.7975334135911363
SPINK8	Diabetes, insulin treatment (Kela reimbursement) (more control exclusions)	KELA_DIAB_INSUL_EXMORE	2470	3.691450866735471e-95	0.00048195046290653985	1.555086934852249e-92	0.20223260582902214	0.7972854437080724
CA8	Soft tissue disorders related to use, overuse and pressure	M13_SOFTOVERUSE	5319	8.380877713760887e-116	0.006313408848699955	2.6503620594292855e-114	0.1988599093703278	0.7948266817809545
LTBR	Sarcoidosis	D3_SARCOIDOSIS	5373	2.83733667505327e-200	0.006894689537250272	8.280811277920409e-199	0.2004299126009794	0.7926753978617789
ERBB2		EVER_SMOKER	4341	9.810210978895773e-13	0.0028407776901896863	7.147773216469586e-11	0.2061896420658353	0.7909695801715175
CTLA4	Autoimmune diseases	AUTOIMMUNE	4428	6.340693762840788e-120	2.6420893045448922e-56	5.067417362402003e-65	0.21036342830790453	0.7896365716920718
TNFRSF4	Thyrotoxicosis with diffuse goitre	E4_THYTOXGOITDIF	4147	3.229091645750906e-120	0.0046404468425771785	1.4425641974482446e-118	0.20651845177375971	0.7888411013836624
FES	Coronary artery bypass grafting	I9_CABG	5936	0.0	0.0005293659344159571	0.0	0.21211367885187002	0.7873569552137946
ERBB2	Other acute lower respiratory infections	J10_LOWERINF	4341	4.685561733403452e-17	1.3559935338325414e-07	7.411907246598077e-11	0.21371303836921424	0.7862868259573139
LIF	Type1 diabetes, definitions combined, early onset	T1D_EARLY	5206	6.340049646663238e-07	1.0219751561377898e-06	0.08262715320327346	0.13240468105171546	0.7849665097648901
ERBB2	COPD/asthma/ILD related infections	PULM_INFECTIONS	4341	4.6106328117822583e-14	0.00013348850739925544	7.467176297013098e-11	0.21540760388874305	0.7844589075291412
MAPRE3	Anaemias	D3_ANAEMIA	3821	8.294671983654845e-76	0.00801683009038093	2.1623781980818508e-74	0.20821085265798686	0.7837723172516274
CTLA4	Postprocedural endocrine and metabolic disorders, not elsewhere classified	E4_ENDOMETPOSTOP	4428	8.685496241987247e-67	0.0036192322563202775	5.124459217153064e-65	0.2127517589320691	0.7836290088116051
CTLA4	Hypothyroidism, drug reimbursement	HYPOTHY_REIMB	4428	3.349502317378138e-92	1.3957075145650815e-28	5.282131130737825e-65	0.2193209782853745	0.7806790217146382
HAVCR1	Metabolic disorders	E4_METABOLIA	6291	5.660670756811017e-25	0.000613579516211125	2.0408631037221765e-22	0.22043720159297076	0.7789492188908155
ERBB2	Unspecified acute lower respiratory infection	J10_ACUTELOWERNAS	4341	2.0711422801379582e-14	5.993850255974068e-05	7.70373874573131e-11	0.22216710579980326	0.7777729556205805
ERBB2	Cholelithiasis	K11_CHOLELITH	4341	2.288367728892048e-16	6.623598818617985e-07	7.72805543083593e-11	0.2229087190335875	0.7770906185292499
MAPRE3	Pain in limb	M13_LIMBPAIN	3821	8.247648616215445e-77	0.000797050276166975	2.3401497535675836e-74	0.22537754138072164	0.7738254083431136
TMEM106A	Rotator cuff syndrome	M13_ROTATORCUFF	3677	1.9998372818681002e-67	0.018775909465698896	2.266465006232851e-66	0.21202282011069257	0.7692012704236137
ERBB2	Reimbursement for rheumatic diseases	K11_REIMB_202	4341	5.241236815937e-16	1.5160055299807856e-06	8.068193991944645e-11	0.23260169410021653	0.7673967898135675
IL7R	Infective dermatitis	L12_INFECT_DERM	5619	6.993930946639073e-261	0.01174356934256577	1.346170083697932e-259	0.22527358865703986	0.7629828420003697
CA8	Polyarthropathies	M13_POLYARTHROPATHIES	5319	4.488989156959175e-117	0.00033812210623086915	3.228769198344456e-114	0.24244190653692338	0.7572199713568472
SERPING1	Asthma-related pneumonia	ASTHMA_PNEUMONIA	5203	3.317651495605738e-250	0.00018998219400829424	4.322255448640077e-247	0.24675684178566962	0.753053176020364
TNFRSF14	Reimbursement for rheumatic diseases	K11_REIMB_202	6039	0.0	0.006772083396308771	0.0	0.24249712231638929	0.7507307942872905
SPON2	Glaucoma	H7_GLAUCOMA	5946	3.290273063954761e-86	0.012453994586448774	6.292899906265665e-85	0.23744210642015262	0.7501038989933925
SNCA	Dementia due to Parkinson's disease (more control exclusions)	PD_DEMENTIA_EXMORE	6011	5.908225285160499e-158	0.0031209206750868715	4.712484555596299e-156	0.24818037509950525	0.7486987042253986
CEBPB	Coxarthrosis	M13_ARTHTROSIS_COX	5774	1.3752499280377845e-52	0.015218684926978624	2.2280182008006348e-51	0.24581627061323919	0.738965044459777
MAPRE3	Rheumatism, unspecified	M13_RHEUMATISM	3821	4.0066748949290585e-77	0.0003872038541064673	2.7320619771461655e-74	0.26328932246718517	0.736323473678711
ACE	Hypertension	I9_HYPTENS	3675	2.895185972923345e-19	2.334851402571103e-08	3.292831672331648e-12	0.26481849003836894	0.7351814866098264
SMPD3	Atrophic disorders of skin	L12_ATROPHICSKIN	3769	2.483594219729851e-41	0.002638270929480807	2.504781925971289e-39	0.26534580336870384	0.7320159257018128
SPINK8	Type 2 diabetes, wide definition	T2D_WIDE	2470	3.3338610678579864e-94	0.004353275374915653	2.029723510510403e-92	0.2643050589624247	0.7313416656626579
HHEX	Inflammatory bowel disease, strict (require KELA)	K11_IBD_STRICT	5259	4.704697143206544e-156	0.002829964347629548	4.4866926395862226e-154	0.26915503639194244	0.7280149992604086
MAPRE3	Polyarthrosis	M13_ARTHROSIS_POLY	3821	5.4520560382742115e-76	0.005268937511558401	2.788361593667179e-74	0.2687448867118697	0.7259861757765672
VAT1	Malignant neoplasm, excluding all cancers (controls excluding all cancers)	C3_CANCER_EXALLC	3673	4.4107410339108214e-251	0.03855552339096926	2.7608792022475513e-250	0.2406153587096964	0.7208291178992958
SPON2	Endometriosis of pelvic peritoneum	N14_ENDOMETRIOSIS_PELVICPERITONEUM	5941	5.212120852677743e-87	0.0019715583604243874	7.347476000349013e-85	0.27720784118533354	0.7208206004542479
CD79B	Pain (limb, back, neck, head abdominally)	PAIN	3278	4.449109206288314e-35	0.033254095862259477	3.3968827356898e-34	0.2531805489223704	0.7135653552153639
TGFB2	Hallux valgus (acquired)	M13_HALLUXVALGUS	6008	1.1551647274927713e-09	0.0003251098259937679	1.0242391324531295e-06	0.28754997258870146	0.7121238921910089
EVI2B	Coxarthrosis	M13_ARTHTROSIS_COX	4491	3.142361822566014e-40	0.0032690566010703205	2.763198043902379e-38	0.28675057686832767	0.7099803665306046
TMEM106A	Malignant neoplasm, excluding all cancers (controls excluding all cancers)	C3_CANCER_EXALLC	3677	4.299401698294528e-67	0.04039518885923921	2.692424591146818e-66	0.25226041130387955	0.7073443998368912
IL4	Dermatitis due to ingested food	L12_FOODDERMAT	4756	2.7667625913057875e-56	5.850917599907412e-07	1.4060878434151819e-50	0.29664431527533475	0.7033550996329025
ERBB3	Other retinal disorders	H7_RETINALDISOTH	3989	5.0170262967963235e-89	0.028040386228863765	4.823339329462285e-88	0.26887552624854766	0.7030840875225929
VAT1	Rotator cuff syndrome	M13_ROTATORCUFF	3673	2.114159107163686e-251	0.01841104278443195	3.22934730984684e-250	0.2805249387261122	0.701064018489436
IL2RB	Chronic sinusitis	J10_CHRONSINUSITIS	6134	2.2760608092939784e-10	0.013323541368734797	4.989004896832443e-09	0.29134965222723425	0.6953268011874207
NOMO1	Type 2 diabetes, wide definition	T2D_WIDE	3017	5.634059026460277e-68	0.004145666155719468	4.1037934964206457e-66	0.30127168586769326	0.6945826479765906
EVI2B	Coxarthrosis, primary	M13_ARTHTROSIS_COX_PRIM_ICD10	4491	6.674549324198688e-40	0.006943060600641086	2.884364944609147e-38	0.2993463315292126	0.6937106078701523
ERBB2	HSIL lesion of the cervix uteri	N14_CERVICAL_HSIL	4341	1.5150026149765348e-13	0.00043829144315652194	1.07075714645004e-10	0.30908039984265456	0.6904813086069629
SWAP70	Pregnancy hypertension	O15_HYPTENSPREG	5601	1.5884278472096593e-259	0.008176989834401583	6.01485197809879e-258	0.3089527456480633	0.6828702645175038
MERTK	Rotator cuff syndrome	M13_ROTATORCUFF	4008	0.0	0.02136026923864932	0.0	0.29801338014768763	0.6806263506137408
JMJD1C	Iron deficiency anaemia	D3_ANAEMIA_IRONDEF	5289	3.4024604013470257e-07	0.00480062309604081	2.2376307586719296e-05	0.3150332119881629	0.6801434483621693
SERPING1	Obesity due to excess calories	E4_OBESITYCAL	5203	1.6645268055004227e-248	0.009545295198182022	5.4942442032183414e-247	0.3143935588644429	0.6760611459373215
FES	Hard cardiovascular diseases	I9_CVD_HARD	5936	0.0	2.971409194391887e-05	0.0	0.32448049412589475	0.6754897917821003
STX3	Other embolism and thrombosis	I9_THROMBOTH	5215	1.1352560171023719e-107	0.0012419450404467592	2.9777913267533067e-105	0.3250901346081573	0.6736679203514003
CFH	Senile cataract	H7_CATARACTSENILE	4143	2.3953659626033456e-33	0.007767757604921328	1.0011285585215576e-31	0.3239804279851556	0.6682518144099197
PILRA	Antihypertensive medication - note that there are other indications	RX_ANTIHYP	3811	7.742796448158541e-23	0.0003358405079272083	7.70547197503038e-20	0.33355546606184394	0.6661086934302277
ITGAX		CURRENT_SMOKER	2497	0.0	0.005362451968268381	0.0	0.3368939881401298	0.6577435598915645
MAPRE3	Other soft tissue disorders, not elsewhere classified	M13_SOFTTISSUEOTH	3821	1.0300531448618325e-77	9.954402542860933e-05	3.577884750503498e-74	0.3451109142584743	0.654789541716104
ERBB3	Asthma (more control exclusions)	J10_ASTHMA_EXMORE	3989	1.9668704734643133e-89	0.01099302456822237	5.998326123181487e-88	0.33459769465772177	0.6544092807740554
ERBB3	Diabetic retinopathy	DM_RETINOPATHY	3989	3.351608441882214e-90	0.0018734018097905146	6.186329925201215e-88	0.3451356618492658	0.6529909363409462
LTBR	Acute appendicitis	K11_APPENDACUT	5373	4.5072740760822943e-215	1.1008567100719339e-17	1.4416875153691083e-198	0.35146925671120155	0.6485307432887975
FKBP1B	Asthma-related acute respiratory infections	ASTHMA_ACUTE_RESPIRATORY_INFECTIONS	5132	4.4768837808323474e-30	0.017753506111228775	8.613024950663097e-29	0.34091632149694634	0.6413301723918298
MXRA8	Nasal polyp	J10_NASALPOLYP	4635	2.0270448983916144e-05	0.002991956693034891	0.0023991333998936402	0.3534755243106393	0.6411131151474484
LTBR	Nonsuppurative otitis media	H8_NONSUPPNAS	5373	4.566597977073563e-204	1.1070546929391507e-06	1.5046372767490919e-198	0.364124888111531	0.6358740048337876
LIF	Type 1 diabetes, definitions combined	T1D	5206	1.0450793992291248e-08	1.6847983743014503e-08	0.14036047611647676	0.22564460379708143	0.6339948927876629
IL1RL1	Atopic dermatitis	L12_ATOPIC	5122	1.5992154728145497e-172	9.503150453267529e-32	6.186777738994841e-142	0.367009022710329	0.6329909772896963
LPL	Pure hyperglyceridaemia	E4_HYPERGLYCER	7558	0.0	0.003634199433307589	0.0	0.3645714595952167	0.6317943409714208
INPP1	Basal cell carcinoma, excluding all cancers (controls excluding all cancers)	C3_BASAL_CELL_CARCINOMA_EXALLC	4563	2.2599160331165944e-200	0.002186119676176342	3.791502122015748e-198	0.36613758724335926	0.6316762930804609
INPP1	Basal cell carcinoma, including avohilmo, excluding all cancers (controls excluding all cancers)	C3_BASAL_CELL_CARCINOMA_INCLAVO_EXALLC	4563	2.1086838107484915e-200	0.002040130337547805	3.8287134864961614e-198	0.3697960077357722	0.6281638619267068
CA8	Autoimmune diseases	AUTOIMMUNE	5319	1.495690561662012e-119	1.1265725429163245e-06	4.97931129912368e-114	0.37442227996268995	0.6255765934647689
SPINK8	Hypertension	I9_HYPTENS	2470	2.755797007627944e-97	3.6025254793319035e-06	2.912442171103896e-92	0.38011015662661984	0.6198862408478872
PILRB	Other malignant neoplasms of skin (=non-melanoma skin cancer), excluding all cancers (controls excluding all cancers)	C3_OTHER_SKIN_EXALLC	3754	0.0	0.00213696772777553	0.0	0.37813564177599984	0.6197273904959103
PIK3IP1	Hypertension	I9_HYPTENS	5764	0.0	0.01887801644598771	0.0	0.36298485710881434	0.6181371264452468
PILRB	Malignant neoplasm of skin, excluding all cancers (controls excluding all cancers)	C3_SKIN_EXALLC	3754	0.0	0.0013332784089899765	0.0	0.3825445384575393	0.6161221831335443
CPVL	Lichen ruber planus, wide definition including periferal and oral lichen planus	K11_LICHEN_PLANUS_WIDE	6346	0.0	0.0024826217039685496	0.0	0.3853324489352232	0.6121849293607856
TLR1	Childhood allergy (age < 16)	CHILDHOOD_ALLERGY	6268	2.531613639062049e-123	2.1834668983383326e-05	4.5062163016726233e-119	0.38804034227370615	0.6119378230573141
SMPD3	Lichen sclerosus et atrophicus	L12_LICHENSCLERATROPH	3769	2.6941222678345795e-41	0.002861910534027583	3.6724214303839776e-39	0.38950612428435544	0.6076319651816121
EVI2B	Coxarthrosis, primary, with hip surgery	M13_ARTHTROSIS_COX_PRIM_HIPSURG	4491	2.6862592304913106e-40	0.0027943250877948663	3.7721944815532383e-38	0.3917892399034203	0.6054164350087778
CA8	Disorders of lipoprotein metabolism and other lipidaemias	E4_LIPOPROT	5319	2.511574492204236e-115	0.01892190891844579	5.038626362462962e-114	0.3790021500157551	0.6020759410658207
FES	Statin medication	RX_STATIN	5936	0.0	0.005192642195001754	0.0	0.3997536686709399	0.5950536891340557
ERBB2	Asthma-related acute respiratory infections	ASTHMA_ACUTE_RESPIRATORY_INFECTIONS	4341	9.039042101037722e-31	2.6168432145160554e-21	1.4159168677221803e-10	0.4093236050302148	0.5906763948281926
CEBPB	Arthrosis	M13_ARTHROSIS	5774	8.723892848470724e-53	0.009653967172863601	3.6481928613968496e-51	0.40312629137044326	0.5872197414566874
TLR1	Allergic asthma (mode)	ALLERG_ASTHMA	6268	6.270924022213062e-122	0.0005533643121748444	4.7013790575252294e-119	0.41427799653799097	0.5851686391498249
ERBB3	Type1 diabetes, definitions combined, early onset	T1D_EARLY	3989	6.56951932491878e-96	3.671835220996838e-09	7.436508238934248e-88	0.41505631593777137	0.5849436803903908
PLAUR	Hard cardiovascular diseases	I9_CVD_HARD	6392	2.6587315402426247e-27	0.0010301910710098967	1.1038420023290674e-24	0.42713896183463645	0.5718308470943568
STX3	Diverticular disease of intestine	K11_DIVERTIC	5215	2.7428754451125114e-107	0.0029959245146500588	4.048652338837649e-105	0.44166148555047463	0.5553425899348815
LTBP2	Primary open-angle glaucoma, strict	H7_GLAUCOMA_POAG	5062	2.8130613113478575e-60	8.286366581579198e-06	1.5358273888277943e-55	0.4518568197552969	0.5481348938781095
ERBB2	Allergic asthma (mode)	ALLERG_ASTHMA	4341	1.438858874185212e-26	4.1669708520605675e-17	1.5735165946025103e-10	0.455149443204814	0.5448505566378351
MAPRE3	Dorsopathies	M13_DORSOPATHY	3821	3.4118408815422716e-76	0.003297273049726377	4.738686874508698e-74	0.4574171392543175	0.5392855876959433
NOMO1	Type 2 diabetes, definitions combined	T2D	3017	5.348401285969938e-69	0.00039260861896068665	6.333039201948447e-66	0.46435240806905076	0.5352549833119766
ADM	Other disorders of veins	I9_VEINSOTH	6327	0.0	0.0033135246946291324	0.0	0.4692789911070023	0.5274074841983949
ERBB3	Diabetic retinopathy (more control exclusions)	DM_RETINOPATHY_EXMORE	3989	4.800290979958309e-91	0.00026829632608348964	8.462105631207047e-88	0.4724340001140381	0.5272977035598763
MAPRE3	Other dorsopathies, not elsewhere classified	M13_DORSOPATHYOTH	3821	4.532550466003809e-76	0.004380349792667763	4.87912763781855e-74	0.47100429308016895	0.5246153571271571
DENR	Coxarthrosis	M13_ARTHTROSIS_COX	4584	4.125308074106123e-77	0.014111038371829261	1.3920242249591633e-75	0.47564588635927507	0.5102430752688982
TLR1	Chronic lower respiratory diseases	J10_LOWCHRON	6268	3.6146943033043645e-123	3.379887329541198e-05	5.311804933686349e-119	0.49617173840184403	0.5037944627248779
ERBB2	Asthma and allergy	ASTHMA_ALLERG	4341	2.36138109652796e-15	6.838819481691915e-06	1.7345869036346163e-10	0.501857317357281	0.498135843649775
ERBB3	Disorders of choroid and retina	H7_CHOROIDRETINA	3989	3.779046236869321e-89	0.021121259843946926	8.722480952850341e-88	0.4870115268749893	0.4918672132810653
SERPING1	Obesity	E4_OBESITY	5203	4.502043493775033e-249	0.0025816337768369327	8.968640278182474e-247	0.5138105056118351	0.48360786061133154
MAPRE3	Arthropathies	M13_ARTHROPATHIES	3821	2.092034255915705e-77	0.0002021768978359322	5.363200861598217e-74	0.5178246987682288	0.4819731243339262
IL24	Autoimmune diseases	AUTOIMMUNE	3432	3.7172474300372626e-57	0.016185937417841623	1.1585487750506561e-55	0.5039847865835559	0.4798292759985913
ACTA2	Primary_lymphoid and hematopoietic malignant neoplasms (controls excluding all cancers)	CD2_PRIMARY_LYMPHOID_HEMATOPOIETIC_EXALLC	6050	0.0	0.0007830392927547893	0.0	0.5324157990226548	0.46680116168368135
LILRB2	Chronic lower respiratory diseases	J10_LOWCHRON	7884	6.652141049954686e-102	0.022110608178343212	1.57095751771931e-100	0.5217039112201406	0.4561854806015212
LTBP2	Glaucoma	H7_GLAUCOMA	5062	4.597404684028534e-62	1.354246364345198e-07	1.851415247860286e-55	0.5449118179859229	0.4550880465894441
EVI2B	Artrosis, including avohilmo	M13_ARTHROSIS_INCLAVO	4491	1.1722055129129123e-42	1.2196543391870542e-05	5.259687581045452e-38	0.5468058703681816	0.4531819330884228
NUMB	Macular pucker	MACULAR_PUCKER	5646	1.7504077635052969e-69	0.001105427496077922	8.809983373179711e-67	0.5559301312309994	0.4429644412729156
HIP1R	Other heart diseases	FG_OTHHEART	4637	2.3100874632941312e-27	0.002480261987903479	5.2775803660139e-25	0.5662044583834315	0.43131527962866734
ADM	Atrial fibrillation and flutter	I9_AF	6327	0.0	0.011893406552562585	0.0	0.5655783333858242	0.4225282600616124
SPINK8	Antihypertensive medication - note that there are other indications	RX_ANTIHYP	2470	8.702412181502588e-100	1.141046067406446e-08	4.4170748735729345e-92	0.5787383792823452	0.42126160930718354
JMJD1C	Intrahepatic Cholestasis of Pregnancy (ICP) , incl. ICD-8	O15_ICP_WIDE	5289	5.986741082263941e-08	0.0008445217628901094	4.113359567197663e-05	0.5798332512468564	0.41928103352717006
LTBP3	Acne	L12_ACNE	3546	0.0	0.005451338017122114	0.0	0.5753340951443552	0.4192145668384775
TNFRSF4	Nasal polyp	J10_NASALPOLYP	4147	3.437849114714127e-120	0.0048966650973702695	4.068040488499811e-118	0.5790110789211348	0.416092255981488
HAVCR1	Disorders of lipoprotein metabolism and other lipidaemias	E4_LIPOPROT	6291	5.050541196544028e-29	5.474454807764929e-08	5.457816969059588e-22	0.5911826812196276	0.40881726403582697
ERBB3	Chronic lower respiratory diseases	J10_LOWCHRON	3989	6.242068752176914e-91	0.00034886165824602047	1.064870500397311e-87	0.594738305441185	0.40491283290057684
HAVCR1	Pure hypercholesterolaemia	E4_HYPERCHOL	6291	2.2328383844312057e-26	2.4202500985391043e-05	5.632541188111123e-22	0.6101406206144364	0.38983517688457864
ERBB2	Nasal polyp	J10_NASALPOLYP	4341	4.980263256930552e-13	0.001440993247571865	2.1069375288143936e-10	0.6092336193139929	0.3893253872272448
DENR	Atrial fibrillation and flutter	I9_AF	4584	1.2482450090566163e-77	0.004268573301326757	1.8082275864473483e-75	0.6179745651770013	0.37775686152168164
JMJD1C	Intrahepatic Cholestasis of Pregnancy (ICP) , incl. ICD-8 (more control exclusions)	O15_ICP_WIDE_EXMORE	5289	3.5276197325135004e-08	0.0004976170069433962	4.423574497849452e-05	0.6236273409207439	0.37583077105113544
ERBB2	Asthma-related infections	ASTHMA_INFECTIONS	4341	8.693232168334846e-31	2.5167296885704374e-21	2.1673932925129547e-10	0.6270971727962925	0.37290282698697064
IL4R	Childhood asthma (age<16) (more control exclusions)	ASTHMA_CHILD_EXMORE	5914	5.0771563545124445e-186	7.205640722100036e-05	4.482362043035716e-182	0.6357850755776516	0.3641428680151358
ERBB2	Asthma (only as main-diagnosis) (more control exclusions)	J10_ASTHMA_MAIN_EXMORE	4341	5.52901423549331e-31	1.601364098324834e-21	2.229373866660316e-10	0.6453371584775378	0.35466284129952586
LIF	Autoimmune diseases	AUTOIMMUNE	5206	4.9496239864137416e-08	7.983140563735838e-08	0.2628012741064917	0.4235527968391012	0.31364579972676265
CASP3	Colon adenocarcinoma, excluding all cancers (controls excluding all cancers)	C3_COLON_ADENO_EXALLC	6835	0.0	0.0030591243529313706	0.0	0.6837599428276868	0.3131809328194204
LIF	Hypothyroidism, strict autoimmune	E4_HYTHY_AI_STRICT	5206	9.250617114880038e-16	1.4919596913110079e-15	0.26343983673820826	0.42456952009056814	0.31199064317122005
LIF	Disorders of the thyroid gland	E4_THYROID	5206	1.8347438278197338e-16	2.9587656541359377e-16	0.2638550022443913	0.42518992765551145	0.31095507010009427
LILRB2	Asthma/COPD (KELA code 203)	J10_ASTHMACOPDKELA	7884	2.2717639977315373e-103	0.0007550964907433941	2.0741368566927481e-100	0.6890983762656694	0.3101465272435748
LTBP3	Diabetes, insulin treatment (Kela reimbursement) (more control exclusions)	KELA_DIAB_INSUL_EXMORE	3546	0.0	0.003934825365385865	0.0	0.6971030689764011	0.29896210565823983
LIF	Chronic diseases of tonsils and adenoids	J10_CHRONTONSADEN	5206	5.1984290639870594e-40	8.381790807751787e-40	0.26947886409229616	0.4342033046758535	0.2963178312318526
ASGR1	Metabolic disorders	E4_METABOLIA	6210	2.113716673881803e-46	0.0032158905553544307	4.619653013415224e-44	0.702557706328889	0.2942264031157539
LIF	Tonsillectomy and adenotomy	J10_TONSILLECTOMY	5206	9.799987292405503e-35	1.5801250395052353e-34	0.27089001597942564	0.4364835493188931	0.29262643470167604
IL18RAP	Asthma, unspecified (mode)	ASTHMA_NAS	5104	0.0	4.12556147278932e-09	0.0	0.7201781032580797	0.27982189261658663
FES	Gonarthrosis, primary, with knee surgery	M13_ARTHROSIS_KNEE_PRIM_KNEESURG	5936	0.0	0.0009747336920384801	0.0	0.7250371277892047	0.2739881385187178
CFH	Wet age-related macular degeneration	WET_AMD	4143	1.7216556951382577e-266	5.584706606835771e-236	2.2408034191290184e-31	0.7265983936526326	0.2734016063474143
SWAP70	Diseases of arteries, arterioles and capillaries (FINNGEN)	FG_DOAAC	5601	4.785039977898421e-261	0.00024736806212496254	1.434087970483998e-257	0.7411093783593518	0.2586432535785519
TLR1	Childhood asthma (age<16) (more control exclusions)	ASTHMA_CHILD_EXMORE	6268	5.653007767369969e-122	0.0005001526333199013	8.446760420779463e-119	0.7470788478270307	0.25242099953963093
PIK3IP1	Diabetes, insulin treatment (Kela reimbursement) (more control exclusions)	KELA_DIAB_INSUL_EXMORE	5764	0.0	0.0014888681184769118	0.0	0.7490263030795725	0.24948482880200135
FBN2	Acute appendicitis	K11_APPENDACUT	5789	0.0	0.005979614295871037	0.0	0.7446095416761267	0.24941084402817987
CTLA4	Graves disease, strict definition	E4_GRAVES_STRICT	4428	5.443120538565206e-88	2.2681387296079936e-24	1.8125974276647048e-64	0.7550612128487604	0.24493878715125292
FES	Myocardial infarction, strict	I9_MI_STRICT	5936	0.0	7.424039312223326e-05	0.0	0.7658977667556092	0.2340279928512209
ERBB2	Asthma-related pneumonia	ASTHMA_PNEUMONIA	4341	7.64109834583382e-16	2.212132229746945e-06	2.6608562455010413e-10	0.7700999150666805	0.22989787253500196
PIK3IP1	Hypothyroidism, strict autoimmune	E4_HYTHY_AI_STRICT	5764	0.0	0.006026970182842841	0.0	0.767840647845541	0.22613238197160698
FES	Pregnancy hypertension	O15_HYPTENSPREG	5936	0.0	1.1821008502703906e-05	0.0	0.7806899805573427	0.21929819843415152
TLR1	Asthma/COPD (KELA code 203)	J10_ASTHMACOPDKELA	6268	2.2506438229675184e-123	2.104444221909506e-05	8.480557600166096e-119	0.7927596757088897	0.20721927984888852
JMJD1C	Hypertension	I9_HYPTENS	5289	3.250463893721824e-09	4.586562401385449e-05	5.748084095670681e-05	0.8108935763734738	0.18900307391109175
EFNA1	Fracture of forearm	ST19_FRACT_FOREA	3315	2.7456616753960474e-10	0.0009583319869799858	2.33235452596867e-07	0.8138881782261597	0.18515325627684104
ERBB2	Childhood asthma (age<16) (more control exclusions)	ASTHMA_CHILD_EXMORE	4341	7.360698601665533e-75	2.131873418525464e-65	2.823321771634945e-10	0.8175340257093519	0.18246597400831155
GATA3	Asthma and allergy	ASTHMA_ALLERG	7189	1.9748783587577596e-07	0.001314244069157048	0.0001233053552615371	0.8203955720970909	0.17816668099065391
IL1RN	Hypertension	I9_HYPTENS	4752	4.442851488270853e-43	0.007468179680585925	4.847087039528169e-41	0.8145897140758591	0.17794210624355125
TLR1	Lyme disease	AB1_LYME	6268	7.032350970579879e-124	6.028772974336888e-06	9.627990067437109e-119	0.8252243971994432	0.17476957402759058
CD2	Autoimmune diseases	AUTOIMMUNE	4886	1.4681574588297888e-16	0.00014978589053571287	8.101513251894038e-13	0.8263675465821921	0.17348266752645947
MAPRE3	Other intervertebral disc disorders	M13_INTERVERTEB	3821	6.122849026851703e-76	0.005917246959845176	8.517369068350564e-74	0.8229649092663166	0.17111784377383957
JMJD1C	Hypertension, essential	I9_HYPTENSESS	5289	9.30445247202331e-08	0.0013129034276026382	5.875684148489982e-05	0.8289178561544198	0.16971039053196857
ASGR1	Disorders of lipoprotein metabolism and other lipidaemias	E4_LIPOPROT	6210	3.313978281177773e-48	5.0420151322916906e-05	5.51620638125937e-44	0.8390961871594825	0.16085339268919888
EVI2B	Hernia	K11_HERNIA	4491	7.501860004968207e-40	0.007800660726270425	8.048535153509945e-38	0.8367555627526949	0.15544377652102873
CEBPB	Disorders of breast	N14_BREAST	5774	1.1407938303326362e-53	0.001262743273761802	7.634560684585358e-51	0.8449147513468861	0.15382250537935835
VAT1	Varicose veins	I9_VARICVE	3673	4.56749150450576e-254	3.9790197126037346e-05	9.737031750888581e-250	0.8481002109860408	0.15185999881687662
IL2RA	Atopic dermatitis	L12_ATOPIC	8103	6.654386858002441e-57	5.470094746933545e-09	1.0345125006903265e-48	0.8502488680728603	0.14975112645705038
TMEM106A	Varicose veins	I9_VARICVE	3677	4.266135193069122e-70	4.005632435403082e-05	9.09631969996316e-66	0.853941148722925	0.146018794952726
FES	Ischaemic heart disease, wide definition	I9_IHD	5936	0.0	4.881039437963499e-06	0.0	0.8629514263366849	0.13704369262390126
IL18RAP	Obesity related asthma	ASTHMA_OBESITY	5104	0.0	0.00014899019252881916	0.0	0.8655065938815923	0.13434441592624521
FES	Antihypertensive medication - note that there are other indications	RX_ANTIHYP	5936	0.0	7.538836447406317e-23	0.0	0.8718132998684796	0.12818670013159286
HRAS	Hypothyroidism, strict autoimmune	E4_HYTHY_AI_STRICT	4648	3.407290635717976e-154	0.0026368855718569384	1.1269332159108709e-151	0.8720027482051796	0.12536036622294594
TLR1	Other spirochaetal diseases	AB1_OTHER_SPIROCHAETAL	6268	8.782745224019947e-124	7.527304339423201e-06	1.024175926013735e-118	0.8776537660962186	0.12233870659944206
FES	Coronary atherosclerosis	I9_CORATHER	5936	0.0	1.8115283634827506e-07	0.0	0.8801751132774724	0.1198247055697065
ADM	Other heart diseases	FG_OTHHEART	6327	0.0	0.002034332025559123	0.0	0.8862380426471537	0.11172762532724079
DENR	Other heart diseases	FG_OTHHEART	4584	1.1027705897749463e-77	0.003771100275064823	2.590900784391827e-75	0.8858895913462345	0.11033930837869721
IL18RAP	Chronic sinusitis	J10_CHRONSINUSITIS	5104	0.0	4.861621382499294e-05	0.0	0.8914071179901073	0.10854426579628214
TLR1	Asthma (more control exclusions)	J10_ASTHMA_EXMORE	6268	1.1039458828616765e-121	0.0009767215313995783	1.009674378626668e-118	0.8932085411719339	0.10581473729667833
FES	Atherosclerosis, excluding cerebral and coronary sclerosis	I9_ATHSCLE	5936	0.0	0.00044416330049337446	0.0	0.8945442475837329	0.10501158911575105
TG	Disorders of the thyroid gland	E4_THYROID	6835	1.275288465833648e-217	1.4515960811253488e-08	7.868099304681379e-210	0.895481258339743	0.10451872714429832
PF4	Familial hypercholesterolemia	E4_FH	4281	7.983514381830766e-10	0.0011662745356802535	6.244229376065843e-07	0.9121037381375233	0.08672936210550693
TLR1	Asthma (only as main-diagnosis) (more control exclusions)	J10_ASTHMA_MAIN_EXMORE	6268	4.057779863417676e-122	0.0003590140625377272	1.0324661390250923e-118	0.9133932298907659	0.08624775604672075
TNFRSF14	Rheumatoid arthritis	M13_RHEUMA	6039	0.0	0.0016787207600006669	0.0	0.9150905888109896	0.08323069042897513
LRP1	Chronic diseases of tonsils and adenoids	J10_CHRONTONSADEN	3675	8.381552764848875e-10	3.478448660203271e-06	0.00022194137433482312	0.9210055429736437	0.07876903636520524
EVI2B	Type 2 diabetes, definitions combined	T2D	4491	2.0565102999222835e-41	0.00021399076943017225	8.864832786442166e-38	0.9223552888786168	0.07743072035195338
IL1R1	Inflammatory bowel disease, strict (require KELA)	K11_IBD_STRICT	5241	3.397438732538742e-52	3.7389939032565414e-05	8.391967859599698e-48	0.9234873954993591	0.07647521456160886
IL4R	Pollen allergy	POLLENALLERG	5914	3.717362507207046e-185	0.0005277105477506137	6.512908157617466e-182	0.9244865345818243	0.07498575487043205
IL18RAP	Other diseases of upper respiratory tract	J10_UPPERDIS	5104	0.0	0.0007878375992819706	0.0	0.9261896972985721	0.07302246510248195
LTBP3	Carpal tunnel syndrome	G6_CARPTU	3546	0.0	0.0010087807050249793	0.0	0.9286867984148242	0.07030442088014621
LTBR	Other diseases of upper respiratory tract	J10_UPPERDIS	5373	8.625638726771188e-214	2.0782436961760036e-16	3.87713540460106e-198	0.934083132155569	0.0659168678444039
IL18RAP	Asthma-related pneumonia	ASTHMA_PNEUMONIA	5104	0.0	3.4280779397883958e-06	0.0	0.9358551244577821	0.06414144746428069
TNFRSF14	Autoimmune diseases excluding thyroid diseases	AUTOIMMUNE_NONTHYROID	6039	0.0	2.9183882318462107e-10	0.0	0.936804637832638	0.0631953618754964
EVI2B	Primary gonarthrosis, bilateral	PRIM_KNEEARTHROSIS	4491	1.4102589098519774e-41	0.00014670910873657865	9.091296996041319e-38	0.9457126758405007	0.054140615050760205
IL7R	Dermatitis	L12_DERMATITISNAS	5619	2.678080336910403e-264	4.4967876265038886e-06	5.643191055813094e-259	0.9475005475736661	0.05249495563867698
PIK3IP1	Type 2 diabetes, definitions combined	T2D	5764	0.0	0.0015738674904978399	0.0	0.9474039392132415	0.05102219329632371
ASGR1	Statin medication	RX_STATIN	6210	7.468321569063468e-51	1.1360855374301499e-07	6.249707087385651e-44	0.9506598346261512	0.04934005176529117
NGFR	Angina pectoris	I9_ANGINA	4859	7.62908123863503e-10	0.0011561014445517638	6.283623781104932e-07	0.952165824050408	0.046677445379755524
MXRA8	Hernia of abdominal wall	ABDOM_HERNIA	4635	9.334621976567793e-08	1.379094531022365e-05	0.006411660833551756	0.9472106770019051	0.04636377787301399
ERBB2	Chronic lower respiratory diseases	J10_LOWCHRON	4341	3.3831819708843574e-37	9.79736366852902e-28	3.3082864061967825e-10	0.9580053501312747	0.04199464953789942
TNFRSF14	MS-disease / Multiple Sclerosis	G6_MS	6039	0.0	0.00018981598521476697	0.0	0.9638803091709542	0.03592987484379623
TNFSF12	Blepharochalasis	H7_BLEPHAROCHALASIS	5652	0.0	0.0004587450916348067	0.0	0.9662784249627022	0.03326282994544547
FES	Major coronary heart disease event	I9_CHD	5936	0.0	1.3321372790904207e-07	0.0	0.9669925245915201	0.03300734219470217
LRP1	Coronary revascularization (ANGIO or CABG)	I9_REVASC	3675	1.3898604580264212e-07	0.0005752123746740258	0.00023356685172157342	0.9666151378465342	0.032575943941024255
GATA3	Other diseases of upper respiratory tract	J10_UPPERDIS	7189	3.6586948256952075e-08	0.00024339532834386632	0.0001463916155000066	0.9738470800599643	0.025763096409243083
ACE	Statin medication	RX_STATIN	3675	1.670449992121511e-14	0.001347041481362993	1.2067574719194531e-11	0.9730968841585091	0.02555607434804225
EVI2B	Gonarthrosis, primary, with knee surgery	M13_ARTHROSIS_KNEE_PRIM_KNEESURG	4491	1.2505194744586472e-41	0.00013008560389685925	9.408958821156417e-38	0.9787481939839208	0.021121720412185192
LTBP2	Antihypertensive medication - note that there are other indications	RX_ANTIHYP	5062	4.102663022008432e-58	0.0012085305789141265	3.3196192407224334e-55	0.9778466844215399	0.02094478499954926
ADM	Diseases of veins, lymphatic vessels and lymph nodes, not elsewhere classified	I9_DISVEINLYMPH	6327	0.0	8.165997126519614e-05	0.0	0.979240529070962	0.02067781095781628
IL4	Asthma-related pneumonia	ASTHMA_PNEUMONIA	4756	9.3391973330983e-54	0.00019749579711283332	4.631208400736238e-50	0.9793401422775532	0.02046236192532715
DENR	Spondylopathies	M13_SPONDYLOPATHY	4584	2.480955015254138e-78	0.0008485263828847198	2.862183563718144e-75	0.9788923981639257	0.020259075453196804
CRIM1	Diverticular disease of intestine	K11_DIVERTIC	7127	1.5409888035614252e-69	5.455458671814397e-06	2.774142958599014e-64	0.9820932097494935	0.017901334791842142
TLR1	Conjunctivitis	H7_CONJUNCTIVITIS	6268	8.45756406086823e-125	7.579494929062621e-07	1.0962729551310054e-118	0.9824397112014911	0.01755953084903765
IL4	Allergic rhinitis	ALLERG_RHINITIS	4756	1.1509895838789359e-53	0.00024336892849192562	4.647476486359589e-50	0.9826602349355812	0.017096396135931155
CTLA4	Hypothyroidism, strict autoimmune	E4_HYTHY_AI_STRICT	4428	1.2688038383188684e-123	5.28694672235005e-60	2.361206872748031e-64	0.9838692074805284	0.016130792519476956
TLR1	Allergic rhinitis	ALLERG_RHINITIS	6268	1.2358875629696398e-130	1.0929804822113058e-12	1.1144665631348734e-118	0.9855851154292896	0.01441488456963755
SNCA	Parkinson's disease	G6_PARKINSON	6011	1.851950972793007e-161	9.80642130966309e-07	1.863471771573404e-155	0.9867293363133217	0.013269683044537682
ADM	Female genital prolapse	N14_FEMGENPROL	6327	0.0	9.434121195769095e-05	0.0	0.9880597808383047	0.011845877949790667
IL4	Childhood allergy (age < 16)	CHILDHOOD_ALLERGY	4756	9.038846806348132e-57	1.9111829071556377e-07	4.677130731847987e-50	0.9889261769653863	0.011073631916331147
HIP1R	Antihypertensive medication - note that there are other indications	RX_ANTIHYP	4637	7.470580943529591e-29	8.022148710002685e-05	9.208898134082366e-25	0.9888698797813097	0.011049898731583418
ERBB2	Asthma (more control exclusions)	J10_ASTHMA_EXMORE	4341	1.1711811350873713e-33	3.392082824320869e-24	3.419710016275032e-10	0.9904383941241527	0.009561605533869522
CA8	Arthropathies	M13_ARTHROPATHIES	5319	8.542922086657358e-117	0.0006434746684181104	1.3145518941544985e-113	0.9901447843145674	0.009211741017010392
FES	Primary gonarthrosis, bilateral	PRIM_KNEEARTHROSIS	5936	0.0	8.70317151004971e-05	0.0	0.990879464301406	0.009033503983571806
CA8	Hallux valgus (acquired)	M13_HALLUXVALGUS	5319	2.6108179488186476e-117	0.000196653463168066	1.3157748553060606e-113	0.991066424647688	0.008736921889131574
TNFRSF14	Seropositive rheumatoid arthritis, wide	RHEUMA_SEROPOS_WIDE	6039	0.0	4.3321382913683875e-05	0.0	0.9920167785926225	0.007939900024499751
MXRA8	Hernia	K11_HERNIA	4635	3.100314320520077e-08	4.575367880529162e-06	0.006677656469846	0.9854643203922375	0.007853416766892772
CD14	Atrial fibrillation and flutter with reimbursement	I9_AF_REIMB	3932	1.1870984381380081e-298	9.806085169620185e-05	1.201179415876186e-294	0.9922325086081205	0.007669430540170984
CTLA4	Thyrotoxicosis with diffuse goitre	E4_THYTOXGOITDIF	4428	2.0288103676920996e-102	8.45389529271467e-39	2.3820933592063414e-64	0.9925924014762745	0.0074075985237386935
ADM	Varicose veins	I9_VARICVE	6327	0.0	2.589869047835889e-10	0.0	0.9933812498164776	0.006618749924575683
IL18RAP	Asthma-related infections	ASTHMA_INFECTIONS	5104	0.0	1.7184127398380072e-14	0.0	0.993394644109412	0.006605355890339174
EFNA1	Other disorders of veins	I9_VEINSOTH	3315	2.7097533593105622e-14	9.479064060432289e-08	2.840114048638216e-07	0.9935017457244176	0.0064978754735090715
PROCR	Pulmonary embolism	I9_PULMEMB	3584	6.27444813012031e-45	0.0009106095865491978	6.841517476061962e-42	0.9929020766559828	0.006187313757463971
F2R	Cholelithiasis	K11_CHOLELITH	6037	0.0	1.0102411809604438e-05	0.0	0.9942884872209542	0.005701410367253136
CTLA4	Disorders of the thyroid gland	E4_THYROID	4428	2.2856933687733965e-118	9.524306814758496e-55	2.3872415023335315e-64	0.9947397400876608	0.005260259912327994
FES	Coronary revascularization (ANGIO or CABG)	I9_REVASC	5936	0.0	1.4599253445233146e-07	0.0	0.994804747905906	0.005195106101486684
MAPRE3	Obesity	E4_OBESITY	3821	1.3947886741226316e-78	1.3477816245399733e-05	1.0296663581962176e-73	0.994959603014288	0.005026919169459394
LTBR	Tonsillectomy and adenotomy	J10_TONSILLECTOMY	5373	3.0739517769374936e-221	7.4380044590411e-24	4.113292028508895e-198	0.9952836508571261	0.004716349142897942
IL4R	Asthma-related acute respiratory infections	ASTHMA_ACUTE_RESPIRATORY_INFECTIONS	5914	2.668334184141255e-186	3.7868983790789864e-05	7.013988722311779e-182	0.9954203446939197	0.004541786322295012
ANXA11	Glaucoma	H7_GLAUCOMA	6924	8.207212732461573e-275	1.0921776257141864e-06	7.481946254291338e-269	0.9956582017562876	0.004340706066066064
EVI2B	Diabetes, insulin treatment (Kela reimbursement) (more control exclusions)	KELA_DIAB_INSUL_EXMORE	4491	9.096307622730788e-43	9.465184062361972e-06	9.568778425733779e-38	0.9956771521958233	0.004313382620121078
LIF	Diabetes, insulin treatment (Kela reimbursement) (more control exclusions)	KELA_DIAB_INSUL_EXMORE	5206	3.0687925332889206e-11	4.9472780204756444e-11	0.3813290432939912	0.6147462658134328	0.0039246908124163085
MAPKAPK2	Ulcerative proctitis	ULCERPROCT	2863	1.6312026654397511e-26	4.133128308064711e-07	3.931884304250574e-20	0.9962539644859612	0.003745622201204589
DENR	Arthropathies	M13_ARTHROPATHIES	4584	2.2601323429767587e-79	7.731013937442233e-05	2.912337025297825e-75	0.9961909469922535	0.0037317428683702972
IL18RAP	Childhood allergy (age < 16)	CHILDHOOD_ALLERGY	5104	0.0	3.9729481785390396e-07	0.0	0.9964750122648467	0.0035245904406946576
IL4	Psoriatic arthropathies	M13_PSORIARTH	4756	3.95560469045483e-58	8.363975581347696e-09	4.713216920686834e-50	0.9965883693852271	0.003411622250789768
TNFRSF14	Seropositive rheumatoid arthritis, strict definition	RHEUMA_SEROPOS_STRICT	6039	0.0	3.5138581807748266e-06	0.0	0.9965962121608206	0.003400273980997035
EFNA1	Diseases of veins, lymphatic vessels and lymph nodes, not elsewhere classified	I9_DISVEINLYMPH	3315	2.842541564344425e-16	9.943574196626401e-10	2.8492600118518464e-07	0.9967043231963549	0.003295390883286515
ERBB3	Nasal polyp	J10_NASALPOLYP	3989	2.554178274973414e-94	1.4276002266101937e-07	1.7846508621282985e-87	0.9974877571415365	0.0025121000984297233
PROCR	Angina pectoris	I9_ANGINA	3584	1.0712642297146139e-55	1.5547513481309027e-14	6.873186421310531e-42	0.9975194713930285	0.0024805286069629674
IL18R1	Lichen ruber planus, wide definition including periferal and oral lichen planus	K11_LICHEN_PLANUS_WIDE	5074	0.0	5.189350205669547e-05	0.0	0.9975908306190598	0.002357275878882449
FES	Angina pectoris	I9_ANGINA	5936	0.0	3.4067276516572166e-06	0.0	0.9978376196813546	0.0021589735908877617
FES	Gonarthrosis	M13_ARTHROSIS_KNEE	5936	0.0	1.4061150108522474e-05	0.0	0.997877825052724	0.0021081137972710742
ANXA11	Primary open-angle glaucoma, strict	H7_GLAUCOMA_POAG	6924	9.697790024816793e-274	1.2905367058521921e-05	7.500040058371921e-269	0.9980684629625657	0.001918631670408279
NGFR	Hypertension	I9_HYPTENS	4859	5.471877564563786e-14	8.285854433634667e-08	6.591622793420524e-07	0.9981423139236398	0.0018569440554820618
TLR1	Pollen allergy	POLLENALLERG	6268	1.2535345143338936e-131	1.1004614148338987e-13	1.137522377332127e-118	0.9986145045739412	0.0013854954259547958
IL4R	Asthma-related infections	ASTHMA_INFECTIONS	5914	5.782929256318996e-188	8.207129960421612e-07	7.037024634717438e-182	0.9986928355344435	0.0013063437525441515
ADM	Cardiovascular diseases (excluding rheumatic etc)	FG_CVD	6327	0.0	1.0131718289039654e-05	0.0	0.998714346801884	0.0012755214797816033
EVI2B	Arthrosis	M13_ARTHROSIS	4491	6.672139118418522e-43	6.941148620025715e-06	9.60210450692169e-38	0.9989234621711762	0.0010695966801993874
NGFR	Hypertension, essential	I9_HYPTENSESS	4859	3.524773887513212e-13	5.337429976969753e-07	6.597231397896677e-07	0.9989924539906018	0.0010063525429081042
ERBB3	Hypothyroidism, strict autoimmune	E4_HYTHY_AI_STRICT	3989	5.499482470591035e-107	3.073329666741969e-20	1.7878785940582896e-87	0.9991368471746	0.0008631528253981136
ANPEP	Diabetes, insulin treatment (Kela reimbursement) (more control exclusions)	KELA_DIAB_INSUL_EXMORE	5793	0.0	4.111097366900214e-08	0.0	0.9991616311606257	0.0008383277282075013
IL18RAP	Asthma-related acute respiratory infections	ASTHMA_ACUTE_RESPIRATORY_INFECTIONS	5104	0.0	4.1337457819432757e-13	0.0	0.9992138935123189	0.0007861064872286293
LTBR	Chronic diseases of tonsils and adenoids	J10_CHRONTONSADEN	5373	2.154708765817405e-232	5.191511088630348e-35	4.14757143255831e-198	0.9993066573583027	0.0006933426417171682
SWAP70	Cardiovascular diseases (excluding rheumatic etc)	FG_CVD	5601	1.9610095189793545e-262	1.0137660850465431e-05	1.933028933362145e-257	0.9993005150016586	0.0006893473374949638
BAG3	Cardiomyopathy	I9_CARDMYO	6066	4.282135554530601e-95	3.646635238058024e-09	1.173479879279885e-86	0.9993261864541316	0.0006738098992441914
RALB	Hypertrophy of breast in women and men	N14_HYPERTROPHYBREAST_BOTH	5244	0.0	5.015543975572268e-09	0.0	0.999377056904301	0.0006229380802062923
TG	Hypothyroidism, strict autoimmune	E4_HYTHY_AI_STRICT	6835	9.797566478882637e-220	1.1147663736559374e-10	8.78441408552737e-210	0.9994894603550337	0.0005105395334697537
IL7R	Atopic dermatitis	L12_ATOPIC	5619	7.578508514980169e-266	1.2725138543391396e-07	5.95285785068737e-259	0.9995490083645017	0.00045086438405893373
CD79B	Cardiovascular diseases (excluding rheumatic etc)	FG_CVD	3278	2.5362466994420947e-38	1.8958631410624808e-05	1.3371656188939636e-33	0.9995407363931494	0.00044030497544401184
LYPD3	Alzheimer’s disease (Early onset) (more control exclusions)	AD_EO_EXMORE	5946	7.550547350418266e-35	1.2560874894952922e-09	6.008880856052717e-26	0.9996198750539048	0.00038012369001128217
PROCR	Other embolism and thrombosis	I9_THROMBOTH	3584	3.940022107704062e-47	5.718175950815489e-06	6.888055566506866e-42	0.9996669997429596	0.000327282081094745
PF4	Hyperlipidaemia, other/unspecified	E4_HYPERLIPNAS	4281	1.0653593681228887e-12	1.5563340190353637e-06	6.843326448245759e-07	0.9997094879269284	0.0002882714053430247
C5	Autoimmune diseases excluding thyroid diseases	AUTOIMMUNE_NONTHYROID	4324	0.0	6.007086063896459e-07	0.0	0.9997423491511088	0.00025705014014006143
SERPING1	Depression or dysthymia	F5_DEPRESSION_DYSTHYMIA	5203	1.7567354494940708e-251	1.002417766707894e-05	1.7520598649877975e-246	0.9997495725268426	0.00024040329549585937
DENR	Other joint disorders	M13_OTHERJOINT	4584	1.4796161589536922e-80	5.061178467040488e-06	2.9228166328356547e-75	0.9997791199026064	0.00021581891893606773
ANPEP	Type 2 diabetes, wide definition	T2D_WIDE	5793	0.0	2.120747737737856e-07	0.0	0.9998127532658888	0.00018703465913967886
MYL4	Diseases of veins, lymphatic vessels and lymph nodes, not elsewhere classified	I9_DISVEINLYMPH	3523	1.6907382025246158e-09	3.530737998695062e-06	0.0004785569623242569	0.9993616899216241	0.00015622068731317043
PRKCQ	Atopic dermatitis	L12_ATOPIC	7798	2.109584805556396e-74	6.4313970957749035e-09	3.2796287613980973e-66	0.9998456368966567	0.0001543566719576939
PF4	Metabolic disorders	E4_METABOLIA	4281	5.346147107011354e-21	7.809938000610441e-15	6.844368197819646e-07	0.9998618230625509	0.0001374925006223517
IL18RAP	Suggestive for eosinophilic asthma	ASTHMA_EOSINOPHIL_SUGG	5104	0.0	5.079488065341919e-08	0.0	0.9998673218828782	0.00013262732238833436
TLR1	Allergic conjunctivitis	H7_ALLERGICCONJUNCTIVITIS	6268	6.080046460014239e-132	5.471009835491732e-14	1.1111755133876783e-118	0.9998692292221603	0.00013077077778156617
IL12RB1	Disorders of the thyroid gland	E4_THYROID	5813	0.0	4.220312431996458e-08	0.0	0.9998890148956203	0.00011094290125668844
IL4	Psoriasis vulgaris	L12_PSORI_VULG	4756	1.8224671545505766e-59	3.853099243830136e-10	4.7293871087907855e-50	0.9998970884956212	0.00010291111905619778
IL7R	Dermatitis and eczema	L12_DERMATITISECZEMA	5619	3.4678729504237244e-271	5.822935166964954e-13	5.954956962831809e-259	0.9999018247714047	9.817522806687279e-05
LPL	Mixed hyperlipidaemia	E4_HYPERLIPMIX	7558	0.0	2.899754496401483e-07	0.0	0.999906566992665	9.314303185904185e-05
ICAM3	Diverticular disease of intestine	K11_DIVERTIC	5581	0.0	7.090100712376528e-08	0.0	0.9999098999592846	9.002913975532163e-05
SPRY2	Type 2 diabetes, wide definition	T2D_WIDE	5163	4.590902889093768e-55	3.4015355388457536e-07	1.3495581364241856e-48	0.999927409049393	7.22507970575824e-05
OTUD7B	Systemic connective tissue disorders	M13_SYSTCONNECT	25	0.9977372954592503	0.0013609734890077795	0.0008393774368204556	1.083691223873783e-06	6.126992369775065e-05
IL4	Obesity related asthma	ASTHMA_OBESITY	4756	1.4045379906622575e-57	2.970173347317793e-08	4.728530124536329e-50	0.9999411489821713	5.8821316095304735e-05
IL4	Chalazion	H7_CHALAZION	4756	3.8036259652773355e-57	8.04214958669299e-08	4.729340695797066e-50	0.9999422518348686	5.766774363830311e-05
OTUD7B	Basal cell carcinoma, including avohilmo, excluding all cancers (controls excluding all cancers)	C3_BASAL_CELL_CARCINOMA_INCLAVO_EXALLC	25	0.9978497034298425	0.0013620670100799187	0.0007347991642636366	9.505225801794234e-07	5.247987323380636e-05
SPP1	Gonarthrosis, primary, with knee surgery	M13_ARTHROSIS_KNEE_PRIM_KNEESURG	5397	0.0	8.95947283670392e-07	0.0	0.9999552917628527	4.3812289858902214e-05
EVI2B	Gonarthrosis	M13_ARTHROSIS_KNEE	4491	5.145151238323288e-45	5.352595139859179e-08	9.612070919076317e-38	0.9999613172627682	3.862921128305025e-05
IL4	Dermatitis and eczema	L12_DERMATITISECZEMA	4756	2.1654279405592348e-67	4.5792654883228486e-18	4.728609898752846e-50	0.9999667498286696	3.3250171334041886e-05
SWAP70	Antihypertensive medication - note that there are other indications	RX_ANTIHYP	5601	1.1535359122386834e-267	5.990347737831142e-11	1.9256011448004173e-257	0.9999706121271213	2.938781301886307e-05
AXL	Nasal polyp	J10_NASALPOLYP	4716	1.4347505086865882e-70	4.895166356245729e-16	2.9308725026577514e-55	0.9999723286785985	2.7671321389229493e-05
BAG3	Cardiomyopathy (excluding other)	FG_CARDMYO	6066	1.0365527814880015e-98	8.827240379673856e-13	1.1742369192058852e-86	0.9999752523084874	2.474769062440965e-05
IL4R	Allergic rhinitis	ALLERG_RHINITIS	5914	3.716017108334478e-188	5.274927551411994e-07	7.044503321828992e-182	0.9999750449817887	2.442752545299829e-05
CSF2RB	Dermatitis	L12_DERMATITISNAS	6190	1.3568825353116714e-61	4.073036130457836e-08	3.3313057252001945e-54	0.9999781064842215	2.1852785429734442e-05
PROCR	DVT of lower extremities	I9_PHLETHROMBDVTLOW	3584	5.525506954687521e-53	8.01919890819331e-12	6.890218345711901e-42	0.9999811935648955	1.8806427084670112e-05
ERBB3	Psoriasis vulgaris	L12_PSORI_VULG	3989	6.857684341403383e-94	3.8328667214233646e-07	1.789144877951406e-87	0.9999809546677397	1.8662045589756842e-05
EFNA1	Varicose veins	I9_VARICVE	3315	2.015912758358169e-22	7.051920836655666e-16	2.8586188950570886e-07	0.9999814574560226	1.8256682085138925e-05
C5	Autoimmune diseases	AUTOIMMUNE	4324	0.0	2.9237263678883997e-08	0.0	0.9999824730692883	1.7497693545473986e-05
IL12RB1	Hypothyroidism, strict autoimmune	E4_HYTHY_AI_STRICT	5813	0.0	5.827460000318688e-09	0.0	0.9999843962435574	1.5597929029688045e-05
PROCR	Phlebitis and thrombophlebitis (not including DVT)	I9_PHLETHROM	3584	1.6154517019642446e-49	2.344514020318214e-08	6.890241211253384e-42	0.999984515398912	1.546115595212222e-05
IL18RAP	Allergic conjunctivitis	H7_ALLERGICCONJUNCTIVITIS	5104	0.0	1.6748111415898392e-15	0.0	0.9999862465656325	1.3753434144919722e-05
ERBB3	Autoimmune diseases	AUTOIMMUNE	3989	1.3572900406702378e-103	7.585087407969593e-17	1.7893945906689527e-87	0.9999862803571313	1.3719642869441609e-05
HAVCR1	Statin medication	RX_STATIN	6291	5.981623129642831e-43	6.486504471948336e-22	9.221523347313357e-22	0.9999869659867694	1.3034013227997198e-05
SWAP70	Hypertension, essential	I9_HYPTENSESS	5601	6.255240828741241e-267	3.23342725482738e-10	1.934538346987387e-257	0.9999917087211937	8.290955454860937e-06
MAPKAPK2	Noninfective enteritis and colitis	K11_ENERCOLNONINF	2863	5.218491444986364e-31	1.3222572016121625e-11	3.946627082411992e-20	0.9999932167009569	6.783285818938826e-06
TGFB2	Acne	L12_ACNE	6008	1.5631142573257883e-13	4.3911816192946896e-08	3.5596313973827416e-06	0.9999901025797499	6.293876879638701e-06
PROCR	Venous thromboembolism	I9_VTE	3584	4.1937573904000885e-59	6.0864328185914496e-18	6.89029937746875e-42	0.9999945186879573	5.481312039401948e-06
IL4	Childhood asthma (age<16) (more control exclusions)	ASTHMA_CHILD_EXMORE	4756	1.9683881439968136e-60	4.162394346826385e-11	4.728957251675968e-50	0.9999950921359967	4.907822376129407e-06
FES	Arthrosis	M13_ARTHROSIS	5936	0.0	1.813878963043497e-07	0.0	0.9999950168470618	4.801765107823853e-06
RELB	Dementia	F5_DEMENTIA	5641	0.0	0.0	0.00015805225229381458	0.9998374837900512	4.463957874315477e-06
RELB	Dementia, including avohilmo	F5_DEMENTIA_INCLAVO	5641	0.0	0.0	0.00015805265401462728	0.9998374842888279	4.4630573442912675e-06
RELB	Unspecific neurodegenerative disorder	G6_NEURODEGENERATIVE	5641	0.0	0.0	0.00015805316316737996	0.9998374869650358	4.459871939585321e-06
RELB	Alzheimer disease	G6_ALZHEIMER	5641	0.0	0.0	0.00015805219781920085	0.9998375000191654	4.447783031917034e-06
IL4	Psoriasis	L12_PSORIASIS	4756	4.4719644638771936e-61	9.454723423232078e-12	4.729853034967599e-50	0.9999956942150776	4.305775456975156e-06
MYL4	Hypertension, essential	I9_HYPTENSESS	3523	1.7512409650431486e-15	3.645172097269947e-12	0.00048019482299910634	0.9995156564540959	4.14871925827302e-06
MYL4	Hypertension	I9_HYPTENS	3523	1.1361428715667534e-18	2.3648580501571595e-15	0.00048019482870971216	0.9995156683525075	4.136818779541329e-06
SWAP70	Hypertension	I9_HYPTENS	5601	1.6603984915500594e-267	8.582847381005799e-11	1.934546782977975e-257	0.9999960737752414	3.926138941246438e-06
LPL	Major coronary heart disease event	I9_CHD	7558	0.0	2.6251777850301966e-08	0.0	0.9999961825860841	3.791162104921719e-06
PPP1R14A	Diverticular disease of intestine	K11_DIVERTIC	5136	2.617211334302618e-204	1.438826737563807e-09	1.818984064139491e-195	0.9999967767033348	3.2218578481483498e-06
LDLR	Diseases of arteries, arterioles and capillaries (FINNGEN)	FG_DOAAC	5330	1.1109255197883187e-15	6.435608572583341e-08	1.7262112227262833e-08	0.999996805420481	3.1129613173845266e-06
NGFR	Antihypertensive medication - note that there are other indications	RX_ANTIHYP	4859	7.271027658438239e-18	1.099628110310607e-11	6.612236779407517e-07	0.9999963904401655	2.9483251611386456e-06
ANPEP	Type 2 diabetes, definitions combined	T2D	5793	0.0	2.3472404612480585e-11	0.0	0.9999975067297942	2.493247025954946e-06
BAG3	Nonischemic cardiomyopathy	I9_NONISCHCARDMYOP_STRICT	6066	1.97137343270016e-99	1.678785516742449e-13	1.1742833312670656e-86	0.9999981803527831	1.8196470480163866e-06
PROCR	Other hammer toe(s) (acquired)	M13_HAMMERTOE	3584	1.6725288456648387e-46	2.4272838915844636e-05	6.89035754631935e-42	0.9999740150463555	1.7121147312925627e-06
IL4	Asthma and allergy	ASTHMA_ALLERG	4756	3.0820669091646986e-58	6.517401573031992e-09	4.728973245061517e-50	0.9999983297983327	1.6636842782171407e-06
IL18RAP	Nasal polyp	J10_NASALPOLYP	5104	0.0	2.8148225050177316e-18	0.0	0.9999984974758637	1.5025237099228722e-06
TACC3	Arthropathies	M13_ARTHROPATHIES	5504	0.0	1.5199888687143135e-08	0.0	0.9999985615883247	1.423211772125626e-06
RALB	Hypertrophy of breast	N14_HYPERTROPHYBREAST	5244	0.0	4.953330032751097e-12	0.0	0.9999987915839963	1.2084111364537698e-06
MAPT	Hypertension	I9_HYPTENS	1982	3.7442230619670785e-19	4.806962804723133e-15	7.788551165188261e-05	0.9999210809672309	1.0335211152450364e-06
SLC16A1	Cardiovascular diseases (excluding rheumatic etc)	FG_CVD	4394	1.3060312655289724e-56	1.3709167409741355e-09	9.52669131928391e-48	0.9999990772330983	9.213959790063977e-07
MAPT	Antihypertensive medication - note that there are other indications	RX_ANTIHYP	1982	3.5203324570379646e-24	4.5237392346537135e-20	7.781296022134045e-05	0.9999213003361073	8.867036735711642e-07
IL18RAP	Conjunctivitis	H7_CONJUNCTIVITIS	5104	0.0	1.062178731300031e-12	0.0	0.9999993947823909	6.052163239323859e-07
CASP3	Type 2 diabetes, definitions combined	T2D	6835	0.0	6.862128794108571e-09	0.0	0.9999994547236278	5.384142256271635e-07
SPRY2	Diabetes, insulin treatment (Kela reimbursement) (more control exclusions)	KELA_DIAB_INSUL_EXMORE	5163	2.3661558908515883e-60	1.7531440413366265e-12	1.3496636845051573e-48	0.9999995581024005	4.4189583553440234e-07
GFRA2	Atopic dermatitis	L12_ATOPIC	6121	0.0	5.73468091669844e-09	0.0	0.9999996346483143	3.5961693087459616e-07
RAB6B	Myotonic disorders	G6_MYOTDIS	5739	7.068274300144809e-254	2.895972978917623e-09	2.4407243654924354e-245	0.9999996475568816	3.495471454162103e-07
DOK2	Atopic dermatitis	L12_ATOPIC	6077	0.0	5.734681075961287e-09	0.0	0.999999662484072	3.317813456149718e-07
IL18RAP	Allergic asthma (mode)	ALLERG_ASTHMA	5104	0.0	5.176975368529329e-13	0.0	0.9999997576997268	2.4229949626842036e-07
MAPKAPK2	Ulcerative rectosigmoiditis	ULCERRECT	2863	2.663575665237103e-29	6.748946783811138e-10	3.946653015259554e-20	0.9999997941232762	2.0520183030464147e-07
MAPKAPK2	Ulcerative colitis, NAS	ULCERNAS	2863	7.775525144708312e-33	1.9701563617172667e-13	3.94665336336226e-20	0.9999998824128864	1.1758691126062244e-07
LTBP3	Coxarthrosis, primary	M13_ARTHTROSIS_COX_PRIM_ICD10	3546	0.0	8.013185668259818e-11	0.0	0.9999998884882251	1.1143159074518043e-07
PF4	Pure hypercholesterolaemia	E4_HYPERCHOL	4281	3.579115875698842e-27	5.228564146607413e-21	6.845307828753457e-07	0.9999992267852639	8.868395317398179e-08
TSPAN15	Phlebitis and thrombophlebitis (not including DVT)	I9_PHLETHROM	6658	2.6961612945513584e-136	8.567077752389547e-10	3.147118712288127e-127	0.9999999167868089	8.235647278699207e-08
LPL	Ischaemic heart disease, wide definition	I9_IHD	7558	0.0	1.2352973258575134e-10	0.0	0.9999999368683368	6.300818268844293e-08
PF4	Statin medication	RX_STATIN	4281	1.012775214342503e-111	1.4762475870597407e-105	6.860464816020972e-07	0.9999992581541244	5.579940459986777e-08
IL4	Papulosquamous disorders	L12_PAPULOSQUAMOUS	4756	1.6886589310947105e-62	3.5701990207294387e-13	4.729873230543932e-50	0.999999968281316	3.1718337219939865e-08
ADM	Hypertension, essential	I9_HYPTENSESS	6327	0.0	3.2334539404171486e-10	0.0	0.9999999699314235	2.9745175686497472e-08
MAPKAPK2	Second line medication for Crohn's disease	RX_CROHN_2NDLINE	2863	2.0410390832369505e-29	5.171469053750187e-10	3.946729653589048e-20	0.9999999722753475	2.7207506661706313e-08
IL18RAP	Asthma (only as main-diagnosis) (more control exclusions)	J10_ASTHMA_MAIN_EXMORE	5104	0.0	1.1290569302391015e-23	0.0	0.9999999797682906	2.0231503390588864e-08
IL18RAP	Chronic lower respiratory diseases	J10_LOWCHRON	5104	0.0	2.942873446614957e-30	0.0	0.9999999807896531	1.9210673063201645e-08
TNFSF12	Hypertension	I9_HYPTENS	5652	0.0	8.327998641658084e-13	0.0	0.9999999819806363	1.8018632630945025e-08
PF4	Disorders of lipoprotein metabolism and other lipidaemias	E4_LIPOPROT	4281	2.0755390071276027e-33	3.03205853468871e-27	6.845308316753254e-07	0.9999992981462544	1.7322919276608667e-08
NGFR	Statin medication	RX_STATIN	4859	4.336658475156267e-17	6.567834369495143e-11	6.60286982851718e-07	0.9999993230907354	1.6556606053468542e-08
SPRY2	Type 2 diabetes, definitions combined	T2D	5163	8.698402305413515e-63	6.444857921297935e-15	1.3496654689078822e-48	0.999999986533453	1.3466530182329051e-08
LTBP3	Coxarthrosis, primary, with hip surgery	M13_ARTHTROSIS_COX_PRIM_HIPSURG	3546	0.0	1.532066986690116e-12	0.0	0.9999999870364036	1.2962043271833656e-08
ADM	Antihypertensive medication - note that there are other indications	RX_ANTIHYP	6327	0.0	5.990523536989e-11	0.0	0.999999987731826	1.2208232366580167e-08
KRT18	Malignant neoplasm of prostate, excluding all cancers (controls excluding all cancers)	C3_PROSTATE_EXALLC	6131	1.1832004247535565e-40	3.2298620495598485e-21	3.6633156316223724e-20	0.9999999904063088	9.593688087736506e-09
IL18RAP	Asthma (more control exclusions)	J10_ASTHMA_EXMORE	5104	0.0	1.481576113290709e-26	0.0	0.9999999904830474	9.516603013176037e-09
IL4	Varicose veins	I9_VARICVE	4756	5.803646068227854e-60	1.2271645187995617e-10	4.729313744051535e-50	0.9999999925392729	7.33801295480734e-09
ADM	Hypertension	I9_HYPTENS	6327	0.0	8.58288099188711e-11	0.0	0.9999999936554786	6.258705334462916e-09
TNFSF12	Hypertension, essential	I9_HYPTENSESS	5652	0.0	1.0262632364611189e-11	0.0	0.9999999940719135	5.917848127738195e-09
IL4	Asthma-related acute respiratory infections	ASTHMA_ACUTE_RESPIRATORY_INFECTIONS	4756	9.809939718560687e-62	2.074505758090929e-12	4.728808125478285e-50	0.9999999965970972	3.400821118418047e-09
PROCR	Flat foot [pes planus] (acquired)	M13_FLATFOOT	3584	1.6638968716231429e-50	2.41475660298296e-09	6.890536545675859e-42	0.9999999943193956	3.2658508569016064e-09
IL4	Asthma, unspecified (mode)	ASTHMA_NAS	4756	8.02160954370957e-61	1.696262774160239e-11	4.728989899222747e-50	0.999999997719101	2.2639322317224997e-09
IL4	Allergic asthma (mode)	ALLERG_ASTHMA	4756	6.507824367417214e-64	1.3761552659814185e-14	4.72898990579614e-50	0.9999999991105142	8.89470056285925e-10
IL1RL1	Allergic conjunctivitis	H7_ALLERGICCONJUNCTIVITIS	5122	2.8070792240476984e-156	1.6748341521646802e-15	1.676034142577518e-141	0.9999999993349888	6.649814331868987e-10
IL4R	Asthma (more control exclusions)	J10_ASTHMA_EXMORE	5914	1.7932703498110645e-199	2.5450588786474435e-18	7.046085903745631e-182	0.9999999994937525	5.062682440695876e-10
PRKCQ	Dermatitis and eczema	L12_DERMATITISECZEMA	7798	1.3905376421537841e-77	4.239270082794712e-12	3.280134585488795e-66	0.9999999995871462	4.086199789057584e-10
CFH	Dry age-related macular degeneration (includes geographic atrophy)	DRY_AMD	4143	2.0350619446e-314	6.601679008817444e-284	3.082642977713698e-31	0.9999999996159659	3.8407948508975966e-10
KRT18	Pregnancy hypertension	O15_HYPTENSPREG	6131	2.5246061368623416e-31	6.890618373135142e-12	3.663831022372571e-20	0.9999999996114184	3.8168537710444005e-10
IL4	Asthma-related infections	ASTHMA_INFECTIONS	4756	2.999367709331064e-65	6.342756186224772e-16	4.728808139983627e-50	0.9999999996675797	3.3242034239575007e-10
FGFR2	Fibroblastic disorders	M13_FIBROBLASTIC	6860	0.0	1.5957707083244631e-12	0.0	0.9999999996718998	3.2656826964546004e-10
LPL	Coronary atherosclerosis	I9_CORATHER	7558	0.0	4.2125327096330097e-13	0.0	0.9999999997212399	2.7836752399373993e-10
UBE2B	Hypothyroidism, strict autoimmune	E4_HYTHY_AI_STRICT	4437	6.017848441331095e-77	1.2512114839985496e-12	4.809617332278445e-65	0.9999999997428404	2.5591030332555133e-10
LDLR	Cardiovascular diseases (excluding rheumatic etc)	FG_CVD	5330	4.7056235754560194e-30	2.725974953507721e-22	1.7262167018638288e-08	0.9999999826061129	1.3172169186000517e-10
TNFRSF14	Autoimmune diseases	AUTOIMMUNE	6039	0.0	4.2210246104714415e-15	0.0	0.9999999998751719	1.248014913669135e-10
IL6	Calcific aortic valvular stenosis, operated	I9_CAVS_OPERATED	6221	2.360071703977676e-27	7.736622753550085e-13	3.0505193013364245e-15	0.9999999998764224	1.2280221762357978e-10
LDLR	Angina pectoris	I9_ANGINA	5330	2.9105612368231442e-24	1.6883127749596812e-16	1.723946669993232e-08	0.9999999826409082	1.1962204352289612e-10
PROCR	Gonarthrosis, primary, with knee surgery	M13_ARTHROSIS_KNEE_PRIM_KNEESURG	3584	7.028865786565789e-53	1.0200846711951526e-11	6.890472903074307e-42	0.9999999998783835	1.1142069505180465e-10
IL1RL1	Conjunctivitis	H7_CONJUNCTIVITIS	5122	1.7788905149127865e-153	1.0621793733951495e-12	1.6747552807752756e-141	0.9999999998938165	1.0514049950258958e-10
MAPKAPK2	Mucosal proctocolitis	MUCOPROCT	2863	9.23569943967411e-37	2.3401341603744672e-17	3.946653826605193e-20	0.9999999999064926	9.350269317550925e-11
PROCR	Artrosis, including avohilmo	M13_ARTHROSIS_INCLAVO	3584	2.0633813735375995e-50	2.994538674272637e-09	6.890481612425012e-42	0.999999996965883	3.9579059033028004e-11
LPL	Statin medication	RX_STATIN	7558	0.0	1.1455879708899636e-25	0.0	0.9999999999627107	3.734519433725044e-11
IL4	Atopic dermatitis	L12_ATOPIC	4756	1.8533271828538627e-83	3.919260968259935e-34	4.728766973705089e-50	0.9999999999730278	2.6980018452264558e-11
CLINT1	Hypertension	I9_HYPTENS	6144	6.453139037299285e-24	3.207197418596796e-14	2.01208039097799e-10	0.9999999997914912	7.271173208394247e-12
SORT1	Angina pectoris	I9_ANGINA	4744	1.053044073553055e-31	3.9532880483314846e-14	2.6637170392645533e-18	0.9999999999934488	6.511885222499351e-12
UBE2B	Disorders of the thyroid gland	E4_THYROID	4437	2.9251103841222578e-78	6.115032688746419e-14	4.783474648446697e-65	0.9999999999937756	6.163839254263975e-12
CLINT1	Antihypertensive medication - note that there are other indications	RX_ANTIHYP	6144	1.103380289186816e-24	5.483146222761134e-15	2.0123123552338929e-10	0.9999999997959037	2.8565693138701142e-12
PROCR	Meniscus derangement	M13_MENISCUSDERANGEMENTS	3584	2.335548303324836e-52	3.389501346641545e-11	6.890536584545563e-42	0.999999999963677	2.432227267655919e-12
PHOSPHO1	Dermatitis and eczema	L12_DERMATITISECZEMA	4699	8.89535881502778e-96	1.0946526948540035e-14	8.126192770401828e-82	0.9999999999994884	5.094157948821342e-13
IL4R	Chronic lower respiratory diseases	J10_LOWCHRON	5914	4.5715917405513205e-206	6.487044000177959e-25	7.0472648874042e-182	0.9999999999997726	2.2298906565913302e-13
IL18RAP	Asthma/COPD (KELA code 203)	J10_ASTHMACOPDKELA	5104	0.0	2.0975782611127397e-35	0.0	1.0	2.1959779522125548e-13
IL4R	Asthma (only as main-diagnosis) (more control exclusions)	J10_ASTHMA_MAIN_EXMORE	5914	6.834289184370542e-201	9.69941223294023e-20	7.046085907307888e-182	0.9999999999998295	1.8737520822763285e-13
IL4R	Allergic asthma (mode)	ALLERG_ASTHMA	5914	3.2809349198504052e-202	4.656328649313155e-21	7.0461841655747e-182	0.9999999999999432	7.088801496983738e-14
MAPKAPK2	Ulcerative colitis (strict definition, require KELA, min 2 HDR)	K11_UC_STRICT2	2863	7.294427677832584e-45	1.8481950068872514e-25	3.946784646993296e-20	0.9999999999999574	4.2764456779265124e-14
LPP	Basal cell carcinoma, including avohilmo, excluding all cancers (controls excluding all cancers)	C3_BASAL_CELL_CARCINOMA_INCLAVO_EXALLC	5503	1.6217590441975966e-251	7.205464485625944e-17	2.250734907420611e-235	1.0	2.391993157428324e-14
IL18RAP	Childhood asthma (age<16) (more control exclusions)	ASTHMA_CHILD_EXMORE	5104	0.0	4.797871569078016e-26	0.0	1.0	2.1169474502518624e-14
SORT1	Coronary artery bypass grafting	I9_CABG	4744	1.7526409205409256e-34	6.579681305088366e-17	2.663717039282004e-18	0.9999999999999858	1.9152936557165172e-14
PPP1R14A	Malignant neoplasm of prostate, excluding all cancers (controls excluding all cancers)	C3_PROSTATE_EXALLC	5135	1.506871876371628e-217	8.29093576968488e-23	1.8174931253011208e-195	1.0	1.5661241759069157e-14
IL18R1	Dermatitis and eczema	L12_DERMATITISECZEMA	5074	0.0	3.3643959124957914e-21	0.0	1.0	1.0703933849178373e-14
LPP	Malignant neoplasm of skin, excluding all cancers (controls excluding all cancers)	C3_SKIN_EXALLC	5503	7.341362980566801e-252	3.2619508569879485e-17	2.2506050220960635e-235	1.0	1.0546295481768965e-14
LPP	Basal cell carcinoma, excluding all cancers (controls excluding all cancers)	C3_BASAL_CELL_CARCINOMA_EXALLC	5503	4.713894595512693e-252	2.0945010560418203e-17	2.2506050220960635e-235	1.0	7.138303325033107e-15
IL1RN	Spermatocele	N14_SPERMATOCELE	4752	5.456941157042505e-58	9.172178283646406e-18	5.94944950729114e-41	1.0	6.565841232517516e-15
MYL6B	Hypothyroidism, strict autoimmune	E4_HYTHY_AI_STRICT	3502	8.379807227485554e-49	3.0759820543003915e-20	2.724270518994129e-29	1.0	5.382482989865767e-15
IL4R	Asthma/COPD (KELA code 203)	J10_ASTHMACOPDKELA	5914	7.639977058311612e-211	1.0841052777744476e-29	7.047264887406202e-182	1.0	2.159805724010656e-15
IL18RAP	Atopic dermatitis	L12_ATOPIC	5104	0.0	2.5848923951711396e-31	0.0	1.0	1.9654962545542963e-15
TSPAN15	Pulmonary embolism	I9_PULMEMB	6658	9.204060704818658e-150	2.925224957087864e-23	3.1464454323475385e-127	1.0	1.80818986517925e-15
SORT1	Ischaemic heart disease, wide definition	I9_IHD	4744	6.698307186640446e-36	2.5146483713454468e-18	2.6637152386663743e-18	1.0	1.770661775793454e-15
LPP	Other malignant neoplasms of skin (=non-melanoma skin cancer), excluding all cancers (controls excluding all cancers)	C3_OTHER_SKIN_EXALLC	5503	3.54673725815386e-252	1.575903911762833e-17	2.2506050220960635e-235	1.0	1.662337911509245e-15
IL18RAP	Dermatitis and eczema	L12_DERMATITISECZEMA	5104	0.0	3.3643959124942616e-21	0.0	1.0	1.1535571728295037e-16
PROCR	Arthrosis	M13_ARTHROSIS	3584	1.175545957692012e-58	1.7060296295151895e-17	6.890536584796045e-42	1.0	1.9361292960645795e-17
PROCR	Gonarthrosis	M13_ARTHROSIS_KNEE	3584	1.948620542423144e-60	2.827966325181158e-19	6.890536584795848e-42	1.0	1.0626592284079603e-17
FGFR2	Palmar fascial fibromatosis [Dupuytren]	M13_DUPUTRYEN	6860	0.0	4.32529788773062e-20	0.0	1.0	5.814398598702676e-18
MAPKAPK2	Inflammatory bowel disease, strict (require KELA)	K11_IBD_STRICT	2863	1.6227431391267341e-50	4.111647344271798e-31	3.946698253164779e-20	1.0	1.876188731031327e-18
ANXA11	Sarcoidosis	D3_SARCOIDOSIS	6924	1.2776769614664218e-296	1.6924879481222907e-28	7.549105226327133e-269	1.0	1.4036874810500103e-18
TACC3	Primary gonarthrosis, bilateral	PRIM_KNEEARTHROSIS	5504	0.0	8.446551555768207e-24	0.0	1.0	1.1232369767510762e-18
ERBB3	Migraine, single triptan purchase ok & required. ICD-code if available is included	MIGRAINE_TRIPTAN	3989	2.5065871040489435e-107	1.4010802131237228e-20	1.7890389719090765e-87	1.0	8.332560896595947e-19
LYPD3	Statin medication	RX_STATIN	5946	1.1477953208868764e-53	1.9082291773249753e-28	6.014976264517209e-26	1.0	7.968096622050221e-19
SORT1	Coronary atherosclerosis	I9_CORATHER	4744	3.0697630568681716e-39	1.1524358674732186e-21	2.663717039282023e-18	1.0	7.858749556378397e-19
PHOSPHO1	Atopic dermatitis	L12_ATOPIC	4699	3.802875283194375e-102	4.679774884302297e-21	8.126192770405755e-82	1.0	7.077911172824401e-19
TACC3	Arthrosis	M13_ARTHROSIS	5504	0.0	1.3284914076947222e-24	0.0	1.0	4.412399429946304e-19
SORT1	Coronary revascularization (ANGIO or CABG)	I9_REVASC	4744	2.0128931848102427e-39	7.55670799535373e-22	2.663717039282042e-18	1.0	2.35899084090847e-19
TACC3	Artrosis, including avohilmo	M13_ARTHROSIS_INCLAVO	5504	0.0	4.945408507234558e-23	0.0	1.0	1.2574945177232952e-19
SORT1	Metabolic disorders	E4_METABOLIA	4744	1.9201420191268235e-47	7.208532831009322e-30	2.6637071150828653e-18	1.0	4.0869457484033163e-20
SORT1	Pure hypercholesterolaemia	E4_HYPERCHOL	4744	2.14282866510111e-52	8.044535575880753e-35	2.663707115082903e-18	1.0	3.9523565996733746e-20
SORT1	Disorders of lipoprotein metabolism and other lipidaemias	E4_LIPOPROT	4744	1.9829935348936228e-68	7.444487885568102e-51	2.663707115082903e-18	1.0	3.915254324925358e-20
SORT1	Statin medication	RX_STATIN	4744	2.6050628912535535e-185	9.780101093216746e-168	2.6636359547042077e-18	1.0	3.8207195348065095e-20
IL4	Asthma (only as main-diagnosis) (more control exclusions)	J10_ASTHMA_MAIN_EXMORE	4756	3.93147299674687e-80	8.313574244118314e-31	4.728980437659901e-50	1.0	1.5172122994625424e-20
TACC3	Gonarthrosis	M13_ARTHROSIS_KNEE	5504	0.0	1.8101114423886678e-28	0.0	1.0	6.623920667249479e-21
PROCR	Arthropathies	M13_ARTHROPATHIES	3584	3.2746343719989716e-62	4.752364829213067e-21	6.890536584796045e-42	1.0	1.5976476302899485e-21
IL24	Ulcerative colitis (strict definition, require KELA, min 2 HDR)	K11_UC_STRICT2	3432	4.244595945995057e-80	1.848195006887317e-25	2.2966169317509612e-55	1.0	2.7351782648544213e-22
LYPD3	Other degenerative diseases of the nervous system	NEURODEGOTH	5946	3.874548298306453e-55	6.444890182206638e-30	6.011814303684238e-26	1.0	7.256167605643012e-23
MAP1LC3A	Actinic keratosis	L12_ACTINKERA	3357	0.0	8.672904432229336e-25	0.0	1.0	4.6521742598045724e-23
IL18R1	Atopic dermatitis	L12_ATOPIC	5074	0.0	2.584892395172021e-31	0.0	1.0	1.756705050773579e-23
IL4	Asthma (more control exclusions)	J10_ASTHMA_EXMORE	4756	2.426501148024857e-83	5.131129595506621e-34	4.7289804376598335e-50	1.0	2.7390936599380294e-24
NPDC1	Diabetes, insulin treatment (Kela reimbursement) (more control exclusions)	KELA_DIAB_INSUL_EXMORE	5042	5.849032383571175e-214	1.8515243560023128e-26	3.1590361555923644e-188	1.0	2.128147412701745e-24
IL4	Chronic lower respiratory diseases	J10_LOWCHRON	4756	5.054778823071941e-87	1.068991978647798e-37	4.728547008805268e-50	1.0	1.3673031992599795e-24
CD274	Chronic lower respiratory diseases	J10_LOWCHRON	5750	1.8654112118513303e-119	1.476385314026951e-28	1.2634988943118304e-91	1.0	1.2440904160208828e-25
LYPD3	Dementia in Alzheimer disease	F5_ALZHDEMENT	5946	1.328077439918876e-61	2.208290484221543e-36	6.014052269880894e-26	1.0	5.779704830934317e-26
NPDC1	Type 2 diabetes, definitions combined	T2D	5042	7.679868366651905e-218	2.4303905781297e-30	3.1599317557268875e-188	1.0	1.8605153427240207e-26
LYPD3	Dementia	F5_DEMENTIA	5946	2.590023698813508e-97	4.306619867247744e-72	6.014052269880979e-26	1.0	3.630477406140191e-27
LYPD3	Unspecific neurodegenerative disorder	G6_NEURODEGENERATIVE	5946	4.4425065882337006e-97	7.387113226718955e-72	6.013860153334893e-26	1.0	3.621716141117652e-27
LYPD3	Dementia, including avohilmo	F5_DEMENTIA_INCLAVO	5946	1.4415515886613162e-99	2.397025729670577e-74	6.01391787671561e-26	1.0	3.619467357084424e-27
LYPD3	Any dementia (more control exclusions)	KRA_PSY_DEMENTIA_EXMORE	5946	3.510292745193453e-91	5.837384443230999e-66	6.013468496603938e-26	1.0	3.612141138011433e-27
LYPD3	Alzheimer’s disease, wide definition	G6_AD_WIDE	5946	2.25993617379187e-76	3.7581471053576245e-51	6.013431913216221e-26	1.0	3.598003960133139e-27
LYPD3	Alzheimer disease	G6_ALZHEIMER	5946	2.6354401644894665e-88	4.3825886499429987e-63	6.013432642198393e-26	1.0	3.594195746846754e-27
LYPD3	Alzheimer’s disease (Late onset) (more control exclusions)	AD_LO_EXMORE	5946	2.674273573672729e-68	4.4488451280185364e-43	6.011163564292963e-26	1.0	3.576605845652743e-27
PROCR	Other joint disorders	M13_OTHERJOINT	3584	4.707502712599707e-69	6.83183762928846e-28	6.890536584795848e-42	1.0	3.392171743228441e-27
TACC3	Gonarthrosis, primary, with knee surgery	M13_ARTHROSIS_KNEE_PRIM_KNEESURG	5504	0.0	2.513136431560945e-35	0.0	1.0	1.4036718530226186e-28
IL4	Asthma/COPD (KELA code 203)	J10_ASTHMACOPDKELA	4756	9.504199984369908e-92	2.0099620383749005e-42	4.728547008805268e-50	1.0	1.2006033208543504e-29
TSPAN15	Venous thromboembolism	I9_VTE	6658	2.2632576547223666e-163	7.196556886002899e-37	3.1449173411304654e-127	1.0	6.584747121739462e-30
CD274	Asthma/COPD (KELA code 203)	J10_ASTHMACOPDKELA	5750	4.985949597097014e-124	3.946144804354966e-33	1.2634988943118304e-91	1.0	1.0435458250753456e-30
TEX101	Dementia in Alzheimer disease	F5_ALZHDEMENT	5764	1.5156147174344152e-156	1.38010962939995e-35	1.0981842928617884e-121	1.0	5.794055710979616e-33
PROCR	Hallux valgus (acquired)	M13_HALLUXVALGUS	3584	6.479738069153756e-89	9.403822168873567e-48	6.89053658479575e-42	1.0	5.0470160606224485e-33
MAPRE3	Antihypertensive medication - note that there are other indications	RX_ANTIHYP	3821	7.923164340428746e-108	7.657501376695288e-35	1.0346931656508706e-73	1.0	2.2534761676038384e-33
SELP	Other and unspecified coagulation defects	D3_COAGDEFNAS	6419	0.0	0.0	1.5294738712604204e-35	1.0	4.56371572745525e-37
MEGF9	Amyloidosis, other/unspecified	E4_AMYLNAS	4164	0.0	9.957822473017233e-43	0.0	1.0	4.480497191447518e-38
TEX101	Alzheimer’s disease (Late onset) (more control exclusions)	AD_LO_EXMORE	5764	2.7734012422378497e-162	2.5267259131122385e-41	1.0976264690385895e-121	1.0	2.2163063360771155e-39
TEX101	Alzheimer’s disease, wide definition	G6_AD_WIDE	5764	1.9037112059479398e-168	1.7344869118252874e-47	1.0975644687595026e-121	1.0	5.441429119862999e-43
ADAM15	Atrial fibrillation and flutter	I9_AF	3268	0.0	6.231220385155302e-46	0.0	1.0	1.983331869769996e-43
MAPRE3	Hypertension, essential	I9_HYPTENSESS	3821	5.4004922787728565e-120	5.219173450621576e-47	1.0347409086642892e-73	1.0	5.575779429186069e-44
PVR	Statin medication	RX_STATIN	5757	0.0	0.0	1.520147901514708e-43	1.0	4.2911735787043796e-45
MAPRE3	Hypertension	I9_HYPTENS	3821	4.222155096322016e-122	4.080398349932959e-49	1.0347409086642892e-73	1.0	1.2284103307296087e-45
PVR	Dementia	F5_DEMENTIA	5757	0.0	0.0	1.5124917448897407e-43	1.0	1.1448751386226948e-45
PVR	Dementia in Alzheimer disease	F5_ALZHDEMENT	5757	0.0	0.0	1.5124917448897407e-43	1.0	1.144875138622174e-45
PVR	Dementia, including avohilmo	F5_DEMENTIA_INCLAVO	5757	0.0	0.0	1.5116396165543554e-43	1.0	1.1439933124713705e-45
PVR	Any dementia (more control exclusions)	KRA_PSY_DEMENTIA_EXMORE	5757	0.0	0.0	1.5081504909047033e-43	1.0	1.1434075507475837e-45
PVR	Unspecific neurodegenerative disorder	G6_NEURODEGENERATIVE	5757	0.0	0.0	1.5108240290920936e-43	1.0	1.1425455794398446e-45
PVR	Alzheimer’s disease (Late onset) (more control exclusions)	AD_LO_EXMORE	5757	0.0	0.0	1.510607820309955e-43	1.0	1.1391218804651412e-45
PVR	Alzheimer disease	G6_ALZHEIMER	5757	0.0	0.0	1.5096003255070555e-43	1.0	1.138492283904616e-45
MAP1LC3A	Hallux valgus (acquired)	M13_HALLUXVALGUS	3357	0.0	9.403822168873299e-48	0.0	1.0	1.0957540176943322e-45
PINLYP	Statin medication	RX_STATIN	6111	5.499644394440465e-122	5.371662014351933e-76	1.0238254714735278e-46	1.0	8.576566256438581e-48
SLC16A1	Hypertension	I9_HYPTENS	4394	1.6018507406282483e-101	1.681553170911324e-54	9.5260189706646e-48	1.0	7.215970130861855e-50
TEX101	Alzheimer disease	G6_ALZHEIMER	5764	5.006417522754797e-181	4.5611164678192467e-60	1.097629836483535e-121	1.0	3.597094493909054e-54
TEX101	Any dementia (more control exclusions)	KRA_PSY_DEMENTIA_EXMORE	5764	3.974959362079179e-184	3.618844933989415e-63	1.0984055505515079e-121	1.0	4.102951727213389e-59
TEX101	Unspecific neurodegenerative disorder	G6_NEURODEGENERATIVE	5764	3.5028767629767406e-189	3.1904111326702784e-68	1.0979389857021147e-121	1.0	1.406166564771647e-62
TEX101	Dementia	F5_DEMENTIA	5764	1.7262724666847203e-189	1.57193330655466e-68	1.0981842928617884e-121	1.0	2.1532171477020964e-63
TEX101	Dementia, including avohilmo	F5_DEMENTIA_INCLAVO	5764	1.3791606506529167e-190	1.255837214308064e-69	1.0982001766946546e-121	1.0	1.2221759777681998e-63
SPP1	Gout, unspecified	GOUT_NOS	5397	0.0	3.936580778025288e-69	0.0	1.0	1.202765664467656e-64
FGFR2	Malignant neoplasm of breast, ER-positive, excluding all cancers (controls excluding all cancers)	C3_BREAST_ERPLUS_EXALLC	6860	0.0	1.4795130239621791e-75	0.0	1.0	6.946035359811529e-73
ATP1B1	Hereditary deficiency of other clotting factors	D3_HEREDOTHCLOFACTORS	6536	0.0	7.226298001389361e-82	0.0	1.0	3.793038393764847e-78
SPP1	Gout, strict definition	GOUT_STRICT	5397	0.0	3.760844745275378e-87	0.0	1.0	5.0795069974807636e-83
SPP1	Gout	M13_GOUT	5397	0.0	2.35831688245273e-101	0.0	1.0	3.6066329944072685e-95
PDCD1LG2	Polycythaemia vera	POLYCYTVERA	5252	2.7099603427775586e-196	9.273454388588436e-100	2.922277103246888e-97	1.0	7.277331251223115e-97
PDCD1LG2	Myeloproliferative diseases (CML excluded)	MYELOPROF_NONCML	5252	2.3276263945546164e-196	7.971403042245754e-100	2.919970778317167e-97	1.0	3.5727293849100633e-97
AMIGO1	Statin medication	RX_STATIN	4996	0.0	9.780101093217859e-168	4.612234648306177e-189	1.0	1.418833149639916e-156
GSTM4	Statin medication	RX_STATIN	5067	0.0	9.780101093215635e-168	0.0	1.0	1.968042950833623e-161
ATP1B1	Coagulation defects, purpura and other haemorrhagic conditions	D3_COAGDEF_PURPUR_HAEMORRHAGIC	6536	0.0	8.193977549058425e-234	0.0	1.0	8.77575103353955e-227
XCL1	Other coagulation defects	D3_COAGOTHER	6015	0.0	0.0	0.0	1.0	0.0
ATP1B1	Other and unspecified coagulation defects	D3_COAGDEFNAS	6536	0.0	0.0	0.0	1.0	0.0
ATP1B1	Other coagulation defects	D3_COAGOTHER	6536	0.0	0.0	0.0	1.0	0.0
XCL1	Other and unspecified coagulation defects	D3_COAGDEFNAS	6015	0.0	0.0	0.0	1.0	0.0
