gene_symbol	cell_trait	uk_id	cell_label	SNP	cell_beta	cell_se	cell_z	cell_p	cell_FDR	cell_snp_p
IL7	Lymphocyte count	ukb-d-30120_irnt	Neale UKB, lymphocyte count	rs2369442	-0.6733127967239422	0.04073288609992135	-16.529955551694684	0.0	0.0	2.35505e-61
LEPR	Neutrophil count	ukb-d-30140_irnt	Neale UKB, neutrophil count	rs6656451	-0.048478566156464134	0.005609142137070702	-8.642777268215458	0.0	0.0	5.50935e-18
CD46	Leukocyte count	ukb-d-30000_irnt	Neale UKB, white blood cell count	rs61821293	0.39231585864779717	0.03858132298457793	10.16854343757515	0.0	0.0	2.76121e-24
ERBB2	Leukocyte count	ukb-d-30000_irnt	Neale UKB, white blood cell count	rs903506	0.5169451430704846	0.036661534378322556	14.100477566922208	0.0	0.0	3.8815e-45
TNFRSF1A	Monocyte count	ukb-d-30130_irnt	Neale UKB, monocyte count	rs1800692	0.08373112639061955	0.009274192447045741	9.028400787315103	0.0	0.0	1.75025e-19
LIF	Lymphocyte count	ukb-d-30120_irnt	Neale UKB, lymphocyte count	rs3747150	-0.7102634010586707	0.06557524775245295	-10.831272856793776	0.0	0.0	2.47229e-27
CSF1R	Monocyte count	ukb-d-30130_irnt	Neale UKB, monocyte count	rs6874087	0.11619433403869879	0.009113188489590272	12.750129570064766	0.0	0.0	3.17249e-37
LTBR	Monocyte count	ukb-d-30130_irnt	Neale UKB, monocyte count	rs2364480	0.1403881016232102	0.009155554966286339	15.333652863224978	0.0	0.0	4.73915e-53
SLC12A2	Lymphocyte count	ukb-d-30120_irnt	Neale UKB, lymphocyte count	rs17764730	0.1242614654604874	0.012863415807584254	9.660067537210683	0.0	0.0	4.48332e-22
CSF3R	Neutrophil count	ukb-d-30140_irnt	Neale UKB, neutrophil count	rs3917922	-0.22595573397992982	0.01957010107112056	-11.545966633425868	0.0	0.0	7.83971e-31
JMJD1C	Neutrophil count	ukb-d-30140_irnt	Neale UKB, neutrophil count	rs9919429	0.5446493117294207	0.04557428478539514	11.950803271935504	0.0	0.0	6.5268e-33
CEBPB	Monocyte count	ukb-d-30130_irnt	Neale UKB, monocyte count	rs1889236	0.3771248601957667	0.01995879133756398	18.895175254725405	0.0	0.0	1.36994e-79
CSF3R	Leukocyte count	ukb-d-30000_irnt	Neale UKB, white blood cell count	rs3917922	-0.1950276286207871	0.01960297899563969	-9.948877089761066	0.0	0.0	2.56862e-23
PLAUR	Leukocyte count	ukb-d-30000_irnt	Neale UKB, white blood cell count	rs4760	-0.46846017599351	0.026117947725984633	-17.93633178641525	0.0	0.0	6.60846e-72
TNFSF14	Monocyte count	ukb-d-30130_irnt	Neale UKB, monocyte count	rs2291668	-0.11870560565818448	0.011878314882812843	-9.993471871161107	0.0	0.0	1.63983e-23
CXCL6	Leukocyte count	ukb-d-30000_irnt	Neale UKB, white blood cell count	rs1951238	0.29446491629161825	0.03020270630454692	9.749620226823431	0.0	0.0	1.86337e-22
CKB	Monocyte count	ukb-d-30130_irnt	Neale UKB, monocyte count	rs10149470	0.13069833941563477	0.010883708617487081	12.008621694046369	0.0	0.0	3.25012e-33
MPO	Monocyte count	ukb-d-30130_irnt	Neale UKB, monocyte count	rs12940119	0.07419185092297913	0.00795302647432945	9.328756940826672	0.0	0.0	1.07696e-20
CXCL6	Neutrophil count	ukb-d-30140_irnt	Neale UKB, neutrophil count	rs1951238	0.3705326208809287	0.03015720269542302	12.286703930174689	0.0	0.0	1.08493e-34
JMJD1C	Leukocyte count	ukb-d-30000_irnt	Neale UKB, white blood cell count	rs9919429	0.5414769543888092	0.04563999242838002	11.86408948771223	0.0	0.0	1.84417e-32
TNFRSF10B	Leukocyte count	ukb-d-30000_irnt	Neale UKB, white blood cell count	rs7009522	0.05362597797835255	0.006474023481303519	8.283253549082767	0.0	0.0	1.20254e-16
PDGFRB	Monocyte count	ukb-d-30130_irnt	Neale UKB, monocyte count	rs1075846	0.8512253504626991	0.061904411688494	13.75064114567644	0.0	0.0	5.18084e-43
IL2RA	Lymphocyte count	ukb-d-30120_irnt	Neale UKB, lymphocyte count	rs61839660	-0.13059017295212094	0.012505154808887009	-10.442907340844332	0.0	0.0	1.59258e-25
CMC1	Lymphocyte count	ukb-d-30120_irnt	Neale UKB, lymphocyte count	rs17021298	0.10668413141977012	0.009830977849453323	10.851833159781005	0.0	0.0	1.97469e-27
PLAUR	Neutrophil count	ukb-d-30140_irnt	Neale UKB, neutrophil count	rs4760	-0.5225745400522182	0.02607682678181773	-20.03980562606595	0.0	0.0	2.78035e-89
TLR1	Lymphocyte count	ukb-d-30120_irnt	Neale UKB, lymphocyte count	rs189688666	0.03817324361839104	0.004477664264136472	8.52525811819722	0.0	0.0	1.53109e-17
TNFRSF1A	Lymphocyte count	ukb-d-30120_irnt	Neale UKB, lymphocyte count	rs1800692	0.08480092118069202	0.009517217232018631	8.910264325521283	0.0	0.0	5.11446e-19
LTBR	Lymphocyte count	ukb-d-30120_irnt	Neale UKB, lymphocyte count	rs2364480	-0.09368006050601327	0.009397249357833969	-9.968880992597835	0.0	0.0	2.10087e-23
KLRC1	Monocyte count	ukb-d-30130_irnt	Neale UKB, monocyte count	rs11053802	0.04848880111872008	0.005367906731098392	9.033093074774458	0.0	0.0	1.67726e-19
ERBB2	Neutrophil count	ukb-d-30140_irnt	Neale UKB, neutrophil count	rs903506	0.5036641486196217	0.0366091245563352	13.757885628883818	0.0	0.0	4.68705e-43
CD46	Neutrophil count	ukb-d-30140_irnt	Neale UKB, neutrophil count	rs61821293	0.37621929756654077	0.03852605870753845	9.765320154405655	0.0	0.0	1.59625e-22
TNFAIP8	Lymphocyte count	ukb-d-30120_irnt	Neale UKB, lymphocyte count	rs6895052	0.15777424437989743	0.017259659652937805	9.141214111544912	0.0	0.0	6.20869e-20
LY9	Lymphocyte count	ukb-d-30120_irnt	Neale UKB, lymphocyte count	rs4656932	-0.11656444162708149	0.012804411853427443	-9.103459257746376	0.0	0.0	8.79427e-20
IL1RL1	Lymphocyte count	ukb-d-30120_irnt	Neale UKB, lymphocyte count	rs2058660	0.09126772593601529	0.010859091566104387	8.404729380945524	0.0	0.0	4.30527e-17
MEGF9	Lymphocyte count	ukb-d-30120_irnt	Neale UKB, lymphocyte count	rs10616	0.0460098739306525	0.005671273653737679	8.112793834296726	4.440892098500626e-16	3.271457179228795e-14	4.96364e-16
KLRF1	Monocyte count	ukb-d-30130_irnt	Neale UKB, monocyte count	rs1841957	0.37635394168247976	0.046019267694561036	8.178181890690116	4.440892098500626e-16	3.271457179228795e-14	2.89001e-16
ERBB2	Lymphocyte count	ukb-d-30120_irnt	Neale UKB, lymphocyte count	rs903506	0.29479660969725063	0.036585367356807966	8.057773667329148	8.881784197001252e-16	6.366078835256033e-14	7.79471e-16
TNFRSF10B	Neutrophil count	ukb-d-30140_irnt	Neale UKB, neutrophil count	rs7009522	0.0516655539751474	0.006464597083284025	7.992076429441017	1.3322676295501878e-15	9.059419880941277e-14	1.33107e-15
IL7R	Lymphocyte count	ukb-d-30120_irnt	Neale UKB, lymphocyte count	rs10058453	-0.06651134846585516	0.008323319553669115	-7.990964186462767	1.3322676295501878e-15	9.059419880941277e-14	1.34276e-15
TNFAIP8	Leukocyte count	ukb-d-30000_irnt	Neale UKB, white blood cell count	rs6895052	0.1341644243899505	0.017298156899411717	7.755995345059751	8.881784197001252e-15	5.88862292261183e-13	8.7882e-15
CA8	Leukocyte count	ukb-d-30000_irnt	Neale UKB, white blood cell count	rs7824045	-0.10054651191334932	0.013202828346180164	-7.6155282244837625	2.6201263381153694e-14	1.6947744021175512e-12	2.63269e-14
NFE2	Monocyte count	ukb-d-30130_irnt	Neale UKB, monocyte count	rs35979828	0.022723074484737593	0.0029872297401133964	7.606738169349846	2.7977620220553945e-14	1.766586876783549e-12	2.81773e-14
JMJD1C	Lymphocyte count	ukb-d-30120_irnt	Neale UKB, lymphocyte count	rs9919429	0.34176403320920523	0.04554229301752786	7.504322039245379	6.17284001691587e-14	3.8070631918281135e-12	6.19013e-14
S100A12	Monocyte count	ukb-d-30130_irnt	Neale UKB, monocyte count	rs2916217	0.027078181834907768	0.0036264020217182846	7.466955310729011	8.215650382226158e-14	4.9517965485599484e-12	8.22621e-14
PRTN3	Monocyte count	ukb-d-30130_irnt	Neale UKB, monocyte count	rs62132278	0.0731746240646292	0.00989985957713302	7.391481009856952	1.4521717162097048e-13	8.558131980862527e-12	1.45512e-13
CXCL1	Neutrophil count	ukb-d-30140_irnt	Neale UKB, neutrophil count	rs2071425	-0.10026084139699225	0.013595567586173448	-7.374524142629874	1.6497914145929826e-13	9.511406155436065e-12	1.6531e-13
LEPR	Leukocyte count	ukb-d-30000_irnt	Neale UKB, white blood cell count	rs6656451	-0.041382302580069794	0.005617505330480164	-7.366669036437315	1.7497114868092467e-13	9.872840134081111e-12	1.75307e-13
CCL8	Monocyte count	ukb-d-30130_irnt	Neale UKB, monocyte count	rs11655679	-0.37192660622052426	0.051643709307791136	-7.201779484968448	5.941913627793838e-13	3.2829072793560954e-11	5.95525e-13
GATA3	Monocyte count	ukb-d-30130_irnt	Neale UKB, monocyte count	rs10905355	-0.3378918589174815	0.04713505802019815	-7.168589010173474	7.576161920042068e-13	4.1004043697860335e-11	7.59277e-13
CA8	Neutrophil count	ukb-d-30140_irnt	Neale UKB, neutrophil count	rs7824045	-0.09399992884882401	0.013184007721884891	-7.12984479619108	1.0049738818906917e-12	5.330381469548229e-11	1.0067e-12
SMPDL3B	Lymphocyte count	ukb-d-30120_irnt	Neale UKB, lymphocyte count	rs7536088	0.11259171374164244	0.01583778861967539	7.109055212529419	1.1683987111155147e-12	6.075673297800677e-11	1.17085e-12
ERBB3	Lymphocyte count	ukb-d-30120_irnt	Neale UKB, lymphocyte count	rs11171739	0.10236946658305435	0.014406369411071818	7.105847674874955	1.1959322421262186e-12	6.099254434843715e-11	1.19812e-12
CD300LF	Monocyte count	ukb-d-30130_irnt	Neale UKB, monocyte count	rs34840376	0.06169255962871613	0.008728917346461548	7.06760726216803	1.5762946503627973e-12	7.81551120117759e-11	1.57906e-12
PM20D1	Monocyte count	ukb-d-30130_irnt	Neale UKB, monocyte count	rs823080	-0.04863674594402294	0.006882931449166941	-7.066283647196511	1.5913936834976994e-12	7.81551120117759e-11	1.59441e-12
CD101	Neutrophil count	ukb-d-30140_irnt	Neale UKB, neutrophil count	rs12130298	0.03948130964399108	0.005613657011223286	7.033081922364831	2.020161815607935e-12	9.74085297271317e-11	2.02395e-12
PILRB	Monocyte count	ukb-d-30130_irnt	Neale UKB, monocyte count	rs6955367	0.021034571232071912	0.0030370492428583645	6.925989521419452	4.3294257068282604e-12	2.0502923168765263e-10	4.33611e-12
CKB	Leukocyte count	ukb-d-30000_irnt	Neale UKB, white blood cell count	rs10149470	0.07702301694462778	0.011195696898999486	6.879698301899457	5.997868868234946e-12	2.790587410273522e-10	6.00759e-12
FCGR2A	Lymphocyte count	ukb-d-30120_irnt	Neale UKB, lymphocyte count	rs6700241	0.14478420786732568	0.021460713219167135	6.746476987447698	1.5147882947985636e-11	6.926238892768605e-10	1.51705e-11
TNFSF13B	Monocyte count	ukb-d-30130_irnt	Neale UKB, monocyte count	rs113469631	-0.0765477277605151	0.011455978393774805	-6.681902246089365	2.3586022024346676e-11	1.060171701840125e-09	2.36211e-11
SNX2	Leukocyte count	ukb-d-30000_irnt	Neale UKB, white blood cell count	rs4836231	-0.16730218728382895	0.025698964628454956	-6.51007500506791	7.511324895403959e-11	3.32000560376855e-09	7.51969e-11
SNX2	Neutrophil count	ukb-d-30140_irnt	Neale UKB, neutrophil count	rs4836231	-0.16479532700018562	0.025663435145631915	-6.4214056327621	1.3502177154123274e-10	5.870126854546709e-09	1.35179e-10
C2CD2L	Lymphocyte count	ukb-d-30120_irnt	Neale UKB, lymphocyte count	rs617948	-0.04182134910499958	0.006586126192679951	-6.349916154276132	2.154323386349688e-10	9.214944549353826e-09	2.1573e-10
CA8	Monocyte count	ukb-d-30130_irnt	Neale UKB, monocyte count	rs7824045	-0.08062445335534432	0.01283694899375819	-6.280655426343673	3.371485313152789e-10	1.4192347699176501e-08	3.37513e-10
CXCL16	Lymphocyte count	ukb-d-30120_irnt	Neale UKB, lymphocyte count	rs1050998	0.034054944177590835	0.005468510674634156	6.227462320875714	4.740505765710168e-10	1.9643470766661508e-08	4.74668e-10
MERTK	Neutrophil count	ukb-d-30140_irnt	Neale UKB, neutrophil count	rs55812028	0.03469166412090254	0.005577357432886793	6.220089807467554	4.968705447083721e-10	2.027231822410158e-08	4.97405e-10
TNFRSF1A	Leukocyte count	ukb-d-30000_irnt	Neale UKB, white blood cell count	rs1800692	0.05919870664771622	0.009539584600203597	6.205585371762705	5.449367623810986e-10	2.189654990658596e-08	5.45569e-10
SMPDL3B	Leukocyte count	ukb-d-30000_irnt	Neale UKB, white blood cell count	rs7536088	0.09841313551367356	0.01587229514859925	6.200309066351923	5.63523894214768e-10	2.2305453245635295e-08	5.64066e-10
CD101	Leukocyte count	ukb-d-30000_irnt	Neale UKB, white blood cell count	rs12130298	0.034704764025648524	0.005620631996931656	6.1745305589467705	6.636033944573683e-10	2.5880532383837362e-08	6.64339e-10
TNFRSF10A	Monocyte count	ukb-d-30130_irnt	Neale UKB, monocyte count	rs73224403	0.05927142852987184	0.009621473473968438	6.160327593297928	7.259459700037496e-10	2.790157554275281e-08	7.26708e-10
FKBP1B	Lymphocyte count	ukb-d-30120_irnt	Neale UKB, lymphocyte count	rs12713147	-0.09214906197921627	0.014968451125241674	-6.156218917254772	7.450222661020689e-10	2.8225700710038382e-08	7.45779e-10
FES	Neutrophil count	ukb-d-30140_irnt	Neale UKB, neutrophil count	rs8027450	-0.03750567254658395	0.006195865239864792	-6.053338976010783	1.4187389041353526e-09	5.299289540516838e-08	1.42023e-09
IL7	Leukocyte count	ukb-d-30000_irnt	Neale UKB, white blood cell count	rs2369442	-0.24314175600784832	0.040839187084726565	-5.953638487059426	2.6224573623778724e-09	9.65938461809183e-08	2.62494e-09
DCUN1D2	Neutrophil count	ukb-d-30140_irnt	Neale UKB, neutrophil count	rs76760541	0.18909982176207085	0.03181551027003148	5.943636300568557	2.7876776442781193e-09	1.0127289195377497e-07	2.79049e-09
OCLN	Neutrophil count	ukb-d-30140_irnt	Neale UKB, neutrophil count	rs10042124	-0.11722087855961551	0.01985569737871611	-5.903639460443627	3.555687744238867e-09	1.2742816078001993e-07	3.55877e-09
CD46	Monocyte count	ukb-d-30130_irnt	Neale UKB, monocyte count	rs61821293	0.2212830059326879	0.037514493850681944	5.898600333339307	3.665980186084994e-09	1.2962905937996538e-07	3.6691e-09
IL6ST	Monocyte count	ukb-d-30130_irnt	Neale UKB, monocyte count	rs7731626	-0.11922288415998368	0.020401560358520424	-5.843812045003309	5.101959077435936e-09	1.7803151938631713e-07	5.10658e-09
TNFSF14	Lymphocyte count	ukb-d-30120_irnt	Neale UKB, lymphocyte count	rs2291668	-0.07090272429712276	0.012190703081729893	-5.816130851663846	6.022532916816203e-09	2.074254194207347e-07	6.02795e-09
LCN2	Leukocyte count	ukb-d-30000_irnt	Neale UKB, white blood cell count	rs13297866	-0.07130783933721206	0.012472686866463386	-5.717119342500683	1.0834502628398468e-08	3.683730893655479e-07	1.0843e-08
GFRA2	Monocyte count	ukb-d-30130_irnt	Neale UKB, monocyte count	rs1479056	-0.028599090183211683	0.005007179145146468	-5.711617130961491	1.1190763427038064e-08	3.756696785886702e-07	1.12003e-08
IGFBP7	Leukocyte count	ukb-d-30000_irnt	Neale UKB, white blood cell count	rs2271808	0.06606098404445962	0.011612099994043536	5.688978227740531	1.2780176028570622e-08	4.2366283534711615e-07	1.27912e-08
AZU1	Monocyte count	ukb-d-30130_irnt	Neale UKB, monocyte count	rs8102628	0.28753202208696493	0.05058430996672404	5.684213588682194	1.3141595589516442e-08	4.302655741160198e-07	1.31535e-08
MYL6B	Lymphocyte count	ukb-d-30120_irnt	Neale UKB, lymphocyte count	rs11171747	0.09306038091200422	0.01637998303827255	5.6813478191378195	1.3363739004290665e-08	4.322028760899859e-07	1.3374e-08
CXCL1	Leukocyte count	ukb-d-30000_irnt	Neale UKB, white blood cell count	rs2071425	-0.07697000799938088	0.01361467833641282	-5.653457694518022	1.5725182933579163e-08	5.024480137331559e-07	1.5738e-08
DOK2	Monocyte count	ukb-d-30130_irnt	Neale UKB, monocyte count	rs11135701	-0.0315003302586202	0.005583256523315705	-5.641927811676694	1.681566064171136e-08	5.24972382365263e-07	1.68271e-08
TMEM106A	Neutrophil count	ukb-d-30140_irnt	Neale UKB, neutrophil count	rs2171462	0.07530788704741334	0.013348151032450854	5.641821617415881	1.6826037896322532e-08	5.24972382365263e-07	1.68395e-08
LCN2	Neutrophil count	ukb-d-30140_irnt	Neale UKB, neutrophil count	rs13297866	-0.07011378487328622	0.012454016454809848	-5.6298130910376045	1.8040501092997374e-08	5.563187081235934e-07	1.80551e-08
CD226	Neutrophil count	ukb-d-30140_irnt	Neale UKB, neutrophil count	rs763361	-0.038010811927687634	0.006825805260769536	-5.5686927000613435	2.5665767733329403e-08	7.823634026297652e-07	2.5685e-08
MAPRE3	Neutrophil count	ukb-d-30140_irnt	Neale UKB, neutrophil count	rs6745807	0.08552029789876017	0.015426593631392866	5.54369292030405	2.9615803587290657e-08	8.925126262897138e-07	2.96353e-08
FES	Leukocyte count	ukb-d-30000_irnt	Neale UKB, white blood cell count	rs8027450	-0.03383571044007072	0.006204605557133545	-5.453321750835427	4.943749964958499e-08	1.4731263940528023e-06	4.94721e-08
CKB	Lymphocyte count	ukb-d-30120_irnt	Neale UKB, lymphocyte count	rs10149470	0.0608590839552969	0.01117071153609649	5.448093772598087	5.09125159808832e-08	1.500222137570025e-06	5.0946e-08
OTUD7B	Monocyte count	ukb-d-30130_irnt	Neale UKB, monocyte count	rs115650695	0.08111046711195623	0.014927296898688554	5.433700934767515	5.519706269829783e-08	1.6086001129218225e-06	5.52332e-08
HHEX	Lymphocyte count	ukb-d-30120_irnt	Neale UKB, lymphocyte count	rs11187167	-0.06381837180112937	0.011765008134526689	-5.424422241905812	5.814229342426813e-08	1.6760148060995552e-06	5.81835e-08
DLGAP5	Leukocyte count	ukb-d-30000_irnt	Neale UKB, white blood cell count	rs11622636	0.20063301561338842	0.03712664064375473	5.40401749618405	6.516458395111613e-08	1.8582416842834406e-06	6.52124e-08
C5	Lymphocyte count	ukb-d-30120_irnt	Neale UKB, lymphocyte count	rs10733650	0.023238426754523134	0.004307155067815153	5.395307665649256	6.840623423265413e-08	1.9299290764361567e-06	6.84558e-08
VAT1	Neutrophil count	ukb-d-30140_irnt	Neale UKB, neutrophil count	rs4520874	0.04542570535657991	0.008432575228062586	5.386931527798137	7.167072224589788e-08	2.0007447936433807e-06	7.17216e-08
IQGAP2	Lymphocyte count	ukb-d-30120_irnt	Neale UKB, lymphocyte count	rs3886042	-0.019807864086767987	0.003692523462240606	-5.3643163785745225	8.125637207534453e-08	2.2447072785813926e-06	8.1298e-08
PLAUR	Lymphocyte count	ukb-d-30120_irnt	Neale UKB, lymphocyte count	rs4760	-0.13978565928953895	0.026069081671945517	-5.362124414224018	8.224885683638661e-08	2.2487007044339928e-06	8.23057e-08
GP1BA	Lymphocyte count	ukb-d-30120_irnt	Neale UKB, lymphocyte count	rs67059207	0.18704248845133656	0.03490991546120301	5.3578613978371115	8.421280184300883e-08	2.2789015355883614e-06	8.42655e-08
IGFBP7	Neutrophil count	ukb-d-30140_irnt	Neale UKB, neutrophil count	rs2271808	0.06175983727083152	0.011595827179755488	5.326039817034752	1.0037713638055834e-07	2.688890562436775e-06	1.00432e-07
KLRB1	Lymphocyte count	ukb-d-30120_irnt	Neale UKB, lymphocyte count	rs10771784	-0.059442299312167816	0.011171395049106459	-5.320937899955681	1.0323364030284665e-07	2.7377561408314933e-06	1.03302e-07
PRC1	Leukocyte count	ukb-d-30000_irnt	Neale UKB, white blood cell count	rs113028686	0.08561686642219947	0.016128073455355153	5.308561289679104	1.1049393111584038e-07	2.901286191279294e-06	1.10566e-07
FLT3	Monocyte count	ukb-d-30130_irnt	Neale UKB, monocyte count	rs112634401	-0.1916654226461913	0.03636261908495502	-5.270946578363839	1.3572197188338464e-07	3.5287712689680006e-06	1.35788e-07
C2CD2L	Monocyte count	ukb-d-30130_irnt	Neale UKB, monocyte count	rs617948	-0.03358540434916088	0.006418080146391397	-5.232936264911629	1.6683827919194982e-07	4.295680741913116e-06	1.66924e-07
APBB1IP	Leukocyte count	ukb-d-30000_irnt	Neale UKB, white blood cell count	rs10764619	-0.042195457049437154	0.008100480172981607	-5.209006891983534	1.898540622491396e-07	4.8412785873530595e-06	1.8995e-07
OCLN	Leukocyte count	ukb-d-30000_irnt	Neale UKB, white blood cell count	rs10042124	-0.1013554459392643	0.019883918832340784	-5.097357658411467	3.444272165253892e-07	8.69924741166983e-06	3.4458e-07
PILRB	Lymphocyte count	ukb-d-30120_irnt	Neale UKB, lymphocyte count	rs6955367	0.01587875973992345	0.003116722298394777	5.094698282263254	3.4929708836450857e-07	8.739017720213931e-06	3.49502e-07
CD226	Leukocyte count	ukb-d-30000_irnt	Neale UKB, white blood cell count	rs763361	-0.034533408847594586	0.006835498969974249	-5.05206847360913	4.3705095253976367e-07	1.083232828163975e-05	4.3724e-07
PRC1	Neutrophil count	ukb-d-30140_irnt	Neale UKB, neutrophil count	rs113028686	0.08088906523934267	0.016100981251773398	5.023859352077276	5.06433310176746e-07	1.2435751283228984e-05	5.06699e-07
CD33	Leukocyte count	ukb-d-30000_irnt	Neale UKB, white blood cell count	rs1710398	0.04806813286672722	0.009646564772728936	4.982927497943822	6.26294220928969e-07	1.5237910769758036e-05	6.26585e-07
IL12RB1	Lymphocyte count	ukb-d-30120_irnt	Neale UKB, lymphocyte count	rs447259	-0.028793549388444403	0.005782461624421451	-4.97946225303748	6.376118684148224e-07	1.5372242500328264e-05	6.37911e-07
FCGR2A	Leukocyte count	ukb-d-30000_irnt	Neale UKB, white blood cell count	rs6700241	0.10686321740283651	0.02150970470507666	4.9681396777899485	6.759826596258733e-07	1.612548953404997e-05	6.76363e-07
DCUN1D2	Leukocyte count	ukb-d-30000_irnt	Neale UKB, white blood cell count	rs76760541	0.15824433791043097	0.03186105860255837	4.966700569632809	6.810161492509792e-07	1.612548953404997e-05	6.81334e-07
CKB	Neutrophil count	ukb-d-30140_irnt	Neale UKB, neutrophil count	rs10149470	0.0553345947855988	0.01118001059973332	4.949422390254148	7.443405101170697e-07	1.746894719318999e-05	7.44663e-07
TYMP	Monocyte count	ukb-d-30130_irnt	Neale UKB, monocyte count	rs140522	0.018723636246578548	0.0037876710869265656	4.943311025924241	7.68067992318322e-07	1.7867686979194648e-05	7.68369e-07
FLT3	Leukocyte count	ukb-d-30000_irnt	Neale UKB, white blood cell count	rs112634401	-0.18450204584443802	0.037401265775305156	-4.933042826755311	8.095839518773573e-07	1.866970991633697e-05	8.09953e-07
PACS2	Leukocyte count	ukb-d-30000_irnt	Neale UKB, white blood cell count	rs4555082	0.19039203627931509	0.03873803557889904	4.914860380349885	8.884575328771405e-07	2.0311977389570488e-05	8.88894e-07
NDST1	Neutrophil count	ukb-d-30140_irnt	Neale UKB, neutrophil count	rs79152136	-0.025147038710264663	0.00512525446148482	-4.906495648018889	9.271804519705995e-07	2.1016090244666923e-05	9.27598e-07
AXL	Monocyte count	ukb-d-30130_irnt	Neale UKB, monocyte count	rs1709138	0.08582562257370338	0.017625828002445505	4.8693101147813005	1.1198853846483559e-06	2.5168949492266438e-05	1.12034e-06
TNFSF13	Monocyte count	ukb-d-30130_irnt	Neale UKB, monocyte count	rs11552708	-0.027467748385416647	0.005648678816074217	-4.862685466777255	1.158037860715666e-06	2.580770089594913e-05	1.15862e-06
SLC12A2	Leukocyte count	ukb-d-30000_irnt	Neale UKB, white blood cell count	rs17764730	0.06251058185425931	0.012893291057706218	4.848303010804773	1.2452209825486449e-06	2.7519383714325053e-05	1.24578e-06
PACS2	Neutrophil count	ukb-d-30140_irnt	Neale UKB, neutrophil count	rs4555082	0.18528902392173385	0.038684596953915525	4.789736445812434	1.6700051095330792e-06	3.660209545852666e-05	1.67078e-06
TPPP3	Lymphocyte count	ukb-d-30120_irnt	Neale UKB, lymphocyte count	rs149025632	-0.08529589075045672	0.017885959174981366	-4.768874283788339	1.8525821929848973e-06	4.027088504750777e-05	1.85332e-06
TIE1	Monocyte count	ukb-d-30130_irnt	Neale UKB, monocyte count	rs7520981	0.2318782432891323	0.04870495271396736	4.760876058147479	1.9275440252819465e-06	4.155972971583514e-05	1.92815e-06
LTA4H	Monocyte count	ukb-d-30130_irnt	Neale UKB, monocyte count	rs6538697	-0.03092137412420825	0.006502635892401031	-4.755206140381151	1.9824402870405322e-06	4.220984320771492e-05	1.98322e-06
TNFAIP8	Neutrophil count	ukb-d-30140_irnt	Neale UKB, neutrophil count	rs6895052	0.08213597354324453	0.01727547210804557	4.754485031120625	1.9895288088100926e-06	4.220984320771492e-05	1.99049e-06
ADAM9	Leukocyte count	ukb-d-30000_irnt	Neale UKB, white blood cell count	rs10093975	-0.07422870346347206	0.015650655842252784	-4.742849386737741	2.107329461820129e-06	4.435426772021414e-05	2.10809e-06
CDH23	Monocyte count	ukb-d-30130_irnt	Neale UKB, monocyte count	rs9415998	-0.02332318329870303	0.004950994479498187	-4.710807777161362	2.4673687382126275e-06	5.117905603742312e-05	2.46843e-06
EHD3	Monocyte count	ukb-d-30130_irnt	Neale UKB, monocyte count	rs655029	-0.06513448253727196	0.013827287187309814	-4.710575664982936	2.470180683555867e-06	5.117905603742312e-05	2.47093e-06
CD300LF	Leukocyte count	ukb-d-30000_irnt	Neale UKB, white blood cell count	rs34840376	0.04225402445127758	0.00897766370892684	4.706572424768235	2.5191651218392508e-06	5.1789348086183665e-05	2.52005e-06
LIF	Leukocyte count	ukb-d-30000_irnt	Neale UKB, white blood cell count	rs3747150	-0.3088689796145548	0.06573032591167767	-4.69903313775721	2.613960422115369e-06	5.332479261115353e-05	2.61517e-06
EHD3	Neutrophil count	ukb-d-30140_irnt	Neale UKB, neutrophil count	rs655029	-0.06657002125746339	0.014201311056553407	-4.687596869920236	2.764318648429409e-06	5.5961626378891546e-05	2.76541e-06
PRTFDC1	Leukocyte count	ukb-d-30000_irnt	Neale UKB, white blood cell count	rs7079390	-0.15683307961805587	0.03346817044648	-4.686036838160979	2.785461490351082e-06	5.596245357887174e-05	2.78644e-06
IL6ST	Lymphocyte count	ukb-d-30120_irnt	Neale UKB, lymphocyte count	rs7731626	-0.09786233817561686	0.02093642856669834	-4.67426131748552	2.9501350580218855e-06	5.882524942762436e-05	2.95107e-06
TMEM106A	Leukocyte count	ukb-d-30000_irnt	Neale UKB, white blood cell count	rs2171462	0.06239148385390532	0.013367756665785272	4.667311457994752	3.0516656144286003e-06	6.039565081690036e-05	3.05309e-06
CDAN1	Monocyte count	ukb-d-30130_irnt	Neale UKB, monocyte count	rs9919994	0.11853123796209998	0.025776332616448915	4.59845237590007	4.256409840586173e-06	8.361480664618171e-05	4.25765e-06
TIE1	Neutrophil count	ukb-d-30140_irnt	Neale UKB, neutrophil count	rs7520981	0.22991540258821797	0.050022546898175035	4.5962354347176575	4.30192594613743e-06	8.388755594967989e-05	4.30368e-06
PTGDS	Lymphocyte count	ukb-d-30120_irnt	Neale UKB, lymphocyte count	rs885070	0.03554796816034853	0.007770090948393829	4.57497452686789	4.762779321376698e-06	9.219628292183213e-05	4.76398e-06
DLGAP5	Lymphocyte count	ukb-d-30120_irnt	Neale UKB, lymphocyte count	rs11622636	0.1689962755552392	0.037044345582830505	4.561999217326339	5.066883619786466e-06	9.737228521502688e-05	5.06816e-06
TIE1	Leukocyte count	ukb-d-30000_irnt	Neale UKB, white blood cell count	rs7520981	0.22797248920406415	0.05009548087751866	4.550759573731756	5.345259908473565e-06	0.000101982944440805	5.34687e-06
CD209	Neutrophil count	ukb-d-30140_irnt	Neale UKB, neutrophil count	rs10422720	-0.06202980504346504	0.013653484506297943	-4.543148308759756	5.542023114646355e-06	0.0001049817521431581	5.54396e-06
PRTFDC1	Monocyte count	ukb-d-30130_irnt	Neale UKB, monocyte count	rs7079390	-0.14718360092359575	0.03253819862953328	-4.523409626923988	6.085130855648657e-06	0.0001140253769419788	6.08737e-06
CD3E	Neutrophil count	ukb-d-30140_irnt	Neale UKB, neutrophil count	rs894678	0.07525898202711497	0.016640258951279508	4.522704979980382	6.105431193725863e-06	0.0001140253769419788	6.10703e-06
RBP7	Monocyte count	ukb-d-30130_irnt	Neale UKB, monocyte count	rs2890358	0.049829234458086014	0.011046343117450076	4.510925826608628	6.454528946875371e-06	0.00011970217319659778	6.4561e-06
TNFSF14	Leukocyte count	ukb-d-30000_irnt	Neale UKB, white blood cell count	rs2291668	-0.05505450470202683	0.012218435269601471	-4.505855577022879	6.610603935808257e-06	0.0001217452891511354	6.61226e-06
ACTA2	Neutrophil count	ukb-d-30140_irnt	Neale UKB, neutrophil count	rs3824729	0.01195081388658507	0.0026559239800202	4.499682210969825	6.805512431817817e-06	0.0001244704756495231	6.80738e-06
PSRC1	Lymphocyte count	ukb-d-30120_irnt	Neale UKB, lymphocyte count	rs7528419	0.02625291703182126	0.005873549338174663	4.469685282320271	7.833477517094067e-06	0.00014229029024201005	7.83556e-06
DPP4	Monocyte count	ukb-d-30130_irnt	Neale UKB, monocyte count	rs13015258	-0.0842503933005957	0.018861050916189614	-4.466898142365881	7.936189202695232e-06	0.00014265138547817755	7.93908e-06
NDST1	Leukocyte count	ukb-d-30000_irnt	Neale UKB, white blood cell count	rs79152136	-0.02292193983166992	0.005132277298517342	-4.466231752187633	7.960937047801764e-06	0.00014265138547817755	7.96361e-06
SIRPB1	Monocyte count	ukb-d-30130_irnt	Neale UKB, monocyte count	rs6033979	0.014893729521749818	0.0033415597764315337	4.457118985809345	8.306850083794615e-06	0.00014785078135720348	8.30979e-06
SSH3	Leukocyte count	ukb-d-30000_irnt	Neale UKB, white blood cell count	rs10896172	-0.04256387992146105	0.00964091921649884	-4.414919258800552	1.0104769796903668e-05	0.00017865233000925686	1.01081e-05
VAT1	Leukocyte count	ukb-d-30000_irnt	Neale UKB, white blood cell count	rs4520874	0.03714510483905639	0.00844503655297599	4.3984540038452105	1.0902472616258763e-05	0.00019147918793588237	1.09061e-05
CD14	Monocyte count	ukb-d-30130_irnt	Neale UKB, monocyte count	rs57599368	-0.037540290262869556	0.008591178135235276	-4.369632391732672	1.2445586826448363e-05	0.0002171427385772438	1.24486e-05
EHD3	Leukocyte count	ukb-d-30000_irnt	Neale UKB, white blood cell count	rs655029	-0.06203792781099516	0.014220798736262811	-4.3624784346887235	1.2859726554292905e-05	0.00022290192694107702	1.28641e-05
MYL6B	Leukocyte count	ukb-d-30000_irnt	Neale UKB, white blood cell count	rs11171747	0.07139395333993577	0.01641670238355053	4.348860792620096	1.3684653914491918e-05	0.00023566040377423744	1.36877e-05
CD226	Monocyte count	ukb-d-30130_irnt	Neale UKB, monocyte count	rs763361	-0.028892128964260126	0.006646127485125965	-4.347212572873559	1.3787857696234695e-05	0.0002359057974865446	1.37924e-05
CD244	Lymphocyte count	ukb-d-30120_irnt	Neale UKB, lymphocyte count	rs12038419	0.035523839294136356	0.008220266756360351	4.321494708994709	1.5497576882239628e-05	0.00026345880699807367	1.55017e-05
GP1BA	Leukocyte count	ukb-d-30000_irnt	Neale UKB, white blood cell count	rs67059207	0.14932829913053117	0.034990463143462484	4.267685698193773	1.975113390995098e-05	0.0003336306186572611	1.97565e-05
PSAP	Lymphocyte count	ukb-d-30120_irnt	Neale UKB, lymphocyte count	rs4747202	0.08908632679901453	0.0209237129788625	4.257672951689363	2.065658417294003e-05	0.000346716843206563	2.06628e-05
MERTK	Leukocyte count	ukb-d-30000_irnt	Neale UKB, white blood cell count	rs55812028	0.02374921128697443	0.005585268320553977	4.252116447042755	2.117596947837086e-05	0.00035319918903546865	2.11807e-05
UPB1	Leukocyte count	ukb-d-30000_irnt	Neale UKB, white blood cell count	rs1008931	0.022224526218692864	0.005258366204462201	4.226507883728854	2.3734596007241038e-05	0.0003934009288200202	2.37416e-05
LPL	Neutrophil count	ukb-d-30140_irnt	Neale UKB, neutrophil count	rs80026582	-0.018861022734475368	0.004475893477505534	-4.213912334881309	2.509847364340345e-05	0.0004134233049832668	2.51033e-05
PRTFDC1	Neutrophil count	ukb-d-30140_irnt	Neale UKB, neutrophil count	rs7079390	-0.1405404520048152	0.03341858268783791	-4.205458182281392	2.605537639288613e-05	0.00042653616169095076	2.60621e-05
CD46	Lymphocyte count	ukb-d-30120_irnt	Neale UKB, lymphocyte count	rs61821293	0.16174952987616564	0.03849835933753812	4.201465534102658	2.65192625610311e-05	0.00043146677491935257	2.65283e-05
IL18R1	Lymphocyte count	ukb-d-30120_irnt	Neale UKB, lymphocyte count	rs11676124	0.03232294786292499	0.007718321865522397	4.187820672173703	2.8164591477253254e-05	0.0004551531361967065	2.81689e-05
CA8	Lymphocyte count	ukb-d-30120_irnt	Neale UKB, lymphocyte count	rs7824045	-0.055152984014367426	0.013173741926814746	-4.18658451947546	2.8318351233957983e-05	0.0004551531361967065	2.83244e-05
GSR	Lymphocyte count	ukb-d-30120_irnt	Neale UKB, lymphocyte count	rs3594	0.026677930630488057	0.006399520608045854	4.168738920372721	3.062895864514026e-05	0.0004893252911259757	3.06359e-05
EGLN1	Lymphocyte count	ukb-d-30120_irnt	Neale UKB, lymphocyte count	rs74143867	-0.026457098129004517	0.0063501656250984665	-4.166363476321812	3.0949709910021994e-05	0.0004914888064753194	3.09571e-05
ADAM9	Neutrophil count	ukb-d-30140_irnt	Neale UKB, neutrophil count	rs10093975	-0.0649603346828087	0.015628897899150517	-4.156424534985255	3.2326688347072974e-05	0.0005102998660502234	3.23311e-05
ICAM3	Lymphocyte count	ukb-d-30120_irnt	Neale UKB, lymphocyte count	rs7409490	-0.02899489923319236	0.006979258113795058	-4.154438589379813	3.260871774690699e-05	0.0005117060323360789	3.26159e-05
TNFSF10	Leukocyte count	ukb-d-30000_irnt	Neale UKB, white blood cell count	rs3181140	-0.05465760753519422	0.01325088873224106	-4.124825786379556	3.710154826430667e-05	0.000578784152923184	3.71116e-05
CD79B	Leukocyte count	ukb-d-30000_irnt	Neale UKB, white blood cell count	rs12603821	-0.0922586448496062	0.022403132463976325	-4.11811361638627	3.81986369064613e-05	0.0005924139478124875	3.82085e-05
C3	Neutrophil count	ukb-d-30140_irnt	Neale UKB, neutrophil count	rs339392	-0.11652886086032636	0.02842439642658536	-4.099607221609703	4.138519041418931e-05	0.000638101889409477	4.13933e-05
CD79B	Lymphocyte count	ukb-d-30120_irnt	Neale UKB, lymphocyte count	rs12603821	-0.09154724384039628	0.022352206886389003	-4.095669134851397	4.2095076915549257e-05	0.0006452956299424083	4.21056e-05
IL6	Lymphocyte count	ukb-d-30120_irnt	Neale UKB, lymphocyte count	rs10265117	-0.12028458346686745	0.02944283569000383	-4.085360008570961	4.400852790120702e-05	0.0006707506666321897	4.402e-05
CD300LF	Neutrophil count	ukb-d-30140_irnt	Neale UKB, neutrophil count	rs34840376	0.03646470882810263	0.008965459618021596	4.067243664207065	4.757249283482423e-05	0.0007209271485597363	4.75861e-05
SSH3	Neutrophil count	ukb-d-30140_irnt	Neale UKB, neutrophil count	rs10896172	-0.03912928235863766	0.00962655404939113	-4.0647236963378965	4.8089397171713344e-05	0.0007246197801101351	4.81005e-05
CD70	Lymphocyte count	ukb-d-30120_irnt	Neale UKB, lymphocyte count	rs2029745	-0.1016712263426564	0.025171245612206027	-4.039181370243912	5.363807828384637e-05	0.0008036620542867829	5.36488e-05
HAVCR2	Neutrophil count	ukb-d-30140_irnt	Neale UKB, neutrophil count	rs6891966	0.048504119111173916	0.012058109441375765	4.022531006787732	5.757607163103806e-05	0.000855601777953882	5.75851e-05
PLXNB2	Monocyte count	ukb-d-30130_irnt	Neale UKB, monocyte count	rs62241220	0.033461388546057506	0.008319959300562887	4.021821181720646	5.7749893760838944e-05	0.000855601777953882	5.77604e-05
GSN	Lymphocyte count	ukb-d-30120_irnt	Neale UKB, lymphocyte count	rs10760167	0.015647000978340802	0.003895728401881563	4.016450677306867	5.908122205733335e-05	0.0008664454647969641	5.90922e-05
IL24	Lymphocyte count	ukb-d-30120_irnt	Neale UKB, lymphocyte count	rs291107	-0.0645271299383088	0.01606657132145933	-4.016235240690282	5.913522968636897e-05	0.0008664454647969641	5.9148e-05
C3	Leukocyte count	ukb-d-30000_irnt	Neale UKB, white blood cell count	rs339392	-0.11396592517095294	0.028464157675721226	-4.00383972254908	6.232259652683148e-05	0.0009055927455084651	6.23405e-05
LAT2	Monocyte count	ukb-d-30130_irnt	Neale UKB, monocyte count	rs149511512	-0.0625864086979935	0.015638648110733386	-4.002034463262724	6.280014840109871e-05	0.0009055927455084651	6.28131e-05
CXCL16	Leukocyte count	ukb-d-30000_irnt	Neale UKB, white blood cell count	rs1050998	0.02193513382896741	0.005481157290594278	4.001916505225698	6.283147253904886e-05	0.0009055927455084651	6.2842e-05
SCARB1	Neutrophil count	ukb-d-30140_irnt	Neale UKB, neutrophil count	rs7954697	0.030177274846602035	0.007546207996085697	3.99899855162425	6.361106933594485e-05	0.0009073835289285138	6.36239e-05
BCL7A	Monocyte count	ukb-d-30130_irnt	Neale UKB, monocyte count	rs10840637	-0.04934285875031321	0.012339136204844338	-3.998890840587466	6.364002125969215e-05	0.0009073835289285138	6.36517e-05
AXL	Neutrophil count	ukb-d-30140_irnt	Neale UKB, neutrophil count	rs1709138	0.07211826165377351	0.018102812896129434	3.983815226262054	6.781761026442013e-05	0.0009617770182954126	6.78328e-05
MEGF9	Leukocyte count	ukb-d-30000_irnt	Neale UKB, white blood cell count	rs10616	0.022590901206674764	0.0056844519890486755	3.9741563918909053	7.062914505429063e-05	0.0009963217695956317	7.06366e-05
NOMO1	Lymphocyte count	ukb-d-30120_irnt	Neale UKB, lymphocyte count	rs7405130	0.027493865253514292	0.006922467017965642	3.971685987403104	7.136575129229605e-05	0.0010013860974982494	7.13773e-05
UPB1	Monocyte count	ukb-d-30130_irnt	Neale UKB, monocyte count	rs1008931	0.020232307764452027	0.005112251908505236	3.957611660487936	7.570290196468044e-05	0.0010566531368964868	7.57182e-05
PCDH12	Leukocyte count	ukb-d-30000_irnt	Neale UKB, white blood cell count	rs108043	-0.06895265112691969	0.01748158893185654	-3.944301138511952	8.003303553305585e-05	0.0011112440326369849	8.00461e-05
ASRGL1	Neutrophil count	ukb-d-30140_irnt	Neale UKB, neutrophil count	rs7110781	-0.01737706387018926	0.004416397176065082	-3.934669636228656	8.331120999960362e-05	0.001150736088119525	8.33278e-05
CA6	Neutrophil count	ukb-d-30140_irnt	Neale UKB, neutrophil count	rs12091891	-0.029947413589457794	0.0076158466820805265	-3.9322500622185115	8.415445794596188e-05	0.001156360738200471	8.41686e-05
CD3E	Leukocyte count	ukb-d-30000_irnt	Neale UKB, white blood cell count	rs894678	0.06516241814703802	0.01666407317962638	3.9103535759016035	9.216111488297152e-05	0.001259851941596085	9.21786e-05
TCN1	Monocyte count	ukb-d-30130_irnt	Neale UKB, monocyte count	rs12419784	0.05274566926057718	0.013518480451271542	3.9017454255086745	9.55015666876946e-05	0.0012988213069526466	9.55125e-05
UPB1	Lymphocyte count	ukb-d-30120_irnt	Neale UKB, lymphocyte count	rs1008931	0.020381163457304625	0.005246213397751643	3.8849284068466092	0.00010236004757757655	0.001384994113141495	0.000102376
RBP7	Leukocyte count	ukb-d-30000_irnt	Neale UKB, white blood cell count	rs2890358	0.04403685159871993	0.01136129553979677	3.876041376132326	0.00010616963799980894	0.001425909350530768	0.000106194
SPINK8	Lymphocyte count	ukb-d-30120_irnt	Neale UKB, lymphocyte count	rs11713476	-0.04440855565891213	0.011461869942201912	-3.8744599164751046	0.00010686142986315872	0.001425909350530768	0.000106881
IL12RB2	Lymphocyte count	ukb-d-30120_irnt	Neale UKB, lymphocyte count	rs72678531	-0.02044808207947384	0.005278080542272384	-3.874151202450253	0.0001069969686107175	0.001425909350530768	0.000107019
SMPDL3B	Neutrophil count	ukb-d-30140_irnt	Neale UKB, neutrophil count	rs7536088	0.06138866002400938	0.015851758613661355	3.872671892133371	0.00010764870355473022	0.0014274218091357227	0.000107664
APBB1IP	Neutrophil count	ukb-d-30140_irnt	Neale UKB, neutrophil count	rs10764619	-0.031302599924684524	0.008089525291425419	-3.8695224746826686	0.00010904872912931296	0.001430756403799185	0.000109066
CEBPB	Lymphocyte count	ukb-d-30120_irnt	Neale UKB, lymphocyte count	rs1889236	-0.07927274092199144	0.020491748509237625	-3.8685200965771904	0.0001094979129563356	0.001430756403799185	0.000109522
XCL1	Monocyte count	ukb-d-30130_irnt	Neale UKB, monocyte count	rs11580138	0.0253703255784149	0.006558225966063988	3.868473838763024	0.00010951868400121967	0.001430756403799185	0.000109534
MAPRE3	Leukocyte count	ukb-d-30000_irnt	Neale UKB, white blood cell count	rs6745807	0.05954904637597301	0.015449100772731119	3.8545315518351573	0.00011595143001663644	0.0015073685902162737	0.000115971
PILRB	Leukocyte count	ukb-d-30000_irnt	Neale UKB, white blood cell count	rs6955367	0.012025632534334066	0.0031238605762855943	3.8496060373581282	0.00011830795871903277	0.001530501007428658	0.000118331
PLXNB2	Lymphocyte count	ukb-d-30120_irnt	Neale UKB, lymphocyte count	rs62241220	0.03283287593115392	0.008537963166876413	3.8455162302094736	0.00012029890097986495	0.0015487023563038925	0.000120318
GDF15	Neutrophil count	ukb-d-30140_irnt	Neale UKB, neutrophil count	rs4808795	-0.05428087704834871	0.014172260251415297	-3.8300790477600786	0.00012810210112323972	0.001641192136129622	0.000128127
ADAMTSL4	Leukocyte count	ukb-d-30000_irnt	Neale UKB, white blood cell count	rs72700822	-0.03130776316889664	0.008199355236424477	-3.8183201320289584	0.0001343634955159878	0.0017083987784660736	0.000134388
TRIM25	Lymphocyte count	ukb-d-30120_irnt	Neale UKB, lymphocyte count	rs2586519	0.200033137315074	0.05239460018334395	3.8178197107163685	0.00013463625365739418	0.0017083987784660736	0.000134664
BHLHE40	Monocyte count	ukb-d-30130_irnt	Neale UKB, monocyte count	rs6803795	0.11035246870298454	0.029007798348242488	3.80423455024709	0.00014224335410606415	0.00179633035756801	0.000142266
ERN1	Lymphocyte count	ukb-d-30120_irnt	Neale UKB, lymphocyte count	rs16947438	-0.028927018801056394	0.0076540188171081176	-3.779324233747541	0.00015725455017356893	0.0019764884694801177	0.000157286
RAB44	Monocyte count	ukb-d-30130_irnt	Neale UKB, monocyte count	rs12526889	-0.017603560488265686	0.004660678684671737	-3.777037997955344	0.00015870452653166112	0.0019853037941602136	0.000158734
LTBP2	Monocyte count	ukb-d-30130_irnt	Neale UKB, monocyte count	rs754458	0.06054397975524964	0.016042674745026162	3.773933007899482	0.00016069392909057179	0.0019863305081616552	0.000160724
CDAN1	Leukocyte count	ukb-d-30000_irnt	Neale UKB, white blood cell count	rs9919994	0.10005015918275421	0.026511728771497416	3.773807436138132	0.00016077487596821705	0.0019863305081616552	0.000160798
PIK3IP1	Neutrophil count	ukb-d-30140_irnt	Neale UKB, neutrophil count	rs4820963	0.01998954636490454	0.005297480227467475	3.773406507731467	0.0001610335819210995	0.0019863305081616552	0.000161065
HK2	Monocyte count	ukb-d-30130_irnt	Neale UKB, monocyte count	rs3100578	0.02069799890954321	0.00550766417761883	3.7580357556389234	0.00017125241442661476	0.0021010136170379404	0.000171285
FLT3	Neutrophil count	ukb-d-30140_irnt	Neale UKB, neutrophil count	rs112634401	-0.14031500512906675	0.03734693920663479	-3.7570683999758514	0.00017191551843787067	0.0021010136170379404	0.000171933
ALDH1A1	Neutrophil count	ukb-d-30140_irnt	Neale UKB, neutrophil count	rs7867580	0.029008825681697787	0.007746294794299428	3.744864667821015	0.00018049104054496112	0.002185672326599255	0.000180522
ANXA1	Neutrophil count	ukb-d-30140_irnt	Neale UKB, neutrophil count	rs7867580	0.026675599936024138	0.007123248048252058	3.744864667821015	0.00018049104054496112	0.002185672326599255	0.000180522
CD33	Neutrophil count	ukb-d-30140_irnt	Neale UKB, neutrophil count	rs1710398	0.036028299363610856	0.0096328605583869	3.740145426712591	0.00018391381677806962	0.0022169974640701847	0.00018395
DLGAP5	Neutrophil count	ukb-d-30140_irnt	Neale UKB, neutrophil count	rs11622636	0.13834370828084755	0.03707538927129302	3.731416203577537	0.0001904063468056716	0.002284876161668059	0.000190436
IQGAP2	Leukocyte count	ukb-d-30000_irnt	Neale UKB, white blood cell count	rs3886042	-0.013716129602757206	0.003700845376623466	-3.7062152581125583	0.00021037951296820623	0.0025131822900526257	0.000210407
F11R	Monocyte count	ukb-d-30130_irnt	Neale UKB, monocyte count	rs2250174	-0.05828820237952736	0.015760002486389483	-3.6984894152057217	0.00021688639277073207	0.0025792946799461053	0.00021692
TACC3	Monocyte count	ukb-d-30130_irnt	Neale UKB, monocyte count	rs1794002	-0.013103514841359437	0.003550959340327525	-3.6901337316216147	0.0002241361914121498	0.0026536124090402735	0.000224166
CYTH3	Leukocyte count	ukb-d-30000_irnt	Neale UKB, white blood cell count	rs6958932	-0.028199447659898784	0.0076639717553024945	-3.679482200647249	0.0002337079997434266	0.0027546382903091884	0.000233738
IL12RB2	Leukocyte count	ukb-d-30000_irnt	Neale UKB, white blood cell count	rs72678531	-0.01944419649209246	0.0052897212211396195	-3.675845224959397	0.00023706322234917643	0.0027818215295133445	0.000237105
CD36	Neutrophil count	ukb-d-30140_irnt	Neale UKB, neutrophil count	rs7755	0.014634135147765544	0.0039951610657637145	3.662964998625928	0.0002493126160394432	0.0028921274629245667	0.00024935
STX7	Leukocyte count	ukb-d-30000_irnt	Neale UKB, white blood cell count	rs7758872	0.0541396192491169	0.014781889761516526	3.662564132365883	0.00024970321045980626	0.0028921274629245667	0.000249735
IL18	Monocyte count	ukb-d-30130_irnt	Neale UKB, monocyte count	rs11606049	-0.03132051480703054	0.008551602743847114	-3.6625315446938504	0.00024973498831437624	0.0028921274629245667	0.000249776
PCDH12	Neutrophil count	ukb-d-30140_irnt	Neale UKB, neutrophil count	rs108043	-0.06380600025275378	0.017457573137289815	-3.65491811209787	0.0002572640791098646	0.002966366686084178	0.000257306
TNFAIP8	Monocyte count	ukb-d-30130_irnt	Neale UKB, monocyte count	rs6895052	0.061407669411012944	0.016820681572292183	3.6507242079991897	0.00026150191961393787	0.003002177882321053	0.000261547
PALLD	Lymphocyte count	ukb-d-30120_irnt	Neale UKB, lymphocyte count	rs1870306	-0.0857375459100647	0.023498381960362486	-3.6486574290386637	0.00026361434322974553	0.0030133846476089877	0.000263651
TNFSF12	Leukocyte count	ukb-d-30000_irnt	Neale UKB, white blood cell count	rs62059804	-0.016866185274597347	0.004632304057927627	-3.640992703346602	0.0002715888343729489	0.003091217119129015	0.000271625
DAPK2	Monocyte count	ukb-d-30130_irnt	Neale UKB, monocyte count	rs332280	0.04969772509824021	0.013687606322290552	3.6308558215402815	0.0002824829638163884	0.0032014735899190683	0.000282527
MAPT	Monocyte count	ukb-d-30130_irnt	Neale UKB, monocyte count	rs17698176	-0.18000838084557627	0.04961932723563296	-3.6277876157157456	0.0002858602537763044	0.0032246677259090495	0.000285884
IL18RAP	Lymphocyte count	ukb-d-30120_irnt	Neale UKB, lymphocyte count	rs6734762	0.010972052807939581	0.003025275488812813	3.6267946005291782	0.0002869613813403227	0.0032246677259090495	0.000286992
LTBP3	Lymphocyte count	ukb-d-30120_irnt	Neale UKB, lymphocyte count	rs12789028	-0.021360866344970378	0.005900703166332919	-3.620054380441816	0.00029454110653648335	0.003295877698458877	0.000294591
TCL1A	Monocyte count	ukb-d-30130_irnt	Neale UKB, monocyte count	rs78986913	0.03983593263639956	0.011009066589165645	3.618465953835115	0.00029635447671383375	0.003302235597668433	0.000296388
JAM3	Neutrophil count	ukb-d-30140_irnt	Neale UKB, neutrophil count	rs605930	0.07717158231973331	0.021339651687632726	3.6163468574539883	0.00029878995071275227	0.0033154433024695355	0.000298827
CA6	Leukocyte count	ukb-d-30000_irnt	Neale UKB, white blood cell count	rs12091891	-0.02755005527983939	0.007625980886105501	-3.6126572687895737	0.000303075176169898	0.0033478449279954153	0.000303117
HHEX	Neutrophil count	ukb-d-30140_irnt	Neale UKB, neutrophil count	rs11187167	0.04252748414057229	0.011775028318854887	3.6116672494515116	0.0003042347766391007	0.0033478449279954153	0.000304264
ACTA2	Leukocyte count	ukb-d-30000_irnt	Neale UKB, white blood cell count	rs3824729	0.009588677161309317	0.0026597248805762547	3.60513872368327	0.000311986230120187	0.003418956538341884	0.000312033
ANXA11	Lymphocyte count	ukb-d-30120_irnt	Neale UKB, lymphocyte count	rs11591611	0.02973069573362486	0.008254648859908115	3.6016911486112324	0.000316153834438726	0.003450370242516467	0.000316199
AXL	Leukocyte count	ukb-d-30000_irnt	Neale UKB, white blood cell count	rs1709138	0.0651951967761986	0.018128290281411538	3.5963235232971047	0.00032274636299334247	0.0035078826010587877	0.000322797
TNFSF10	Neutrophil count	ukb-d-30140_irnt	Neale UKB, neutrophil count	rs3181140	-0.04706788335468452	0.01323194999731396	-3.557138846824477	0.00037491601819050757	0.004056321413711949	0.000374956
AAMDC	Monocyte count	ukb-d-30130_irnt	Neale UKB, monocyte count	rs12419883	-0.02779607607778443	0.0078162411036184	-3.5561948140157416	0.0003762651085117419	0.004056321413711949	0.000376314
IGF1R	Leukocyte count	ukb-d-30000_irnt	Neale UKB, white blood cell count	rs2654980	0.048734848533877446	0.013753971694093465	3.543329128327801	0.00039510926096641974	0.004242225749323664	0.000395157
MAG	Monocyte count	ukb-d-30130_irnt	Neale UKB, monocyte count	rs10411704	0.10550116253492811	0.029810777773425688	3.539027506654836	0.00040160400325106593	0.004294571841217044	0.000401652
IQGAP2	Monocyte count	ukb-d-30130_irnt	Neale UKB, monocyte count	rs3886042	-0.012711010025672273	0.003598327464925671	-3.532477282729697	0.00041168559564397356	0.004384699596979188	0.000411728
IL4	Leukocyte count	ukb-d-30000_irnt	Neale UKB, white blood cell count	rs2070874	-0.08958220941261912	0.025402152382393278	-3.5265597995038513	0.00042099608176382475	0.0044659264353506525	0.000421056
IFI30	Monocyte count	ukb-d-30130_irnt	Neale UKB, monocyte count	rs12459300	0.0262791907792862	0.007467274767630592	3.519247864455473	0.0004327721763308645	0.004572557018444035	0.000432813
ADAMTSL4	Monocyte count	ukb-d-30130_irnt	Neale UKB, monocyte count	rs72700822	-0.02801065012851072	0.007971766094312747	-3.5137320635253215	0.00044185826358589253	0.004650032202499155	0.000441916
IFIT1	Monocyte count	ukb-d-30130_irnt	Neale UKB, monocyte count	rs304500	-0.059913193693345704	0.01706230911234454	-3.5114352517502248	0.00044569401909511086	0.004671859836522664	0.000445728
SIRPB1	Lymphocyte count	ukb-d-30120_irnt	Neale UKB, lymphocyte count	rs6033979	0.01201279849940622	0.0034291615711510835	3.50312991970624	0.00045982512643716333	0.004801008800438414	0.000459875
PFKFB2	Neutrophil count	ukb-d-30140_irnt	Neale UKB, neutrophil count	rs1564879	-0.11627255163390782	0.033355239602242105	-3.4858856665533318	0.0004905106013617377	0.005101310254162073	0.00049058
CD33	Lymphocyte count	ukb-d-30120_irnt	Neale UKB, lymphocyte count	rs1710398	0.03345082515564932	0.009624926539557299	3.475436931198428	0.0005100219036344722	0.00528350815796336	0.000510094
TNFRSF10A	Leukocyte count	ukb-d-30000_irnt	Neale UKB, white blood cell count	rs73224403	0.03429210620901745	0.009896441535519078	3.4650946085964827	0.0005300449784861883	0.005469569194339966	0.000530103
RBP7	Lymphocyte count	ukb-d-30120_irnt	Neale UKB, lymphocyte count	rs2890358	0.039179268470597196	0.011335910594994766	3.456208316242043	0.0005478317618263784	0.005631200900633936	0.000547873
CYTH3	Neutrophil count	ukb-d-30140_irnt	Neale UKB, neutrophil count	rs6958932	-0.02642881041089652	0.007651920352262986	-3.4538794438810956	0.0005525843363520799	0.005658122239404309	0.00055265
SATB1	Lymphocyte count	ukb-d-30120_irnt	Neale UKB, lymphocyte count	rs9851736	0.052862925946443214	0.015311769097598467	3.4524375080038503	0.0005555461438189191	0.005666570666952975	0.00055561
CAPG	Monocyte count	ukb-d-30130_irnt	Neale UKB, monocyte count	rs2002444	0.013043642156345993	0.0037830189991225993	3.447945188583833	0.0005648686553323401	0.005739584957629755	0.000564898
STX7	Neutrophil count	ukb-d-30140_irnt	Neale UKB, neutrophil count	rs7758872	0.050804754036926254	0.014760414088576937	3.4419599431322174	0.0005775157612339932	0.005845693888521183	0.000577577
SWAP70	Neutrophil count	ukb-d-30140_irnt	Neale UKB, neutrophil count	rs360155	-0.02781537549195415	0.008092207975423107	-3.4373035859227037	0.0005875366701437734	0.005924514255594248	0.000587611
B3GNT7	Monocyte count	ukb-d-30130_irnt	Neale UKB, monocyte count	rs4973397	0.1241658751937174	0.03618250073231775	3.431655432340364	0.0005999092437756204	0.006026361039746005	0.000599971
CD27	Monocyte count	ukb-d-30130_irnt	Neale UKB, monocyte count	rs1059501	0.08078994891224216	0.02356737874225723	3.4280413530836427	0.0006079528450952942	0.006084116774312152	0.000608009
OTUD7B	Neutrophil count	ukb-d-30140_irnt	Neale UKB, neutrophil count	rs115650695	0.052466257606239484	0.015331484294464199	3.422125124909379	0.0006213371278902535	0.006194684447988543	0.000621384
MEGF9	Monocyte count	ukb-d-30130_irnt	Neale UKB, monocyte count	rs10616	0.018859093869419922	0.005526902040032125	3.4122359565667826	0.0006443231445665276	0.0063997939303012405	0.000644392
FCAR	Lymphocyte count	ukb-d-30120_irnt	Neale UKB, lymphocyte count	rs73065470	-0.024540565198746117	0.00720583791892343	-3.405650456597078	0.0006600663124114448	0.006531700972071461	0.000660146
CDKN1A	Neutrophil count	ukb-d-30140_irnt	Neale UKB, neutrophil count	rs12199346	0.0419274112792249	0.01233640520415227	3.3986733238231093	0.000677135427013642	0.006675699451450479	0.00067722
CD36	Leukocyte count	ukb-d-30000_irnt	Neale UKB, white blood cell count	rs7755	0.013541081091969304	0.00400080042420216	3.38459299545532	0.0007128386732004888	0.007001659856769245	0.000712919
CAT	Lymphocyte count	ukb-d-30120_irnt	Neale UKB, lymphocyte count	rs11032695	0.012606687173603354	0.0037293090007430867	3.3804351345226147	0.0007237115518448078	0.0070822252232193	0.000723786
S100A12	Neutrophil count	ukb-d-30140_irnt	Neale UKB, neutrophil count	rs2916217	-0.01257487390788735	0.0037247388557697055	-3.376041756164619	0.0007353675777623803	0.007169833883183208	0.000735445
SLC12A2	Monocyte count	ukb-d-30130_irnt	Neale UKB, monocyte count	rs17764730	0.04230904025774728	0.012536419310149467	3.3748903264183214	0.0007384511336203659	0.007173525298026411	0.000738533
PTP4A3	Neutrophil count	ukb-d-30140_irnt	Neale UKB, neutrophil count	rs3934583	-0.04240257636116446	0.012576158694720273	-3.371663589054893	0.0007471565137020519	0.007231602461087013	0.000747205
MAG	Lymphocyte count	ukb-d-30120_irnt	Neale UKB, lymphocyte count	rs10411704	0.10303472405870334	0.030591941827733414	3.3680347798418024	0.000757060451143321	0.007300815696116681	0.000757147
LIF	Monocyte count	ukb-d-30130_irnt	Neale UKB, monocyte count	rs3747150	-0.21509123412092165	0.0639106697526485	-3.3654980452150265	0.0007640560857935519	0.00734158238958152	0.000764135
GDF15	Leukocyte count	ukb-d-30000_irnt	Neale UKB, white blood cell count	rs4808795	-0.047565660336242974	0.014192447375097793	-3.351476956659508	0.0008038172833337853	0.007695752474372559	0.000803896
CD209	Leukocyte count	ukb-d-30000_irnt	Neale UKB, white blood cell count	rs10422720	-0.04573710079792933	0.013671641785491052	-3.345399295530662	0.000821641903205439	0.007826087653806536	0.000821732
PSAP	Monocyte count	ukb-d-30130_irnt	Neale UKB, monocyte count	rs4747202	-0.06819998814077212	0.02038967772727751	-3.3448291362414966	0.0008233327509095112	0.007826087653806536	0.000823398
CDCP1	Neutrophil count	ukb-d-30140_irnt	Neale UKB, neutrophil count	rs1863837	-0.056254279567345924	0.01683974217284793	-3.3405665591513163	0.0008360763753931799	0.007918837669795405	0.000836161
FLT3	Lymphocyte count	ukb-d-30120_irnt	Neale UKB, lymphocyte count	rs112634401	-0.12446796652087158	0.0373162328852124	-3.335491203084315	0.000851488478088136	0.008036111899963476	0.00085155
HBEGF	Lymphocyte count	ukb-d-30120_irnt	Neale UKB, lymphocyte count	rs73257091	0.05696912456369858	0.01708696917047574	3.334068435152003	0.000855855978168174	0.008048688135113467	0.000855933
B3GNT7	Neutrophil count	ukb-d-30140_irnt	Neale UKB, neutrophil count	rs4973397	-0.1235641447600702	0.03716134529260894	-3.3250718935798593	0.0008839573792085442	0.008276783334175346	0.000884036
SEZ6	Neutrophil count	ukb-d-30140_irnt	Neale UKB, neutrophil count	rs4795461	-0.24781596330967381	0.07454641927654611	-3.324317461719345	0.000886352363086651	0.008276783334175346	0.000886421
IGF1R	Neutrophil count	ukb-d-30140_irnt	Neale UKB, neutrophil count	rs2654980	0.04561058002902215	0.01373522098287088	3.3207023087508283	0.0008979125564967383	0.008355312630980175	0.000898008
SSH3	Monocyte count	ukb-d-30130_irnt	Neale UKB, monocyte count	rs10896172	-0.031010758569314248	0.009373069470210514	-3.308495543308692	0.0009379867770817896	0.008697695569303866	0.00093808
CD33	Monocyte count	ukb-d-30130_irnt	Neale UKB, monocyte count	rs1710398	0.031008469692604016	0.009379212380652707	3.3060846086146642	0.0009460951483846181	0.00872606290051318	0.000946194
SEZ6	Leukocyte count	ukb-d-30000_irnt	Neale UKB, white blood cell count	rs4795461	-0.2467399159796147	0.07464229653387068	-3.305631356983379	0.0009476267403272232	0.00872606290051318	0.000947698
DPEP2	Monocyte count	ukb-d-30130_irnt	Neale UKB, monocyte count	rs12934863	-0.03205669319205527	0.009700516125328072	-3.3046378953337507	0.0009509918046122223	0.008726748324676863	0.000951065
TNFAIP8L2	Lymphocyte count	ukb-d-30120_irnt	Neale UKB, lymphocyte count	rs61819214	0.0645932813528431	0.01964625875545931	3.287815871553351	0.001009678519181545	0.009233335975411922	0.00100976
CCL28	Lymphocyte count	ukb-d-30120_irnt	Neale UKB, lymphocyte count	rs7706402	-0.05964258793963883	0.018191865968703154	-3.27853052799787	0.001043490767806965	0.00950975091485935	0.00104361
HDAC9	Lymphocyte count	ukb-d-30120_irnt	Neale UKB, lymphocyte count	rs639387	0.1783209266565638	0.054548443171882365	3.269037873265674	0.0010791385605100068	0.009800943364631979	0.00107927
CFH	Neutrophil count	ukb-d-30140_irnt	Neale UKB, neutrophil count	rs203680	0.07727095394626861	0.023673245823653374	3.264062500000001	0.001098269353509318	0.00994064957510823	0.0010984
PHOSPHO1	Monocyte count	ukb-d-30130_irnt	Neale UKB, monocyte count	rs11650975	-0.0477446724048637	0.0146324562914449	-3.2629294394529227	0.0011026697026617072	0.00994653078727499	0.00110278
HAVCR2	Leukocyte count	ukb-d-30000_irnt	Neale UKB, white blood cell count	rs6891966	0.03927393822576926	0.012075507331966044	3.252363411829834	0.001144495881642893	0.010288823993616787	0.00114464
NCF2	Lymphocyte count	ukb-d-30120_irnt	Neale UKB, lymphocyte count	rs10797890	-0.05301880521520305	0.016322403315368432	-3.248222960235455	0.001161282343560499	0.010404462078116364	0.00116137
TNFSF12	Lymphocyte count	ukb-d-30120_irnt	Neale UKB, lymphocyte count	rs62059804	-0.014998397739167686	0.004621786866103986	-3.2451513178085687	0.001173882275329774	0.010481938700924447	0.00117398
ITGA5	Monocyte count	ukb-d-30130_irnt	Neale UKB, monocyte count	rs56321811	0.04663159979944296	0.014407843576196925	3.236542620193533	0.0012098715790418435	0.010767045059124057	0.00120996
EVI2B	Monocyte count	ukb-d-30130_irnt	Neale UKB, monocyte count	rs9902893	0.07070217335039482	0.02186026175598382	3.234278442756591	0.0012195049848098272	0.010816478995704554	0.00121958
IL12RB1	Monocyte count	ukb-d-30130_irnt	Neale UKB, monocyte count	rs447259	-0.01819713407638471	0.005634937108340681	-3.2293411135769037	0.0012407580436692989	0.010968301106036603	0.00124085
LPL	Leukocyte count	ukb-d-30000_irnt	Neale UKB, white blood cell count	rs80026582	-0.014418929370228924	0.00448289803807057	-3.216430364415516	0.0012979602866114437	0.01143584943552674	0.00129811
PIK3IP1	Monocyte count	ukb-d-30130_irnt	Neale UKB, monocyte count	rs4820963	0.016536703100514884	0.0051579865419419	3.206038434968285	0.0013457601189608148	0.01181773455458305	0.00134589
TNFRSF10A	Lymphocyte count	ukb-d-30120_irnt	Neale UKB, lymphocyte count	rs73224403	0.03163660499339395	0.009873937579536833	3.2040515486910706	0.0013550821215924103	0.011860322727600897	0.00135522
HAVCR1	Neutrophil count	ukb-d-30140_irnt	Neale UKB, neutrophil count	rs1501909	-0.08186669398282166	0.02557451456820237	-3.2011045122478765	0.0013690186637855817	0.011942886501182115	0.00136912
ICAM3	Leukocyte count	ukb-d-30000_irnt	Neale UKB, white blood cell count	rs7409490	-0.022292670073245358	0.006994796108535633	-3.1870364378515603	0.0014373866522732204	0.012498194760093706	0.00143757
TALDO1	Monocyte count	ukb-d-30130_irnt	Neale UKB, monocyte count	rs113226928	0.05415651501894797	0.01706197681111738	3.174105534105534	0.0015029903212342433	0.013025916117363442	0.00150318
STK11	Neutrophil count	ukb-d-30140_irnt	Neale UKB, neutrophil count	rs3764640	-0.030594311505284452	0.00964640841435002	-3.1715753875579518	0.0015161451023417705	0.013097123164203178	0.00151628
SNX2	Lymphocyte count	ukb-d-30120_irnt	Neale UKB, lymphocyte count	rs4836231	-0.08121664682032984	0.025643326083506265	-3.167165076630532	0.0015393291076557514	0.013254223355529391	0.00153947
AMIGO1	Lymphocyte count	ukb-d-30120_irnt	Neale UKB, lymphocyte count	rs534135	0.031993890209597836	0.010124612665315547	3.1600112781796676	0.0015776303190433438	0.013540050505187534	0.00157779
LY9	Leukocyte count	ukb-d-30000_irnt	Neale UKB, white blood cell count	rs4656932	-0.04052721768598121	0.012833887837609394	-3.1578285706391473	0.001589489997261495	0.013597830557217694	0.00158964
GP1BA	Neutrophil count	ukb-d-30140_irnt	Neale UKB, neutrophil count	rs67059207	0.10993796181004764	0.034939705500161	3.1465051074783976	0.0016523437558368936	0.014090082445271518	0.00165249
CD5	Lymphocyte count	ukb-d-30120_irnt	Neale UKB, lymphocyte count	rs4939489	0.03508045805793961	0.011200076580726118	3.132162338810124	0.0017352389927931533	0.014705974418233519	0.00173536
CD6	Lymphocyte count	ukb-d-30120_irnt	Neale UKB, lymphocyte count	rs34383631	0.028870958565030396	0.009217790061500988	3.1320911381582457	0.0017356598766617992	0.014705974418233519	0.0017358
FCGR2A	Neutrophil count	ukb-d-30140_irnt	Neale UKB, neutrophil count	rs6700241	0.06711158320386282	0.021479533995279007	3.124443166160555	0.0017814193192493555	0.015045617944742963	0.0017816
TPSD1	Leukocyte count	ukb-d-30000_irnt	Neale UKB, white blood cell count	rs8045644	-0.029015469436220055	0.009320972767151402	-3.1129228848812014	0.0018524441358060972	0.015595815390977047	0.00185264
TYMP	Neutrophil count	ukb-d-30140_irnt	Neale UKB, neutrophil count	rs140522	-0.012065634122492275	0.0038902164183562135	-3.101532877595158	0.001925214921097762	0.01615718345174451	0.00192535
TGFBR3	Monocyte count	ukb-d-30130_irnt	Neale UKB, monocyte count	rs36048657	-0.06894562022311901	0.022237783580563338	-3.100381833168845	0.0019327131426725153	0.016168944020086784	0.0019329
CDKN1A	Leukocyte count	ukb-d-30000_irnt	Neale UKB, white blood cell count	rs12199346	0.03826564592565289	0.012354663435820326	3.0972633228281965	0.0019531629234026404	0.016288641738565417	0.0019533
KLRB1	Leukocyte count	ukb-d-30000_irnt	Neale UKB, white blood cell count	rs10771784	-0.034622056530521986	0.011196566582851696	-3.092202977968981	0.0019867694763759935	0.016516967559088196	0.00198692
PPIF	Monocyte count	ukb-d-30130_irnt	Neale UKB, monocyte count	rs7086293	-0.05172459497289973	0.01676327394584549	-3.085590269537941	0.0020314854875711497	0.016835935978245904	0.00203166
GSR	Leukocyte count	ukb-d-30000_irnt	Neale UKB, white blood cell count	rs3594	0.01976517319965918	0.006413824780496712	3.081651569241729	0.0020585564385631194	0.017007139174671004	0.00205873
TIMD4	Lymphocyte count	ukb-d-30120_irnt	Neale UKB, lymphocyte count	rs953569	0.0559098362677516	0.01815863187027355	3.07896743913171	0.0020771938298631554	0.017107819990053067	0.00207735
LILRA2	Lymphocyte count	ukb-d-30120_irnt	Neale UKB, lymphocyte count	rs28384500	0.013702639085925257	0.004467069216777881	3.0674785683775543	0.002158729399332815	0.01772430454189048	0.00215889
TLR1	Leukocyte count	ukb-d-30000_irnt	Neale UKB, white blood cell count	rs189688666	0.013718151511619309	0.0044884976814329215	3.0562902078273737	0.0022409424130329647	0.018342528640010562	0.0022412
CDAN1	Neutrophil count	ukb-d-30140_irnt	Neale UKB, neutrophil count	rs9919994	0.08085756844231343	0.026474079259654722	3.054216452601494	0.0022564920928274113	0.018412975477471675	0.00225668
KCTD5	Leukocyte count	ukb-d-30000_irnt	Neale UKB, white blood cell count	rs11642342	-0.07539344856042114	0.024701766027140304	-3.0521481127132737	0.0022720995790201926	0.01848346037902316	0.00227237
TNFSF12	Monocyte count	ukb-d-30130_irnt	Neale UKB, monocyte count	rs62059804	-0.01373145668070209	0.0045037971203325195	-3.048862174255372	0.00229709841189063	0.01862967886340658	0.00229721
MYL6B	Neutrophil count	ukb-d-30140_irnt	Neale UKB, neutrophil count	rs11171747	0.04989621994461974	0.0163940800446864	3.0435510750596806	0.0023380374905723755	0.018903888490847377	0.00233824
SCARB1	Leukocyte count	ukb-d-30000_irnt	Neale UKB, white blood cell count	rs7954697	0.02291826931250682	0.007556763006649227	3.03281567681042	0.0024228353979323103	0.019529968010080508	0.00242304
APBB1IP	Lymphocyte count	ukb-d-30120_irnt	Neale UKB, lymphocyte count	rs10764619	-0.024439286783657657	0.00808288209794528	-3.0235857071168066	0.002497982606941118	0.020074696586690442	0.00249822
ERBB3	Leukocyte count	ukb-d-30000_irnt	Neale UKB, white blood cell count	rs11171739	0.04351191035039064	0.014439210404493686	3.0134549695909354	0.002582913696649314	0.020694523031764292	0.00258309
XCL1	Leukocyte count	ukb-d-30000_irnt	Neale UKB, white blood cell count	rs11580138	0.020317126964268257	0.006745838908237047	3.0118013846224385	0.0025970245778885737	0.020744907170362942	0.00259717
ACE	Neutrophil count	ukb-d-30140_irnt	Neale UKB, neutrophil count	rs4277405	0.09815246595161031	0.03267859758112523	3.0035703248263634	0.0026683187308778056	0.0212503942170809	0.00266852
DLL1	Monocyte count	ukb-d-30130_irnt	Neale UKB, monocyte count	rs62428586	-0.023265205662658512	0.007760647081916828	-2.997843532515353	0.0027189722848814935	0.021588965567382396	0.00271913
SMAD5	Monocyte count	ukb-d-30130_irnt	Neale UKB, monocyte count	rs2906834	-0.011611258793951022	0.003879619682877655	-2.992885834968888	0.002763531042988099	0.02183808934415456	0.00276369
TCL1A	Leukocyte count	ukb-d-30000_irnt	Neale UKB, white blood cell count	rs78986913	0.0338895377975812	0.011324737023100648	2.9925231577962452	0.0027668167494856455	0.02183808934415456	0.00276701
ADAM9	Lymphocyte count	ukb-d-30120_irnt	Neale UKB, lymphocyte count	rs10093975	-0.04670670787226239	0.015616152121830254	-2.9909229564285416	0.0027813565656054084	0.021887708047434846	0.00278151
CD40	Lymphocyte count	ukb-d-30120_irnt	Neale UKB, lymphocyte count	rs745307	-0.015183828627413746	0.005088676069048995	-2.9838465686127664	0.0028464947015129916	0.022334035350332702	0.00284675
CHI3L1	Monocyte count	ukb-d-30130_irnt	Neale UKB, monocyte count	rs7518666	0.011601622997848558	0.003895650579322662	2.978096408191141	0.0029004473637814776	0.022690225394538285	0.00290068
ANXA2	Monocyte count	ukb-d-30130_irnt	Neale UKB, monocyte count	rs62004990	0.027246903399915718	0.009152268310972841	2.9770656272444342	0.0029102170723041	0.02269969316397198	0.00291045
FSTL1	Monocyte count	ukb-d-30130_irnt	Neale UKB, monocyte count	rs1147707	0.025329911293852328	0.008534374375550541	2.9679868938510596	0.00299757111708443	0.023253332859616758	0.00299778
TG	Monocyte count	ukb-d-30130_irnt	Neale UKB, monocyte count	rs988068	0.026962901895655	0.009084940408684955	2.9678677770829625	0.0029987329705840615	0.023253332859616758	0.00299896
IL24	Leukocyte count	ukb-d-30000_irnt	Neale UKB, white blood cell count	rs291107	-0.04777794417277494	0.01610372867936125	-2.9668870560398712	0.003008314456187211	0.02325962080993727	0.00300857
CDCP1	Leukocyte count	ukb-d-30000_irnt	Neale UKB, white blood cell count	rs1863837	-0.04991077704346832	0.01686377453795936	-2.9596444693400112	0.003079942549655712	0.023744208260717874	0.00308014
BCAT1	Leukocyte count	ukb-d-30000_irnt	Neale UKB, white blood cell count	rs11047696	0.008844474515877167	0.002991427937318441	2.956606243306493	0.0031104505177637076	0.023909897893070586	0.00311064
PDGFA	Monocyte count	ukb-d-30130_irnt	Neale UKB, monocyte count	rs12720032	-0.022727856424903624	0.0077010800607276	-2.9512556999383137	0.0031648479618597847	0.02425773640130679	0.00316512
MATN2	Monocyte count	ukb-d-30130_irnt	Neale UKB, monocyte count	rs11991498	-0.02241572745641854	0.007643429142972508	-2.932679434469269	0.003360506722029699	0.02568318105712612	0.0033607
ERN1	Monocyte count	ukb-d-30130_irnt	Neale UKB, monocyte count	rs16947438	0.021828697764947027	0.007458667582715748	2.926621614768232	0.003426655034043158	0.026113474569777168	0.00342681
PDCD1LG2	Lymphocyte count	ukb-d-30120_irnt	Neale UKB, lymphocyte count	rs16923189	0.02625855857512853	0.00899646240305747	2.918764887652339	0.003514211641499454	0.026703980725663472	0.00351439
PIK3IP1	Leukocyte count	ukb-d-30000_irnt	Neale UKB, white blood cell count	rs4820963	0.015437011008106662	0.005305031917554708	2.909880891955532	0.003615665189323991	0.027396411663106354	0.00361585
PROC	Lymphocyte count	ukb-d-30120_irnt	Neale UKB, lymphocyte count	rs971207	-0.04231798288240872	0.01457419764627931	-2.9036235070691663	0.003688714467190657	0.02787028708544052	0.00368893
DPEP2	Leukocyte count	ukb-d-30000_irnt	Neale UKB, white blood cell count	rs12934863	-0.02885951262666123	0.009977223662432859	-2.8925394080645566	0.003821412390653478	0.028739679619893953	0.00382164
RAPGEF2	Lymphocyte count	ukb-d-30120_irnt	Neale UKB, lymphocyte count	rs11100203	0.017289906370612257	0.005978100767610921	2.8922072482096968	0.003825455092693275	0.028739679619893953	0.0038256
IFI30	Neutrophil count	ukb-d-30140_irnt	Neale UKB, neutrophil count	rs12459300	-0.022106892820367426	0.007669317559951641	-2.88251107710121	0.003945192644121853	0.029555510994946764	0.0039453
DPP4	Leukocyte count	ukb-d-30000_irnt	Neale UKB, white blood cell count	rs13015258	-0.05586176258392536	0.019398147762402892	-2.8797472453630615	0.00397994097908283	0.02973184077895117	0.00398025
SPON2	Leukocyte count	ukb-d-30000_irnt	Neale UKB, white blood cell count	rs73067776	-0.04154447480391168	0.014476995785330564	-2.8696889478968	0.004108757669782026	0.030607936349050374	0.00410913
CD300E	Monocyte count	ukb-d-30130_irnt	Neale UKB, monocyte count	rs72847193	-0.02212411394453181	0.007713486424589516	-2.8682378793074985	0.004127650627962165	0.030662547522004653	0.00412791
CD207	Monocyte count	ukb-d-30130_irnt	Neale UKB, monocyte count	rs7561215	0.06227120352186536	0.02172319794518423	2.8665762600423266	0.004149381755759851	0.030737878257751747	0.00414964
HAVCR1	Leukocyte count	ukb-d-30000_irnt	Neale UKB, white blood cell count	rs1501909	-0.07323697935320746	0.02561194336020755	-2.859485448768928	0.004243288849224536	0.03126102551929315	0.00424346
DPEP2	Lymphocyte count	ukb-d-30120_irnt	Neale UKB, lymphocyte count	rs12934863	-0.028465162713465053	0.00995472033863217	-2.8594638267232644	0.0042435781247909254	0.03126102551929315	0.00424385
CD244	Leukocyte count	ukb-d-30000_irnt	Neale UKB, white blood cell count	rs12038419	0.02340954736301205	0.008238751483193437	2.84139501121816	0.004491663877205454	0.03299693241647885	0.004492
THBS4	Lymphocyte count	ukb-d-30120_irnt	Neale UKB, lymphocyte count	rs256439	-0.11492138853742426	0.040478367888418174	-2.839081576960172	0.004524358866413225	0.033145303076596334	0.0045246
PTP4A3	Leukocyte count	ukb-d-30000_irnt	Neale UKB, white blood cell count	rs3934583	-0.035735480464967606	0.012591896406090654	-2.837974464885407	0.004540081456142264	0.033168859563882325	0.00454015
GSN	Monocyte count	ukb-d-30130_irnt	Neale UKB, monocyte count	rs10760167	0.010757942820822559	0.003796307255158048	2.833791391939029	0.004599934913655401	0.03351381151377506	0.00460013
LY96	Lymphocyte count	ukb-d-30120_irnt	Neale UKB, lymphocyte count	rs10957691	0.015207657115427176	0.005373117941900625	2.830322594788938	0.004650109162835037	0.033786546574900045	0.00465029
LYPD3	Neutrophil count	ukb-d-30140_irnt	Neale UKB, neutrophil count	rs2599437	0.07577338099404328	0.026784988254331024	2.8289495696079325	0.004670105732950791	0.033839126786299176	0.00467025
CD70	Leukocyte count	ukb-d-30000_irnt	Neale UKB, white blood cell count	rs2029745	-0.07134664538538718	0.025229090432528897	-2.827951549668118	0.004684689599832037	0.03385230740805058	0.0046849
TPPP3	Leukocyte count	ukb-d-30000_irnt	Neale UKB, white blood cell count	rs149025632	-0.05065246972356662	0.017928458673526566	-2.8252551234848107	0.004724298351401757	0.034045758771514834	0.00472444
IFNG	Monocyte count	ukb-d-30130_irnt	Neale UKB, monocyte count	rs2870960	0.07801779052120027	0.02766349734809295	2.8202432085680815	0.004798726398878905	0.03448840761470693	0.00479888
RETN	Leukocyte count	ukb-d-30000_irnt	Neale UKB, white blood cell count	rs3219175	-0.025342069123528512	0.009007460316771748	-2.813453318949625	0.00490125018811205	0.0350446361484439	0.0049014
SMPD3	Leukocyte count	ukb-d-30000_irnt	Neale UKB, white blood cell count	rs2307022	0.058734868789305304	0.020877064829317626	2.813368127631813	0.004902549023783065	0.0350446361484439	0.00490275
C2CD2L	Leukocyte count	ukb-d-30000_irnt	Neale UKB, white blood cell count	rs617948	-0.018541255747970005	0.006600768979450935	-2.8089538969916052	0.004970276365917847	0.035400191263018785	0.0049705
TNFSF12	Neutrophil count	ukb-d-30140_irnt	Neale UKB, neutrophil count	rs62059804	-0.01299056549156007	0.004625627024960645	-2.8083901753126312	0.004978986176887634	0.035400191263018785	0.00497932
TPSD1	Neutrophil count	ukb-d-30140_irnt	Neale UKB, neutrophil count	rs8045644	-0.02608859937388276	0.009308241153460047	-2.8027421017326284	0.005067016990546236	0.03592975684205513	0.00506734
MAG	Leukocyte count	ukb-d-30000_irnt	Neale UKB, white blood cell count	rs10411704	0.08572690919107337	0.030663889756343637	2.795695845251938	0.0051788113510533584	0.03662455387464935	0.00517905
TREM2	Monocyte count	ukb-d-30130_irnt	Neale UKB, monocyte count	rs6934464	0.08296252609328517	0.02977796927715257	2.786037063881954	0.0053356770502726025	0.037614546406299174	0.00533593
TNFSF10	Lymphocyte count	ukb-d-30120_irnt	Neale UKB, lymphocyte count	rs3181140	-0.03682516677596121	0.013221068072272971	-2.785339775474752	0.005347165910699392	0.037614546406299174	0.00534749
IGFBP7	Lymphocyte count	ukb-d-30120_irnt	Neale UKB, lymphocyte count	rs2271808	0.032142556184867985	0.011586575871341001	2.7741203735929867	0.005535119328382798	0.03883369433563805	0.00553554
MAPKAPK2	Lymphocyte count	ukb-d-30120_irnt	Neale UKB, lymphocyte count	rs6669284	-0.05332658673323741	0.01924139904047243	-2.7714505905246325	0.005580714119004515	0.03905027399366748	0.00558097
SSH3	Lymphocyte count	ukb-d-30120_irnt	Neale UKB, lymphocyte count	rs10896172	-0.026648487171530264	0.009618710153796515	-2.7704844771741124	0.005597296811615582	0.03906323985369611	0.00559758
PDGFRB	Leukocyte count	ukb-d-30000_irnt	Neale UKB, white blood cell count	rs1075846	0.17635981094602196	0.06368805626961688	2.7691190668375985	0.005620808989923898	0.039124371236950596	0.00562121
IL4	Lymphocyte count	ukb-d-30120_irnt	Neale UKB, lymphocyte count	rs2070874	-0.0701090438335761	0.025344668931794833	-2.766224487770857	0.005670948153875699	0.0393700379687915	0.00567127
RETN	Neutrophil count	ukb-d-30140_irnt	Neale UKB, neutrophil count	rs3219175	-0.02485018953965324	0.008995221752481778	-2.7625988800995467	0.005734318973220409	0.039706041558695886	0.00573482
B3GNT7	Lymphocyte count	ukb-d-30120_irnt	Neale UKB, lymphocyte count	rs4973397	0.10250725106904784	0.03713079327887179	2.7607072733179834	0.005767634637099395	0.039832726712467695	0.00576793
BMP6	Leukocyte count	ukb-d-30000_irnt	Neale UKB, white blood cell count	rs9406052	0.054821503015481374	0.019878077176906313	2.757887623012711	0.005817619378434724	0.04007357556262049	0.00581795
IL4	Monocyte count	ukb-d-30130_irnt	Neale UKB, monocyte count	rs2070874	-0.06803935219477904	0.02469754898668282	-2.754903016144095	0.005870953528070766	0.04024258770956798	0.00587124
CTLA4	Leukocyte count	ukb-d-30000_irnt	Neale UKB, white blood cell count	rs13030124	-0.04420398194520233	0.01604607070868809	-2.754816599509825	0.005872504315084015	0.04024258770956798	0.00587286
FES	Monocyte count	ukb-d-30130_irnt	Neale UKB, monocyte count	rs8027450	-0.016599780507429978	0.006032931158779781	-2.7515282489627224	0.005931790349903432	0.04054409280397913	0.00593212
TPPP3	Monocyte count	ukb-d-30130_irnt	Neale UKB, monocyte count	rs149025632	-0.04789542778602779	0.01742964718315453	-2.747928703474729	0.005997304863916142	0.04088651028047714	0.0059975
IL12RB2	Neutrophil count	ukb-d-30140_irnt	Neale UKB, neutrophil count	rs72678531	-0.014501269129262345	0.005282490883984055	-2.7451574357143964	0.006048187488137291	0.041127674919333584	0.00604853
PRC1	Lymphocyte count	ukb-d-30120_irnt	Neale UKB, lymphocyte count	rs113028686	0.04405573286506288	0.016088091289288016	2.7384064444236866	0.006173772328784466	0.04187428188219029	0.00617419
PLXNB2	Leukocyte count	ukb-d-30000_irnt	Neale UKB, white blood cell count	rs62241220	0.023377198283001735	0.008557451930129236	2.731794285714286	0.0062990457742349015	0.042614972942017756	0.00629941
AMIGO1	Leukocyte count	ukb-d-30000_irnt	Neale UKB, white blood cell count	rs534135	0.027583878260994267	0.010147748355608596	2.7182264768862576	0.006563289640266534	0.0442896797098902	0.00656357
SLC16A1	Neutrophil count	ukb-d-30140_irnt	Neale UKB, neutrophil count	rs7169	-0.05179942792741754	0.01911310448907746	-2.710152500710666	0.0067252278758949124	0.04526726986516068	0.00672558
PTGDS	Leukocyte count	ukb-d-30000_irnt	Neale UKB, white blood cell count	rs885070	0.02109752896196654	0.0077878720708808415	2.7090235650956602	0.006748154660587424	0.04530659787310848	0.00674839
PTGR1	Lymphocyte count	ukb-d-30120_irnt	Neale UKB, lymphocyte count	rs10113961	0.03149674820463055	0.011643049918425125	2.7051973860205605	0.006826381350915289	0.04571606904703875	0.00682669
IL4R	Leukocyte count	ukb-d-30000_irnt	Neale UKB, white blood cell count	rs1110470	-0.027849479029519744	0.010325034971514544	-2.697276968683681	0.00699090974098171	0.04669998144353526	0.00699117
TNFSF10	Monocyte count	ukb-d-30130_irnt	Neale UKB, monocyte count	rs3181140	-0.03472825121073147	0.012883519128213138	-2.6955563045411535	0.007027120044520219	0.046823925522782965	0.00702749
KLRC1	Lymphocyte count	ukb-d-30120_irnt	Neale UKB, lymphocyte count	rs11053802	0.014825057304315721	0.0055091402228033765	2.6909929144573224	0.0071239707891468385	0.047350302087261695	0.00712426
GFAP	Lymphocyte count	ukb-d-30120_irnt	Neale UKB, lymphocyte count	rs9916491	0.09482818987202521	0.0352827206051657	2.6876666040923594	0.007195319780965548	0.04769363910530384	0.00719565
ACOX1	Neutrophil count	ukb-d-30140_irnt	Neale UKB, neutrophil count	rs8065144	0.008371964284227469	0.0031158312057255623	2.686912008854455	0.0072115947515938306	0.04769363910530384	0.00721191
PLAU	Monocyte count	ukb-d-30130_irnt	Neale UKB, monocyte count	rs2227551	-0.030522918416206832	0.01136382578928165	-2.685972046931239	0.0072319138826504314	0.04770904382285807	0.00723236
ASRGL1	Leukocyte count	ukb-d-30000_irnt	Neale UKB, white blood cell count	rs7110781	-0.011869732835976626	0.004422358432967377	-2.6840277684167955	0.007274106430608107	0.047868313285292056	0.00727445
JAM3	Leukocyte count	ukb-d-30000_irnt	Neale UKB, white blood cell count	rs605930	0.057185358422949265	0.021370364315213775	2.6759187433336566	0.007452471105126257	0.04892067666038325	0.00745281
SPINK8	Leukocyte count	ukb-d-30000_irnt	Neale UKB, white blood cell count	rs11713476	-0.03065515780258748	0.011488677623027304	-2.668292975785471	0.0076237746195053635	0.049921605656612904	0.00762395
DLGAP5	Monocyte count	ukb-d-30130_irnt	Neale UKB, monocyte count	rs11622636	0.09586686364956863	0.03609927027463659	2.655645472061657	0.007915678413766836	0.051705367372683865	0.00791589
MERTK	Lymphocyte count	ukb-d-30120_irnt	Neale UKB, lymphocyte count	rs55812028	-0.014788980696244508	0.005572998372335488	-2.6536847327387356	0.007961817622335499	0.05179267923029645	0.00796214
IL21R	Neutrophil count	ukb-d-30140_irnt	Neale UKB, neutrophil count	rs3093390	0.021074328453389475	0.007942603718861052	2.653327447691357	0.007970250982674454	0.05179267923029645	0.00797058
CDAN1	Lymphocyte count	ukb-d-30120_irnt	Neale UKB, lymphocyte count	rs9919994	0.07015890812788529	0.026452291769750592	2.652280896436929	0.007994999843306871	0.05179267923029645	0.0079954
SIRPB1	Leukocyte count	ukb-d-30000_irnt	Neale UKB, white blood cell count	rs6033979	0.00911407647842771	0.003436981633801658	2.651767582576982	0.00800716383273814	0.05179267923029645	0.00800756
IL18	Lymphocyte count	ukb-d-30120_irnt	Neale UKB, lymphocyte count	rs11606049	0.023255368337514182	0.008775749073853952	2.6499582134589645	0.008050172683551349	0.05192747906070534	0.00805063
HDAC9	Monocyte count	ukb-d-30130_irnt	Neale UKB, monocyte count	rs639387	0.14082309881838917	0.053155921594296135	2.649245739603546	0.008067164921949699	0.05192747906070534	0.00806752
FLT4	Lymphocyte count	ukb-d-30120_irnt	Neale UKB, lymphocyte count	rs6877400	-0.029633567389228302	0.01120796187770512	-2.6439746773385626	0.008193878594001891	0.05248832374708458	0.00819426
SCGB3A1	Lymphocyte count	ukb-d-30120_irnt	Neale UKB, lymphocyte count	rs6877400	-0.007438414486327811	0.0028133455853727595	-2.6439746773385626	0.008193878594001891	0.05248832374708458	0.00819426
BMP6	Neutrophil count	ukb-d-30140_irnt	Neale UKB, neutrophil count	rs9406052	0.05239726838215341	0.019851043569104953	2.639522108736972	0.008302300778555427	0.053054702806575885	0.00830271
CR2	Neutrophil count	ukb-d-30140_irnt	Neale UKB, neutrophil count	rs3813946	0.05537009179698578	0.021018065119216556	2.634404807622448	0.008428493396874792	0.0537316454050768	0.00842888
PDCD1LG2	Leukocyte count	ukb-d-30000_irnt	Neale UKB, white blood cell count	rs16923189	0.023688195148572993	0.009016992075250174	2.627061768590472	0.008612569855205088	0.05477346584173595	0.00861291
SERPINF1	Leukocyte count	ukb-d-30000_irnt	Neale UKB, white blood cell count	rs12943466	-0.05193178924143359	0.01981482748848757	-2.6208549769916494	0.008770956428879817	0.05564731207987865	0.00877142
SPON2	Monocyte count	ukb-d-30130_irnt	Neale UKB, monocyte count	rs73067776	-0.0368572806216512	0.014075919364723202	-2.6184634670487106	0.008832674887005343	0.05590514033493597	0.00883324
NCAM1	Lymphocyte count	ukb-d-30120_irnt	Neale UKB, lymphocyte count	rs7126367	0.017561646676335307	0.006709600277934353	2.61739089496728	0.008860480903633228	0.05594760799151266	0.00886094
ANXA1	Leukocyte count	ukb-d-30000_irnt	Neale UKB, white blood cell count	rs7867580	0.018644201054856497	0.007133374966100662	2.6136577908013763	0.00895787091254796	0.056268658292077056	0.00895839
ALDH1A1	Leukocyte count	ukb-d-30000_irnt	Neale UKB, white blood cell count	rs7867580	0.02027494713041001	0.007757307479872294	2.613657790801376	0.00895787091254796	0.056268658292077056	0.00895839
SCGB3A1	Leukocyte count	ukb-d-30000_irnt	Neale UKB, white blood cell count	rs6877400	-0.00736577884403635	0.002819762108572088	-2.612198675074168	0.00899619574503796	0.056268658292077056	0.00899663
FLT4	Leukocyte count	ukb-d-30000_irnt	Neale UKB, white blood cell count	rs6877400	-0.029344197496671196	0.011233524378017697	-2.612198675074168	0.00899619574503796	0.056268658292077056	0.00899663
BAG3	Lymphocyte count	ukb-d-30120_irnt	Neale UKB, lymphocyte count	rs196336	0.040205918982373676	0.015409140568676961	2.609225271401738	0.009074748063456095	0.05662642791596603	0.00907507
VNN2	Neutrophil count	ukb-d-30140_irnt	Neale UKB, neutrophil count	rs2300079	-0.009027030535188304	0.00346684870274859	-2.6038143885631597	0.009219266985631691	0.057393183206326866	0.00921956
IFIT1	Lymphocyte count	ukb-d-30120_irnt	Neale UKB, lymphocyte count	rs304500	-0.04543731961904735	0.017509507192453488	-2.595008478515638	0.00945885856446238	0.05874682181019726	0.00945932
CACNB3	Leukocyte count	ukb-d-30000_irnt	Neale UKB, white blood cell count	rs12369114	-0.01545991441222944	0.005966020126963659	-2.5913279008828276	0.009560634759143039	0.05924019481599845	0.00956093
CA4	Monocyte count	ukb-d-30130_irnt	Neale UKB, monocyte count	rs34820870	0.03383934137894736	0.013072264699444627	2.5886364877835604	0.009635675271844502	0.059565992589584185	0.00963607
ADAMTSL4	Lymphocyte count	ukb-d-30120_irnt	Neale UKB, lymphocyte count	rs72700822	-0.021100505629613485	0.008180708089811459	-2.5793006421892497	0.00990005835553931	0.06105803432300058	0.00990057
LPCAT2	Monocyte count	ukb-d-30130_irnt	Neale UKB, monocyte count	rs12934747	-0.00907003174560581	0.0035177325486757133	-2.5783744557329458	0.009926636330622962	0.06107990614573572	0.00992705
C9orf40	Neutrophil count	ukb-d-30140_irnt	Neale UKB, neutrophil count	rs72732904	-0.03754948665009526	0.014569303503087475	-2.5773014229635556	0.009957507693286738	0.06110211489991404	0.00995795
IL7R	Leukocyte count	ukb-d-30000_irnt	Neale UKB, white blood cell count	rs10058453	-0.021495853876271228	0.008342562599064506	-2.576648795980466	0.009976325698213717	0.06110211489991404	0.00997654
NINJ1	Lymphocyte count	ukb-d-30120_irnt	Neale UKB, lymphocyte count	rs12235416	0.015315317910912412	0.005957444904204681	2.570786328229922	0.010146790966016894	0.06191594779412575	0.0101473
SATB1	Leukocyte count	ukb-d-30000_irnt	Neale UKB, white blood cell count	rs9851736	0.03944242798837899	0.015346495112836069	2.570126123155552	0.010166149563798355	0.06191594779412575	0.0101665
PILRA	Lymphocyte count	ukb-d-30120_irnt	Neale UKB, lymphocyte count	rs2005763	0.06734422500976342	0.026209453250357923	2.569463176758323	0.010185621623779006	0.06191594779412575	0.0101859
ECE1	Neutrophil count	ukb-d-30140_irnt	Neale UKB, neutrophil count	rs1067221	0.01978547624600343	0.007701966257064119	2.568886383766809	0.010202590190811822	0.06191594779412575	0.010203
IL1RL1	Neutrophil count	ukb-d-30140_irnt	Neale UKB, neutrophil count	rs2058660	-0.0279028848458771	0.01086908226743604	-2.5671794691879946	0.010252953123938369	0.06207952439425697	0.0102534
DSC2	Leukocyte count	ukb-d-30000_irnt	Neale UKB, white blood cell count	rs1437606	-0.03668076133623354	0.014319240711890158	-2.5616415055984927	0.010417879196455537	0.06285097168066456	0.0104186
KCTD5	Neutrophil count	ukb-d-30140_irnt	Neale UKB, neutrophil count	rs11642342	-0.06317543200173967	0.024665261162086186	-2.561312105579842	0.010427763023941328	0.06285097168066456	0.0104282
GGH	Monocyte count	ukb-d-30130_irnt	Neale UKB, monocyte count	rs61518338	-0.026706693220840443	0.010444280208971148	-2.557064028012255	0.010555978577794223	0.06335396760888096	0.0105563
ANXA2	Leukocyte count	ukb-d-30000_irnt	Neale UKB, white blood cell count	rs62004990	0.024056270001090625	0.009413523994930503	2.555501001967566	0.010603505581856076	0.06335396760888096	0.0106038
IL17RB	Neutrophil count	ukb-d-30140_irnt	Neale UKB, neutrophil count	rs709324	-0.033189723898783836	0.012989450433344972	-2.5551291849563644	0.010614839421321465	0.06335396760888096	0.0106152
TIMD4	Leukocyte count	ukb-d-30000_irnt	Neale UKB, white blood cell count	rs953569	0.046495776915620596	0.018198734116410386	2.554890720321797	0.010622114042558195	0.06335396760888096	0.0106226
PRTFDC1	Lymphocyte count	ukb-d-30120_irnt	Neale UKB, lymphocyte count	rs7079390	-0.08530210498641382	0.033391430226029244	-2.554610701278654	0.0106306619856531	0.06335396760888096	0.0106311
DPP4	Neutrophil count	ukb-d-30140_irnt	Neale UKB, neutrophil count	rs13015258	-0.04946261486677553	0.01937160701181516	-2.55335630320227	0.01066902923678792	0.0634400572555192	0.0106696
THBS4	Monocyte count	ukb-d-30130_irnt	Neale UKB, monocyte count	rs256439	-0.10055523139109065	0.039444853175713605	-2.5492611404370247	0.010795143222027015	0.06394838957849844	0.0107957
CCL28	Monocyte count	ukb-d-30130_irnt	Neale UKB, monocyte count	rs7706402	-0.04518767632797132	0.017727500390718496	-2.549015672374771	0.010802744544180731	0.06394838957849844	0.0108031
PADI4	Neutrophil count	ukb-d-30140_irnt	Neale UKB, neutrophil count	rs56265095	0.016802380365722944	0.006598224336091801	2.5465003173376752	0.010880911260557236	0.06426765403785699	0.0108813
CMC1	Leukocyte count	ukb-d-30000_irnt	Neale UKB, white blood cell count	rs17021298	0.025029919692253898	0.00985443533271098	2.5399648835452964	0.011086359957386938	0.06524668671042931	0.0110866
BCAT1	Neutrophil count	ukb-d-30140_irnt	Neale UKB, neutrophil count	rs11047696	0.007585755459497138	0.002987156333425558	2.539457133399537	0.011102464996157746	0.06524668671042931	0.011103
FGFBP2	Leukocyte count	ukb-d-30000_irnt	Neale UKB, white blood cell count	rs4698433	-0.017224357898403264	0.0067842078402560995	-2.5388900670462147	0.011120476015503034	0.06524668671042931	0.0111206
ECE1	Leukocyte count	ukb-d-30000_irnt	Neale UKB, white blood cell count	rs1067221	0.019547576716555826	0.007712664293776765	2.5344778369685397	0.011261505058346888	0.06586450859803863	0.0112619
CTSB	Neutrophil count	ukb-d-30140_irnt	Neale UKB, neutrophil count	rs1296022	0.01839629382581307	0.0072602479149234045	2.5338382437326383	0.011282079768485387	0.06586450859803863	0.0112824
SLC16A1	Leukocyte count	ukb-d-30000_irnt	Neale UKB, white blood cell count	rs7169	-0.048489559051859324	0.0191410695851896	-2.5332732236331306	0.011300283337898787	0.06586450859803863	0.0113006
FCAR	Monocyte count	ukb-d-30130_irnt	Neale UKB, monocyte count	rs73065470	0.01777555985172527	0.007021916809859224	2.531439823776784	0.011359530743459523	0.06606463932380406	0.0113598
CD300E	Neutrophil count	ukb-d-30140_irnt	Neale UKB, neutrophil count	rs72847193	0.020031731919418573	0.007922173516822057	2.528565156630678	0.011452982597913497	0.06646238479139298	0.0114533
CD2AP	Lymphocyte count	ukb-d-30120_irnt	Neale UKB, lymphocyte count	rs72868252	0.04337605431536166	0.017224748801747732	2.518240167947207	0.011794286849543312	0.06829355616809796	0.0117948
GZMB	Lymphocyte count	ukb-d-30120_irnt	Neale UKB, lymphocyte count	rs2236337	-0.015352963484719675	0.006098740712900838	-2.517398952908937	0.011822487596239384	0.06830770611160533	0.0118231
RBP7	Neutrophil count	ukb-d-30140_irnt	Neale UKB, neutrophil count	rs2890358	0.028545904305896125	0.011345382589323872	2.5160812410820004	0.011866782548331622	0.0684145811264684	0.011867
TRIM25	Leukocyte count	ukb-d-30000_irnt	Neale UKB, white blood cell count	rs2586519	0.13207541517097554	0.05251497000251026	2.51500505788468	0.011903067613181717	0.06847491390489786	0.0119034
SOD2	Monocyte count	ukb-d-30130_irnt	Neale UKB, monocyte count	rs78550031	-0.012606687020408644	0.0050208961944531935	-2.510843987241921	0.01204429133885343	0.06913736067237944	0.0120445
CD79B	Neutrophil count	ukb-d-30140_irnt	Neale UKB, neutrophil count	rs12603821	-0.056009434033336095	0.022371074996070637	-2.503654117791562	0.012291813327568235	0.0704058076559632	0.0122922
EFHD1	Leukocyte count	ukb-d-30000_irnt	Neale UKB, white blood cell count	rs4524114	-0.03874554190895937	0.015484734519189955	-2.5021766993126495	0.012343230279783457	0.07054794547841751	0.0123438
KLRF1	Lymphocyte count	ukb-d-30120_irnt	Neale UKB, lymphocyte count	rs1841957	0.11786772226316333	0.04722905020195888	2.4956614998426248	0.012572251049349337	0.07170238662983751	0.0125727
PDCD1	Lymphocyte count	ukb-d-30120_irnt	Neale UKB, lymphocyte count	rs7570624	0.0293255995523453	0.01176115148937751	2.493429285289942	0.01265157822931462	0.07199996880717247	0.012652
FCN1	Neutrophil count	ukb-d-30140_irnt	Neale UKB, neutrophil count	rs12377780	0.00902542370760475	0.003622848938201242	2.49125035615918	0.01272943879425803	0.07222500278284447	0.01273
PDIA5	Leukocyte count	ukb-d-30000_irnt	Neale UKB, white blood cell count	rs9823527	0.0305637200423623	0.012270644589228405	2.490799877717279	0.012745588726384316	0.07222500278284447	0.0127462
CDH2	Monocyte count	ukb-d-30130_irnt	Neale UKB, monocyte count	rs17446875	0.013058277827384173	0.0052454819870396555	2.4894333561049464	0.012794690369070327	0.0723486542831013	0.012795
TNFRSF13B	Lymphocyte count	ukb-d-30120_irnt	Neale UKB, lymphocyte count	rs55770108	0.10955625018333437	0.04407611120100789	2.4856151597337184	0.012932773619566573	0.0729738630618948	0.0129333
CD63	Monocyte count	ukb-d-30130_irnt	Neale UKB, monocyte count	rs55927117	-0.045701439936926457	0.018400223049148047	-2.483743801086286	0.01300093058344931	0.07320269194757446	0.0130011
GRN	Monocyte count	ukb-d-30130_irnt	Neale UKB, monocyte count	rs114641762	-0.030910165744895177	0.012454157280730453	-2.481915479959496	0.013067826723116127	0.07342346709683044	0.0130683
MXRA8	Monocyte count	ukb-d-30130_irnt	Neale UKB, monocyte count	rs140427603	0.10838167913133709	0.04370325251265132	2.479945379350484	0.013140250993797897	0.07367430366924317	0.0131407
IL4	Neutrophil count	ukb-d-30140_irnt	Neale UKB, neutrophil count	rs2070874	-0.0628217949468978	0.02536565039126327	-2.476648301063694	0.013262251519034374	0.07420145786598979	0.0132629
HHEX	Monocyte count	ukb-d-30130_irnt	Neale UKB, monocyte count	rs11187167	-0.028362077085416184	0.011464985597223452	-2.473799626253766	0.013368465179678601	0.07455406298391713	0.013369
TNFRSF10B	Lymphocyte count	ukb-d-30120_irnt	Neale UKB, lymphocyte count	rs7009522	0.01597798919582114	0.006459794955991075	2.473451449260399	0.01338149848429282	0.07455406298391713	0.013382
IL18R1	Monocyte count	ukb-d-30130_irnt	Neale UKB, monocyte count	rs11676124	-0.01858762945345603	0.007521355769574831	-2.4713136863763534	0.01346176776731367	0.0747888028107037	0.0134623
DOCK9	Neutrophil count	ukb-d-30140_irnt	Neale UKB, neutrophil count	rs3737023	0.036654498161966816	0.014834899932840475	2.470828810973212	0.013480033085790488	0.0747888028107037	0.0134803
DOCK9	Leukocyte count	ukb-d-30000_irnt	Neale UKB, white blood cell count	rs3737023	0.036642037154048145	0.014855854961138167	2.4665047720175677	0.013643891043379597	0.07553987274956721	0.0136443
SIGLEC5	Monocyte count	ukb-d-30130_irnt	Neale UKB, monocyte count	rs2053924	-0.015399138426850563	0.006247045437023575	-2.465027440906134	0.013700275881752821	0.07565666189287552	0.0137009
IL2RA	Monocyte count	ukb-d-30130_irnt	Neale UKB, monocyte count	rs61839660	0.030034732527364588	0.012187650211276123	2.464357936657567	0.01372589634116439	0.07565666189287552	0.0137265
STX7	Monocyte count	ukb-d-30130_irnt	Neale UKB, monocyte count	rs7758872	0.035407923720550946	0.014371765767435898	2.4637142222829422	0.013750569770877075	0.07565666189287552	0.0137509
OTUD7B	Leukocyte count	ukb-d-30000_irnt	Neale UKB, white blood cell count	rs115650695	0.03774818889124305	0.015352399602848352	2.45878102887835	0.0139409618738493	0.0764699644674433	0.0139418
LILRA6	Monocyte count	ukb-d-30130_irnt	Neale UKB, monocyte count	rs189836555	0.023897124388207496	0.009723409094150372	2.4576899065764977	0.013983385701206164	0.0764699644674433	0.013984
CMC1	Monocyte count	ukb-d-30130_irnt	Neale UKB, monocyte count	rs17021298	-0.023547953149578388	0.009581486946532193	-2.4576512268903157	0.013984891691821266	0.0764699644674433	0.0139856
CDH2	Neutrophil count	ukb-d-30140_irnt	Neale UKB, neutrophil count	rs17446875	0.01320932477457841	0.00538736694320762	2.451907381440334	0.014210123255353313	0.07754166023291562	0.0142108
HPSE	Lymphocyte count	ukb-d-30120_irnt	Neale UKB, lymphocyte count	rs79764311	0.012478716045867625	0.005092187031642546	2.4505612162957937	0.01426337067931227	0.07767240049596744	0.014264
CXCL16	Neutrophil count	ukb-d-30140_irnt	Neale UKB, neutrophil count	rs1050998	0.013405412917730017	0.00547329588067312	2.449239582509357	0.01431581893067424	0.07779826189374607	0.0143163
ACE	Leukocyte count	ukb-d-30000_irnt	Neale UKB, white blood cell count	rs4277405	0.08007396562417426	0.03272524028737848	2.4468564606707357	0.014410821779130334	0.07815439541565163	0.0144112
ACTA2	Lymphocyte count	ukb-d-30120_irnt	Neale UKB, lymphocyte count	rs3824729	-0.006481999912698903	0.002653777589117958	-2.4425558265616902	0.014583673855048884	0.07893041441548906	0.0145844
CD59	Monocyte count	ukb-d-30130_irnt	Neale UKB, monocyte count	rs1718066	0.01077160685081994	0.0044122214710267515	2.441311462163145	0.014634027406961181	0.07904163071947261	0.0146346
FGFBP2	Neutrophil count	ukb-d-30140_irnt	Neale UKB, neutrophil count	rs4698433	-0.01652572316090181	0.00677457951311458	-2.4393725291599964	0.014712792348855697	0.07930553924627094	0.014713
LTBP3	Leukocyte count	ukb-d-30000_irnt	Neale UKB, white blood cell count	rs12789028	-0.01440465249285876	0.005913878750482723	-2.435736865873852	0.014861490997069682	0.07994457226009898	0.0148618
ANXA2	Lymphocyte count	ukb-d-30120_irnt	Neale UKB, lymphocyte count	rs62004990	0.022851878216796746	0.009392126432032646	2.4330888624815006	0.014970626285206734	0.08036862532058352	0.0149713
IL2RA	Neutrophil count	ukb-d-30140_irnt	Neale UKB, neutrophil count	rs61839660	0.030396839485916743	0.012517336258205478	2.428379238113918	0.015166475020740089	0.08125553889899538	0.015167
ANPEP	Monocyte count	ukb-d-30130_irnt	Neale UKB, monocyte count	rs11073891	-0.00749154956058148	0.0030890001201313052	-2.4252344672175132	0.015298502652419277	0.08179763918188694	0.0152992
GRAP2	Neutrophil count	ukb-d-30140_irnt	Neale UKB, neutrophil count	rs137955	0.060065673791126685	0.024788713373243013	2.423105745212323	0.015388446566324987	0.08211299857926331	0.015389
TNFRSF8	Neutrophil count	ukb-d-30140_irnt	Neale UKB, neutrophil count	rs1148462	-0.07951741440207129	0.03283345597447065	-2.4218411386209033	0.015442099521027153	0.08223383118426507	0.0154426
SLA2	Lymphocyte count	ukb-d-30120_irnt	Neale UKB, lymphocyte count	rs221309	0.10909035256757509	0.045143810536223995	2.4165074075888993	0.015670207382937784	0.08328134264439079	0.0156708
C5	Leukocyte count	ukb-d-30000_irnt	Neale UKB, white blood cell count	rs10733650	0.010402278459605613	0.004316866520303577	2.4096826739211035	0.015966400826317617	0.08467405909589289	0.0159672
HRAS	Lymphocyte count	ukb-d-30120_irnt	Neale UKB, lymphocyte count	rs1870726	-0.020685209832952786	0.008586622862467535	-2.4090041177153183	0.015996117498884743	0.08467405909589289	0.0159963
NPDC1	Lymphocyte count	ukb-d-30120_irnt	Neale UKB, lymphocyte count	rs10747042	0.01444833779004002	0.0060061527027157205	2.4055894855132656	0.016146397029433768	0.08529929267342301	0.0161469
RAB44	Neutrophil count	ukb-d-30140_irnt	Neale UKB, neutrophil count	rs12526889	-0.011507833527393764	0.004786824234933834	-2.4040643572017077	0.016213918570529895	0.08530994432251661	0.0162144
MGLL	Leukocyte count	ukb-d-30000_irnt	Neale UKB, white blood cell count	rs664910	-0.03941030267586861	0.016397778094058933	-2.4033928529711797	0.016243726470251962	0.08530994432251661	0.0162443
IL1RAP	Monocyte count	ukb-d-30130_irnt	Neale UKB, monocyte count	rs78888631	0.034618764926975666	0.014404283147621079	2.4033660385725675	0.016244917753722055	0.08530994432251661	0.016245
SIGLEC6	Neutrophil count	ukb-d-30140_irnt	Neale UKB, neutrophil count	rs2305772	0.04491398741218268	0.018710837707838122	2.400426325827616	0.016375986881808968	0.08582829488252448	0.0163765
CR2	Leukocyte count	ukb-d-30000_irnt	Neale UKB, white blood cell count	rs3813946	0.05050077327615967	0.02104744260652169	2.399378120195547	0.016422946055750565	0.08586695407651751	0.0164233
BCAT1	Lymphocyte count	ukb-d-30120_irnt	Neale UKB, lymphocyte count	rs11047696	0.007159712411041967	0.0029846843404319917	2.398817293357628	0.01644811940832236	0.08586695407651751	0.0164486
SMPDL3B	Monocyte count	ukb-d-30130_irnt	Neale UKB, monocyte count	rs7536088	0.03700554840103803	0.01543439699609905	2.3976024726065397	0.016502764283398808	0.0859829683292213	0.0165033
MGLL	Lymphocyte count	ukb-d-30120_irnt	Neale UKB, lymphocyte count	rs664910	-0.03921474292014272	0.01636074751674224	-2.396879658463868	0.016535353404123487	0.08598383770144213	0.0165356
ICAM3	Neutrophil count	ukb-d-30140_irnt	Neale UKB, neutrophil count	rs7409490	-0.016691614683421348	0.006985133826091914	-2.3895912517913884	0.01686713316469124	0.08753745039679289	0.0168679
PSRC1	Leukocyte count	ukb-d-30000_irnt	Neale UKB, white blood cell count	rs7528419	0.014040807752487505	0.005886997164735728	2.385054274629977	0.017076601783184486	0.0884514607988384	0.0170773
SMPD3	Monocyte count	ukb-d-30130_irnt	Neale UKB, monocyte count	rs2307022	0.04834722584528792	0.020297923667889902	2.3818803655159235	0.017224492210759834	0.08904357376790464	0.017225
CACNB3	Lymphocyte count	ukb-d-30120_irnt	Neale UKB, lymphocyte count	rs12369114	-0.014136954293048043	0.005952453104568305	-2.3749795327574126	0.017549923305649973	0.09054940974043527	0.0175505
HMMR	Lymphocyte count	ukb-d-30120_irnt	Neale UKB, lymphocyte count	rs4869082	0.13056660758226354	0.05502625991144351	2.3728054167663015	0.01765356132446194	0.0907593592538994	0.0176543
FSTL1	Lymphocyte count	ukb-d-30120_irnt	Neale UKB, lymphocyte count	rs1147707	0.020780042594216636	0.008758008604225683	2.3726903607048753	0.01765906085030622	0.0907593592538994	0.01766
NCR1	Leukocyte count	ukb-d-30000_irnt	Neale UKB, white blood cell count	rs1671160	-0.062021282994171034	0.026302515864041736	-2.3579981213493175	0.018373785942875642	0.09425005864701393	0.0183743
CRIP2	Monocyte count	ukb-d-30130_irnt	Neale UKB, monocyte count	rs7143148	0.015519120561832871	0.006587015044362063	2.356017172773265	0.018472063722577037	0.09451218657477845	0.0184727
PINLYP	Neutrophil count	ukb-d-30140_irnt	Neale UKB, neutrophil count	rs915927	-0.03682281472196634	0.01563247790767525	-2.355532816962245	0.01849616320976999	0.09451218657477845	0.0184965
CRTAP	Lymphocyte count	ukb-d-30120_irnt	Neale UKB, lymphocyte count	rs55680037	-0.04163786426446259	0.017690200870174345	-2.353724786396517	0.018586366356815542	0.09479046841975926	0.0185866
F11R	Lymphocyte count	ukb-d-30120_irnt	Neale UKB, lymphocyte count	rs2250174	-0.03804093753479379	0.016173122488788143	-2.352108416984122	0.01866733311548563	0.09502066683736639	0.0186681
THBS4	Leukocyte count	ukb-d-30000_irnt	Neale UKB, white blood cell count	rs256439	-0.09519457367333489	0.04056931113034137	-2.346467588949023	0.018952314461855302	0.09628647117402347	0.0189527
MAPT	Lymphocyte count	ukb-d-30120_irnt	Neale UKB, lymphocyte count	rs17698176	0.11941795954217611	0.05092001382864868	2.345206738239121	0.01901653190573338	0.09642799734991381	0.0190169
CCL8	Neutrophil count	ukb-d-30140_irnt	Neale UKB, neutrophil count	rs11655679	0.12434265990852514	0.05304426128012135	2.3441302962423056	0.019071507539833554	0.0965222099153408	0.0190722
IL6	Leukocyte count	ukb-d-30000_irnt	Neale UKB, white blood cell count	rs10265117	-0.06914093198792216	0.029510904701089136	-2.342894353400505	0.019134800449888356	0.09665807770115033	0.0191355
UPB1	Neutrophil count	ukb-d-30140_irnt	Neale UKB, neutrophil count	rs1008931	0.012297604272573622	0.005250616901426516	2.342125602275904	0.019174260925034492	0.09667326991101041	0.0191748
LYPD3	Leukocyte count	ukb-d-30000_irnt	Neale UKB, white blood cell count	rs2599437	0.06271196177036208	0.02682236275127927	2.33804763405383	0.01938477725289256	0.09743460207867502	0.0193852
LILRB2	Monocyte count	ukb-d-30130_irnt	Neale UKB, monocyte count	rs12984962	-0.027034735335349478	0.011564284624407317	-2.337778445740654	0.019398744305256566	0.09743460207867502	0.0193995
SPON2	Neutrophil count	ukb-d-30140_irnt	Neale UKB, neutrophil count	rs73067776	-0.03377198952320905	0.014456711551154704	-2.3360768736173316	0.01948723537352448	0.09769404198598662	0.0194881
ARID3A	Lymphocyte count	ukb-d-30120_irnt	Neale UKB, lymphocyte count	rs71335282	0.09155617680459484	0.03927083353517817	2.3314039596990046	0.019732068937281078	0.09873480532390456	0.0197324
TYMP	Leukocyte count	ukb-d-30000_irnt	Neale UKB, white blood cell count	rs140522	-0.009078484157447735	0.003895907399701492	-2.3302617916799915	0.01979231886950661	0.09884977333697087	0.0197929
NAMPT	Monocyte count	ukb-d-30130_irnt	Neale UKB, monocyte count	rs2110385	0.05368144406847653	0.023053033359720813	2.3286065322002663	0.019879919698046145	0.09910065232935786	0.0198806
PSRC1	Monocyte count	ukb-d-30130_irnt	Neale UKB, monocyte count	rs7528419	0.013313224731963148	0.0057236874179834455	2.325987385358236	0.02001922365040887	0.0994440907785083	0.0200198
SERPINF1	Neutrophil count	ukb-d-30140_irnt	Neale UKB, neutrophil count	rs12943466	-0.04600170094871036	0.019786709582995613	-2.3248787655044727	0.02007844372158729	0.0994440907785083	0.0200794
IL12RB1	Leukocyte count	ukb-d-30000_irnt	Neale UKB, white blood cell count	rs447259	-0.01347001709442055	0.005795506107698465	-2.3242175651454566	0.020113836349593184	0.0994440907785083	0.0201145
IL24	Neutrophil count	ukb-d-30140_irnt	Neale UKB, neutrophil count	rs291107	-0.03737233010708916	0.01608015064680167	-2.324128108496452	0.020118628949779005	0.0994440907785083	0.0201192
ADM	Neutrophil count	ukb-d-30140_irnt	Neale UKB, neutrophil count	rs7107290	-0.016457737779784327	0.007083329690668726	-2.3234465284688137	0.020155177029801852	0.0994440907785083	0.0201553
RARRES2	Monocyte count	ukb-d-30130_irnt	Neale UKB, monocyte count	rs11769348	0.08701540931273609	0.03745659826276206	2.3230996232576606	0.020173801221281096	0.0994440907785083	0.0201744
ICA1	Lymphocyte count	ukb-d-30120_irnt	Neale UKB, lymphocyte count	rs2302551	-0.05499404965605494	0.023685624692483236	-2.3218323506370346	0.020241964578649352	0.09959497228678679	0.0202428
ANXA11	Leukocyte count	ukb-d-30000_irnt	Neale UKB, white blood cell count	rs11591611	0.019166659031993525	0.0082732940549372	2.316690172586766	0.020520615295320344	0.10077902178368436	0.0205211
HPSE	Monocyte count	ukb-d-30130_irnt	Neale UKB, monocyte count	rs79764311	0.01147016514624057	0.00496217219902822	2.3115209803655863	0.020804095670770684	0.10198236916614391	0.0208046
PDIA5	Neutrophil count	ukb-d-30140_irnt	Neale UKB, neutrophil count	rs9823527	0.028283282726752956	0.012253307871984408	2.3082161178222735	0.02098711914594098	0.10259657779310272	0.0209879
CTLA4	Neutrophil count	ukb-d-30140_irnt	Neale UKB, neutrophil count	rs13030124	-0.0369807505306811	0.01602380764377428	-2.3078628596149686	0.02100676536261492	0.10259657779310272	0.0210073
PI3	Leukocyte count	ukb-d-30000_irnt	Neale UKB, white blood cell count	rs979641	0.017256167609064288	0.007481799120163511	2.306419529837252	0.021087201765444874	0.10280010860654376	0.0210877
CTSH	Lymphocyte count	ukb-d-30120_irnt	Neale UKB, lymphocyte count	rs34843303	0.010547520617027238	0.004577395027116616	2.3042626984438597	0.021207901524700645	0.1030534823432383	0.0212085
SELP	Monocyte count	ukb-d-30130_irnt	Neale UKB, monocyte count	rs10919218	0.04528098368331499	0.019652330885780108	2.3041024470068883	0.021216893423607885	0.1030534823432383	0.0212178
AMIGO1	Monocyte count	ukb-d-30130_irnt	Neale UKB, monocyte count	rs534135	0.022714688901178566	0.009866200212963167	2.3022732572701914	0.021319766965707032	0.10336384276609699	0.0213201
SHD	Lymphocyte count	ukb-d-30120_irnt	Neale UKB, lymphocyte count	rs4807567	0.02484738038572533	0.01080492862107761	2.2996339223615547	0.02146896856672975	0.10389727123899142	0.0214699
STX7	Lymphocyte count	ukb-d-30120_irnt	Neale UKB, lymphocyte count	rs7758872	0.03388468491847859	0.014748326352665224	2.297527469098564	0.021588697910407184	0.10428638772021831	0.0215894
PVR	Lymphocyte count	ukb-d-30120_irnt	Neale UKB, lymphocyte count	rs79572806	0.04290190260081637	0.018682729053650142	2.296340244383858	0.021656434738203778	0.10442339077402985	0.0216566
HIF1A	Lymphocyte count	ukb-d-30120_irnt	Neale UKB, lymphocyte count	rs111522409	0.03369451157476128	0.014678462196706344	2.295506921857379	0.02170409018705266	0.10446324351372714	0.021705
CA4	Neutrophil count	ukb-d-30140_irnt	Neale UKB, neutrophil count	rs34820870	0.030792917248969962	0.013425912676065497	2.293543686148413	0.02181672326187223	0.10463278644514809	0.0218172
LTBR	Leukocyte count	ukb-d-30000_irnt	Neale UKB, white blood cell count	rs2364480	-0.021605044518996492	0.009420047481292007	-2.293517581721706	0.021818224322838198	0.10463278644514809	0.0218188
BCL7A	Lymphocyte count	ukb-d-30120_irnt	Neale UKB, lymphocyte count	rs10840637	-0.0290165432902734	0.01266264931599087	-2.2915065059592403	0.021934136022567774	0.10499878832463852	0.0219346
HS3ST3B1	Lymphocyte count	ukb-d-30120_irnt	Neale UKB, lymphocyte count	rs4792444	-0.034743759450053466	0.015196831410365822	-2.286250239398892	0.022239623167521705	0.10626933448696858	0.0222403
COQ7	Leukocyte count	ukb-d-30000_irnt	Neale UKB, white blood cell count	rs4630530	-0.023867029484206697	0.01044854428627471	-2.284244467964654	0.02235716750966832	0.10663886373316615	0.0223578
PDIA5	Monocyte count	ukb-d-30130_irnt	Neale UKB, monocyte count	rs9823527	0.027232180878641106	0.011930601608898802	2.2825488413198842	0.022456957378592435	0.10692253315624262	0.0224574
RAB27B	Neutrophil count	ukb-d-30140_irnt	Neale UKB, neutrophil count	rs7244800	-0.04073084377654225	0.01787490716478765	-2.2786604372849126	0.022687258254986187	0.107825463964558	0.0226877
CCL25	Leukocyte count	ukb-d-30000_irnt	Neale UKB, white blood cell count	rs34557377	-0.10576242275421777	0.04647898991151849	-2.2754888381945575	0.022876621505925954	0.10853094853974174	0.022877
HBEGF	Leukocyte count	ukb-d-30000_irnt	Neale UKB, white blood cell count	rs73257091	0.03874662322798882	0.017124469993418216	2.2626465661641544	0.0236574851540583	0.11200706823932056	0.0236581
NAMPT	Neutrophil count	ukb-d-30140_irnt	Neale UKB, neutrophil count	rs2110385	0.053543563310267224	0.023676643836044103	2.26145072253675	0.023731360860445028	0.11200706823932056	0.0237318
FOLR3	Lymphocyte count	ukb-d-30120_irnt	Neale UKB, lymphocyte count	rs146694036	0.008235997295085663	0.0036420305538711517	2.2613751239213347	0.023736037839554358	0.11200706823932056	0.0237367
SNX2	Monocyte count	ukb-d-30130_irnt	Neale UKB, monocyte count	rs4836231	-0.05641727619391048	0.02498879174012109	-2.2577032447442815	0.023964166812155074	0.11288271826968962	0.0239646
IL21R	Leukocyte count	ukb-d-30000_irnt	Neale UKB, white blood cell count	rs3093390	0.017950691106326067	0.0079539352696774	2.256831429689787	0.024018610023740283	0.11293857053716176	0.0240193
IL1R2	Neutrophil count	ukb-d-30140_irnt	Neale UKB, neutrophil count	rs35252180	-0.021690173693676696	0.009616453393845432	-2.2555273556006097	0.024100247201582103	0.11302340611040693	0.0241013
PRC1	Monocyte count	ukb-d-30130_irnt	Neale UKB, monocyte count	rs113028686	0.03535532567419074	0.015677369249831794	2.255182302003257	0.024121888332764074	0.11302340611040693	0.0241224
FLT4	Monocyte count	ukb-d-30130_irnt	Neale UKB, monocyte count	rs6877400	-0.024595664436269708	0.010921817160421095	-2.2519754794468114	0.02432382161456248	0.11356826570742905	0.0243243
SCGB3A1	Monocyte count	ukb-d-30130_irnt	Neale UKB, monocyte count	rs6877400	-0.006173834700377958	0.0027415195044195313	-2.2519754794468114	0.02432382161456248	0.11356826570742905	0.0243243
HMMR	Leukocyte count	ukb-d-30000_irnt	Neale UKB, white blood cell count	rs4869082	0.12402982835193627	0.055151376779149754	2.248898134467358	0.02451897772890499	0.11427825823735681	0.0245194
PADI4	Monocyte count	ukb-d-30130_irnt	Neale UKB, monocyte count	rs56265095	-0.01442980353502871	0.00642445628645584	-2.2460738919571908	0.024699275320724023	0.11491662833431598	0.0246996
SLC16A1	Monocyte count	ukb-d-30130_irnt	Neale UKB, monocyte count	rs7169	-0.04174238036274613	0.018609732759058948	-2.2430402898948962	0.024894216510151113	0.11562077440441464	0.0248949
MAP1LC3A	Neutrophil count	ukb-d-30140_irnt	Neale UKB, neutrophil count	rs6059919	0.010229415228717861	0.0045654055367902804	2.240636707141175	0.0250496169715404	0.11602426460728765	0.0250501
C5	Monocyte count	ukb-d-30130_irnt	Neale UKB, monocyte count	rs10733650	0.009402808141005269	0.004197325733839582	2.2401902395132613	0.02507857505280997	0.11602426460728765	0.0250796
WASF1	Monocyte count	ukb-d-30130_irnt	Neale UKB, monocyte count	rs6938106	-0.037459691431731036	0.01672553898368906	-2.2396702114211187	0.02511234083129077	0.11602426460728765	0.0251131
CLEC6A	Lymphocyte count	ukb-d-30120_irnt	Neale UKB, lymphocyte count	rs4883149	-0.019759892580862668	0.008827629858092427	-2.2384142627761476	0.025194052784706766	0.11619935301746495	0.0251947
PZP	Neutrophil count	ukb-d-30140_irnt	Neale UKB, neutrophil count	rs2159959	0.007255318485199167	0.0032422741030658157	2.23772520600239	0.025238980475518424	0.11620447260603275	0.0252395
SLAMF1	Lymphocyte count	ukb-d-30120_irnt	Neale UKB, lymphocyte count	rs11265461	-0.03493267792436819	0.01562715382368597	-2.2353832513903438	0.025392198716549297	0.1167072980871555	0.0253928
LILRA6	Neutrophil count	ukb-d-30140_irnt	Neale UKB, neutrophil count	rs189836555	0.02228503758921831	0.009986461227212605	2.231524969875485	0.02564637540498116	0.11767160479932533	0.0256472
PINLYP	Leukocyte count	ukb-d-30000_irnt	Neale UKB, white blood cell count	rs915927	-0.03485691388578333	0.015654767032802042	-2.2266006139054184	0.025973977900572764	0.1188826558536497	0.0259747
LILRB2	Lymphocyte count	ukb-d-30120_irnt	Neale UKB, lymphocyte count	rs12984962	0.02641914907605634	0.011867309955097893	2.2262121050194152	0.025999977524553852	0.1188826558536497	0.0260004
CD80	Lymphocyte count	ukb-d-30120_irnt	Neale UKB, lymphocyte count	rs12494451	-0.13396009100644043	0.06043831823098113	-2.2164761516770914	0.026658909404438935	0.12168576203196568	0.02666
CFH	Leukocyte count	ukb-d-30000_irnt	Neale UKB, white blood cell count	rs203680	0.05252067407616326	0.023706782921903553	2.2154281434634266	0.026730691391533945	0.12180376902121652	0.0267319
PSTPIP2	Neutrophil count	ukb-d-30140_irnt	Neale UKB, neutrophil count	rs920295	0.03346145371720377	0.015108885368008017	2.2146871130583863	0.02678154800871302	0.12182618408080091	0.0267818
PFKFB2	Lymphocyte count	ukb-d-30120_irnt	Neale UKB, lymphocyte count	rs1564879	-0.07368456692460393	0.03332807746902448	-2.210885611181361	0.027043759330349637	0.12262581288425525	0.0270446
PROC	Leukocyte count	ukb-d-30000_irnt	Neale UKB, white blood cell count	rs971207	-0.032287144354654025	0.014607037106108606	-2.2103828531490253	0.027078602803632723	0.12262581288425525	0.0270795
TGFB2	Neutrophil count	ukb-d-30140_irnt	Neale UKB, neutrophil count	rs12034138	-0.10377953945076217	0.04696649701058359	-2.2096504115982105	0.02712943375866761	0.12262581288425525	0.02713
C3	Lymphocyte count	ukb-d-30120_irnt	Neale UKB, lymphocyte count	rs339392	-0.0627518693381792	0.02840138191045992	-2.20946535404562	0.027142289654245033	0.12262581288425525	0.0271425
RNASE1	Lymphocyte count	ukb-d-30120_irnt	Neale UKB, lymphocyte count	rs72669447	0.02641118334413609	0.011972358742235331	2.206013360672562	0.02738306424032677	0.12350320810433095	0.0273829
PPP3R1	Neutrophil count	ukb-d-30140_irnt	Neale UKB, neutrophil count	rs2122126	-0.016215540936650445	0.0073567073171901115	-2.204184594752093	0.027511364730583132	0.12379064573836165	0.0275125
IGF1R	Lymphocyte count	ukb-d-30120_irnt	Neale UKB, lymphocyte count	rs2654980	0.030244547188752368	0.013723970556137331	2.203775289741282	0.02754015120121922	0.12379064573836165	0.027541
RELB	Lymphocyte count	ukb-d-30120_irnt	Neale UKB, lymphocyte count	rs8111826	-0.10559153685727016	0.047980322670340185	-2.200725859697965	0.027755436974414405	0.1245472400273215	0.0277556
TNFAIP8L2	Leukocyte count	ukb-d-30000_irnt	Neale UKB, white blood cell count	rs61819214	0.04319150981362323	0.019693812811776883	2.193151231121418	0.028296484923478138	0.12657763387559168	0.028297
QPCT	Monocyte count	ukb-d-30130_irnt	Neale UKB, monocyte count	rs7593932	0.032893113911508925	0.014998759341904411	2.193055649583644	0.028303369867355155	0.12657763387559168	0.0283041
BST1	Neutrophil count	ukb-d-30140_irnt	Neale UKB, neutrophil count	rs34559912	0.010834782841522608	0.0049436887036347025	2.191639379226417	0.028405556138936028	0.12678869101617835	0.028406
CD72	Lymphocyte count	ukb-d-30120_irnt	Neale UKB, lymphocyte count	rs10814260	0.03944165796495189	0.0180010323596002	2.191077554722416	0.02844618067670668	0.12678869101617835	0.0284472
IFIT3	Monocyte count	ukb-d-30130_irnt	Neale UKB, monocyte count	rs4934475	-0.04829439476900908	0.022049389789286118	-2.1902825987717587	0.02850374804319955	0.1268321137761161	0.0285049
SERPINE1	Lymphocyte count	ukb-d-30120_irnt	Neale UKB, lymphocyte count	rs2227667	-0.06773956926905719	0.030937442571323928	-2.1895658994077727	0.028555734387567977	0.12685059898799042	0.0285562
KCTD5	Lymphocyte count	ukb-d-30120_irnt	Neale UKB, lymphocyte count	rs11642342	-0.053897217639208336	0.024644933790215973	-2.18694917576145	0.028746234445819807	0.12748330058580956	0.0287468
PF4	Lymphocyte count	ukb-d-30120_irnt	Neale UKB, lymphocyte count	rs11574452	0.07605399755067394	0.03488468822695517	2.1801541425818884	0.02924603752618804	0.12937371127753605	0.0292469
COQ7	Neutrophil count	ukb-d-30140_irnt	Neale UKB, neutrophil count	rs4630530	-0.022745028945822837	0.010434313533724912	-2.1798299305755253	0.029270070424781913	0.12937371127753605	0.0292705
PZP	Lymphocyte count	ukb-d-30120_irnt	Neale UKB, lymphocyte count	rs2159959	-0.007050214120258401	0.0032395948911357053	-2.176264118562925	0.029535516918641314	0.130329768499562	0.0295359
PCDH12	Monocyte count	ukb-d-30130_irnt	Neale UKB, monocyte count	rs108043	-0.036901994257495706	0.01699796811466427	-2.170965024087796	0.029933816358574727	0.13185463986689364	0.0299351
IL1R1	Leukocyte count	ukb-d-30000_irnt	Neale UKB, white blood cell count	rs12624116	0.04876051427093739	0.02246668428099238	2.1703475982964933	0.029980523318151153	0.13185463986689364	0.0299813
CLEC10A	Lymphocyte count	ukb-d-30120_irnt	Neale UKB, lymphocyte count	rs10459916	0.017577620639044698	0.00810978144165953	2.167459230004568	0.030199855181765045	0.13241044990061251	0.0302002
FKBP1B	Neutrophil count	ukb-d-30140_irnt	Neale UKB, neutrophil count	rs12713147	0.0324705782893614	0.014981567041777314	2.1673686203061777	0.03020675799014727	0.13241044990061251	0.0302072
CD63	Neutrophil count	ukb-d-30140_irnt	Neale UKB, neutrophil count	rs55927117	-0.040916888554150536	0.018897958242581003	-2.165148638224649	0.030376304211950478	0.1329339253631892	0.0303767
SEZ6	Monocyte count	ukb-d-30130_irnt	Neale UKB, monocyte count	rs4795461	-0.15710537913087844	0.07258361018882835	-2.164474579346002	0.03042794550113559	0.13294054607744907	0.0304285
TGFBR3	Lymphocyte count	ukb-d-30120_irnt	Neale UKB, lymphocyte count	rs36048657	-0.04932759068912282	0.022820654401818005	-2.161532698430994	0.03065421392840273	0.13370884101665137	0.0306549
TACC3	Lymphocyte count	ukb-d-30120_irnt	Neale UKB, lymphocyte count	rs1794002	-0.00786805021416095	0.0036440490504770088	-2.1591504683865375	0.030838495332129234	0.13429177277636573	0.030839
CD8A	Neutrophil count	ukb-d-30140_irnt	Neale UKB, neutrophil count	rs1515950	0.027000935756675684	0.012537474531186733	2.1536183933623443	0.03127011061793605	0.13576594268780523	0.0312709
TGFA	Leukocyte count	ukb-d-30000_irnt	Neale UKB, white blood cell count	rs113971512	0.02912111086465908	0.013522689389434623	2.153499945610791	0.03127940836434728	0.13576594268780523	0.0312802
TSPAN15	Neutrophil count	ukb-d-30140_irnt	Neale UKB, neutrophil count	rs17569412	-0.024645556873940103	0.01145019944146238	-2.15241289026774	0.03136484935389827	0.13591434720022583	0.0313661
NFE2	Neutrophil count	ukb-d-30140_irnt	Neale UKB, neutrophil count	rs35979828	-0.006592896836170489	0.003068265545151485	-2.148737369419891	0.0316552246242654	0.1369488673793668	0.0316556
DRAXIN	Leukocyte count	ukb-d-30000_irnt	Neale UKB, white blood cell count	rs12139487	-0.02233157668488643	0.01042149401895838	-2.142838315145764	0.03212608352062585	0.13863561694618862	0.032127
SNCA	Monocyte count	ukb-d-30130_irnt	Neale UKB, monocyte count	rs2245801	0.021079350227046253	0.00984046915222998	2.1421082573354133	0.03218477159589872	0.13863561694618862	0.0321855
BANK1	Neutrophil count	ukb-d-30140_irnt	Neale UKB, neutrophil count	rs976654	-0.06875110833994355	0.03210535975653887	-2.1414215215557917	0.03224006092438625	0.13863561694618862	0.0322411
RAB44	Leukocyte count	ukb-d-30000_irnt	Neale UKB, white blood cell count	rs12526889	-0.010264055618945379	0.004793610989661472	-2.141194944913591	0.03225832053305755	0.13863561694618862	0.0322589
XCL1	Lymphocyte count	ukb-d-30120_irnt	Neale UKB, lymphocyte count	rs11580138	0.014406381118010663	0.006730147793939466	2.1405742576684106	0.03230838655588664	0.13863561694618862	0.0323095
ASGR2	Monocyte count	ukb-d-30130_irnt	Neale UKB, monocyte count	rs552653	0.008024959926670475	0.0037500679836644656	2.139950518664651	0.03235876579550934	0.13863561694618862	0.0323594
TGFA	Neutrophil count	ukb-d-30140_irnt	Neale UKB, neutrophil count	rs113971512	0.028880937133552807	0.013503088624057247	2.138839337993992	0.03244868233471965	0.13879662185754274	0.0324496
STAM	Lymphocyte count	ukb-d-30120_irnt	Neale UKB, lymphocyte count	rs2570287	0.02601421798267391	0.012169108253101505	2.137725907405232	0.03253899554051154	0.13895880221165313	0.0325394
TCL1A	Neutrophil count	ukb-d-30140_irnt	Neale UKB, neutrophil count	rs78986913	0.024158758257032432	0.011307012470203473	2.1366172824781264	0.032629132775204406	0.13911971080360463	0.0326295
BLNK	Monocyte count	ukb-d-30130_irnt	Neale UKB, monocyte count	rs4917727	-0.08242294489901066	0.038675447066027664	-2.131143946656808	0.033077285193128914	0.14069705955829973	0.0330781
LTA4H	Lymphocyte count	ukb-d-30120_irnt	Neale UKB, lymphocyte count	rs6538697	-0.01421774884087048	0.006673194479279031	-2.130576125874659	0.03312407813104867	0.14069705955829973	0.0331246
C9orf40	Leukocyte count	ukb-d-30000_irnt	Neale UKB, white blood cell count	rs72732904	-0.03107573092092901	0.014589641075417343	-2.1299859784275106	0.03317277099235305	0.14069705955829973	0.0331734
TGFBR2	Monocyte count	ukb-d-30130_irnt	Neale UKB, monocyte count	rs3821669	-0.017505680756552136	0.008220483595579814	-2.1295195778950293	0.03321129686406321	0.14069705955829973	0.0332124
IGF2R	Monocyte count	ukb-d-30130_irnt	Neale UKB, monocyte count	rs6455672	0.06393704566791174	0.03004608044981045	2.1279662675041227	0.03333988048708014	0.14101652799320022	0.0333403
LRP1	Leukocyte count	ukb-d-30000_irnt	Neale UKB, white blood cell count	rs55909821	-0.10257687147420476	0.04823291242155641	-2.126698686110457	0.03344512676410538	0.14102575155495595	0.0334464
TGFB2	Leukocyte count	ukb-d-30000_irnt	Neale UKB, white blood cell count	rs12034138	-0.09999711940895799	0.047028778382880644	-2.1262963412496125	0.03347859251039598	0.14102575155495595	0.0334796
CALB1	Neutrophil count	ukb-d-30140_irnt	Neale UKB, neutrophil count	rs10095826	0.04003762139589488	0.018836569917714117	2.1255261213052945	0.03354273683194098	0.14102575155495595	0.0335436
OTUD7B	Lymphocyte count	ukb-d-30120_irnt	Neale UKB, lymphocyte count	rs115650695	-0.03255860146712812	0.015318942619418763	-2.125381775753624	0.03355476969501403	0.14102575155495595	0.0335552
IL2RB	Lymphocyte count	ukb-d-30120_irnt	Neale UKB, lymphocyte count	rs228960	0.07526445009491387	0.03547282389210745	2.121749605383401	0.03385877057684561	0.14207825881296607	0.0338595
CLIC5	Neutrophil count	ukb-d-30140_irnt	Neale UKB, neutrophil count	rs3798269	-0.03782020374560973	0.017835269674286554	-2.1205288418002355	0.033961471888801054	0.14213555077787407	0.0339617
SPINK2	Lymphocyte count	ukb-d-30120_irnt	Neale UKB, lymphocyte count	rs6818605	0.02469899422963068	0.011653462031854566	2.119455502761012	0.03405199046357166	0.14213555077787407	0.0340526
GFAP	Monocyte count	ukb-d-30130_irnt	Neale UKB, monocyte count	rs9916491	-0.072867991424557	0.034382074022118875	-2.1193599716433376	0.034060056934703375	0.14213555077787407	0.0340604
NGFR	Neutrophil count	ukb-d-30140_irnt	Neale UKB, neutrophil count	rs2671661	-0.08101976186665918	0.03823412253644585	-2.119043317639338	0.034086806295146266	0.14213555077787407	0.0340879
ECE1	Monocyte count	ukb-d-30130_irnt	Neale UKB, monocyte count	rs1067221	0.015877188851254064	0.007499137682752756	2.117201940133725	0.034242712818639554	0.142504057284419	0.0342436
OPLAH	Leukocyte count	ukb-d-30000_irnt	Neale UKB, white blood cell count	rs10098685	0.06763643069125946	0.03195324200013334	2.1167314005563886	0.034282650281847404	0.142504057284419	0.0342839
IL1R1	Lymphocyte count	ukb-d-30120_irnt	Neale UKB, lymphocyte count	rs12624116	0.04743300979973167	0.022416446870226522	2.1159914447785253	0.034345535197224164	0.14254203340068622	0.0343463
SERPINE1	Leukocyte count	ukb-d-30000_irnt	Neale UKB, white blood cell count	rs2227667	-0.06556354937334669	0.031006844075274247	-2.1144863764329034	0.034473747145359335	0.14285058973358272	0.0344747
CCL25	Neutrophil count	ukb-d-30140_irnt	Neale UKB, neutrophil count	rs34557377	-0.09810100085516414	0.04641272118710497	-2.1136662179251826	0.03454378578419437	0.14291750374365594	0.0345446
CTSB	Leukocyte count	ukb-d-30000_irnt	Neale UKB, white blood cell count	rs1296022	0.015346509085929452	0.007270925196399204	2.1106679922287657	0.034800859008055074	0.14375681945383498	0.0348017
TNFRSF13B	Monocyte count	ukb-d-30130_irnt	Neale UKB, monocyte count	rs55770108	0.0904636915988451	0.04295088259340371	2.106212634911914	0.035185886123548116	0.14512125971951725	0.0351868
BAG3	Monocyte count	ukb-d-30130_irnt	Neale UKB, monocyte count	rs196336	-0.0315779825258219	0.015015768673687696	-2.1029880795351064	0.03546681152345732	0.1459714472355444	0.0354675
CD300LF	Lymphocyte count	ukb-d-30120_irnt	Neale UKB, lymphocyte count	rs34840376	0.01883540079060946	0.008958213439046608	2.1025845073651257	0.03550210537968557	0.1459714472355444	0.0355026
GZMH	Monocyte count	ukb-d-30130_irnt	Neale UKB, monocyte count	rs4982988	-0.037944225522738004	0.018059511764698107	-2.1010659655212613	0.03563517602481836	0.1462532462451236	0.0356361
TNFRSF1A	Neutrophil count	ukb-d-30140_irnt	Neale UKB, neutrophil count	rs1800692	0.02000437912888474	0.009526109338109677	2.0999527108991094	0.035733001221607275	0.1462532462451236	0.0357339
JMJD1C	Monocyte count	ukb-d-30130_irnt	Neale UKB, monocyte count	rs9919429	0.09317477872487526	0.04438273510794325	2.0993473813244017	0.03578628951136187	0.1462532462451236	0.0357866
NCR1	Lymphocyte count	ukb-d-30120_irnt	Neale UKB, lymphocyte count	rs1671160	-0.0550869584011058	0.026245245730276968	-2.0989309441883615	0.03582298858730226	0.1462532462451236	0.0358237
EFHD1	Neutrophil count	ukb-d-30140_irnt	Neale UKB, neutrophil count	rs4524114	-0.0324562005102272	0.01546516014262443	-2.098665659515078	0.03584638388360872	0.1462532462451236	0.0358468
BCL7A	Leukocyte count	ukb-d-30000_irnt	Neale UKB, white blood cell count	rs10840637	-0.026626273990880463	0.012691299530607632	-2.0979942933870426	0.03590564948143049	0.1462700190856431	0.0359062
XCL1	Neutrophil count	ukb-d-30140_irnt	Neale UKB, neutrophil count	rs11580138	0.014104023036460411	0.006735735562631509	2.0939098492385395	0.03626801172703109	0.14751958144185037	0.0362685
DSG2	Leukocyte count	ukb-d-30000_irnt	Neale UKB, white blood cell count	rs1460602	-0.09468004753825514	0.045286235319755654	-2.09070254724733	0.03655473651909236	0.1484581336119953	0.0365553
GPRC5C	Leukocyte count	ukb-d-30000_irnt	Neale UKB, white blood cell count	rs2706530	0.009475390568081759	0.004542120932630208	2.0861158715549304	0.03696812834390739	0.14990745622024831	0.0369692
MARCO	Lymphocyte count	ukb-d-30120_irnt	Neale UKB, lymphocyte count	rs4491733	-0.007210600327568249	0.0034656860044745023	-2.0805694221169304	0.03747333516795592	0.1517240990311742	0.037474
MXRA8	Lymphocyte count	ukb-d-30120_irnt	Neale UKB, lymphocyte count	rs140427603	0.09313945839570198	0.044848424623183905	2.0767609827604634	0.037823625001921934	0.15279116332145104	0.0378251
IL1B	Leukocyte count	ukb-d-30000_irnt	Neale UKB, white blood cell count	rs6542082	-0.0757142193369512	0.0364678635571772	-2.0761901562519682	0.03787636734581845	0.15279116332145104	0.0378774
FAM3D	Leukocyte count	ukb-d-30000_irnt	Neale UKB, white blood cell count	rs12489751	0.0320546178576025	0.015441835599541444	2.0758294990884627	0.037909723026212205	0.15279116332145104	0.0379105
ACE	Monocyte count	ukb-d-30130_irnt	Neale UKB, monocyte count	rs4277405	0.06600833265695398	0.03181816589169556	2.074548636198479	0.038028386709701545	0.15292125204254473	0.0380286
PPM1F	Lymphocyte count	ukb-d-30120_irnt	Neale UKB, lymphocyte count	rs62234965	-0.007752919225117495	0.0037377213964369283	-2.074236788356711	0.0380573251689591	0.15292125204254473	0.0380584
IL4R	Lymphocyte count	ukb-d-30120_irnt	Neale UKB, lymphocyte count	rs1110470	-0.021344194282203886	0.01030088440377223	-2.072073954580788	0.03825854485310787	0.15349721777676562	0.0382596
RELB	Leukocyte count	ukb-d-30000_irnt	Neale UKB, white blood cell count	rs8111826	-0.09953777596724865	0.04808867776659849	-2.069879659623034	0.038463615165901466	0.15408686921445722	0.0384645
SNCA	Neutrophil count	ukb-d-30140_irnt	Neale UKB, neutrophil count	rs2245801	0.020898559884916575	0.01010667468829517	2.0677978197042193	0.03865903880931709	0.15439882606088895	0.0386598
NCR1	Monocyte count	ukb-d-30130_irnt	Neale UKB, monocyte count	rs1671160	0.05288399880941369	0.025575137834540098	2.067789395762006	0.03865983128089345	0.15439882606088895	0.0386607
CLEC4G	Monocyte count	ukb-d-30130_irnt	Neale UKB, monocyte count	rs4804788	0.01215746898195436	0.005881153756841791	2.067191147283145	0.0387161460522214	0.15439882606088895	0.0387168
PADI2	Lymphocyte count	ukb-d-30120_irnt	Neale UKB, lymphocyte count	rs2235910	-0.006366565910574435	0.0030942436011994834	-2.0575516123250397	0.039633195628906215	0.1578186708826716	0.0396342
OCLN	Lymphocyte count	ukb-d-30120_irnt	Neale UKB, lymphocyte count	rs10042124	-0.0407942278320451	0.019840148368454578	-2.0561453006524424	0.03976851285544836	0.1581200840969251	0.0397695
BANK1	Leukocyte count	ukb-d-30000_irnt	Neale UKB, white blood cell count	rs976654	-0.06603757155810931	0.032150665794488886	-2.054003235274498	0.03997537858072864	0.15870464670073706	0.0399761
TNFRSF10A	Neutrophil count	ukb-d-30140_irnt	Neale UKB, neutrophil count	rs73224403	0.02025459267557907	0.009882195912007381	2.0496044458062896	0.040403046239780194	0.1601627483227161	0.0404036
TNFRSF17	Lymphocyte count	ukb-d-30120_irnt	Neale UKB, lymphocyte count	rs12597429	0.06547190310733557	0.031972246667395586	2.047772988505747	0.04058224823460321	0.16063301838532495	0.0405835
FCRL3	Lymphocyte count	ukb-d-30120_irnt	Neale UKB, lymphocyte count	rs2210913	-0.006710513011250456	0.0032785778917711825	-2.046775532798229	0.04068012905055407	0.16063708706623941	0.0406808
TNFRSF12A	Leukocyte count	ukb-d-30000_irnt	Neale UKB, white blood cell count	rs187317457	-0.11196196506297841	0.0547082415715038	-2.0465283081095533	0.040704420252078766	0.16063708706623941	0.0407061
CST7	Monocyte count	ukb-d-30130_irnt	Neale UKB, monocyte count	rs227653	-0.008954661809290795	0.004376950392034286	-2.0458677862987873	0.040769380507388986	0.16065437905734856	0.0407699
EVI2B	Lymphocyte count	ukb-d-30120_irnt	Neale UKB, lymphocyte count	rs9902893	0.04575320534534804	0.02243321672172005	2.03952941358826	0.04139721872454061	0.16288638584196097	0.0413981
MXRA8	Leukocyte count	ukb-d-30000_irnt	Neale UKB, white blood cell count	rs140427603	0.09164214011355246	0.04495550171301158	2.038507782619813	0.04149917723607732	0.1630456563408549	0.0414992
SMPD3	Neutrophil count	ukb-d-30140_irnt	Neale UKB, neutrophil count	rs2307022	0.042452549465767514	0.020847100712784235	2.036376666983433	0.04171254659182466	0.16364152893715828	0.0417129
HIF1A	Leukocyte count	ukb-d-30000_irnt	Neale UKB, white blood cell count	rs111522409	0.029929831372896117	0.01471377706579343	2.0341365265399425	0.041937832080827686	0.1639797314999385	0.0419382
ANXA2	Neutrophil count	ukb-d-30140_irnt	Neale UKB, neutrophil count	rs62004990	0.019120177483511313	0.009399932262977783	2.0340760921030587	0.0419439240629389	0.1639797314999385	0.041945
CHI3L1	Neutrophil count	ukb-d-30140_irnt	Neale UKB, neutrophil count	rs7518666	0.008136853756650672	0.004001056670058428	2.033676207973292	0.041984252522043075	0.1639797314999385	0.0419856
PI3	Neutrophil count	ukb-d-30140_irnt	Neale UKB, neutrophil count	rs979641	0.015170333434951278	0.007470709783441234	2.030641515291652	0.04229137311121978	0.16493635513375712	0.0422922
TNFRSF19	Lymphocyte count	ukb-d-30120_irnt	Neale UKB, lymphocyte count	rs7334672	-0.10676388610380691	0.05262117272315425	-2.0289149895138863	0.04246694974464216	0.16523131334016328	0.0424678
CACNB3	Neutrophil count	ukb-d-30140_irnt	Neale UKB, neutrophil count	rs12369114	-0.012085585419743696	0.005957384795180409	-2.0286729555426852	0.04249161225414455	0.16523131334016328	0.0424923
HDAC9	Leukocyte count	ukb-d-30000_irnt	Neale UKB, white blood cell count	rs639387	0.11079476012085339	0.054672487192826594	2.0265176473513433	0.04271176616594685	0.165844222360309	0.042713
DSG2	Neutrophil count	ukb-d-30140_irnt	Neale UKB, neutrophil count	rs1460602	-0.09130051106188684	0.04521832457246021	-2.0191042442446565	0.04347638582889646	0.16846696718231785	0.043478
ACTA2	Monocyte count	ukb-d-30130_irnt	Neale UKB, monocyte count	rs3824729	0.00522052573462155	0.0025860321262659277	2.018739706130283	0.043514280739022526	0.16846696718231785	0.0435151
CD6	Monocyte count	ukb-d-30130_irnt	Neale UKB, monocyte count	rs34383631	0.01812670256028034	0.008982532359472207	2.0179946851141013	0.04359181485749852	0.16852112682519838	0.0435923
IL21R	Monocyte count	ukb-d-30130_irnt	Neale UKB, monocyte count	rs3093390	0.015539510992644104	0.007733418803048337	2.0093973168139794	0.044495014563734614	0.17176241429843406	0.0444959
LRP1	Neutrophil count	ukb-d-30140_irnt	Neale UKB, neutrophil count	rs55909821	-0.09669037073694522	0.048170576979845794	-2.0072495867633005	0.04472309411105435	0.17239192671877346	0.0447239
APPL2	Lymphocyte count	ukb-d-30120_irnt	Neale UKB, lymphocyte count	rs1196796	0.010976892930321601	0.005472239673496391	2.0059232755257064	0.04486443451294719	0.17268574793662694	0.0448652
IL32	Monocyte count	ukb-d-30130_irnt	Neale UKB, monocyte count	rs1554999	0.010095197729575352	0.005040638573736378	2.0027616703516746	0.04520287581583249	0.17351096667427843	0.0452043
GPRC5C	Lymphocyte count	ukb-d-30120_irnt	Neale UKB, lymphocyte count	rs2706530	0.00907561760422828	0.0045316948893636575	2.0026982896685444	0.04520968249318491	0.17351096667427843	0.0452106
IL1B	Lymphocyte count	ukb-d-30120_irnt	Neale UKB, lymphocyte count	rs6542082	-0.0728413955882786	0.03638547660745514	-2.001936002491551	0.04529161494101919	0.1735742237335013	0.0452918
TNFRSF12A	Lymphocyte count	ukb-d-30120_irnt	Neale UKB, lymphocyte count	rs187317457	-0.109204695403606	0.054583954225676315	-2.000673951764309	0.04542753831213586	0.1738439128481736	0.0454276
SWAP70	Leukocyte count	ukb-d-30000_irnt	Neale UKB, white blood cell count	rs360155	-0.01618913159161526	0.008104165493087472	-1.9976309226932667	0.0457566882131486	0.1748512062554324	0.0457573
LAG3	Monocyte count	ukb-d-30130_irnt	Neale UKB, monocyte count	rs67706382	-0.07514270568682495	0.03763296366350229	-1.9967256992757352	0.04585498879339012	0.1749747198274397	0.0458553
CHAD	Monocyte count	ukb-d-30130_irnt	Neale UKB, monocyte count	rs7215760	-0.09745106796653194	0.048827554392433234	-1.9958211952068166	0.04595338888296663	0.1750982576402694	0.0459547
ANGPT1	Neutrophil count	ukb-d-30140_irnt	Neale UKB, neutrophil count	rs1353308	0.012751595662507373	0.006399752396626541	1.9925139086988797	0.04631470066127141	0.17622178788191076	0.0463159
DOCK9	Lymphocyte count	ukb-d-30120_irnt	Neale UKB, lymphocyte count	rs3737023	0.029478917759361234	0.014822672277130019	1.9887721463588193	0.04672635850893547	0.17753338505114166	0.0467272
CD5	Monocyte count	ukb-d-30130_irnt	Neale UKB, monocyte count	rs4939489	0.02167345962980545	0.01091416890006681	1.9858094398440893	0.04705448719614047	0.17852432052097927	0.0470555
TLR2	Neutrophil count	ukb-d-30140_irnt	Neale UKB, neutrophil count	rs1439164	-0.03385266677885344	0.017057346440410546	-1.984638519075459	0.04718470355827087	0.17876261976647762	0.0471857
DLL1	Lymphocyte count	ukb-d-30120_irnt	Neale UKB, lymphocyte count	rs62428586	-0.015775040000753852	0.007964020798186679	-1.9807883982856571	0.04761500841598121	0.18013552399312718	0.0476157
FGFBP3	Neutrophil count	ukb-d-30140_irnt	Neale UKB, neutrophil count	rs10881994	0.06818600009586866	0.034448098263120154	1.9793835809179636	0.047772835686480164	0.18047515703781394	0.0477738
TSPAN15	Leukocyte count	ukb-d-30000_irnt	Neale UKB, white blood cell count	rs17569412	-0.022651900212407428	0.011465722908237384	-1.97561901623608	0.04819794323160864	0.1816077333236633	0.0481981
PDCD1LG2	Monocyte count	ukb-d-30130_irnt	Neale UKB, monocyte count	rs16923189	0.017318942245832317	0.008766793186655427	1.9755162323430575	0.04820959436646266	0.1816077333236633	0.0482103
DAPK2	Neutrophil count	ukb-d-30140_irnt	Neale UKB, neutrophil count	rs332280	0.02767551880335009	0.014058082057373208	1.9686553749225546	0.04899267902169657	0.18415678981452369	0.0489925
PSTPIP2	Monocyte count	ukb-d-30130_irnt	Neale UKB, monocyte count	rs920295	0.02895665826078052	0.014710961707858213	1.968372893344738	0.04902514841970351	0.18415678981452369	0.0490264
FCRL3	Monocyte count	ukb-d-30130_irnt	Neale UKB, monocyte count	rs2210913	-0.006279905604527336	0.0031948597494442536	-1.9656279452078378	0.049341603619736274	0.18508335615210833	0.0493424
ARSB	Leukocyte count	ukb-d-30000_irnt	Neale UKB, white blood cell count	rs57586329	-0.010914243485959693	0.005558033177728442	-1.9636880775908439	0.04956627606798536	0.18566350866143666	0.0495667
CLEC1A	Lymphocyte count	ukb-d-30120_irnt	Neale UKB, lymphocyte count	rs17734799	-0.020330111495383635	0.010375356096969882	-1.9594615650176126	0.050058756810527294	0.18673095759850575	0.0500599
CLEC7A	Lymphocyte count	ukb-d-30120_irnt	Neale UKB, lymphocyte count	rs17734799	-0.013451445049773176	0.006864868027994347	-1.9594615650176128	0.050058756810527516	0.18673095759850575	0.0500599
COCH	Neutrophil count	ukb-d-30140_irnt	Neale UKB, neutrophil count	rs179661	0.012841888049627291	0.0065538906785211305	1.9594297005462153	0.05006248523851342	0.18673095759850575	0.0500634
AZU1	Lymphocyte count	ukb-d-30120_irnt	Neale UKB, lymphocyte count	rs8102628	-0.10164542580765441	0.05191192420641227	-1.9580361807335773	0.05022576737042783	0.18695380396458627	0.0502262
ALCAM	Lymphocyte count	ukb-d-30120_irnt	Neale UKB, lymphocyte count	rs2399047	-0.010638407756137587	0.005434088468000351	-1.9577170704495972	0.050263221050810714	0.18695380396458627	0.0502632
SERPINF1	Lymphocyte count	ukb-d-30120_irnt	Neale UKB, lymphocyte count	rs12943466	-0.03866300103020589	0.019770411475895835	-1.9555992083090419	0.050512386236627904	0.187378693181389	0.0505138
GSR	Monocyte count	ukb-d-30130_irnt	Neale UKB, monocyte count	rs3594	0.012195228608043637	0.006236229782790152	1.955545102218374	0.05051876531851174	0.187378693181389	0.0505196
TFRC	Monocyte count	ukb-d-30130_irnt	Neale UKB, monocyte count	rs28429906	0.014922605388761093	0.007633471963738626	1.9548909670000918	0.05059594096923403	0.18740284280783331	0.0505964
PACS2	Monocyte count	ukb-d-30130_irnt	Neale UKB, monocyte count	rs4555082	0.07360335142554164	0.03766670404648294	1.9540693375961633	0.05069301771318102	0.18750053413578252	0.0506944
CASP3	Neutrophil count	ukb-d-30140_irnt	Neale UKB, neutrophil count	rs72689261	-0.015348925567639617	0.00786805903244557	-1.9507893248315937	0.05108211225578296	0.1886765483319449	0.0510834
ECHDC3	Leukocyte count	ukb-d-30000_irnt	Neale UKB, white blood cell count	rs3829154	-0.010217181634589043	0.005248673015089903	-1.9466218614142485	0.05158008570656358	0.19025088636134438	0.051581
PACS2	Lymphocyte count	ukb-d-30120_irnt	Neale UKB, lymphocyte count	rs4555082	0.07516857627787586	0.038653738029629264	1.9446651245024962	0.0518152956084017	0.19085300549094625	0.0518155
CPVL	Lymphocyte count	ukb-d-30120_irnt	Neale UKB, lymphocyte count	rs245883	0.008628405770818524	0.004445376778483832	1.9409841281803297	0.052260202569301306	0.19222476728680593	0.0522613
PPT1	Neutrophil count	ukb-d-30140_irnt	Neale UKB, neutrophil count	rs10889147	-0.0061896891909291795	0.003191569823416512	-1.9393870519502658	0.05245422596720761	0.19267120119810882	0.0524554
CTLA4	Lymphocyte count	ukb-d-30120_irnt	Neale UKB, lymphocyte count	rs13030124	-0.031027513654491766	0.016010609778945136	-1.9379345373400276	0.05263120966029078	0.19305389767509148	0.052632
NOMO1	Monocyte count	ukb-d-30130_irnt	Neale UKB, monocyte count	rs7405130	0.013049150758028791	0.0067458235463509235	1.9344044012369077	0.053063425750947246	0.19421066819590566	0.0530652
ULBP2	Monocyte count	ukb-d-30130_irnt	Neale UKB, monocyte count	rs60901916	0.06374949968833166	0.032959727546179804	1.9341634301743655	0.053093037119921416	0.19421066819590566	0.0530933
OPLAH	Monocyte count	ukb-d-30130_irnt	Neale UKB, monocyte count	rs10098685	0.06005285670346436	0.031072377840810825	1.9326765724569117	0.05327605295991167	0.1946116975890988	0.053277
KIAA0319	Lymphocyte count	ukb-d-30120_irnt	Neale UKB, lymphocyte count	rs6935076	-0.014933722421029739	0.007734890622524125	-1.930696004613498	0.05352065730992894	0.19523629048958946	0.0535205
DSC2	Neutrophil count	ukb-d-30140_irnt	Neale UKB, neutrophil count	rs1437606	-0.027595519224795657	0.014299280849791915	-1.929853641919148	0.05362497479146455	0.19534812245462088	0.0536266
TPSD1	Monocyte count	ukb-d-30130_irnt	Neale UKB, monocyte count	rs8045644	-0.017471246242817418	0.009063142360698499	-1.9277250149550673	0.05388933892783587	0.19604187494735353	0.0538902
TNFSF14	Neutrophil count	ukb-d-30140_irnt	Neale UKB, neutrophil count	rs2291668	-0.023495160308351633	0.012201322294165566	-1.9256241038388568	0.05415132677339729	0.19663247957925345	0.0541527
ITGAX	Neutrophil count	ukb-d-30140_irnt	Neale UKB, neutrophil count	rs11574631	-0.007095497389737234	0.0036855687042784578	-1.9252109943033486	0.054202967212774844	0.19663247957925345	0.0542038
RETN	Lymphocyte count	ukb-d-30120_irnt	Neale UKB, lymphocyte count	rs3219175	-0.017298380369511136	0.008987841713713956	-1.9246423024024417	0.054274123322780365	0.19663247957925345	0.054275
SCARF1	Monocyte count	ukb-d-30130_irnt	Neale UKB, monocyte count	rs150715762	0.12971074590239376	0.06752225198535725	1.9210074025748223	0.05473077424717143	0.19767598720025503	0.0547318
ARHGEF5	Monocyte count	ukb-d-30130_irnt	Neale UKB, monocyte count	rs1635081	0.05619720624787156	0.029256984513499455	1.9208133436288224	0.0547552436207881	0.19767598720025503	0.0547558
CD6	Leukocyte count	ukb-d-30000_irnt	Neale UKB, white blood cell count	rs34383631	0.017743447341079004	0.009238629445639468	1.9205713840437357	0.0547857656833286	0.19767598720025503	0.0547873
IGF1R	Monocyte count	ukb-d-30130_irnt	Neale UKB, monocyte count	rs2654980	0.025642822643350615	0.013373607266706267	1.9174200447166327	0.0551845897189438	0.19884447273728117	0.0551849
ADAMTSL4	Neutrophil count	ukb-d-30140_irnt	Neale UKB, neutrophil count	rs72700822	-0.01569152820304773	0.008187506664608787	-1.9165209685722435	0.05529881681135884	0.19898570174182315	0.0553006
SLAMF1	Neutrophil count	ukb-d-30140_irnt	Neale UKB, neutrophil count	rs11265461	0.02993172419669398	0.015640127119759473	1.9137775522859237	0.05564858491773239	0.19975189296375906	0.0556493
OPLAH	Lymphocyte count	ukb-d-30120_irnt	Neale UKB, lymphocyte count	rs10098685	0.06102021191628871	0.031886492889750366	1.913669594435176	0.05566238646312893	0.19975189296375906	0.0556634
CD36	Lymphocyte count	ukb-d-30120_irnt	Neale UKB, lymphocyte count	rs7755	0.007624795220117522	0.003991917187015936	1.9100584663724596	0.05612568588285294	0.20114232292071083	0.0561268
IL17RB	Leukocyte count	ukb-d-30000_irnt	Neale UKB, white blood cell count	rs709324	-0.024797644829594512	0.013007901874061692	-1.9063523902376653	0.05660450127997696	0.20258453089675965	0.0566057
CDH2	Leukocyte count	ukb-d-30000_irnt	Neale UKB, white blood cell count	rs17446875	0.010270979339649336	0.005395153667081957	1.903741760372237	0.056943824808390886	0.20352429028551566	0.0569443
OCLN	Monocyte count	ukb-d-30130_irnt	Neale UKB, monocyte count	rs10042124	-0.03677737426613299	0.01933363935918527	-1.9022478687469841	0.057138757452108946	0.20394614369178052	0.0571387
CD274	Lymphocyte count	ukb-d-30120_irnt	Neale UKB, lymphocyte count	rs2890658	0.024968488107317697	0.01313066702336058	1.9015399646412952	0.05723132300814493	0.2040019739483876	0.0572321
PON2	Monocyte count	ukb-d-30130_irnt	Neale UKB, monocyte count	rs2374993	-0.008381127440389654	0.004411202835019002	-1.8999641943133523	0.05743781863044495	0.20443100916411533	0.0574381
IL17RB	Monocyte count	ukb-d-30130_irnt	Neale UKB, monocyte count	rs709324	-0.024023048150717697	0.012647397105579538	-1.8994460243617768	0.05750585702731148	0.20443100916411533	0.0575069
CD5	Leukocyte count	ukb-d-30000_irnt	Neale UKB, white blood cell count	rs4939489	0.02131025098363455	0.011225398517016394	1.898395941251502	0.05764394388770189	0.20464757589047577	0.0576448
IFIT3	Lymphocyte count	ukb-d-30120_irnt	Neale UKB, lymphocyte count	rs4934475	-0.042923961745508575	0.022627207968577447	-1.897006550923886	0.05782707349954186	0.20502326058928477	0.0578282
CCDC50	Neutrophil count	ukb-d-30140_irnt	Neale UKB, neutrophil count	rs4687210	-0.02055433020661779	0.01084075071591213	-1.8960246153846156	0.05795678966709561	0.20520882002288057	0.0579575
NOMO1	Leukocyte count	ukb-d-30000_irnt	Neale UKB, white blood cell count	rs7405130	0.013149899672743721	0.006937937587626085	1.8953614826683889	0.058044527901480514	0.2052454506596351	0.0580457
IL18	Neutrophil count	ukb-d-30140_irnt	Neale UKB, neutrophil count	rs11606049	-0.016641802198272306	0.008783050785776863	-1.8947632894508346	0.058123768737361914	0.20525197695270814	0.0581246
PADI4	Leukocyte count	ukb-d-30000_irnt	Neale UKB, white blood cell count	rs56265095	0.01250859120471174	0.006607191541272753	1.8931782326235076	0.05833417112633299	0.2057210396636105	0.0583351
ECHDC3	Lymphocyte count	ukb-d-30120_irnt	Neale UKB, lymphocyte count	rs3829154	-0.009911404869569667	0.005236972819055466	-1.8925828359287293	0.05841336811088782	0.20572676258974038	0.0584144
TALDO1	Leukocyte count	ukb-d-30000_irnt	Neale UKB, white blood cell count	rs113226928	0.03310295790304594	0.017549286192574672	1.8862851479994796	0.059256539578474765	0.2084195530001526	0.059257
ADM	Leukocyte count	ukb-d-30000_irnt	Neale UKB, white blood cell count	rs7107290	-0.013366914279583841	0.007093132520941296	-1.88448675392998	0.05949916487450757	0.20899574204926366	0.0595004
ENPP2	Monocyte count	ukb-d-30130_irnt	Neale UKB, monocyte count	rs4871419	0.020710773110911154	0.010998222552893134	1.8831018386205585	0.059686568111723126	0.20937669131255257	0.0596884
CALB1	Leukocyte count	ukb-d-30000_irnt	Neale UKB, white blood cell count	rs10095826	0.03549037540515172	0.018863890764408003	1.88139211832769	0.059918598228695386	0.2096679737628095	0.0599198
GRAP2	Monocyte count	ukb-d-30130_irnt	Neale UKB, monocyte count	rs137955	0.04540741200346924	0.02413586824085694	1.8813249869587894	0.05992772402421176	0.2096679737628095	0.059928
GMPR	Lymphocyte count	ukb-d-30120_irnt	Neale UKB, lymphocyte count	rs3818407	-0.0635454785200938	0.03385332403082714	-1.8770823941019419	0.06050680201914549	0.21135239615153506	0.0605076
CD59	Lymphocyte count	ukb-d-30120_irnt	Neale UKB, lymphocyte count	rs1718066	0.008497096075775517	0.004527843742696903	1.876631915463236	0.060568559983094516	0.21135239615153506	0.0605689
PILRA	Monocyte count	ukb-d-30130_irnt	Neale UKB, monocyte count	rs2005763	0.04789004941390158	0.025540375024830617	1.8750722872057428	0.06078277946910249	0.21182119730888277	0.0607827
DAPK2	Leukocyte count	ukb-d-30000_irnt	Neale UKB, white blood cell count	rs332280	0.02634458676963372	0.01407840506403282	1.8712763732688908	0.06130678361968034	0.2129725438869308	0.061307
SMPDL3A	Lymphocyte count	ukb-d-30120_irnt	Neale UKB, lymphocyte count	rs12524492	0.013911857370778432	0.007434947387068784	1.8711440238265302	0.061325120980635583	0.2129725438869308	0.0613253
GSTM4	Monocyte count	ukb-d-30130_irnt	Neale UKB, monocyte count	rs11101980	0.006584578854026326	0.003519405327435234	1.8709350703929395	0.06135408127059394	0.2129725438869308	0.061355
PVALB	Leukocyte count	ukb-d-30000_irnt	Neale UKB, white blood cell count	rs4821544	-0.0073152096532511654	0.003912756966485008	-1.8695793569368357	0.06154225411895764	0.21318012947422735	0.0615432
THBD	Lymphocyte count	ukb-d-30120_irnt	Neale UKB, lymphocyte count	rs844887	0.015709047525585145	0.008403497877993719	1.8693462833759387	0.061574652781771544	0.21318012947422735	0.0615758
ITGA5	Lymphocyte count	ukb-d-30120_irnt	Neale UKB, lymphocyte count	rs56321811	0.02759070415795482	0.014785503829685026	1.8660645234530762	0.062032338684224975	0.21420368122723016	0.0620326
PCDH12	Lymphocyte count	ukb-d-30120_irnt	Neale UKB, lymphocyte count	rs108043	-0.032539712453582406	0.01744339867749967	-1.865445665445665	0.06211896152289653	0.21420368122723016	0.0621198
CRIM1	Lymphocyte count	ukb-d-30120_irnt	Neale UKB, lymphocyte count	rs10172196	-0.02966070330950651	0.015900614279380592	-1.8653809713483562	0.06212802266515505	0.21420368122723016	0.0621284
GCNT1	Lymphocyte count	ukb-d-30120_irnt	Neale UKB, lymphocyte count	rs1547140	-0.030348471321151017	0.0162733840067439	-1.864914593582639	0.06219337652525159	0.21420368122723016	0.0621942
MARCO	Leukocyte count	ukb-d-30000_irnt	Neale UKB, white blood cell count	rs4491733	-0.006474153047744429	0.003473334421708056	-1.8639590266003476	0.06232745849067278	0.21438705566441535	0.062329
EFHD1	Lymphocyte count	ukb-d-30120_irnt	Neale UKB, lymphocyte count	rs4524114	-0.028791081681001317	0.015452389693742111	-1.863212244295204	0.06243241086943119	0.21446988811623252	0.0624324
SMPD3	Lymphocyte count	ukb-d-30120_irnt	Neale UKB, lymphocyte count	rs2307022	0.03876910932232549	0.020829848645689257	1.8612285658805672	0.06271190598552767	0.21515132558036143	0.0627119
FBN2	Leukocyte count	ukb-d-30000_irnt	Neale UKB, white blood cell count	rs79813368	-0.006003382309794952	0.0032425597357213284	-1.8514330649515267	0.064107275924697	0.21928563469315587	0.0641077
IFNL1	Leukocyte count	ukb-d-30000_irnt	Neale UKB, white blood cell count	rs30461	0.01575897318764906	0.008513422269719718	1.851073832399938	0.06415893205870571	0.21928563469315587	0.0641594
CDHR1	Lymphocyte count	ukb-d-30120_irnt	Neale UKB, lymphocyte count	rs7099098	0.023989088686877755	0.012961865126822231	1.8507435814338697	0.0642064510765401	0.21928563469315587	0.0642066
IFIT1	Leukocyte count	ukb-d-30000_irnt	Neale UKB, white blood cell count	rs304500	-0.03247144121539629	0.017547795877087272	-1.8504569715103254	0.06424771423702191	0.21928563469315587	0.0642481
PDIA5	Lymphocyte count	ukb-d-30120_irnt	Neale UKB, lymphocyte count	rs9823527	0.022612858191918536	0.012243220133003253	1.8469698287105467	0.06475151317322347	0.22072109631798026	0.064753
ACY3	Lymphocyte count	ukb-d-30120_irnt	Neale UKB, lymphocyte count	rs61894523	-0.015094268950377448	0.0081844630832378	-1.8442589082344674	0.06514541696686482	0.22153333583867055	0.0651463
STK11	Leukocyte count	ukb-d-30000_irnt	Neale UKB, white blood cell count	rs3764640	-0.01781548262621407	0.009660379900054201	-1.8441803335409317	0.06515686348196192	0.22153333583867055	0.0651583
IL12RB2	Monocyte count	ukb-d-30130_irnt	Neale UKB, monocyte count	rs72678531	-0.009474791203745711	0.005143392969181775	-1.8421285833139416	0.06545634370022446	0.2217573814022207	0.0654576
SCPEP1	Neutrophil count	ukb-d-30140_irnt	Neale UKB, neutrophil count	rs8072896	0.02929228771970688	0.015904916757720638	1.841712733610359	0.06551718061247103	0.2217573814022207	0.0655179
LILRA6	Leukocyte count	ukb-d-30000_irnt	Neale UKB, white blood cell count	rs189836555	0.018416162977109882	0.009999992220333423	1.841617730428179	0.06553108568387112	0.2217573814022207	0.0655315
CCL25	Lymphocyte count	ukb-d-30120_irnt	Neale UKB, lymphocyte count	rs34557377	-0.08539577167139102	0.04637447466615773	-1.8414391168016724	0.06555723492433674	0.2217573814022207	0.0655586
FOLR2	Leukocyte count	ukb-d-30000_irnt	Neale UKB, white blood cell count	rs10501409	0.06745668987247652	0.03664868038075589	1.840630799571649	0.06567568107667565	0.22187503976476922	0.0656765
TRIM25	Neutrophil count	ukb-d-30140_irnt	Neale UKB, neutrophil count	rs2586519	0.09642929508003609	0.052438869293720346	1.8388896705593856	0.0659314154052808	0.22245561533690164	0.0659326
LEPR	Lymphocyte count	ukb-d-30120_irnt	Neale UKB, lymphocyte count	rs6656451	-0.010285811701102637	0.005605078000947564	-1.8350880575370714	0.06649264314097492	0.22370444595356462	0.0664936
PILRB	Neutrophil count	ukb-d-30140_irnt	Neale UKB, neutrophil count	rs6955367	0.005723140013220226	0.003119406866881093	1.8346885345361983	0.06655185207667191	0.22370444595356462	0.0665534
FGFBP2	Monocyte count	ukb-d-30130_irnt	Neale UKB, monocyte count	rs4698433	-0.01210181118304766	0.006596178784929186	-1.8346699775175332	0.0665546032644655	0.22370444595356462	0.0665549
LCN2	Lymphocyte count	ukb-d-30120_irnt	Neale UKB, lymphocyte count	rs13297866	-0.022816698338869207	0.01244421981295362	-1.8335177843064547	0.06672560627148494	0.22399532636959246	0.0667268
IL1RL1	Monocyte count	ukb-d-30130_irnt	Neale UKB, monocyte count	rs2058660	-0.01938585009308916	0.010582860114018478	-1.83181577420738	0.0669788722950666	0.2245612760132954	0.0669792
GPRC5C	Neutrophil count	ukb-d-30140_irnt	Neale UKB, neutrophil count	rs2706530	0.008304849580411415	0.004535450289414037	1.831097035678098	0.06708606091108615	0.22463665850530365	0.0670873
ARG1	Lymphocyte count	ukb-d-30120_irnt	Neale UKB, lymphocyte count	rs2246012	-0.009740720982235072	0.0053224114230795575	-1.8301330370659457	0.06723004789235465	0.22470632348022243	0.0672311
NUMB	Lymphocyte count	ukb-d-30120_irnt	Neale UKB, lymphocyte count	rs61985842	0.03236719512139973	0.017694958904560756	1.8291760549416878	0.0673732383435095	0.22470632348022243	0.0673736
GCNT1	Monocyte count	ukb-d-30130_irnt	Neale UKB, monocyte count	rs1547140	-0.028990015827460226	0.015857853023931653	-1.8281173235563701	0.06753194555441455	0.22470632348022243	0.0675336
RGCC	Monocyte count	ukb-d-30130_irnt	Neale UKB, monocyte count	rs421706	0.021789235370374378	0.011919608062193573	1.828016093875195	0.0675471363046991	0.22470632348022243	0.0675476
SNED1	Leukocyte count	ukb-d-30000_irnt	Neale UKB, white blood cell count	rs111678023	0.05295287934204237	0.028973949841397895	1.8276030583301228	0.06760914647418459	0.22470632348022243	0.0676099
IL10	Lymphocyte count	ukb-d-30120_irnt	Neale UKB, lymphocyte count	rs1518111	-0.025814266897749856	0.014124971444192896	-1.8275624131164316	0.06761525118296285	0.22470632348022243	0.0676161
S100A13	Monocyte count	ukb-d-30130_irnt	Neale UKB, monocyte count	rs7345	-0.012228580932341308	0.0066989980784669025	-1.8254343095945291	0.06793551575856815	0.2254880948582262	0.067936
CSF3R	Lymphocyte count	ukb-d-30120_irnt	Neale UKB, lymphocyte count	rs3917922	-0.03564230744540669	0.019557618008869983	-1.8224257897481075	0.06839040438104105	0.2267141905231511	0.0683912
MTUS1	Neutrophil count	ukb-d-30140_irnt	Neale UKB, neutrophil count	rs17125481	-0.00683111269198508	0.0037539855499146195	-1.819696054008638	0.0688053045815753	0.227804828652107	0.0688066
DPEP2	Neutrophil count	ukb-d-30140_irnt	Neale UKB, neutrophil count	rs12934863	-0.018115425696487057	0.009963013230180942	-1.8182677547401045	0.06902321868237804	0.22806470832499987	0.069024
ENTPD5	Neutrophil count	ukb-d-30140_irnt	Neale UKB, neutrophil count	rs118113209	-0.03408427942906798	0.018747665737314567	-1.818054573120965	0.06905579215119717	0.22806470832499987	0.0690574
SYT1	Monocyte count	ukb-d-30130_irnt	Neale UKB, monocyte count	rs67167203	-0.03445546885711996	0.01896703208798595	-1.8165978049325207	0.06927871980666467	0.22851637428765512	0.0692787
TSNAX	Lymphocyte count	ukb-d-30120_irnt	Neale UKB, lymphocyte count	rs41303127	0.0429238976297272	0.02363659110467556	1.8159935770618132	0.06937135740232692	0.22853101869280773	0.0693713
IL1R2	Monocyte count	ukb-d-30130_irnt	Neale UKB, monocyte count	rs35252180	0.016998393846672052	0.009363209068236861	1.8154452947479613	0.06945550568114744	0.22853101869280773	0.069456
RELB	Monocyte count	ukb-d-30130_irnt	Neale UKB, monocyte count	rs8111826	-0.08483739946296136	0.04675532492474587	-1.814497056741874	0.06960123546056818	0.22872673660647685	0.0696017
DCUN1D2	Monocyte count	ukb-d-30130_irnt	Neale UKB, monocyte count	rs76760541	-0.05615015839277789	0.030978986048425326	-1.8125240866504095	0.06990525563691086	0.22944150736273217	0.0699053
TNFRSF19	Leukocyte count	ukb-d-30000_irnt	Neale UKB, white blood cell count	rs7334672	-0.0954535843828696	0.05273811305054382	-1.809954487590172	0.07030284533142295	0.2304612432866918	0.0703024
SPINK8	Neutrophil count	ukb-d-30140_irnt	Neale UKB, neutrophil count	rs11713476	-0.02075608828613634	0.011471526225175036	-1.8093571752105406	0.07039553173518875	0.2304655379537742	0.0703963
PPT1	Leukocyte count	ukb-d-30000_irnt	Neale UKB, white blood cell count	rs10889147	-0.005779484868569242	0.0031960458587648923	-1.808323510978255	0.0705561647465256	0.2304655379537742	0.070557
S100A3	Leukocyte count	ukb-d-30000_irnt	Neale UKB, white blood cell count	rs147475376	0.028981354179595405	0.016038041592915855	1.8070382229459192	0.07075631970660523	0.2304655379537742	0.0707571
VNN2	Leukocyte count	ukb-d-30000_irnt	Neale UKB, white blood cell count	rs2300079	-0.006271268429887288	0.0034717692904217526	-1.8063609374013014	0.0708619790278191	0.2304655379537742	0.0708631
FGFBP3	Leukocyte count	ukb-d-30000_irnt	Neale UKB, white blood cell count	rs10881994	0.062300057676832055	0.034491173600799716	1.8062608827954627	0.07087759891921763	0.2304655379537742	0.0708794
CTSH	Neutrophil count	ukb-d-30140_irnt	Neale UKB, neutrophil count	rs34843303	-0.008273338826047626	0.004581193198026601	-1.8059353684562915	0.07092843569122209	0.2304655379537742	0.07093
QPCT	Neutrophil count	ukb-d-30140_irnt	Neale UKB, neutrophil count	rs7593932	0.027815255555336118	0.015404482839267465	1.8056598099114651	0.07097149404661751	0.2304655379537742	0.0709725
MAG	Neutrophil count	ukb-d-30140_irnt	Neale UKB, neutrophil count	rs10411704	0.055279603861001975	0.03061765263163383	1.8054814497401306	0.07099937575725246	0.2304655379537742	0.0710003
PM20D1	Lymphocyte count	ukb-d-30120_irnt	Neale UKB, lymphocyte count	rs823080	0.012738790974077515	0.007063752114496051	1.8034028895118352	0.0713249641604552	0.23123937035883518	0.0713263
RTN4R	Monocyte count	ukb-d-30130_irnt	Neale UKB, monocyte count	rs78426131	-0.07098509015169259	0.039447995275681186	-1.7994600145233064	0.07194594354999406	0.2329678172095046	0.0719466
CSF1R	Lymphocyte count	ukb-d-30120_irnt	Neale UKB, lymphocyte count	rs6874087	-0.01681951663053297	0.009354107014696965	-1.7980889682047168	0.07216291015562248	0.23338541186915954	0.0721639
DRAXIN	Neutrophil count	ukb-d-30140_irnt	Neale UKB, neutrophil count	rs12139487	-0.018699038556012983	0.010407038034912101	-1.7967685419505548	0.07237237242566796	0.23377774868802856	0.0723736
WASF1	Lymphocyte count	ukb-d-30120_irnt	Neale UKB, lymphocyte count	rs6938106	-0.030809163855058868	0.01716382959545172	-1.7950052279255355	0.07265286699668749	0.2340321830827428	0.0726541
CD2AP	Monocyte count	ukb-d-30130_irnt	Neale UKB, monocyte count	rs72868252	-0.030124637303442954	0.016785041765561774	-1.7947311495673672	0.07269654509488443	0.2340321830827428	0.0726976
DSC2	Lymphocyte count	ukb-d-30120_irnt	Neale UKB, lymphocyte count	rs1437606	-0.025640522017494567	0.01428751878819831	-1.7946098547687648	0.07271588192314482	0.2340321830827428	0.072716
IL1R1	Neutrophil count	ukb-d-30140_irnt	Neale UKB, neutrophil count	rs12624116	0.040248782121565053	0.02243499927503217	1.7940175360895945	0.0728103699059619	0.23405224362498298	0.0728115
SWAP70	Monocyte count	ukb-d-30130_irnt	Neale UKB, monocyte count	rs360155	0.014114283336383775	0.00787916206210732	1.7913431942544462	0.0732382386378454	0.2349453145386734	0.0732386
TNFAIP8L2	Neutrophil count	ukb-d-30140_irnt	Neale UKB, neutrophil count	rs61819214	0.0352193560307546	0.019662721656643324	1.7911740117042876	0.07326537523509913	0.2349453145386734	0.0732673
ANXA11	Monocyte count	ukb-d-30130_irnt	Neale UKB, monocyte count	rs11591611	0.01439342895875777	0.008043988228974681	1.7893398832823022	0.07356009461842627	0.23540717764432859	0.0735614
ASGR1	Monocyte count	ukb-d-30130_irnt	Neale UKB, monocyte count	rs67143157	-0.03586298531093846	0.020044446410308343	-1.7891731493514857	0.07358693448987497	0.23540717764432859	0.0735885
SERPING1	Lymphocyte count	ukb-d-30120_irnt	Neale UKB, lymphocyte count	rs28362951	-0.01630742844655062	0.009131292406978785	-1.7858839384102212	0.07411805209158517	0.23673584890454122	0.0741191
LAYN	Neutrophil count	ukb-d-30140_irnt	Neale UKB, neutrophil count	rs117895420	0.04651802996598714	0.026053272868480356	1.785496593875749	0.07418080333321031	0.23673584890454122	0.0741822
SMPDL3A	Monocyte count	ukb-d-30130_irnt	Neale UKB, monocyte count	rs12524492	0.012930223480624219	0.007245123420048559	1.7846795328350054	0.07431331263121077	0.23687368401198433	0.0743139
TNFRSF8	Leukocyte count	ukb-d-30000_irnt	Neale UKB, white blood cell count	rs1148462	-0.058535958830859186	0.032880709030017816	-1.7802523290303716	0.07503467492308191	0.2386157205545858	0.0750343
VIT	Leukocyte count	ukb-d-30000_irnt	Neale UKB, white blood cell count	rs4670616	0.016313139534512733	0.00916354695385385	1.7802210886966676	0.07503978542327472	0.2386157205545858	0.0750412
CLEC11A	Neutrophil count	ukb-d-30140_irnt	Neale UKB, neutrophil count	rs141369989	-0.012436636337533587	0.006997595893241404	-1.7772727272727273	0.075523378593231	0.23986586829850132	0.0755249
IL4R	Neutrophil count	ukb-d-30140_irnt	Neale UKB, neutrophil count	rs1110470	-0.018311683687780037	0.010309451182703997	-1.7762035401555865	0.07569937498390922	0.23998585378969248	0.0757007
NRN1	Lymphocyte count	ukb-d-30120_irnt	Neale UKB, lymphocyte count	rs6906850	0.017519304359698805	0.009864784022035458	1.775944036946482	0.07574214163724458	0.23998585378969248	0.0757443
ICA1	Leukocyte count	ukb-d-30000_irnt	Neale UKB, white blood cell count	rs2302551	-0.04212042970403606	0.023740509948233766	-1.7742007141329208	0.07602995613989738	0.2401638639420329	0.0760309
TRIM25	Monocyte count	ukb-d-30130_irnt	Neale UKB, monocyte count	rs2586519	0.09058197801517623	0.05105767304997668	1.7741109730267584	0.07604479609327663	0.2401638639420329	0.0760466
CD2	Neutrophil count	ukb-d-30140_irnt	Neale UKB, neutrophil count	rs798034	-0.08681361543674068	0.048943914971891975	-1.7737366429840546	0.07610672231454907	0.2401638639420329	0.0761079
CLEC4G	Neutrophil count	ukb-d-30140_irnt	Neale UKB, neutrophil count	rs4804788	-0.010708598657716367	0.006040257131902836	-1.7728713238310243	0.07625003138179509	0.2401638639420329	0.0762518
CLEC6A	Leukocyte count	ukb-d-30000_irnt	Neale UKB, white blood cell count	rs4883149	-0.015686045997598493	0.008847852613497917	-1.7728647484100843	0.0762511212063317	0.2401638639420329	0.0762518
CA4	Leukocyte count	ukb-d-30000_irnt	Neale UKB, white blood cell count	rs34820870	0.023822987731663636	0.013443029939962168	1.7721442143668007	0.0763706210770203	0.2402549075874945	0.076373
ANGPT1	Leukocyte count	ukb-d-30000_irnt	Neale UKB, white blood cell count	rs1353308	0.011324837727608974	0.006408586893716697	1.7671349262210079	0.07720563455748541	0.24246156176782016	0.0772058
OPLAH	Neutrophil count	ukb-d-30140_irnt	Neale UKB, neutrophil count	rs10098685	0.05637071752878104	0.03191290440824723	1.7663925792418067	0.07733000920705013	0.24246156176782016	0.0773321
PPP3R1	Leukocyte count	ukb-d-30000_irnt	Neale UKB, white blood cell count	rs2122126	-0.013012995679845733	0.0073673956816835496	-1.7662952068935285	0.07734633531507384	0.24246156176782016	0.0773464
PRKCQ	Lymphocyte count	ukb-d-30120_irnt	Neale UKB, lymphocyte count	rs2255088	0.0295051875264311	0.01672495424122255	1.7641415994854375	0.07770814221001343	0.2433081383010102	0.0777088
CSF2RB	Neutrophil count	ukb-d-30140_irnt	Neale UKB, neutrophil count	rs2075938	0.03153696124146199	0.017887885513413342	1.7630346089711837	0.07789465272501683	0.24360450356927435	0.0778951
TNFRSF13C	Neutrophil count	ukb-d-30140_irnt	Neale UKB, neutrophil count	rs149192849	-0.026996127227103536	0.015358253909802909	-1.757760184565797	0.07878832258072621	0.24610910657725077	0.0787898
FCN1	Monocyte count	ukb-d-30130_irnt	Neale UKB, monocyte count	rs12377780	-0.00618467521925928	0.0035274519519616857	-1.753298217377521	0.07955083134917196	0.2478961621714664	0.0795518
STX3	Neutrophil count	ukb-d-30140_irnt	Neale UKB, neutrophil count	rs114965596	0.03156768414571548	0.018004949826039007	1.753278095785741	0.07955428348259663	0.2478961621714664	0.0795555
PCDH9	Leukocyte count	ukb-d-30000_irnt	Neale UKB, white blood cell count	rs9317655	0.08894265230650628	0.050743943226879765	1.75277376274913	0.07964084848042585	0.2478961621714664	0.0796416
FAM3B	Lymphocyte count	ukb-d-30120_irnt	Neale UKB, lymphocyte count	rs66817580	0.003946948805878572	0.0022533643384030663	1.7515803985234495	0.07984598550882915	0.24820951348190765	0.0798454
PCDH9	Neutrophil count	ukb-d-30140_irnt	Neale UKB, neutrophil count	rs9317655	0.08872963951984918	0.05067080401594223	1.7510998935784154	0.07992870456770329	0.24820951348190765	0.07993
IL18R1	Neutrophil count	ukb-d-30140_irnt	Neale UKB, neutrophil count	rs11676124	-0.01345720052055674	0.00772486433565288	-1.742063023482131	0.08149741690458878	0.25226070427966174	0.0814986
LTBP3	Monocyte count	ukb-d-30130_irnt	Neale UKB, monocyte count	rs12789028	-0.01001692578990222	0.005750113757101231	-1.7420395861788984	0.08150151763940605	0.25226070427966174	0.0815023
PTGR1	Leukocyte count	ukb-d-30000_irnt	Neale UKB, white blood cell count	rs10113961	0.020328639681203967	0.011670102978960924	1.741941756456889	0.08151863633773382	0.25226070427966174	0.0815192
NGFR	Monocyte count	ukb-d-30130_irnt	Neale UKB, monocyte count	rs2671661	-0.06477256106194951	0.03722720094149165	-1.7399256302871033	0.08187207753969039	0.2529622253496131	0.0818729
CLIC5	Leukocyte count	ukb-d-30000_irnt	Neale UKB, white blood cell count	rs3798269	-0.03106742968997772	0.017859348969492757	-1.739561153267509	0.08193610542055718	0.2529622253496131	0.081937
PINLYP	Monocyte count	ukb-d-30130_irnt	Neale UKB, monocyte count	rs915927	-0.026461256013024684	0.015220784655333334	-1.7384948681835999	0.08212365355593665	0.2530167525233875	0.082124
IGFBP6	Leukocyte count	ukb-d-30000_irnt	Neale UKB, white blood cell count	rs11170393	0.04454777211887425	0.025626085263568816	1.738376020398455	0.08214457915634865	0.2530167525233875	0.0821448
TNFSF8	Lymphocyte count	ukb-d-30120_irnt	Neale UKB, lymphocyte count	rs10817679	-0.01421698166354754	0.008194875463487556	-1.734862442619367	0.08276517286488305	0.2546325271898722	0.0827656
HMMR	Monocyte count	ukb-d-30130_irnt	Neale UKB, monocyte count	rs4869082	0.09283463825166051	0.05362158068636524	1.7312924584348606	0.08339961585384126	0.2562871161580383	0.0834008
NPL	Lymphocyte count	ukb-d-30120_irnt	Neale UKB, lymphocyte count	rs74770891	0.016896077890305266	0.009778365813087397	1.727904049947845	0.08400542812644751	0.2578499946659014	0.0840059
CXCL16	Monocyte count	ukb-d-30130_irnt	Neale UKB, monocyte count	rs1050998	0.009198009114622038	0.005329170032118569	1.725974037080112	0.08435208368978242	0.2584536789903644	0.0843529
LAYN	Leukocyte count	ukb-d-30000_irnt	Neale UKB, white blood cell count	rs117895420	0.045032526554251065	0.026094854978773015	1.7257243464615148	0.08439701583923664	0.2584536789903644	0.0843976
MFAP3L	Leukocyte count	ukb-d-30000_irnt	Neale UKB, white blood cell count	rs79989634	-0.03262147478560142	0.018914459194820037	-1.7246845098555725	0.084584344093249	0.2585860647776976	0.0845843
S100A12	Leukocyte count	ukb-d-30000_irnt	Neale UKB, white blood cell count	rs2916217	-0.006425026515916567	0.0037291591629649385	-1.7229156051382446	0.08490378791146869	0.2585860647776976	0.0849044
PLXNA4	Lymphocyte count	ukb-d-30120_irnt	Neale UKB, lymphocyte count	rs11765742	-0.027865701883410792	0.016174881643792827	-1.7227762463476426	0.08492899591241176	0.2585860647776976	0.0849298
ENO2	Lymphocyte count	ukb-d-30120_irnt	Neale UKB, lymphocyte count	rs11064444	-0.0708566774955454	0.04113417937214464	-1.722574233327925	0.08496554790893329	0.2585860647776976	0.0849669
GZMH	Lymphocyte count	ukb-d-30120_irnt	Neale UKB, lymphocyte count	rs4982988	-0.03192072367329435	0.01853271228149042	-1.7223989229668897	0.08499727866833973	0.2585860647776976	0.0849983
EFNA1	Monocyte count	ukb-d-30130_irnt	Neale UKB, monocyte count	rs79976845	-0.05708711587187951	0.03315222227429971	-1.7219695077917785	0.08507504228360618	0.2585860647776976	0.0850766
SERPING1	Neutrophil count	ukb-d-30140_irnt	Neale UKB, neutrophil count	rs28362951	0.015734394092288623	0.00913883904200555	1.7217060088231575	0.08512278829220588	0.2585860647776976	0.0851236
PLAU	Neutrophil count	ukb-d-30140_irnt	Neale UKB, neutrophil count	rs2227551	-0.020076729660112865	0.011671298381299093	-1.7201796239124332	0.08539979567660039	0.25913073013082866	0.0854004
TNFRSF4	Leukocyte count	ukb-d-30000_irnt	Neale UKB, white blood cell count	rs7536568	-0.019768819440959245	0.011515721531849082	-1.7166809206252978	0.08603748807478606	0.26076733528495155	0.0860379
ARHGEF5	Lymphocyte count	ukb-d-30120_irnt	Neale UKB, lymphocyte count	rs1635081	0.05152467088313718	0.030023601280078072	1.7161389269223335	0.08613661801740347	0.26076976139515295	0.0861371
MNDA	Monocyte count	ukb-d-30130_irnt	Neale UKB, monocyte count	rs703151	0.011486997725496356	0.006695679326108235	1.7155836123611081	0.08623828000407907	0.26077983873525395	0.0862383
ACOX1	Leukocyte count	ukb-d-30000_irnt	Neale UKB, white blood cell count	rs8065144	0.005346745657284906	0.003120277466557513	1.713548142622	0.08661174445035646	0.26161087275893546	0.0866124
CRTAM	Monocyte count	ukb-d-30130_irnt	Neale UKB, monocyte count	rs10444340	0.01609920891941131	0.009401439683253866	1.7124195295415996	0.08681938256564181	0.26181774458016865	0.08682
EDAR	Neutrophil count	ukb-d-30140_irnt	Neale UKB, neutrophil count	rs4676230	-0.0431216580112858	0.02518636859982109	-1.7121030306684273	0.08687768296777842	0.26181774458016865	0.086878
GMPR	Leukocyte count	ukb-d-30000_irnt	Neale UKB, white blood cell count	rs3818407	-0.05801409868826239	0.033931462481983116	-1.7097435372573948	0.0873133080939934	0.2628318877017826	0.0873152
KRT18	Monocyte count	ukb-d-30130_irnt	Neale UKB, monocyte count	rs902771	-0.04125845906109989	0.02415560610056223	-1.7080283098398261	0.08763108967312405	0.2633849208383906	0.0876315
IQGAP2	Neutrophil count	ukb-d-30140_irnt	Neale UKB, neutrophil count	rs3886042	-0.0063110852422216595	0.0036957062839728565	-1.7076804154028415	0.08769565803178692	0.2633849208383906	0.0876981
BST1	Monocyte count	ukb-d-30130_irnt	Neale UKB, monocyte count	rs34559912	-0.00821334870204483	0.004813481187542467	-1.7063219699084713	0.08794814977923071	0.26384444933769213	0.0879488
TNFSF8	Neutrophil count	ukb-d-30140_irnt	Neale UKB, neutrophil count	rs10817679	-0.013987082177412243	0.008201656970522575	-1.7053971200798763	0.08812038510222231	0.26384724994311853	0.0881211
CD200	Neutrophil count	ukb-d-30140_irnt	Neale UKB, neutrophil count	rs721363	0.04268955719917304	0.025040086973785347	1.7048485991228808	0.08822266490016784	0.26384724994311853	0.0882247
FBN2	Monocyte count	ukb-d-30130_irnt	Neale UKB, monocyte count	rs79813368	-0.005373800073368132	0.0031530184744105	-1.7043351052273288	0.08831850010675901	0.26384724994311853	0.0883202
ALCAM	Monocyte count	ukb-d-30130_irnt	Neale UKB, monocyte count	rs2399047	-0.009023160945319764	0.00529534282764508	-1.7039805049473071	0.0883847294044493	0.26384724994311853	0.0883853
GRAP2	Leukocyte count	ukb-d-30000_irnt	Neale UKB, white blood cell count	rs137955	0.042292620383855506	0.02482524628137843	1.7036133259060338	0.08845335024409406	0.26384724994311853	0.0884545
MAPKAPK2	Leukocyte count	ukb-d-30000_irnt	Neale UKB, white blood cell count	rs6669284	-0.03284098247419123	0.01928410580442562	-1.7030077934261474	0.08856660994818766	0.26384724994311853	0.0885666
CD101	Monocyte count	ukb-d-30130_irnt	Neale UKB, monocyte count	rs12130298	0.009306616606572412	0.0054661643404603525	1.7025863159080619	0.08864551270713372	0.26384724994311853	0.0886462
NGFR	Leukocyte count	ukb-d-30000_irnt	Neale UKB, white blood cell count	rs2671661	-0.06510115328340244	0.03828825355877014	-1.700290486832368	0.0890762989698648	0.2648322251884321	0.0890779
FBN2	Neutrophil count	ukb-d-30140_irnt	Neale UKB, neutrophil count	rs79813368	-0.005487157605219725	0.0032383125388655443	-1.694449667647584	0.09017986831964464	0.267495860529994	0.09018
FGFBP2	Lymphocyte count	ukb-d-30120_irnt	Neale UKB, lymphocyte count	rs4698433	-0.011467143952302505	0.006768990656555423	-1.694069992724419	0.0902519835956086	0.267495860529994	0.0902527
TIGIT	Neutrophil count	ukb-d-30140_irnt	Neale UKB, neutrophil count	rs62265703	0.014393038905648121	0.008496732503973774	1.6939498682483822	0.09027480964341805	0.267495860529994	0.0902755
ARSB	Lymphocyte count	ukb-d-30120_irnt	Neale UKB, lymphocyte count	rs57586329	-0.009381227547939179	0.005545966415194855	-1.69154063433137	0.09073359384700175	0.2685552353596525	0.090734
RHOC	Monocyte count	ukb-d-30130_irnt	Neale UKB, monocyte count	rs75472514	0.020175296791745543	0.0119394398242781	1.689802627985975	0.09106572089016218	0.2692377835013491	0.0910668
CCL8	Lymphocyte count	ukb-d-30120_irnt	Neale UKB, lymphocyte count	rs11655679	-0.08952541154189907	0.053000740731768844	-1.6891351008654336	0.09119354257165879	0.2693154508909122	0.0911927
AAMDC	Leukocyte count	ukb-d-30000_irnt	Neale UKB, white blood cell count	rs12419883	-0.013575382706747163	0.00803956822633875	-1.688571117821018	0.0913016494603065	0.2693347879518719	0.0913019
DLL1	Leukocyte count	ukb-d-30000_irnt	Neale UKB, white blood cell count	rs62428586	-0.013461329101151087	0.007982079352274065	-1.6864439085432048	0.09171033025310926	0.27023977314582864	0.0917128
JAM3	Monocyte count	ukb-d-30130_irnt	Neale UKB, monocyte count	rs605930	0.03501831594891626	0.020777943631391394	1.6853600418864578	0.09191912802116597	0.2705544145528659	0.09192
FASLG	Lymphocyte count	ukb-d-30120_irnt	Neale UKB, lymphocyte count	rs4916193	-0.025280964195306486	0.01501150594478172	-1.684105797799362	0.09216122408643512	0.27096625973084915	0.0921616
FSTL1	Leukocyte count	ukb-d-30000_irnt	Neale UKB, white blood cell count	rs1147707	0.014772378329284233	0.008777946647898636	1.6828968005656098	0.09239507107570155	0.27135296621568167	0.0923953
TNFRSF11A	Lymphocyte count	ukb-d-30120_irnt	Neale UKB, lymphocyte count	rs7234211	0.05040307546597283	0.02997501935183745	1.6815026830961213	0.0926653157272379	0.27153852835156467	0.0926659
FOSB	Neutrophil count	ukb-d-30140_irnt	Neale UKB, neutrophil count	rs1049739	0.05674751039148865	0.03374965395429743	1.681424955299811	0.09268040163869884	0.27153852835156467	0.0926808
PLA2G4A	Leukocyte count	ukb-d-30000_irnt	Neale UKB, white blood cell count	rs12072973	0.027109892407877645	0.016127365158566682	1.6809870763964914	0.09276542484408656	0.27153852835156467	0.0927662
PTGDS	Monocyte count	ukb-d-30130_irnt	Neale UKB, monocyte count	rs885070	-0.012693352802548637	0.007571902816732022	-1.6763755570791907	0.09366465357319487	0.2734016812435214	0.0936656
ACOX1	Lymphocyte count	ukb-d-30120_irnt	Neale UKB, lymphocyte count	rs8065144	-0.005218838680166318	0.003113281687741591	-1.6763143215454177	0.09367664114113894	0.2734016812435214	0.0936764
IL15	Lymphocyte count	ukb-d-30120_irnt	Neale UKB, lymphocyte count	rs60301947	-0.022457655442184567	0.01339845436547226	-1.676137771537127	0.09371120974749658	0.2734016812435214	0.093713
CRIM1	Neutrophil count	ukb-d-30140_irnt	Neale UKB, neutrophil count	rs10172196	0.02663779785494878	0.015913773120072916	1.6738832239193522	0.0941535518476162	0.2743797851449693	0.0941543
CLEC11A	Leukocyte count	ukb-d-30000_irnt	Neale UKB, white blood cell count	rs141369989	-0.011725426136747779	0.0070070499878328325	-1.6733755513529973	0.09425338773267988	0.2743797851449693	0.0942562
HGF	Lymphocyte count	ukb-d-30120_irnt	Neale UKB, lymphocyte count	rs2057938	0.0697198601639747	0.04172003558455231	1.6711361624482866	0.09469478596737724	0.27478255938693114	0.0946956
ADAM15	Lymphocyte count	ukb-d-30120_irnt	Neale UKB, lymphocyte count	rs41264285	-0.006596264453775247	0.00394719124735918	-1.6711286685661346	0.0946962658367867	0.27478255938693114	0.0946978
CCL28	Leukocyte count	ukb-d-30000_irnt	Neale UKB, white blood cell count	rs7706402	-0.03047045191426324	0.018233805735609496	-1.6710966627639523	0.09470258645537522	0.27478255938693114	0.0947022
TEX101	Lymphocyte count	ukb-d-30120_irnt	Neale UKB, lymphocyte count	rs36081957	0.01793249762110897	0.010742379695747416	1.6693226388383855	0.09505345596706682	0.2750012054383904	0.0950539
NCR1	Neutrophil count	ukb-d-30140_irnt	Neale UKB, neutrophil count	rs1671160	-0.04384591974892985	0.026267017847245392	-1.669238586729325	0.09507010574232355	0.2750012054383904	0.0950692
COQ7	Lymphocyte count	ukb-d-30120_irnt	Neale UKB, lymphocyte count	rs4630530	-0.017401981455349692	0.010425697927512538	-1.6691430709331536	0.0950890291806199	0.2750012054383904	0.0950911
CSF2RB	Monocyte count	ukb-d-30130_irnt	Neale UKB, monocyte count	rs2075938	0.02905901269675766	0.017416793920066204	1.668447868770971	0.09522685244993889	0.27509979596649015	0.095227
CD209	Monocyte count	ukb-d-30130_irnt	Neale UKB, monocyte count	rs10422720	0.02212415129247971	0.013294236816610332	1.664191152728447	0.09607423554826866	0.27724578092928015	0.0960749
NEFL	Lymphocyte count	ukb-d-30120_irnt	Neale UKB, lymphocyte count	rs2976424	-0.021375560774554152	0.012856988507445405	-1.6625635748352496	0.09639982751081799	0.27745653134079307	0.0964007
CD2	Leukocyte count	ukb-d-30000_irnt	Neale UKB, white blood cell count	rs798034	-0.08147531781956767	0.04901317265534694	-1.6623147085884344	0.09644969016416982	0.27745653134079307	0.0964495
ADAM23	Neutrophil count	ukb-d-30140_irnt	Neale UKB, neutrophil count	rs10497883	0.038393709815320747	0.023097328252120304	1.6622576168218182	0.09646113193673123	0.27745653134079307	0.0964606
C9orf40	Monocyte count	ukb-d-30130_irnt	Neale UKB, monocyte count	rs72732904	-0.023488582655700026	0.014185635798077837	-1.6558004864951308	0.09776222924511568	0.2806240777161511	0.0977642
IL10	Monocyte count	ukb-d-30130_irnt	Neale UKB, monocyte count	rs1518111	0.022788332905479228	0.013764350667519586	1.6556053718722799	0.09780176161197884	0.2806240777161511	0.0978025
ADAM23	Leukocyte count	ukb-d-30000_irnt	Neale UKB, white blood cell count	rs10497883	0.03828635352311887	0.02313066918512103	1.6552203144968605	0.09787981594549011	0.2806240777161511	0.0978814
GRN	Leukocyte count	ukb-d-30000_irnt	Neale UKB, white blood cell count	rs114641762	0.02118475827158298	0.012808799933163523	1.6539221771067791	0.09814332599474063	0.28107570252489433	0.0981454
PLXNA4	Leukocyte count	ukb-d-30000_irnt	Neale UKB, white blood cell count	rs11765742	-0.026772612062735655	0.016211179819711773	-1.6514906601789614	0.0986384263166098	0.28218889599962155	0.0986393
PDLIM7	Monocyte count	ukb-d-30130_irnt	Neale UKB, monocyte count	rs2731664	0.03285567185728015	0.019907099680065033	1.6504499593269137	0.09885094011179096	0.28249212626774745	0.098853
CPQ	Lymphocyte count	ukb-d-30120_irnt	Neale UKB, lymphocyte count	rs60893738	-0.015959592922410067	0.009679262189293535	-1.6488439521829832	0.0991796079517564	0.28298057832461776	0.0991813
PXN	Lymphocyte count	ukb-d-30120_irnt	Neale UKB, lymphocyte count	rs2238155	-0.04307304128846272	0.026128248981798916	-1.6485238378763016	0.09924522316000983	0.28298057832461776	0.0992453
CST7	Lymphocyte count	ukb-d-30120_irnt	Neale UKB, lymphocyte count	rs227653	-0.00740245492133752	0.004491638831251465	-1.6480521251694318	0.09934197527157584	0.28298057832461776	0.0993436
LCN2	Monocyte count	ukb-d-30130_irnt	Neale UKB, monocyte count	rs13297866	-0.019961190208253696	0.012126503359130786	-1.6460796337654657	0.09974736488541258	0.2835291556135282	0.099747
S100A3	Neutrophil count	ukb-d-30140_irnt	Neale UKB, neutrophil count	rs147475376	0.02635572134880611	0.016017285987313404	1.645454877292029	0.09987604063574729	0.2835291556135282	0.099878
IL1B	Monocyte count	ukb-d-30130_irnt	Neale UKB, monocyte count	rs6542082	-0.058338535996498825	0.03545640295696491	-1.6453596848870156	0.0998956582185726	0.2835291556135282	0.0998964
F2R	Monocyte count	ukb-d-30130_irnt	Neale UKB, monocyte count	rs250735	-0.011472450391527432	0.006975979221057109	-1.6445648744046788	0.10005957550356137	0.2835291556135282	0.100061
GP1BA	Monocyte count	ukb-d-30130_irnt	Neale UKB, monocyte count	rs67059207	-0.05594168296553839	0.03401976618172393	-1.6443876382545903	0.10009615692846952	0.2835291556135282	0.100097
KLRC1	Leukocyte count	ukb-d-30000_irnt	Neale UKB, white blood cell count	rs11053802	0.00907455343888534	0.005521527235880004	1.643486131865302	0.10028239235250624	0.2835291556135282	0.100284
CHI3L1	Leukocyte count	ukb-d-30000_irnt	Neale UKB, white blood cell count	rs7518666	0.0065850692933376136	0.004006775423615131	1.6434834991066722	0.10028293663857069	0.2835291556135282	0.100284
FCRL6	Leukocyte count	ukb-d-30000_irnt	Neale UKB, white blood cell count	rs11585836	-0.007847268877777052	0.0047779516330416485	-1.6423918617153253	0.10050882042842169	0.283865166960782	0.10051
RALB	Lymphocyte count	ukb-d-30120_irnt	Neale UKB, lymphocyte count	rs4849847	0.009907383281145273	0.006047909735397152	1.638149991419255	0.10139040868437155	0.2860503870542057	0.101391
MGLL	Neutrophil count	ukb-d-30140_irnt	Neale UKB, neutrophil count	rs664910	-0.0267191576795642	0.01637434667703268	-1.631769389434118	0.10272807606821721	0.2895163206513412	0.102729
MYL4	Neutrophil count	ukb-d-30140_irnt	Neale UKB, neutrophil count	rs11570546	0.0938094748492615	0.05752929501731461	1.6306383525302655	0.10296665156450358	0.28988063688860244	0.102967
CLEC4D	Lymphocyte count	ukb-d-30120_irnt	Neale UKB, lymphocyte count	rs57832572	0.007130093692624744	0.004376174415415577	1.6292983358954272	0.1032498782757294	0.29036975311477664	0.103251
FOLR2	Neutrophil count	ukb-d-30140_irnt	Neale UKB, neutrophil count	rs10501409	0.0595495550116491	0.03659655928113649	1.6271899922117437	0.10369675258084476	0.29131757186906815	0.103698
VIT	Monocyte count	ukb-d-30130_irnt	Neale UKB, monocyte count	rs4670616	0.014465809184853743	0.00890885928289772	1.6237554916400647	0.104428002609108	0.2930614422427031	0.104429
MTUS1	Leukocyte count	ukb-d-30000_irnt	Neale UKB, white blood cell count	rs17125481	-0.0060972468795415895	0.00375915630350263	-1.6219721627058765	0.10480930870256255	0.29382059902663415	0.10481
YES1	Leukocyte count	ukb-d-30000_irnt	Neale UKB, white blood cell count	rs8089369	-0.025940912905564203	0.016002121449111218	-1.6210921150710926	0.10499788477591854	0.29403842705991123	0.104999
GSR	Neutrophil count	ukb-d-30140_irnt	Neale UKB, neutrophil count	rs3594	0.010363645524694579	0.0064049463286306625	1.6180690661478598	0.1056477141317691	0.29554613700153126	0.105649
CD300E	Leukocyte count	ukb-d-30000_irnt	Neale UKB, white blood cell count	rs72847193	0.012821274463512118	0.007932632365223853	1.6162698424951287	0.10603598409920645	0.2963197363868235	0.106037
GRN	Lymphocyte count	ukb-d-30120_irnt	Neale UKB, lymphocyte count	rs114641762	0.020649090786660218	0.012780544734441587	1.6156659372283342	0.1061665593772747	0.2963723320721395	0.106168
CD84	Neutrophil count	ukb-d-30140_irnt	Neale UKB, neutrophil count	rs10908788	-0.012689580758722438	0.00786023600897105	-1.6144020032273279	0.10644025749828145	0.29682393573653254	0.106441
HAVCR1	Monocyte count	ukb-d-30130_irnt	Neale UKB, monocyte count	rs1501909	-0.04007062367513674	0.024901209889921342	-1.6091838048140445	0.10757615658960207	0.29967516814748457	0.107576
PPIF	Neutrophil count	ukb-d-30140_irnt	Neale UKB, neutrophil count	rs7086293	-0.027696321905132444	0.017216915983703958	-1.6086691676574008	0.10768870107260664	0.29967516814748457	0.10769
KYNU	Lymphocyte count	ukb-d-30120_irnt	Neale UKB, lymphocyte count	rs76560560	0.009474943635745775	0.00589261160779691	1.607936220199689	0.10784914811326618	0.2998070658242997	0.10785
NRP1	Lymphocyte count	ukb-d-30120_irnt	Neale UKB, lymphocyte count	rs743104	-0.011833226783559575	0.0073771826562471715	-1.6040306082890494	0.10870730594607614	0.3013631888073289	0.108708
VMO1	Neutrophil count	ukb-d-30140_irnt	Neale UKB, neutrophil count	rs9895322	0.014265599083494798	0.008895247983220344	1.6037325896259305	0.10877300908322152	0.3013631888073289	0.108774
TIMD4	Neutrophil count	ukb-d-30140_irnt	Neale UKB, neutrophil count	rs953569	0.02914124454236411	0.01817377484367247	1.6034778021094591	0.10882920610535529	0.3013631888073289	0.108831
PPBP	Monocyte count	ukb-d-30130_irnt	Neale UKB, monocyte count	rs187082	-0.09472534965299907	0.059080659390883826	-1.6033224853887673	0.10886347468982693	0.3013631888073289	0.108864
STK11	Monocyte count	ukb-d-30130_irnt	Neale UKB, monocyte count	rs3764640	0.015050699413312597	0.00939244825076061	1.602425588247854	0.1090615301902087	0.30145724491467496	0.109062
ITGAX	Leukocyte count	ukb-d-30000_irnt	Neale UKB, white blood cell count	rs11574631	-0.005912847474667044	0.003690594962827321	-1.6021393662059522	0.10912479453924884	0.30145724491467496	0.109125
ENTPD5	Leukocyte count	ukb-d-30000_irnt	Neale UKB, white blood cell count	rs118113209	-0.0300246589553414	0.018776580112406877	-1.599048323794715	0.10980986562229411	0.30303409326776687	0.109811
TNFRSF21	Monocyte count	ukb-d-30130_irnt	Neale UKB, monocyte count	rs6938470	0.08330554728620598	0.05211415746478705	1.5985204661995083	0.10992719432679321	0.3030425357117002	0.109928
FHIT	Lymphocyte count	ukb-d-30120_irnt	Neale UKB, lymphocyte count	rs11130745	0.014300626319873225	0.008979328030559708	1.5926165378080999	0.11124624122442883	0.30636036524110616	0.111247
EGLN1	Leukocyte count	ukb-d-30000_irnt	Neale UKB, white blood cell count	rs74143867	-0.010111709951689127	0.006364959450303348	-1.5886526898780498	0.11213882550719001	0.30810441166860286	0.11214
CNTNAP2	Monocyte count	ukb-d-30130_irnt	Neale UKB, monocyte count	rs12704004	-0.013519963621383089	0.008511050081320826	-1.5885188657337723	0.11216905847093006	0.30810441166860286	0.11217
ARSB	Monocyte count	ukb-d-30130_irnt	Neale UKB, monocyte count	rs57586329	-0.00858353218971007	0.005404369939114552	-1.588257703749346	0.11222807755349562	0.30810441166860286	0.112229
VIT	Neutrophil count	ukb-d-30140_irnt	Neale UKB, neutrophil count	rs4670616	0.014517056455294886	0.009149855203715385	1.5865886543647267	0.11260583872013519	0.3085546772797616	0.112607
HIP1	Monocyte count	ukb-d-30130_irnt	Neale UKB, monocyte count	rs1186222	0.0041389098990991455	0.0026088223676663334	1.5865050646593157	0.11262478416546351	0.3085546772797616	0.112627
SPON2	Lymphocyte count	ukb-d-30120_irnt	Neale UKB, lymphocyte count	rs73067776	-0.022904287654719965	0.014444816718686528	-1.5856405865703957	0.11282086385382906	0.3085668158433517	0.112822
MAPK9	Lymphocyte count	ukb-d-30120_irnt	Neale UKB, lymphocyte count	rs6601106	0.013925436297865475	0.008783216657579996	1.5854597285662648	0.11286191982204041	0.3085668158433517	0.112863
TLR2	Leukocyte count	ukb-d-30000_irnt	Neale UKB, white blood cell count	rs1439164	-0.02706088388012993	0.017079458347749585	-1.5844111288046505	0.11310019102969893	0.30873437106455376	0.1131
PGLYRP1	Lymphocyte count	ukb-d-30120_irnt	Neale UKB, lymphocyte count	rs12980641	-0.008637565921789112	0.00545243871863099	-1.5841656124028571	0.11315603645352423	0.30873437106455376	0.113156
IGFBP7	Monocyte count	ukb-d-30130_irnt	Neale UKB, monocyte count	rs2271808	0.01785379173217318	0.011290818657720908	1.5812663610503006	0.11381714765341533	0.3102189882598741	0.113818
CFD	Lymphocyte count	ukb-d-30120_irnt	Neale UKB, lymphocyte count	rs71335276	-0.004409603088963582	0.0027932144765994487	-1.578684030856083	0.114408549482103	0.3115107527993195	0.11441
CD200R1	Neutrophil count	ukb-d-30140_irnt	Neale UKB, neutrophil count	rs61629858	-0.010314155465574626	0.006538384538157405	-1.5774776483980366	0.11468566116878298	0.31188563491426985	0.114687
CRISP3	Neutrophil count	ukb-d-30140_irnt	Neale UKB, neutrophil count	rs78730163	0.027310884093371676	0.017317580209838274	1.5770612153917505	0.11478144030027426	0.31188563491426985	0.114783
CD22	Lymphocyte count	ukb-d-30120_irnt	Neale UKB, lymphocyte count	rs12327820	-0.025603963638751608	0.0162429629090659	-1.5763111559197693	0.11495411189905136	0.31203511234010667	0.114955
KLRB1	Neutrophil count	ukb-d-30140_irnt	Neale UKB, neutrophil count	rs10771784	-0.017610588025310014	0.011181019459067873	-1.5750431425130669	0.11524648660391534	0.31250887778485015	0.115248
QPCT	Leukocyte count	ukb-d-30000_irnt	Neale UKB, white blood cell count	rs7593932	0.02428330970851208	0.015426695137730952	1.574109651594749	0.11546210162771642	0.3127737421008212	0.115462
IL1B	Neutrophil count	ukb-d-30140_irnt	Neale UKB, neutrophil count	rs6542082	-0.057204260649674835	0.03641564431952809	-1.570870479394449	0.11621273689463218	0.31448589616792305	0.116213
HK2	Leukocyte count	ukb-d-30000_irnt	Neale UKB, white blood cell count	rs3100578	0.00889167668321267	0.005664523725449906	1.5697130269335127	0.11648188918343849	0.3148929358965126	0.116483
DUSP13	Lymphocyte count	ukb-d-30120_irnt	Neale UKB, lymphocyte count	rs2657291	0.08088039509010042	0.051572782378742334	1.5682767413269973	0.11681656150881903	0.3154760907549777	0.116817
IL15RA	Lymphocyte count	ukb-d-30120_irnt	Neale UKB, lymphocyte count	rs8177637	0.011836040218442196	0.007570644479352169	1.5634125008410147	0.11795560170599084	0.3178625237699081	0.117957
FCRL6	Neutrophil count	ukb-d-30140_irnt	Neale UKB, neutrophil count	rs11585836	-0.007455042951642587	0.004771186391791324	-1.5625134588052887	0.11816707777633262	0.3178625237699081	0.118168
IL6ST	Leukocyte count	ukb-d-30000_irnt	Neale UKB, white blood cell count	rs7731626	-0.03278556676921208	0.020983856567263724	-1.5624185508568451	0.11818941972679409	0.3178625237699081	0.11819
GRN	Neutrophil count	ukb-d-30140_irnt	Neale UKB, neutrophil count	rs114641762	0.01998057597757703	0.012791144424809591	1.562063198881789	0.1182731013298155	0.3178625237699081	0.118274
HIF1A	Neutrophil count	ukb-d-30140_irnt	Neale UKB, neutrophil count	rs111522409	0.022946076100129463	0.014690649665114115	1.5619510793058737	0.11829951393699067	0.3178625237699081	0.118301
KCTD5	Monocyte count	ukb-d-30130_irnt	Neale UKB, monocyte count	rs11642342	-0.03744829425444728	0.02401576997921581	-1.5593209914508888	0.11892042581792905	0.3192074587744412	0.118922
TNFRSF4	Neutrophil count	ukb-d-30140_irnt	Neale UKB, neutrophil count	rs7536568	-0.017898786293380767	0.011498517513624995	-1.5566168657978623	0.11956147706113929	0.32060367761996095	0.119562
CFH	Monocyte count	ukb-d-30130_irnt	Neale UKB, monocyte count	rs203680	-0.03584622610322447	0.0230500476273457	-1.5551475937384993	0.11991092212979981	0.32107628399729	0.119911
BAIAP2	Neutrophil count	ukb-d-30140_irnt	Neale UKB, neutrophil count	rs56068957	0.013058234731794228	0.008398558630318496	1.5548185476320269	0.1199892904965727	0.32107628399729	0.119991
GALNT3	Neutrophil count	ukb-d-30140_irnt	Neale UKB, neutrophil count	rs12618003	-0.047138086616380664	0.03032655711606906	-1.5543500845140024	0.12010093277726686	0.32107628399729	0.120101
CD3E	Lymphocyte count	ukb-d-30120_irnt	Neale UKB, lymphocyte count	rs894678	0.02582887192868188	0.016626947065209202	1.5534344234923982	0.12031938435126666	0.32133636183238584	0.12032
TCL1B	Leukocyte count	ukb-d-30000_irnt	Neale UKB, white blood cell count	rs1743519	0.01283507764783592	0.008268127997165217	1.5523559446874204	0.12057707860076494	0.321526598164876	0.120578
NEFL	Leukocyte count	ukb-d-30000_irnt	Neale UKB, white blood cell count	rs2976424	-0.02000134306802326	0.012886452386433793	-1.552121753003151	0.12063309395703303	0.321526598164876	0.120635
PDGFA	Neutrophil count	ukb-d-30140_irnt	Neale UKB, neutrophil count	rs12720032	0.012262287678228241	0.007909481696695989	1.5503275876282185	0.12106290903617611	0.3223482276746376	0.121063
NCF2	Monocyte count	ukb-d-30130_irnt	Neale UKB, monocyte count	rs10797890	-0.02464783846136294	0.015905806037906187	-1.5496126636162313	0.12123451161965271	0.32248136892208523	0.121236
SPARC	Leukocyte count	ukb-d-30000_irnt	Neale UKB, white blood cell count	rs11167553	-0.02188983956940874	0.01414083090127861	-1.5479882138629821	0.12162513419980847	0.3231962483946815	0.121627
ADAMTS4	Neutrophil count	ukb-d-30140_irnt	Neale UKB, neutrophil count	rs112434951	0.026077509466459668	0.01689292807752154	1.543693866853049	0.12266251280895046	0.32544409320705275	0.122663
PSTPIP2	Lymphocyte count	ukb-d-30120_irnt	Neale UKB, lymphocyte count	rs920295	-0.02329373669183299	0.015096450253628336	-1.5429943000166206	0.1228321589143011	0.32544409320705275	0.122832
MAP1LC3A	Leukocyte count	ukb-d-30000_irnt	Neale UKB, white blood cell count	rs6059919	0.00705444553748754	0.004572005264064856	1.5429653139147106	0.12283919204383853	0.32544409320705275	0.122841
SNED1	Neutrophil count	ukb-d-30140_irnt	Neale UKB, neutrophil count	rs111678023	0.04460187419185213	0.028939487991850147	1.5412115862040399	0.12326529855953261	0.32624707762463123	0.123266
TSPAN15	Monocyte count	ukb-d-30130_irnt	Neale UKB, monocyte count	rs17569412	-0.017162465608312118	0.011148682793149997	-1.5394164428875063	0.12370266235809879	0.32707822589599	0.123703
PSTPIP2	Leukocyte count	ukb-d-30000_irnt	Neale UKB, white blood cell count	rs920295	0.023248682464362395	0.015129401461762032	1.5366557971986525	0.12437762099092575	0.32853530962941746	0.124378
CPXM1	Lymphocyte count	ukb-d-30120_irnt	Neale UKB, lymphocyte count	rs34211052	0.05196587485541123	0.03388277660049508	1.533695879417743	0.12510448796795215	0.33012646974229765	0.125105
EDAR	Leukocyte count	ukb-d-30000_irnt	Neale UKB, white blood cell count	rs4676230	-0.038644436232091385	0.02522197985814666	-1.5321729875860357	0.12547975247006038	0.33078757808210746	0.12548
AAMDC	Neutrophil count	ukb-d-30140_irnt	Neale UKB, neutrophil count	rs12419883	-0.01229542078777195	0.008027805401286357	-1.5316042396595413	0.12562012567533642	0.33082877188777776	0.125621
IFNGR2	Monocyte count	ukb-d-30130_irnt	Neale UKB, monocyte count	rs17879003	-0.008792469744717089	0.005744700310974769	-1.5305358449978343	0.12588414794614744	0.3311951987630784	0.125885
PTGR1	Monocyte count	ukb-d-30130_irnt	Neale UKB, monocyte count	rs10113961	0.017357475014628365	0.011345822213854178	1.5298560727871682	0.12605235851735763	0.3313090731298637	0.126054
LILRA2	Leukocyte count	ukb-d-30000_irnt	Neale UKB, white blood cell count	rs28384500	0.006834379832887978	0.004476931300770261	1.5265768835255782	0.1268662588671623	0.3331181371442717	0.126867
RELB	Neutrophil count	ukb-d-30140_irnt	Neale UKB, neutrophil count	rs8111826	-0.07323129744865739	0.04802007305015934	-1.5250142866747345	0.12725553426742087	0.33380976941365	0.127256
LPCAT2	Leukocyte count	ukb-d-30000_irnt	Neale UKB, white blood cell count	rs12934747	-0.005509098283638335	0.003618121803828532	-1.5226403593734343	0.1278487066511378	0.33500256130582073	0.127849
MTSS1	Lymphocyte count	ukb-d-30120_irnt	Neale UKB, lymphocyte count	rs11778063	-0.009631239605429404	0.0063284064079279275	-1.5219059877955758	0.12803263862957137	0.33500256130582073	0.128033
DRAXIN	Lymphocyte count	ukb-d-30120_irnt	Neale UKB, lymphocyte count	rs12139487	-0.015823121824906115	0.010398453721345428	-1.5216802660212063	0.12808921461693146	0.33500256130582073	0.12809
TNFSF8	Leukocyte count	ukb-d-30000_irnt	Neale UKB, white blood cell count	rs10817679	-0.012489104852209816	0.008213236713667277	-1.5206069528505441	0.12835850097317536	0.3353761030353311	0.12836
MFAP3L	Monocyte count	ukb-d-30130_irnt	Neale UKB, monocyte count	rs79989634	-0.027926294573625585	0.018389685836776547	-1.5185846469316668	0.12886707808834896	0.3362420038506452	0.128868
SNCA	Leukocyte count	ukb-d-30000_irnt	Neale UKB, white blood cell count	rs2245801	0.015367041702343539	0.010121339862324307	1.5182813650538345	0.12894348337711392	0.3362420038506452	0.128944
SCPEP1	Leukocyte count	ukb-d-30000_irnt	Neale UKB, white blood cell count	rs8072896	0.024156637195944086	0.01592853487537127	1.516563662945242	0.12937688548717086	0.33679585348803365	0.129377
ENG	Monocyte count	ukb-d-30130_irnt	Neale UKB, monocyte count	rs10987758	0.011021933603318414	0.007269122818790153	1.516267351382139	0.1294517636379242	0.33679585348803365	0.129453
SERPINF2	Monocyte count	ukb-d-30130_irnt	Neale UKB, monocyte count	rs8070192	0.00791525020371032	0.005221946503987263	1.5157662372961043	0.12957847211507767	0.33679585348803365	0.129579
LILRB4	Monocyte count	ukb-d-30130_irnt	Neale UKB, monocyte count	rs370156	0.00954984124158615	0.006301742197999111	1.5154287404233	0.1296638636543297	0.33679585348803365	0.129664
PZP	Monocyte count	ukb-d-30130_irnt	Neale UKB, monocyte count	rs2159959	0.0047755254562152375	0.00315689151817572	1.5127303009052655	0.13034817949790645	0.3382420469945674	0.130349
CHL1	Lymphocyte count	ukb-d-30120_irnt	Neale UKB, lymphocyte count	rs13072907	0.03532919573180727	0.023380054387130464	1.5110827009561707	0.1307673815761694	0.3389981387487793	0.130768
PROC	Neutrophil count	ukb-d-30140_irnt	Neale UKB, neutrophil count	rs971207	-0.02200793968770678	0.014586391918927497	-1.5087994214079072	0.1313500486743131	0.34017610262136555	0.13135
APBB1IP	Monocyte count	ukb-d-30130_irnt	Neale UKB, monocyte count	rs10764619	-0.011864200602211309	0.007876591777328914	-1.5062606946775985	0.13200026394791564	0.34152653657548515	0.132001
BACH1	Monocyte count	ukb-d-30130_irnt	Neale UKB, monocyte count	rs1153287	-0.0474724936790929	0.031539543170218495	-1.5051737884370893	0.13227940218487522	0.3419151799164611	0.13228
IFI30	Lymphocyte count	ukb-d-30120_irnt	Neale UKB, lymphocyte count	rs12459300	0.011514087271658062	0.0076630311980495705	1.5025499667270934	0.13295513377265378	0.34332718088128317	0.132957
SERPINE1	Neutrophil count	ukb-d-30140_irnt	Neale UKB, neutrophil count	rs2227667	-0.046457778012516354	0.03096314683204627	-1.5004217195531766	0.1335051968800709	0.34416158388440377	0.133506
SIGLEC9	Lymphocyte count	ukb-d-30120_irnt	Neale UKB, lymphocyte count	rs12983058	0.015903182548416887	0.010603572779083734	1.4997947276588692	0.13366758348451557	0.34416158388440377	0.133668
SIGLEC7	Lymphocyte count	ukb-d-30120_irnt	Neale UKB, lymphocyte count	rs12983058	0.016447200164479224	0.010966300828482557	1.4997947276588688	0.1336675834845158	0.34416158388440377	0.133668
MPRIP	Lymphocyte count	ukb-d-30120_irnt	Neale UKB, lymphocyte count	rs11867934	0.031237866422518877	0.020853625134145463	1.497958566991328	0.13414401562352296	0.34505327782112793	0.134145
ADAMTS4	Leukocyte count	ukb-d-30000_irnt	Neale UKB, white blood cell count	rs112434951	0.025295883159465488	0.01692138305335018	1.4949063607692092	0.134938882006306	0.3467615456208561	0.13494
TGFBR3	Leukocyte count	ukb-d-30000_irnt	Neale UKB, white blood cell count	rs36048657	-0.034154619031447134	0.02287268616459536	-1.4932491437894637	0.13537198240970127	0.34753775154939764	0.135373
ARG1	Leukocyte count	ukb-d-30000_irnt	Neale UKB, white blood cell count	rs2246012	-0.007937726912722428	0.005333852569841955	-1.488178911731268	0.13670371712240703	0.35029500108747225	0.136704
PDE4D	Neutrophil count	ukb-d-30140_irnt	Neale UKB, neutrophil count	rs9291685	0.016881101982494432	0.011343648774855034	1.4881545010379753	0.13671015313934154	0.35029500108747225	0.136711
LTA4H	Leukocyte count	ukb-d-30000_irnt	Neale UKB, white blood cell count	rs6538697	-0.00994093242978644	0.006688574674657151	-1.4862557291095806	0.13721149183150594	0.3504521233145623	0.137213
MYL6B	Monocyte count	ukb-d-30130_irnt	Neale UKB, monocyte count	rs11171747	0.0237117689455142	0.015962443134014695	1.4854724146196836	0.13741872548570466	0.3504521233145623	0.13742
PCDH9	Monocyte count	ukb-d-30130_irnt	Neale UKB, monocyte count	rs9317655	0.07325945675891567	0.0493363233282428	1.484898991591008	0.1375705832151115	0.3504521233145623	0.137571
SORBS1	Neutrophil count	ukb-d-30140_irnt	Neale UKB, neutrophil count	rs7070798	-0.05094838314000579	0.034311218176888765	-1.4848899528237511	0.1375729779574697	0.3504521233145623	0.137574
FAM3D	Neutrophil count	ukb-d-30140_irnt	Neale UKB, neutrophil count	rs12489751	0.02288978989859347	0.015419207056706104	1.4844985098399253	0.13767671819352922	0.3504521233145623	0.137678
CYTH3	Lymphocyte count	ukb-d-30120_irnt	Neale UKB, lymphocyte count	rs6958932	-0.011349622897172885	0.007645706673919392	-1.4844439345140044	0.13769118653791623	0.3504521233145623	0.137691
FOSB	Leukocyte count	ukb-d-30000_irnt	Neale UKB, white blood cell count	rs1049739	0.05017119934096035	0.03379843137371941	1.4844239008077718	0.13769649792374583	0.3504521233145623	0.137697
PLA2G7	Lymphocyte count	ukb-d-30120_irnt	Neale UKB, lymphocyte count	rs7745519	0.011458702819908888	0.007723991350634852	1.4835209284597493	0.13793606023496174	0.35072524615831113	0.137937
CD84	Leukocyte count	ukb-d-30000_irnt	Neale UKB, white blood cell count	rs10908788	-0.011655877694567461	0.00787054261849095	-1.480949695537293	0.138619978911255	0.35196922523672736	0.138621
CPQ	Monocyte count	ukb-d-30130_irnt	Neale UKB, monocyte count	rs60893738	-0.013965299824575204	0.009432127289353946	-1.4806097708560249	0.13871059016432086	0.35196922523672736	0.138711
PLA2G4A	Neutrophil count	ukb-d-30140_irnt	Neale UKB, neutrophil count	rs12072973	0.02383389980493593	0.016103891281737212	1.4800087375133373	0.13887091489624437	0.35196922523672736	0.138872
CD72	Monocyte count	ukb-d-30130_irnt	Neale UKB, monocyte count	rs10814260	-0.025947567084910528	0.017541514267815084	-1.4792090744707684	0.13908444500852424	0.35196922523672736	0.139085
IGFBP6	Neutrophil count	ukb-d-30140_irnt	Neale UKB, neutrophil count	rs11170393	0.037851724265481924	0.025589452537455645	1.4791924215681371	0.13908889443743977	0.35196922523672736	0.13909
CCDC50	Leukocyte count	ukb-d-30000_irnt	Neale UKB, white blood cell count	rs4687210	-0.01604980052980258	0.010856227972318848	-1.4783956794870443	0.1393019011694827	0.35217220390988385	0.139303
RAB27B	Leukocyte count	ukb-d-30000_irnt	Neale UKB, white blood cell count	rs7244800	-0.026424107979197368	0.01790111998949633	-1.476114790286976	0.13991307904275185	0.35331085514636107	0.139914
NCF2	Neutrophil count	ukb-d-30140_irnt	Neale UKB, neutrophil count	rs10797890	0.02410754352214393	0.016336109427474443	1.475721231494649	0.14001874387587687	0.35331085514636107	0.140019
DSG2	Monocyte count	ukb-d-30130_irnt	Neale UKB, monocyte count	rs1460602	-0.06492862823338443	0.044027560784266145	-1.4747269000781793	0.14028598096582945	0.3536486896591062	0.140287
PPIF	Leukocyte count	ukb-d-30000_irnt	Neale UKB, white blood cell count	rs7086293	-0.025382834305811515	0.01724042262629069	-1.4722860834689804	0.14094363971968527	0.3549691667014296	0.140945
LPCAT2	Lymphocyte count	ukb-d-30120_irnt	Neale UKB, lymphocyte count	rs12934747	-0.005305948254665981	0.0036099196723888716	-1.4698244659706676	0.1416093010732553	0.3561028223836168	0.14161
ENG	Lymphocyte count	ukb-d-30120_irnt	Neale UKB, lymphocyte count	rs10987758	-0.010962833957974424	0.0074595939639115014	-1.4696287775194092	0.1416623218758355	0.3561028223836168	0.141663
FCER2	Lymphocyte count	ukb-d-30120_irnt	Neale UKB, lymphocyte count	rs11260012	-0.013806195096015996	0.009401495200695905	-1.4685105721262348	0.14196558663136782	0.35652721188104874	0.141967
CST7	Neutrophil count	ukb-d-30140_irnt	Neale UKB, neutrophil count	rs227653	0.00659682301720926	0.00449536426779896	1.4674724058433701	0.14224759040138135	0.35685726249406835	0.142248
FCGR2A	Monocyte count	ukb-d-30130_irnt	Neale UKB, monocyte count	rs6700241	0.03068167231858789	0.02091404869164291	1.4670364772961462	0.14236613262395337	0.35685726249406835	0.142367
IGFBP6	Lymphocyte count	ukb-d-30120_irnt	Neale UKB, lymphocyte count	rs11170393	0.03747619310810545	0.02556830186197932	1.465728671008592	0.14272222003070167	0.3571036113631918	0.142723
SORBS1	Leukocyte count	ukb-d-30000_irnt	Neale UKB, white blood cell count	rs7070798	-0.050363685993902445	0.034361841306421524	-1.4656864731079036	0.14273372098227122	0.3571036113631918	0.142736
SCARF1	Lymphocyte count	ukb-d-30120_irnt	Neale UKB, lymphocyte count	rs150715762	-0.10146960964536739	0.06929158269367278	-1.464385798401353	0.143088566205138	0.35765398452028835	0.143089
ARSB	Neutrophil count	ukb-d-30140_irnt	Neale UKB, neutrophil count	rs57586329	-0.008113161192610838	0.0055505675397811045	-1.4616813748258242	0.14382854344573714	0.358764833487845	0.143829
SCPEP1	Monocyte count	ukb-d-30130_irnt	Neale UKB, monocyte count	rs8072896	0.022633367843266722	0.015486009416085326	1.46153648981754	0.14386826916007367	0.358764833487845	0.143869
TNFRSF13B	Leukocyte count	ukb-d-30000_irnt	Neale UKB, white blood cell count	rs55770108	0.06455269476297942	0.04417546913545418	1.461279212792128	0.1439388321384114	0.358764833487845	0.14394
CES1	Monocyte count	ukb-d-30130_irnt	Neale UKB, monocyte count	rs12443580	-0.005259708526157559	0.0036077662760580693	-1.4578850523278466	0.14487222941202793	0.36075225577530334	0.144873
EFHD1	Monocyte count	ukb-d-30130_irnt	Neale UKB, monocyte count	rs4524114	0.0219450743219726	0.015057887499088929	1.4573806799460003	0.14501132713390152	0.36075988701604766	0.145011
MFAP3L	Neutrophil count	ukb-d-30140_irnt	Neale UKB, neutrophil count	rs79989634	-0.027438800197301032	0.018887145171675966	-1.4527764756343124	0.14628582550568425	0.36335760844308157	0.146286
CASP3	Lymphocyte count	ukb-d-30120_irnt	Neale UKB, lymphocyte count	rs72689261	0.011419889542073241	0.007861585594664981	1.4526191192045268	0.14632953462187448	0.36335760844308157	0.14633
SWAP70	Lymphocyte count	ukb-d-30120_irnt	Neale UKB, lymphocyte count	rs360155	0.011727832275763461	0.008085639761494793	1.4504519891689234	0.14693251830590714	0.3645136001377603	0.146934
SIGLEC6	Leukocyte count	ukb-d-30000_irnt	Neale UKB, white blood cell count	rs2305772	0.027133556354569145	0.01873711642830072	1.4481180419835766	0.14758404055929475	0.36578773417126137	0.147585
IL18BP	Lymphocyte count	ukb-d-30120_irnt	Neale UKB, lymphocyte count	rs2298455	-0.03428744618773602	0.023773852223742307	-1.4422335036428833	0.14923651198593335	0.36953802967945404	0.149237
DPP4	Lymphocyte count	ukb-d-30120_irnt	Neale UKB, lymphocyte count	rs13015258	-0.02788655509756394	0.019355745379807106	-1.4407378558852404	0.14965875581451593	0.3698186542092763	0.14966
YES1	Neutrophil count	ukb-d-30140_irnt	Neale UKB, neutrophil count	rs8089369	-0.023017333717461296	0.01597832917618801	-1.440534455364913	0.14971624917231097	0.3698186542092763	0.149718
RTN4R	Lymphocyte count	ukb-d-30120_irnt	Neale UKB, lymphocyte count	rs78426131	-0.05830776152704029	0.04048164049531614	-1.4403507568767302	0.14976818801687886	0.3698186542092763	0.14977
PDCD1LG2	Neutrophil count	ukb-d-30140_irnt	Neale UKB, neutrophil count	rs16923189	0.012956369594872076	0.009003974947519217	1.4389610888957245	0.15016154764610423	0.37044504591392413	0.150163
SPP1	Lymphocyte count	ukb-d-30120_irnt	Neale UKB, lymphocyte count	rs2853749	-0.008345091338374442	0.005819188629708758	-1.4340644150578261	0.1515538815862274	0.3732041784877217	0.151555
C2	Monocyte count	ukb-d-30130_irnt	Neale UKB, monocyte count	rs488755	-0.02166385436363948	0.015111971650644705	-1.4335557837494526	0.151699069138012	0.3732041784877217	0.1517
ESM1	Lymphocyte count	ukb-d-30120_irnt	Neale UKB, lymphocyte count	rs6891823	-0.01944671767642573	0.013565474258171917	-1.4335449912273373	0.1517021509840739	0.3732041784877217	0.151703
GSTM4	Lymphocyte count	ukb-d-30120_irnt	Neale UKB, lymphocyte count	rs11101980	0.00517180273521445	0.0036116242482864998	1.4319880418535127	0.15214724363478238	0.3739522614638025	0.152148
MANSC1	Lymphocyte count	ukb-d-30120_irnt	Neale UKB, lymphocyte count	rs11054833	-0.02549136243559129	0.017813739679184776	-1.4309944399478207	0.15243180864468453	0.37430477456083644	0.152432
VSTM1	Neutrophil count	ukb-d-30140_irnt	Neale UKB, neutrophil count	rs10500316	-0.004496788502076456	0.003147328960677581	-1.428763423925141	0.15307224154871313	0.3751826105242026	0.153072
OSCAR	Neutrophil count	ukb-d-30140_irnt	Neale UKB, neutrophil count	rs10500316	-0.005732057100930749	0.004011900784234434	-1.428763423925141	0.15307224154871313	0.3751826105242026	0.153072
NRN1	Leukocyte count	ukb-d-30000_irnt	Neale UKB, white blood cell count	rs6906850	0.014119751913697619	0.009887749444103722	1.4280046226411542	0.1532905279883292	0.3753368133867217	0.153292
TNFRSF8	Lymphocyte count	ukb-d-30120_irnt	Neale UKB, lymphocyte count	rs1148462	0.04683313522505479	0.03280639535835788	1.4275611420723615	0.15341821482323015	0.3753368133867217	0.15342
ERBB2	Monocyte count	ukb-d-30130_irnt	Neale UKB, monocyte count	rs903506	0.050842422750671544	0.03565451708442258	1.425974235754957	0.1538757791246974	0.3757253667022919	0.153877
RALB	Monocyte count	ukb-d-30130_irnt	Neale UKB, monocyte count	rs4849847	-0.008403544016238027	0.00589349682555773	-1.4259011695391488	0.1538968717945033	0.3757253667022919	0.153897
BMP6	Lymphocyte count	ukb-d-30120_irnt	Neale UKB, lymphocyte count	rs9406052	0.028272344099937362	0.019834790234353215	1.425391635902989	0.15404402447552856	0.3757253667022919	0.154044
SCARB2	Monocyte count	ukb-d-30130_irnt	Neale UKB, monocyte count	rs13111888	-0.015315005995547594	0.010747021418422636	-1.4250465686515223	0.15414374018555566	0.3757253667022919	0.154145
TCL1B	Lymphocyte count	ukb-d-30120_irnt	Neale UKB, lymphocyte count	rs1743519	0.011735204370380914	0.008249238816781608	1.422580268437341	0.1548578673157328	0.3767840088138333	0.154858
TNFRSF19	Neutrophil count	ukb-d-30140_irnt	Neale UKB, neutrophil count	rs7334672	-0.07491947721393079	0.05266505277095521	-1.4225653117592412	0.1548622057341924	0.3767840088138333	0.154863
ADA	Lymphocyte count	ukb-d-30120_irnt	Neale UKB, lymphocyte count	rs2007720	-0.008420431800557564	0.005929621665637466	-1.4200622359019128	0.15558956322385953	0.3782067109712883	0.155591
MNDA	Leukocyte count	ukb-d-30000_irnt	Neale UKB, white blood cell count	rs703151	0.009744027674554517	0.0068864010157998505	1.4149666352857255	0.15707827876457858	0.3814758198568337	0.157079
COL24A1	Lymphocyte count	ukb-d-30120_irnt	Neale UKB, lymphocyte count	rs114744497	-0.023619563563572796	0.016710773181816165	-1.4134333167345263	0.1575283552844553	0.382215244677539	0.157529
GNLY	Lymphocyte count	ukb-d-30120_irnt	Neale UKB, lymphocyte count	rs12151742	-0.004906686511225703	0.0034726587814350894	-1.4129480666102172	0.15767099459925626	0.382215244677539	0.157673
ACP5	Monocyte count	ukb-d-30130_irnt	Neale UKB, monocyte count	rs9305023	-0.004721712847817737	0.003348156676319606	-1.4102425018556735	0.1584680899255848	0.3834837001365175	0.15847
FAM3D	Lymphocyte count	ukb-d-30120_irnt	Neale UKB, lymphocyte count	rs12489751	0.021719379461468055	0.01540644498752409	1.4097593233907033	0.15861076123489348	0.3834837001365175	0.158612
GMPR	Neutrophil count	ukb-d-30140_irnt	Neale UKB, neutrophil count	rs3818407	-0.04776260806660152	0.03388138076124221	-1.4097007557979575	0.15862806148180986	0.3834837001365175	0.158629
CR1	Neutrophil count	ukb-d-30140_irnt	Neale UKB, neutrophil count	rs115290463	-0.028160184391874902	0.020047073256768102	-1.404703022291183	0.16010960668633611	0.38671282052109596	0.160112
LRG1	Leukocyte count	ukb-d-30000_irnt	Neale UKB, white blood cell count	rs1609717	-0.05311625447094449	0.03785428615224046	-1.4031767567171713	0.16056413688922588	0.38730257208616486	0.160565
NAMPT	Leukocyte count	ukb-d-30000_irnt	Neale UKB, white blood cell count	rs2110385	0.03326279863325848	0.02370998304933437	1.402902674542076	0.1606458632333263	0.38730257208616486	0.160647
CD63	Leukocyte count	ukb-d-30000_irnt	Neale UKB, white blood cell count	rs55927117	-0.02653043518440251	0.018924590089033348	-1.4019027656391188	0.16094428451073006	0.38766961173701736	0.160946
MAPKAPK2	Monocyte count	ukb-d-30130_irnt	Neale UKB, monocyte count	rs6669284	-0.02627148105045441	0.018750271255010744	-1.401125386035881	0.16117658148164948	0.38781801284725187	0.161177
ADAM8	Monocyte count	ukb-d-30130_irnt	Neale UKB, monocyte count	rs12253872	-0.025490754478716036	0.018198346389824982	-1.40071817145806	0.1612983665801353	0.38781801284725187	0.1613
TALDO1	Lymphocyte count	ukb-d-30120_irnt	Neale UKB, lymphocyte count	rs113226928	0.024477063623899543	0.017509233366701474	1.3979517612946593	0.1621275534681439	0.38945857952673696	0.162129
S100P	Monocyte count	ukb-d-30130_irnt	Neale UKB, monocyte count	rs3822263	-0.0032704265410844957	0.002342704913618707	-1.3960044741754372	0.16271314782669632	0.3905115547840712	0.162715
TNFRSF10B	Monocyte count	ukb-d-30130_irnt	Neale UKB, monocyte count	rs7009522	0.008780111721317844	0.006294899686862332	1.3947977184834626	0.1630768471117805	0.39103055925898905	0.163077
COCH	Leukocyte count	ukb-d-30000_irnt	Neale UKB, white blood cell count	rs179661	0.009147287898121024	0.0065630473847456535	1.3937561870087765	0.1633912427101385	0.3913038104815623	0.163391
PDGFRB	Neutrophil count	ukb-d-30140_irnt	Neale UKB, neutrophil count	rs1075846	0.08861750067153032	0.06359607685846827	1.393442882785784	0.16348590573664068	0.3913038104815623	0.163487
HBEGF	Neutrophil count	ukb-d-30140_irnt	Neale UKB, neutrophil count	rs73257091	0.023819121736132973	0.01710134146654709	1.392821831125173	0.16367367503038954	0.39139998753885763	0.163674
S100A3	Lymphocyte count	ukb-d-30120_irnt	Neale UKB, lymphocyte count	rs147475376	0.0222510810915659	0.016004131026016073	1.390333599206035	0.16442759957148056	0.3928486433005103	0.164427
BHLHE40	Leukocyte count	ukb-d-30000_irnt	Neale UKB, white blood cell count	rs6803795	0.041446583175507194	0.02983788579980449	1.3890589786954264	0.16481481631506067	0.39341934551533836	0.164816
C1QTNF6	Monocyte count	ukb-d-30130_irnt	Neale UKB, monocyte count	rs9610669	0.007746020028746935	0.005593837350638667	1.3847417333045169	0.1661314531377729	0.39592138878498395	0.166132
THBS4	Neutrophil count	ukb-d-30140_irnt	Neale UKB, neutrophil count	rs256439	-0.056095032441163276	0.040512263539318	-1.3846432546708203	0.16616157832491973	0.39592138878498395	0.166162
CR2	Monocyte count	ukb-d-30130_irnt	Neale UKB, monocyte count	rs3813946	0.028261215504092482	0.020464619436346802	1.3809792843691147	0.1672853302224584	0.3982411990574144	0.167286
IFNG	Lymphocyte count	ukb-d-30120_irnt	Neale UKB, lymphocyte count	rs2870960	-0.039132730573936694	0.028388542912069693	-1.3784691484570346	0.16805848681582392	0.3997229659511794	0.168059
TG	Neutrophil count	ukb-d-30140_irnt	Neale UKB, neutrophil count	rs988068	0.01285001878877337	0.009330808796900337	1.3771602299944357	0.1684627145940989	0.40032537554081565	0.168464
NINJ1	Leukocyte count	ukb-d-30000_irnt	Neale UKB, white blood cell count	rs12235416	0.008211928956188021	0.005970486315961132	1.3754204467791433	0.16900113356202962	0.4010608562843908	0.169003
ENO2	Leukocyte count	ukb-d-30000_irnt	Neale UKB, white blood cell count	rs11064444	-0.0566959876261781	0.04122795435513647	-1.3751831375818555	0.16907467470812554	0.4010608562843908	0.169076
TNFRSF8	Monocyte count	ukb-d-30130_irnt	Neale UKB, monocyte count	rs1148462	-0.043924050311165336	0.03196888989419771	-1.373962325765258	0.16945337872623845	0.4015999645951603	0.169453
SNAP23	Monocyte count	ukb-d-30130_irnt	Neale UKB, monocyte count	rs56357092	-0.02011884763650217	0.014651680487443473	-1.3731426680880785	0.1697079987236605	0.4018442969778104	0.169709
IFNL1	Neutrophil count	ukb-d-30140_irnt	Neale UKB, neutrophil count	rs30461	0.01164020110189551	0.008501590174338948	1.3691792786048533	0.1709432415919676	0.40440809696868696	0.170945
TGFB2	Lymphocyte count	ukb-d-30120_irnt	Neale UKB, lymphocyte count	rs12034138	-0.06409856769324095	0.046927808989095605	-1.3658973021334797	0.17197119965730545	0.4064295407708392	0.171973
S100P	Lymphocyte count	ukb-d-30120_irnt	Neale UKB, lymphocyte count	rs3822263	0.0032827203861886113	0.002404089060626453	1.3654737006012607	0.17210421353154315	0.4064295407708392	0.172105
IGF2R	Neutrophil count	ukb-d-30140_irnt	Neale UKB, neutrophil count	rs6455672	0.041978324249257216	0.030859015397075137	1.3603261059727778	0.17372675067820076	0.40989621245426017	0.173727
ITPRIP	Monocyte count	ukb-d-30130_irnt	Neale UKB, monocyte count	rs34970111	-0.017332573058670843	0.012749432605167806	-1.359477993683054	0.17399517121676733	0.41016461694832623	0.173996
BST1	Lymphocyte count	ukb-d-30120_irnt	Neale UKB, lymphocyte count	rs34559912	-0.006703330194527416	0.004939615842302506	-1.3570549630844955	0.17476374709223053	0.4114837724459234	0.174764
PPP1R14A	Lymphocyte count	ukb-d-30120_irnt	Neale UKB, lymphocyte count	rs4803999	0.014697857179555598	0.010834244066343118	1.356611230977794	0.17490477131167048	0.4114837724459234	0.174906
KLRF1	Leukocyte count	ukb-d-30000_irnt	Neale UKB, white blood cell count	rs1841957	0.06419867236959374	0.04733549344441803	1.3562480856986667	0.1750202471036959	0.4114837724459234	0.175021
CD207	Leukocyte count	ukb-d-30000_irnt	Neale UKB, white blood cell count	rs7561215	0.030290981828908766	0.022342547212042756	1.3557532872788005	0.17517767856103816	0.4114891085419603	0.175179
TNFRSF17	Monocyte count	ukb-d-30130_irnt	Neale UKB, monocyte count	rs12597429	-0.04220219165193065	0.031156096884171362	-1.354540390884815	0.17556403629536677	0.41183053710104495	0.175564
MME	Monocyte count	ukb-d-30130_irnt	Neale UKB, monocyte count	rs940895	0.026604481224297257	0.019644130122553026	1.3543221847096805	0.17563361141073974	0.41183053710104495	0.175635
GSN	Neutrophil count	ukb-d-30140_irnt	Neale UKB, neutrophil count	rs10760167	-0.005275035573743759	0.0038990266563795344	-1.3529108771577176	0.17608410405793906	0.4125221236410374	0.176085
MTSS1	Leukocyte count	ukb-d-30000_irnt	Neale UKB, white blood cell count	rs11778063	-0.00855832793074435	0.006343164443148552	-1.3492205676598004	0.1772661303375107	0.4149247816902722	0.177268
FOLR3	Leukocyte count	ukb-d-30000_irnt	Neale UKB, white blood cell count	rs146694036	0.0049199436563232635	0.0036508791974541066	1.3476051630944466	0.17778540908136709	0.41577328472996955	0.177786
HIF1A	Monocyte count	ukb-d-30130_irnt	Neale UKB, monocyte count	rs111522409	0.01921546323121516	0.014303745525326456	1.3433868211086344	0.179146752026639	0.41858782940497496	0.179147
PLAUR	Monocyte count	ukb-d-30130_irnt	Neale UKB, monocyte count	rs4760	-0.034075050038514056	0.02540443945981873	-1.3413029676332482	0.17982210668711174	0.41979597441392635	0.179824
BHLHE40	Lymphocyte count	ukb-d-30120_irnt	Neale UKB, lymphocyte count	rs6803795	0.03990328704368085	0.0297683967022079	1.3404580516330347	0.18009647340964152	0.42006670842776545	0.180097
IL18RAP	Monocyte count	ukb-d-30130_irnt	Neale UKB, monocyte count	rs6734762	-0.003949464082552914	0.0029480805504375402	-1.3396730567510284	0.18035166076979037	0.42029227096791216	0.180352
EPHB4	Monocyte count	ukb-d-30130_irnt	Neale UKB, monocyte count	rs314320	0.005381232770586766	0.004018752053859522	1.3390307982346776	0.18056064687431794	0.42040986436408356	0.180562
CD2	Lymphocyte count	ukb-d-30120_irnt	Neale UKB, lymphocyte count	rs798034	-0.06542368053791983	0.048903607445508215	-1.337808884770299	0.18095874486511	0.42096718542304534	0.180959
CDA	Lymphocyte count	ukb-d-30120_irnt	Neale UKB, lymphocyte count	rs4655226	0.003806145842864936	0.0028470860536725737	1.3368566215113982	0.18126944267265022	0.4211843610197401	0.18127
BAIAP2	Leukocyte count	ukb-d-30000_irnt	Neale UKB, white blood cell count	rs56068957	0.011241391270796866	0.008410755728919814	1.3365494889055098	0.1813697361555593	0.4211843610197401	0.18137
CD36	Monocyte count	ukb-d-30130_irnt	Neale UKB, monocyte count	rs7755	0.005192634746687155	0.0038900094885088096	1.3348642881274029	0.18192076782618916	0.42182730834691473	0.18192
STAM	Leukocyte count	ukb-d-30000_irnt	Neale UKB, white blood cell count	rs2570287	0.016278247297957415	0.012195909982469375	1.3347300300966527	0.1819647212476887	0.42182730834691473	0.181965
CES1	Lymphocyte count	ukb-d-30120_irnt	Neale UKB, lymphocyte count	rs12443580	-0.0049356885808609545	0.003702291809451014	-1.3331441266356667	0.18248451088981787	0.42258441627384835	0.182485
IFI30	Leukocyte count	ukb-d-30000_irnt	Neale UKB, white blood cell count	rs12459300	-0.01022837240068032	0.007679252649391274	-1.3319489366574118	0.18287696868112602	0.42258441627384835	0.182878
CR1	Leukocyte count	ukb-d-30000_irnt	Neale UKB, white blood cell count	rs115290463	-0.026736103129329527	0.020075315134863013	-1.3317899594462315	0.18292921823752728	0.42258441627384835	0.18293
CD8A	Monocyte count	ukb-d-30130_irnt	Neale UKB, monocyte count	rs1515950	0.016252981991007075	0.01220727654075958	1.33141753090782	0.1830516641695077	0.42258441627384835	0.183053
ECHDC3	Neutrophil count	ukb-d-30140_irnt	Neale UKB, neutrophil count	rs3829154	-0.006975916880087363	0.005241319160534262	-1.3309467838963442	0.18320652185011221	0.42258441627384835	0.183207
LAT2	Leukocyte count	ukb-d-30000_irnt	Neale UKB, white blood cell count	rs149511512	-0.0213970706936691	0.01608301040517589	-1.3304145277915767	0.18338173056608675	0.42258441627384835	0.183383
ATP1B1	Neutrophil count	ukb-d-30140_irnt	Neale UKB, neutrophil count	rs1358714	-0.008491036409487899	0.006382612990091862	-1.3303385968519597	0.18340673572066346	0.42258441627384835	0.183409
NRP1	Monocyte count	ukb-d-30130_irnt	Neale UKB, monocyte count	rs743104	-0.009552911891935141	0.007188822877928277	-1.3288562055500472	0.18389541475398974	0.42334256938158055	0.183896
CSF2RB	Leukocyte count	ukb-d-30000_irnt	Neale UKB, white blood cell count	rs2075938	0.023760940105447596	0.01791466975906524	1.3263398335000849	0.18472715823592045	0.424249825088698	0.184729
CRIM1	Monocyte count	ukb-d-30130_irnt	Neale UKB, monocyte count	rs10172196	-0.02054986635763592	0.01549465789503141	-1.3262549258493495	0.18475527147148108	0.424249825088698	0.184756
IL1RN	Lymphocyte count	ukb-d-30120_irnt	Neale UKB, lymphocyte count	rs72950883	0.033517558457265985	0.025273149978781172	1.326212145514376	0.18476943739722707	0.424249825088698	0.18477
FOSB	Monocyte count	ukb-d-30130_irnt	Neale UKB, monocyte count	rs1049739	0.043468345728045865	0.03286079000837326	1.3228028211424525	0.18590095881690294	0.4261727044636351	0.185901
LAMP3	Monocyte count	ukb-d-30130_irnt	Neale UKB, monocyte count	rs7619012	0.02663629140716941	0.020138932522309586	1.322626776650756	0.18595952504309166	0.4261727044636351	0.18596
PLB1	Lymphocyte count	ukb-d-30120_irnt	Neale UKB, lymphocyte count	rs11127158	-0.00796892878457804	0.006026850043869969	-1.3222377737245012	0.1860889863381936	0.4261727044636351	0.186089
ANXA3	Monocyte count	ukb-d-30130_irnt	Neale UKB, monocyte count	rs6854010	0.01091125834342655	0.008255987446173115	1.3216176035350233	0.18629551850916193	0.4262771116502813	0.186297
MAP4K5	Lymphocyte count	ukb-d-30120_irnt	Neale UKB, lymphocyte count	rs8181933	-0.037361585924016096	0.02827989587193137	-1.3211359084634597	0.18645605185306424	0.4262771116502813	0.186457
CLINT1	Monocyte count	ukb-d-30130_irnt	Neale UKB, monocyte count	rs11750888	-0.04720912560953526	0.0357960124076636	-1.3188375585496281	0.18722342488732746	0.42766281033694437	0.187224
CD55	Neutrophil count	ukb-d-30140_irnt	Neale UKB, neutrophil count	rs891376	0.0042936111374641235	0.0032599027549852803	1.3170979198376458	0.18780580421045112	0.42862391804312944	0.187807
CD300A	Monocyte count	ukb-d-30130_irnt	Neale UKB, monocyte count	rs62087202	0.007037319936688363	0.00535167609613784	1.31497493687389	0.18851832584894268	0.42988013770541356	0.188519
TG	Leukocyte count	ukb-d-30000_irnt	Neale UKB, white blood cell count	rs988068	0.0122817561819478	0.009344165075066588	1.3143770559789985	0.18871934772376608	0.4299688231644567	0.188721
CRISP3	Leukocyte count	ukb-d-30000_irnt	Neale UKB, white blood cell count	rs78730163	0.022779968712799498	0.01734179938266157	1.3135873740746327	0.1889850999108924	0.4302047081233362	0.188987
PALLD	Monocyte count	ukb-d-30130_irnt	Neale UKB, monocyte count	rs1870306	-0.03006072576606382	0.0228987251289289	-1.3127685317330995	0.18926095675868382	0.43046317094685205	0.189263
GGH	Neutrophil count	ukb-d-30140_irnt	Neale UKB, neutrophil count	rs61518338	0.014071446656416525	0.01072688899159056	1.3117919526759305	0.1895903408978059	0.430842831243343	0.189591
COL18A1	Lymphocyte count	ukb-d-30120_irnt	Neale UKB, lymphocyte count	rs2236472	0.004232713442472851	0.003241326895823127	1.3058582421684326	0.19160076935241444	0.4350387331529136	0.191603
SPINK2	Monocyte count	ukb-d-30130_irnt	Neale UKB, monocyte count	rs6818605	0.014806859910550833	0.01135595230385499	1.3038853558344348	0.19227267400808756	0.43619087379764604	0.192274
ESM1	Leukocyte count	ukb-d-30000_irnt	Neale UKB, white blood cell count	rs6891823	-0.017711279946948513	0.013595735613564447	-1.3027084705352752	0.19267430908857075	0.43672843393409366	0.192675
ERBB3	Neutrophil count	ukb-d-30140_irnt	Neale UKB, neutrophil count	rs11171739	0.018760567863090907	0.014419301304085922	1.3010732952625674	0.19323336755975906	0.437621597581965	0.193233
NUMB	Neutrophil count	ukb-d-30140_irnt	Neale UKB, neutrophil count	rs61985842	-0.02301617309070613	0.01770963107698554	-1.2996415899717235	0.1937238382345885	0.43796988307003576	0.193725
FES	Lymphocyte count	ukb-d-30120_irnt	Neale UKB, lymphocyte count	rs8027450	-0.00804456373550153	0.0061910580653669785	-1.29938431372549	0.19381207220923624	0.43796988307003576	0.193812
PGD	Lymphocyte count	ukb-d-30120_irnt	Neale UKB, lymphocyte count	rs1536262	-0.033406141445741215	0.02572832252083495	-1.2984189473949854	0.19414341173177463	0.43796988307003576	0.194145
PLAU	Leukocyte count	ukb-d-30000_irnt	Neale UKB, white blood cell count	rs2227551	-0.015173723723309496	0.011687986715187745	-1.2982324580838436	0.1942074677354202	0.43796988307003576	0.194207
VWA5A	Monocyte count	ukb-d-30130_irnt	Neale UKB, monocyte count	rs592139	-0.012401299166275699	0.00955256498805201	-1.2982166760222809	0.19421288932517422	0.43796988307003576	0.194213
THBD	Monocyte count	ukb-d-30130_irnt	Neale UKB, monocyte count	rs844887	-0.010622717110314752	0.008188949297326232	-1.2972014753813614	0.19456187322955087	0.4383841017882489	0.194563
NID1	Neutrophil count	ukb-d-30140_irnt	Neale UKB, neutrophil count	rs10924179	0.02811676709054422	0.02170535515285819	1.2953838761233891	0.19518783744815504	0.43932743829186494	0.195188
ITGA5	Leukocyte count	ukb-d-30000_irnt	Neale UKB, white blood cell count	rs56321811	0.019188602762852378	0.014818304322071306	1.294925677445541	0.19534586961340628	0.43932743829186494	0.195347
FGFR2	Monocyte count	ukb-d-30130_irnt	Neale UKB, monocyte count	rs1896422	0.00740216464746839	0.005717969876158351	1.294544184000069	0.19547751779200628	0.43932743829186494	0.195479
TNFRSF9	Lymphocyte count	ukb-d-30120_irnt	Neale UKB, lymphocyte count	rs9657975	-0.02341295334221125	0.01810248950107765	-1.293355443781225	0.19588815290299522	0.43987754572289867	0.195888
ALCAM	Leukocyte count	ukb-d-30000_irnt	Neale UKB, white blood cell count	rs2399047	-0.007028431861905297	0.005446150560539202	-1.2905320526448023	0.19686599041926156	0.4416993287579371	0.196867
LRG1	Neutrophil count	ukb-d-30140_irnt	Neale UKB, neutrophil count	rs1609717	-0.048748188473550905	0.037805408401250844	-1.2894501219549848	0.19724164594817828	0.44180991340256104	0.197243
NID1	Monocyte count	ukb-d-30130_irnt	Neale UKB, monocyte count	rs10924179	-0.02725040909592321	0.02113367829066563	-1.2894304872597229	0.19724846812542696	0.44180991340256104	0.197249
TRAF3IP2	Leukocyte count	ukb-d-30000_irnt	Neale UKB, white blood cell count	rs9487680	0.010981332394275563	0.00853215837680081	1.2870521044398482	0.19807612778680816	0.44285951401539814	0.198076
CLC	Neutrophil count	ukb-d-30140_irnt	Neale UKB, neutrophil count	rs978671	-0.060808082378396085	0.04725216390766997	-1.2868846069613697	0.19813451127836945	0.44285951401539814	0.198136
B3GNT7	Leukocyte count	ukb-d-30000_irnt	Neale UKB, white blood cell count	rs4973397	-0.04787959488440566	0.03721274610541995	-1.2866450314837719	0.19821804039829471	0.44285951401539814	0.198219
SMAD5	Leukocyte count	ukb-d-30000_irnt	Neale UKB, white blood cell count	rs2906834	-0.005111406538864746	0.003990360492093953	-1.2809385390096724	0.2002152547988576	0.4469025209300028	0.200217
MPRIP	Monocyte count	ukb-d-30130_irnt	Neale UKB, monocyte count	rs11867934	-0.026021602514422666	0.020321227696917944	-1.2805133086702867	0.20036466718920565	0.4469025209300028	0.200365
IGF2R	Leukocyte count	ukb-d-30000_irnt	Neale UKB, white blood cell count	rs6455672	0.03953388069103437	0.030901965620085875	1.279332233330098	0.20078008639394973	0.44696846382441013	0.200782
CD244	Neutrophil count	ukb-d-30140_irnt	Neale UKB, neutrophil count	rs12038419	0.010522403566312077	0.008227252895766386	1.2789692622341462	0.2009078802592814	0.44696846382441013	0.200909
FCRL5	Neutrophil count	ukb-d-30140_irnt	Neale UKB, neutrophil count	rs1581997	0.0038282714831336675	0.0029939915863869395	1.278651383170222	0.201019846985254	0.44696846382441013	0.201021
SEZ6	Lymphocyte count	ukb-d-30120_irnt	Neale UKB, lymphocyte count	rs4795461	-0.0952310116909806	0.07448572444626553	-1.2785135997392474	0.2010683926630925	0.44696846382441013	0.201069
SNED1	Lymphocyte count	ukb-d-30120_irnt	Neale UKB, lymphocyte count	rs111678023	0.0369434773005074	0.028915589448359424	1.27763182439995	0.20137927392520272	0.4472846184670332	0.20138
CFD	Monocyte count	ukb-d-30130_irnt	Neale UKB, monocyte count	rs71335276	0.0034696319905183296	0.002721903772398275	1.2747078077125518	0.2024126822788621	0.44920370996112324	0.202412
MARCO	Neutrophil count	ukb-d-30140_irnt	Neale UKB, neutrophil count	rs4491733	-0.0044133933200577215	0.003468569433335714	-1.2723958406718048	0.203232511158717	0.45064600300411156	0.203234
TGFA	Lymphocyte count	ukb-d-30120_irnt	Neale UKB, lymphocyte count	rs113971512	0.017130848293311945	0.013491982749490705	1.269705766111997	0.20418945810288291	0.45216977166733185	0.20419
BANK1	Lymphocyte count	ukb-d-30120_irnt	Neale UKB, lymphocyte count	rs976654	-0.04071096017792496	0.032078953574656774	-1.2690862899620172	0.20441028954841878	0.45216977166733185	0.204411
SORT1	Monocyte count	ukb-d-30130_irnt	Neale UKB, monocyte count	rs657420	0.035979213226451465	0.02836238223948169	1.26855399249104	0.20460018219001053	0.45216977166733185	0.204601
CHL1	Leukocyte count	ukb-d-30000_irnt	Neale UKB, white blood cell count	rs13072907	0.02971547227028059	0.02343253076936597	1.2681290195563721	0.20475187978731269	0.45216977166733185	0.204752
ACRBP	Neutrophil count	ukb-d-30140_irnt	Neale UKB, neutrophil count	rs12321102	-0.033125331497788645	0.026126414362682086	-1.2678866314354842	0.2048384388488118	0.45216977166733185	0.20484
PPT1	Monocyte count	ukb-d-30130_irnt	Neale UKB, monocyte count	rs10889147	-0.003937888954856016	0.0031075225740388236	-1.2672116971102068	0.2050796043940073	0.45216977166733185	0.20508
TJP3	Monocyte count	ukb-d-30130_irnt	Neale UKB, monocyte count	rs8110279	0.024976430133010333	0.019711215713273143	1.2671176905740877	0.20511321090339374	0.45216977166733185	0.205114
ASRGL1	Monocyte count	ukb-d-30130_irnt	Neale UKB, monocyte count	rs7110781	0.0054442728587001605	0.004300164588984139	1.2660615067262584	0.20549106253786542	0.4526264932312451	0.205492
CD80	Leukocyte count	ukb-d-30000_irnt	Neale UKB, white blood cell count	rs12494451	-0.0766497322586207	0.06058073959963873	-1.2652491990883157	0.20578201097532278	0.4528911975988017	0.205782
CES1	Leukocyte count	ukb-d-30000_irnt	Neale UKB, white blood cell count	rs12443580	-0.004691734211773068	0.003710656038775095	-1.264394803168507	0.2060883572292509	0.4531893228623328	0.20609
C4BPB	Leukocyte count	ukb-d-30000_irnt	Neale UKB, white blood cell count	rs12711513	0.011847265327033524	0.009381564214691019	1.2628240937136423	0.20665240388326156	0.45385910358049286	0.206653
HK2	Lymphocyte count	ukb-d-30120_irnt	Neale UKB, lymphocyte count	rs3100578	0.007136291010188299	0.005652088051851698	1.2625937431831689	0.20673521761886704	0.45385910358049286	0.206736
CD70	Neutrophil count	ukb-d-30140_irnt	Neale UKB, neutrophil count	rs2029745	-0.03174147027499992	0.025192551444602532	-1.2599545681110629	0.2076857519170079	0.45516020959872944	0.207687
CLEC6A	Monocyte count	ukb-d-30130_irnt	Neale UKB, monocyte count	rs4883149	-0.010836922511863084	0.00860227749158743	-1.2597736497643812	0.2077510279975303	0.45516020959872944	0.207752
PON2	Leukocyte count	ukb-d-30000_irnt	Neale UKB, white blood cell count	rs2374993	0.005714362114465783	0.004536938324716662	1.2595194612487162	0.2078427653936883	0.45516020959872944	0.207844
CTSB	Monocyte count	ukb-d-30130_irnt	Neale UKB, monocyte count	rs1296022	0.008883029159997355	0.007069077673719736	1.2566036999453594	0.20889717430547083	0.45709183684662424	0.208898
PTTG1	Neutrophil count	ukb-d-30140_irnt	Neale UKB, neutrophil count	rs3811999	0.022566188451163278	0.017988227015570582	1.2544976462455149	0.20966118073015005	0.45838536792774764	0.209661
UPK3A	Monocyte count	ukb-d-30130_irnt	Neale UKB, monocyte count	rs968415	-0.005192625852577925	0.00414480639154058	-1.252802992963896	0.21027741216512918	0.4590492060431206	0.210278
PVALB	Monocyte count	ukb-d-30130_irnt	Neale UKB, monocyte count	rs4821544	-0.004765642398750592	0.00380426409827631	-1.2527107150394414	0.2103110050310677	0.4590492060431206	0.210311
CD200R1	Leukocyte count	ukb-d-30000_irnt	Neale UKB, white blood cell count	rs61629858	-0.008195451346272175	0.006547946526912903	-1.2516063337701089	0.21071334551736332	0.45928163927114674	0.210714
MFAP3L	Lymphocyte count	ukb-d-30120_irnt	Neale UKB, lymphocyte count	rs79989634	-0.02361709520313966	0.018871516675493798	-1.2514677865721509	0.21076385934878794	0.45928163927114674	0.210765
TGFBR1	Lymphocyte count	ukb-d-30120_irnt	Neale UKB, lymphocyte count	rs41283642	0.02105891442371868	0.01687943480568241	1.2476077941086785	0.2121747227836306	0.4618798891695586	0.212175
CPM	Monocyte count	ukb-d-30130_irnt	Neale UKB, monocyte count	rs12817847	-0.022230246138607964	0.017823356737555248	-1.24725361591215	0.2123045191921915	0.4618798891695586	0.212305
TSNAX	Leukocyte count	ukb-d-30000_irnt	Neale UKB, white blood cell count	rs41303127	0.02952692073409858	0.023690162668391176	1.2463789779499974	0.21262529525918739	0.46219859264538105	0.212626
PPP1R12B	Monocyte count	ukb-d-30130_irnt	Neale UKB, monocyte count	rs11584227	-0.046082314234443734	0.037010076293311996	-1.2451288635352302	0.2130843858819067	0.4628171919400627	0.213086
HNMT	Lymphocyte count	ukb-d-30120_irnt	Neale UKB, lymphocyte count	rs1522907	-0.012335196622744777	0.009914911672491708	-1.2441055483094212	0.21346071931244648	0.46325517808233063	0.213461
CDCP1	Lymphocyte count	ukb-d-30120_irnt	Neale UKB, lymphocyte count	rs1863837	-0.02091246402450608	0.016826059005428995	-1.2428616836395612	0.21391880736131164	0.46356621896922434	0.213919
ANXA11	Neutrophil count	ukb-d-30140_irnt	Neale UKB, neutrophil count	rs11591611	0.010267277371716831	0.008261625771596419	1.2427671811298775	0.2139536395242574	0.46356621896922434	0.213954
TRAF3IP2	Neutrophil count	ukb-d-30140_irnt	Neale UKB, neutrophil count	rs9487680	0.01057125563866151	0.008520020893099257	1.2407546614379361	0.21469639466835488	0.46479578666161403	0.214697
PLXNA4	Neutrophil count	ukb-d-30140_irnt	Neale UKB, neutrophil count	rs11765742	-0.02006540436659694	0.016188251137685624	-1.2395041438346266	0.21515885511938015	0.46541703407552704	0.21516
C1QTNF6	Lymphocyte count	ukb-d-30120_irnt	Neale UKB, lymphocyte count	rs9610669	-0.007111826123971047	0.005740411122065386	-1.2389053628291746	0.21538054741752632	0.4655168799928931	0.21538
CDCP1	Monocyte count	ukb-d-30130_irnt	Neale UKB, monocyte count	rs1863837	-0.020295123963493433	0.01639639365693392	-1.2377797452375003	0.21579774071994073	0.4658537686975365	0.2158
VWA5A	Neutrophil count	ukb-d-30140_irnt	Neale UKB, neutrophil count	rs592139	-0.012140915908875796	0.009810968353749219	-1.237483953786906	0.21590746788850756	0.4658537686975365	0.215908
NCAM1	Monocyte count	ukb-d-30130_irnt	Neale UKB, monocyte count	rs7126367	-0.008088342879048367	0.0065383393406983036	-1.237063795190618	0.2160633995090384	0.4658537686975365	0.216064
GZMA	Monocyte count	ukb-d-30130_irnt	Neale UKB, monocyte count	rs58433852	0.02414228129226913	0.019571200878630887	1.233561570492552	0.2173663204198928	0.4682776944472653	0.217367
AMIGO1	Neutrophil count	ukb-d-30140_irnt	Neale UKB, neutrophil count	rs534135	0.012495104866317518	0.01013313409820433	1.2330938034789993	0.21754076906449127	0.4682776944472653	0.217542
S100A13	Lymphocyte count	ukb-d-30120_irnt	Neale UKB, lymphocyte count	rs7345	-0.00846374933368229	0.006874518815404008	-1.2311769828482002	0.2182566780789783	0.46943772122096544	0.218258
PDE4D	Leukocyte count	ukb-d-30000_irnt	Neale UKB, white blood cell count	rs9291685	0.013966229772617342	0.011359538303638617	1.2294716034492146	0.21889503825470635	0.47042920701092483	0.218895
ENO2	Neutrophil count	ukb-d-30140_irnt	Neale UKB, neutrophil count	rs11064444	-0.05055589541241784	0.04116838554921461	-1.2280271557401967	0.21943677408895645	0.47121159909628546	0.219437
ADM	Monocyte count	ukb-d-30130_irnt	Neale UKB, monocyte count	rs7107290	0.008463011415979561	0.006896779757475645	1.2270960815888352	0.21978648044617444	0.47158070076315095	0.219788
RNF149	Neutrophil count	ukb-d-30140_irnt	Neale UKB, neutrophil count	rs12991475	0.026039423647941092	0.02123040334602015	1.2265157295196862	0.22000465975115846	0.4716672252708749	0.220006
AKAP12	Neutrophil count	ukb-d-30140_irnt	Neale UKB, neutrophil count	rs72994089	0.03377227097743108	0.027567651285664903	1.2250688543420658	0.22054927892114917	0.4722071308789159	0.22055
CD3E	Monocyte count	ukb-d-30130_irnt	Neale UKB, monocyte count	rs894678	-0.01984240304323628	0.01620243837675618	-1.2246553624732157	0.22070509914144343	0.4722071308789159	0.220704
NOTCH1	Lymphocyte count	ukb-d-30120_irnt	Neale UKB, lymphocyte count	rs10870084	-0.013518020708236418	0.011040270550163668	-1.2244283912078602	0.22079066451352025	0.4722071308789159	0.220791
CFD	Neutrophil count	ukb-d-30140_irnt	Neale UKB, neutrophil count	rs71335276	0.003420209763511422	0.002795529512765639	1.2234568613542491	0.22115718810483842	0.47229848670925434	0.221158
YES1	Lymphocyte count	ukb-d-30120_irnt	Neale UKB, lymphocyte count	rs8089369	-0.019531351123556952	0.015965189207763932	-1.2233711025522191	0.22118956278012591	0.47229848670925434	0.22119
PI16	Lymphocyte count	ukb-d-30120_irnt	Neale UKB, lymphocyte count	rs1023037	-0.0046079344976304604	0.003771590545762341	-1.221748342435478	0.22180280887690795	0.4732269100093	0.221803
CTSH	Monocyte count	ukb-d-30130_irnt	Neale UKB, monocyte count	rs34843303	0.005413112443430263	0.00446055034978485	1.2135525930542088	0.22491861940231406	0.4794654051539475	0.224919
GZMA	Leukocyte count	ukb-d-30000_irnt	Neale UKB, white blood cell count	rs58433852	0.02441709495357936	0.020132611578383794	1.2128130947400673	0.22520128776697557	0.4794654051539475	0.225202
PTGDS	Neutrophil count	ukb-d-30140_irnt	Neale UKB, neutrophil count	rs885070	0.009430354589662873	0.007776742645674554	1.2126355492692125	0.225269191109283	0.4794654051539475	0.22527
HMMR	Neutrophil count	ukb-d-30140_irnt	Neale UKB, neutrophil count	rs4869082	0.06670460370712306	0.055072197654383634	1.2112210252756004	0.22581070675152604	0.4799228634680688	0.225811
ANG	Leukocyte count	ukb-d-30000_irnt	Neale UKB, white blood cell count	rs1010461	0.005620261288405031	0.0046462728462951354	1.2096279048456096	0.226421705499654	0.4799228634680688	0.226423
ASGR1	Neutrophil count	ukb-d-30140_irnt	Neale UKB, neutrophil count	rs67143157	0.024888392432054228	0.02058669679677679	1.2089551168767856	0.22668008925489214	0.4799228634680688	0.226682
SORD	Neutrophil count	ukb-d-30140_irnt	Neale UKB, neutrophil count	rs1995887	0.022659410045178397	0.018750497569295758	1.2084697998779268	0.22686660544241466	0.4799228634680688	0.226868
CHAD	Lymphocyte count	ukb-d-30120_irnt	Neale UKB, lymphocyte count	rs7215760	-0.060543980397188654	0.050107104000633736	-1.2082913511908993	0.2269352140452452	0.4799228634680688	0.226936
FLT4	Neutrophil count	ukb-d-30140_irnt	Neale UKB, neutrophil count	rs6877400	-0.013552753889437974	0.011217338776184266	-1.2081968958815854	0.22697153549691507	0.4799228634680688	0.226972
SCGB3A1	Neutrophil count	ukb-d-30140_irnt	Neale UKB, neutrophil count	rs6877400	-0.003401919166083104	0.002815699310004289	-1.2081968958815856	0.22697153549691507	0.4799228634680688	0.226972
BST1	Leukocyte count	ukb-d-30000_irnt	Neale UKB, white blood cell count	rs34559912	0.005980614389504193	0.004950924751686827	1.20797925427296	0.22705524227563467	0.4799228634680688	0.227055
BACH1	Lymphocyte count	ukb-d-30120_irnt	Neale UKB, lymphocyte count	rs1153287	-0.039086551403631736	0.03236597203860011	-1.2076433656006553	0.2271844710582167	0.4799228634680688	0.227186
SIGLEC10	Monocyte count	ukb-d-30130_irnt	Neale UKB, monocyte count	rs35935019	-0.012004172472404886	0.00994612262278807	-1.2069198146523465	0.2274630259676358	0.4799228634680688	0.227464
CPM	Lymphocyte count	ukb-d-30120_irnt	Neale UKB, lymphocyte count	rs12817847	0.022074429325374737	0.018290350236453652	1.206889372811419	0.2274747508971955	0.4799228634680688	0.227476
IL2RB	Leukocyte count	ukb-d-30000_irnt	Neale UKB, white blood cell count	rs228960	0.04283630078984063	0.035553129155134776	1.2048531819217938	0.22825998515235124	0.48119672545630804	0.22826
CRTAP	Neutrophil count	ukb-d-30140_irnt	Neale UKB, neutrophil count	rs55680037	0.021322138670477893	0.017704933044570673	1.2043049593467092	0.2284717305604258	0.4812605476141773	0.228473
SCN3A	Lymphocyte count	ukb-d-30120_irnt	Neale UKB, lymphocyte count	rs16850230	0.0763663482179867	0.06350126858813974	1.2025956318020674	0.22913283889300873	0.4822700704319517	0.229133
APPL2	Neutrophil count	ukb-d-30140_irnt	Neale UKB, neutrophil count	rs1196796	-0.006575732519815526	0.005476805286845439	-1.2006511415714494	0.22988655400800795	0.4834727527591095	0.229886
PFKFB2	Monocyte count	ukb-d-30130_irnt	Neale UKB, monocyte count	rs1564879	-0.03894545863822251	0.03247723064653211	-1.1991619316957087	0.23046498648166724	0.4843051855383372	0.230467
SMAD5	Neutrophil count	ukb-d-30140_irnt	Neale UKB, neutrophil count	rs2906834	-0.004771384375001872	0.003984614943833359	-1.1974518095873046	0.23113050008455893	0.4853191498212592	0.23113
STX3	Leukocyte count	ukb-d-30000_irnt	Neale UKB, white blood cell count	rs114965596	0.021514391060068295	0.018032339148286728	1.1931004005163912	0.23283005468825202	0.4885010324630098	0.232831
APP	Monocyte count	ukb-d-30130_irnt	Neale UKB, monocyte count	rs2830076	-0.013204981691530438	0.01109237614943861	-1.1904556349000794	0.23386735739786224	0.4902895113194709	0.233869
CA6	Lymphocyte count	ukb-d-30120_irnt	Neale UKB, lymphocyte count	rs12091891	-0.009050898885218844	0.007609701961088008	-1.1893894046705582	0.23428646823892363	0.49078018465215284	0.234287
PLA2G4A	Lymphocyte count	ukb-d-30120_irnt	Neale UKB, lymphocyte count	rs12072973	0.019092853165983126	0.016090564613911833	1.1865868988509904	0.2353906060954727	0.4917830934924145	0.235391
ENG	Leukocyte count	ukb-d-30000_irnt	Neale UKB, white blood cell count	rs10987758	-0.008868586271283443	0.007474752855994084	-1.1864721740159783	0.23543588399296445	0.4917830934924145	0.235437
ARHGAP25	Monocyte count	ukb-d-30130_irnt	Neale UKB, monocyte count	rs4341972	0.015326715158756844	0.012921333371354001	1.1861558492667221	0.23556075828347334	0.4917830934924145	0.235563
TNFRSF9	Neutrophil count	ukb-d-30140_irnt	Neale UKB, neutrophil count	rs9657975	0.02147052096932235	0.018117479886924016	1.1850721570177283	0.2359889185686419	0.4917830934924145	0.23599
SPARC	Lymphocyte count	ukb-d-30120_irnt	Neale UKB, lymphocyte count	rs11167553	-0.016714772427536547	0.014109610746253668	-1.1846373885243142	0.23616084762430134	0.4917830934924145	0.236162
FOSB	Lymphocyte count	ukb-d-30120_irnt	Neale UKB, lymphocyte count	rs1049739	0.03992487525312147	0.033721781143199146	1.1839491835731024	0.23643317911753714	0.4917830934924145	0.236434
RNF149	Monocyte count	ukb-d-30130_irnt	Neale UKB, monocyte count	rs12991475	-0.024462936520719274	0.020671230707633517	-1.1834291275016127	0.23663911920294645	0.4917830934924145	0.23664
PTPRK	Lymphocyte count	ukb-d-30120_irnt	Neale UKB, lymphocyte count	rs3813372	0.1621822229073486	0.13707121481079354	1.1831968012482932	0.2367311604220581	0.4917830934924145	0.236735
HIP1R	Leukocyte count	ukb-d-30000_irnt	Neale UKB, white blood cell count	rs4426165	0.037837992329460744	0.03198589765968558	1.1829585879389288	0.23682556020394996	0.4917830934924145	0.236826
GZMA	Neutrophil count	ukb-d-30140_irnt	Neale UKB, neutrophil count	rs58433852	0.023775691730541476	0.020100622477376606	1.1828336041483882	0.23687509974272292	0.4917830934924145	0.236876
SMAD1	Neutrophil count	ukb-d-30140_irnt	Neale UKB, neutrophil count	rs13110416	-0.03135542043045606	0.026518349123972017	-1.1824046920821114	0.23704516233342177	0.4917830934924145	0.237047
CD200	Lymphocyte count	ukb-d-30120_irnt	Neale UKB, lymphocyte count	rs721363	-0.029572521778647422	0.025019452806190536	-1.1819811571310754	0.23721317756417326	0.4917830934924145	0.237214
FCRL6	Monocyte count	ukb-d-30130_irnt	Neale UKB, monocyte count	rs11585836	-0.005490277794130134	0.004645523616230391	-1.181842618332273	0.2372681538109216	0.4917830934924145	0.237269
LPL	Lymphocyte count	ukb-d-30120_irnt	Neale UKB, lymphocyte count	rs80026582	-0.00528017452936653	0.004472297941239163	-1.1806401538408071	0.2377457050865588	0.4917830934924145	0.237747
GZMH	Neutrophil count	ukb-d-30140_irnt	Neale UKB, neutrophil count	rs4982988	0.021898135564783667	0.01854815036063441	1.1806102031207966	0.2377576084869446	0.4917830934924145	0.237757
CAPG	Lymphocyte count	ukb-d-30120_irnt	Neale UKB, lymphocyte count	rs2002444	0.0045815762454191715	0.0038821927192764644	1.1801516763116935	0.237939894659833	0.4917830934924145	0.237941
VSTM1	Monocyte count	ukb-d-30130_irnt	Neale UKB, monocyte count	rs10500316	0.0036148923896303672	0.0030644359870554247	1.1796273131173702	0.2381484748568261	0.4917830934924145	0.238149
OSCAR	Monocyte count	ukb-d-30130_irnt	Neale UKB, monocyte count	rs10500316	0.004607903970025088	0.0039062370960603653	1.1796273131173705	0.2381484748568261	0.4917830934924145	0.238149
CLEC1A	Leukocyte count	ukb-d-30000_irnt	Neale UKB, white blood cell count	rs17734799	-0.012255395891382612	0.01039985864727389	-1.1784194677102764	0.23862942037196122	0.4917830934924145	0.238629
CLEC7A	Leukocyte count	ukb-d-30000_irnt	Neale UKB, white blood cell count	rs17734799	-0.008108798834358697	0.006881080172677789	-1.1784194677102764	0.23862942037196122	0.4917830934924145	0.238629
ARG1	Monocyte count	ukb-d-30130_irnt	Neale UKB, monocyte count	rs2246012	-0.0061094551119294654	0.005186524772220745	-1.1779477357655699	0.2388174428014973	0.4917830934924145	0.238818
FAM3B	Monocyte count	ukb-d-30130_irnt	Neale UKB, monocyte count	rs66817580	0.002586425527275506	0.0021958331103394996	1.1778789176175672	0.23884488100234913	0.4917830934924145	0.238846
SCARF1	Neutrophil count	ukb-d-30140_irnt	Neale UKB, neutrophil count	rs150715762	0.08157622346184283	0.0693489326966669	1.176315485901683	0.2394688297797425	0.4926377973832481	0.23947
ICA1	Monocyte count	ukb-d-30130_irnt	Neale UKB, monocyte count	rs2302551	-0.027141149611025827	0.02308100793385064	-1.1759083350610775	0.23963150777691933	0.4926377973832481	0.239632
CA6	Monocyte count	ukb-d-30130_irnt	Neale UKB, monocyte count	rs12091891	-0.008692227546687884	0.007415409551794719	-1.172184420290602	0.24112302204341018	0.49532010415114164	0.241123
CLEC4G	Leukocyte count	ukb-d-30000_irnt	Neale UKB, white blood cell count	rs4804788	-0.0070839268200123505	0.006048204041742659	-1.1712446820777676	0.24150043973365976	0.49566230534409156	0.241501
TCL1B	Neutrophil count	ukb-d-30140_irnt	Neale UKB, neutrophil count	rs1743519	0.0096656176868574	0.008256051308067499	1.1707313007384688	0.24170679951028062	0.49566230534409156	0.241708
TNFRSF12A	Monocyte count	ukb-d-30130_irnt	Neale UKB, monocyte count	rs187317457	-0.06225271995078276	0.05319042943912564	-1.1703744565933343	0.24185031037528448	0.49566230534409156	0.241851
ACE	Lymphocyte count	ukb-d-30120_irnt	Neale UKB, lymphocyte count	rs4277405	-0.03818403154144508	0.03265188765532208	-1.1694279958488494	0.2422312358368126	0.496059642810214	0.242232
SUSD4	Monocyte count	ukb-d-30130_irnt	Neale UKB, monocyte count	rs4402119	0.005590596432780518	0.004784981450182265	1.1683632404818551	0.24266027599826323	0.4961322865312879	0.242661
TNFSF13B	Leukocyte count	ukb-d-30000_irnt	Neale UKB, white blood cell count	rs113469631	-0.013761644837965638	0.011785527595623856	-1.1676732099015696	0.24293860706237447	0.4961322865312879	0.24294
PLXNB2	Neutrophil count	ukb-d-30140_irnt	Neale UKB, neutrophil count	rs62241220	0.009973659102125523	0.00854518254450474	1.1671674712835025	0.243142744503122	0.4961322865312879	0.243144
TIMP2	Lymphocyte count	ukb-d-30120_irnt	Neale UKB, lymphocyte count	rs7222767	0.0059545340355380725	0.005105333697566682	1.1663359122590047	0.24347865884222664	0.4961322865312879	0.24348
ALDH1A1	Monocyte count	ukb-d-30130_irnt	Neale UKB, monocyte count	rs7867580	0.008796114343602132	0.007542390685269496	1.1662236432251107	0.24352403571054482	0.4961322865312879	0.243526
ANXA1	Monocyte count	ukb-d-30130_irnt	Neale UKB, monocyte count	rs7867580	0.008088628950240265	0.006935744269316751	1.1662236432251107	0.24352403571054482	0.4961322865312879	0.243526
LTBR	Neutrophil count	ukb-d-30140_irnt	Neale UKB, neutrophil count	rs2364480	-0.010968674297602584	0.009406334324324767	-1.166094455013959	0.24357625831965946	0.4961322865312879	0.243578
NEFL	Neutrophil count	ukb-d-30140_irnt	Neale UKB, neutrophil count	rs2976424	-0.014986071811409343	0.012867674888425648	-1.1646293476756373	0.24416905903818775	0.496417094202802	0.244169
CREG1	Lymphocyte count	ukb-d-30120_irnt	Neale UKB, lymphocyte count	rs3767443	-0.01111931804743503	0.0095536558031668	-1.1638809557854546	0.24447225835018283	0.496417094202802	0.244472
SIGLEC9	Neutrophil count	ukb-d-30140_irnt	Neale UKB, neutrophil count	rs12983058	-0.012348929179907408	0.010612362976080472	-1.1636361484940758	0.2445714955557048	0.496417094202802	0.244571
SIGLEC7	Neutrophil count	ukb-d-30140_irnt	Neale UKB, neutrophil count	rs12983058	-0.012771362550896075	0.010975391721393482	-1.1636361484940756	0.244571495555705	0.496417094202802	0.244571
CD200	Leukocyte count	ukb-d-30000_irnt	Neale UKB, white blood cell count	rs721363	0.02917601351575559	0.025077420827865793	1.16343756864085	0.244652014375212	0.496417094202802	0.244653
CLSTN3	Neutrophil count	ukb-d-30140_irnt	Neale UKB, neutrophil count	rs3759416	0.015184994337341755	0.013061945709107474	1.162536935577215	0.2450174305485877	0.49677846010309984	0.245018
FOLR2	Lymphocyte count	ukb-d-30120_irnt	Neale UKB, lymphocyte count	rs10501409	0.042401269275204365	0.03656636988783055	1.1595701023993552	0.24622387944933388	0.498687584558971	0.246225
PTGR1	Neutrophil count	ukb-d-30140_irnt	Neale UKB, neutrophil count	rs10113961	0.01350517258852904	0.011652749864472501	1.1589687194525904	0.24646893570110096	0.498687584558971	0.246471
TCN2	Lymphocyte count	ukb-d-30120_irnt	Neale UKB, lymphocyte count	rs9621047	0.007332410682567062	0.006327394522078071	1.1588357035399335	0.2465231611451022	0.498687584558971	0.246522
CLSTN3	Leukocyte count	ukb-d-30000_irnt	Neale UKB, white blood cell count	rs3759416	0.015138239513662225	0.013078895997749126	1.1574554546704485	0.24708632869473535	0.4992794415226616	0.247087
CDH1	Neutrophil count	ukb-d-30140_irnt	Neale UKB, neutrophil count	rs11642362	0.01208422202765382	0.010443289117422871	1.1571279787220798	0.24722007719896544	0.4992794415226616	0.247221
TCL1B	Monocyte count	ukb-d-30130_irnt	Neale UKB, monocyte count	rs1743519	0.00929853450741712	0.008038602091265308	1.1567352634011883	0.2473805377680156	0.4992794415226616	0.247382
EPHA4	Neutrophil count	ukb-d-30140_irnt	Neale UKB, neutrophil count	rs2680848	0.005435047676008138	0.004701784684840498	1.155954183425674	0.24769989797532577	0.49954382466202574	0.2477
SIGLEC5	Lymphocyte count	ukb-d-30120_irnt	Neale UKB, lymphocyte count	rs2053924	-0.00740113064339849	0.006410775891521774	-1.1544828221473873	0.24830227713106146	0.500378145099981	0.248303
COL18A1	Monocyte count	ukb-d-30130_irnt	Neale UKB, monocyte count	rs2236472	-0.003639419485797039	0.003158576593579214	-1.1522340452960005	0.24922491111406542	0.501856085250191	0.249225
TIGIT	Monocyte count	ukb-d-30130_irnt	Neale UKB, monocyte count	rs62265703	-0.009526131301677806	0.00827295915809161	-1.1514781010807353	0.2495355993748576	0.5021004624750549	0.249536
C1S	Lymphocyte count	ukb-d-30120_irnt	Neale UKB, lymphocyte count	rs78348916	-0.053444782152175185	0.04644939181812084	-1.1506024096385543	0.24989584122683706	0.5021425580992678	0.249898
C2	Lymphocyte count	ukb-d-30120_irnt	Neale UKB, lymphocyte count	rs488755	-0.01784199575918489	0.015507945122421676	-1.1505067640063158	0.2499352099136627	0.5021425580992678	0.249936
FCN1	Lymphocyte count	ukb-d-30120_irnt	Neale UKB, lymphocyte count	rs12377780	-0.0041602060829630146	0.0036198812231198496	-1.1492659086138406	0.2504463509885628	0.5026862746227966	0.250448
IFNLR1	Monocyte count	ukb-d-30130_irnt	Neale UKB, monocyte count	rs12094257	-0.014617029604507262	0.012726245579394058	-1.1485735925271396	0.2507318512603711	0.5026862746227966	0.250733
NRN1	Neutrophil count	ukb-d-30140_irnt	Neale UKB, neutrophil count	rs6906850	0.011338516471582953	0.009872972665236459	1.148439974062401	0.2507869795601896	0.5026862746227966	0.250789
KLRF1	Neutrophil count	ukb-d-30140_irnt	Neale UKB, neutrophil count	rs1841957	-0.0542647650056772	0.047268507610801494	-1.1480109643503313	0.25096403755678076	0.5026862746227966	0.250964
IL15RA	Neutrophil count	ukb-d-30140_irnt	Neale UKB, neutrophil count	rs8177637	-0.008689171163828883	0.007576915996552735	-1.1467952353942146	0.2514662588621017	0.5027326484827846	0.251466
HPSE	Leukocyte count	ukb-d-30000_irnt	Neale UKB, white blood cell count	rs79764311	0.005851130897646251	0.0051033547859955656	1.1465263817641496	0.25157741771091535	0.5027326484827846	0.251578
MEGF9	Neutrophil count	ukb-d-30140_irnt	Neale UKB, neutrophil count	rs10616	0.006506819450769274	0.005676496907700081	1.146273759427733	0.25168189688069686	0.5027326484827846	0.251682
GDF15	Lymphocyte count	ukb-d-30120_irnt	Neale UKB, lymphocyte count	rs4808795	-0.016229997727575923	0.01416081755012002	-1.1461201071288687	0.2517454589687549	0.5027326484827846	0.251745
ITGA6	Monocyte count	ukb-d-30130_irnt	Neale UKB, monocyte count	rs12613850	-0.10709660794698753	0.09357233440344934	-1.1445328219046724	0.25240273413605063	0.5036659525423675	0.252404
ACOX1	Monocyte count	ukb-d-30130_irnt	Neale UKB, monocyte count	rs8065144	0.0034706083338816415	0.0030337909192944693	1.1439840207210974	0.2526302639356208	0.5037409473362906	0.252631
F2R	Leukocyte count	ukb-d-30000_irnt	Neale UKB, white blood cell count	rs250735	-0.008204432621763843	0.007174808783433445	-1.143505404730477	0.25282881200868923	0.5037580837318135	0.25283
VSTM1	Lymphocyte count	ukb-d-30120_irnt	Neale UKB, lymphocyte count	rs10500316	0.003590583638475664	0.0031447249237132107	1.1417798775976866	0.25354552856936596	0.5040174118823753	0.253546
OSCAR	Lymphocyte count	ukb-d-30120_irnt	Neale UKB, lymphocyte count	rs10500316	0.004576917600617958	0.004008581417854225	1.1417798775976866	0.25354552856936596	0.5040174118823753	0.253546
PZP	Leukocyte count	ukb-d-30000_irnt	Neale UKB, white blood cell count	rs2159959	0.0037065576314804214	0.0032471419669951717	1.1414830854809783	0.25366894686689	0.5040174118823753	0.253669
MFGE8	Monocyte count	ukb-d-30130_irnt	Neale UKB, monocyte count	rs12911703	0.005595731317278886	0.004902677397856613	1.1413623339209034	0.2537191722711052	0.5040174118823753	0.253721
STK11	Lymphocyte count	ukb-d-30120_irnt	Neale UKB, lymphocyte count	rs3764640	0.010985063922609554	0.009638553631717287	1.1397004511611937	0.2544111191475462	0.5050136886072549	0.254412
TST	Lymphocyte count	ukb-d-30120_irnt	Neale UKB, lymphocyte count	rs7290003	-0.01286132761437365	0.011291719418882762	-1.1390052424492663	0.25470096762764216	0.5052108946510898	0.254702
C1R	Neutrophil count	ukb-d-30140_irnt	Neale UKB, neutrophil count	rs6488561	-0.028374043202181648	0.02499154259437184	-1.1353458112894383	0.25623045470555383	0.5078648474432951	0.256231
DSC2	Monocyte count	ukb-d-30130_irnt	Neale UKB, monocyte count	rs1437606	-0.01578831032406141	0.013922716665742034	-1.133996381820354	0.25679606571931757	0.5086058000654444	0.256797
FCRL3	Leukocyte count	ukb-d-30000_irnt	Neale UKB, white blood cell count	rs2210913	-0.0037238418167601104	0.0032859061509040864	-1.1332769853258073	0.2570979534654827	0.5088237108884031	0.257099
PGLYRP1	Neutrophil count	ukb-d-30140_irnt	Neale UKB, neutrophil count	rs12980641	0.0061714129066174645	0.005456958817363639	1.1309253218075397	0.25808652443789737	0.5103993011255062	0.258087
TNFRSF12A	Neutrophil count	ukb-d-30140_irnt	Neale UKB, neutrophil count	rs187317457	-0.06149403285454757	0.05462932480012214	-1.1256597638638595	0.2603095609151329	0.513592773893734	0.26031
SUSD4	Lymphocyte count	ukb-d-30120_irnt	Neale UKB, lymphocyte count	rs4402119	-0.005526514748994899	0.004910354506025753	-1.1254818246244793	0.26038491483768667	0.513592773893734	0.260386
CDH1	Lymphocyte count	ukb-d-30120_irnt	Neale UKB, lymphocyte count	rs11642362	0.011740028246467476	0.010434665856380936	1.1250986287489306	0.2605472423352886	0.513592773893734	0.260548
C4BPB	Lymphocyte count	ukb-d-30120_irnt	Neale UKB, lymphocyte count	rs12711513	0.010530661711105435	0.009360364898695168	1.1250268365684553	0.2605776623610687	0.513592773893734	0.260578
ICA1	Neutrophil count	ukb-d-30140_irnt	Neale UKB, neutrophil count	rs2302551	-0.02664659634568655	0.023705352133162255	-1.1240751116457657	0.2609811626714542	0.513592773893734	0.260982
FBN2	Lymphocyte count	ukb-d-30120_irnt	Neale UKB, lymphocyte count	rs79813368	-0.0036368944574138953	0.003235640915036906	-1.1240105292624576	0.2610085591418023	0.513592773893734	0.26101
CXCL6	Monocyte count	ukb-d-30130_irnt	Neale UKB, monocyte count	rs1951238	0.032984334388256493	0.029369185773882263	1.1230932529831708	0.2613978913338908	0.513592773893734	0.261397
SATB1	Neutrophil count	ukb-d-30140_irnt	Neale UKB, neutrophil count	rs9851736	0.017209049292592773	0.015324672753533752	1.1229635744505213	0.2614529649519688	0.513592773893734	0.261454
SLAMF8	Monocyte count	ukb-d-30130_irnt	Neale UKB, monocyte count	rs75087057	-0.009712145149446728	0.008651833843103487	-1.1225533598508057	0.2616272332053453	0.513592773893734	0.261628
SOD2	Neutrophil count	ukb-d-30140_irnt	Neale UKB, neutrophil count	rs78550031	0.005788597099565947	0.005156750079714193	1.1225281446811504	0.2616379477867401	0.513592773893734	0.261639
SPARC	Neutrophil count	ukb-d-30140_irnt	Neale UKB, neutrophil count	rs11167553	-0.015843575782182723	0.014121303465911299	-1.121962701278177	0.26187829905318627	0.5136843558350962	0.261879
FCER2	Leukocyte count	ukb-d-30000_irnt	Neale UKB, white blood cell count	rs11260012	-0.010514286861249745	0.009422041721431906	-1.115924464368838	0.26445446886389545	0.5183542139150412	0.264454
NRP1	Leukocyte count	ukb-d-30000_irnt	Neale UKB, white blood cell count	rs743104	-0.00823877134558158	0.007393132298770088	-1.1143817008322943	0.26511547033415894	0.5190232104568705	0.265116
NT5E	Leukocyte count	ukb-d-30000_irnt	Neale UKB, white blood cell count	rs7772233	0.004389919296323943	0.003941223278797089	1.113846891126605	0.2653448765524984	0.5190232104568705	0.265346
IL18	Leukocyte count	ukb-d-30000_irnt	Neale UKB, white blood cell count	rs11606049	-0.009794516373391331	0.008795350113860342	-1.1136016470744503	0.26545011951651665	0.5190232104568705	0.265451
CLEC4A	Neutrophil count	ukb-d-30140_irnt	Neale UKB, neutrophil count	rs6486847	-0.011275774397288385	0.010128223384627441	-1.1133023008164187	0.26557861862367016	0.5190232104568705	0.265581
MYL4	Leukocyte count	ukb-d-30000_irnt	Neale UKB, white blood cell count	rs11570546	0.06405656414906899	0.05760333127050174	1.1120288138938226	0.2661257617185777	0.5197095140483564	0.266127
PON2	Lymphocyte count	ukb-d-30120_irnt	Neale UKB, lymphocyte count	rs2374993	0.005022778081912309	0.004526788342846506	1.1095676893861395	0.2671853608841255	0.5207549290879491	0.267187
CLEC4A	Leukocyte count	ukb-d-30000_irnt	Neale UKB, white blood cell count	rs6486847	-0.01125203816109785	0.010142726592626824	-1.1093701539068825	0.2672705323281561	0.5207549290879491	0.267272
MPRIP	Leukocyte count	ukb-d-30000_irnt	Neale UKB, white blood cell count	rs11867934	0.02318522695770958	0.020900885848019912	1.1092939852549877	0.26730337897985335	0.5207549290879491	0.267304
CD63	Lymphocyte count	ukb-d-30120_irnt	Neale UKB, lymphocyte count	rs55927117	0.02093361248483019	0.018882469721354773	1.1086268265615549	0.26759120033685413	0.5207549290879491	0.267591
IL32	Neutrophil count	ukb-d-30140_irnt	Neale UKB, neutrophil count	rs1554999	0.005738770485830357	0.0051770266334304005	1.1085070431688573	0.2676428990749904	0.5207549290879491	0.267643
IL6	Neutrophil count	ukb-d-30140_irnt	Neale UKB, neutrophil count	rs10265117	-0.032611614178003116	0.029467821997731486	-1.1066855969373526	0.2684298846914379	0.5215438616498497	0.26843
FHIT	Leukocyte count	ukb-d-30000_irnt	Neale UKB, white blood cell count	rs11130745	0.009961562409774232	0.009001479919083519	1.1066582938940182	0.26844169349624614	0.5215438616498497	0.268442
TST	Neutrophil count	ukb-d-30140_irnt	Neale UKB, neutrophil count	rs7290003	0.012497627105109613	0.011301043991104032	1.1058825286360718	0.2687773678528793	0.5218137478373616	0.268779
KLRC1	Neutrophil count	ukb-d-30140_irnt	Neale UKB, neutrophil count	rs11053802	-0.006085384071128058	0.0055137503459310256	-1.1036742125292054	0.269734485799058	0.522986588731736	0.269735
SCN3A	Neutrophil count	ukb-d-30140_irnt	Neale UKB, neutrophil count	rs16850230	-0.07009887045555761	0.0635536917292753	-1.102986601536278	0.27003298370539586	0.522986588731736	0.270035
TFRC	Lymphocyte count	ukb-d-30120_irnt	Neale UKB, lymphocyte count	rs28429906	0.008639974107923405	0.007833514038339805	1.1029499743839761	0.27004889022330736	0.522986588731736	0.270049
IL2RA	Leukocyte count	ukb-d-30000_irnt	Neale UKB, white blood cell count	rs61839660	-0.013822419595782811	0.012535403834197215	-1.1026704666725258	0.2701702965921864	0.522986588731736	0.270171
ANG	Lymphocyte count	ukb-d-30120_irnt	Neale UKB, lymphocyte count	rs1010461	0.005103772206129731	0.0046358219112170584	1.1009422501283748	0.27092179215496803	0.5234302932989424	0.270921
CD1C	Lymphocyte count	ukb-d-30120_irnt	Neale UKB, lymphocyte count	rs6699757	-0.02287684675439388	0.02078442397870946	-1.1006726372512317	0.271039159330801	0.5234302932989424	0.27104
HNMT	Monocyte count	ukb-d-30130_irnt	Neale UKB, monocyte count	rs1522907	-0.010630278468566816	0.009661741709549086	-1.1002445302445298	0.27122559332942764	0.5234302932989424	0.271226
LY96	Leukocyte count	ukb-d-30000_irnt	Neale UKB, white blood cell count	rs10957691	0.005921243232392665	0.00538514766205138	1.0995507651756886	0.2715279038247811	0.5234302932989424	0.27153
IL15RA	Monocyte count	ukb-d-30130_irnt	Neale UKB, monocyte count	rs8177637	-0.008111427538672106	0.007377341675078863	-1.0995054717437085	0.2715476486143711	0.5234302932989424	0.27155
NT5E	Neutrophil count	ukb-d-30140_irnt	Neale UKB, neutrophil count	rs7772233	0.0043250449465619106	0.003935487893357449	1.0989857074295613	0.2717743001342925	0.5234302932989424	0.271775
PI16	Leukocyte count	ukb-d-30000_irnt	Neale UKB, white blood cell count	rs1023037	-0.0041544168487309	0.00378028201057796	-1.0989700866512175	0.27178111382829706	0.5234302932989424	0.271782
SERPINF1	Monocyte count	ukb-d-30130_irnt	Neale UKB, monocyte count	rs12943466	-0.021132037567695744	0.019265684060080644	-1.0968744998513844	0.27269625733642244	0.5248116650625488	0.272697
ULBP2	Leukocyte count	ukb-d-30000_irnt	Neale UKB, white blood cell count	rs60901916	0.03714760802236186	0.033898813781546584	1.0958379919058943	0.27314967910328436	0.525303081205156	0.273151
TALDO1	Neutrophil count	ukb-d-30140_irnt	Neale UKB, neutrophil count	rs113226928	0.019174412035350964	0.017523726165537167	1.094197196088358	0.2738685009601034	0.5263038148885465	0.27387
VMO1	Leukocyte count	ukb-d-30000_irnt	Neale UKB, white blood cell count	rs9895322	0.009738661666788183	0.008908690447702957	1.0931642225035698	0.2743217024454301	0.5265207842096975	0.274323
SCGB3A2	Monocyte count	ukb-d-30130_irnt	Neale UKB, monocyte count	rs13163344	0.004230051962770035	0.003870398623765382	1.0929241078157366	0.27442712246420253	0.5265207842096975	0.274428
BCL7A	Neutrophil count	ukb-d-30140_irnt	Neale UKB, neutrophil count	rs10840637	-0.013842313914858025	0.012673193447020831	-1.0922514497016556	0.27472259379758124	0.5265207842096975	0.274723
SCN3A	Monocyte count	ukb-d-30130_irnt	Neale UKB, monocyte count	rs16850230	0.06758098541254821	0.061879929457343566	1.0921309381765638	0.274775552543824	0.5265207842096975	0.274775
GABARAPL1	Monocyte count	ukb-d-30130_irnt	Neale UKB, monocyte count	rs10734821	-0.017785733069462524	0.01631762214558792	-1.0899708861239665	0.2757259689745968	0.5279604835528019	0.275727
TNFAIP2	Lymphocyte count	ukb-d-30120_irnt	Neale UKB, lymphocyte count	rs749206	0.018384544592365878	0.01693745983852222	1.085436940818743	0.2777281786157202	0.5310600363094927	0.277729
IGFBP6	Monocyte count	ukb-d-30130_irnt	Neale UKB, monocyte count	rs11170393	-0.027043241473437844	0.02491549571111062	-1.0853984920467945	0.2777451999853946	0.5310600363094927	0.277747
LRP1	Lymphocyte count	ukb-d-30120_irnt	Neale UKB, lymphocyte count	rs55909821	-0.05220637698016908	0.048130962856032855	-1.0846734385166241	0.27806631604529586	0.5312909727320783	0.278067
C4BPB	Neutrophil count	ukb-d-30140_irnt	Neale UKB, neutrophil count	rs12711513	0.010140444561836113	0.009368088069578414	1.082445477297104	0.2790546299147083	0.5327954489084279	0.279056
SIAE	Neutrophil count	ukb-d-30140_irnt	Neale UKB, neutrophil count	rs148191463	-0.009708411126145015	0.008987575134822111	-1.0802036122657872	0.2800515201799205	0.5343141233936325	0.280052
HRAS	Monocyte count	ukb-d-30130_irnt	Neale UKB, monocyte count	rs1870726	-0.009033374480448587	0.008367413836613085	-1.0795897820807518	0.2803248935536109	0.5344511989246413	0.280326
C3	Monocyte count	ukb-d-30130_irnt	Neale UKB, monocyte count	rs339392	-0.029852569569807846	0.02767637568545299	-1.0786300167727052	0.2807526946459089	0.5347201100938318	0.280752
CD8A	Lymphocyte count	ukb-d-30120_irnt	Neale UKB, lymphocyte count	rs1515950	0.013508888018866383	0.012527150108195334	1.0783688151089361	0.28086919809981437	0.5347201100938318	0.28087
EFCAB2	Leukocyte count	ukb-d-30000_irnt	Neale UKB, white blood cell count	rs7533985	0.006610983689281945	0.006149065136561831	1.075120126793516	0.2823209495282346	0.537098391785422	0.282323
ACY3	Leukocyte count	ukb-d-30000_irnt	Neale UKB, white blood cell count	rs61894523	-0.008801279067077027	0.008203739243237161	-1.072837495942165	0.2833440340417446	0.5386405666048082	0.283345
HRAS	Neutrophil count	ukb-d-30140_irnt	Neale UKB, neutrophil count	rs1870726	0.009216018474579932	0.008593778859592534	1.0724058211356977	0.2835377944872972	0.5386405666048082	0.283538
TNFSF8	Monocyte count	ukb-d-30130_irnt	Neale UKB, monocyte count	rs10817679	0.008554327324584306	0.007985640380864628	1.0712136931538236	0.2840733560185653	0.5391384285953721	0.284074
NRCAM	Neutrophil count	ukb-d-30140_irnt	Neale UKB, neutrophil count	rs2267886	0.030599689962140193	0.028578259707643255	1.0707331473356407	0.28428943396255923	0.5391384285953721	0.28429
FCN1	Leukocyte count	ukb-d-30000_irnt	Neale UKB, white blood cell count	rs12377780	0.003883276689184343	0.0036276517621252357	1.0704656741664065	0.28440975173639726	0.5391384285953721	0.284411
ANG	Neutrophil count	ukb-d-30140_irnt	Neale UKB, neutrophil count	rs1010461	0.004958271965542714	0.004639653920745687	1.0686728041012634	0.2852171301651354	0.540282735141385	0.285218
TREM2	Leukocyte count	ukb-d-30000_irnt	Neale UKB, white blood cell count	rs6934464	0.03264776900615254	0.030634112873185702	1.0657324774281094	0.2865445918985521	0.5424098913026125	0.286546
MFGE8	Neutrophil count	ukb-d-30140_irnt	Neale UKB, neutrophil count	rs12911703	-0.005361083959078486	0.005035314924581719	-1.0646968539954487	0.2870131341987159	0.5429092952175424	0.287014
EPS8L2	Monocyte count	ukb-d-30130_irnt	Neale UKB, monocyte count	rs4078520	-0.010993859111922862	0.010378375107819974	-1.0593044670007281	0.28946114124701205	0.5468886472052507	0.289462
CA4	Lymphocyte count	ukb-d-30120_irnt	Neale UKB, lymphocyte count	rs34820870	-0.014208451143313108	0.013414895605142729	-1.0591548053393842	0.28952928381454446	0.5468886472052507	0.28953
ACVRL1	Neutrophil count	ukb-d-30140_irnt	Neale UKB, neutrophil count	rs2293092	-0.00762822305423587	0.007208921350492721	-1.0581642777548808	0.2899805540513096	0.5473511952626855	0.289982
PI3	Lymphocyte count	ukb-d-30120_irnt	Neale UKB, lymphocyte count	rs979641	0.007892201217987775	0.00746457320059274	1.0572876714988981	0.2903803180849187	0.5475020362654661	0.290381
C2	Leukocyte count	ukb-d-30000_irnt	Neale UKB, white blood cell count	rs488755	-0.016432373636239287	0.015545006333775185	-1.0570837530336727	0.29047336539423485	0.5475020362654661	0.290474
LAYN	Monocyte count	ukb-d-30130_irnt	Neale UKB, monocyte count	rs117895420	0.02679282851142758	0.02536715140249047	1.0562017029944144	0.290876072902321	0.5478716941313603	0.290877
ESAM	Lymphocyte count	ukb-d-30120_irnt	Neale UKB, lymphocyte count	rs6590090	-0.04120007840810458	0.03905182272232435	-1.0550103820007397	0.29142057655179276	0.5485077139924446	0.291421
IFNL1	Monocyte count	ukb-d-30130_irnt	Neale UKB, monocyte count	rs30461	0.008725240834900408	0.008277698935128341	1.0540659793596525	0.29185271061260076	0.5489314812373172	0.291853
PSAP	Leukocyte count	ukb-d-30000_irnt	Neale UKB, white blood cell count	rs4747202	0.02209433372961945	0.020971525631535867	1.0535396478926247	0.2920937329567119	0.5489954498945429	0.292094
LGMN	Lymphocyte count	ukb-d-30120_irnt	Neale UKB, lymphocyte count	rs2402189	-0.01310883545839557	0.012449932803388237	-1.0529241936814322	0.29237573673233763	0.5491362987352404	0.292376
CPXM1	Neutrophil count	ukb-d-30140_irnt	Neale UKB, neutrophil count	rs34211052	-0.03567409412907213	0.033910855282990766	-1.0519962953268767	0.29280124933376284	0.5495462938663405	0.292802
PON2	Neutrophil count	ukb-d-30140_irnt	Neale UKB, neutrophil count	rs2374993	0.004757713376798027	0.004530542800426028	1.0501420219119522	0.2936528210180951	0.5507547958557201	0.293653
CLEC4D	Leukocyte count	ukb-d-30000_irnt	Neale UKB, white blood cell count	rs57832572	0.004603999011648301	0.0043861004130604205	1.0496793456754998	0.2938655629752338	0.5507642918800849	0.293867
PMM2	Monocyte count	ukb-d-30130_irnt	Neale UKB, monocyte count	rs9796776	0.005773317077402379	0.005506620075379791	1.048432068741222	0.29443958497166633	0.5514504091418497	0.29444
CPM	Leukocyte count	ukb-d-30000_irnt	Neale UKB, white blood cell count	rs12817847	0.01919547380697022	0.018331703378968632	1.0471189398030827	0.2950447250534465	0.5521937973477348	0.295045
ENO2	Monocyte count	ukb-d-30130_irnt	Neale UKB, monocyte count	rs11064444	-0.04189672683170452	0.04008413316579666	-1.0452197296723513	0.2959214268266064	0.5534440225276165	0.295922
SERPINE2	Neutrophil count	ukb-d-30140_irnt	Neale UKB, neutrophil count	rs10194024	-0.0036993691359905783	0.0035433030901277436	-1.0440453559554816	0.29646440566928023	0.5540687835341305	0.296465
MME	Neutrophil count	ukb-d-30140_irnt	Neale UKB, neutrophil count	rs940895	0.02104567041649592	0.02017554047197019	1.043127962085308	0.2968890317592763	0.5544504461303196	0.29689
CLEC6A	Neutrophil count	ukb-d-30140_irnt	Neale UKB, neutrophil count	rs4883149	-0.009210273716414454	0.00883499191859503	-1.042476756207277	0.2971906964514974	0.5544504461303196	0.297191
KRT5	Monocyte count	ukb-d-30130_irnt	Neale UKB, monocyte count	rs611403	0.013127303726024558	0.012600051553685878	1.0418452392906634	0.297483436089242	0.5544504461303196	0.297484
KRT5	Leukocyte count	ukb-d-30000_irnt	Neale UKB, white blood cell count	rs611403	0.013500752927376748	0.012959076981845851	1.0417989603958462	0.2975048962456428	0.5544504461303196	0.297506
LAT2	Neutrophil count	ukb-d-30140_irnt	Neale UKB, neutrophil count	rs149511512	-0.016716565787742867	0.016062024460153073	-1.040750861089372	0.29799119130116813	0.5548778435765321	0.297993
PI16	Neutrophil count	ukb-d-30140_irnt	Neale UKB, neutrophil count	rs1023037	-0.003925109140279709	0.003774713502737042	-1.03984292779667	0.2984128814271143	0.5548778435765321	0.298414
CDKN1A	Lymphocyte count	ukb-d-30120_irnt	Neale UKB, lymphocyte count	rs12199346	0.012805575764412895	0.012326374175669579	1.0388761189554987	0.29886235422452057	0.5548778435765321	0.298863
NUMB	Monocyte count	ukb-d-30130_irnt	Neale UKB, monocyte count	rs61985842	0.017912426016717678	0.01724324737003944	1.0388081567420389	0.29889396708515825	0.5548778435765321	0.298895
DUSP13	Neutrophil count	ukb-d-30140_irnt	Neale UKB, neutrophil count	rs2657291	-0.053618547078806034	0.05161547808363775	-1.0388075257565668	0.29889426060070834	0.5548778435765321	0.298894
STX3	Monocyte count	ukb-d-30130_irnt	Neale UKB, monocyte count	rs114965596	0.018207499040736912	0.017530766302038984	1.038602576010566	0.2989896072665401	0.5548778435765321	0.29899
PVALB	Neutrophil count	ukb-d-30140_irnt	Neale UKB, neutrophil count	rs4821544	-0.004052894850288228	0.003907167205472859	-1.0372975194435614	0.29959722148242873	0.5554736683621343	0.299599
RAB27B	Monocyte count	ukb-d-30130_irnt	Neale UKB, monocyte count	rs7244800	-0.018048386009718972	0.017404195963297838	-1.037013490757034	0.29972956991938693	0.5554736683621343	0.299731
EPHA4	Monocyte count	ukb-d-30130_irnt	Neale UKB, monocyte count	rs2680848	-0.0047371029404660705	0.004577944011848545	-1.0347664646412436	0.3007779878083485	0.5570273908294276	0.300778
HIP1R	Neutrophil count	ukb-d-30140_irnt	Neale UKB, neutrophil count	rs4426165	0.03299316407059988	0.03194186675853961	1.0329128325531947	0.3016446928661951	0.5579429620814358	0.301645
SLC9A3R2	Neutrophil count	ukb-d-30140_irnt	Neale UKB, neutrophil count	rs74422368	0.02539329732891226	0.024586626760993564	1.0328093225540997	0.30169314013000714	0.5579429620814358	0.301694
LILRA5	Neutrophil count	ukb-d-30140_irnt	Neale UKB, neutrophil count	rs1645784	0.007649509796148674	0.0074294777170194025	1.0296160897858573	0.303190259231259	0.5603209529486403	0.303191
TNFRSF14	Neutrophil count	ukb-d-30140_irnt	Neale UKB, neutrophil count	rs3748825	0.006610863725292318	0.006437891247090137	1.0268678782482328	0.30448268155342273	0.5622448758145412	0.304483
ITGA6	Neutrophil count	ukb-d-30140_irnt	Neale UKB, neutrophil count	rs12613850	0.09865004577830538	0.09610317855510132	1.0265013838407415	0.30465531166873894	0.5622448758145412	0.304656
ADAM12	Neutrophil count	ukb-d-30140_irnt	Neale UKB, neutrophil count	rs898325	0.018060510200973368	0.01760449893350756	1.0259031097214508	0.3049372567105868	0.562373855908537	0.304938
ULBP2	Lymphocyte count	ukb-d-30120_irnt	Neale UKB, lymphocyte count	rs60901916	0.03461871583760368	0.03382343919285071	1.023512589604462	0.3060655504597798	0.564062432119066	0.306066
PTK7	Neutrophil count	ukb-d-30140_irnt	Neale UKB, neutrophil count	rs6916141	0.014760619389556154	0.014440466762566	1.0221705179101332	0.30670020192108893	0.5648395385380054	0.306701
SIRPB1	Neutrophil count	ukb-d-30140_irnt	Neale UKB, neutrophil count	rs6033979	0.003495425562864148	0.003432053142586542	1.018464871505412	0.3084570867962242	0.5676809119941614	0.308458
VNN1	Lymphocyte count	ukb-d-30120_irnt	Neale UKB, lymphocyte count	rs2300077	-0.0032951216612624795	0.003239260528448927	-1.017245026240696	0.30903688121979966	0.567735025652932	0.309037
ANGPT1	Monocyte count	ukb-d-30130_irnt	Neale UKB, monocyte count	rs1353308	0.006335668929818492	0.0062312296938252	1.0167606140561285	0.30926732281445735	0.567735025652932	0.309269
SCGB3A2	Neutrophil count	ukb-d-30140_irnt	Neale UKB, neutrophil count	rs13163344	0.004040591424051623	0.003975104448013562	1.0164742780710545	0.3094035902000316	0.567735025652932	0.309403
PPM1F	Monocyte count	ukb-d-30130_irnt	Neale UKB, monocyte count	rs62234965	0.003701249656363216	0.0036423104346028426	1.0161818227245092	0.3095428107391418	0.567735025652932	0.309543
IL1R2	Leukocyte count	ukb-d-30000_irnt	Neale UKB, white blood cell count	rs35252180	-0.00978559128706588	0.009630044196371769	-1.0161522717364802	0.3095568805030693	0.567735025652932	0.309558
TNFRSF9	Leukocyte count	ukb-d-30000_irnt	Neale UKB, white blood cell count	rs9657975	0.018421039986515248	0.018144818674904355	1.015223150837706	0.3099994673697324	0.568153826858694	0.310001
CLSTN3	Monocyte count	ukb-d-30130_irnt	Neale UKB, monocyte count	rs3759416	0.012900901316433547	0.01271791146164793	1.0143883573444776	0.31039747758430813	0.5684904078408737	0.310398
SORT1	Lymphocyte count	ukb-d-30120_irnt	Neale UKB, lymphocyte count	rs657420	0.0294350987288315	0.02910560857108867	1.011320503982525	0.3118630555713018	0.5707058891186881	0.311862
LPL	Monocyte count	ukb-d-30130_irnt	Neale UKB, monocyte count	rs80026582	0.004405858233631166	0.004358111169897908	1.010955907702184	0.312037533643325	0.5707058891186881	0.312038
CLEC5A	Lymphocyte count	ukb-d-30120_irnt	Neale UKB, lymphocyte count	rs62479376	0.008697268700570972	0.008612576146437467	1.0098335913312695	0.3125750235009963	0.5708410351942872	0.312575
EFNA1	Neutrophil count	ukb-d-30140_irnt	Neale UKB, neutrophil count	rs79976845	-0.034339754212295154	0.0340491081477721	-1.0085360845065796	0.3131971736775552	0.5708410351942872	0.313198
KLRB1	Monocyte count	ukb-d-30130_irnt	Neale UKB, monocyte count	rs10771784	0.01097455735691484	0.010886549531209986	1.0080840881174105	0.31341409576036194	0.5708410351942872	0.313415
HPGDS	Leukocyte count	ukb-d-30000_irnt	Neale UKB, white blood cell count	rs114711142	-0.04054079860909931	0.0402247839198039	-1.007856218442974	0.31352349244609856	0.5708410351942872	0.313524
IL1RL1	Leukocyte count	ukb-d-30000_irnt	Neale UKB, white blood cell count	rs2058660	0.010967730909974174	0.0108854029551076	1.007563151792001	0.3136642261251854	0.5708410351942872	0.313666
LPP	Lymphocyte count	ukb-d-30120_irnt	Neale UKB, lymphocyte count	rs62289742	0.009003163545106515	0.00893559373207701	1.0075618716624215	0.3136648409480034	0.5708410351942872	0.313664
ARHGEF5	Neutrophil count	ukb-d-30140_irnt	Neale UKB, neutrophil count	rs1635081	-0.030267042224312053	0.030048537928523942	-1.0072717113993321	0.3138042200750899	0.5708410351942872	0.313805
FCRL5	Monocyte count	ukb-d-30130_irnt	Neale UKB, monocyte count	rs1581997	-0.002936163460631375	0.002915142560071059	-1.0072109339859536	0.31383341980138413	0.5708410351942872	0.313833
DOCK9	Monocyte count	ukb-d-30130_irnt	Neale UKB, monocyte count	rs3737023	-0.014538355946641088	0.014444268336288875	-1.0065138370571414	0.3141684588817284	0.5710587751571924	0.314169
PTK7	Leukocyte count	ukb-d-30000_irnt	Neale UKB, white blood cell count	rs6916141	0.014528925118462703	0.014460864412275329	1.0047065447989125	0.3150381757631715	0.5722474261122813	0.315039
ADAM12	Leukocyte count	ukb-d-30000_irnt	Neale UKB, white blood cell count	rs898325	0.017680227660537447	0.017630664904115648	1.0028111677404878	0.31595197948392517	0.5734096986767063	0.315952
NPDC1	Leukocyte count	ukb-d-30000_irnt	Neale UKB, white blood cell count	rs10747042	0.006032475656613879	0.006019519598480059	1.0021523408839954	0.31627002184245323	0.5734096986767063	0.316271
TNFRSF13C	Leukocyte count	ukb-d-30000_irnt	Neale UKB, white blood cell count	rs149192849	-0.01540878612322596	0.015377493041993264	-1.00203499238447	0.3163266927466144	0.5734096986767063	0.316327
TPSD1	Lymphocyte count	ukb-d-30120_irnt	Neale UKB, lymphocyte count	rs8045644	-0.009314424209869963	0.009300626551970002	-1.0014835191825908	0.31659310397604745	0.5735006227762827	0.316594
IDO1	Neutrophil count	ukb-d-30140_irnt	Neale UKB, neutrophil count	rs7820268	-0.008200326601265488	0.008192640706329931	-1.000938146223063	0.3168567129831552	0.5735863500555137	0.316857
PTPRK	Monocyte count	ukb-d-30130_irnt	Neale UKB, monocyte count	rs3813372	0.13361368899542278	0.1335721158066124	1.000311241523422	0.3171599086290833	0.5737435727723934	0.31716
CD27	Neutrophil count	ukb-d-30140_irnt	Neale UKB, neutrophil count	rs1059501	0.024162792850868454	0.02420523057351245	0.9982467540428871	0.31815972003842496	0.5741141111778247	0.318161
RAB6B	Lymphocyte count	ukb-d-30120_irnt	Neale UKB, lymphocyte count	rs2715633	0.009262498191867235	0.00928388287384499	0.9976965799473838	0.31842651213449	0.5741141111778247	0.318427
SPP1	Monocyte count	ukb-d-30130_irnt	Neale UKB, monocyte count	rs2853749	0.0056557867710983496	0.005670623204042054	0.9973836327313851	0.3185783328092109	0.5741141111778247	0.318579
CDH1	Leukocyte count	ukb-d-30000_irnt	Neale UKB, white blood cell count	rs11642362	0.01043072255610548	0.010458975652584579	0.9972986746104416	0.31861955688292865	0.5741141111778247	0.318621
PLA2G4A	Monocyte count	ukb-d-30130_irnt	Neale UKB, monocyte count	rs12072973	0.015636240242768534	0.015679737945366083	0.9972258654609464	0.31865488871291303	0.5741141111778247	0.318656
CXCL10	Monocyte count	ukb-d-30130_irnt	Neale UKB, monocyte count	rs6816898	-0.012558107159531408	0.012593269664531843	-0.9972078335541826	0.31866363938678655	0.5741141111778247	0.318664
F12	Monocyte count	ukb-d-30130_irnt	Neale UKB, monocyte count	rs2731673	-0.025954444426375692	0.026189221601362063	-0.9910353511623973	0.32166831871061907	0.5785250387744049	0.321668
TCL1A	Lymphocyte count	ukb-d-30120_irnt	Neale UKB, lymphocyte count	rs78986913	0.011195983558957368	0.011297726345750825	0.9909944015565819	0.32168831397748865	0.5785250387744049	0.321688
IL31RA	Lymphocyte count	ukb-d-30120_irnt	Neale UKB, lymphocyte count	rs115173341	0.00600109074438079	0.006056602248672964	0.9908345468279123	0.3217663771463979	0.5785250387744049	0.321766
KLF4	Monocyte count	ukb-d-30130_irnt	Neale UKB, monocyte count	rs77233150	-0.032161415261485866	0.03249075800821768	-0.9898634945159324	0.32224084477633075	0.5789855828908056	0.322241
TSNAX	Monocyte count	ukb-d-30130_irnt	Neale UKB, monocyte count	rs41303127	-0.022787527219413278	0.02303313921916031	-0.9893365816352676	0.32249849160151123	0.5790561948051509	0.322499
ADA	Monocyte count	ukb-d-30130_irnt	Neale UKB, monocyte count	rs2007720	0.005704050479883261	0.005778236849085312	0.9871610715968152	0.32356368237012734	0.5805757007074274	0.323565
TRAF3IP2	Lymphocyte count	ukb-d-30120_irnt	Neale UKB, lymphocyte count	rs9487680	0.008395779639268615	0.008512989214349651	0.986231678188495	0.3240194376062484	0.5807648859155221	0.32402
CAT	Leukocyte count	ukb-d-30000_irnt	Neale UKB, white blood cell count	rs11032695	0.0036855707877240435	0.0037377004591414953	0.9860530098686867	0.3241071007371692	0.5807648859155221	0.324106
CCL5	Monocyte count	ukb-d-30130_irnt	Neale UKB, monocyte count	rs8069014	0.01718017828586919	0.01744745115510653	0.9846812656552922	0.32478065785822086	0.5810970498606686	0.324783
FAM3D	Monocyte count	ukb-d-30130_irnt	Neale UKB, monocyte count	rs12489751	0.014779870288398674	0.015013126594876684	0.9844631759411386	0.3248878286695578	0.5810970498606686	0.324888
ANG	Monocyte count	ukb-d-30130_irnt	Neale UKB, monocyte count	rs1010461	0.004446698693470805	0.004517455394666087	0.9843370448596289	0.3249498208685413	0.5810970498606686	0.324951
LYPD3	Lymphocyte count	ukb-d-30120_irnt	Neale UKB, lymphocyte count	rs2599437	0.026280483464462896	0.026763093113067068	0.9819673441120848	0.3261159364402175	0.582490807695584	0.326117
PXN	Monocyte count	ukb-d-30130_irnt	Neale UKB, monocyte count	rs2238155	-0.024999279143712853	0.025461126991705847	-0.9818606675131292	0.32616849525940506	0.582490807695584	0.32617
GFAP	Leukocyte count	ukb-d-30000_irnt	Neale UKB, white blood cell count	rs9916491	0.03469191552200805	0.03536339331719327	0.9810120655231704	0.3265867916514984	0.5828453374561061	0.326587
MNDA	Lymphocyte count	ukb-d-30120_irnt	Neale UKB, lymphocyte count	rs703151	0.006731407513260707	0.006871121575251032	0.9796664837814022	0.3272507754955887	0.5836375632913928	0.327253
HHEX	Leukocyte count	ukb-d-30000_irnt	Neale UKB, white blood cell count	rs11187167	0.011540847501846398	0.011790659806406877	0.9788126950771038	0.3276725358632797	0.5837676540845577	0.327674
GCNT1	Neutrophil count	ukb-d-30140_irnt	Neale UKB, neutrophil count	rs1547140	-0.01593878476145434	0.016286872629664346	-0.9786277036650972	0.3277639656605982	0.5837676540845577	0.327766
CASP3	Leukocyte count	ukb-d-30000_irnt	Neale UKB, white blood cell count	rs72689261	-0.007699217295069597	0.007879025547106767	-0.9771788718081772	0.32848060601591245	0.5842716982691127	0.328482
LRG1	Lymphocyte count	ukb-d-30120_irnt	Neale UKB, lymphocyte count	rs1609717	-0.036911602124945375	0.037774185002111216	-0.9771647521417701	0.3284875950675894	0.5842716982691127	0.328489
FAM3B	Neutrophil count	ukb-d-30140_irnt	Neale UKB, neutrophil count	rs66817580	-0.0022021959483515033	0.0022552309525521977	-0.9764835596369074	0.32882489106538726	0.5843264400480407	0.328827
COL18A1	Neutrophil count	ukb-d-30140_irnt	Neale UKB, neutrophil count	rs2236472	-0.003166848133702288	0.003244014273837796	-0.9762127618371366	0.32895904034378765	0.5843264400480407	0.32896
HPGDS	Lymphocyte count	ukb-d-30120_irnt	Neale UKB, lymphocyte count	rs114711142	-0.038859725108212874	0.040133926641578395	-0.9682512617131895	0.33291889927118223	0.5906158417818491	0.33292
TST	Leukocyte count	ukb-d-30000_irnt	Neale UKB, white blood cell count	rs7290003	0.010957300597951585	0.011317203770111937	0.9681985780700676	0.3329452049260424	0.5906158417818491	0.332946
IDO1	Monocyte count	ukb-d-30130_irnt	Neale UKB, monocyte count	rs7820268	-0.007702705786608011	0.007976846941288192	-0.9656328927083676	0.33422791008120756	0.5924949315075951	0.334229
IFNLR1	Neutrophil count	ukb-d-30140_irnt	Neale UKB, neutrophil count	rs12094257	-0.012612670022405527	0.013070506426107532	-0.9649717930754768	0.33455894004573583	0.5926855771551712	0.334561
CXCL1	Monocyte count	ukb-d-30130_irnt	Neale UKB, monocyte count	rs2071425	-0.012765756327544363	0.013238488838759685	-0.9642910518735904	0.3349000258130552	0.592893770665035	0.334901
IL12RB1	Neutrophil count	ukb-d-30140_irnt	Neale UKB, neutrophil count	rs447259	-0.005567717068176593	0.005787435707631216	-0.9620352345055158	0.3360319051579448	0.5945007421473446	0.336033
TCN2	Monocyte count	ukb-d-30130_irnt	Neale UKB, monocyte count	rs9621047	0.00592709726903977	0.0061658346243793705	0.961280610025503	0.3364110945949115	0.5947748152438035	0.33641
ITGA6	Leukocyte count	ukb-d-30000_irnt	Neale UKB, white blood cell count	rs12613850	0.0923898317229054	0.09627622772786386	0.9596328595679525	0.33724002512045725	0.5951916486324332	0.337241
KYNU	Monocyte count	ukb-d-30130_irnt	Neale UKB, monocyte count	rs76560560	0.005508331772901266	0.005742178241303016	0.9592756514035542	0.33741989813337847	0.5951916486324332	0.33742
DLL1	Neutrophil count	ukb-d-30140_irnt	Neale UKB, neutrophil count	rs62428586	-0.007646011645164299	0.007970668727438629	-0.9592685264717232	0.3374234865366612	0.5951916486324332	0.337424
CD6	Neutrophil count	ukb-d-30140_irnt	Neale UKB, neutrophil count	rs34383631	0.008847568929833533	0.00922555746831624	0.9590281086231536	0.3375445850464478	0.5951916486324332	0.337544
SUSD4	Leukocyte count	ukb-d-30000_irnt	Neale UKB, white blood cell count	rs4402119	-0.0047127516317696004	0.004921834039445628	-0.9575194112600396	0.3383051535800672	0.596136390228796	0.338307
CDH23	Leukocyte count	ukb-d-30000_irnt	Neale UKB, white blood cell count	rs9415998	-0.00486571950975106	0.005092608418022068	-0.9554474073702431	0.3393514896218339	0.5975831012464167	0.339353
CD101	Lymphocyte count	ukb-d-30120_irnt	Neale UKB, lymphocyte count	rs12130298	0.005346559044989082	0.005609409182089181	0.9531412081793965	0.3405185296025681	0.5992207630452763	0.340519
EFNA1	Leukocyte count	ukb-d-30000_irnt	Neale UKB, white blood cell count	rs79976845	-0.03248255047205378	0.034094640460420635	-0.9527172022758744	0.34073337506496104	0.5992207630452763	0.340734
SPON1	Monocyte count	ukb-d-30130_irnt	Neale UKB, monocyte count	rs1027837	0.007841969575314465	0.008248270612458222	0.9507410636442896	0.3417358373066244	0.6000958248099585	0.341737
MNDA	Neutrophil count	ukb-d-30140_irnt	Neale UKB, neutrophil count	rs703151	0.006536944502612279	0.006876833515643113	0.9505747794740603	0.34182027649397595	0.6000958248099585	0.34182
SERPINE1	Monocyte count	ukb-d-30130_irnt	Neale UKB, monocyte count	rs2227667	-0.028652333793107804	0.03014770486489072	-0.9503985103182966	0.34190980063644316	0.6000958248099585	0.341911
SH3BGRL2	Monocyte count	ukb-d-30130_irnt	Neale UKB, monocyte count	rs2245410	-0.010081333100281482	0.010639251528288509	-0.9475603686477768	0.343353309878065	0.6022308054210506	0.343353
GATA3	Lymphocyte count	ukb-d-30120_irnt	Neale UKB, lymphocyte count	rs10905355	0.04578483879964522	0.048373594015518454	0.9464841248917177	0.3439017155709825	0.602794018304194	0.343901
DCUN1D2	Lymphocyte count	ukb-d-30120_irnt	Neale UKB, lymphocyte count	rs76760541	0.030013241006786942	0.03179072956929549	0.9440878335731778	0.3451247659989387	0.604186519813412	0.345126
GALNT3	Leukocyte count	ukb-d-30000_irnt	Neale UKB, white blood cell count	rs12618003	-0.028669280260691744	0.03036887672749189	-0.9440349248985703	0.3451518014771189	0.604186519813412	0.345153
CCL5	Lymphocyte count	ukb-d-30120_irnt	Neale UKB, lymphocyte count	rs8069014	-0.016884133670287217	0.017904640521672597	-0.9430032203020154	0.3456792557545427	0.6043139989932392	0.345679
KIAA0319	Leukocyte count	ukb-d-30000_irnt	Neale UKB, white blood cell count	rs6935076	-0.0073105984141433435	0.007752481770572784	-0.9430010454062903	0.3456803682023921	0.6043139989932392	0.345679
RHOC	Neutrophil count	ukb-d-30140_irnt	Neale UKB, neutrophil count	rs75472514	-0.011545818542583934	0.012262444013524759	-0.9415593278019921	0.34641830126923123	0.605125155443315	0.346419
FCAR	Neutrophil count	ukb-d-30140_irnt	Neale UKB, neutrophil count	rs73065470	0.006787868540247291	0.00721190525835596	0.9412032323057259	0.34660072063287917	0.605125155443315	0.346602
PLAU	Lymphocyte count	ukb-d-30120_irnt	Neale UKB, lymphocyte count	rs2227551	0.010969016107709003	0.01166169262943215	0.9406024027785685	0.34690865012504957	0.6052643027181785	0.346909
CD5	Neutrophil count	ukb-d-30140_irnt	Neale UKB, neutrophil count	rs4939489	0.010512194671429704	0.011209468717095602	0.9377959773773683	0.34834926875240413	0.607378212183679	0.34835
CD274	Neutrophil count	ukb-d-30140_irnt	Neale UKB, neutrophil count	rs2890658	-0.012316918767639566	0.013141571573763805	-0.9372485397583195	0.34863072673406403	0.6074695711555439	0.348631
SUSD1	Monocyte count	ukb-d-30130_irnt	Neale UKB, monocyte count	rs3860162	0.0036080382835658484	0.0038533309924056645	0.9363426839471483	0.34909677806418626	0.6078822425648207	0.349097
TGFBR2	Leukocyte count	ukb-d-30000_irnt	Neale UKB, white blood cell count	rs3821669	-0.007906678087534747	0.0084549426155657	-0.9351545536191352	0.3497086555640667	0.6083936865227052	0.349708
RNF149	Leukocyte count	ukb-d-30000_irnt	Neale UKB, white blood cell count	rs12991475	0.019865696640046625	0.02126046396077578	0.9343961955250643	0.3500995594984111	0.6083936865227052	0.350101
MMP9	Lymphocyte count	ukb-d-30120_irnt	Neale UKB, lymphocyte count	rs13925	-0.013724635725558407	0.014691979758979406	-0.9341583605960402	0.35022221118089947	0.6083936865227052	0.350223
CLEC5A	Monocyte count	ukb-d-30130_irnt	Neale UKB, monocyte count	rs62479376	-0.007838677518170705	0.00839266214715653	-0.9339917871978776	0.350308129457078	0.6083936865227052	0.350309
TNFSF13	Leukocyte count	ukb-d-30000_irnt	Neale UKB, white blood cell count	rs11552708	-0.005415936304377214	0.005809696875819582	-0.9322235600481618	0.35122100210056084	0.6095799067870991	0.351222
NDST1	Lymphocyte count	ukb-d-30120_irnt	Neale UKB, lymphocyte count	rs79152136	-0.00477115941685018	0.005121184817460846	-0.9316514804509215	0.3515166688614888	0.609694052204492	0.351517
C1R	Leukocyte count	ukb-d-30000_irnt	Neale UKB, white blood cell count	rs6488561	-0.023263441440748652	0.025026171282298063	-0.9295645417884495	0.35259659346295336	0.6111674286691191	0.352597
PVR	Monocyte count	ukb-d-30130_irnt	Neale UKB, monocyte count	rs79572806	-0.016913918581067153	0.018205795884358424	-0.9290403280638122	0.35286818700300726	0.6112386883944972	0.352869
TNFRSF11A	Neutrophil count	ukb-d-30140_irnt	Neale UKB, neutrophil count	rs7234211	-0.027822537031211538	0.02999985181430063	-0.9274224820653552	0.3537072222988211	0.6116370693023275	0.353709
SYT1	Lymphocyte count	ukb-d-30120_irnt	Neale UKB, lymphocyte count	rs67167203	0.01803821150999254	0.019464082337842997	0.9267434856110215	0.3540597337547613	0.6116370693023275	0.354061
UPK3A	Lymphocyte count	ukb-d-30120_irnt	Neale UKB, lymphocyte count	rs968415	-0.003939569540091771	0.004253416723148259	-0.9262129239892143	0.35433533741581624	0.6116370693023275	0.354335
RNASE1	Neutrophil count	ukb-d-30140_irnt	Neale UKB, neutrophil count	rs72669447	-0.011086201371446726	0.011982340331305649	-0.9252116919498917	0.35485580289465735	0.6116370693023275	0.354857
PADI2	Neutrophil count	ukb-d-30140_irnt	Neale UKB, neutrophil count	rs2235910	0.002864246277581297	0.003096827557539799	0.9248969225321443	0.3550195275808967	0.6116370693023275	0.355019
ICAM3	Monocyte count	ukb-d-30130_irnt	Neale UKB, monocyte count	rs7409490	0.006289623585323337	0.006801202269302926	0.924781139609891	0.35507976309469713	0.6116370693023275	0.355082
PTTG1	Lymphocyte count	ukb-d-30120_irnt	Neale UKB, lymphocyte count	rs3811999	-0.01661454990396082	0.017973348844461976	-0.9243992339847209	0.35527849340148254	0.6116370693023275	0.355278
EFCAB2	Lymphocyte count	ukb-d-30120_irnt	Neale UKB, lymphocyte count	rs7533985	0.005671135676203896	0.006135116825721153	0.9243728909004567	0.3552922040066735	0.6116370693023275	0.355292
PDCD1	Leukocyte count	ukb-d-30000_irnt	Neale UKB, white blood cell count	rs7570624	0.010895396825535551	0.011788802516933107	0.9242157386117638	0.35537400292204024	0.6116370693023275	0.355374
INPP1	Leukocyte count	ukb-d-30000_irnt	Neale UKB, white blood cell count	rs3791815	0.007616047601918553	0.008241074056597988	0.9241571607794223	0.35540449615191805	0.6116370693023275	0.355405
EFCAB2	Neutrophil count	ukb-d-30140_irnt	Neale UKB, neutrophil count	rs7533985	0.005660358607938826	0.006140195970334117	0.9218530866582129	0.35660521245552257	0.6133054626666964	0.356607
MFGE8	Leukocyte count	ukb-d-30000_irnt	Neale UKB, white blood cell count	rs12911703	-0.004642104047779119	0.0050422627858409995	-0.9206390553095424	0.3572389046065607	0.6138587828209855	0.357239
CD207	Neutrophil count	ukb-d-30140_irnt	Neale UKB, neutrophil count	rs7561215	0.02053404378205041	0.02231112447610528	0.9203500166045829	0.3573898795911017	0.6138587828209855	0.357391
SUSD4	Neutrophil count	ukb-d-30140_irnt	Neale UKB, neutrophil count	rs4402119	-0.004512941971051957	0.004914428573339276	-0.9183045197837689	0.35845946169115894	0.6152974060873486	0.35846
F12	Lymphocyte count	ukb-d-30120_irnt	Neale UKB, lymphocyte count	rs2731673	0.02463624687910422	0.026875440337978406	0.9166825387523075	0.35930901864426756	0.6163014859904232	0.35931
CD59	Leukocyte count	ukb-d-30000_irnt	Neale UKB, white blood cell count	rs1718066	0.004158373005318614	0.004538218729146492	0.9163007015531585	0.35950920016108023	0.6163014859904232	0.359511
CD55	Leukocyte count	ukb-d-30000_irnt	Neale UKB, white blood cell count	rs891376	0.002989980822152405	0.003264788219832934	0.915826883958007	0.35975770060624157	0.6163290839843363	0.35976
LTBP2	Leukocyte count	ukb-d-30000_irnt	Neale UKB, white blood cell count	rs754458	0.015091064129251352	0.01650068807660726	0.9145718081081534	0.3604164643763821	0.6170590468212817	0.360418
MPRIP	Neutrophil count	ukb-d-30140_irnt	Neale UKB, neutrophil count	rs11867934	0.019060429086627008	0.02087091742635379	0.9132530543462997	0.36110946653858766	0.6175405951108474	0.361111
ERBB3	Monocyte count	ukb-d-30130_irnt	Neale UKB, monocyte count	rs11171739	0.01282019754746729	0.014039524687848427	0.9131503973609237	0.3611634475931087	0.6175405951108474	0.361164
TSC22D1	Neutrophil count	ukb-d-30140_irnt	Neale UKB, neutrophil count	rs1330098	-0.03933018740424515	0.04313046171241058	-0.9118888563376562	0.3618272283360655	0.6182769391412666	0.361827
PSRC1	Neutrophil count	ukb-d-30140_irnt	Neale UKB, neutrophil count	rs7528419	0.005356518505644674	0.005878553659544248	0.9111966677293124	0.36219175948862903	0.6183206222322899	0.362192
SCGB3A2	Leukocyte count	ukb-d-30000_irnt	Neale UKB, white blood cell count	rs13163344	0.0036261517042281595	0.003980604753967382	0.9109549750233437	0.36231909764290293	0.6183206222322899	0.362319
TNFSF13	Neutrophil count	ukb-d-30140_irnt	Neale UKB, neutrophil count	rs11552708	-0.005267297992405765	0.0058016768815324065	-0.9078923387085468	0.36393510574177323	0.6205323112387068	0.363935
SERPINE2	Lymphocyte count	ukb-d-30120_irnt	Neale UKB, lymphocyte count	rs10194024	0.003213292912532248	0.0035403802827282784	0.9076123624934519	0.36408306044020655	0.6205323112387068	0.364083
SYT1	Neutrophil count	ukb-d-30140_irnt	Neale UKB, neutrophil count	rs67167203	-0.017649708986287503	0.019480194299982635	-0.9060335186853468	0.36491811143720776	0.6215280051870203	0.364919
IFNGR2	Leukocyte count	ukb-d-30000_irnt	Neale UKB, white blood cell count	rs17879003	-0.005350455330639577	0.005908045085804984	-0.9056219532743404	0.36513598494772914	0.6215280051870203	0.365136
KYNU	Leukocyte count	ukb-d-30000_irnt	Neale UKB, white blood cell count	rs76560560	0.00534447743185164	0.005905725877654364	0.9049653747177239	0.365483731070545	0.6217208818467513	0.365485
SNAP23	Lymphocyte count	ukb-d-30120_irnt	Neale UKB, lymphocyte count	rs56357092	0.013587611819612964	0.015035598358687443	0.9036961147450547	0.3661565598599137	0.6219808190662812	0.366156
IFIT1	Neutrophil count	ukb-d-30140_irnt	Neale UKB, neutrophil count	rs304500	-0.015832371096069497	0.017524123381946925	-0.9034615170753566	0.3662810035483337	0.6219808190662812	0.366282
SPP1	Neutrophil count	ukb-d-30140_irnt	Neale UKB, neutrophil count	rs2853749	-0.005261124248380501	0.005824014939220565	-0.9033500606172216	0.36634013551339795	0.6219808190662812	0.366341
F2R	Neutrophil count	ukb-d-30140_irnt	Neale UKB, neutrophil count	rs250735	-0.006461935181252271	0.007164698371855348	-0.9019130807566583	0.3671030421240946	0.6224262861910944	0.367104
OSCAR	Leukocyte count	ukb-d-30000_irnt	Neale UKB, white blood cell count	rs10500316	-0.0036219679072252943	0.004017579091189412	-0.9015299574732214	0.3673066130803404	0.6224262861910944	0.367309
VSTM1	Leukocyte count	ukb-d-30000_irnt	Neale UKB, white blood cell count	rs10500316	-0.0028414273189037095	0.0031517835822866816	-0.9015299574732214	0.3673066130803404	0.6224262861910944	0.367309
ALCAM	Neutrophil count	ukb-d-30140_irnt	Neale UKB, neutrophil count	rs2399047	-0.004899104140282425	0.005438593333276641	-0.9008035423988606	0.36769278376765824	0.6226084850143628	0.367694
MAPK9	Leukocyte count	ukb-d-30000_irnt	Neale UKB, white blood cell count	rs6601106	0.00792722031167556	0.008803673115816858	0.9004446447964266	0.3678836711981548	0.6226084850143628	0.367884
SHD	Leukocyte count	ukb-d-30000_irnt	Neale UKB, white blood cell count	rs4807567	0.009736599082930971	0.010829723262226625	0.8990625934913407	0.3686193212054434	0.6234556376510433	0.36862
ESM1	Neutrophil count	ukb-d-30140_irnt	Neale UKB, neutrophil count	rs6891823	-0.012189092610655502	0.013576694760733192	-0.8977952900516742	0.36929469614252164	0.6237499623131029	0.369296
MGLL	Monocyte count	ukb-d-30130_irnt	Neale UKB, monocyte count	rs664910	-0.014311998903785013	0.01594306814293919	-0.8976941436534888	0.3693486325014561	0.6237499623131029	0.369349
NRCAM	Leukocyte count	ukb-d-30000_irnt	Neale UKB, white blood cell count	rs2267886	0.025675693188365597	0.02861983522351589	0.8971293156596793	0.36964991729867225	0.6237499623131029	0.369651
FCRL5	Leukocyte count	ukb-d-30000_irnt	Neale UKB, white blood cell count	rs1581997	0.002689405345016663	0.002998317596865708	0.896971470876879	0.36973414055663567	0.6237499623131029	0.369735
MAPT	Leukocyte count	ukb-d-30000_irnt	Neale UKB, white blood cell count	rs17698176	0.045662261075884336	0.0510350271701154	0.894723949566599	0.3709346728244105	0.6253774649271053	0.370935
SUSD1	Lymphocyte count	ukb-d-30120_irnt	Neale UKB, lymphocyte count	rs3860162	-0.0035249915704242338	0.003954291828982697	-0.8914343510481604	0.37269619604006765	0.6279481015872042	0.372696
PTP4A3	Lymphocyte count	ukb-d-30120_irnt	Neale UKB, lymphocyte count	rs3934583	-0.011182027775275646	0.012565922784885879	-0.8898692095040753	0.37353611874678294	0.6279641303993272	0.373537
PDE4D	Monocyte count	ukb-d-30130_irnt	Neale UKB, monocyte count	rs9291685	-0.009826674510417521	0.011044887574972085	-0.8897034436715267	0.37362514443313444	0.6279641303993272	0.373627
ITPRIP	Neutrophil count	ukb-d-30140_irnt	Neale UKB, neutrophil count	rs34970111	-0.011646419347648483	0.013094343099979405	-0.8894237197486295	0.3737754018733104	0.6279641303993272	0.373775
VIT	Lymphocyte count	ukb-d-30120_irnt	Neale UKB, lymphocyte count	rs4670616	0.008127021632960115	0.009142322981274173	0.8889449267550866	0.3740326786880017	0.6279641303993272	0.374034
NEDD4L	Lymphocyte count	ukb-d-30120_irnt	Neale UKB, lymphocyte count	rs6566924	0.014002398402917823	0.015752216601943373	0.8889160653866535	0.3740481906877604	0.6279641303993272	0.374049
ADAMTS1	Neutrophil count	ukb-d-30140_irnt	Neale UKB, neutrophil count	rs462404	-0.008797384039522889	0.009898375581573702	-0.8887704822900071	0.3741264426964317	0.6279641303993272	0.374128
CD40	Leukocyte count	ukb-d-30000_irnt	Neale UKB, white blood cell count	rs745307	-0.0045299323332823145	0.005100165718232848	-0.888193165388337	0.37443685455990217	0.6280876270037069	0.374438
CD200	Monocyte count	ukb-d-30130_irnt	Neale UKB, monocyte count	rs721363	0.02160817025161775	0.024380667939886747	0.8862829478214093	0.37546507550945885	0.628861117566669	0.375466
HIP1R	Monocyte count	ukb-d-30130_irnt	Neale UKB, monocyte count	rs4426165	0.027553952673239897	0.03110058391469646	0.8859625513403748	0.37563770732882307	0.628861117566669	0.375638
SCARA5	Monocyte count	ukb-d-30130_irnt	Neale UKB, monocyte count	rs4732769	-0.012031163156695059	0.013584481665297351	-0.8856549298770546	0.3758035019989787	0.628861117566669	0.375805
CLEC10A	Monocyte count	ukb-d-30130_irnt	Neale UKB, monocyte count	rs10459916	0.00699849047760479	0.007902762530029469	0.8855751961433027	0.375846482406927	0.628861117566669	0.375847
PDLIM7	Lymphocyte count	ukb-d-30120_irnt	Neale UKB, lymphocyte count	rs2731664	0.018072128669218958	0.020428773044651086	0.8846409243334771	0.3763503270200119	0.629306515451889	0.376352
TNFRSF13C	Lymphocyte count	ukb-d-30120_irnt	Neale UKB, lymphocyte count	rs149192849	0.013568607098249735	0.015345599408139243	0.8842018312463573	0.3765872699932684	0.629306515451889	0.376588
CD14	Leukocyte count	ukb-d-30000_irnt	Neale UKB, white blood cell count	rs57599368	-0.007803342320035208	0.008836205186870958	-0.8831101309903485	0.3771767709351739	0.6297725476854996	0.377178
NUDT16	Lymphocyte count	ukb-d-30120_irnt	Neale UKB, lymphocyte count	rs72995220	-0.04175454823935225	0.047297535105466915	-0.8828060097898426	0.3773410928628427	0.6297725476854996	0.377342
CD7	Monocyte count	ukb-d-30130_irnt	Neale UKB, monocyte count	rs116065945	-0.018866577037270828	0.021430697055542427	-0.8803529343153836	0.3786681448642071	0.6312151187362093	0.378669
CPM	Neutrophil count	ukb-d-30140_irnt	Neale UKB, neutrophil count	rs12817847	0.01611485508160501	0.018305505439695793	0.8803283326260786	0.37868146829159466	0.6312151187362093	0.378681
SPP1	Leukocyte count	ukb-d-30000_irnt	Neale UKB, white blood cell count	rs2853749	-0.005129406217954088	0.005832483324891745	-0.8794549306404221	0.37915465967039186	0.6316068828177633	0.379156
AKAP12	Leukocyte count	ukb-d-30000_irnt	Neale UKB, white blood cell count	rs72994089	0.024218356716293046	0.027608672969842974	0.8772010426849135	0.3803774498477659	0.6332460746994822	0.380378
CD14	Neutrophil count	ukb-d-30140_irnt	Neale UKB, neutrophil count	rs57599368	-0.007735787988824213	0.008823810462477155	-0.8766947138903644	0.38065247872606056	0.6333063824225299	0.380653
INPP1	Neutrophil count	ukb-d-30140_irnt	Neale UKB, neutrophil count	rs3791815	0.007207421280374293	0.008229569768934767	0.8757956348557963	0.38114114352965345	0.6336247212482862	0.381142
SIAE	Lymphocyte count	ukb-d-30120_irnt	Neale UKB, lymphocyte count	rs148191463	0.007861797469454595	0.00898015264739274	0.8754636784194483	0.3813216648236293	0.6336247212482862	0.381322
CD7	Lymphocyte count	ukb-d-30120_irnt	Neale UKB, lymphocyte count	rs116065945	-0.019234539324493045	0.021992161188912274	-0.8746088735558408	0.38178675792858874	0.6337652488410779	0.381787
SLC12A2	Neutrophil count	ukb-d-30140_irnt	Neale UKB, neutrophil count	rs17764730	0.011258914464840532	0.01287572012276709	0.8744298848910446	0.3818841884042392	0.6337652488410779	0.381886
TNFRSF13C	Monocyte count	ukb-d-30130_irnt	Neale UKB, monocyte count	rs149192849	-0.013062898894476954	0.014953781719339466	-0.8735515296162799	0.3823625322968056	0.6341622486873849	0.382363
LPCAT2	Neutrophil count	ukb-d-30140_irnt	Neale UKB, neutrophil count	rs12934747	-0.0031496486832583354	0.0036129105048475327	-0.8717760041474519	0.38333058766858663	0.6353704490606823	0.383333
IL1RN	Neutrophil count	ukb-d-30140_irnt	Neale UKB, neutrophil count	rs72950883	-0.0220262145529942	0.02529407221829008	-0.8708053951497419	0.383860418941802	0.6358512373726789	0.383862
PRKG1	Lymphocyte count	ukb-d-30120_irnt	Neale UKB, lymphocyte count	rs10490973	0.014981085275086617	0.017216740814203147	0.8701464137003095	0.3842203958470898	0.6360502433124108	0.384221
PGLYRP1	Monocyte count	ukb-d-30130_irnt	Neale UKB, monocyte count	rs12980641	-0.004609279637975498	0.005313236815480519	-0.8675087894719866	0.3856632980068442	0.6380405903394577	0.385663
CTLA4	Monocyte count	ukb-d-30130_irnt	Neale UKB, monocyte count	rs13030124	-0.013512813876204849	0.015601875904539472	-0.8661018687036989	0.38643430051801686	0.6387363229207609	0.386434
IL18RAP	Leukocyte count	ukb-d-30000_irnt	Neale UKB, white blood cell count	rs6734762	-0.0026255441651554276	0.0030322874260110947	-0.8658625638959534	0.3865655347993293	0.6387363229207609	0.386565
APOD	Lymphocyte count	ukb-d-30120_irnt	Neale UKB, lymphocyte count	rs7640745	-0.015116410138665258	0.017472798966180585	-0.8651395902810862	0.38696217727592375	0.6389935828989725	0.386962
RAB27B	Lymphocyte count	ukb-d-30120_irnt	Neale UKB, lymphocyte count	rs7244800	0.015437443773723376	0.017860220079586552	0.86434790304559	0.38739680253056474	0.6393132049228735	0.387398
MAPRE3	Lymphocyte count	ukb-d-30120_irnt	Neale UKB, lymphocyte count	rs6745807	-0.013294632646617635	0.015414469618793532	-0.8624774627606153	0.3884248298370596	0.6403307260818929	0.388427
CD300A	Neutrophil count	ukb-d-30140_irnt	Neale UKB, neutrophil count	rs62087202	-0.004739852040969958	0.0054964520006589865	-0.862347572652628	0.3884962813973476	0.6403307260818929	0.388497
VNN1	Leukocyte count	ukb-d-30000_irnt	Neale UKB, white blood cell count	rs2300077	-0.002798020925565482	0.0032465259662275005	-0.8618507766986424	0.3887696389179438	0.6403832810002404	0.38877
IFNGR2	Neutrophil count	ukb-d-30140_irnt	Neale UKB, neutrophil count	rs17879003	-0.005081160435495512	0.0059001155611678536	-0.8611967651850129	0.3891296813873457	0.6405784699188336	0.389129
PVR	Leukocyte count	ukb-d-30000_irnt	Neale UKB, white blood cell count	rs79572806	0.016096084727195786	0.018724996598043872	0.859604146944266	0.3900072882956165	0.6416248936476271	0.390008
PTK7	Monocyte count	ukb-d-30130_irnt	Neale UKB, monocyte count	rs6916141	0.012069363356737967	0.014060149293792085	0.8584093315472048	0.39066647665234866	0.6423109089163227	0.390667
MXRA8	Neutrophil count	ukb-d-30140_irnt	Neale UKB, neutrophil count	rs140427603	0.03848714543330692	0.044885796435257155	0.8574459737797102	0.3911984607327541	0.6427870618731498	0.391199
DENR	Monocyte count	ukb-d-30130_irnt	Neale UKB, monocyte count	rs7967318	0.0108735054184135	0.012693774529452502	0.8566014303455953	0.39166519496189833	0.6431554780426962	0.391665
EPHB4	Neutrophil count	ukb-d-30140_irnt	Neale UKB, neutrophil count	rs314320	0.003531558617021976	0.004127473809042906	0.855622295963372	0.392206733251105	0.6436461983799074	0.392206
LAMP3	Lymphocyte count	ukb-d-30120_irnt	Neale UKB, lymphocyte count	rs7619012	0.017652122763510077	0.020666633542440305	0.8541363414249481	0.3930294499645939	0.6445974652480537	0.39303
ITPRIP	Leukocyte count	ukb-d-30000_irnt	Neale UKB, white blood cell count	rs34970111	-0.011186064508919931	0.013112562515393788	-0.8530799754653448	0.39361495521333456	0.6450139144322425	0.393617
NOTCH1	Monocyte count	ukb-d-30130_irnt	Neale UKB, monocyte count	rs10870084	0.009174758937545427	0.01075838513741777	0.8528007521905424	0.39376980673672723	0.6450139144322425	0.39377
KRT5	Neutrophil count	ukb-d-30140_irnt	Neale UKB, neutrophil count	rs611403	0.01100898284625802	0.012940908088596706	0.8507117716073525	0.39492948246372217	0.6462198367785593	0.39493
CMC1	Neutrophil count	ukb-d-30140_irnt	Neale UKB, neutrophil count	rs17021298	-0.00836678498217786	0.009840743950247342	-0.8502187461109143	0.39520348132649286	0.6462198367785593	0.395205
MANSC1	Monocyte count	ukb-d-30130_irnt	Neale UKB, monocyte count	rs11054833	-0.014757852091664992	0.017358943775334913	-0.850158413015556	0.3952370193268564	0.6462198367785593	0.395237
SMAD1	Lymphocyte count	ukb-d-30120_irnt	Neale UKB, lymphocyte count	rs13110416	0.022479161283798687	0.026496463431565552	0.848383458488992	0.3962244518192968	0.6470812350619968	0.396226
PINLYP	Lymphocyte count	ukb-d-30120_irnt	Neale UKB, lymphocyte count	rs915927	-0.013245443719096622	0.01561962888260216	-0.8479998992709736	0.3964380268295642	0.6470812350619968	0.396438
STAM	Monocyte count	ukb-d-30130_irnt	Neale UKB, monocyte count	rs2570287	0.010052792651301282	0.0118584634469996	0.8477314701210142	0.3965875359717155	0.6470812350619968	0.396587
LRG1	Monocyte count	ukb-d-30130_irnt	Neale UKB, monocyte count	rs1609717	-0.03119472905584008	0.03680976131840583	-0.8474580638001016	0.3967398522665184	0.6470812350619968	0.396741
TIGIT	Lymphocyte count	ukb-d-30120_irnt	Neale UKB, lymphocyte count	rs62265703	-0.007185561479700966	0.008489722950316086	-0.8463835064763139	0.3973388365078834	0.64765986135151	0.397339
STX3	Lymphocyte count	ukb-d-30120_irnt	Neale UKB, lymphocyte count	rs114965596	-0.015198030589456362	0.017990110021430562	-0.8447992019699624	0.3982229602575402	0.64864101396048	0.398224
ASRGL1	Lymphocyte count	ukb-d-30120_irnt	Neale UKB, lymphocyte count	rs7110781	0.003725940556613692	0.00441283234443751	0.8443421969815683	0.398478212723514	0.64864101396048	0.398479
TIE1	Lymphocyte count	ukb-d-30120_irnt	Neale UKB, lymphocyte count	rs7520981	0.042184933943082426	0.04998269226465394	0.8439908302601414	0.39867452969667516	0.64864101396048	0.398674
SUSD1	Neutrophil count	ukb-d-30140_irnt	Neale UKB, neutrophil count	rs3860162	0.003336163327047669	0.003957561384618194	0.8429846066353625	0.39923705295794165	0.6491579794264017	0.399237
SELP	Lymphocyte count	ukb-d-30120_irnt	Neale UKB, lymphocyte count	rs10919218	0.016942347974312884	0.020167403393335642	0.8400857385493422	0.4008603157087012	0.6513980130266395	0.400862
PLB1	Monocyte count	ukb-d-30130_irnt	Neale UKB, monocyte count	rs11127158	-0.00492940354763131	0.005872971178439201	-0.8393372618152958	0.40128007904129914	0.651680814217713	0.40128
SLC9A3R2	Leukocyte count	ukb-d-30000_irnt	Neale UKB, white blood cell count	rs74422368	0.020636505157753563	0.0246144502012252	0.8383898477946247	0.40181178934226613	0.6520571166432418	0.401813
NINJ1	Neutrophil count	ukb-d-30140_irnt	Neale UKB, neutrophil count	rs12235416	0.004996800912752095	0.0059624254433570684	0.8380483681048277	0.40200353910697606	0.6520571166432418	0.402004
SEZ6L	Monocyte count	ukb-d-30130_irnt	Neale UKB, monocyte count	rs77494677	0.010470513851867532	0.012503063753210714	0.8374358524068762	0.4023476201749916	0.6522163133888006	0.402348
SPON1	Neutrophil count	ukb-d-30140_irnt	Neale UKB, neutrophil count	rs1027837	0.007068460668664675	0.008471373099364594	0.8343937382707006	0.4040591446374924	0.6538862294043978	0.40406
TLR1	Monocyte count	ukb-d-30130_irnt	Neale UKB, monocyte count	rs189688666	-0.0036410118427793563	0.004363792112927154	-0.8343687665581829	0.4040732119844779	0.6538862294043978	0.404073
IL18RAP	Neutrophil count	ukb-d-30140_irnt	Neale UKB, neutrophil count	rs6734762	-0.0025260917346571162	0.00302783338241872	-0.8342902054403013	0.4041174698317527	0.6538862294043978	0.404118
HIP1R	Lymphocyte count	ukb-d-30120_irnt	Neale UKB, lymphocyte count	rs4426165	0.026575200864458776	0.031915461828640634	0.8326748021741124	0.4050281593063274	0.6546384870895285	0.405029
TPPP3	Neutrophil count	ukb-d-30140_irnt	Neale UKB, neutrophil count	rs149025632	-0.014902946499433033	0.01790133133402963	-0.8325049249886347	0.40512399943185384	0.6546384870895285	0.405124
MAPK9	Neutrophil count	ukb-d-30140_irnt	Neale UKB, neutrophil count	rs6601106	0.00731064029180256	0.008790504496316938	0.8316519597783706	0.40560542427612756	0.6546384870895285	0.405606
CSF3R	Monocyte count	ukb-d-30130_irnt	Neale UKB, monocyte count	rs3917922	-0.015843819080434012	0.01905829551884687	-0.8313345264672781	0.40578467506704596	0.6546384870895285	0.405786
SLAMF1	Monocyte count	ukb-d-30130_irnt	Neale UKB, monocyte count	rs11265461	-0.012658914063800554	0.015228256458008422	-0.8312779666344093	0.4058166186935086	0.6546384870895285	0.405817
LAT2	Lymphocyte count	ukb-d-30120_irnt	Neale UKB, lymphocyte count	rs149511512	-0.0133190087560541	0.01604877952361583	-0.8299078902825686	0.406590863464539	0.655018836701854	0.406591
C1QA	Lymphocyte count	ukb-d-30120_irnt	Neale UKB, lymphocyte count	rs12058824	0.009057127090995185	0.010916345373482076	0.8296849157041795	0.40671695213310155	0.655018836701854	0.406718
FCER2	Monocyte count	ukb-d-30130_irnt	Neale UKB, monocyte count	rs11260012	-0.007596601891657847	0.009161456520943585	-0.8291915018416126	0.4069960529514973	0.655018836701854	0.406996
COL24A1	Monocyte count	ukb-d-30130_irnt	Neale UKB, monocyte count	rs114744497	-0.013501388401565758	0.01628413180669472	-0.829113185881674	0.4070403630786785	0.655018836701854	0.407041
IFNGR2	Lymphocyte count	ukb-d-30120_irnt	Neale UKB, lymphocyte count	rs17879003	0.004871268321236955	0.005895241134767541	0.8263051858062863	0.40863099251333024	0.6571762369714091	0.408631
NPL	Leukocyte count	ukb-d-30000_irnt	Neale UKB, white blood cell count	rs74770891	0.0080903896241213	0.009801980590916854	0.825383150790808	0.40915409768740885	0.6571762369714091	0.409155
PROC	Monocyte count	ukb-d-30130_irnt	Neale UKB, monocyte count	rs971207	-0.011721305022076224	0.014202243971736094	-0.825313594485689	0.4091935757543099	0.6571762369714091	0.409194
PF4	Neutrophil count	ukb-d-30140_irnt	Neale UKB, neutrophil count	rs11574452	-0.028796851627673307	0.0349137948086199	-0.8247986730037041	0.40948590018771513	0.6571762369714091	0.409486
HDAC9	Neutrophil count	ukb-d-30140_irnt	Neale UKB, neutrophil count	rs639387	0.044997563329125904	0.054594322467300095	0.8242169019695723	0.4098163249731248	0.6571762369714091	0.409817
NEFL	Monocyte count	ukb-d-30130_irnt	Neale UKB, monocyte count	rs2976424	-0.01032528307816866	0.012528763948766484	-0.8241262362665259	0.4098678340688955	0.6571762369714091	0.409868
TACC3	Neutrophil count	ukb-d-30140_irnt	Neale UKB, neutrophil count	rs1794002	0.0030007597592134855	0.0036470840846626828	0.8227832672772128	0.4106312537071495	0.6574651077210186	0.410631
GHRL	Monocyte count	ukb-d-30130_irnt	Neale UKB, monocyte count	rs57221010	0.01076540928907754	0.013089771671424015	0.8224291117758197	0.4108327164087022	0.6574651077210186	0.410834
EPHA1	Lymphocyte count	ukb-d-30120_irnt	Neale UKB, lymphocyte count	rs7794735	0.003537510526620221	0.00430136239564552	0.8224162954047807	0.4108400081504242	0.6574651077210186	0.410841
FHIT	Neutrophil count	ukb-d-30140_irnt	Neale UKB, neutrophil count	rs11130745	0.007387731208514252	0.008986792016643593	0.8220654483637909	0.41103964879390986	0.6574651077210186	0.41104
C1R	Lymphocyte count	ukb-d-30120_irnt	Neale UKB, lymphocyte count	rs6488561	-0.02043055551617434	0.02497089500772064	-0.8181747394259399	0.41325741692517015	0.6606140263324601	0.413258
PPP1R14A	Monocyte count	ukb-d-30130_irnt	Neale UKB, monocyte count	rs4803999	0.00862709756640152	0.010557662921159516	0.8171408417587585	0.4138479452391186	0.6611594884181582	0.413848
PDGFB	Leukocyte count	ukb-d-30000_irnt	Neale UKB, white blood cell count	rs5757573	-0.005710804500377908	0.007009675368637839	-0.8147031353161887	0.41524225825688355	0.6626912289478187	0.415244
IL18BP	Monocyte count	ukb-d-30130_irnt	Neale UKB, monocyte count	rs2298455	-0.01887149692075305	0.023166838508872536	-0.8145909470351582	0.41530649415960585	0.6626912289478187	0.415307
LILRA5	Leukocyte count	ukb-d-30000_irnt	Neale UKB, white blood cell count	rs1645784	0.0060388625749264	0.007440081423604026	0.8116661943736004	0.41698319723021404	0.6649665899305639	0.416983
EPHB4	Leukocyte count	ukb-d-30000_irnt	Neale UKB, white blood cell count	rs314320	0.003348494829271802	0.004133333792020418	0.8101196268581593	0.4178714249977573	0.6659825835901757	0.417871
BHLHE40	Neutrophil count	ukb-d-30140_irnt	Neale UKB, neutrophil count	rs6803795	0.024084826683988717	0.029793096058326418	0.8084029480131057	0.41885865543886314	0.6671550475819009	0.418858
TREM2	Neutrophil count	ukb-d-30140_irnt	Neale UKB, neutrophil count	rs6934464	0.024698983327800426	0.030583751485183757	0.8075851433649598	0.4193294420518532	0.6675040097968274	0.419331
SIAE	Leukocyte count	ukb-d-30000_irnt	Neale UKB, white blood cell count	rs148191463	-0.007252771129681436	0.008999631053798307	-0.8058964957925018	0.42030253194491385	0.6686516584990472	0.420303
FOLR2	Monocyte count	ukb-d-30130_irnt	Neale UKB, monocyte count	rs10501409	0.028699724330966403	0.03563280729601072	0.8054297853253759	0.4205717094889252	0.6686787611298739	0.420572
FSTL1	Neutrophil count	ukb-d-30140_irnt	Neale UKB, neutrophil count	rs1147707	0.007049079290268416	0.008765320409150469	0.8042009831049187	0.4212809111336058	0.6689697531327599	0.421282
SPRY2	Neutrophil count	ukb-d-30140_irnt	Neale UKB, neutrophil count	rs7995973	0.015185643819293219	0.018883993049503476	0.804154279208046	0.4213078800625123	0.6689697531327599	0.421309
ERN1	Leukocyte count	ukb-d-30000_irnt	Neale UKB, white blood cell count	rs16947438	-0.0061662240051092955	0.007671324529751857	-0.8038017399987056	0.421511484722791	0.6689697531327599	0.421513
PI16	Monocyte count	ukb-d-30130_irnt	Neale UKB, monocyte count	rs1023037	0.0029516306365519342	0.0036752955452225783	0.8031002133661557	0.4219168144058023	0.6692125549068109	0.421918
SLC9A3R2	Monocyte count	ukb-d-30130_irnt	Neale UKB, monocyte count	rs74422368	0.019154361554265125	0.023939066822283486	0.8001298336506352	0.4236355776497758	0.6715370902135119	0.423636
TNFRSF21	Lymphocyte count	ukb-d-30120_irnt	Neale UKB, lymphocyte count	rs6938470	0.04266769949255537	0.05347974758854754	0.7978291113268544	0.4249696652281778	0.6732494338023463	0.42497
PDGFB	Neutrophil count	ukb-d-30140_irnt	Neale UKB, neutrophil count	rs5757573	-0.00557901822374085	0.0069993751564381545	-0.7970737528776646	0.4254081989226406	0.6734953590530225	0.425408
ESAM	Monocyte count	ukb-d-30130_irnt	Neale UKB, monocyte count	rs6590090	0.030317730448648092	0.03805475549897975	0.7966870382194654	0.42563281363984373	0.6734953590530225	0.425633
HPGDS	Neutrophil count	ukb-d-30140_irnt	Neale UKB, neutrophil count	rs114711142	-0.03195921564373754	0.04016716561895208	-0.7956552360930894	0.4262324519043683	0.6740420169650476	0.426233
TGFB1	Neutrophil count	ukb-d-30140_irnt	Neale UKB, neutrophil count	rs1963413	0.04352819447287239	0.05481708515697495	0.794062550904056	0.4271590175968061	0.675104716726299	0.42716
CCL5	Neutrophil count	ukb-d-30140_irnt	Neale UKB, neutrophil count	rs8069014	0.014216688412372305	0.01791945710961055	0.7933660224978368	0.42756460079710656	0.675343252718241	0.427565
ERN1	Neutrophil count	ukb-d-30140_irnt	Neale UKB, neutrophil count	rs16947438	0.006070498826838121	0.0076605202801914895	0.7924394955960324	0.4281044578149209	0.6757934655506965	0.428105
PI3	Monocyte count	ukb-d-30130_irnt	Neale UKB, monocyte count	rs979641	0.00575676702581194	0.007273976735664523	0.7914194992659711	0.4286992349515153	0.6763297864910283	0.4287
SORD	Lymphocyte count	ukb-d-30120_irnt	Neale UKB, lymphocyte count	rs1995887	-0.014803111545422144	0.018735010748712047	-0.7901309342157594	0.42945130571038925	0.6767478131961998	0.429453
CD27	Lymphocyte count	ukb-d-30120_irnt	Neale UKB, lymphocyte count	rs1059501	-0.019108549114155843	0.024185248242570522	-0.790091088687742	0.4294745737591268	0.6767478131961998	0.429474
RAPGEF2	Leukocyte count	ukb-d-30000_irnt	Neale UKB, white blood cell count	rs11100203	0.004721741788896514	0.005992041852121464	0.7880021377395413	0.4306954554572817	0.6780126983278592	0.430697
TNFRSF11A	Monocyte count	ukb-d-30130_irnt	Neale UKB, monocyte count	rs7234211	-0.023012198221452316	0.02920979919097886	-0.7878245951296848	0.43079931251887205	0.6780126983278592	0.430799
GDF15	Monocyte count	ukb-d-30130_irnt	Neale UKB, monocyte count	rs4808795	-0.010864570055161473	0.013799248176440453	-0.7873305789014379	0.4310883735317512	0.6780126983278592	0.431089
NAMPT	Lymphocyte count	ukb-d-30120_irnt	Neale UKB, lymphocyte count	rs2110385	-0.018617541151448192	0.023657269720946218	-0.7869691376500715	0.4312999329106706	0.6780126983278592	0.4313
TNFRSF17	Neutrophil count	ukb-d-30140_irnt	Neale UKB, neutrophil count	rs12597429	-0.025148795524785786	0.031998915726916204	-0.7859264901164019	0.43191055423964375	0.6785703731300564	0.43191
TNFRSF14	Lymphocyte count	ukb-d-30120_irnt	Neale UKB, lymphocyte count	rs3748825	0.0050511641023974875	0.006432564441055147	0.785248892363826	0.43230765436598917	0.6785755661059164	0.432308
MTSS1	Neutrophil count	ukb-d-30140_irnt	Neale UKB, neutrophil count	rs11778063	-0.004972225937960473	0.006333660972427264	-0.7850476935229697	0.43242560585180945	0.6785755661059164	0.432427
CEBPB	Leukocyte count	ukb-d-30000_irnt	Neale UKB, white blood cell count	rs1889236	0.01609406968735387	0.020537222670643222	0.7836536587958126	0.43324336113536743	0.6790667188496444	0.433244
SIAE	Monocyte count	ukb-d-30130_irnt	Neale UKB, monocyte count	rs148191463	-0.006855769267947634	0.008750865262983552	-0.7834390156762856	0.43336935244773267	0.6790667188496444	0.43337
IFNL1	Lymphocyte count	ukb-d-30120_irnt	Neale UKB, lymphocyte count	rs30461	0.006650271856794801	0.008494591522727402	0.782883066125299	0.4336957824667471	0.6790667188496444	0.433696
IL15	Neutrophil count	ukb-d-30140_irnt	Neale UKB, neutrophil count	rs60301947	0.010496599478677588	0.013409576399532969	0.7827689082738785	0.4337628287071258	0.6790667188496444	0.433761
CD38	Lymphocyte count	ukb-d-30120_irnt	Neale UKB, lymphocyte count	rs10000290	-0.026932097087748786	0.03446873180849795	-0.781348650637298	0.4345974634669725	0.6798108596783419	0.434598
C1S	Monocyte count	ukb-d-30130_irnt	Neale UKB, monocyte count	rs78348916	-0.035324173037918044	0.04526344478464924	-0.7804128299553986	0.4351479184327547	0.6798108596783419	0.435148
IMPACT	Lymphocyte count	ukb-d-30120_irnt	Neale UKB, lymphocyte count	rs542576	0.02862100880580763	0.03673968759228135	0.7790215617353432	0.43596701350600364	0.6798108596783419	0.435968
SERPINF2	Lymphocyte count	ukb-d-30120_irnt	Neale UKB, lymphocyte count	rs8070192	-0.004173372112055377	0.005358777118804203	-0.7787918809705326	0.43610232116917036	0.6798108596783419	0.436104
IDO1	Leukocyte count	ukb-d-30000_irnt	Neale UKB, white blood cell count	rs7820268	-0.00638943163664046	0.008204512961060175	-0.7787703751539723	0.43611499174017654	0.6798108596783419	0.436114
ESAM	Neutrophil count	ukb-d-30140_irnt	Neale UKB, neutrophil count	rs6590090	0.030409925496176406	0.039084174297737154	0.7780623754391823	0.4365322420492639	0.6798108596783419	0.436533
CLEC10A	Leukocyte count	ukb-d-30000_irnt	Neale UKB, white blood cell count	rs10459916	0.0063237414223775365	0.008127896763651516	0.7780292499109634	0.43655176977394716	0.6798108596783419	0.436554
CLEC5A	Neutrophil count	ukb-d-30140_irnt	Neale UKB, neutrophil count	rs62479376	0.006705110510661655	0.008619708852688772	0.7778813211968417	0.4366389809013169	0.6798108596783419	0.436638
EPHA4	Leukocyte count	ukb-d-30000_irnt	Neale UKB, white blood cell count	rs2680848	0.003662745662556104	0.004708745792733199	0.7778601402115738	0.43665146893734663	0.6798108596783419	0.436653
NELL2	Neutrophil count	ukb-d-30140_irnt	Neale UKB, neutrophil count	rs10506258	-0.005048828241476951	0.006492787760833599	-0.777605618334387	0.4368015478476224	0.6798108596783419	0.436803
SYT1	Leukocyte count	ukb-d-30000_irnt	Neale UKB, white blood cell count	rs67167203	-0.015061961452029456	0.019509089931613342	-0.7720483889728975	0.4400857684298103	0.6845205031529953	0.440085
ANPEP	Lymphocyte count	ukb-d-30120_irnt	Neale UKB, lymphocyte count	rs11073891	-0.0024424812453261867	0.0031699591703878644	-0.7705087397158286	0.44099817273574504	0.6855376049795989	0.440999
CD86	Leukocyte count	ukb-d-30000_irnt	Neale UKB, white blood cell count	rs13088702	-0.012190901268972971	0.015860376370834456	-0.7686388383185371	0.44210774254428964	0.6868598320020247	0.442109
CPVL	Leukocyte count	ukb-d-30000_irnt	Neale UKB, white blood cell count	rs245883	0.0034226000872210763	0.004455650329700796	0.7681482688186865	0.4423991030283847	0.6869100826881008	0.442399
TST	Monocyte count	ukb-d-30130_irnt	Neale UKB, monocyte count	rs7290003	0.008439750483477506	0.011003417147444112	0.7670117719237702	0.44307451645857787	0.6874830221443908	0.443076
CDHR1	Monocyte count	ukb-d-30130_irnt	Neale UKB, monocyte count	rs7099098	0.00968357985670856	0.012630945736994102	0.7666551704316835	0.44328656405237865	0.6874830221443908	0.443287
NDST1	Monocyte count	ukb-d-30130_irnt	Neale UKB, monocyte count	rs79152136	-0.0038195109771201417	0.004990427995310029	-0.7653674155222142	0.44405279036178635	0.6882688486495953	0.444053
PXN	Neutrophil count	ukb-d-30140_irnt	Neale UKB, neutrophil count	rs2238155	0.020002200776560248	0.02614995264340358	0.7649039005661784	0.44432877108176605	0.6882943346430161	0.44433
NGFR	Lymphocyte count	ukb-d-30120_irnt	Neale UKB, lymphocyte count	rs2671661	0.02919762499718447	0.03820282803916462	0.7642791514610324	0.44470090682063423	0.6884686543422778	0.444701
RTN4R	Leukocyte count	ukb-d-30000_irnt	Neale UKB, white blood cell count	rs78426131	-0.030991563404337376	0.040574770781250775	-0.7638136410288309	0.44497830659736026	0.6884961896710615	0.444979
UBE2B	Lymphocyte count	ukb-d-30120_irnt	Neale UKB, lymphocyte count	rs244692	-0.009318686171856985	0.012233961607167792	-0.7617063442799454	0.44623528799591483	0.6891635605005652	0.446237
LILRB4	Lymphocyte count	ukb-d-30120_irnt	Neale UKB, lymphocyte count	rs370156	0.004924340455707493	0.00646687146663666	0.7614718308710381	0.44637529779929874	0.6891635605005652	0.446375
LY9	Monocyte count	ukb-d-30130_irnt	Neale UKB, monocyte count	rs4656932	0.009502037830131167	0.01247893493335517	0.7614462196395462	0.4463905897976681	0.6891635605005652	0.446391
GGH	Leukocyte count	ukb-d-30000_irnt	Neale UKB, white blood cell count	rs61518338	0.008176280783655527	0.010741256162515174	0.7612034067476301	0.44653558375462055	0.6891635605005652	0.446537
PCDH9	Lymphocyte count	ukb-d-30120_irnt	Neale UKB, lymphocyte count	rs9317655	0.038524323193856916	0.05062906921196091	0.7609131234977494	0.4467089594647329	0.6891635605005652	0.44671
CES1	Neutrophil count	ukb-d-30140_irnt	Neale UKB, neutrophil count	rs12443580	-0.0028157391698459856	0.003705367507754877	-0.7599082045041392	0.44730945707054204	0.6896887675296962	0.447309
CYTH3	Monocyte count	ukb-d-30130_irnt	Neale UKB, monocyte count	rs6958932	-0.005652880819138464	0.007450503185518624	-0.7587247033362582	0.4480172561729747	0.6900896527406972	0.448018
CD300A	Lymphocyte count	ukb-d-30120_irnt	Neale UKB, lymphocyte count	rs62087202	0.004166181779778496	0.005491910837056433	0.7586033173858838	0.44808988763932156	0.6900896527406972	0.44809
CD14	Lymphocyte count	ukb-d-30120_irnt	Neale UKB, lymphocyte count	rs57599368	0.006675576563437959	0.008816533957609153	0.7571656385077007	0.44895063356751264	0.6906589691633108	0.448951
TIGIT	Leukocyte count	ukb-d-30000_irnt	Neale UKB, white blood cell count	rs62265703	0.006440774221439712	0.008509479835731006	0.7568939989016871	0.44911337095513604	0.6906589691633108	0.449114
PALLD	Leukocyte count	ukb-d-30000_irnt	Neale UKB, white blood cell count	rs1870306	-0.017821155998111755	0.023551734349026722	-0.7566812589684384	0.4492408453268142	0.6906589691633108	0.449241
CD86	Neutrophil count	ukb-d-30140_irnt	Neale UKB, neutrophil count	rs13088702	-0.011966387895841929	0.01584048668755723	-0.7554305705292235	0.44999067627325884	0.6914109348068844	0.449991
LTBP3	Neutrophil count	ukb-d-30140_irnt	Neale UKB, neutrophil count	rs12789028	-0.004444484587229493	0.005905688522497709	-0.7525768706389165	0.4517042208124167	0.6936419186997852	0.451706
SORD	Leukocyte count	ukb-d-30000_irnt	Neale UKB, white blood cell count	rs1995887	0.014073380351628844	0.018779133577167515	0.7494158499804203	0.45360660068688174	0.6961601302208393	0.453608
IL7R	Monocyte count	ukb-d-30130_irnt	Neale UKB, monocyte count	rs10058453	-0.006073255412029223	0.008111515371498805	-0.7487202000958592	0.45402586589716165	0.6964005762633156	0.454027
RGCC	Lymphocyte count	ukb-d-30120_irnt	Neale UKB, lymphocyte count	rs421706	-0.009148200858078624	0.012231952339486924	-0.7478937625146397	0.45452424017580917	0.6964146393495684	0.454526
MYL4	Monocyte count	ukb-d-30130_irnt	Neale UKB, monocyte count	rs11570546	0.04188931416170128	0.05601418075343537	0.7478340948355688	0.4545602340550916	0.6964146393495684	0.45456
TNFRSF9	Monocyte count	ukb-d-30130_irnt	Neale UKB, monocyte count	rs9657975	0.01311756400085281	0.01764031465469572	0.7436128129018954	0.4571107494148614	0.6999178449470048	0.457111
IL1R2	Lymphocyte count	ukb-d-30120_irnt	Neale UKB, lymphocyte count	rs35252180	0.007108594547565221	0.009608555074052637	0.7398193061058245	0.4594096428418295	0.7026937221167706	0.45941
AZU1	Leukocyte count	ukb-d-30000_irnt	Neale UKB, white blood cell count	rs8102628	0.03848861950267625	0.05202944382002837	0.7397468947738458	0.45945358753788845	0.7026937221167706	0.459454
IFIT3	Leukocyte count	ukb-d-30000_irnt	Neale UKB, white blood cell count	rs4934475	-0.016627204767804705	0.02267753559964144	-0.7332015727523586	0.4634354962542133	0.7080333111822922	0.463435
CD200R1	Lymphocyte count	ukb-d-30120_irnt	Neale UKB, lymphocyte count	rs61629858	-0.004789548481202718	0.006533009149884045	-0.7331305331613883	0.4634788190846377	0.7080333111822922	0.463478
GSTM4	Leukocyte count	ukb-d-30000_irnt	Neale UKB, white blood cell count	rs11101980	0.002650772608481908	0.0036198625704860436	0.7322854271028266	0.46399437216872164	0.7084128238292744	0.463995
TACC3	Leukocyte count	ukb-d-30000_irnt	Neale UKB, white blood cell count	rs1794002	-0.00267239358585234	0.0036523264164379375	-0.7316962618195249	0.4643539785700017	0.708553941983685	0.464355
CD38	Monocyte count	ukb-d-30130_irnt	Neale UKB, monocyte count	rs10000290	-0.024531287861952175	0.03358862598990852	-0.7303450837590808	0.4651792770610137	0.7094050849717127	0.465179
CD27	Leukocyte count	ukb-d-30000_irnt	Neale UKB, white blood cell count	rs1059501	0.017690199307000554	0.024239160967141567	0.7298189624212348	0.46550085200642166	0.7094875054718564	0.465501
SCT	Monocyte count	ukb-d-30130_irnt	Neale UKB, monocyte count	rs150657453	0.031014168352764458	0.04254159288201929	0.7290316664628927	0.46598229230218147	0.7098133481823006	0.465983
CLEC7A	Neutrophil count	ukb-d-30140_irnt	Neale UKB, neutrophil count	rs17734799	-0.004996570407624724	0.006870572689512971	-0.7272422014035794	0.46707759812337324	0.7106653988658553	0.467078
CLEC1A	Neutrophil count	ukb-d-30140_irnt	Neale UKB, neutrophil count	rs17734799	-0.007551666984898251	0.010383977951669352	-0.7272422014035794	0.46707759812337324	0.7106653988658553	0.467078
ECE1	Lymphocyte count	ukb-d-30120_irnt	Neale UKB, lymphocyte count	rs1067221	0.005590018765977385	0.007695671470244793	0.7263847979466269	0.46760290797775106	0.7107007063570108	0.467604
WASF1	Neutrophil count	ukb-d-30140_irnt	Neale UKB, neutrophil count	rs6938106	0.012476971852253932	0.017178114393599536	0.7263295357319763	0.46763677699584605	0.7107007063570108	0.467637
INPP1	Monocyte count	ukb-d-30130_irnt	Neale UKB, monocyte count	rs3791815	0.005806288686794014	0.008012811060599699	0.7246256829072738	0.4686816984963311	0.7118807929050803	0.468682
SLA2	Leukocyte count	ukb-d-30000_irnt	Neale UKB, white blood cell count	rs221309	0.032712136734257345	0.0452475983105657	0.7229585205767437	0.46970536835072396	0.7130272678111733	0.469707
SMPDL3A	Neutrophil count	ukb-d-30140_irnt	Neale UKB, neutrophil count	rs12524492	-0.005362714938439173	0.0074411345762815054	-0.7206851164246832	0.47110327170501276	0.7147402039826624	0.471103
GSN	Leukocyte count	ukb-d-30000_irnt	Neale UKB, white blood cell count	rs10760167	0.0028090515127552566	0.003904496533888547	0.7194401348226271	0.47186977542780584	0.7152272040215037	0.471872
ULBP2	Neutrophil count	ukb-d-30140_irnt	Neale UKB, neutrophil count	rs60901916	0.024348981509226975	0.033851517828583026	0.7192877327547055	0.471963652729122	0.7152272040215037	0.471963
IFNLR1	Leukocyte count	ukb-d-30000_irnt	Neale UKB, white blood cell count	rs12094257	-0.00937568632605624	0.013089623104016493	-0.7162686237451216	0.47382549685964026	0.7165961289509736	0.473827
HS3ST3B1	Neutrophil count	ukb-d-30140_irnt	Neale UKB, neutrophil count	rs4792444	0.010893621477125701	0.015209509955734854	0.7162375059308327	0.4738447077991479	0.7165961289509736	0.473845
CRISP3	Lymphocyte count	ukb-d-30120_irnt	Neale UKB, lymphocyte count	rs78730163	0.012392807535486732	0.01730332265051556	0.7162097006332759	0.4738618740806937	0.7165961289509736	0.473863
ENG	Neutrophil count	ukb-d-30140_irnt	Neale UKB, neutrophil count	rs10987758	-0.005346030376185777	0.007465787740302072	-0.7160705021556737	0.47394781680995757	0.7165961289509736	0.473948
TXNDC5	Lymphocyte count	ukb-d-30120_irnt	Neale UKB, lymphocyte count	rs72820104	-0.03028201962765951	0.04234858703191452	-0.7150656432725497	0.47456848224779513	0.7171257065077793	0.474569
ARG1	Neutrophil count	ukb-d-30140_irnt	Neale UKB, neutrophil count	rs2246012	-0.0037942896481850414	0.00532683376970514	-0.7122973631660875	0.4762806565316111	0.719303132757308	0.476281
ADAM23	Monocyte count	ukb-d-30130_irnt	Neale UKB, monocyte count	rs10497883	0.016004630679642116	0.022489026331658123	0.7116640108652533	0.4766728586105642	0.7194857262579489	0.476672
CLEC11A	Lymphocyte count	ukb-d-30120_irnt	Neale UKB, lymphocyte count	rs141369989	-0.004962450336301725	0.006991831440120958	-0.7097497099008833	0.4778593600088912	0.7208194707735169	0.47786
ADAM8	Neutrophil count	ukb-d-30140_irnt	Neale UKB, neutrophil count	rs12253872	-0.013258454233925257	0.01869068430514263	-0.7093616272935108	0.47810009392557173	0.7208194707735169	0.478101
MAPKAPK2	Neutrophil count	ukb-d-30140_irnt	Neale UKB, neutrophil count	rs6669284	-0.013627090741751148	0.019257562364329715	-0.7076228280580441	0.479179512724043	0.7220364021273648	0.479179
FGFBP3	Monocyte count	ukb-d-30130_irnt	Neale UKB, monocyte count	rs10881994	0.023698505618436987	0.03354089229341204	0.7065556101228633	0.47984268282684983	0.7220728745327739	0.479844
NUDT16	Monocyte count	ukb-d-30130_irnt	Neale UKB, monocyte count	rs72995220	0.0325608849016237	0.04608999129756742	0.7064632468989471	0.4799001009363879	0.7220728745327739	0.479901
SERPING1	Leukocyte count	ukb-d-30000_irnt	Neale UKB, white blood cell count	rs28362951	0.0064637268942750025	0.009151926674822234	0.7062695237776863	0.4800205421573456	0.7220728745327739	0.480022
CEBPB	Neutrophil count	ukb-d-30140_irnt	Neale UKB, neutrophil count	rs1889236	0.014459837464423936	0.020509137828559124	0.7050436534825226	0.48078307022751776	0.7225886548620813	0.480784
PILRA	Leukocyte count	ukb-d-30000_irnt	Neale UKB, white blood cell count	rs2005763	0.018516284485023335	0.02627010846550507	0.7048423309457144	0.480908361927441	0.7225886548620813	0.480909
F12	Neutrophil count	ukb-d-30140_irnt	Neale UKB, neutrophil count	rs2731673	-0.01894144840944534	0.02689768756713854	-0.704203599739425	0.48130598959266013	0.7227766049828622	0.481306
SLAMF1	Leukocyte count	ukb-d-30000_irnt	Neale UKB, white blood cell count	rs11265461	0.010998206212061217	0.015663239739463243	0.7021667544519185	0.48257517596889477	0.7241430136297142	0.482576
HIP1	Lymphocyte count	ukb-d-30120_irnt	Neale UKB, lymphocyte count	rs1186222	-0.0018781118112632447	0.0026771878622054955	-0.7015241021285807	0.4829759985963138	0.7241430136297142	0.482977
CLINT1	Lymphocyte count	ukb-d-30120_irnt	Neale UKB, lymphocyte count	rs11750888	0.025766269948680743	0.03673394508109515	0.7014294242504643	0.4830350645214798	0.7241430136297142	0.483037
EDN1	Lymphocyte count	ukb-d-30120_irnt	Neale UKB, lymphocyte count	rs557768	-0.013907280555244442	0.019870144207862307	-0.6999083856543702	0.48398452016022087	0.7251564674942971	0.483985
LILRA5	Monocyte count	ukb-d-30130_irnt	Neale UKB, monocyte count	rs1645784	0.005057368611058448	0.007233815560040756	0.6991287749987857	0.4844715571856981	0.7254763239166976	0.484472
ENPP2	Neutrophil count	ukb-d-30140_irnt	Neale UKB, neutrophil count	rs4871419	-0.007858663258304852	0.011295825214027153	-0.6957139570950484	0.48660798307162834	0.7282643177798862	0.486609
GAS6	Neutrophil count	ukb-d-30140_irnt	Neale UKB, neutrophil count	rs7338868	-0.009676902265315788	0.01394708172107734	-0.6938298963783728	0.4877888914552213	0.7296199323966424	0.48779
EVI2B	Neutrophil count	ukb-d-30140_irnt	Neale UKB, neutrophil count	rs9902893	-0.015546282386188725	0.022451906650051607	-0.692425931948768	0.48866988535456013	0.7302234800037146	0.488671
FCRL6	Lymphocyte count	ukb-d-30120_irnt	Neale UKB, lymphocyte count	rs11585836	0.003298782214901199	0.004767250538820925	0.6919674533650754	0.4889577683389106	0.7302234800037146	0.488958
CHI3L1	Lymphocyte count	ukb-d-30120_irnt	Neale UKB, lymphocyte count	rs7518666	-0.002765915614109163	0.003997779015142236	-0.6918630578710853	0.48902333201340675	0.7302234800037146	0.489023
IL16	Monocyte count	ukb-d-30130_irnt	Neale UKB, monocyte count	rs4778641	-0.004604856280196936	0.006660192752314538	-0.6913998515428349	0.48931429736584975	0.7302234800037146	0.489314
TNFRSF1B	Lymphocyte count	ukb-d-30120_irnt	Neale UKB, lymphocyte count	rs6697733	-0.010838906119015857	0.015687667899139026	-0.6909188917500427	0.4896165132709691	0.7302234800037146	0.489615
PHOSPHO1	Leukocyte count	ukb-d-30000_irnt	Neale UKB, white blood cell count	rs11650975	-0.010393345400960546	0.015050687365006974	-0.6905561951359908	0.48984448375814793	0.7302234800037146	0.489845
LILRA4	Lymphocyte count	ukb-d-30120_irnt	Neale UKB, lymphocyte count	rs730592	0.020851517357415396	0.03029546365916729	0.6882719337786338	0.49128155239803295	0.7318905888062521	0.491281
ASGR1	Lymphocyte count	ukb-d-30120_irnt	Neale UKB, lymphocyte count	rs67143157	-0.014149945611512265	0.020569723798833435	-0.6879015853540409	0.49151475816890455	0.7318905888062521	0.491514
MYL4	Lymphocyte count	ukb-d-30120_irnt	Neale UKB, lymphocyte count	rs11570546	-0.03941542331384218	0.05748183223696049	-0.6857022780929778	0.49290086991667614	0.733542708764885	0.492901
NID1	Lymphocyte count	ukb-d-30120_irnt	Neale UKB, lymphocyte count	rs10924179	-0.014849691946535478	0.02168744301426226	-0.684713819732917	0.4935245266486361	0.7340589145665636	0.493524
LILRA4	Monocyte count	ukb-d-30130_irnt	Neale UKB, monocyte count	rs730592	-0.020159649066744004	0.02952190698965833	-0.6828708278840533	0.49468846904087016	0.7353777017356433	0.49469
SFTPD	Monocyte count	ukb-d-30130_irnt	Neale UKB, monocyte count	rs2758549	0.005089756157317676	0.007467509886987889	0.6815867985908608	0.49550026484178433	0.7360258180407309	0.4955
TNFRSF13B	Neutrophil count	ukb-d-30140_irnt	Neale UKB, neutrophil count	rs55770108	0.03005437794904836	0.04411305993288011	0.6813034052676774	0.49567952904251333	0.7360258180407309	0.49568
SLAMF8	Neutrophil count	ukb-d-30140_irnt	Neale UKB, neutrophil count	rs75087057	0.006046311855244192	0.008885883659741335	0.6804401325484153	0.4962258169293525	0.736424659483292	0.496225
HK2	Neutrophil count	ukb-d-30140_irnt	Neale UKB, neutrophil count	rs3100578	0.00383339736006585	0.0056567647154270925	0.6776660428551029	0.4979834614665357	0.7386197649939892	0.497984
CRISP3	Monocyte count	ukb-d-30130_irnt	Neale UKB, monocyte count	rs78730163	0.01141576003133251	0.016861525091764633	0.6770301007296251	0.4983868563712459	0.738804887141724	0.498388
LILRB2	Leukocyte count	ukb-d-30000_irnt	Neale UKB, white blood cell count	rs12984962	0.008042736644785272	0.011893802946341032	0.676212367152048	0.498905821695804	0.7389898739949027	0.498906
PDLIM7	Neutrophil count	ukb-d-30140_irnt	Neale UKB, neutrophil count	rs2731664	-0.013820401725084183	0.020445729760548568	-0.6759554140127388	0.49906895336533585	0.7389898739949027	0.499069
ITPRIP	Lymphocyte count	ukb-d-30120_irnt	Neale UKB, lymphocyte count	rs34970111	-0.008831765874442923	0.01308350993405734	-0.6750303182369424	0.49965650292270447	0.7394470121378417	0.499656
PMM2	Neutrophil count	ukb-d-30140_irnt	Neale UKB, neutrophil count	rs9796776	-0.0038066415204001756	0.005655588640324772	-0.6730760956089584	0.500898880791298	0.7408113020329568	0.500899
IL10RB	Monocyte count	ukb-d-30130_irnt	Neale UKB, monocyte count	rs2515716	0.007748713937796444	0.01151879565648661	0.6727017449461299	0.5011370572575884	0.7408113020329568	0.501138
SORBS1	Lymphocyte count	ukb-d-30120_irnt	Neale UKB, lymphocyte count	rs7070798	-0.023040484617715563	0.03428299578217425	-0.6720674226986799	0.5015407746970271	0.7409950610008444	0.50154
SEZ6L	Lymphocyte count	ukb-d-30120_irnt	Neale UKB, lymphocyte count	rs77494677	0.008609940340776532	0.012830670746061366	0.6710436664754668	0.5021927123366723	0.7415451409336609	0.502193
IFNG	Neutrophil count	ukb-d-30140_irnt	Neale UKB, neutrophil count	rs2870960	0.018977830658076004	0.028412130590800465	0.6679481708499826	0.5041666770503226	0.7435647787737255	0.504165
MATN2	Leukocyte count	ukb-d-30000_irnt	Neale UKB, white blood cell count	rs11991498	-0.005251221203124758	0.007861857069239236	-0.6679364883992861	0.5041741345705131	0.7435647787737255	0.504173
EDAR	Lymphocyte count	ukb-d-30120_irnt	Neale UKB, lymphocyte count	rs4676230	-0.01680008870761982	0.025165648431634404	-0.6675802037551045	0.5044015976673952	0.7435647787737255	0.504402
HMOX1	Leukocyte count	ukb-d-30000_irnt	Neale UKB, white blood cell count	rs133415	-0.0077146023429156925	0.011564339550298225	-0.6671027177437682	0.5047065242983217	0.7436009457995274	0.504708
ACRBP	Leukocyte count	ukb-d-30000_irnt	Neale UKB, white blood cell count	rs12321102	-0.017442589981582896	0.026165239841877342	-0.6666321458160729	0.5050071305813741	0.7436307108838447	0.505007
CLEC5A	Leukocyte count	ukb-d-30000_irnt	Neale UKB, white blood cell count	rs62479376	0.0057301628912365685	0.008631741128187473	0.6638478617627184	0.5067876891254639	0.7448202409392851	0.506789
CLEC7A	Monocyte count	ukb-d-30130_irnt	Neale UKB, monocyte count	rs17734799	0.0044402820174777365	0.006689617470458974	0.6637572383003671	0.5068456985146708	0.7448202409392851	0.506847
CLEC1A	Monocyte count	ukb-d-30130_irnt	Neale UKB, monocyte count	rs17734799	0.006710909359719055	0.01011048764892293	0.663757238300367	0.5068456985146708	0.7448202409392851	0.506847
KAZN	Lymphocyte count	ukb-d-30120_irnt	Neale UKB, lymphocyte count	rs10803327	-0.002794519634342992	0.004215913479196353	-0.6628503284359833	0.5074264167888323	0.7448202409392851	0.507427
PKD2	Neutrophil count	ukb-d-30140_irnt	Neale UKB, neutrophil count	rs74584966	-0.004633486664686088	0.006991484462856884	-0.6627328844542318	0.5075016448081673	0.7448202409392851	0.507502
BCAT1	Monocyte count	ukb-d-30130_irnt	Neale UKB, monocyte count	rs11047696	0.0019266120113537552	0.0029085074043422514	0.6624057440862702	0.5077112234264765	0.7448202409392851	0.507711
HPSE	Neutrophil count	ukb-d-30140_irnt	Neale UKB, neutrophil count	rs79764311	0.003373188852653008	0.005096439683422215	0.6618716323917997	0.5080534933932543	0.7448202409392851	0.508053
LAMP3	Leukocyte count	ukb-d-30000_irnt	Neale UKB, white blood cell count	rs7619012	0.01370820417330466	0.0207116772807929	0.6618587180294204	0.5080617706859603	0.7448202409392851	0.508062
SNAP23	Leukocyte count	ukb-d-30000_irnt	Neale UKB, white blood cell count	rs56357092	0.009964844724268984	0.015070176820154702	0.661229449606862	0.5084651778002789	0.7449998074731159	0.508467
LYPD3	Monocyte count	ukb-d-30130_irnt	Neale UKB, monocyte count	rs2599437	-0.017219459306506334	0.02607976102989889	-0.660261391458505	0.5090861016977493	0.7454257273345996	0.509085
CD22	Monocyte count	ukb-d-30130_irnt	Neale UKB, monocyte count	rs12327820	0.010445087297012315	0.015828289066304714	0.659899958438833	0.5093180308937761	0.7454257273345996	0.509319
CD226	Lymphocyte count	ukb-d-30120_irnt	Neale UKB, lymphocyte count	rs763361	0.004491370798828637	0.00682047085274564	0.6585133044034044	0.5102083508202475	0.7455468601140381	0.510208
TIMD4	Monocyte count	ukb-d-30130_irnt	Neale UKB, monocyte count	rs953569	0.01164799035751851	0.01769521122706035	0.6582566440182334	0.5103732323164751	0.7455468601140381	0.510372
FGFR2	Leukocyte count	ukb-d-30000_irnt	Neale UKB, white blood cell count	rs1896422	0.003870591990354411	0.005881054330969974	0.658145933114688	0.5104443628372477	0.7455468601140381	0.510444
CD86	Lymphocyte count	ukb-d-30120_irnt	Neale UKB, lymphocyte count	rs13088702	-0.010413826653267498	0.015827421223197535	-0.6579610478809034	0.510563161092813	0.7455468601140381	0.510564
RETN	Monocyte count	ukb-d-30130_irnt	Neale UKB, monocyte count	rs3219175	-0.005759400704504483	0.008758445508680851	-0.6575825240673253	0.5108064271595805	0.7455468601140381	0.510806
THBD	Leukocyte count	ukb-d-30000_irnt	Neale UKB, white blood cell count	rs844887	0.005518711590173149	0.00842165408039397	0.6553001984516301	0.5122744930643628	0.747278303414021	0.512274
GPNMB	Monocyte count	ukb-d-30130_irnt	Neale UKB, monocyte count	rs858239	-0.003787000842454932	0.005789649548793568	-0.6540984580394953	0.5130483748546979	0.747974608033249	0.513049
COQ7	Monocyte count	ukb-d-30130_irnt	Neale UKB, monocyte count	rs4630530	-0.0066411321598044745	0.010159557136603865	-0.6536832334824066	0.5133159074737983	0.747974608033249	0.513317
PDGFA	Lymphocyte count	ukb-d-30120_irnt	Neale UKB, lymphocyte count	rs12720032	-0.005152320601047452	0.007902961383294117	-0.6519480927666964	0.5144346585411075	0.7488170962101672	0.514434
ARID3A	Leukocyte count	ukb-d-30000_irnt	Neale UKB, white blood cell count	rs71335282	0.025656829815666624	0.039362511645173154	0.6518087577069743	0.5145245513043495	0.7488170962101672	0.514526
MANSC1	Neutrophil count	ukb-d-30140_irnt	Neale UKB, neutrophil count	rs11054833	0.011609409895975304	0.017828504814749353	0.6511712572986462	0.5149359422384272	0.7488170962101672	0.514937
TGFBR2	Neutrophil count	ukb-d-30140_irnt	Neale UKB, neutrophil count	rs3821669	-0.005496630639501067	0.008442903672344125	-0.6510355741124971	0.5150235231852733	0.7488170962101672	0.515023
PDGFA	Leukocyte count	ukb-d-30000_irnt	Neale UKB, white blood cell count	rs12720032	0.005152258502824578	0.007920535180367734	0.650493733756179	0.5153733480824143	0.7489151337614042	0.515373
IL15	Monocyte count	ukb-d-30130_irnt	Neale UKB, monocyte count	rs60301947	-0.008471393276578454	0.01305638265122699	-0.648831571720391	0.5164472481939926	0.7500646780999279	0.516448
VWA5A	Leukocyte count	ukb-d-30000_irnt	Neale UKB, white blood cell count	rs592139	-0.00636463686326292	0.00982581754151941	-0.6477462904607049	0.5171490589628922	0.7506728540610784	0.517151
IL5RA	Lymphocyte count	ukb-d-30120_irnt	Neale UKB, lymphocyte count	rs1153465	0.03400231742252709	0.052651058986873105	0.6458050051947578	0.5184056461301221	0.7516895296257231	0.518406
AZU1	Neutrophil count	ukb-d-30140_irnt	Neale UKB, neutrophil count	rs8102628	0.03355195480333202	0.05195502173913374	0.6457884855057217	0.5184163460352367	0.7516895296257231	0.518418
AXL	Lymphocyte count	ukb-d-30120_irnt	Neale UKB, lymphocyte count	rs1709138	0.011623114823966784	0.018088265158379593	0.6425776447987465	0.5204981926401226	0.7542157176995046	0.520499
NELL2	Lymphocyte count	ukb-d-30120_irnt	Neale UKB, lymphocyte count	rs10506258	0.004166387121511357	0.006487430055073347	0.6422245921947365	0.5207273676877047	0.7542157176995046	0.520727
SPON1	Lymphocyte count	ukb-d-30120_irnt	Neale UKB, lymphocyte count	rs1027837	-0.0054218592678298635	0.008464393435530265	-0.6405490610905425	0.5218157040312579	0.7553178186600096	0.521814
CPQ	Leukocyte count	ukb-d-30000_irnt	Neale UKB, white blood cell count	rs60893738	-0.006202343376711727	0.009695728227700002	-0.6396985591027681	0.5223685924089307	0.7553178186600096	0.522369
ASGR1	Leukocyte count	ukb-d-30000_irnt	Neale UKB, white blood cell count	rs67143157	0.013181156407163086	0.02061510811942109	0.6393930282007775	0.5225672832709449	0.7553178186600096	0.522568
NUDT16	Neutrophil count	ukb-d-30140_irnt	Neale UKB, neutrophil count	rs72995220	0.03026235951622314	0.04733668131818217	0.6393004045384836	0.5226275253548709	0.7553178186600096	0.52263
MFGE8	Lymphocyte count	ukb-d-30120_irnt	Neale UKB, lymphocyte count	rs12911703	-0.0032102545360412882	0.0050311462078261515	-0.6380761765674008	0.5234240937065844	0.7560570242428442	0.523424
CSF1R	Neutrophil count	ukb-d-30140_irnt	Neale UKB, neutrophil count	rs6874087	-0.005965924350846154	0.00936185880800704	-0.6372585266660505	0.5239564606829294	0.7562937195943636	0.523957
STAM	Neutrophil count	ukb-d-30140_irnt	Neale UKB, neutrophil count	rs2570287	0.007752897966059407	0.012179267384804755	0.6365652153866145	0.5244080889144409	0.7562937195943636	0.524408
KAZN	Monocyte count	ukb-d-30130_irnt	Neale UKB, monocyte count	rs10803327	-0.002613659612526341	0.004108276877221617	-0.6361936380232315	0.5246502192953173	0.7562937195943636	0.52465
CD80	Monocyte count	ukb-d-30130_irnt	Neale UKB, monocyte count	rs12494451	-0.03745006097674229	0.05889566146267402	-0.6358713026846097	0.5248603085412424	0.7562937195943636	0.524861
MME	Lymphocyte count	ukb-d-30120_irnt	Neale UKB, lymphocyte count	rs940895	-0.01281374392417137	0.020158941069951548	-0.6356357647808814	0.5250138528556649	0.7562937195943636	0.525013
LDLR	Lymphocyte count	ukb-d-30120_irnt	Neale UKB, lymphocyte count	rs8110515	-0.024570573568165437	0.03871865391358278	-0.6345926597294723	0.5256941167204563	0.7568625393825462	0.525694
TGFB1	Leukocyte count	ukb-d-30000_irnt	Neale UKB, white blood cell count	rs1963413	0.034797107021090325	0.054895663158177316	0.6338771593090211	0.5261609927966606	0.7571236857822811	0.526161
PM20D1	Neutrophil count	ukb-d-30140_irnt	Neale UKB, neutrophil count	rs823080	-0.004469050262098103	0.007069610551733346	-0.6321494273828662	0.5272892398872862	0.7583357181025395	0.527289
FOLR3	Neutrophil count	ukb-d-30140_irnt	Neale UKB, neutrophil count	rs146694036	0.0022995801584728068	0.003645071997193132	0.6308737276639764	0.5281230913435522	0.759123272760488	0.528124
RAB44	Lymphocyte count	ukb-d-30120_irnt	Neale UKB, lymphocyte count	rs12526889	0.0030110968873465547	0.004782900329545582	0.6295545965584936	0.5289860374188833	0.7596278353388655	0.528988
HAVCR2	Monocyte count	ukb-d-30130_irnt	Neale UKB, monocyte count	rs6891966	-0.007390375381456301	0.011740790771865876	-0.6294614668686243	0.5290469878849489	0.7596278353388655	0.529047
FGFR2	Neutrophil count	ukb-d-30140_irnt	Neale UKB, neutrophil count	rs1896422	0.0036901927613023537	0.0058726682579760305	0.6283673109391931	0.5297633461895541	0.7602448019992951	0.529763
CD163	Neutrophil count	ukb-d-30140_irnt	Neale UKB, neutrophil count	rs79284771	0.015785367105394642	0.02516454458020209	0.6272860235989962	0.5304717632918128	0.7605710728428472	0.530471
NOMO1	Neutrophil count	ukb-d-30140_irnt	Neale UKB, neutrophil count	rs7405130	0.004345074339467597	0.006928342452891329	0.6271448573755639	0.5305642853541732	0.7605710728428472	0.530564
CPPED1	Leukocyte count	ukb-d-30000_irnt	Neale UKB, white blood cell count	rs10852358	0.00602051967750096	0.009632003750907898	0.6250537098195663	0.531935807756255	0.7621252091677949	0.531937
ACVRL1	Monocyte count	ukb-d-30130_irnt	Neale UKB, monocyte count	rs2293092	-0.004378876941279431	0.007019055940132016	-0.6238555410625596	0.532722460142113	0.7628401535080366	0.532724
VNN1	Monocyte count	ukb-d-30130_irnt	Neale UKB, monocyte count	rs2300077	-0.0019568719770549983	0.003156548302635201	-0.6199404505932415	0.5352969930808529	0.765562129340899	0.535298
TCN1	Leukocyte count	ukb-d-30000_irnt	Neale UKB, white blood cell count	rs12419784	0.00861531098207377	0.013905306127137324	0.6195700334320794	0.5355409008593726	0.765562129340899	0.535543
IL1R1	Monocyte count	ukb-d-30130_irnt	Neale UKB, monocyte count	rs12624116	0.013532902293457078	0.02184424067706352	0.6195180914512923	0.535575107457946	0.765562129340899	0.535573
IFNGR1	Neutrophil count	ukb-d-30140_irnt	Neale UKB, neutrophil count	rs11754268	0.010198036369147396	0.016469430845963143	0.6192100057693892	0.535778021137522	0.765562129340899	0.535779
PGD	Neutrophil count	ukb-d-30140_irnt	Neale UKB, neutrophil count	rs1536262	0.015922032553871156	0.025749748992253293	0.618337388790129	0.5363529606860602	0.7657254986215162	0.536351
SIGLEC7	Leukocyte count	ukb-d-30000_irnt	Neale UKB, white blood cell count	rs12983058	-0.006785312598815675	0.010991452298869449	-0.6173263017766627	0.5370195217861999	0.7657254986215162	0.537019
SIGLEC9	Leukocyte count	ukb-d-30000_irnt	Neale UKB, white blood cell count	rs12983058	-0.006560877464122199	0.01062789232410804	-0.6173263017766628	0.5370195217861999	0.7657254986215162	0.537019
KRT18	Lymphocyte count	ukb-d-30120_irnt	Neale UKB, lymphocyte count	rs902771	0.015301660335155298	0.024788680271464886	0.6172841864748069	0.5370472954132806	0.7657254986215162	0.537047
LTBP2	Neutrophil count	ukb-d-30140_irnt	Neale UKB, neutrophil count	rs754458	0.010159808068557218	0.016476965441532182	0.6166067474383478	0.5374941429014115	0.7659508151394644	0.537494
SIGLEC6	Monocyte count	ukb-d-30130_irnt	Neale UKB, monocyte count	rs2305772	-0.01115041873167122	0.01821815057301125	-0.6120499820760997	0.540504688909242	0.7695853890310425	0.540507
CDKN1A	Monocyte count	ukb-d-30130_irnt	Neale UKB, monocyte count	rs12199346	-0.007344824644800272	0.012011672654894608	-0.6114739267230486	0.5408858743772691	0.7695853890310425	0.540885
CLEC4A	Lymphocyte count	ukb-d-30120_irnt	Neale UKB, lymphocyte count	rs6486847	-0.0061875996359278046	0.010119889146791176	-0.6114295864485605	0.5409152206462531	0.7695853890310425	0.540914
NEDD4L	Neutrophil count	ukb-d-30140_irnt	Neale UKB, neutrophil count	rs6566924	-0.009625155937854542	0.01576525194485721	-0.6105297886466298	0.5415109167300407	0.7700133022858401	0.541512
GZMA	Lymphocyte count	ukb-d-30120_irnt	Neale UKB, lymphocyte count	rs58433852	-0.012246527120198096	0.020084015033095984	-0.6097648851595324	0.5420175657071171	0.7700133022858401	0.542018
CHAD	Neutrophil count	ukb-d-30140_irnt	Neale UKB, neutrophil count	rs7215760	0.030565482176506724	0.05014879201177191	0.609495881163634	0.5421958020212978	0.7700133022858401	0.542196
CCL8	Leukocyte count	ukb-d-30000_irnt	Neale UKB, white blood cell count	rs11655679	0.0323614749126139	0.05311935952867382	0.6092218580900846	0.5423773939177787	0.7700133022858401	0.542379
RAB6B	Leukocyte count	ukb-d-30000_irnt	Neale UKB, white blood cell count	rs2715633	0.00565699015296473	0.009304471510131525	0.6079861867280589	0.5431966354025459	0.7705121883025317	0.543198
LY96	Monocyte count	ukb-d-30130_irnt	Neale UKB, monocyte count	rs10957691	0.0031825162094299593	0.005235990911589758	0.6078154571249399	0.5433098763671698	0.7705121883025317	0.54331
PARD3	Monocyte count	ukb-d-30130_irnt	Neale UKB, monocyte count	rs11009923	0.011470520791502035	0.018899772481037285	0.6069131680294436	0.5439085388044829	0.7706551182242912	0.543909
IL10RB	Lymphocyte count	ukb-d-30120_irnt	Neale UKB, lymphocyte count	rs2515716	0.007172597417259896	0.0118206055634041	0.6067876454202851	0.5439918481583232	0.7706551182242912	0.543991
BAG3	Leukocyte count	ukb-d-30000_irnt	Neale UKB, white blood cell count	rs196336	0.009357897335421972	0.015444829180194304	0.6058919283757495	0.5445865196999371	0.7707790792262138	0.544588
PTTG1	Leukocyte count	ukb-d-30000_irnt	Neale UKB, white blood cell count	rs3811999	0.010913101497788697	0.018014948506964654	0.6057803325704565	0.5446606313989157	0.7707790792262138	0.544661
BACH1	Leukocyte count	ukb-d-30000_irnt	Neale UKB, white blood cell count	rs1153287	-0.01961001526996971	0.032438828267786386	-0.6045229225940808	0.5454960339196591	0.7711511157838228	0.545497
SFTPD	Leukocyte count	ukb-d-30000_irnt	Neale UKB, white blood cell count	rs2758549	-0.004636087970654334	0.007680828652153374	-0.6035921618111576	0.5461148252852743	0.7711511157838228	0.546116
CNTNAP2	Leukocyte count	ukb-d-30000_irnt	Neale UKB, white blood cell count	rs12704004	-0.005283418677329748	0.00875367602198031	-0.6035657093160846	0.5461324166012034	0.7711511157838228	0.546132
SERPINE2	Leukocyte count	ukb-d-30000_irnt	Neale UKB, white blood cell count	rs10194024	-0.0021404445578989766	0.00354825850977963	-0.6032380538226095	0.5463503358249395	0.7711511157838228	0.54635
NPL	Monocyte count	ukb-d-30130_irnt	Neale UKB, monocyte count	rs74770891	0.005747703882687832	0.00952872915543798	0.6031973192781597	0.5463774308287341	0.7711511157838228	0.546378
ESM1	Monocyte count	ukb-d-30130_irnt	Neale UKB, monocyte count	rs6891823	0.00795505296991979	0.013219112078098616	0.6017842138655967	0.5473177844659416	0.7720674278742964	0.54732
TLR4	Neutrophil count	ukb-d-30140_irnt	Neale UKB, neutrophil count	rs2770150	-0.0024945805509279323	0.004151676183078825	-0.6008610597076929	0.547932531223577	0.7725236963343574	0.547932
CDH23	Lymphocyte count	ukb-d-30120_irnt	Neale UKB, lymphocyte count	rs9415998	-0.0030501611089101643	0.0050808764558920635	-0.6003218411998642	0.5482917654000727	0.7726194271206126	0.548293
TCN1	Neutrophil count	ukb-d-30140_irnt	Neale UKB, neutrophil count	rs12419784	0.008327623069918754	0.013884480577390173	0.5997792300188499	0.5486533772226778	0.7727184048829218	0.548655
TXK	Monocyte count	ukb-d-30130_irnt	Neale UKB, monocyte count	rs4571301	0.005622760252502684	0.009389290428234888	0.5988482618020069	0.5492740756124228	0.7731819790467863	0.549276
GALNT3	Monocyte count	ukb-d-30130_irnt	Neale UKB, monocyte count	rs12618003	0.01765545237518416	0.029527848956821295	0.5979254500049024	0.5498896775319921	0.7734678928371577	0.54989
CHL1	Neutrophil count	ukb-d-30140_irnt	Neale UKB, neutrophil count	rs13072907	0.01398514808694223	0.0233994687263458	0.5976694706404232	0.5500604999588534	0.7734678928371577	0.550062
CXCL10	Lymphocyte count	ukb-d-30120_irnt	Neale UKB, lymphocyte count	rs6816898	0.0077169508085161665	0.012923222908680766	0.5971382574645949	0.5504150772508227	0.7735563247849401	0.550415
CAPG	Leukocyte count	ukb-d-30000_irnt	Neale UKB, white blood cell count	rs2002444	0.0023200141584477072	0.0038911979076978694	0.5962210644331596	0.5510275554013613	0.7740069263370816	0.551028
NFE2	Lymphocyte count	ukb-d-30120_irnt	Neale UKB, lymphocyte count	rs35979828	0.0018256531467931156	0.0030657475204602224	0.5955001625571088	0.5515091904813318	0.7742733579441462	0.55151
TG	Lymphocyte count	ukb-d-30120_irnt	Neale UKB, lymphocyte count	rs988068	0.005547370237248172	0.00932309601655081	0.5950137408646454	0.5518342860346606	0.7743198553248254	0.551835
SPINK2	Leukocyte count	ukb-d-30000_irnt	Neale UKB, white blood cell count	rs6818605	0.00694136630542957	0.011679971953004284	0.5942964874709424	0.5523138275482933	0.7745829035738095	0.552313
CD22	Neutrophil count	ukb-d-30140_irnt	Neale UKB, neutrophil count	rs12327820	0.0096325355817188	0.016256446340721837	0.5925363624883767	0.5534914786423646	0.7758242079067393	0.553493
VNN2	Lymphocyte count	ukb-d-30120_irnt	Neale UKB, lymphocyte count	rs2300079	0.002050103231303506	0.003464011483672421	0.59182922486448	0.5539649510838414	0.7760776810746685	0.553965
CREG1	Neutrophil count	ukb-d-30140_irnt	Neale UKB, neutrophil count	rs3767443	0.005643118428121804	0.009561556848308369	0.5901882421083117	0.5550644540368079	0.7772074615129961	0.555066
ATP1B1	Leukocyte count	ukb-d-30000_irnt	Neale UKB, white blood cell count	rs1358714	-0.0037668095084890897	0.006391879961244919	-0.5893116784620349	0.5556522121167053	0.7776198767986822	0.555652
PALLD	Neutrophil count	ukb-d-30140_irnt	Neale UKB, neutrophil count	rs1870306	0.013849147860049227	0.02351828188668098	0.5888673299681965	0.555950275026402	0.7776266505116131	0.555952
CD163	Leukocyte count	ukb-d-30000_irnt	Neale UKB, white blood cell count	rs79284771	0.014803230684979202	0.0252015234782528	0.5873942778798029	0.5569389359695713	0.7785988709495536	0.556939
MAPK9	Monocyte count	ukb-d-30130_irnt	Neale UKB, monocyte count	rs6601106	0.005017496578336915	0.008558989341985457	0.5862253565060509	0.5577240841218969	0.7792857065812805	0.557722
TSC22D1	Leukocyte count	ukb-d-30000_irnt	Neale UKB, white blood cell count	rs1330098	-0.025286577485450074	0.043191503863187986	-0.5854525826548439	0.5582434410802442	0.7796006349367075	0.558246
HGF	Leukocyte count	ukb-d-30000_irnt	Neale UKB, white blood cell count	rs2057938	0.02444774639571278	0.04181364620041055	0.5846834375202787	0.5587605926618764	0.7799121535469979	0.558761
LAYN	Lymphocyte count	ukb-d-30120_irnt	Neale UKB, lymphocyte count	rs117895420	0.015181665089403376	0.026031832613053238	0.5831961704375273	0.5597612488795278	0.7808978600886416	0.559761
S100A12	Lymphocyte count	ukb-d-30120_irnt	Neale UKB, lymphocyte count	rs2916217	0.0021650504631131958	0.0037217186458761297	0.5817340506145438	0.5607458320567003	0.7818601191453044	0.560746
CD207	Lymphocyte count	ukb-d-30120_irnt	Neale UKB, lymphocyte count	rs7561215	0.012946792090192992	0.022292645764914777	0.580765164741875	0.5613987359196211	0.7819499210730264	0.561401
SELP	Neutrophil count	ukb-d-30140_irnt	Neale UKB, neutrophil count	rs10919218	-0.011722218617210931	0.020184156150950337	-0.5807633734868332	0.5613999433344805	0.7819499210730264	0.561401
SPRY2	Monocyte count	ukb-d-30130_irnt	Neale UKB, monocyte count	rs7995973	0.010658529301736601	0.018386629357556673	0.5796891368431311	0.562124270336966	0.7825478031147683	0.562125
CD84	Monocyte count	ukb-d-30130_irnt	Neale UKB, monocyte count	rs10908788	0.004430595326277362	0.007653239393258429	0.5789176450144988	0.5626447435910662	0.7827358846229272	0.562644
RNASE1	Monocyte count	ukb-d-30130_irnt	Neale UKB, monocyte count	rs72669447	-0.006748998248533551	0.011666754912399631	-0.5784811885746051	0.5629392941633338	0.7827358846229272	0.56294
TNFAIP2	Neutrophil count	ukb-d-30140_irnt	Neale UKB, neutrophil count	rs749206	-0.00979981767881372	0.016951521878239343	-0.5781084288009408	0.56319091677049	0.7827358846229272	0.563191
CLEC4A	Monocyte count	ukb-d-30130_irnt	Neale UKB, monocyte count	rs6486847	0.005696982664478294	0.009861486919759938	0.5777001694402671	0.5634665647495942	0.7827358846229272	0.563468
CD163	Lymphocyte count	ukb-d-30120_irnt	Neale UKB, lymphocyte count	rs79284771	0.014515546414050359	0.025143743950048574	0.5773025068536907	0.563735120524054	0.7827358846229272	0.563735
CD2AP	Leukocyte count	ukb-d-30000_irnt	Neale UKB, white blood cell count	rs72868252	0.00989607589984346	0.017263688142414354	0.5732306919707528	0.5664885058224516	0.7861473142025859	0.566488
PLB1	Leukocyte count	ukb-d-30000_irnt	Neale UKB, white blood cell count	rs11127158	-0.0034572111748510242	0.006040957153366638	-0.5722952649853364	0.5671219570462736	0.7866147646897058	0.567121
KLK1	Lymphocyte count	ukb-d-30120_irnt	Neale UKB, lymphocyte count	rs2288417	-0.010669075178020005	0.01867326817836789	-0.5713555375582101	0.5677586619825457	0.7866264078037439	0.567758
COL24A1	Leukocyte count	ukb-d-30000_irnt	Neale UKB, white blood cell count	rs114744497	-0.009571275350630619	0.016753476478701883	-0.5713008498742486	0.5677957257258661	0.7866264078037439	0.567796
TEX101	Leukocyte count	ukb-d-30000_irnt	Neale UKB, white blood cell count	rs36081957	0.006147626105250772	0.010766992347762835	0.5709696734880773	0.5680202002051922	0.7866264078037439	0.568022
ANXA3	Leukocyte count	ukb-d-30000_irnt	Neale UKB, white blood cell count	rs6854010	0.0048347069076441875	0.008490957114144715	0.5693948094014348	0.569088238565453	0.7876941590164829	0.569089
IL6ST	Neutrophil count	ukb-d-30140_irnt	Neale UKB, neutrophil count	rs7731626	0.011916477417730897	0.020954374296642	0.5686868645674878	0.5695686635365516	0.7879478850802999	0.56957
EHD3	Lymphocyte count	ukb-d-30120_irnt	Neale UKB, lymphocyte count	rs655029	-0.008051418083796155	0.01419003719225871	-0.5673993644067796	0.5704428816200422	0.7887381022153657	0.570443
MTUS1	Lymphocyte count	ukb-d-30120_irnt	Neale UKB, lymphocyte count	rs17125481	-0.0021266430294928466	0.003750892935105143	-0.5669698032671876	0.5707346976437733	0.7887381022153657	0.570736
MME	Leukocyte count	ukb-d-30000_irnt	Neale UKB, white blood cell count	rs940895	0.011444178515222917	0.020204608549237866	0.566414265702495	0.5711121992930612	0.7888487252735408	0.571112
TSC22D1	Lymphocyte count	ukb-d-30120_irnt	Neale UKB, lymphocyte count	rs1330098	0.024313996278457282	0.04309486862157827	0.5641970159362056	0.5726200584350785	0.790519726689135	0.572619
TNFRSF14	Monocyte count	ukb-d-30130_irnt	Neale UKB, monocyte count	rs3748825	-0.0035329703031763077	0.0062683257615803855	-0.5636226382538176	0.573010976761616	0.7905374941721446	0.573012
IL31RA	Neutrophil count	ukb-d-30140_irnt	Neale UKB, neutrophil count	rs115173341	-0.0034135519073952686	0.006061601585508113	-0.5631435618527423	0.5733371303720403	0.7905374941721446	0.573338
CD300C	Monocyte count	ukb-d-30130_irnt	Neale UKB, monocyte count	rs72844303	0.0025201708494085595	0.004477402916862523	0.5628644319494333	0.5735272016543009	0.7905374941721446	0.573528
PDCD1	Monocyte count	ukb-d-30130_irnt	Neale UKB, monocyte count	rs7570624	-0.006428467476173424	0.01146095449129185	-0.560901579450284	0.5748646332477612	0.7916120537860655	0.574865
C1S	Neutrophil count	ukb-d-30140_irnt	Neale UKB, neutrophil count	rs78348916	0.02607246883185566	0.046487902523671194	0.56084416410441	0.5749037766183869	0.7916120537860655	0.574904
CAT	Monocyte count	ukb-d-30130_irnt	Neale UKB, monocyte count	rs11032695	0.0020365586571303084	0.003634135373656101	0.560397026454587	0.5752086594073809	0.7916208431491303	0.575211
UBE2B	Neutrophil count	ukb-d-30140_irnt	Neale UKB, neutrophil count	rs244692	0.006849023638759956	0.012244096076716806	0.5593735622333084	0.5759068005506056	0.7921705576038414	0.575907
GZMB	Neutrophil count	ukb-d-30140_irnt	Neale UKB, neutrophil count	rs2236337	0.003405918499907939	0.006103848607541272	0.557995245114688	0.5768476310697379	0.7924247624805181	0.576847
SUSD1	Leukocyte count	ukb-d-30000_irnt	Neale UKB, white blood cell count	rs3860162	0.0022093832116424498	0.003963248890700407	0.5574676919298893	0.5772079271463273	0.7924247624805181	0.577209
ADAMTS1	Lymphocyte count	ukb-d-30120_irnt	Neale UKB, lymphocyte count	rs462404	0.005510527768014396	0.00989019455923822	0.5571708154989863	0.5774107275504043	0.7924247624805181	0.577412
GAS6	Leukocyte count	ukb-d-30000_irnt	Neale UKB, white blood cell count	rs7338868	-0.007780717304455744	0.013967400645919783	-0.5570626562307913	0.5774846209836981	0.7924247624805181	0.577485
MMP9	Neutrophil count	ukb-d-30140_irnt	Neale UKB, neutrophil count	rs13925	0.008178501169626108	0.014704147065733407	0.5562037113111656	0.5780716024078458	0.7924247624805181	0.578071
SORD	Monocyte count	ukb-d-30130_irnt	Neale UKB, monocyte count	rs1995887	0.010152633607186958	0.018256672535588863	0.5561053684561521	0.5781388253509561	0.7924247624805181	0.57814
CRTAM	Leukocyte count	ukb-d-30000_irnt	Neale UKB, white blood cell count	rs10444340	0.005371065489803027	0.009669662482661653	0.5554553221928588	0.5785832614447903	0.7924247624805181	0.578583
SIGLEC5	Leukocyte count	ukb-d-30000_irnt	Neale UKB, white blood cell count	rs2053924	-0.003568323497094462	0.006425261008637664	-0.5553585282056964	0.5786494531460897	0.7924247624805181	0.578649
GPNMB	Lymphocyte count	ukb-d-30120_irnt	Neale UKB, lymphocyte count	rs858239	-0.003298449875539372	0.005941371315358183	-0.5551664254703328	0.5787808314195941	0.7924247624805181	0.578781
SORT1	Leukocyte count	ukb-d-30000_irnt	Neale UKB, white blood cell count	rs657420	0.016175476834222775	0.029172570253916816	0.554475546495633	0.5792534365089888	0.7925423272356282	0.579253
RGCC	Neutrophil count	ukb-d-30140_irnt	Neale UKB, neutrophil count	rs421706	-0.0067841813731886365	0.012242119060990143	-0.5541672433824485	0.579464393857422	0.7925423272356282	0.579465
S100A13	Leukocyte count	ukb-d-30000_irnt	Neale UKB, white blood cell count	rs7345	-0.00381223289835253	0.006890280687480251	-0.5532768650890257	0.5800738402481989	0.7929669197619708	0.580075
LTA4H	Neutrophil count	ukb-d-30140_irnt	Neale UKB, neutrophil count	rs6538697	-0.0036904389816533856	0.006678760075271891	-0.5525634908367552	0.5805623475661059	0.7931061519509591	0.580563
S100A3	Monocyte count	ukb-d-30130_irnt	Neale UKB, monocyte count	rs147475376	-0.008594789091402618	0.015595450228379023	-0.5511087506638758	0.5815591271062308	0.7931061519509591	0.581561
ACP5	Neutrophil count	ukb-d-30140_irnt	Neale UKB, neutrophil count	rs9305023	-0.0018944721844847475	0.0034387448285203297	-0.5509196753339581	0.5816887391644623	0.7931061519509591	0.581689
APP	Neutrophil count	ukb-d-30140_irnt	Neale UKB, neutrophil count	rs2830076	0.006276071468937596	0.011392483151241152	0.550895830664788	0.5817050857599506	0.7931061519509591	0.581704
CLEC4D	Neutrophil count	ukb-d-30140_irnt	Neale UKB, neutrophil count	rs57832572	0.0024107408181732208	0.004379803429005382	0.5504221495896404	0.5820298599812233	0.7931061519509591	0.58203
GATA3	Leukocyte count	ukb-d-30000_irnt	Neale UKB, white blood cell count	rs10905355	-0.026656034775422673	0.048479082738862145	-0.5498461041230567	0.5824249333342673	0.7931061519509591	0.582426
CACNB3	Monocyte count	ukb-d-30130_irnt	Neale UKB, monocyte count	rs12369114	-0.0031887375841148204	0.005800506352309998	-0.549734349113321	0.5825015935644575	0.7931061519509591	0.582503
EDN1	Leukocyte count	ukb-d-30000_irnt	Neale UKB, white blood cell count	rs557768	-0.010945973226754814	0.019914902427078687	-0.5496373013543545	0.5825681689292868	0.7931061519509591	0.582569
PADI4	Lymphocyte count	ukb-d-30120_irnt	Neale UKB, lymphocyte count	rs56265095	0.0036096187169893748	0.006592830357340823	0.5475066885302494	0.5840306766035939	0.7946892531312113	0.584031
TXNDC5	Neutrophil count	ukb-d-30140_irnt	Neale UKB, neutrophil count	rs72820104	-0.02316267277531165	0.042383694530502024	-0.5464996157577133	0.5847225517743677	0.7952226704131401	0.584723
TLR4	Leukocyte count	ukb-d-30000_irnt	Neale UKB, white blood cell count	rs2770150	-0.00226110266263069	0.004157163877720154	-0.5439051067360641	0.5865067746201891	0.79724037226691	0.586505
ARHGAP25	Lymphocyte count	ukb-d-30120_irnt	Neale UKB, lymphocyte count	rs4341972	0.007176601134465552	0.01325992067838997	0.541225042632528	0.5883524785149479	0.7992984227973724	0.588352
CDHR1	Leukocyte count	ukb-d-30000_irnt	Neale UKB, white blood cell count	rs7099098	0.007024608072463487	0.012991788412816719	0.5406960034488815	0.5887171336223491	0.7992984227973724	0.588716
CTSH	Leukocyte count	ukb-d-30000_irnt	Neale UKB, white blood cell count	rs34843303	-0.0024790314062730096	0.004587447599335787	-0.5403944900933466	0.5889250068424079	0.7992984227973724	0.588925
HPGDS	Monocyte count	ukb-d-30130_irnt	Neale UKB, monocyte count	rs114711142	-0.021034468076714986	0.039109261842760916	-0.5378385345467328	0.5906885259257493	0.8012818264731902	0.590689
RAB37	Leukocyte count	ukb-d-30000_irnt	Neale UKB, white blood cell count	rs1054131	-0.014448455804302601	0.026967161262327247	-0.5357796344877759	0.59211085882913	0.8028006122775321	0.592111
EPHB4	Lymphocyte count	ukb-d-30120_irnt	Neale UKB, lymphocyte count	rs314320	0.0022070984407375903	0.004124058375177314	0.5351763335897728	0.5925279297889574	0.8029555798673046	0.592527
ADAMTS1	Leukocyte count	ukb-d-30000_irnt	Neale UKB, white blood cell count	rs462404	-0.005284035294335063	0.009911430404449471	-0.5331253995349589	0.593946777787673	0.8044672393732936	0.593947
KRT18	Neutrophil count	ukb-d-30140_irnt	Neale UKB, neutrophil count	rs902771	-0.013208935349204653	0.02480913868273283	-0.5324221658044935	0.5944336365149003	0.8047156733218559	0.594434
PPP1R14A	Leukocyte count	ukb-d-30000_irnt	Neale UKB, white blood cell count	rs4803999	0.0057596316831943625	0.010858406128988926	0.5304306741500253	0.5958133632229377	0.8061719588098116	0.595813
IFNLR1	Lymphocyte count	ukb-d-30120_irnt	Neale UKB, lymphocyte count	rs12094257	-0.006916274842356882	0.013059743254511732	-0.5295873515712131	0.5963980658509267	0.8065515913496468	0.596396
LILRA2	Neutrophil count	ukb-d-30140_irnt	Neale UKB, neutrophil count	rs28384500	0.002365080831090448	0.004470829898975201	0.5290026425815416	0.5968036167186128	0.8066827380675016	0.596804
CCL23	Monocyte count	ukb-d-30130_irnt	Neale UKB, monocyte count	rs854675	0.00841563856696778	0.01592150504816843	0.5285705428919795	0.5971033992558468	0.8066827380675016	0.597104
LILRA2	Monocyte count	ukb-d-30130_irnt	Neale UKB, monocyte count	rs28384500	0.002298187280500965	0.004353072844330531	0.5279459734964321	0.5975368346218737	0.8068572736340168	0.597539
UPK3A	Leukocyte count	ukb-d-30000_irnt	Neale UKB, white blood cell count	rs968415	-0.0022462006376919664	0.004262987686908117	-0.5269076062758001	0.5982577515289327	0.8069338648952038	0.598259
TXK	Leukocyte count	ukb-d-30000_irnt	Neale UKB, white blood cell count	rs4571301	0.005081687133885478	0.00965732857962155	0.5262000864927201	0.5987491939320464	0.8069338648952038	0.598749
BTLA	Neutrophil count	ukb-d-30140_irnt	Neale UKB, neutrophil count	rs3112269	0.014815708302103207	0.02816468312691616	0.5260385226185723	0.5988614416790614	0.8069338648952038	0.598861
IL2RB	Monocyte count	ukb-d-30130_irnt	Neale UKB, monocyte count	rs228960	-0.01817521758512781	0.03456736363283603	-0.5257912572731729	0.599033249656455	0.8069338648952038	0.599033
RAB6B	Monocyte count	ukb-d-30130_irnt	Neale UKB, monocyte count	rs2715633	-0.0047528631672148925	0.009046878361231973	-0.5253594640535947	0.5993333271422026	0.8069338648952038	0.599334
EPHX2	Monocyte count	ukb-d-30130_irnt	Neale UKB, monocyte count	rs1126452	-0.0025491257809868496	0.004854895427085678	-0.5250629636150684	0.5995394214631302	0.8069338648952038	0.599538
RHOC	Leukocyte count	ukb-d-30000_irnt	Neale UKB, white blood cell count	rs75472514	-0.006444217217531946	0.01227941906714172	-0.5247982158028887	0.5997234719865938	0.8069338648952038	0.599723
ENPP2	Lymphocyte count	ukb-d-30120_irnt	Neale UKB, lymphocyte count	rs4871419	0.005908718318918516	0.011286479291842545	0.5235218322855668	0.6006111621026029	0.807375630950014	0.600612
F11R	Neutrophil count	ukb-d-30140_irnt	Neale UKB, neutrophil count	rs2250174	0.008472923167987211	0.01618667017154472	0.5234506589800135	0.600660678681892	0.807375630950014	0.60066
IFNGR1	Monocyte count	ukb-d-30130_irnt	Neale UKB, monocyte count	rs11754268	-0.008354054206619112	0.01603568244230614	-0.5209665529780653	0.6023900715149011	0.8092900048923595	0.60239
ACVRL1	Leukocyte count	ukb-d-30000_irnt	Neale UKB, white blood cell count	rs2293092	-0.003757781340747444	0.0072191772078276095	-0.5205276491444145	0.6026958620070277	0.8092908486291835	0.602696
GFRA2	Neutrophil count	ukb-d-30140_irnt	Neale UKB, neutrophil count	rs1479056	0.0026727971640049986	0.00514285771349584	0.5197105020018479	0.6032653660490626	0.8096456228553208	0.603265
SPRY2	Leukocyte count	ukb-d-30000_irnt	Neale UKB, white blood cell count	rs7995973	0.009791614382660307	0.01891146675689411	0.5177607061647298	0.6046252371088645	0.811060257366064	0.604626
TNFRSF21	Leukocyte count	ukb-d-30000_irnt	Neale UKB, white blood cell count	rs6938470	0.027724222736006464	0.05359857600891984	0.517256703450342	0.6049769737312158	0.8111218070450882	0.604977
TNFRSF1B	Monocyte count	ukb-d-30130_irnt	Neale UKB, monocyte count	rs6697733	0.007890315462963536	0.01528713267001536	0.5161409685702432	0.6057559560262888	0.8114562310235155	0.605755
LAG3	Lymphocyte count	ukb-d-30120_irnt	Neale UKB, lymphocyte count	rs67706382	0.0199284134174492	0.038619236669889374	0.51602297548742	0.605838362528869	0.8114562310235155	0.60584
BLNK	Lymphocyte count	ukb-d-30120_irnt	Neale UKB, lymphocyte count	rs4917727	-0.02044632535201644	0.039689025871972906	-0.5151631944298983	0.6064389860290786	0.8117972259950453	0.60644
LDLR	Leukocyte count	ukb-d-30000_irnt	Neale UKB, white blood cell count	rs8110515	-0.019964229575641375	0.038800721663781075	-0.5145324292840973	0.6068797934532035	0.8117972259950453	0.60688
CD38	Leukocyte count	ukb-d-30000_irnt	Neale UKB, white blood cell count	rs10000290	-0.017768299494634227	0.03454553397788683	-0.5143443290240646	0.6070112741886029	0.8117972259950453	0.607012
TNFRSF14	Leukocyte count	ukb-d-30000_irnt	Neale UKB, white blood cell count	rs3748825	0.0033097311629485117	0.006446462808070298	0.5134181738867823	0.6076588354531962	0.8122536449707037	0.607659
TFF3	Monocyte count	ukb-d-30130_irnt	Neale UKB, monocyte count	rs78800314	0.0063622417714078285	0.012440759601127983	0.5114029991248263	0.6090688952888628	0.8137283175345411	0.60907
RGMB	Monocyte count	ukb-d-30130_irnt	Neale UKB, monocyte count	rs331552	-0.0027553892911748356	0.005397956454558446	-0.510450448122451	0.6097359214133728	0.8142092968722381	0.609738
IL5RA	Leukocyte count	ukb-d-30000_irnt	Neale UKB, white blood cell count	rs1153465	-0.026903738177606048	0.05277178704076277	-0.5098129073556797	0.6101825421155349	0.8142139539418787	0.610181
SIGLEC6	Lymphocyte count	ukb-d-30120_irnt	Neale UKB, lymphocyte count	rs2305772	-0.009526658149241167	0.018695521412183884	-0.5095689999334619	0.6103534466200811	0.8142139539418787	0.610354
SPARC	Monocyte count	ukb-d-30130_irnt	Neale UKB, monocyte count	rs11167553	-0.006988447705222107	0.013749391885328994	-0.5082732213545377	0.6112617471099251	0.8150156628132335	0.611261
SPON1	Leukocyte count	ukb-d-30000_irnt	Neale UKB, white blood cell count	rs1027837	0.00430359726875721	0.008483041123249251	0.5073177420963401	0.611931891736158	0.8153979272953463	0.611933
SHD	Monocyte count	ukb-d-30130_irnt	Neale UKB, monocyte count	rs4807567	0.005334672791680378	0.01052912761272494	0.5066585749452954	0.61239440132218	0.8153979272953463	0.612396
CLC	Lymphocyte count	ukb-d-30120_irnt	Neale UKB, lymphocyte count	rs978671	0.02391048841029315	0.04721322574341852	0.5064362375965437	0.6125504408448892	0.8153979272953463	0.612549
CLC	Monocyte count	ukb-d-30130_irnt	Neale UKB, monocyte count	rs978671	-0.023275199982731334	0.04600772122585023	-0.5058976920085702	0.6129284726341222	0.8153979272953463	0.612929
PARD3	Lymphocyte count	ukb-d-30120_irnt	Neale UKB, lymphocyte count	rs11009923	-0.009807544472193903	0.019395008119723875	-0.5056736461079415	0.6130857718804377	0.8153979272953463	0.613085
RTN4R	Neutrophil count	ukb-d-30140_irnt	Neale UKB, neutrophil count	rs78426131	-0.02045522181378672	0.04051533397274778	-0.5048760508193197	0.6136458961130395	0.8157337927277097	0.613645
CNTNAP2	Lymphocyte count	ukb-d-30120_irnt	Neale UKB, lymphocyte count	rs12704004	-0.004399951343548077	0.008734058054836928	-0.5037694180554915	0.6144234205212442	0.8163313068146169	0.614422
CD40	Monocyte count	ukb-d-30130_irnt	Neale UKB, monocyte count	rs745307	0.002496073886294481	0.004958822073712413	0.5033602434591488	0.6147110179897397	0.8163313068146169	0.614712
CXCL10	Leukocyte count	ukb-d-30000_irnt	Neale UKB, white blood cell count	rs6816898	0.006512215121012811	0.012952588205614873	0.5027732695300081	0.6151236891117544	0.8164704822444308	0.615124
KRT18	Leukocyte count	ukb-d-30000_irnt	Neale UKB, white blood cell count	rs902771	-0.012445249376734862	0.02484408846864891	-0.5009340307429547	0.6164175514194712	0.8177785624634505	0.616418
CD84	Lymphocyte count	ukb-d-30120_irnt	Neale UKB, lymphocyte count	rs10908788	-0.0039258706839495	0.007853769442675497	-0.49987088526144674	0.6171659940315948	0.8183355404960996	0.617167
KLF4	Neutrophil count	ukb-d-30140_irnt	Neale UKB, neutrophil count	rs77233150	0.016666875467325128	0.033369711745322966	0.49946117588687666	0.6174545311209259	0.8183355404960996	0.617455
IFNGR1	Leukocyte count	ukb-d-30000_irnt	Neale UKB, white blood cell count	rs11754268	0.00822600538853599	0.016491319049407566	0.4988082132115139	0.6179145009421507	0.8185360921571347	0.617915
SCARA5	Lymphocyte count	ukb-d-30120_irnt	Neale UKB, lymphocyte count	rs4732769	-0.006938162426282487	0.013940424404091906	-0.49770094691277417	0.6186948405802641	0.8186749640100416	0.618696
SATB1	Monocyte count	ukb-d-30130_irnt	Neale UKB, monocyte count	rs9851736	0.007424599166802346	0.014921053986263918	0.4975921388420223	0.6187715456740166	0.8186749640100416	0.618772
UBE2B	Monocyte count	ukb-d-30130_irnt	Neale UKB, monocyte count	rs244692	-0.005929161744625788	0.011921615598805642	-0.4973454894167026	0.6189454384766717	0.8186749640100416	0.618946
DENR	Leukocyte count	ukb-d-30000_irnt	Neale UKB, white blood cell count	rs7967318	0.006477353021527613	0.013054457986276266	0.49617939161756447	0.6197678495692602	0.8193541062102084	0.619769
NID1	Leukocyte count	ukb-d-30000_irnt	Neale UKB, white blood cell count	rs10924179	0.010739574135885579	0.021735057559897016	0.49411298342733556	0.6212263890302983	0.8208731358786003	0.621227
MAP1LC3A	Monocyte count	ukb-d-30130_irnt	Neale UKB, monocyte count	rs6059919	0.00218907650345414	0.004445196218574788	0.49245891425598265	0.6223949598304717	0.8220076859912405	0.622393
CD80	Neutrophil count	ukb-d-30140_irnt	Neale UKB, neutrophil count	rs12494451	-0.029731305579800704	0.060488849654437044	-0.4915171267043565	0.6230607417929532	0.8222595100025326	0.623062
PLXDC2	Neutrophil count	ukb-d-30140_irnt	Neale UKB, neutrophil count	rs4634985	0.011508122745245387	0.023446445212474586	0.49082590733722553	0.6235495846779917	0.8222595100025326	0.62355
TREM2	Lymphocyte count	ukb-d-30120_irnt	Neale UKB, lymphocyte count	rs6934464	0.01499247862323214	0.030558437559997587	0.4906166617254669	0.6236975996889906	0.8222595100025326	0.6237
ANGPT1	Lymphocyte count	ukb-d-30120_irnt	Neale UKB, lymphocyte count	rs1353308	0.0031360863250641095	0.006394494402890104	0.49043538510983764	0.6238258424302774	0.8222595100025326	0.623825
EDAR	Monocyte count	ukb-d-30130_irnt	Neale UKB, monocyte count	rs4676230	0.01200550056984025	0.02452307829860151	0.48955928059508313	0.6244457964557655	0.8226677854946299	0.624446
EVI2B	Leukocyte count	ukb-d-30000_irnt	Neale UKB, white blood cell count	rs9902893	0.010986809172281096	0.022484157642660943	0.4886466883435725	0.6250918529382454	0.8230352895589221	0.625094
ADAM8	Lymphocyte count	ukb-d-30120_irnt	Neale UKB, lymphocyte count	rs12253872	0.009117603584207882	0.018675188691212746	0.48822015857317663	0.6253939073592476	0.8230352895589221	0.625396
PTP4A3	Monocyte count	ukb-d-30130_irnt	Neale UKB, monocyte count	rs3934583	-0.005973772941007738	0.012245090986014054	-0.4878504331107697	0.6256557857280494	0.8230352895589221	0.625657
HS3ST3B1	Monocyte count	ukb-d-30130_irnt	Neale UKB, monocyte count	rs4792444	-0.007211381179491471	0.014808899817785064	-0.486962655445262	0.6262847958744522	0.8234542779668058	0.626286
PF4	Monocyte count	ukb-d-30130_irnt	Neale UKB, monocyte count	rs11574452	-0.016524376539985453	0.03399420686872581	-0.4860938984044262	0.6269005927998588	0.8234899558099089	0.626901
TSNAX	Neutrophil count	ukb-d-30140_irnt	Neale UKB, neutrophil count	rs41303127	0.011474484152322207	0.023656203744951105	0.48505179766094897	0.6276396032175362	0.8234899558099089	0.627641
PPM1F	Leukocyte count	ukb-d-30000_irnt	Neale UKB, white blood cell count	rs62234965	-0.0018160540271524922	0.003745780164620668	-0.4848266442076166	0.6277993209054611	0.8234899558099089	0.6278
ADAM12	Monocyte count	ukb-d-30130_irnt	Neale UKB, monocyte count	rs898325	0.008307949980957557	0.017140801765387965	0.48468852826555714	0.627897305197481	0.8234899558099089	0.627898
PVALB	Lymphocyte count	ukb-d-30120_irnt	Neale UKB, lymphocyte count	rs4821544	-0.00189091465610429	0.0039039405954577164	-0.48436050955908316	0.6281300394552094	0.8234899558099089	0.628129
TXNDC5	Leukocyte count	ukb-d-30000_irnt	Neale UKB, white blood cell count	rs72820104	-0.020553905304225562	0.04244069415748631	-0.48429710475411636	0.6281750303934561	0.8234899558099089	0.628174
FASLG	Leukocyte count	ukb-d-30000_irnt	Neale UKB, white blood cell count	rs4916193	-0.007267948153023731	0.015045195529171558	-0.4830743567892952	0.6290429409740004	0.8242202961773957	0.629044
ESAM	Leukocyte count	ukb-d-30000_irnt	Neale UKB, white blood cell count	rs6590090	0.018865689296407463	0.039142351594294925	0.4819763894603914	0.6298227188521266	0.8244403646025774	0.629824
IL18R1	Leukocyte count	ukb-d-30000_irnt	Neale UKB, white blood cell count	rs11676124	0.0037272892691936213	0.00773612493328131	0.4818031380489451	0.6299457999609162	0.8244403646025774	0.629946
NRP1	Neutrophil count	ukb-d-30140_irnt	Neale UKB, neutrophil count	rs743104	-0.003555252316632016	0.007383320518680129	-0.4815248515403157	0.6301435215118494	0.8244403646025774	0.630143
LRP1	Monocyte count	ukb-d-30130_irnt	Neale UKB, monocyte count	rs55909821	-0.022484719826538616	0.04690213471112254	-0.47939651286717466	0.6316565737771171	0.8257678960305567	0.631657
PMM2	Leukocyte count	ukb-d-30000_irnt	Neale UKB, white blood cell count	rs9796776	-0.0027127731580411534	0.005663413881701483	-0.4789996307361778	0.6319388913503823	0.8257678960305567	0.631939
SMAD1	Leukocyte count	ukb-d-30000_irnt	Neale UKB, white blood cell count	rs13110416	-0.012714698529071946	0.026556232479863405	-0.4787839742972963	0.632092318605592	0.8257678960305567	0.632093
EDN1	Neutrophil count	ukb-d-30140_irnt	Neale UKB, neutrophil count	rs557768	-0.009486821878644733	0.019886594523507134	-0.47704607580904546	0.6333293120361179	0.8265257830557923	0.63333
LPP	Monocyte count	ukb-d-30130_irnt	Neale UKB, monocyte count	rs62289742	0.004152849217059429	0.008707430396999416	0.4769316581032335	0.6334107877751536	0.8265257830557923	0.633412
DRAXIN	Monocyte count	ukb-d-30130_irnt	Neale UKB, monocyte count	rs12139487	-0.004829946859661564	0.010132992408609624	-0.4766555292746237	0.6336074347482752	0.8265257830557923	0.633609
KYNU	Neutrophil count	ukb-d-30140_irnt	Neale UKB, neutrophil count	rs76560560	0.0028022762199841488	0.005897508306945298	0.4751627423201764	0.6346709807766995	0.8272473152866205	0.634672
EPHA1	Monocyte count	ukb-d-30130_irnt	Neale UKB, monocyte count	rs7794735	0.00198936025962684	0.0041915384332709225	0.47461338868707836	0.6350625614964169	0.8272473152866205	0.635063
CDA	Leukocyte count	ukb-d-30000_irnt	Neale UKB, white blood cell count	rs4655226	0.0013542470068708028	0.002853653753843195	0.47456598581623755	0.6350963551747961	0.8272473152866205	0.635097
ENTPD5	Monocyte count	ukb-d-30130_irnt	Neale UKB, monocyte count	rs118113209	0.008651905645777747	0.01825394047113983	0.47397468286131084	0.6355179610620485	0.8273900995270264	0.63552
FKBP1B	Leukocyte count	ukb-d-30000_irnt	Neale UKB, white blood cell count	rs12713147	-0.00710311070409705	0.01500354506408028	-0.4734288245717661	0.6359072692788847	0.8274907154698735	0.635908
SNAP23	Neutrophil count	ukb-d-30140_irnt	Neale UKB, neutrophil count	rs56357092	0.007107543508010203	0.01504804014155183	0.47232353457007975	0.6366958743813584	0.8281105732512812	0.636697
PPP1R12B	Lymphocyte count	ukb-d-30120_irnt	Neale UKB, lymphocyte count	rs11584227	0.017880702514752083	0.03797985514295474	0.4707943842189444	0.6377875752397548	0.8291238478116812	0.637789
GAS6	Lymphocyte count	ukb-d-30120_irnt	Neale UKB, lymphocyte count	rs7338868	-0.006546585875011323	0.013935519966659949	-0.46977693625165834	0.6385143939582463	0.8296620150795048	0.638513
LRIG1	Lymphocyte count	ukb-d-30120_irnt	Neale UKB, lymphocyte count	rs17775391	-0.0037010717988623827	0.007909113844131685	-0.46795024977525923	0.6398201675574133	0.8305797237400554	0.63982
NCAM1	Leukocyte count	ukb-d-30000_irnt	Neale UKB, white blood cell count	rs7126367	0.0031467121436371294	0.006725755267271016	0.4678600422691134	0.6398846797136324	0.8305797237400554	0.639885
PTPRK	Leukocyte count	ukb-d-30000_irnt	Neale UKB, white blood cell count	rs3813372	0.06420918857630438	0.13735327085063243	0.4674747691020038	0.6401602395643564	0.8305797237400554	0.640159
IL31RA	Monocyte count	ukb-d-30130_irnt	Neale UKB, monocyte count	rs115173341	0.002754030902662499	0.005901952951668684	0.46663043999424636	0.6407643046278291	0.8309569368572141	0.640764
IL7	Monocyte count	ukb-d-30130_irnt	Neale UKB, monocyte count	rs2369442	0.018495781614165305	0.039708356913497805	0.46579065596839525	0.6413653540915598	0.8311054921180686	0.641366
CRTAM	Lymphocyte count	ukb-d-30120_irnt	Neale UKB, lymphocyte count	rs10444340	0.004491963343377248	0.009647797328956348	0.4655947041813706	0.6415056343762016	0.8311054921180686	0.641506
JAM3	Lymphocyte count	ukb-d-30120_irnt	Neale UKB, lymphocyte count	rs605930	-0.009906783562673245	0.021322408212388427	-0.4646184175818074	0.642204740637808	0.8313444314379688	0.642205
SLC9A3R2	Lymphocyte count	ukb-d-30120_irnt	Neale UKB, lymphocyte count	rs74422368	-0.011398017235771513	0.02456630459197368	-0.4639695479268576	0.6426695633361952	0.8313444314379688	0.64267
CD55	Monocyte count	ukb-d-30130_irnt	Neale UKB, monocyte count	rs891376	0.0014718353433086763	0.00317405088833953	0.46370880464322073	0.642856388194259	0.8313444314379688	0.642858
PTTG1	Monocyte count	ukb-d-30130_irnt	Neale UKB, monocyte count	rs3811999	-0.008119484304704088	0.017514494204152194	-0.4635865706461102	0.6429439777071169	0.8313444314379688	0.642945
HMOX1	Neutrophil count	ukb-d-30140_irnt	Neale UKB, neutrophil count	rs133415	-0.005332274166144096	0.011547673188776345	-0.46176178343241914	0.644252159496729	0.8326299839109772	0.644252
GAS6	Monocyte count	ukb-d-30130_irnt	Neale UKB, monocyte count	rs7338868	-0.006262292636441132	0.01357973845448916	-0.4611497237173192	0.6446911895109497	0.8327915414432726	0.64469
S100P	Neutrophil count	ukb-d-30140_irnt	Neale UKB, neutrophil count	rs3822263	-0.001104097892416251	0.0024060884056779875	-0.45887669372860734	0.6463227161090463	0.8342214996293684	0.646324
ACRBP	Monocyte count	ukb-d-30130_irnt	Neale UKB, monocyte count	rs12321102	0.011655857654938933	0.025438352353519475	0.4582001810870549	0.6468086297998261	0.8342214996293684	0.646809
GZMB	Leukocyte count	ukb-d-30000_irnt	Neale UKB, white blood cell count	rs2236337	-0.002798848427684068	0.0061127393362877995	-0.45787138526730936	0.6470448459328675	0.8342214996293684	0.647047
DUSP13	Monocyte count	ukb-d-30130_irnt	Neale UKB, monocyte count	rs2657291	0.023009996239284722	0.05025604683976781	0.4578552768515175	0.6470564195843178	0.8342214996293684	0.647058
CLIC5	Monocyte count	ukb-d-30130_irnt	Neale UKB, monocyte count	rs3798269	-0.007936917444888232	0.017365650005280227	-0.45704695433081516	0.6476372965680139	0.8345646795424553	0.647636
MPO	Neutrophil count	ukb-d-30140_irnt	Neale UKB, neutrophil count	rs12940119	-0.0037253695535351987	0.008169180317718868	-0.45602733795150907	0.6483703197055919	0.8351034909466876	0.64837
PLA2G7	Monocyte count	ukb-d-30130_irnt	Neale UKB, monocyte count	rs7745519	-0.003422298889442028	0.007526801469004263	-0.4546817002594293	0.6493382480098635	0.8359441911272611	0.649338
LILRB4	Leukocyte count	ukb-d-30000_irnt	Neale UKB, white blood cell count	rs370156	0.0029292863276367963	0.006481112811142241	0.4519727418724771	0.6512886194210072	0.8380482380904954	0.651289
DOK2	Neutrophil count	ukb-d-30140_irnt	Neale UKB, neutrophil count	rs11135701	0.002569471425575999	0.005734547748488795	0.4480687123501802	0.6541036075487308	0.8412622537435664	0.654104
CRTAM	Neutrophil count	ukb-d-30140_irnt	Neale UKB, neutrophil count	rs10444340	0.004308664954670208	0.009655790214669358	0.4462260321402135	0.6554339804708729	0.8423855013369022	0.655433
HGF	Monocyte count	ukb-d-30130_irnt	Neale UKB, monocyte count	rs2057938	0.018123678493778925	0.0406548945029833	0.4457932732416509	0.6557465813069667	0.8423855013369022	0.655747
SIGLEC10	Neutrophil count	ukb-d-30140_irnt	Neale UKB, neutrophil count	rs35935019	0.004551266781057068	0.01021518024880906	0.44553954704692356	0.6559298869761323	0.8423855013369022	0.655931
PKD2	Leukocyte count	ukb-d-30000_irnt	Neale UKB, white blood cell count	rs74584966	-0.003098696206200061	0.007001405291154815	-0.4425820356542966	0.658068080939876	0.8440224084605084	0.658068
HAVCR1	Lymphocyte count	ukb-d-30120_irnt	Neale UKB, lymphocyte count	rs1501909	-0.011308871697123104	0.02555373228313872	-0.4425526405230874	0.658089346838336	0.8440224084605084	0.65809
PDGFRB	Lymphocyte count	ukb-d-30120_irnt	Neale UKB, lymphocyte count	rs1075846	0.02809378814381229	0.0635436611940329	0.4421178700740405	0.6584039136811866	0.8440224084605084	0.658403
ENTPD5	Lymphocyte count	ukb-d-30120_irnt	Neale UKB, lymphocyte count	rs118113209	-0.008269757505871623	0.018732258807520857	-0.44147145258058146	0.6588717240138546	0.8440224084605084	0.658872
TGFB2	Monocyte count	ukb-d-30130_irnt	Neale UKB, monocyte count	rs12034138	-0.020175993474943324	0.04572974878268893	-0.4412006191160398	0.6590677650502386	0.8440224084605084	0.659069
CLEC4C	Lymphocyte count	ukb-d-30120_irnt	Neale UKB, lymphocyte count	rs10845821	0.001155013741536022	0.002621187053079373	0.4406452947259566	0.6594698062376714	0.8440224084605084	0.65947
FCAR	Leukocyte count	ukb-d-30000_irnt	Neale UKB, white blood cell count	rs73065470	-0.0031759266918869847	0.007222399411966732	-0.4397329074081418	0.6601305657750469	0.8440224084605084	0.660129
C1QA	Neutrophil count	ukb-d-30140_irnt	Neale UKB, neutrophil count	rs12058824	-0.004796304734428706	0.010925398201744008	-0.4390050271726551	0.6606578937022616	0.8440224084605084	0.660658
CREG1	Monocyte count	ukb-d-30130_irnt	Neale UKB, monocyte count	rs3767443	0.0040847295758764226	0.00930972026461376	0.4387596468824608	0.6608357025358282	0.8440224084605084	0.660836
SNCA	Lymphocyte count	ukb-d-30120_irnt	Neale UKB, lymphocyte count	rs2245801	-0.004430015930904501	0.010098363278189663	-0.4386865285855186	0.660888689626355	0.8440224084605084	0.66089
C2CD2L	Neutrophil count	ukb-d-30140_irnt	Neale UKB, neutrophil count	rs617948	-0.0028917704664489638	0.0065919666993126125	-0.4386809882929942	0.6608927046138349	0.8440224084605084	0.660893
MAP4K5	Leukocyte count	ukb-d-30000_irnt	Neale UKB, white blood cell count	rs8181933	-0.012428401260559755	0.02834296473096578	-0.4385003960782285	0.6610235830967104	0.8440224084605084	0.661024
EPHX2	Neutrophil count	ukb-d-30140_irnt	Neale UKB, neutrophil count	rs1126452	0.00218225191331014	0.004986217800730581	0.4376567571898677	0.6616351208850664	0.8443966990313744	0.661634
SLC16A1	Lymphocyte count	ukb-d-30120_irnt	Neale UKB, lymphocyte count	rs7169	-0.008326088015604593	0.019097523935529267	-0.43597735725910713	0.6628531578613941	0.8455442879501766	0.662853
SFTPD	Lymphocyte count	ukb-d-30120_irnt	Neale UKB, lymphocyte count	rs2758549	-0.0033297740750480834	0.00766317533643456	-0.43451623235301373	0.6639136099455996	0.8464898526806394	0.663914
RAPGEF2	Neutrophil count	ukb-d-30140_irnt	Neale UKB, neutrophil count	rs11100203	-0.0025950161039867354	0.005983108963773603	-0.43372369109420905	0.664489100676297	0.8468164800545601	0.664489
PM20D1	Leukocyte count	ukb-d-30000_irnt	Neale UKB, white blood cell count	rs823080	-0.003066511095303499	0.007079862816898612	-0.4331314284768596	0.664919291573691	0.8469577143388226	0.664918
AMY2B	Lymphocyte count	ukb-d-30120_irnt	Neale UKB, lymphocyte count	rs11184556	-0.004103044128349169	0.009484194410528472	-0.4326191504250852	0.6652914745770655	0.8470249594711368	0.66529
LPP	Leukocyte count	ukb-d-30000_irnt	Neale UKB, white blood cell count	rs62289742	0.003858073248885068	0.008955978119533445	0.43078189756520435	0.6666269632963844	0.848137360098769	0.666626
SFTPD	Neutrophil count	ukb-d-30140_irnt	Neale UKB, neutrophil count	rs2758549	-0.003302019664238825	0.007669531788796771	-0.43053732029147246	0.66680482496453	0.848137360098769	0.666804
ASGR2	Leukocyte count	ukb-d-30000_irnt	Neale UKB, white blood cell count	rs552653	0.0016558962255107906	0.0038568398472550516	0.42934015699130135	0.6676756970093294	0.8486179391038351	0.667675
CDH1	Monocyte count	ukb-d-30130_irnt	Neale UKB, monocyte count	rs11642362	0.004363586752068936	0.01016825475645224	0.429138220528949	0.6678226391062232	0.8486179391038351	0.667822
VNN1	Neutrophil count	ukb-d-30140_irnt	Neale UKB, neutrophil count	rs2300077	-0.0013892370269097843	0.0032419365882712845	-0.4285207279919607	0.6682720458015337	0.8487823110467756	0.668273
MTUS1	Monocyte count	ukb-d-30130_irnt	Neale UKB, monocyte count	rs17125481	0.0015614446167876465	0.003655126397784267	0.4271930562330737	0.6692387184905098	0.8495728950885032	0.669239
RGCC	Leukocyte count	ukb-d-30000_irnt	Neale UKB, white blood cell count	rs421706	-0.005232215931598717	0.012259577067611833	-0.4267860059725497	0.6695352001263091	0.8495728950885032	0.669536
MSLN	Lymphocyte count	ukb-d-30120_irnt	Neale UKB, lymphocyte count	rs73493221	-0.002978122873100646	0.0070057711652635815	-0.425095653690053	0.6707669461731292	0.8507288097805541	0.670769
FCER2	Neutrophil count	ukb-d-30140_irnt	Neale UKB, neutrophil count	rs11260012	-0.003995429007274903	0.009409318683591536	-0.42462468767715794	0.6711102931359896	0.8507574079333864	0.67111
RGMB	Neutrophil count	ukb-d-30140_irnt	Neale UKB, neutrophil count	rs331552	-0.0023491552378008705	0.005543976603879831	-0.4237310879264652	0.6717619402300321	0.8509080980337604	0.671761
CLC	Leukocyte count	ukb-d-30000_irnt	Neale UKB, white blood cell count	rs978671	-0.020043683144134183	0.04731951640799678	-0.4235817410159943	0.671870873786838	0.8509080980337604	0.67187
ADAM12	Lymphocyte count	ukb-d-30120_irnt	Neale UKB, lymphocyte count	rs898325	-0.007441534224170054	0.017589918327855534	-0.4230567809053201	0.6722538340834532	0.8509867150307007	0.672255
GATA3	Neutrophil count	ukb-d-30140_irnt	Neale UKB, neutrophil count	rs10905355	-0.020390478306010297	0.04841367608656442	-0.42117186617995706	0.6736295865859583	0.8513420087930212	0.673628
DSG2	Lymphocyte count	ukb-d-30120_irnt	Neale UKB, lymphocyte count	rs1460602	-0.01900645062799638	0.04518129926092106	-0.42067074074684147	0.6739955296293487	0.8513420087930212	0.673997
SCARB2	Lymphocyte count	ukb-d-30120_irnt	Neale UKB, lymphocyte count	rs13111888	-0.004637259367108931	0.011028659150175656	-0.42047354115890617	0.6741395542894673	0.8513420087930212	0.674138
CD163	Monocyte count	ukb-d-30130_irnt	Neale UKB, monocyte count	rs79284771	0.010301916540228948	0.024501755612171414	0.42045626049389706	0.6741521757871813	0.8513420087930212	0.674152
SMPDL3A	Leukocyte count	ukb-d-30000_irnt	Neale UKB, white blood cell count	rs12524492	0.0031309181364288755	0.007451379760038601	0.4201796495757527	0.6743542200798909	0.8513420087930212	0.674356
GPNMB	Leukocyte count	ukb-d-30000_irnt	Neale UKB, white blood cell count	rs858239	-0.002501026212539469	0.0059543423472147436	-0.4200339964848295	0.6744606185799915	0.8513420087930212	0.674461
CD70	Monocyte count	ukb-d-30130_irnt	Neale UKB, monocyte count	rs2029745	-0.010278911351975019	0.024529085765240915	-0.41904991691703447	0.6751796518597004	0.8518264301417148	0.675181
MAPRE3	Monocyte count	ukb-d-30130_irnt	Neale UKB, monocyte count	rs6745807	-0.006288196852674179	0.01502090551749207	-0.4186296788400326	0.675486795847672	0.8518264301417148	0.675487
PTPRN2	Leukocyte count	ukb-d-30000_irnt	Neale UKB, white blood cell count	rs123776	-0.003040018305334618	0.007282488759076886	-0.41744222420467764	0.6763549757065297	0.8522981767268691	0.676355
CSF2RB	Lymphocyte count	ukb-d-30120_irnt	Neale UKB, lymphocyte count	rs2075938	-0.007454069092319871	0.017873208287891976	-0.41705266185307954	0.6766398889888476	0.8522981767268691	0.676641
SCT	Leukocyte count	ukb-d-30000_irnt	Neale UKB, white blood cell count	rs150657453	0.01823869802527977	0.04375891838645291	0.41679956218767483	0.6768250226948667	0.8522981767268691	0.676824
CRIP2	Neutrophil count	ukb-d-30140_irnt	Neale UKB, neutrophil count	rs7143148	-0.0028089370579737457	0.006765268156270265	-0.4151996629091981	0.6779957455660579	0.8533672127390534	0.677996
ACRBP	Lymphocyte count	ukb-d-30120_irnt	Neale UKB, lymphocyte count	rs12321102	0.010799749487732728	0.026104905809322013	0.41370574430022106	0.6790896197099161	0.8539972137027192	0.679089
ANXA3	Neutrophil count	ukb-d-30140_irnt	Neale UKB, neutrophil count	rs6854010	0.003506659480760446	0.008479350692214074	0.4135528306407161	0.6792016240361867	0.8539972137027192	0.679202
PTPRM	Monocyte count	ukb-d-30130_irnt	Neale UKB, monocyte count	rs13381562	-0.0020453175582580115	0.004949982481682113	-0.4131969286410419	0.6794623382023897	0.8539972137027192	0.679463
CXCL6	Lymphocyte count	ukb-d-30120_irnt	Neale UKB, lymphocyte count	rs1951238	0.012394127240498796	0.030138724710502534	0.4112359550561798	0.6808995261551369	0.8545575023781653	0.680899
IFNG	Leukocyte count	ukb-d-30000_irnt	Neale UKB, white blood cell count	rs2870960	0.011683396121983427	0.028452472134797954	0.4106285059038647	0.6813449580925972	0.8545575023781653	0.681343
SPINK2	Neutrophil count	ukb-d-30140_irnt	Neale UKB, neutrophil count	rs6818605	-0.004788717950135148	0.011663168083630349	-0.41058466411508515	0.6813771108176514	0.8545575023781653	0.681378
CKAP4	Lymphocyte count	ukb-d-30120_irnt	Neale UKB, lymphocyte count	rs3759303	-0.004658579374587922	0.011347203607309777	-0.41054867223735214	0.6814035070014675	0.8545575023781653	0.681403
ACP5	Leukocyte count	ukb-d-30000_irnt	Neale UKB, white blood cell count	rs9305023	-0.0014132243328100252	0.0034436060558618218	-0.4103908257462805	0.681519275086659	0.8545575023781653	0.681519
SIGLEC10	Lymphocyte count	ukb-d-30120_irnt	Neale UKB, lymphocyte count	rs35935019	-0.004172110056225243	0.010206737742805824	-0.408760385674251	0.6827155140383971	0.8556529032277075	0.682716
LGMN	Neutrophil count	ukb-d-30140_irnt	Neale UKB, neutrophil count	rs2402189	0.005073925286868615	0.01246025383157219	0.4072088221840345	0.6838546225750692	0.8566757010246026	0.683853
CPPED1	Neutrophil count	ukb-d-30140_irnt	Neale UKB, neutrophil count	rs10852358	0.003908440873058881	0.009618137711127609	0.4063615005779185	0.6844770032116387	0.856774246042575	0.684476
STEAP4	Lymphocyte count	ukb-d-30120_irnt	Neale UKB, lymphocyte count	rs112036721	-0.0012236682459422304	0.003012313376761659	-0.4062220934190174	0.6845794220830379	0.856774246042575	0.68458
PPP3R1	Lymphocyte count	ukb-d-30120_irnt	Neale UKB, lymphocyte count	rs2122126	-0.002975211965848109	0.007350687771252871	-0.4047528691782546	0.6856591758888597	0.8577208181402151	0.685659
CD72	Leukocyte count	ukb-d-30000_irnt	Neale UKB, white blood cell count	rs10814260	0.007293400860379511	0.01804346954708402	0.40421277301172864	0.6860562618050183	0.8578129214082548	0.686055
IMPACT	Leukocyte count	ukb-d-30000_irnt	Neale UKB, white blood cell count	rs542576	0.014820887078518863	0.03682180550081859	0.40250299725768146	0.6873138829767105	0.8589804041725901	0.687315
CRIM1	Leukocyte count	ukb-d-30000_irnt	Neale UKB, white blood cell count	rs10172196	0.00640485049230463	0.01593603246741227	0.40190998012848955	0.6877502775809083	0.8591209308264574	0.687751
COL18A1	Leukocyte count	ukb-d-30000_irnt	Neale UKB, white blood cell count	rs2236472	-0.0013038087829438706	0.0032485863065640523	-0.40134651196103704	0.6881650238167769	0.8592342952740548	0.688166
HNMT	Neutrophil count	ukb-d-30140_irnt	Neale UKB, neutrophil count	rs1522907	-0.003965243457903822	0.009923118557341518	-0.3995965013408186	0.6894537337716313	0.8603616644057631	0.689454
GPRC5C	Monocyte count	ukb-d-30130_irnt	Neale UKB, monocyte count	rs2706530	-0.001763043916373428	0.004416006298593378	-0.3992394478547295	0.6897167792332777	0.8603616644057631	0.689719
TCN2	Neutrophil count	ukb-d-30140_irnt	Neale UKB, neutrophil count	rs9621047	-0.0025226747086074183	0.0063326273377750176	-0.39836146579466425	0.690363758260699	0.8607638396367531	0.690364
NRN1	Monocyte count	ukb-d-30130_irnt	Neale UKB, monocyte count	rs6906850	-0.003807309656305597	0.009612983243604666	-0.39605911711523345	0.6920614172219341	0.8624750368762074	0.69206
CALB1	Monocyte count	ukb-d-30130_irnt	Neale UKB, monocyte count	rs10095826	-0.007255598000932977	0.018340551384958333	-0.3956041369008962	0.6923970847716046	0.8624880548681518	0.692398
AMY2B	Neutrophil count	ukb-d-30140_irnt	Neale UKB, neutrophil count	rs11184556	-0.003749520898196288	0.00949203165409687	-0.39501774065175516	0.6928297953179356	0.8625410790999303	0.692831
FCRL5	Lymphocyte count	ukb-d-30120_irnt	Neale UKB, lymphocyte count	rs1581997	-0.0011806498240539394	0.0029915240052307925	-0.3946650008455652	0.6930901355814296	0.8625410790999303	0.693091
PPBP	Leukocyte count	ukb-d-30000_irnt	Neale UKB, white blood cell count	rs187082	0.02381770809286399	0.06076278430351341	0.39197855012524185	0.6950740626952461	0.8644042035883162	0.695074
TSC22D1	Monocyte count	ukb-d-30130_irnt	Neale UKB, monocyte count	rs1330098	-0.016450023196876527	0.0419945082184975	-0.3917184387845913	0.6952662644826664	0.8644042035883162	0.695266
ACY3	Neutrophil count	ukb-d-30140_irnt	Neale UKB, neutrophil count	rs61894523	-0.0032053590925254557	0.008191268920430556	-0.39131410818788903	0.6955650718165409	0.8644042035883162	0.695565
IL2RB	Neutrophil count	ukb-d-30140_irnt	Neale UKB, neutrophil count	rs228960	-0.013840280547270144	0.03550244106250835	-0.3898402513478404	0.6966546776057876	0.8653527892321071	0.696655
PSAP	Neutrophil count	ukb-d-30140_irnt	Neale UKB, neutrophil count	rs4747202	-0.00812697982453521	0.020941585440085453	-0.3880785362591939	0.6979579152310411	0.8661524358187109	0.697958
TGFB1	Monocyte count	ukb-d-30130_irnt	Neale UKB, monocyte count	rs1963413	0.020694699751322626	0.0533732143848813	0.3877356833352852	0.6982116461273951	0.8661524358187109	0.698212
PDCD1	Neutrophil count	ukb-d-30140_irnt	Neale UKB, neutrophil count	rs7570624	0.004559813016118775	0.011771012698129418	0.38737644186242315	0.6984775416822335	0.8661524358187109	0.698478
NELL2	Leukocyte count	ukb-d-30000_irnt	Neale UKB, white blood cell count	rs10506258	-0.0025160595687706002	0.006501787935617907	-0.3869796421669177	0.6987712792763301	0.8661524358187109	0.698771
VAT1	Lymphocyte count	ukb-d-30120_irnt	Neale UKB, lymphocyte count	rs4520874	-0.003256635303025841	0.008425960369261368	-0.38650019229930493	0.6991262602152659	0.8661524358187109	0.699125
PRKG1	Leukocyte count	ukb-d-30000_irnt	Neale UKB, white blood cell count	rs10490973	0.006666804319804451	0.01725710872078008	0.38632220655692134	0.6992580562171418	0.8661524358187109	0.699257
PRTN3	Lymphocyte count	ukb-d-30120_irnt	Neale UKB, lymphocyte count	rs62132278	-0.0039057760550916905	0.010160031548765717	-0.3844255833601403	0.700663041798544	0.8674875755601021	0.700663
TGFBR1	Neutrophil count	ukb-d-30140_irnt	Neale UKB, neutrophil count	rs41283642	-0.006474215978168425	0.016893434946766588	-0.3832385775047835	0.7015428768002347	0.8676650811468419	0.701543
SEZ6L	Leukocyte count	ukb-d-30000_irnt	Neale UKB, white blood cell count	rs77494677	0.004920854645870534	0.01285882860165887	0.38268296423483805	0.701954847263202	0.8676650811468419	0.701955
PTPRM	Leukocyte count	ukb-d-30000_irnt	Neale UKB, white blood cell count	rs13381562	0.001947997173261755	0.005091097039926685	0.38262817581057285	0.7019954759724163	0.8676650811468419	0.701995
LILRA5	Lymphocyte count	ukb-d-30120_irnt	Neale UKB, lymphocyte count	rs1645784	-0.0028391889455179438	0.0074233593989900684	-0.38246685805138425	0.7021151071422032	0.8676650811468419	0.702115
IL10	Neutrophil count	ukb-d-30140_irnt	Neale UKB, neutrophil count	rs1518111	0.005376173524675587	0.014136714797105	0.3802986480123764	0.7037237389970918	0.868841960815998	0.703723
RAPGEF2	Monocyte count	ukb-d-30130_irnt	Neale UKB, monocyte count	rs11100203	-0.002213432488762832	0.0058255193297122795	-0.37995453512161853	0.7039791643751707	0.868841960815998	0.703979
TNFRSF19	Monocyte count	ukb-d-30130_irnt	Neale UKB, monocyte count	rs7334672	0.01947839709889543	0.05127800445996676	0.37985871923121356	0.7040502917773679	0.868841960815998	0.704049
INPP1	Lymphocyte count	ukb-d-30120_irnt	Neale UKB, lymphocyte count	rs3791815	0.0030971036452722383	0.008222756840136809	0.3766502774537486	0.7064335187465998	0.8711261652013599	0.706435
IL6	Monocyte count	ukb-d-30130_irnt	Neale UKB, monocyte count	rs10265117	-0.010792092674608011	0.02869175226036986	-0.3761391976576649	0.7068134148767009	0.8711261652013599	0.706814
SPINK8	Monocyte count	ukb-d-30130_irnt	Neale UKB, monocyte count	rs11713476	-0.004189534707710632	0.011169422515015785	-0.375089643361451	0.7075937990940306	0.8711261652013599	0.707594
RNASE3	Lymphocyte count	ukb-d-30120_irnt	Neale UKB, lymphocyte count	rs11626267	0.0020813939332050115	0.005554023573969541	0.3747542489664676	0.7078432426218781	0.8711261652013599	0.707845
APOD	Monocyte count	ukb-d-30130_irnt	Neale UKB, monocyte count	rs7640745	0.006380476818863248	0.01702668069929371	0.3747340383923403	0.7078582748734816	0.8711261652013599	0.707858
NCAM1	Neutrophil count	ukb-d-30140_irnt	Neale UKB, neutrophil count	rs7126367	-0.0025162975290252366	0.006715222936234208	-0.3747154119705722	0.7078721289626435	0.8711261652013599	0.707872
IL1RAP	Leukocyte count	ukb-d-30000_irnt	Neale UKB, white blood cell count	rs78888631	0.005542374375851464	0.014816046434270142	0.37407917155495124	0.7083454143065657	0.8711911868530929	0.708345
EPHX2	Lymphocyte count	ukb-d-30120_irnt	Neale UKB, lymphocyte count	rs1126452	-0.0018621129783795642	0.0049820924905637255	-0.3737612221985998	0.7085819721124138	0.8711911868530929	0.708583
PHOSPHO1	Neutrophil count	ukb-d-30140_irnt	Neale UKB, neutrophil count	rs11650975	-0.0055502793843095225	0.015028541260775114	-0.3693159095085227	0.711892268398032	0.8735111621047121	0.711892
MTSS1	Monocyte count	ukb-d-30130_irnt	Neale UKB, monocyte count	rs11778063	0.002277159806250887	0.006166847405666037	0.36925833516792644	0.7119351781513674	0.8735111621047121	0.711934
HIP1	Neutrophil count	ukb-d-30140_irnt	Neale UKB, neutrophil count	rs1186222	-0.0009879415809083867	0.0026794057841835347	-0.3687166709649509	0.7123389213406792	0.8735111621047121	0.712339
NUMB	Leukocyte count	ukb-d-30000_irnt	Neale UKB, white blood cell count	rs61985842	-0.006531923579406219	0.017736104779404172	-0.3682839981296983	0.7126614829833258	0.8735111621047121	0.712663
ASGR2	Lymphocyte count	ukb-d-30120_irnt	Neale UKB, lymphocyte count	rs552653	0.0014168048702559496	0.00384835024855979	0.36815902367155273	0.7127546621802525	0.8735111621047121	0.712755
LTBP2	Lymphocyte count	ukb-d-30120_irnt	Neale UKB, lymphocyte count	rs754458	-0.0060429736538967025	0.01646337001324354	-0.3670556908479604	0.713577477467076	0.8735111621047121	0.713577
LDLR	Monocyte count	ukb-d-30130_irnt	Neale UKB, monocyte count	rs8110515	0.013847017191442249	0.03773006512837944	0.36700220750551876	0.7136173713807066	0.8735111621047121	0.713617
SOD2	Leukocyte count	ukb-d-30000_irnt	Neale UKB, white blood cell count	rs78550031	0.0018950543333066984	0.005163745576580812	0.3669921968854077	0.7136248385181205	0.8735111621047121	0.713625
PARD3	Neutrophil count	ukb-d-30140_irnt	Neale UKB, neutrophil count	rs11009923	-0.007104809957691966	0.019411071366620163	-0.3660184347119346	0.7143513197424332	0.8735111621047121	0.714352
TSPAN15	Lymphocyte count	ukb-d-30120_irnt	Neale UKB, lymphocyte count	rs17569412	-0.00418640794456064	0.011440836080550474	-0.3659180076600846	0.7144262587004648	0.8735111621047121	0.714427
CHL1	Monocyte count	ukb-d-30130_irnt	Neale UKB, monocyte count	rs13072907	0.008332759334988182	0.02278311151155406	0.36574281483731347	0.7145569946861432	0.8735111621047121	0.714557
RAB37	Lymphocyte count	ukb-d-30120_irnt	Neale UKB, lymphocyte count	rs1054131	-0.009835350742461236	0.026908974473928614	-0.3655044807445354	0.714734862696413	0.8735111621047121	0.714733
EPS8L2	Neutrophil count	ukb-d-30140_irnt	Neale UKB, neutrophil count	rs4078520	0.003895742163154417	0.010659158848263243	0.3654830759735954	0.714750837770447	0.8735111621047121	0.714751
PPP1R12B	Neutrophil count	ukb-d-30140_irnt	Neale UKB, neutrophil count	rs11584227	0.013839057364654113	0.0380113081596539	0.3640773768302774	0.7158002298861681	0.8740891763583303	0.715801
CLEC4G	Lymphocyte count	ukb-d-30120_irnt	Neale UKB, lymphocyte count	rs4804788	0.002194943839015535	0.006035301783965764	0.3636841897197143	0.7160938508322443	0.8740891763583303	0.716096
TXNDC5	Monocyte count	ukb-d-30130_irnt	Neale UKB, monocyte count	rs72820104	0.015001714472475903	0.04126732947085443	0.3635252066182536	0.7162125868124629	0.8740891763583303	0.716214
ANPEP	Leukocyte count	ukb-d-30000_irnt	Neale UKB, white blood cell count	rs11073891	-0.0011520223583551398	0.003177158771483395	-0.3625951490668714	0.7169073344979162	0.8744600257089453	0.716907
PPBP	Lymphocyte count	ukb-d-30120_irnt	Neale UKB, lymphocyte count	rs187082	0.02196194554343419	0.06062888709450888	0.36223567008907326	0.7171759260622006	0.8744600257089453	0.717176
CCL28	Neutrophil count	ukb-d-30140_irnt	Neale UKB, neutrophil count	rs7706402	-0.006583597109915999	0.018207233789428765	-0.3615923860843967	0.7176566552363992	0.8746440485693615	0.717657
IL18BP	Neutrophil count	ukb-d-30140_irnt	Neale UKB, neutrophil count	rs2298455	0.008532665988999951	0.023793579360986344	0.3586121221841352	0.7198852770247413	0.8769571679695056	0.719886
STEAP4	Leukocyte count	ukb-d-30000_irnt	Neale UKB, white blood cell count	rs112036721	-0.0010803862018140588	0.003019145032142336	-0.3578450820719382	0.7204592508862342	0.877253412924836	0.72046
IL18BP	Leukocyte count	ukb-d-30000_irnt	Neale UKB, white blood cell count	rs2298455	-0.00846061342870534	0.023825983609377367	-0.355100279065727	0.7225144675916286	0.8793521652377233	0.722515
ADAM23	Lymphocyte count	ukb-d-30120_irnt	Neale UKB, lymphocyte count	rs10497883	0.008181683511123137	0.023078276290405608	0.3545188300967057	0.7229500948369054	0.8794787392236115	0.722951
CALB1	Lymphocyte count	ukb-d-30120_irnt	Neale UKB, lymphocyte count	rs10095826	-0.00666073309150105	0.018821160066854078	-0.35389599088694107	0.723416831675294	0.8796430250357083	0.723417
IL17RB	Lymphocyte count	ukb-d-30120_irnt	Neale UKB, lymphocyte count	rs709324	0.004547406941730342	0.012978847351919027	0.350370631414967	0.7260605639739475	0.8822971454635608	0.726061
TNFRSF1B	Neutrophil count	ukb-d-30140_irnt	Neale UKB, neutrophil count	rs6697733	-0.005496766072136635	0.01570063815548868	-0.35009825828098956	0.7262649579739642	0.8822971454635608	0.726265
RALB	Neutrophil count	ukb-d-30140_irnt	Neale UKB, neutrophil count	rs4849847	-0.002116107918315446	0.006052934170135281	-0.3496003522979256	0.7266386465029577	0.8823469278964486	0.726639
IL21R	Lymphocyte count	ukb-d-30120_irnt	Neale UKB, lymphocyte count	rs3093390	-0.0027557405988390174	0.007936096491659583	-0.3472413171557522	0.7284100330537902	0.8840930927499548	0.72841
PLXDC2	Lymphocyte count	ukb-d-30120_irnt	Neale UKB, lymphocyte count	rs4634985	-0.008096224280289673	0.02342707261613665	-0.3455926573904486	0.7296488649018096	0.8849559677657177	0.729649
PLA2G7	Leukocyte count	ukb-d-30000_irnt	Neale UKB, white blood cell count	rs7745519	0.002669994256484378	0.007742256348811482	0.34485996538906266	0.7301996493046072	0.8849559677657177	0.7302
HMOX1	Monocyte count	ukb-d-30130_irnt	Neale UKB, monocyte count	rs133415	-0.0038773328559793354	0.011243512091002064	-0.344850685853069	0.7302066258760194	0.8849559677657177	0.730209
GZMB	Monocyte count	ukb-d-30130_irnt	Neale UKB, monocyte count	rs2236337	-0.0020475091839924965	0.00594308884400429	-0.34451936320254317	0.7304557365909337	0.8849559677657177	0.730456
BTLA	Leukocyte count	ukb-d-30000_irnt	Neale UKB, white blood cell count	rs3112269	0.009675209622510523	0.028203983475549758	0.3430440820850017	0.7315652973126243	0.8858955107183012	0.731567
PTK7	Lymphocyte count	ukb-d-30120_irnt	Neale UKB, lymphocyte count	rs6916141	0.004927677376553384	0.014428540717373048	0.3415229213457526	0.7327099522789458	0.8861996952466977	0.732711
TNFSF13B	Neutrophil count	ukb-d-30140_irnt	Neale UKB, neutrophil count	rs113469631	-0.004017819139313245	0.011766613731146791	-0.34145925336852734	0.7327578746431795	0.8861996952466977	0.732759
CEACAM1	Lymphocyte count	ukb-d-30120_irnt	Neale UKB, lymphocyte count	rs139190152	-0.019653930320361362	0.05760008113900228	-0.3412135874067937	0.732942795161718	0.8861996952466977	0.732943
CDA	Monocyte count	ukb-d-30130_irnt	Neale UKB, monocyte count	rs4655226	0.0009452939534762961	0.0027744024410917448	0.3407198391536583	0.7333145019228344	0.8861996952466977	0.733314
ADAMTS4	Lymphocyte count	ukb-d-30120_irnt	Neale UKB, lymphocyte count	rs112434951	0.005738105270938105	0.016878995765705028	0.3399553711955343	0.7338901369896598	0.8861996952466977	0.73389
RHOC	Lymphocyte count	ukb-d-30120_irnt	Neale UKB, lymphocyte count	rs75472514	-0.004162756970398229	0.01225231549241656	-0.339752675563629	0.7340427894399757	0.8861996952466977	0.734044
NRCAM	Monocyte count	ukb-d-30130_irnt	Neale UKB, monocyte count	rs2267886	0.009441965074499183	0.027825599506500775	0.3393265640976863	0.7343637332410058	0.8861996952466977	0.734363
CNTNAP2	Neutrophil count	ukb-d-30140_irnt	Neale UKB, neutrophil count	rs12704004	-0.0029593081224148564	0.00874130499046079	-0.33854305800384377	0.7349539849439757	0.8861996952466977	0.734954
GRAP2	Lymphocyte count	ukb-d-30120_irnt	Neale UKB, lymphocyte count	rs137955	-0.00837987512397448	0.024768382913065955	-0.33832952088098905	0.7351148795902398	0.8861996952466977	0.735116
F11R	Leukocyte count	ukb-d-30000_irnt	Neale UKB, white blood cell count	rs2250174	-0.005477131387904226	0.016209605667663735	-0.3378941783161611	0.7354429348455351	0.8861996952466977	0.735443
PIK3IP1	Lymphocyte count	ukb-d-30120_irnt	Neale UKB, lymphocyte count	rs4820963	-0.0017881976964392661	0.005293208359884616	-0.3378286995069747	0.735492281009797	0.8861996952466977	0.735494
TLR4	Monocyte count	ukb-d-30130_irnt	Neale UKB, monocyte count	rs2770150	0.0013635212158800757	0.0040423299475684515	0.3373107177211655	0.7358826810909749	0.886267425183136	0.735883
FAM3B	Leukocyte count	ukb-d-30000_irnt	Neale UKB, white blood cell count	rs66817580	-0.0007567212885817504	0.0022583101846522253	-0.33508297209326177	0.7375624974034534	0.8873612635416489	0.737563
PDE4D	Lymphocyte count	ukb-d-30120_irnt	Neale UKB, lymphocyte count	rs9291685	0.0037955850227868126	0.01133432438071856	0.3348752775457609	0.7377191720934491	0.8873612635416489	0.737719
SCARB2	Neutrophil count	ukb-d-30140_irnt	Neale UKB, neutrophil count	rs13111888	0.0036951714791450766	0.011037771476537185	0.33477513889464405	0.7377947157275022	0.8873612635416489	0.737795
PPBP	Neutrophil count	ukb-d-30140_irnt	Neale UKB, neutrophil count	rs187082	0.02026662878755292	0.06067901609886526	0.3339973204992676	0.7383815806167084	0.8876645293723984	0.738382
SOD2	Lymphocyte count	ukb-d-30120_irnt	Neale UKB, lymphocyte count	rs78550031	-0.0017185635781165568	0.0051524936109522395	-0.33354016673859527	0.7387265748298637	0.8876768810370632	0.738727
KRT5	Lymphocyte count	ukb-d-30120_irnt	Neale UKB, lymphocyte count	rs611403	0.004302738067564782	0.012930229435461417	0.33276579422206043	0.7393110803448519	0.8879683517396846	0.739311
PTPRN2	Neutrophil count	ukb-d-30140_irnt	Neale UKB, neutrophil count	rs123776	-0.00241686119912402	0.0072724362827407225	-0.33233171184460225	0.739638796754511	0.8879683517396846	0.739639
EFCAB2	Monocyte count	ukb-d-30130_irnt	Neale UKB, monocyte count	rs7533985	0.001980067142797055	0.005978488381438127	0.3311986268878136	0.7404944573338894	0.8885933488006673	0.740495
CLASP1	Neutrophil count	ukb-d-30140_irnt	Neale UKB, neutrophil count	rs114514102	0.004039394358476159	0.012312462563611697	0.32807363576594356	0.7428559873887988	0.8899280828566075	0.742857
TFF3	Lymphocyte count	ukb-d-30120_irnt	Neale UKB, lymphocyte count	rs78800314	-0.004186933390797818	0.012766753926904566	-0.32795598746321136	0.7429449406856192	0.8899280828566075	0.742946
TCN2	Leukocyte count	ukb-d-30000_irnt	Neale UKB, white blood cell count	rs9621047	0.0020768125156712795	0.006342093738030802	0.32746480917138293	0.7433163552145432	0.8899280828566075	0.743315
CPQ	Neutrophil count	ukb-d-30140_irnt	Neale UKB, neutrophil count	rs60893738	0.003168866130712962	0.009687304963431514	0.327115347630231	0.7435806440981836	0.8899280828566075	0.743581
TNFRSF4	Lymphocyte count	ukb-d-30120_irnt	Neale UKB, lymphocyte count	rs7536568	-0.003750382472751471	0.011489042836921875	-0.3264312376570673	0.7440981065272794	0.8899280828566075	0.744098
ACP5	Lymphocyte count	ukb-d-30120_irnt	Neale UKB, lymphocyte count	rs9305023	-0.0011211437693576522	0.003435890905727151	-0.3263036575139397	0.7441946212469353	0.8899280828566075	0.744195
TJP3	Leukocyte count	ukb-d-30000_irnt	Neale UKB, white blood cell count	rs8110279	0.006578334666894409	0.020273792602985667	0.32447479342990004	0.7455786027658808	0.8899280828566075	0.74558
ANXA3	Lymphocyte count	ukb-d-30120_irnt	Neale UKB, lymphocyte count	rs6854010	0.0027484063956344385	0.008472332855697873	0.3243978302606538	0.74563686220783	0.8899280828566075	0.745636
CD55	Lymphocyte count	ukb-d-30120_irnt	Neale UKB, lymphocyte count	rs891376	-0.001056246405858059	0.003257218293832012	-0.3242786668176971	0.745727069206811	0.8899280828566075	0.745727
AKAP12	Monocyte count	ukb-d-30130_irnt	Neale UKB, monocyte count	rs72994089	0.008688725560299116	0.026841630447596746	0.32370334496863834	0.7461626381843525	0.8899280828566075	0.746163
SERPING1	Monocyte count	ukb-d-30130_irnt	Neale UKB, monocyte count	rs28362951	0.002875420917528781	0.00889816257358442	0.32314771659318914	0.7465833744879364	0.8899280828566075	0.746585
ENPP2	Leukocyte count	ukb-d-30000_irnt	Neale UKB, white blood cell count	rs4871419	-0.0036542597651773516	0.011311206171165045	-0.32306543704356916	0.746645685134816	0.8899280828566075	0.746646
CFH	Lymphocyte count	ukb-d-30120_irnt	Neale UKB, lymphocyte count	rs203680	-0.007627904494625751	0.02365401131142166	-0.32247826358916615	0.7470904021104463	0.8899280828566075	0.747092
LILRA6	Lymphocyte count	ukb-d-30120_irnt	Neale UKB, lymphocyte count	rs189836555	-0.00321724765485922	0.009978278452716616	-0.3224251227408186	0.7471306544047924	0.8899280828566075	0.74713
RAB6B	Neutrophil count	ukb-d-30140_irnt	Neale UKB, neutrophil count	rs2715633	0.002995809407218638	0.009291590043491794	0.32242160848637785	0.7471333163513105	0.8899280828566075	0.747133
CD300A	Leukocyte count	ukb-d-30000_irnt	Neale UKB, white blood cell count	rs62087202	-0.001771715431481042	0.005504952898528667	-0.3218402526122569	0.7475737181794222	0.8899280828566075	0.747574
CD244	Monocyte count	ukb-d-30130_irnt	Neale UKB, monocyte count	rs12038419	-0.0025755449482083286	0.008010573840492086	-0.32151815831088004	0.7478177538125292	0.8899280828566075	0.747818
PPT1	Lymphocyte count	ukb-d-30120_irnt	Neale UKB, lymphocyte count	rs10889147	-0.001023198599794465	0.003188948498847847	-0.3208576746109704	0.7483182501282148	0.8899280828566075	0.748319
SMAD5	Lymphocyte count	ukb-d-30120_irnt	Neale UKB, lymphocyte count	rs2906834	-0.0012764723942331998	0.003981325154103502	-0.3206149572881672	0.7485022012791895	0.8899280828566075	0.748502
CD86	Monocyte count	ukb-d-30130_irnt	Neale UKB, monocyte count	rs13088702	-0.004943443608325242	0.01542328343453871	-0.320518236554932	0.7485755081956542	0.8899280828566075	0.748576
IL1RN	Monocyte count	ukb-d-30130_irnt	Neale UKB, monocyte count	rs72950883	-0.007891149540776611	0.02462789503592679	-0.3204151036564483	0.7486536775464145	0.8899280828566075	0.748654
ATP1B1	Monocyte count	ukb-d-30130_irnt	Neale UKB, monocyte count	rs1358714	0.0019782305096416597	0.006214521917962983	0.31832384465868785	0.7502392988641529	0.8910827642219211	0.75024
SLA2	Monocyte count	ukb-d-30130_irnt	Neale UKB, monocyte count	rs221309	0.014000178063439056	0.04399145284988297	0.3182476857769043	0.7502970635398001	0.8910827642219211	0.750298
GMPR	Monocyte count	ukb-d-30130_irnt	Neale UKB, monocyte count	rs3818407	-0.01046598295483408	0.03298914017804237	-0.3172554027885897	0.7510498141105686	0.8914839478077141	0.75105
HBEGF	Monocyte count	ukb-d-30130_irnt	Neale UKB, monocyte count	rs73257091	0.0052764684472640655	0.016650908876647042	0.31688771383911246	0.7513288049061428	0.8914839478077141	0.751329
PTPRK	Neutrophil count	ukb-d-30140_irnt	Neale UKB, neutrophil count	rs3813372	0.04338115465815562	0.13718617604030134	0.3162210356050123	0.751834742240507	0.8914839478077141	0.751834
SCARA5	Neutrophil count	ukb-d-30140_irnt	Neale UKB, neutrophil count	rs4732769	-0.004409249706619128	0.013951982550122307	-0.316030334096173	0.7519794838785281	0.8914839478077141	0.751979
PPP1R12B	Leukocyte count	ukb-d-30000_irnt	Neale UKB, white blood cell count	rs11584227	0.012004928017480392	0.03806354986550186	0.3153917083377665	0.7524642616209274	0.8915252979206915	0.752464
ADAM8	Leukocyte count	ukb-d-30000_irnt	Neale UKB, white blood cell count	rs12253872	-0.005890532418362766	0.01871713641377041	-0.31471333478282687	0.7529793186788529	0.8915252979206915	0.752979
CD300E	Lymphocyte count	ukb-d-30120_irnt	Neale UKB, lymphocyte count	rs72847193	-0.002490724534617672	0.007915707156217668	-0.31465597267089973	0.7530228760717756	0.8915252979206915	0.753023
AAMDC	Lymphocyte count	ukb-d-30120_irnt	Neale UKB, lymphocyte count	rs12419883	0.0025178899551525904	0.008021184908602003	0.31390498833313	0.7535932016070634	0.891802396547047	0.753593
CHAD	Leukocyte count	ukb-d-30000_irnt	Neale UKB, white blood cell count	rs7215760	-0.015649930766258247	0.050221274684404085	-0.31161954499570355	0.7553296786270076	0.8930443661010147	0.75533
BTLA	Lymphocyte count	ukb-d-30120_irnt	Neale UKB, lymphocyte count	rs3112269	-0.008750964817872965	0.028141403719073303	-0.3109640480350969	0.7558279530653955	0.8930443661010147	0.75583
ADM	Lymphocyte count	ukb-d-30120_irnt	Neale UKB, lymphocyte count	rs7107290	-0.0021980314735213263	0.007077524993588899	-0.31056498924587195	0.7561313463994295	0.8930443661010147	0.756131
CEACAM1	Leukocyte count	ukb-d-30000_irnt	Neale UKB, white blood cell count	rs139190152	-0.017915333670770535	0.05772140876641554	-0.31037589091544043	0.7562751257512668	0.8930443661010147	0.756275
BAIAP2	Monocyte count	ukb-d-30130_irnt	Neale UKB, monocyte count	rs56068957	0.0025375172448022436	0.00817740321499146	0.31030844121154094	0.7563264126179785	0.8930443661010147	0.756326
PPP1R14A	Neutrophil count	ukb-d-30140_irnt	Neale UKB, neutrophil count	rs4803999	0.003357976441614521	0.010843263466440356	0.3096831919659039	0.7568018857105534	0.8932081000909602	0.756802
MATN2	Neutrophil count	ukb-d-30140_irnt	Neale UKB, neutrophil count	rs11991498	-0.0024171666386548587	0.007850269188335287	-0.3079087583705443	0.7581517611516384	0.8941616536333026	0.758152
MATN2	Lymphocyte count	ukb-d-30120_irnt	Neale UKB, lymphocyte count	rs11991498	-0.0024109928866575974	0.007843785781065435	-0.3073761770085093	0.7585570590592923	0.8941616536333026	0.758557
CDH2	Lymphocyte count	ukb-d-30120_irnt	Neale UKB, lymphocyte count	rs17446875	-0.0016541422754078453	0.005382969962313404	-0.3072917528778027	0.7586213124716934	0.8941616536333026	0.758621
KIAA0319	Neutrophil count	ukb-d-30140_irnt	Neale UKB, neutrophil count	rs6935076	-0.0023709506403804515	0.007741330239220508	-0.3062717345874638	0.7593977583392411	0.8945965299148668	0.759397
UPK3A	Neutrophil count	ukb-d-30140_irnt	Neale UKB, neutrophil count	rs968415	-0.0013022864546492607	0.004256939481238022	-0.3059208288933729	0.7596649266094571	0.8945965299148668	0.759665
TXK	Lymphocyte count	ukb-d-30120_irnt	Neale UKB, lymphocyte count	rs4571301	-0.0029279352062714092	0.009635327674040286	-0.3038750009675247	0.7612231240731382	0.8960336107598591	0.761223
GHRL	Leukocyte count	ukb-d-30000_irnt	Neale UKB, white blood cell count	rs57221010	0.004082434277725027	0.013461952296923627	0.3032572235943786	0.7616938427354347	0.8960436938582874	0.761695
CKAP4	Leukocyte count	ukb-d-30000_irnt	Neale UKB, white blood cell count	rs3759303	-0.0034401580018130996	0.011364711631502416	-0.3027052611064193	0.7621144880126529	0.8960436938582874	0.762114
KLK1	Monocyte count	ukb-d-30130_irnt	Neale UKB, monocyte count	rs2288417	0.005497489169995557	0.018196464668923787	0.3021185307157086	0.7625617066385106	0.8960436938582874	0.762562
ARID3A	Neutrophil count	ukb-d-30140_irnt	Neale UKB, neutrophil count	rs71335282	-0.01187322811315582	0.03930356640233144	-0.30209034955289743	0.7625831889284143	0.8960436938582874	0.762583
LY9	Neutrophil count	ukb-d-30140_irnt	Neale UKB, neutrophil count	rs4656932	-0.003864102064706585	0.012816512520617928	-0.30149403423828464	0.7630377984921424	0.896104108013511	0.763038
LPP	Neutrophil count	ukb-d-30140_irnt	Neale UKB, neutrophil count	rs62289742	0.0026930647369748915	0.008943003013778567	0.3011365122907442	0.7633103996992916	0.896104108013511	0.76331
TNFAIP8L2	Monocyte count	ukb-d-30130_irnt	Neale UKB, monocyte count	rs61819214	-0.00574878149235401	0.019144910821185326	-0.3002772666871103	0.7639656721483308	0.8964469923552608	0.763966
NT5E	Lymphocyte count	ukb-d-30120_irnt	Neale UKB, lymphocyte count	rs7772233	0.0011783107532137428	0.003932240144975967	0.29965381303560856	0.7644412323097491	0.8964469923552608	0.764443
APOD	Leukocyte count	ukb-d-30000_irnt	Neale UKB, white blood cell count	rs7640745	-0.005238356784143146	0.01751075797679792	-0.299150772975337	0.7648250077462875	0.8964469923552608	0.764827
CYTL1	Neutrophil count	ukb-d-30140_irnt	Neale UKB, neutrophil count	rs56007654	0.0016105365864468927	0.00538675314960531	0.2989809522949641	0.7649545790723813	0.8964469923552608	0.764955
DENR	Lymphocyte count	ukb-d-30120_irnt	Neale UKB, lymphocyte count	rs7967318	0.0038782577031164825	0.013026353487831974	0.2977239721568431	0.7659138455426964	0.8967704003476494	0.765916
PHOSPHO1	Lymphocyte count	ukb-d-30120_irnt	Neale UKB, lymphocyte count	rs11650975	-0.004469803988479073	0.015016087461329323	-0.2976676847407878	0.7659568097868457	0.8967704003476494	0.765956
ADAMTS4	Monocyte count	ukb-d-30130_irnt	Neale UKB, monocyte count	rs112434951	0.0048898400081029076	0.01644803866290612	0.2972901577092321	0.7662449951688437	0.8967704003476494	0.766246
TXK	Neutrophil count	ukb-d-30140_irnt	Neale UKB, neutrophil count	rs4571301	0.002860366323367593	0.009643282803741986	0.2966174882123808	0.7667585577857481	0.8969756044322028	0.766759
AKAP12	Lymphocyte count	ukb-d-30120_irnt	Neale UKB, lymphocyte count	rs72994089	-0.00810893443194904	0.02754489144773278	-0.29438977631609026	0.7684600782865214	0.8985697211710117	0.768461
CD209	Lymphocyte count	ukb-d-30120_irnt	Neale UKB, lymphocyte count	rs10422720	0.003999362774229326	0.013642629611128148	0.2931518987341772	0.7694060488967234	0.8992793484680962	0.769407
SCT	Neutrophil count	ukb-d-30140_irnt	Neale UKB, neutrophil count	rs150657453	0.012759974729555722	0.043692384840100566	0.29204115948930087	0.7702551542714855	0.8998751846378764	0.770256
APP	Leukocyte count	ukb-d-30000_irnt	Neale UKB, white blood cell count	rs2830076	0.0033212191148427237	0.011408763078249737	0.291111235465523	0.7709662472287699	0.8998932129258725	0.770966
GGH	Lymphocyte count	ukb-d-30120_irnt	Neale UKB, lymphocyte count	rs61518338	-0.0031158257731738574	0.010718045562517644	-0.29070839034966345	0.7712743540489846	0.8998932129258725	0.771273
QPCT	Lymphocyte count	ukb-d-30120_irnt	Neale UKB, lymphocyte count	rs7593932	-0.004474255011355032	0.015391853560998228	-0.2906898115697027	0.7712885644722882	0.8998932129258725	0.771289
RARRES2	Leukocyte count	ukb-d-30000_irnt	Neale UKB, white blood cell count	rs11769348	0.011119374406725155	0.03852379696095285	0.28863651259494455	0.7728595511331162	0.9007164218578829	0.77286
CCL5	Leukocyte count	ukb-d-30000_irnt	Neale UKB, white blood cell count	rs8069014	0.0051740329080228265	0.017944495994652983	0.28833537088835265	0.7730900342270561	0.9007164218578829	0.77309
C2	Neutrophil count	ukb-d-30140_irnt	Neale UKB, neutrophil count	rs488755	-0.004474037841675362	0.015520800949044301	-0.28826075769954723	0.7731471435881556	0.9007164218578829	0.773147
KLF4	Lymphocyte count	ukb-d-30120_irnt	Neale UKB, lymphocyte count	rs77233150	-0.009602264937490185	0.033342095432154426	-0.2879922456292282	0.7733526744232275	0.9007164218578829	0.773353
IL15RA	Leukocyte count	ukb-d-30000_irnt	Neale UKB, white blood cell count	rs8177637	-0.002178317586034415	0.007587421583741502	-0.28709589443430467	0.7740388956854063	0.9011199084098759	0.774039
TNFRSF17	Leukocyte count	ukb-d-30000_irnt	Neale UKB, white blood cell count	rs12597429	0.009172637997540435	0.03204421484715457	0.2862494225960084	0.7746870928691731	0.9014787934572387	0.774687
DAPK2	Lymphocyte count	ukb-d-30120_irnt	Neale UKB, lymphocyte count	rs332280	-0.004007320712749689	0.01404650980207206	-0.2852894255737858	0.7754224135561179	0.901938702083695	0.775424
SORT1	Neutrophil count	ukb-d-30140_irnt	Neale UKB, neutrophil count	rs657420	0.008261077314843957	0.029129661594342826	0.28359674856120926	0.7767194291256581	0.90261869575117	0.776719
S100A13	Neutrophil count	ukb-d-30140_irnt	Neale UKB, neutrophil count	rs7345	0.0019499894031939926	0.006880245146910606	0.2834185936048491	0.7768559768331909	0.90261869575117	0.776857
CR1	Lymphocyte count	ukb-d-30120_irnt	Neale UKB, lymphocyte count	rs115290463	-0.005665079314277279	0.02003056607553569	-0.2828217281985015	0.7773134973635991	0.90261869575117	0.777313
BTLA	Monocyte count	ukb-d-30130_irnt	Neale UKB, monocyte count	rs3112269	-0.007746092176521235	0.027422880872507757	-0.2824682137713299	0.777584516342053	0.90261869575117	0.777583
SCPEP1	Lymphocyte count	ukb-d-30120_irnt	Neale UKB, lymphocyte count	rs8072896	0.004486357375666522	0.015891817633645496	0.28230611998517985	0.7777087932848505	0.90261869575117	0.777709
KAZN	Leukocyte count	ukb-d-30000_irnt	Neale UKB, white blood cell count	rs10803327	-0.0011826851643154635	0.0042251224069127045	-0.2799173728979964	0.7795408981741132	0.904349283446084	0.779541
CCDC50	Monocyte count	ukb-d-30130_irnt	Neale UKB, monocyte count	rs4687210	0.002941181918716173	0.010555298262775428	0.27864507903946373	0.7805172141908616	0.9048440834898035	0.780516
TNFAIP2	Leukocyte count	ukb-d-30000_irnt	Neale UKB, white blood cell count	rs749206	-0.004721831203107259	0.016975017944602135	-0.27816354707352453	0.7808868161997129	0.9048440834898035	0.780887
NPDC1	Neutrophil count	ukb-d-30140_irnt	Neale UKB, neutrophil count	rs10747042	0.0016712728081727387	0.0060111707909170425	0.2780278362241934	0.7809909906139367	0.9048440834898035	0.780993
SMAD1	Monocyte count	ukb-d-30130_irnt	Neale UKB, monocyte count	rs13110416	0.007150477869755332	0.02582000667490085	0.2769355546567762	0.7818295911923787	0.905420120455104	0.781829
GSTM4	Neutrophil count	ukb-d-30140_irnt	Neale UKB, neutrophil count	rs11101980	-0.0009974803739646813	0.0036146267247793313	-0.27595667545051317	0.7825813425541364	0.9056770298784035	0.782582
TJP3	Lymphocyte count	ukb-d-30120_irnt	Neale UKB, lymphocyte count	rs8110279	0.005566925524739892	0.020227758960563443	0.2752121742993533	0.7831532342535357	0.9056770298784035	0.783154
GHRL	Lymphocyte count	ukb-d-30120_irnt	Neale UKB, lymphocyte count	rs57221010	0.003695966562414298	0.013432719904491668	0.2751465517551982	0.7832036481118627	0.9056770298784035	0.783204
EDN1	Monocyte count	ukb-d-30130_irnt	Neale UKB, monocyte count	rs557768	0.0053222115375992475	0.019362773051222908	0.27486824968302304	0.7834174609883324	0.9056770298784035	0.783419
CYTL1	Leukocyte count	ukb-d-30000_irnt	Neale UKB, white blood cell count	rs56007654	0.0014759856994746641	0.005394372755229377	0.27361581530379486	0.7843798788081149	0.9063505265089417	0.784381
HRAS	Leukocyte count	ukb-d-30000_irnt	Neale UKB, white blood cell count	rs1870726	-0.0023512734519748925	0.008605765909628929	-0.2732207076820518	0.7846835629202602	0.9063505265089417	0.784684
HMOX1	Lymphocyte count	ukb-d-30120_irnt	Neale UKB, lymphocyte count	rs133415	0.003128878610727005	0.011538122081596502	0.2711774575273058	0.7862545498965376	0.9074252864294544	0.786254
PTPRM	Lymphocyte count	ukb-d-30120_irnt	Neale UKB, lymphocyte count	rs13381562	0.001376196688888188	0.005079677928850477	0.27092203642911256	0.7864509960195922	0.9074252864294544	0.786452
ACY3	Monocyte count	ukb-d-30130_irnt	Neale UKB, monocyte count	rs61894523	0.0021587819669460703	0.007975532335876296	0.2706755958138659	0.7866405480774192	0.9074252864294544	0.78664
IMPACT	Monocyte count	ukb-d-30130_irnt	Neale UKB, monocyte count	rs542576	-0.009587752101819032	0.035801716713201565	-0.26780146266795174	0.7888521447912866	0.9095808208636922	0.788851
CCL25	Monocyte count	ukb-d-30130_irnt	Neale UKB, monocyte count	rs34557377	0.011985039620768217	0.045190536569707	0.26521127055619564	0.7908467130461647	0.9114843472396476	0.790846
PKD2	Monocyte count	ukb-d-30130_irnt	Neale UKB, monocyte count	rs74584966	-0.0017914035399708961	0.006807348780207806	-0.2631573021760478	0.7924293391089114	0.9126210471657529	0.79243
CPPED1	Lymphocyte count	ukb-d-30120_irnt	Neale UKB, lymphocyte count	rs10852358	0.002527395394636882	0.009610162472561167	0.2629919527222432	0.7925567816560859	0.9126210471657529	0.792558
LGMN	Leukocyte count	ukb-d-30000_irnt	Neale UKB, white blood cell count	rs2402189	-0.0032738763535086514	0.01247745554521211	-0.2623833314128628	0.7930259222441973	0.9126210471657529	0.793025
TGFBR2	Lymphocyte count	ukb-d-30120_irnt	Neale UKB, lymphocyte count	rs3821669	-0.0022081920970358883	0.008435935022575147	-0.26176020691560725	0.7935063198757781	0.9126210471657529	0.793506
NEDD4L	Leukocyte count	ukb-d-30000_irnt	Neale UKB, white blood cell count	rs6566924	0.004124960419546528	0.01578856144967359	0.26126258764580523	0.793890015578822	0.9126210471657529	0.793889
FASLG	Monocyte count	ukb-d-30130_irnt	Neale UKB, monocyte count	rs4916193	0.003821676437042827	0.014628281239219052	0.26125259519872696	0.79389772089419	0.9126210471657529	0.793899
NFE2	Leukocyte count	ukb-d-30000_irnt	Neale UKB, white blood cell count	rs35979828	0.000799059726050036	0.003072540941241858	0.2600647937101442	0.794813794304638	0.9129003905846422	0.794814
SH3BGRL2	Neutrophil count	ukb-d-30140_irnt	Neale UKB, neutrophil count	rs2245410	-0.002839212278412139	0.010927066590355628	-0.25983298032777297	0.7949926098130351	0.9129003905846422	0.794993
SH3BGRL2	Lymphocyte count	ukb-d-30120_irnt	Neale UKB, lymphocyte count	rs2245410	0.0028299821109973936	0.01091802814748659	0.25920267586495244	0.7954788666022989	0.9129003905846422	0.795479
CXCL10	Neutrophil count	ukb-d-30140_irnt	Neale UKB, neutrophil count	rs6816898	0.0033518644346786234	0.012933950452579203	0.25915241031484054	0.7955176480547166	0.9129003905846422	0.795518
NRCAM	Lymphocyte count	ukb-d-30120_irnt	Neale UKB, lymphocyte count	rs2267886	0.007379654067392202	0.02855465981269168	0.2584395722379494	0.7960676793837809	0.9129526266644671	0.796068
CD40	Neutrophil count	ukb-d-30140_irnt	Neale UKB, neutrophil count	rs745307	0.001314962720582341	0.0050929632515802825	0.2581920692583683	0.7962586782962202	0.9129526266644671	0.796259
SIGLEC5	Neutrophil count	ukb-d-30140_irnt	Neale UKB, neutrophil count	rs2053924	0.0016537800630828704	0.006416090574780122	0.25775509927858914	0.796595919344486	0.9129526266644671	0.796596
TIMP2	Monocyte count	ukb-d-30130_irnt	Neale UKB, monocyte count	rs7222767	0.0012755870091090153	0.004974992458372571	0.25639978749360515	0.7976421519293695	0.9135872543914548	0.797642
NINJ1	Monocyte count	ukb-d-30130_irnt	Neale UKB, monocyte count	rs12235416	-0.0014870229729310337	0.005805388443817346	-0.25614530144226466	0.797838642975343	0.9135872543914548	0.797839
TLR4	Lymphocyte count	ukb-d-30120_irnt	Neale UKB, lymphocyte count	rs2770150	0.0010568374810675004	0.004148242454146107	0.25476752932105184	0.7989026557243935	0.9144108083647351	0.798903
PRKG1	Monocyte count	ukb-d-30130_irnt	Neale UKB, monocyte count	rs10490973	0.004265770582775961	0.01677718297238451	0.25426024081620147	0.7992945138552976	0.9144646465678384	0.799294
CD274	Leukocyte count	ukb-d-30000_irnt	Neale UKB, white blood cell count	rs2890658	-0.0033240551754378316	0.013161486887105276	-0.25255924379596606	0.800608827843369	0.9155733555155734	0.800609
GABARAPL1	Lymphocyte count	ukb-d-30120_irnt	Neale UKB, lymphocyte count	rs10734821	-0.004214653258072534	0.01674522313748721	-0.2516928692719102	0.8012784691024377	0.9159441810602005	0.801279
NCF2	Leukocyte count	ukb-d-30000_irnt	Neale UKB, white blood cell count	rs10797890	-0.0040856618107372525	0.016359272756933604	-0.2497459313407201	0.8027838353721577	0.9170551070449033	0.802784
ITGA6	Lymphocyte count	ukb-d-30120_irnt	Neale UKB, lymphocyte count	rs12613850	0.023961942698640267	0.0960238643509185	0.24954153699825624	0.8029419149918045	0.9170551070449033	0.802943
CST7	Leukocyte count	ukb-d-30000_irnt	Neale UKB, white blood cell count	rs227653	0.001120048747564899	0.004501339968032861	0.24882562870592811	0.8034956656299475	0.9172370499205701	0.803496
SCARB1	Monocyte count	ukb-d-30130_irnt	Neale UKB, monocyte count	rs7954697	0.0018236747393478529	0.007347598921576675	0.24820009350163633	0.8039795940102354	0.9172370499205701	0.80398
SERPINE2	Monocyte count	ukb-d-30130_irnt	Neale UKB, monocyte count	rs10194024	0.0008529582840444431	0.003449980965545823	0.24723564928697983	0.8047258573431744	0.9172370499205701	0.804726
COL24A1	Neutrophil count	ukb-d-30140_irnt	Neale UKB, neutrophil count	rs114744497	-0.004131137695192681	0.01672465517974921	-0.24700884118644223	0.8049013817724144	0.9172370499205701	0.804901
ACVRL1	Lymphocyte count	ukb-d-30120_irnt	Neale UKB, lymphocyte count	rs2293092	0.001777023156939671	0.0072029791155561965	0.2467066929434591	0.8051352264287162	0.9172370499205701	0.805135
SCARA5	Leukocyte count	ukb-d-30000_irnt	Neale UKB, white blood cell count	rs4732769	-0.0034460564230698494	0.013971246126839641	-0.24665347613122057	0.805176414862401	0.9172370499205701	0.805176
CLINT1	Leukocyte count	ukb-d-30000_irnt	Neale UKB, white blood cell count	rs11750888	0.009047494408384782	0.036814809222935084	0.2457569276971379	0.8058704013100983	0.9176334496669732	0.805871
COCH	Monocyte count	ukb-d-30130_irnt	Neale UKB, monocyte count	rs179661	0.0015629124019327751	0.006381308567870352	0.2449203616013775	0.8065180954811124	0.9179768194059701	0.806518
ANXA1	Lymphocyte count	ukb-d-30120_irnt	Neale UKB, lymphocyte count	rs7867580	-0.0017296230389839233	0.007117483495015161	-0.24301047416482124	0.8079972834217537	0.9183931141083826	0.807998
ALDH1A1	Lymphocyte count	ukb-d-30120_irnt	Neale UKB, lymphocyte count	rs7867580	-0.001880907396769545	0.007740026034819489	-0.24301047416482122	0.8079972834217537	0.9183931141083826	0.807998
ADAMTS1	Monocyte count	ukb-d-30130_irnt	Neale UKB, monocyte count	rs462404	0.00233893687928369	0.009637696878390356	0.24268628789602775	0.8082484306237665	0.9183931141083826	0.808248
NPL	Neutrophil count	ukb-d-30140_irnt	Neale UKB, neutrophil count	rs74770891	0.0023721580189279765	0.009786496096534158	0.24239094314542925	0.8084772514946006	0.9183931141083826	0.808477
TGFA	Monocyte count	ukb-d-30130_irnt	Neale UKB, monocyte count	rs113971512	-0.0031844955312570625	0.013147516765832394	-0.24221269978015092	0.8086153549936175	0.9183931141083826	0.808616
MPO	Leukocyte count	ukb-d-30000_irnt	Neale UKB, white blood cell count	rs12940119	0.0019774666108086803	0.008180927809207423	0.24171666795336988	0.808999713326167	0.9184363183822752	0.809
CLINT1	Neutrophil count	ukb-d-30140_irnt	Neale UKB, neutrophil count	rs11750888	0.008864202353547599	0.03676440238498966	0.2411082943963946	0.809471184392959	0.9185783401840509	0.809471
VMO1	Lymphocyte count	ukb-d-30120_irnt	Neale UKB, lymphocyte count	rs9895322	-0.0021362124163682356	0.008887920974682613	-0.2403500686440925	0.8100588831642614	0.9188520779091623	0.810059
MPO	Lymphocyte count	ukb-d-30120_irnt	Neale UKB, lymphocyte count	rs12940119	-0.0019569350272973926	0.008162409720473851	-0.23974966882497867	0.8105243274776059	0.9189869672811505	0.810525
TFF3	Leukocyte count	ukb-d-30000_irnt	Neale UKB, white blood cell count	rs78800314	-0.003049558127491264	0.01279502567730169	-0.23833935190151	0.811617902184431	0.9193011118672954	0.811618
CKAP4	Monocyte count	ukb-d-30130_irnt	Neale UKB, monocyte count	rs3759303	-0.0026328904284970947	0.011057477447929185	-0.23810950019076688	0.8117961665363609	0.9193011118672954	0.811796
TFRC	Leukocyte count	ukb-d-30000_irnt	Neale UKB, white blood cell count	rs28429906	0.0018691479893164671	0.007851871510627176	0.2380512705520785	0.8118413288058846	0.9193011118672954	0.811841
NOTCH1	Leukocyte count	ukb-d-30000_irnt	Neale UKB, white blood cell count	rs10870084	-0.002600202950301561	0.011065457498502969	-0.23498377275890664	0.8142213280887793	0.9210382654787648	0.814222
TMEM106A	Lymphocyte count	ukb-d-30120_irnt	Neale UKB, lymphocyte count	rs2171462	-0.0031294882845786976	0.01333771235740523	-0.23463456106407743	0.8144923824196961	0.9210382654787648	0.814493
NOTCH1	Neutrophil count	ukb-d-30140_irnt	Neale UKB, neutrophil count	rs10870084	0.0025884354860421298	0.011049420198399943	0.23425984708382788	0.814783256049699	0.9210382654787648	0.814783
CKAP4	Neutrophil count	ukb-d-30140_irnt	Neale UKB, neutrophil count	rs3759303	-0.0026584247216117803	0.01135659043955764	-0.23408651881570633	0.8149178116375821	0.9210382654787648	0.814917
CDH23	Neutrophil count	ukb-d-30140_irnt	Neale UKB, neutrophil count	rs9415998	-0.001189080139949579	0.005085092297093046	-0.23383649115461108	0.815111918958771	0.9210382654787648	0.815112
VNN2	Monocyte count	ukb-d-30130_irnt	Neale UKB, monocyte count	rs2300079	0.0007836728041315143	0.0033755642629066307	0.23216053468249168	0.8164133291169118	0.921826275967413	0.816413
PTPRN2	Monocyte count	ukb-d-30130_irnt	Neale UKB, monocyte count	rs123776	-0.0016430736411471969	0.007080896832551311	-0.23204315498481606	0.8165044955684211	0.921826275967413	0.816505
MAP1LC3A	Lymphocyte count	ukb-d-30120_irnt	Neale UKB, lymphocyte count	rs6059919	-0.0010563408569720513	0.004561663727130141	-0.2315692081135981	0.8168726258181291	0.9218494483700759	0.816873
CRTAP	Leukocyte count	ukb-d-30000_irnt	Neale UKB, white blood cell count	rs55680037	0.004095772887983221	0.01772914405985766	0.2310192118781906	0.8172998767756532	0.9219392910289376	0.8173
LEPR	Monocyte count	ukb-d-30130_irnt	Neale UKB, monocyte count	rs6656451	-0.0012576410502758975	0.005461987520450269	-0.23025337307475602	0.8178948900902259	0.9222182179078566	0.817895
KIAA0319	Monocyte count	ukb-d-30130_irnt	Neale UKB, monocyte count	rs6935076	0.00171794209460273	0.0075374299856779264	0.2279214663177022	0.8197072941853618	0.9233584751257448	0.819707
AMY2B	Leukocyte count	ukb-d-30000_irnt	Neale UKB, white blood cell count	rs11184556	-0.0021561033720440574	0.009505976299184787	-0.22681556361853755	0.8205671610605774	0.9233584751257448	0.820567
CD200R1	Monocyte count	ukb-d-30130_irnt	Neale UKB, monocyte count	rs61629858	-0.0014427154477506656	0.006366191210919902	-0.22662144443226612	0.8207181158430998	0.9233584751257448	0.820719
MSLN	Neutrophil count	ukb-d-30140_irnt	Neale UKB, neutrophil count	rs73493221	-0.0015866252673890676	0.007011607215518943	-0.22628553177898433	0.8209793505380014	0.9233584751257448	0.820979
PADI2	Monocyte count	ukb-d-30130_irnt	Neale UKB, monocyte count	rs2235910	0.0006822413623001229	0.0030152627698413663	0.22626265582021424	0.8209971415820672	0.9233584751257448	0.820997
TYMP	Lymphocyte count	ukb-d-30120_irnt	Neale UKB, lymphocyte count	rs140522	0.000878176869492946	0.0038870479260396536	0.22592385949500826	0.8212606403463805	0.9233584751257448	0.821261
GNLY	Neutrophil count	ukb-d-30140_irnt	Neale UKB, neutrophil count	rs12151742	0.0007848399974596049	0.003475550213386891	0.2258174819159887	0.8213433796461658	0.9233584751257448	0.821343
CLASP1	Leukocyte count	ukb-d-30000_irnt	Neale UKB, white blood cell count	rs114514102	0.0027722171901059917	0.01233130767396547	0.2248112903677562	0.8221260824470886	0.9238467672244403	0.822126
ASGR2	Neutrophil count	ukb-d-30140_irnt	Neale UKB, neutrophil count	rs552653	0.0008630768593565746	0.0038515338480705134	0.22408653108136295	0.8226899726465646	0.9240888638113891	0.82269
CPVL	Monocyte count	ukb-d-30130_irnt	Neale UKB, monocyte count	rs245883	0.0009666276393307654	0.004331883815945704	0.22314255884993964	0.8234245561154485	0.9241776334512244	0.823425
ARID3A	Monocyte count	ukb-d-30130_irnt	Neale UKB, monocyte count	rs71335282	-0.008537266433870256	0.03826837317738093	-0.22308934833206678	0.823465968267437	0.9241776334512244	0.823466
IL4R	Monocyte count	ukb-d-30130_irnt	Neale UKB, monocyte count	rs1110470	0.0022298249330876163	0.010037940254449505	0.2221396896738058	0.8242051417248768	0.9246159204121714	0.824205
RNASE1	Leukocyte count	ukb-d-30000_irnt	Neale UKB, white blood cell count	rs72669447	0.0026472744921397194	0.012000074118994033	0.2206048450942102	0.8254001281653813	0.9255649640146263	0.8254
CLEC11A	Monocyte count	ukb-d-30130_irnt	Neale UKB, monocyte count	rs141369989	0.0014943733036794635	0.006813319343487779	0.21933117007172084	0.8263920827653297	0.9262856312314685	0.826392
ECHDC3	Monocyte count	ukb-d-30130_irnt	Neale UKB, monocyte count	rs3829154	-0.0010906251388769714	0.005103284011962154	-0.21371045317496223	0.8307728592104529	0.9301795430365534	0.830773
ACSL1	Neutrophil count	ukb-d-30140_irnt	Neale UKB, neutrophil count	rs2046814	0.008313261128142988	0.03893501771466582	0.21351630527219706	0.8309242725676929	0.9301795430365534	0.830925
SH3BGRL2	Leukocyte count	ukb-d-30000_irnt	Neale UKB, white blood cell count	rs2245410	-0.0023330731723563763	0.010942861041025766	-0.21320504423929684	0.8311670339873547	0.9301795430365534	0.831167
SLAMF8	Leukocyte count	ukb-d-30000_irnt	Neale UKB, white blood cell count	rs75087057	0.0018929703238729524	0.008899393244471657	0.21270779612406432	0.8315548854920138	0.9301795430365534	0.831555
PKD2	Lymphocyte count	ukb-d-30120_irnt	Neale UKB, lymphocyte count	rs74584966	-0.0014820014330620972	0.006985710796259461	-0.21214755037606814	0.8319919240391971	0.9301795430365534	0.831992
BLNK	Neutrophil count	ukb-d-30140_irnt	Neale UKB, neutrophil count	rs4917727	0.00841395111051423	0.03972194723082743	0.21182121464539705	0.8322465171569176	0.9301795430365534	0.832247
SIGLEC10	Leukocyte count	ukb-d-30000_irnt	Neale UKB, white blood cell count	rs35935019	0.0021658209588991503	0.010229387600329426	0.21172537824545845	0.8323212879433413	0.9301795430365534	0.832322
RARRES2	Neutrophil count	ukb-d-30140_irnt	Neale UKB, neutrophil count	rs11769348	0.008094045647082668	0.038470072315657494	0.2103985035606069	0.8333566605017677	0.9309443402066925	0.833357
RNASE3	Neutrophil count	ukb-d-30140_irnt	Neale UKB, neutrophil count	rs11626267	0.0011619823504823918	0.005558615784549763	0.20904167431613735	0.8344157058166852	0.9317349270845681	0.834416
PLXDC2	Monocyte count	ukb-d-30130_irnt	Neale UKB, monocyte count	rs4634985	-0.00474695053481813	0.022828923691190047	-0.20793580104917667	0.835279094875149	0.9320283916190787	0.835279
PPM1F	Neutrophil count	ukb-d-30140_irnt	Neale UKB, neutrophil count	rs62234965	0.0007742362946593249	0.0037408357008291387	0.20696880498860698	0.8360342210109895	0.9320283916190787	0.836035
FOLR3	Monocyte count	ukb-d-30130_irnt	Neale UKB, monocyte count	rs146694036	-0.000734496111905494	0.0035490619910407907	-0.20695499649193144	0.8360450051466835	0.9320283916190787	0.836045
IL5RA	Monocyte count	ukb-d-30130_irnt	Neale UKB, monocyte count	rs1153465	-0.01061560434296367	0.05130673579220981	-0.20690469153906876	0.8360842924818206	0.9320283916190787	0.836085
THBD	Neutrophil count	ukb-d-30140_irnt	Neale UKB, neutrophil count	rs844887	-0.0017361554785982206	0.008410484250806718	-0.2064275286445833	0.8364569691223587	0.932052051307771	0.836457
TNFRSF21	Neutrophil count	ukb-d-30140_irnt	Neale UKB, neutrophil count	rs6938470	0.010986329779204879	0.05352404061460974	0.20525972353825037	0.8373692100061718	0.9326766673399276	0.837369
COCH	Lymphocyte count	ukb-d-30120_irnt	Neale UKB, lymphocyte count	rs179661	-0.0013282761652656607	0.006548505663193851	-0.20283652997832655	0.8392628045861275	0.9343933491865702	0.839263
SNED1	Monocyte count	ukb-d-30130_irnt	Neale UKB, monocyte count	rs111678023	-0.0056368348300481165	0.028177356697395267	-0.2000483895840091	0.841442736518355	0.9353357694671368	0.841443
SORBS1	Monocyte count	ukb-d-30130_irnt	Neale UKB, monocyte count	rs7070798	-0.0066557772015784	0.03340759531472904	-0.19922946081198312	0.8420832549391368	0.9353357694671368	0.842084
PIK3AP1	Monocyte count	ukb-d-30130_irnt	Neale UKB, monocyte count	rs67353574	0.004782044206449231	0.024060171223448307	0.1987535401156579	0.8424555404512812	0.9353357694671368	0.842456
PPIF	Lymphocyte count	ukb-d-30120_irnt	Neale UKB, lymphocyte count	rs7086293	-0.0034140396739794424	0.01720273967002088	-0.19845906753614778	0.8426859071316841	0.9353357694671368	0.842686
PTPRM	Neutrophil count	ukb-d-30140_irnt	Neale UKB, neutrophil count	rs13381562	0.001008929354615279	0.0050838886389176505	0.1984562263799071	0.8426881298413569	0.9353357694671368	0.842688
PRTN3	Neutrophil count	ukb-d-30140_irnt	Neale UKB, neutrophil count	rs62132278	0.002016860738185293	0.010168435778661087	0.19834523048449246	0.8427749657686314	0.9353357694671368	0.842775
ARHGAP25	Neutrophil count	ukb-d-30140_irnt	Neale UKB, neutrophil count	rs4341972	-0.002628127768462327	0.013270902180759088	-0.19803685783116814	0.8430162263894976	0.9353357694671368	0.843016
EGLN1	Neutrophil count	ukb-d-30140_irnt	Neale UKB, neutrophil count	rs74143867	-0.001258155211205949	0.006355587543404034	-0.19796048793501234	0.8430759779614347	0.9353357694671368	0.843076
KLK1	Neutrophil count	ukb-d-30140_irnt	Neale UKB, neutrophil count	rs2288417	0.0036946718962554284	0.018688722113107528	0.19769526636945028	0.843283493512792	0.9353357694671368	0.843283
SCT	Lymphocyte count	ukb-d-30120_irnt	Neale UKB, lymphocyte count	rs150657453	0.008539428969168936	0.04365624650507042	0.19560611946281573	0.8449184701728043	0.9364225780993918	0.844919
PARD3	Leukocyte count	ukb-d-30000_irnt	Neale UKB, white blood cell count	rs11009923	-0.0038009442835581038	0.019438106384834015	-0.1955408725678996	0.8449695435112536	0.9364225780993918	0.84497
CLEC4C	Leukocyte count	ukb-d-30000_irnt	Neale UKB, white blood cell count	rs10845821	0.0005100520992547836	0.002627172142027873	0.19414491007090323	0.8460624174117535	0.9369053595244691	0.846062
NEDD4L	Monocyte count	ukb-d-30130_irnt	Neale UKB, monocyte count	rs6566924	-0.002979166620122221	0.015350047376971003	-0.19408191694520324	0.8461117405961929	0.9369053595244691	0.846111
LRIG1	Monocyte count	ukb-d-30130_irnt	Neale UKB, monocyte count	rs17775391	-0.001492125725230145	0.007707183745985939	-0.19360194000918624	0.8464875790264519	0.9369303253665069	0.846488
CD38	Neutrophil count	ukb-d-30140_irnt	Neale UKB, neutrophil count	rs10000290	-0.006565317377688438	0.0344972641723588	-0.19031414621420759	0.8490629691558427	0.9383363796710648	0.849063
TGFBR1	Monocyte count	ukb-d-30130_irnt	Neale UKB, monocyte count	rs41283642	0.0031236013305331635	0.01644849296293503	0.18990197689064128	0.8493859433247009	0.9383363796710648	0.849386
TLR2	Monocyte count	ukb-d-30130_irnt	Neale UKB, monocyte count	rs1439164	-0.0031534178014586516	0.016608143042817904	-0.18987178719070155	0.8494096008424095	0.9383363796710648	0.84941
IL10RB	Neutrophil count	ukb-d-30140_irnt	Neale UKB, neutrophil count	rs2515716	-0.0022403611349669722	0.011830386664189809	-0.1893734497916684	0.8498001319489634	0.9383363796710648	0.8498
IGF2R	Lymphocyte count	ukb-d-30120_irnt	Neale UKB, lymphocyte count	rs6455672	-0.005836803337200272	0.030833581186800622	-0.1893002081671563	0.849857532180093	0.9383363796710648	0.849857
SPRY2	Lymphocyte count	ukb-d-30120_irnt	Neale UKB, lymphocyte count	rs7995973	-0.0035660050968097617	0.01886838977546912	-0.18899360990761074	0.8500978250947189	0.9383363796710648	0.850098
CAT	Neutrophil count	ukb-d-30140_irnt	Neale UKB, neutrophil count	rs11032695	0.0007047572372923842	0.003732448251366952	0.18881902435868403	0.8502346607652973	0.9383363796710648	0.850235
CFD	Leukocyte count	ukb-d-30000_irnt	Neale UKB, white blood cell count	rs71335276	0.0005258462333704221	0.0027992867026091282	0.18785008083677074	0.8509941756979811	0.9384058498490442	0.850994
VAT1	Monocyte count	ukb-d-30130_irnt	Neale UKB, monocyte count	rs4520874	-0.0015414157792213762	0.008210810416332894	-0.1877300413799838	0.8510882793248489	0.9384058498490442	0.851088
PIK3AP1	Lymphocyte count	ukb-d-30120_irnt	Neale UKB, lymphocyte count	rs67353574	-0.004626631543996144	0.024690574068094086	-0.18738452703595979	0.8513591533698341	0.9384058498490442	0.851359
C1R	Monocyte count	ukb-d-30130_irnt	Neale UKB, monocyte count	rs6488561	0.004528099083675054	0.024333319753549548	0.18608636756250782	0.8523770323057407	0.9391374697444222	0.852377
NT5E	Monocyte count	ukb-d-30130_irnt	Neale UKB, monocyte count	rs7772233	0.0007100176837509631	0.0038318363492675705	0.18529436516428427	0.8529981574523184	0.9391682155966246	0.852998
CD300C	Leukocyte count	ukb-d-30000_irnt	Neale UKB, white blood cell count	rs72844303	-0.000852507471848102	0.004604473028963562	-0.185147674117226	0.8531132094163909	0.9391682155966246	0.853113
C5	Neutrophil count	ukb-d-30140_irnt	Neale UKB, neutrophil count	rs10733650	0.0007840703024070925	0.004310913759611598	0.18188030337163025	0.8556766623032588	0.9413844342039426	0.855676
CRIP2	Lymphocyte count	ukb-d-30120_irnt	Neale UKB, lymphocyte count	rs7143148	-0.0012164929787359853	0.00675966778960686	-0.17996342669478083	0.8571812806401824	0.9413844342039426	0.857181
SELP	Leukocyte count	ukb-d-30000_irnt	Neale UKB, white blood cell count	rs10919218	-0.003634593032515329	0.020213473476776066	-0.17981041391481947	0.8573014077512942	0.9413844342039426	0.857301
BLNK	Leukocyte count	ukb-d-30000_irnt	Neale UKB, white blood cell count	rs4917727	-0.007141208051808682	0.03978147170794823	-0.17951090659076568	0.8575365542077167	0.9413844342039426	0.857537
GNLY	Monocyte count	ukb-d-30130_irnt	Neale UKB, monocyte count	rs12151742	0.0006057023110321532	0.0033840045373535756	0.17898980463715222	0.8579457071394356	0.9413844342039426	0.857946
LRIG1	Neutrophil count	ukb-d-30140_irnt	Neale UKB, neutrophil count	rs17775391	-0.0014140356872754014	0.007915683847324958	-0.17863721120611245	0.8582225741118275	0.9413844342039426	0.858222
TGFBR3	Neutrophil count	ukb-d-30140_irnt	Neale UKB, neutrophil count	rs36048657	-0.004071547086335857	0.02283972449496863	-0.17826603325415677	0.858514053051056	0.9413844342039426	0.858514
VWA5A	Lymphocyte count	ukb-d-30120_irnt	Neale UKB, lymphocyte count	rs592139	-0.0017474304179994765	0.009802883795963224	-0.17825677161643588	0.8585213262846332	0.9413844342039426	0.858521
IL1RAP	Neutrophil count	ukb-d-30140_irnt	Neale UKB, neutrophil count	rs78888631	0.0026306662100975607	0.01479405788167164	0.17781911028999647	0.8588650386874557	0.9413844342039426	0.858865
GPNMB	Neutrophil count	ukb-d-30140_irnt	Neale UKB, neutrophil count	rs858239	-0.0010573577368087658	0.005946284585000819	-0.17781821937616196	0.8588657383839244	0.9413844342039426	0.858866
EFNA1	Lymphocyte count	ukb-d-30120_irnt	Neale UKB, lymphocyte count	rs79976845	-0.006018566246506459	0.034021028023755444	-0.1769072422592271	0.859581249849223	0.9413844342039426	0.859581
LDLR	Neutrophil count	ukb-d-30140_irnt	Neale UKB, neutrophil count	rs8110515	-0.0068524128261988615	0.038750637015148554	-0.176833553046369	0.8596391328358799	0.9413844342039426	0.859639
MERTK	Monocyte count	ukb-d-30130_irnt	Neale UKB, monocyte count	rs55812028	-0.0009577259647934287	0.005430743660177399	-0.17635263689874545	0.8600169116978054	0.9413844342039426	0.860017
ACSL1	Monocyte count	ukb-d-30130_irnt	Neale UKB, monocyte count	rs2046814	0.0066615630457311755	0.037909540638827274	0.1757225999965915	0.8605118793455255	0.9413844342039426	0.860512
TIMP2	Neutrophil count	ukb-d-30140_irnt	Neale UKB, neutrophil count	rs7222767	-0.0008967384260552365	0.005109579699256538	-0.17550140693288632	0.8606856653649646	0.9413844342039426	0.860686
GALNT3	Lymphocyte count	ukb-d-30120_irnt	Neale UKB, lymphocyte count	rs12618003	0.005281615230754469	0.030301522979734426	0.17430197268588773	0.8616281489968443	0.9413844342039426	0.861628
APPL2	Leukocyte count	ukb-d-30000_irnt	Neale UKB, white blood cell count	rs1196796	-0.0009543585627145798	0.0054845736438871055	-0.17400779434847613	0.8618593366785143	0.9413844342039426	0.861859
F12	Leukocyte count	ukb-d-30000_irnt	Neale UKB, white blood cell count	rs2731673	-0.004686536325089537	0.02693430690009239	-0.17399877199266117	0.8618664273181487	0.9413844342039426	0.861867
PGLYRP1	Leukocyte count	ukb-d-30000_irnt	Neale UKB, white blood cell count	rs12980641	0.0009507931283915996	0.005464542300545428	0.1739931866382842	0.8618708168352838	0.9413844342039426	0.861871
CEACAM1	Monocyte count	ukb-d-30130_irnt	Neale UKB, monocyte count	rs139190152	-0.009684601811337375	0.05612941315183631	-0.17254058554183435	0.8630125571202814	0.941532837732341	0.863012
IL16	Lymphocyte count	ukb-d-30120_irnt	Neale UKB, lymphocyte count	rs4778641	0.001176809800592046	0.006834688382818434	0.1721819247166266	0.8632945076436069	0.941532837732341	0.863295
PLXNA4	Monocyte count	ukb-d-30130_irnt	Neale UKB, monocyte count	rs11765742	0.0027133454702902267	0.015761964824913773	0.17214512914033675	0.8633234343751861	0.941532837732341	0.863323
MAPT	Neutrophil count	ukb-d-30140_irnt	Neale UKB, neutrophil count	rs17698176	0.008766249021578248	0.05096251875919073	0.17201365307316796	0.8634267953865209	0.941532837732341	0.863427
PXN	Leukocyte count	ukb-d-30000_irnt	Neale UKB, white blood cell count	rs2238155	-0.004484742945503719	0.02618561949988677	-0.1712673990975509	0.8640135134371862	0.9417853833273399	0.864014
TFRC	Neutrophil count	ukb-d-30140_irnt	Neale UKB, neutrophil count	rs28429906	0.0013313672627213438	0.00784001294601841	0.16981697248312394	0.8651540786881355	0.9425050994762121	0.865154
EPHA1	Neutrophil count	ukb-d-30140_irnt	Neale UKB, neutrophil count	rs7794735	-0.0007292037031178917	0.004304929662397239	-0.1693880644525625	0.8654914110386718	0.9425050994762121	0.865492
ADAM15	Leukocyte count	ukb-d-30000_irnt	Neale UKB, white blood cell count	rs41264285	-0.0006656980919675298	0.003955981335717892	-0.1682763480092925	0.8663658800741996	0.9425050994762121	0.866366
ADAM9	Monocyte count	ukb-d-30130_irnt	Neale UKB, monocyte count	rs10093975	-0.002553474866366515	0.015217621276427512	-0.16779724110508082	0.8667427930059377	0.9425050994762121	0.866743
EPHX2	Leukocyte count	ukb-d-30000_irnt	Neale UKB, white blood cell count	rs1126452	0.0008362078038129162	0.004993557879631068	0.1674573168008812	0.8670102295041966	0.9425050994762121	0.86701
ARHGAP25	Leukocyte count	ukb-d-30000_irnt	Neale UKB, white blood cell count	rs4341972	0.002222574935403058	0.013290052189816564	0.16723598249720156	0.8671843731378901	0.9425050994762121	0.867184
PDGFB	Lymphocyte count	ukb-d-30120_irnt	Neale UKB, lymphocyte count	rs5757573	0.0011669180950421108	0.006993590105750661	0.16685537433521905	0.8674838469310695	0.9425050994762121	0.867484
MARCO	Monocyte count	ukb-d-30130_irnt	Neale UKB, monocyte count	rs4491733	0.0005633645752620003	0.0033772160536946847	0.16681330607962666	0.867516948650616	0.9425050994762121	0.867517
DOK2	Leukocyte count	ukb-d-30000_irnt	Neale UKB, white blood cell count	rs11135701	-0.0009548250034730342	0.005742820369846353	-0.16626412493876772	0.8679490972016479	0.9425496374310847	0.867949
LAG3	Leukocyte count	ukb-d-30000_irnt	Neale UKB, white blood cell count	rs67706382	0.00642008489871011	0.038708341162230216	0.16585791862800175	0.868268764797941	0.9425496374310847	0.868269
C4BPB	Monocyte count	ukb-d-30130_irnt	Neale UKB, monocyte count	rs12711513	-0.0015046234230020564	0.009121380044578391	-0.16495567728223115	0.8689788684595228	0.9429345168390567	0.868979
CDHR1	Neutrophil count	ukb-d-30140_irnt	Neale UKB, neutrophil count	rs7099098	-0.0021305172187618213	0.01297265203061227	-0.1642314319180322	0.8695489579462605	0.9430384757147822	0.869549
CPXM1	Monocyte count	ukb-d-30130_irnt	Neale UKB, monocyte count	rs34211052	0.00539295903737794	0.033017799557657	0.163334901466118	0.8702547554764597	0.9430384757147822	0.870255
CYB5R2	Neutrophil count	ukb-d-30140_irnt	Neale UKB, neutrophil count	rs35045958	0.0008218787302130182	0.005039485919128194	0.16308781161456226	0.8704492962382693	0.9430384757147822	0.870449
CXCL1	Lymphocyte count	ukb-d-30120_irnt	Neale UKB, lymphocyte count	rs2071425	-0.0022045756777898527	0.013585405163693217	-0.16227529847115246	0.8710890658097608	0.9430384757147822	0.871089
EPS8L2	Leukocyte count	ukb-d-30000_irnt	Neale UKB, white blood cell count	rs4078520	-0.0017308804113071517	0.010674227027463854	-0.16215510564406654	0.871183712329423	0.9430384757147822	0.871183
SCARB1	Lymphocyte count	ukb-d-30120_irnt	Neale UKB, lymphocyte count	rs7954697	-0.001220786900766309	0.007540149794756334	-0.16190486051288847	0.8713807751864957	0.9430384757147822	0.871381
IDO1	Lymphocyte count	ukb-d-30120_irnt	Neale UKB, lymphocyte count	rs7820268	-0.001323429343063257	0.008185870577599461	-0.16167240008470277	0.871563840111965	0.9430384757147822	0.871564
IL1RAP	Lymphocyte count	ukb-d-30120_irnt	Neale UKB, lymphocyte count	rs78888631	-0.002381194410965326	0.014781835194612694	-0.1610892273939817	0.872023124731041	0.9431506226699514	0.872023
CD7	Leukocyte count	ukb-d-30000_irnt	Neale UKB, white blood cell count	rs116065945	-0.0034749534993155167	0.02204362444586643	-0.1576398431142358	0.8747406058230163	0.9447846636038443	0.874741
APP	Lymphocyte count	ukb-d-30120_irnt	Neale UKB, lymphocyte count	rs2830076	-0.0017936968206656448	0.011383043529698355	-0.1575762067487391	0.8747907535703037	0.9447846636038443	0.874791
LGMN	Monocyte count	ukb-d-30130_irnt	Neale UKB, monocyte count	rs2402189	0.0019063298494552078	0.012132034865642728	0.15713191320063147	0.8751408868837764	0.9447846636038443	0.875141
RGMB	Lymphocyte count	ukb-d-30120_irnt	Neale UKB, lymphocyte count	rs331552	-0.0008697765401330826	0.005539396764775179	-0.15701647256321477	0.8752318659039013	0.9447846636038443	0.875232
PDGFB	Monocyte count	ukb-d-30130_irnt	Neale UKB, monocyte count	rs5757573	-0.0010659280418941364	0.00681501546794353	-0.15640874872669752	0.875710841559963	0.9447846636038443	0.875711
C1QTNF6	Neutrophil count	ukb-d-30140_irnt	Neale UKB, neutrophil count	rs9610669	0.0008974343051222815	0.005745174406950089	0.156206625169922	0.8758701547122969	0.9447846636038443	0.87587
FCRL3	Neutrophil count	ukb-d-30140_irnt	Neale UKB, neutrophil count	rs2210913	-0.0005119070860453994	0.0032813139585018544	-0.15600673770306336	0.8760277103325238	0.9447846636038443	0.876028
TLR1	Neutrophil count	ukb-d-30140_irnt	Neale UKB, neutrophil count	rs189688666	0.000695284410278228	0.004481841328019431	0.15513365141498234	0.8767159533271716	0.9449429993363936	0.876716
TEX101	Monocyte count	ukb-d-30130_irnt	Neale UKB, monocyte count	rs36081957	0.0016216893380933933	0.010468151518977759	0.15491649458392204	0.8768871498366759	0.9449429993363936	0.876887
GABARAPL1	Leukocyte count	ukb-d-30000_irnt	Neale UKB, white blood cell count	rs10734821	-0.002566406760274053	0.01678212998144558	-0.15292497216452783	0.8784574425931211	0.9462506652140362	0.878458
CYTL1	Monocyte count	ukb-d-30130_irnt	Neale UKB, monocyte count	rs56007654	0.0007970010211213332	0.00524488257765592	0.1519578387734916	0.8792201891788622	0.9466877554617713	0.87922
CCL23	Lymphocyte count	ukb-d-30120_irnt	Neale UKB, lymphocyte count	rs854675	0.0024508733540173303	0.01633871698478786	0.15000402762953866	0.8807614376272637	0.947962391472201	0.880761
PMM2	Lymphocyte count	ukb-d-30120_irnt	Neale UKB, lymphocyte count	rs9796776	-0.0008446697863887301	0.005650911746790587	-0.1494749562968236	0.8811788693303328	0.9480226750856107	0.881179
SCARB2	Leukocyte count	ukb-d-30000_irnt	Neale UKB, white blood cell count	rs13111888	0.0016428961506198957	0.011053709251988043	0.14862849322044686	0.8818467883854997	0.9480226750856107	0.881847
LILRA4	Neutrophil count	ukb-d-30140_irnt	Neale UKB, neutrophil count	rs730592	-0.004504840970652682	0.03032054124659159	-0.14857389695044057	0.881889871582278	0.9480226750856107	0.88189
CD22	Leukocyte count	ukb-d-30000_irnt	Neale UKB, white blood cell count	rs12327820	-0.0024111828305809642	0.01627860769032935	-0.1481197210750019	0.8822482859486125	0.9480236849010212	0.882248
ANPEP	Neutrophil count	ukb-d-30140_irnt	Neale UKB, neutrophil count	rs11073891	0.000466621659953991	0.0031725976982295047	0.14707873620862588	0.8830698733859115	0.9481520114520031	0.88307
PRKG1	Neutrophil count	ukb-d-30140_irnt	Neale UKB, neutrophil count	rs10490973	0.002534031939248986	0.017230996373741352	0.1470624149808682	0.8830827557641205	0.9481520114520031	0.883083
MMP9	Monocyte count	ukb-d-30130_irnt	Neale UKB, monocyte count	rs13925	-0.0020920864180427046	0.0143168642805422	-0.14612741847989877	0.8838208019195739	0.9482595549079003	0.883821
IL15	Leukocyte count	ukb-d-30000_irnt	Neale UKB, white blood cell count	rs60301947	0.0019610470056146017	0.013429109126017694	0.14602956809809886	0.8838980466562327	0.9482595549079003	0.883898
TNFRSF1B	Leukocyte count	ukb-d-30000_irnt	Neale UKB, white blood cell count	rs6697733	0.0022496995345014027	0.015722407616586557	0.1430887424727529	0.8862200956589457	0.9497385622967445	0.88622
TGFBR1	Leukocyte count	ukb-d-30000_irnt	Neale UKB, white blood cell count	rs41283642	0.002414486463953465	0.016919479326871715	0.14270453701957303	0.8865235333719133	0.9497385622967445	0.886524
CCL23	Leukocyte count	ukb-d-30000_irnt	Neale UKB, white blood cell count	rs854675	0.002334400317413174	0.01637626770424109	0.142547762382305	0.8866473555984258	0.9497385622967445	0.886647
PRTN3	Leukocyte count	ukb-d-30000_irnt	Neale UKB, white blood cell count	rs62132278	0.0014507388828488002	0.010182801983610434	0.1424695172491632	0.8867091554474884	0.9497385622967445	0.886709
GFAP	Neutrophil count	ukb-d-30140_irnt	Neale UKB, neutrophil count	rs9916491	0.0050043442491079	0.035312260859323576	0.1417169030622006	0.887303622986592	0.9499916060397424	0.887304
CLIC5	Lymphocyte count	ukb-d-30120_irnt	Neale UKB, lymphocyte count	rs3798269	0.0025102885489921905	0.01782066058969499	0.14086394476553776	0.8879774259855675	0.9503293517811643	0.887977
MANSC1	Leukocyte count	ukb-d-30000_irnt	Neale UKB, white blood cell count	rs11054833	-0.00249978204377431	0.017853377627009143	-0.14001731750705604	0.8886463077821554	0.9506615604026929	0.888646
EPHA4	Lymphocyte count	ukb-d-30120_irnt	Neale UKB, lymphocyte count	rs2680848	-0.000654827278297338	0.004697899873920209	-0.1393872359716579	0.8891441581174662	0.950810607793355	0.889144
CAPG	Neutrophil count	ukb-d-30140_irnt	Neale UKB, neutrophil count	rs2002444	0.0005322719583153368	0.003885412190784635	0.13699240445525232	0.8910367988750199	0.9519698129621854	0.891037
GFRA2	Leukocyte count	ukb-d-30000_irnt	Neale UKB, white blood cell count	rs1479056	-0.0007040773790586139	0.0051502848255351565	-0.1367064935064935	0.8912627966496669	0.9519698129621854	0.891263
CD79B	Monocyte count	ukb-d-30130_irnt	Neale UKB, monocyte count	rs12603821	-0.0029765816914258366	0.021782041921494983	-0.13665301454077555	0.891305069979301	0.9519698129621854	0.891305
C9orf40	Lymphocyte count	ukb-d-30120_irnt	Neale UKB, lymphocyte count	rs72732904	0.0019789492665377327	0.014557363636749001	0.13594146000049212	0.8918675593448178	0.9521871044212789	0.891868
GABARAPL1	Neutrophil count	ukb-d-30140_irnt	Neale UKB, neutrophil count	rs10734821	0.002269179001225631	0.016759072875576406	0.1354000318557351	0.8922955989473955	0.9522607357780656	0.892296
YES1	Monocyte count	ukb-d-30130_irnt	Neale UKB, monocyte count	rs8089369	-0.0020911494311866554	0.015557531255345081	-0.13441396304238193	0.8930752409171621	0.9527093881385011	0.893076
IL16	Neutrophil count	ukb-d-30140_irnt	Neale UKB, neutrophil count	rs4778641	-0.0009153950186543385	0.006840350238509048	-0.13382282876408125	0.8935426748215956	0.9528247581933541	0.893543
BAIAP2	Lymphocyte count	ukb-d-30120_irnt	Neale UKB, lymphocyte count	rs56068957	0.001104019156693502	0.008391638786412877	0.1315618063161928	0.8953308970074976	0.9543478853954517	0.895331
MMP9	Leukocyte count	ukb-d-30000_irnt	Neale UKB, white blood cell count	rs13925	0.0019016378648080796	0.014725504572269689	0.12913906314552684	0.8972476128615894	0.9554290948120255	0.897248
CRIP2	Leukocyte count	ukb-d-30000_irnt	Neale UKB, white blood cell count	rs7143148	-0.0008735083609177141	0.006774879596354757	-0.12893341475584416	0.8974103361814543	0.9554290948120255	0.89741
FGFBP3	Lymphocyte count	ukb-d-30120_irnt	Neale UKB, lymphocyte count	rs10881994	-0.004436941994775166	0.03441974579889452	-0.12890687864747885	0.8974313337118491	0.9554290948120255	0.897432
CEACAM1	Neutrophil count	ukb-d-30140_irnt	Neale UKB, neutrophil count	rs139190152	-0.007405337490435493	0.05764780283008679	-0.12845827814569535	0.8977863138278912	0.9554290948120255	0.897786
RGMB	Leukocyte count	ukb-d-30000_irnt	Neale UKB, white blood cell count	rs331552	-0.0006948894557038549	0.005551834398891872	-0.12516393785854862	0.9003937661046832	0.9578196019693622	0.900394
LILRA4	Leukocyte count	ukb-d-30000_irnt	Neale UKB, white blood cell count	rs730592	0.0037169702128762878	0.03036411665840312	0.12241325030766652	0.9025717452032427	0.9597515109378506	0.902572
CDA	Neutrophil count	ukb-d-30140_irnt	Neale UKB, neutrophil count	rs4655226	0.00034596378123563523	0.0028494481912795045	0.12141430831921358	0.9033628843216681	0.960078809994548	0.903363
ADAM15	Neutrophil count	ukb-d-30140_irnt	Neale UKB, neutrophil count	rs41264285	0.0004769099006890748	0.0039504754561965	0.12072215255533861	0.903911112120608	0.960078809994548	0.903911
PPP3R1	Monocyte count	ukb-d-30130_irnt	Neale UKB, monocyte count	rs2122126	0.0008642394238468197	0.00716299539256589	0.1206533547046212	0.9039656065446404	0.960078809994548	0.903966
SCN3A	Leukocyte count	ukb-d-30000_irnt	Neale UKB, white blood cell count	rs16850230	-0.00759335818066304	0.06363807252101301	-0.1193209957475652	0.9050210501277005	0.9606095608287744	0.905021
BANK1	Monocyte count	ukb-d-30130_irnt	Neale UKB, monocyte count	rs976654	0.0037233118578366016	0.03125995981171431	0.11910801806089762	0.9051897784732681	0.9606095608287744	0.90519
PVR	Neutrophil count	ukb-d-30140_irnt	Neale UKB, neutrophil count	rs79572806	-0.0021880355047330623	0.018698299036840078	-0.11701789025954254	0.9068458765021148	0.9619821057934435	0.906846
FASLG	Neutrophil count	ukb-d-30140_irnt	Neale UKB, neutrophil count	rs4916193	0.0017486030923979648	0.01502400882697768	0.11638725140111118	0.907345638635785	0.9621274025038392	0.907346
IFIT3	Neutrophil count	ukb-d-30140_irnt	Neale UKB, neutrophil count	rs4934475	-0.002618347232891265	0.0226460096118806	-0.11562068893221797	0.9079531654765249	0.9623868084907051	0.907953
HS3ST3B1	Leukocyte count	ukb-d-30000_irnt	Neale UKB, white blood cell count	rs4792444	-0.0017473347957618515	0.01523283369485713	-0.11470845351326735	0.9086762132274275	0.9627684049057682	0.908676
ADA	Neutrophil count	ukb-d-30140_irnt	Neale UKB, neutrophil count	rs2007720	0.0006728871024300881	0.005934552549124279	0.11338463967757459	0.909725616937866	0.9634953419006473	0.909726
CLEC4C	Neutrophil count	ukb-d-30140_irnt	Neale UKB, neutrophil count	rs10845821	0.00029487297198279764	0.00262335556356796	0.11240297582145072	0.9105038959179921	0.9639346634628803	0.910504
IL16	Leukocyte count	ukb-d-30000_irnt	Neale UKB, white blood cell count	rs4778641	0.0007602988390630622	0.006849547301655264	0.1109998669370935	0.9116164522495966	0.9647273868180088	0.911616
LILRB2	Neutrophil count	ukb-d-30140_irnt	Neale UKB, neutrophil count	rs12984962	0.001311567473395896	0.011877174366730976	0.11042756744143738	0.9120702911628449	0.9648226614135879	0.91207
SLA2	Neutrophil count	ukb-d-30140_irnt	Neale UKB, neutrophil count	rs221309	-0.004934417365944913	0.04518141747399612	-0.10921342538190365	0.9130332120909552	0.9652984946861225	0.913033
IL1RN	Leukocyte count	ukb-d-30000_irnt	Neale UKB, white blood cell count	rs72950883	-0.002759538780027292	0.02533022846344141	-0.1089425144352755	0.9132480856589296	0.9652984946861225	0.913248
CCL23	Neutrophil count	ukb-d-30140_irnt	Neale UKB, neutrophil count	rs854675	-0.0017682687258142858	0.01635220727611388	-0.10813639381866476	0.9138874993148254	0.9654181151291525	0.913888
DOK2	Lymphocyte count	ukb-d-30120_irnt	Neale UKB, lymphocyte count	rs11135701	0.0006118712072856771	0.005729803507422068	0.10678746775401515	0.9149575899036353	0.9654181151291525	0.914958
RALB	Leukocyte count	ukb-d-30000_irnt	Neale UKB, white blood cell count	rs4849847	0.0006445288268723597	0.006061614883673458	0.10632955726177089	0.9153208812115798	0.9654181151291525	0.915321
CCDC50	Lymphocyte count	ukb-d-30120_irnt	Neale UKB, lymphocyte count	rs4687210	-0.0011462356979379958	0.010831868448072806	-0.10582068120869145	0.9157246276880435	0.9654181151291525	0.915724
CD1C	Monocyte count	ukb-d-30130_irnt	Neale UKB, monocyte count	rs6699757	0.002142363937704762	0.020253799132243278	0.1057759052371661	0.9157601543570302	0.9654181151291525	0.91576
ARHGEF5	Leukocyte count	ukb-d-30000_irnt	Neale UKB, white blood cell count	rs1635081	-0.0031692134648367365	0.030091991890172202	-0.10531750362034943	0.9161238743340843	0.9654181151291525	0.916124
SLAMF8	Lymphocyte count	ukb-d-30120_irnt	Neale UKB, lymphocyte count	rs75087057	-0.0009331832891485032	0.008878538965459907	-0.10510550134192766	0.9162920940465509	0.9654181151291525	0.916292
CYTL1	Lymphocyte count	ukb-d-30120_irnt	Neale UKB, lymphocyte count	rs56007654	0.0005631196582796136	0.005382311081645748	0.1046241381699232	0.9166740603306374	0.9654181151291525	0.916674
CASP3	Monocyte count	ukb-d-30130_irnt	Neale UKB, monocyte count	rs72689261	0.0007989904463302593	0.007660866435060248	0.10429504979667169	0.9169352061812643	0.9654181151291525	0.916935
TNFSF13B	Lymphocyte count	ukb-d-30120_irnt	Neale UKB, lymphocyte count	rs113469631	-0.0012252019812730522	0.011756891341161212	-0.10421138936477069	0.9170015957806694	0.9654181151291525	0.917002
ATP1B1	Lymphocyte count	ukb-d-30120_irnt	Neale UKB, lymphocyte count	rs1358714	-0.0006584022305325954	0.006377363491982037	-0.10324050547853732	0.9177720929276401	0.9657014789902247	0.917772
HGF	Neutrophil count	ukb-d-30140_irnt	Neale UKB, neutrophil count	rs2057938	-0.004298837652147867	0.04175470618301833	-0.1029545659668947	0.9179990303674044	0.9657014789902247	0.917999
SERPINF2	Neutrophil count	ukb-d-30140_irnt	Neale UKB, neutrophil count	rs8070192	0.000547470145801833	0.0053632268948958116	0.10207849798837729	0.918694367968796	0.9659515475160374	0.918694
PILRA	Neutrophil count	ukb-d-30140_irnt	Neale UKB, neutrophil count	rs2005763	-0.0026453255706046755	0.02623141122597126	-0.1008457207207207	0.9196729319278609	0.9659515475160374	0.919673
KLF4	Leukocyte count	ukb-d-30000_irnt	Neale UKB, white blood cell count	rs77233150	0.0033503753514754933	0.033418255528422584	0.10025584215866573	0.9201412136531282	0.9659515475160374	0.920141
PTPRN2	Lymphocyte count	ukb-d-30120_irnt	Neale UKB, lymphocyte count	rs123776	-0.0007255308502316637	0.00726642167159954	-0.09984706132144328	0.9204657451700766	0.9659515475160374	0.920466
TJP3	Neutrophil count	ukb-d-30140_irnt	Neale UKB, neutrophil count	rs8110279	0.0020136115558245893	0.020244459932123624	0.09946481963835542	0.920769219211127	0.9659515475160374	0.920769
CD72	Neutrophil count	ukb-d-30140_irnt	Neale UKB, neutrophil count	rs10814260	-0.0017919460731969782	0.0180160505125864	-0.09946386817383124	0.920769974624015	0.9659515475160374	0.92077
TCN1	Lymphocyte count	ukb-d-30120_irnt	Neale UKB, lymphocyte count	rs12419784	0.001372449554730326	0.013872973060903973	0.09892973544352117	0.9211940592392471	0.9659515475160374	0.921194
CYB5R2	Monocyte count	ukb-d-30130_irnt	Neale UKB, monocyte count	rs35045958	0.0004840961443469307	0.004906746299184016	0.0986592977972868	0.9214087867913001	0.9659515475160374	0.921409
LAMP3	Neutrophil count	ukb-d-30140_irnt	Neale UKB, neutrophil count	rs7619012	0.0020378845197520897	0.020683785428574568	0.09852570395246706	0.9215148624493117	0.9659515475160374	0.921515
IL7R	Neutrophil count	ukb-d-30140_irnt	Neale UKB, neutrophil count	rs10058453	-0.0008137259887240005	0.008330964498698863	-0.09767488372457822	0.9221904600556026	0.9659886374126712	0.92219
CLASP1	Monocyte count	ukb-d-30130_irnt	Neale UKB, monocyte count	rs114514102	-0.0011696100094045526	0.011988166924614305	-0.09756370734237023	0.9222787443170752	0.9659886374126712	0.922279
EPHA1	Leukocyte count	ukb-d-30000_irnt	Neale UKB, white blood cell count	rs7794735	0.00041643053968492557	0.004311063621080076	0.09659577688639974	0.923047410368848	0.9664120538089952	0.923047
CTSB	Lymphocyte count	ukb-d-30120_irnt	Neale UKB, lymphocyte count	rs1296022	0.0006952400093975139	0.007254316091881294	0.09583811907170621	0.9236491420448583	0.9666604280595754	0.923649
TGFB1	Lymphocyte count	ukb-d-30120_irnt	Neale UKB, lymphocyte count	rs1963413	0.0051340231836727816	0.0547717688665088	0.09373484351373712	0.9253197909972632	0.9672263350901623	0.92532
GNLY	Leukocyte count	ukb-d-30000_irnt	Neale UKB, white blood cell count	rs12151742	-0.0003258974609098759	0.0034807694930964997	-0.09362799276316251	0.9254046722751268	0.9672263350901623	0.925405
PGD	Monocyte count	ukb-d-30130_irnt	Neale UKB, monocyte count	rs1536262	0.0023458090481009598	0.025071460493009987	0.09356491412835641	0.9254547817755212	0.9672263350901623	0.925455
CLASP1	Lymphocyte count	ukb-d-30120_irnt	Neale UKB, lymphocyte count	rs114514102	-0.0011449214037784247	0.012302273683786977	-0.09306583751971827	0.9258512573219801	0.9672263350901623	0.925851
CLSTN3	Lymphocyte count	ukb-d-30120_irnt	Neale UKB, lymphocyte count	rs3759416	0.0012119522981094205	0.0130511561344122	0.09286168103635246	0.9260134482631681	0.9672263350901623	0.926014
TMEM106A	Monocyte count	ukb-d-30130_irnt	Neale UKB, monocyte count	rs2171462	-0.0011581365539830497	0.012997210195764754	-0.08910654952402308	0.9289972323355469	0.9699608898243584	0.928997
PIK3AP1	Leukocyte count	ukb-d-30000_irnt	Neale UKB, white blood cell count	rs67353574	-0.002158859424539897	0.024748156981654366	-0.0872331392652893	0.9304861984248505	0.9711331752155464	0.930486
KLK1	Leukocyte count	ukb-d-30000_irnt	Neale UKB, white blood cell count	rs2288417	0.0016017601649852432	0.018718212190408857	0.08557228375720514	0.9318064319777057	0.9721285041718629	0.931806
ITGAX	Lymphocyte count	ukb-d-30120_irnt	Neale UKB, lymphocyte count	rs11574631	0.0003081757084434114	0.003682538588410429	0.0836856698293108	0.933306350994729	0.9732354219392713	0.933307
TFF3	Neutrophil count	ukb-d-30140_irnt	Neale UKB, neutrophil count	rs78800314	0.0010515627238325562	0.012777306273870484	0.08229925003699691	0.9344087507827408	0.9732354219392713	0.934409
CSF1R	Leukocyte count	ukb-d-30000_irnt	Neale UKB, white blood cell count	rs6874087	0.000768577687495784	0.009374910664650056	0.08198240121837719	0.9346607081341702	0.9732354219392713	0.934661
EGLN1	Monocyte count	ukb-d-30130_irnt	Neale UKB, monocyte count	rs74143867	-0.0005070201632529399	0.006188178828711499	-0.08193366373003017	0.9346994646387923	0.9732354219392713	0.9347
LY96	Neutrophil count	ukb-d-30140_irnt	Neale UKB, neutrophil count	rs10957691	0.00043325839595095177	0.005377623565359782	0.0805668880845075	0.9357864000519489	0.9732354219392713	0.935787
PIK3AP1	Neutrophil count	ukb-d-30140_irnt	Neale UKB, neutrophil count	rs67353574	-0.001987390870865573	0.024711026458118592	-0.08042526579111946	0.9358990327928685	0.9732354219392713	0.935899
IL32	Lymphocyte count	ukb-d-30120_irnt	Neale UKB, lymphocyte count	rs1554999	-0.00041560928242715214	0.005172757935293199	-0.08034578219705439	0.9359622469554332	0.9732354219392713	0.935962
LAG3	Neutrophil count	ukb-d-30140_irnt	Neale UKB, neutrophil count	rs67706382	0.0030980244806177184	0.03865122930669057	0.08015332335319661	0.9361153132282374	0.9732354219392713	0.936115
HAVCR2	Lymphocyte count	ukb-d-30120_irnt	Neale UKB, lymphocyte count	rs6891966	0.0009648887262147547	0.01204842490129349	0.08008422130856013	0.9361702720087033	0.9732354219392713	0.93617
GHRL	Neutrophil count	ukb-d-30140_irnt	Neale UKB, neutrophil count	rs57221010	0.0010424106588034204	0.013443851444656157	0.0775380971066719	0.9381954853760552	0.9749586313547407	0.938196
TRAF3IP2	Monocyte count	ukb-d-30130_irnt	Neale UKB, monocyte count	rs9487680	0.000620182868774697	0.008295634201790128	0.07476015138672179	0.9404055476380997	0.9768725077697769	0.940406
PRKCQ	Leukocyte count	ukb-d-30000_irnt	Neale UKB, white blood cell count	rs2255088	-0.0012435067726660868	0.01676244067282008	-0.07418411178524885	0.940863887972011	0.9769659478863638	0.940864
CR2	Lymphocyte count	ukb-d-30120_irnt	Neale UKB, lymphocyte count	rs3813946	0.001487220751511906	0.021000904012770983	0.07081698724052561	0.9435434119053139	0.9793648251948699	0.943543
IL24	Monocyte count	ukb-d-30130_irnt	Neale UKB, monocyte count	rs291107	0.0010824681503986875	0.0156566918843849	0.06913773090714521	0.9448799879478547	0.9798944708742829	0.94488
WASF1	Leukocyte count	ukb-d-30000_irnt	Neale UKB, white blood cell count	rs6938106	0.0011859476642788567	0.017201991150070428	0.06894246450498849	0.9450354171240545	0.9798944708742829	0.945036
CD7	Neutrophil count	ukb-d-30140_irnt	Neale UKB, neutrophil count	rs116065945	0.001513946093077379	0.02201039388566175	0.06878323490901317	0.9451621630831131	0.9798944708742829	0.945162
MSLN	Monocyte count	ukb-d-30130_irnt	Neale UKB, monocyte count	rs73493221	0.0004574377623411059	0.00682688943883183	0.06700529815806999	0.9465774853616546	0.9809783083935554	0.946578
TNFAIP2	Monocyte count	ukb-d-30130_irnt	Neale UKB, monocyte count	rs749206	0.0010794781155676416	0.016505037283845413	0.06540294923321374	0.9478531759610467	0.9815265112923228	0.947853
RNF149	Lymphocyte count	ukb-d-30120_irnt	Neale UKB, lymphocyte count	rs12991475	-0.0013840539888538368	0.021212924492327652	-0.06524578868672376	0.9479783046703163	0.9815265112923228	0.947978
CD2AP	Neutrophil count	ukb-d-30140_irnt	Neale UKB, neutrophil count	rs72868252	-0.0011196190460578336	0.01723916117426849	-0.06494626013062624	0.9482167880584205	0.9815265112923228	0.948217
CRTAP	Monocyte count	ukb-d-30130_irnt	Neale UKB, monocyte count	rs55680037	0.0011106175146941896	0.01723864259449161	0.06442604216697859	0.9486309944465532	0.9815721409567925	0.948631
DUSP13	Leukocyte count	ukb-d-30000_irnt	Neale UKB, white blood cell count	rs2657291	0.0032248919821603055	0.051689128174582336	0.06239014075199893	0.9502521462054252	0.9827285334255491	0.950252
BAG3	Neutrophil count	ukb-d-30140_irnt	Neale UKB, neutrophil count	rs196336	-0.0009345449245837745	0.015422079223367956	-0.06059785525986188	0.951679481641641	0.9827285334255491	0.951679
CYB5R2	Lymphocyte count	ukb-d-30120_irnt	Neale UKB, lymphocyte count	rs35045958	0.0003002075241842617	0.005035316245190965	0.05962039116629034	0.9524579774543609	0.9827285334255491	0.952458
PLA2G7	Neutrophil count	ukb-d-30140_irnt	Neale UKB, neutrophil count	rs7745519	0.0004585896433643492	0.007730405128777468	0.05932284734433747	0.9526949636093713	0.9827285334255491	0.952695
CD300C	Neutrophil count	ukb-d-30140_irnt	Neale UKB, neutrophil count	rs72844303	-0.00027163793776017835	0.004598517327823942	-0.05907076529136832	0.9528957438852528	0.9827285334255491	0.952896
CLEC4C	Monocyte count	ukb-d-30130_irnt	Neale UKB, monocyte count	rs10845821	0.0001506344968344423	0.0025542559768491394	0.05897392360035148	0.9529728779047817	0.9827285334255491	0.952973
RARRES2	Lymphocyte count	ukb-d-30120_irnt	Neale UKB, lymphocyte count	rs11769348	-0.002255649572343214	0.03843837056673648	-0.0586822370221695	0.9532052077563067	0.9827285334255491	0.953205
NUDT16	Leukocyte count	ukb-d-30000_irnt	Neale UKB, white blood cell count	rs72995220	0.0027657675691079345	0.0474047489865602	0.0583436813449231	0.9534748740702765	0.9827285334255491	0.953475
CPPED1	Monocyte count	ukb-d-30130_irnt	Neale UKB, monocyte count	rs10852358	0.0005461195654555311	0.009364803049695137	0.05831618268504959	0.953496777532757	0.9827285334255491	0.953497
DENR	Neutrophil count	ukb-d-30140_irnt	Neale UKB, neutrophil count	rs7967318	-0.0007349679687940719	0.013037171273500087	-0.056374803504192605	0.9550432289167576	0.9827285334255491	0.955043
CREG1	Leukocyte count	ukb-d-30000_irnt	Neale UKB, white blood cell count	rs3767443	0.0005378359574335843	0.009575697503865476	0.05616676562897616	0.955208956537279	0.9827285334255491	0.955209
TNFRSF11A	Leukocyte count	ukb-d-30000_irnt	Neale UKB, white blood cell count	rs7234211	0.001679289681175525	0.03004079181998317	0.055900313521644915	0.9554212210680009	0.9827285334255491	0.955421
LRIG1	Leukocyte count	ukb-d-30000_irnt	Neale UKB, white blood cell count	rs17775391	-0.00044280321521929055	0.007926543852603336	-0.055863340120657946	0.9554506755479748	0.9827285334255491	0.955451
RAB37	Neutrophil count	ukb-d-30140_irnt	Neale UKB, neutrophil count	rs1054131	-0.0014959726690870387	0.026931193949958233	-0.05554795200935972	0.9557019287147805	0.9827285334255491	0.955702
ADAM15	Monocyte count	ukb-d-30130_irnt	Neale UKB, monocyte count	rs41264285	0.00020834579289666954	0.0038464295123586843	0.05416602390015175	0.9568028899275911	0.9827285334255491	0.956803
RNASE3	Monocyte count	ukb-d-30130_irnt	Neale UKB, monocyte count	rs11626267	0.0002871335792302548	0.005412216111252259	0.05305286657590967	0.9576897855516271	0.9827285334255491	0.95769
CD59	Neutrophil count	ukb-d-30140_irnt	Neale UKB, neutrophil count	rs1718066	-0.00023993493147462548	0.004531622947383008	-0.05294679947129909	0.9577742960790858	0.9827285334255491	0.957774
MAP4K5	Neutrophil count	ukb-d-30140_irnt	Neale UKB, neutrophil count	rs8181933	0.0014870598975512742	0.02830336335436278	0.05254004193540671	0.9580983905270195	0.9827285334255491	0.958099
CR1	Monocyte count	ukb-d-30130_irnt	Neale UKB, monocyte count	rs115290463	0.000999616502685071	0.019519124191705543	0.05121215956553256	0.9591564626279039	0.9827285334255491	0.959157
IMPACT	Neutrophil count	ukb-d-30140_irnt	Neale UKB, neutrophil count	rs542576	0.0018708844451518125	0.03677013295486982	0.05088054610648433	0.9594207073861889	0.9827285334255491	0.959421
C1QA	Leukocyte count	ukb-d-30000_irnt	Neale UKB, white blood cell count	rs12058824	-0.0005558259542217932	0.010941986624480956	-0.05079753552048958	0.9594868547134019	0.9827285334255491	0.959487
LILRB4	Neutrophil count	ukb-d-30140_irnt	Neale UKB, neutrophil count	rs370156	-0.0003261074490803235	0.006472216366302953	-0.05038574587496401	0.9598149951027466	0.9827285334255491	0.959815
GFRA2	Lymphocyte count	ukb-d-30120_irnt	Neale UKB, lymphocyte count	rs1479056	0.00025684323273948814	0.005138619764839399	0.0499829223592136	0.9601359972931416	0.9827285334255491	0.960136
C1S	Leukocyte count	ukb-d-30000_irnt	Neale UKB, white blood cell count	rs78348916	0.0023188108334873374	0.046556606391625587	0.04980626839469201	0.9602767714282159	0.9827285334255491	0.960277
PRKCQ	Neutrophil count	ukb-d-30140_irnt	Neale UKB, neutrophil count	rs2255088	-0.0008269058029191726	0.016738879658594167	-0.04940030753459764	0.9606002830856586	0.9827285334255491	0.9606
ADA	Leukocyte count	ukb-d-30000_irnt	Neale UKB, white blood cell count	rs2007720	-0.00029132596731070527	0.005942495510759145	-0.049024179620034546	0.9609000265538625	0.9827285334255491	0.9609
C1QTNF6	Leukocyte count	ukb-d-30000_irnt	Neale UKB, white blood cell count	rs9610669	0.00028047768864235376	0.005753105155387563	0.048752400845601986	0.9611166156555457	0.9827285334255491	0.961117
VMO1	Monocyte count	ukb-d-30130_irnt	Neale UKB, monocyte count	rs9895322	-0.00042120491285259413	0.008660985635445038	-0.04863244561090314	0.961212212690048	0.9827285334255491	0.961212
TNFSF13	Lymphocyte count	ukb-d-30120_irnt	Neale UKB, lymphocyte count	rs11552708	-0.00028156361688005184	0.005796877899149613	-0.048571596948998444	0.961260705590175	0.9827285334255491	0.961261
CPVL	Neutrophil count	ukb-d-30140_irnt	Neale UKB, neutrophil count	rs245883	-0.0002150745613464426	0.00444908046814357	-0.048341351181761145	0.9614441995814464	0.9827285334255491	0.961444
SEZ6L	Neutrophil count	ukb-d-30140_irnt	Neale UKB, neutrophil count	rs77494677	0.0006163724094420799	0.012841303640268944	0.047999208391054815	0.9617168734938459	0.9827285334255491	0.961717
FKBP1B	Monocyte count	ukb-d-30130_irnt	Neale UKB, monocyte count	rs12713147	0.0006929103257355634	0.014587070403544867	0.04750167830595898	0.9621133927526735	0.9827285334255491	0.962113
IL31RA	Leukocyte count	ukb-d-30000_irnt	Neale UKB, white blood cell count	rs115173341	0.0002875014854073106	0.006070091025416857	0.04736362011763518	0.9622234234033247	0.9827285334255491	0.962223
IL7	Neutrophil count	ukb-d-30140_irnt	Neale UKB, neutrophil count	rs2369442	0.001895297905366731	0.04078242442293737	0.04647339956328721	0.9629329352452793	0.9827285334255491	0.962933
TIMP2	Leukocyte count	ukb-d-30000_irnt	Neale UKB, white blood cell count	rs7222767	-0.00023748119941376032	0.005116652289967597	-0.04641339414042228	0.9629807610380592	0.9827285334255491	0.962981
CLEC10A	Neutrophil count	ukb-d-30140_irnt	Neale UKB, neutrophil count	rs10459916	-0.00037561591008674266	0.008116535779928019	-0.0462778604408584	0.9630887852085228	0.9827285334255491	0.963089
TEX101	Neutrophil count	ukb-d-30140_irnt	Neale UKB, neutrophil count	rs36081957	0.0004792716677585234	0.010751329751025749	0.04457789676786703	0.964443760966148	0.9836649938269476	0.964444
PDLIM7	Leukocyte count	ukb-d-30000_irnt	Neale UKB, white blood cell count	rs2731664	0.0009049036222271055	0.020474895311892238	0.04419576307682115	0.9647483593302755	0.9836649938269476	0.964748
KAZN	Neutrophil count	ukb-d-30140_irnt	Neale UKB, neutrophil count	rs10803327	0.00018357955920892197	0.004219414530994821	0.04350830141489771	0.9652963472217455	0.9837322921875825	0.965296
TLR2	Lymphocyte count	ukb-d-30120_irnt	Neale UKB, lymphocyte count	rs1439164	0.0007341374355635401	0.017043305379250254	0.04307482728422691	0.9656418855866411	0.9837322921875825	0.965642
BACH1	Neutrophil count	ukb-d-30140_irnt	Neale UKB, neutrophil count	rs1153287	-0.0013837246513363254	0.0323928853471428	-0.042716931094820686	0.9659271828267213	0.9837322921875825	0.965927
STEAP4	Neutrophil count	ukb-d-30140_irnt	Neale UKB, neutrophil count	rs112036721	0.00012671147318698658	0.0030148105345976866	0.04202966379905385	0.9664750507121516	0.9839124124716414	0.966475
PLB1	Neutrophil count	ukb-d-30140_irnt	Neale UKB, neutrophil count	rs11127158	-0.00024941947074124917	0.006031841155709434	-0.041350470661045406	0.9670164976817384	0.9840858602655296	0.967017
NELL2	Monocyte count	ukb-d-30130_irnt	Neale UKB, monocyte count	rs10506258	-0.0002525888453438689	0.006321784439931731	-0.03995530814818428	0.9681287567489889	0.9843157746726107	0.968129
STEAP4	Monocyte count	ukb-d-30130_irnt	Neale UKB, monocyte count	rs112036721	0.00011551385201250653	0.0029353988852023846	0.03935201195136459	0.9686097391626012	0.9843157746726107	0.96861
RNASE3	Leukocyte count	ukb-d-30000_irnt	Neale UKB, white blood cell count	rs11626267	0.0002184014532304392	0.00556655520639735	0.03923457957974474	0.9687033643339915	0.9843157746726107	0.968703
SCGB3A2	Lymphocyte count	ukb-d-30120_irnt	Neale UKB, lymphocyte count	rs13163344	0.00015571466160828193	0.003971820932035069	0.03920485446671367	0.9687270633090173	0.9843157746726107	0.968727
HIP1	Leukocyte count	ukb-d-30000_irnt	Neale UKB, white blood cell count	rs1186222	9.844040510800969e-05	0.002683239779964668	0.03668714434060229	0.9707344590735925	0.9857836719458295	0.970734
SERPINF2	Leukocyte count	ukb-d-30000_irnt	Neale UKB, white blood cell count	rs8070192	0.00019582659016252745	0.005370918102709323	0.03646054294958325	0.9709151399406133	0.9857836719458295	0.970915
PF4	Leukocyte count	ukb-d-30000_irnt	Neale UKB, white blood cell count	rs11574452	0.0012172912574323353	0.034969667442702086	0.03480991803616294	0.9722313119765651	0.9867422270806929	0.972231
TNFRSF4	Monocyte count	ukb-d-30130_irnt	Neale UKB, monocyte count	rs7536568	-0.00037812686721356523	0.011195701859521356	-0.03377428873670731	0.9730571388607718	0.9868195064101498	0.973057
BMP6	Monocyte count	ukb-d-30130_irnt	Neale UKB, monocyte count	rs9406052	0.0006445815494489264	0.01932836617655292	0.03334899305823701	0.9733962846558943	0.9868195064101498	0.973396
PRKCQ	Monocyte count	ukb-d-30130_irnt	Neale UKB, monocyte count	rs2255088	0.0005429586230432427	0.016297952106652094	0.033314530530595396	0.9734237665041297	0.9868195064101498	0.973424
CYB5R2	Leukocyte count	ukb-d-30000_irnt	Neale UKB, white blood cell count	rs35045958	0.00016211332296097876	0.005046910338548801	0.032121300377131956	0.9743753169290399	0.9874067025203721	0.974375
CD300C	Lymphocyte count	ukb-d-30120_irnt	Neale UKB, lymphocyte count	rs72844303	-0.00014502132274973198	0.004594721136639528	-0.031562595081841505	0.9748208733181765	0.9874081503016364	0.974821
PADI2	Leukocyte count	ukb-d-30000_irnt	Neale UKB, white blood cell count	rs2235910	-9.671685558473773e-05	0.0031013148183063944	-0.031185758702676338	0.9751213973001456	0.9874081503016364	0.975121
C1QA	Monocyte count	ukb-d-30130_irnt	Neale UKB, monocyte count	rs12058824	0.0003020382586843504	0.010637654814055384	0.028393312620491454	0.9773484578084211	0.989036691187593	0.977348
NPDC1	Monocyte count	ukb-d-30130_irnt	Neale UKB, monocyte count	rs10747042	-0.00016524916593490806	0.005852851575442614	-0.028233958063836825	0.9774755533946762	0.989036691187593	0.977476
APOD	Neutrophil count	ukb-d-30140_irnt	Neale UKB, neutrophil count	rs7640745	-0.0004692965715278624	0.01748725002811736	-0.02683649920789666	0.9785901415352962	0.98978682507689	0.97859
CPXM1	Leukocyte count	ukb-d-30000_irnt	Neale UKB, white blood cell count	rs34211052	-0.000880322170840279	0.03395941689496657	-0.025922770510549	0.9793189379069267	0.9901463299005602	0.979319
APPL2	Monocyte count	ukb-d-30130_irnt	Neale UKB, monocyte count	rs1196796	0.00013047864231247906	0.005332568248206332	0.02446825548953208	0.9804791045800163	0.9904625936710711	0.980479
PLXDC2	Leukocyte count	ukb-d-30000_irnt	Neale UKB, white blood cell count	rs4634985	0.0005724610223065968	0.02347958676158164	0.0243812222131304	0.980548526377016	0.9904625936710711	0.980549
CD2	Monocyte count	ukb-d-30130_irnt	Neale UKB, monocyte count	rs798034	-0.001149722084055682	0.047655076248433334	-0.024125910072245016	0.9807521760860607	0.9904625936710711	0.980752
CD1C	Neutrophil count	ukb-d-30140_irnt	Neale UKB, neutrophil count	rs6699757	0.0004584103808311956	0.020801648083958076	0.022037214502475644	0.9824182698586792	0.9917675111021002	0.982418
CD274	Monocyte count	ukb-d-30130_irnt	Neale UKB, monocyte count	rs2890658	-0.0002740368497257642	0.012795466642057983	-0.021416714012212765	0.9829132407698775	0.9918896173979128	0.982913
FGFR2	Lymphocyte count	ukb-d-30120_irnt	Neale UKB, lymphocyte count	rs1896422	-0.00011317992102148953	0.005867809268623658	-0.019288275375050967	0.9846111370855015	0.9932250800877711	0.984611
S100P	Leukocyte count	ukb-d-30000_irnt	Neale UKB, white blood cell count	rs3822263	-4.4883850072228074e-05	0.0024096361796630507	-0.018626816135581252	0.9851388103622727	0.9933795152398277	0.985139
MSLN	Leukocyte count	ukb-d-30000_irnt	Neale UKB, white blood cell count	rs73493221	-0.00012463088903471125	0.007022193539237969	-0.017748142135119205	0.9858397748150345	0.9937085073392138	0.98584
ITGA5	Neutrophil count	ukb-d-30140_irnt	Neale UKB, neutrophil count	rs56321811	-0.00025044889395483145	0.014797812756465379	-0.016924723814024926	0.986496668839169	0.9937757819976256	0.986497
ITGAX	Monocyte count	ukb-d-30130_irnt	Neale UKB, monocyte count	rs11574631	6.00181225098193e-05	0.0035885188320692566	0.016725040418754302	0.9866559705881404	0.9937757819976256	0.986656
ACSL1	Leukocyte count	ukb-d-30000_irnt	Neale UKB, white blood cell count	rs2046814	0.000598746813692472	0.03899138745784863	0.01535587350770072	0.9877482671113806	0.9941777419027402	0.987748
SHD	Neutrophil count	ukb-d-30140_irnt	Neale UKB, neutrophil count	rs4807567	0.0001652916077469453	0.010813973490171895	0.015285002122223426	0.9878048076597739	0.9941777419027402	0.987805
F2R	Lymphocyte count	ukb-d-30120_irnt	Neale UKB, lymphocyte count	rs250735	9.564782100602048e-05	0.007158785700780563	0.013360900158750591	0.9893398612092341	0.9948268827463214	0.98934
RAB37	Monocyte count	ukb-d-30130_irnt	Neale UKB, monocyte count	rs1054131	0.0003464640539099811	0.026221879907474287	0.01321278471003999	0.9894580298076554	0.9948268827463214	0.989458
EPS8L2	Lymphocyte count	ukb-d-30120_irnt	Neale UKB, lymphocyte count	rs4078520	0.00013764403884056688	0.01065031351593014	0.012923942439317554	0.9896884729165489	0.9948268827463214	0.989689
AMY2B	Monocyte count	ukb-d-30130_irnt	Neale UKB, monocyte count	rs11184556	0.00011555839127108405	0.009242016523685176	0.012503590636841463	0.9900238380221018	0.9948268827463214	0.990024
FHIT	Monocyte count	ukb-d-30130_irnt	Neale UKB, monocyte count	rs11130745	-0.00010056226268367375	0.008750094177249488	-0.011492706323680345	0.990830348921037	0.9948268827463214	0.99083
IL10RB	Leukocyte count	ukb-d-30000_irnt	Neale UKB, white blood cell count	rs2515716	0.00013435891410485852	0.011846801481845038	0.011341366216928729	0.9909510929858558	0.9948268827463214	0.990951
IFNGR1	Lymphocyte count	ukb-d-30120_irnt	Neale UKB, lymphocyte count	rs11754268	0.0001840628233680083	0.01645585676630769	0.011185247051059968	0.9910756501567801	0.9948268827463214	0.991076
CLEC4D	Monocyte count	ukb-d-30130_irnt	Neale UKB, monocyte count	rs57832572	-3.848016670790182e-05	0.004264449566202161	-0.009023477968382104	0.9928004039467195	0.9961811090679911	0.9928
LIF	Neutrophil count	ukb-d-30140_irnt	Neale UKB, neutrophil count	rs3747150	-0.0004803430556035472	0.0656407010560837	-0.007317762422938475	0.9941613224530139	0.9968808683288876	0.994161
MAP4K5	Monocyte count	ukb-d-30130_irnt	Neale UKB, monocyte count	rs8181933	0.00019861387847403412	0.02755793231386133	0.0072071400790157825	0.9942495839856362	0.9968808683288876	0.99425
UBE2B	Leukocyte count	ukb-d-30000_irnt	Neale UKB, white blood cell count	rs244692	-7.556282587232362e-05	0.012259725803596215	-0.006163500479770791	0.9950822692631072	0.9971588419217657	0.995082
GZMH	Leukocyte count	ukb-d-30000_irnt	Neale UKB, white blood cell count	rs4982988	-0.00010990664828974251	0.018574270343024498	-0.005917144860068087	0.9952788290222148	0.9971588419217657	0.995279
IL5RA	Neutrophil count	ukb-d-30140_irnt	Neale UKB, neutrophil count	rs1153465	-0.00027630409738856076	0.05269482050720195	-0.0052434773423471	0.9958163295546409	0.9973205838288927	0.995816
ACSL1	Lymphocyte count	ukb-d-30120_irnt	Neale UKB, lymphocyte count	rs2046814	0.00016817888650907728	0.038902875654799406	0.004323045113718457	0.9965507197918846	0.9976793163035401	0.996551
CD1C	Leukocyte count	ukb-d-30000_irnt	Neale UKB, white blood cell count	rs6699757	-3.6046904733120887e-05	0.02083102523808769	-0.0017304431405139053	0.9986193068239024	0.9993576747969946	0.998619
SIGLEC7	Monocyte count	ukb-d-30130_irnt	Neale UKB, monocyte count	rs12983058	8.602885121473275e-06	0.010686344616792309	0.0008050353446355148	0.9993576747969946	0.9993576747969946	0.999358
SIGLEC9	Monocyte count	ukb-d-30130_irnt	Neale UKB, monocyte count	rs12983058	8.31833085033662e-06	0.01033287656966515	0.0008050353446355148	0.9993576747969946	0.9993576747969946	0.999358
