accession	trait	soma_target	gene_token	full_pvalue
GCST90240424	Beta-defensin 119 levels (DEFB119.10689.5.3)	DEFB119.10689.5.3	DEFB119	True
GCST90240425	Beta-defensin 119 levels (DEFB119.8315.5.3)	DEFB119.8315.5.3	DEFB119	True
GCST90240426	Beta-defensin 119 levels (DEFB119.8370.102.3)	DEFB119.8370.102.3	DEFB119	True
GCST90240427	Beta-defensin 121 levels (DEFB121.5765.53.3)	DEFB121.5765.53.3	DEFB121	True
GCST90240428	Beta-defensin 123 levels (DEFB123.9362.11.3)	DEFB123.9362.11.3	DEFB123	True
GCST90240429	Beta-defensin 125 levels (DEFB125.9486.13.3)	DEFB125.9486.13.3	DEFB125	True
GCST90240430	Beta-defensin 128 levels (DEFB128.6360.7.3)	DEFB128.6360.7.3	DEFB128	True
GCST90240431	Beta-defensin 134 levels (DEFB134.10610.8.3)	DEFB134.10610.8.3	DEFB134	True
GCST90240432	Beta-defensin 135 levels (DEFB135.6411.58.3)	DEFB135.6411.58.3	DEFB135	True
GCST90240433	Beta-defensin 136 levels (DEFB136.9332.6.3)	DEFB136.9332.6.3	DEFB136	True
GCST90240434	Beta-endorphin levels (POMC.2558.51.3)	POMC.2558.51.3	POMC	True
GCST90240435	Beta-endorphin levels (POMC.4890.10.1)	POMC.4890.10.1	POMC	True
GCST90240436	Beta-galactoside alpha-2,6-sialyltransferase 1 levels (ST6GAL1.6035.2.3)	ST6GAL1.6035.2.3	ST6GAL1	True
GCST90240437	Beta-mannosidase levels (MANBA.6382.17.3)	MANBA.6382.17.3	MANBA	True
GCST90240438	Beta-microseminoprotein levels (MSMB.10620.21.3)	MSMB.10620.21.3	MSMB	True
GCST90240439	beta-nerve growth factor levels (NGF.5801.72.3)	NGF.5801.72.3	NGF	True
GCST90240440	Beta-sarcoglycan levels (SGCB.7034.4.3)	SGCB.7034.4.3	SGCB	True
GCST90240441	Beta-soluble NSF attachment protein levels (NAPB.12655.30.3)	NAPB.12655.30.3	NAPB	True
GCST90240442	BH3-interacting domain death agonist levels (BID.5798.3.3)	BID.5798.3.3	BID	True
GCST90240443	Bifunctional 3'-phosphoadenosine 5'-phosphosulfate synthase 1 levels (PAPSS1.14007.22.3)	PAPSS1.14007.22.3	PAPSS1	True
GCST90240444	Bifunctional heparan sulfate N-deacetylase/N-sulfotransferase 1 levels (NDST1.6927.7.3)	NDST1.6927.7.3	NDST1	True
GCST90240445	Bifunctional polynucleotide phosphatase/kinase levels (PNKP.13657.2.3)	PNKP.13657.2.3	PNKP	True
GCST90240446	Biglycan levels (BGN.13690.26.3)	BGN.13690.26.3	BGN	True
GCST90240447	Biglycan levels (BGN.3284.75.1)	BGN.3284.75.1	BGN	True
GCST90240448	Bile salt sulfotransferase levels (SULT2A1.9829.91.3)	SULT2A1.9829.91.3	SULT2A1	True
GCST90240449	Bile salt-activated lipase levels (CEL.9796.4.3)	CEL.9796.4.3	CEL	True
GCST90240450	Biliverdin reductase A levels (BLVRA.11382.5.3)	BLVRA.11382.5.3	BLVRA	True
GCST90240451	Bis(5'-adenosyl)-triphosphatase levels (FHIT.9826.135.3)	5'-adenosyl	5'-adenosyl	True
GCST90240452	Bisphosphoglycerate mutase levels (BPGM.12020.39.3)	BPGM.12020.39.3	BPGM	True
GCST90240453	BMP-binding endothelial regulator protein levels (BMPER.3654.27.5)	BMPER.3654.27.5	BMPER	True
GCST90240454	BolA-like protein 2 levels (BOLA2.8404.102.3)	BOLA2.8404.102.3	BOLA2	True
GCST90240455	Bombesin receptor-activated protein C6orf89 levels (C6orf89.10885.36.3)	C6orf89.10885.36.3	C6orf89	True
GCST90240456	Bone morphogenetic protein 10 levels (BMP10.3587.53.2)	BMP10.3587.53.2	BMP10	True
GCST90240457	Bone morphogenetic protein 6 levels (BMP6.8459.10.3)	BMP6.8459.10.3	BMP6	True
GCST90240458	Bone morphogenetic protein 6 levels (BMP6.3736.60.3)	BMP6.3736.60.3	BMP6	True
GCST90240381	Basigin levels (BSG.3585.54.6)	BSG.3585.54.6	BSG	True
GCST90240382	Bcl-2-like protein 1 levels (BCL2L1.4423.77.2)	BCL2L1.4423.77.2	BCL2L1	True
GCST90240383	Bcl-2-like protein 2 levels (BCL2L2.13097.11.3)	BCL2L2.13097.11.3	BCL2L2	True
GCST90240384	Bcl-2-like protein 2 levels (BCL2L2.7134.14.3)	BCL2L2.7134.14.3	BCL2L2	True
GCST90240385	Bcl-2-related protein A1 levels (BCL2A1.3413.50.2)	BCL2A1.3413.50.2	BCL2A1	True
GCST90240386	Bcl10-interacting CARD protein levels (C9orf89.7778.104.3)	C9orf89.7778.104.3	C9orf89	True
GCST90240387	Bcl2-associated agonist of cell death levels (BAD.5870.23.2)	BAD.5870.23.2	BAD	True
GCST90240388	BCL2/adenovirus E1B 19 kDa protein-interacting protein 3 levels (BNIP3.7045.4.3)	BNIP3.7045.4.3	BNIP3	True
GCST90240389	BCL2/adenovirus E1B 19 kDa protein-interacting protein 3-like levels (BNIP3L.7835.2.3)	BNIP3L.7835.2.3	BNIP3L	True
GCST90240390	BDNF/NT-3 growth factors receptor levels (NTRK2.4866.59.2)	NTRK2.4866.59.2	NTRK2	True
GCST90240391	Beclin-1 levels (BECN1.13032.1.3)	BECN1.13032.1.3	BECN1	True
GCST90240392	BET1-like protein levels (BET1L.10959.125.3)	BET1L.10959.125.3	BET1L	True
GCST90240393	Beta-1,3-galactosyl-O-glycosyl-glycoprotein beta-1,6-N-acetylglucosaminyltransferase levels (GCNT1.7016.12.3)	GCNT1.7016.12.3	GCNT1	True
GCST90240394	Beta-1,3-galactosyl-O-glycosyl-glycoprotein beta-1,6-N-acetylglucosaminyltransferase 4 levels (GCNT4.10854.15.3)	GCNT4.10854.15.3	GCNT4	True
GCST90240395	Beta-1,3-galactosyl-O-glycosyl-glycoprotein beta-1,6-N-acetylglucosaminyltransferase 4 levels (GCNT4.10842.7.3)	GCNT4.10842.7.3	GCNT4	True
GCST90240396	Beta-1,3-galactosyltransferase 6 levels (B3GALT6.7981.230.3)	B3GALT6.7981.230.3	B3GALT6	True
GCST90240397	Beta-1,3-glucosyltransferase levels (B3GALTL.5727.35.3)	B3GALTL.5727.35.3	B3GALTL	True
GCST90240398	Beta-1,3-N-acetylglucosaminyltransferase manic fringe levels (MFNG.5605.77.3)	MFNG.5605.77.3	MFNG	True
GCST90240399	Beta-1,3-N-acetylglucosaminyltransferase radical fringe levels (RFNG.7203.125.3)	RFNG.7203.125.3	RFNG	True
GCST90240400	Beta-1,4-galactosyltransferase 1 levels (B4GALT1.13381.49.3)	B4GALT1.13381.49.3	B4GALT1	True
GCST90240401	Beta-1,4-galactosyltransferase 2 levels (B4GALT2.9595.11.3)	B4GALT2.9595.11.3	B4GALT2	True
GCST90240402	Beta-1,4-galactosyltransferase 3 levels (B4GALT3.6921.24.3)	B4GALT3.6921.24.3	B4GALT3	True
GCST90240403	Beta-1,4-galactosyltransferase 5 levels (B4GALT5.10425.3.3)	B4GALT5.10425.3.3	B4GALT5	True
GCST90240404	Beta-1,4-galactosyltransferase 6 levels (B4GALT6.10832.24.3)	B4GALT6.10832.24.3	B4GALT6	True
GCST90240405	Beta-1,4-galactosyltransferase 7 levels (B4GALT7.7806.33.3)	B4GALT7.7806.33.3	B4GALT7	True
GCST90240406	Beta-1,4-glucuronyltransferase 1 levels (B3GNT1.8259.25.3)	B3GNT1.8259.25.3	B3GNT1	True
GCST90240407	beta-adrenergic receptor kinase 1 levels (ADRBK1.3347.9.2)	ADRBK1.3347.9.2	ADRBK1	True
GCST90240408	Beta-arrestin-1 levels (ARRB1.12643.4.3)	ARRB1.12643.4.3	ARRB1	True
GCST90240409	Beta-crystallin B2 levels (CRYBB2.10000.28.3)	CRYBB2.10000.28.3	CRYBB2	True
GCST90240410	Beta-defensin 1 levels (DEFB1.6629.3.3)	DEFB1.6629.3.3	DEFB1	True
GCST90240411	Beta-defensin 103 levels (DEFB103A.5679.16.3)	DEFB103A.5679.16.3	DEFB103A	True
GCST90240412	Beta-defensin 104 levels (DEFB104A.5763.67.3)	DEFB104A.5763.67.3	DEFB104A	True
GCST90240413	Beta-defensin 105 levels (DEFB105A.10962.46.3)	DEFB105A.10962.46.3	DEFB105A	True
GCST90240414	Beta-defensin 106 levels (DEFB106A.5664.57.3)	DEFB106A.5664.57.3	DEFB106A	True
GCST90240415	Beta-defensin 107 levels (DEFB107A.6399.52.3)	DEFB107A.6399.52.3	DEFB107A	True
GCST90240416	Beta-defensin 108B levels (DEFB108B.5611.56.3)	DEFB108B.5611.56.3	DEFB108B	True
GCST90240417	Beta-defensin 110 levels (DEFB110.8340.9.3)	DEFB110.8340.9.3	DEFB110	True
GCST90240418	Beta-defensin 112 levels (DEFB112.5689.1.3)	DEFB112.5689.1.3	DEFB112	True
GCST90240419	Beta-defensin 113 levels (DEFB113.13374.4.3)	DEFB113.13374.4.3	DEFB113	True
GCST90240420	Beta-defensin 115 levels (DEFB115.8391.12.3)	DEFB115.8391.12.3	DEFB115	True
GCST90240421	Beta-defensin 116 levels (DEFB116.11144.10.3)	DEFB116.11144.10.3	DEFB116	True
GCST90240422	Beta-defensin 118 levels (DEFB118.9306.7.3)	DEFB118.9306.7.3	DEFB118	True
GCST90240423	Beta-defensin 119 levels (DEFB119.13455.10.3)	DEFB119.13455.10.3	DEFB119	True
GCST90240459	Bone morphogenetic protein 7 levels (BMP7.2972.57.2)	BMP7.2972.57.2	BMP7	True
GCST90240460	Bone morphogenetic protein receptor type-1A levels (BMPR1A.4859.6.1)	BMPR1A.4859.6.1	BMPR1A	True
GCST90240461	Bone sialoprotein 2 levels (IBSP.14023.84.3)	IBSP.14023.84.3	IBSP	True
GCST90240462	Bone sialoprotein 2 levels (IBSP.3415.61.2)	IBSP.3415.61.2	IBSP	True
GCST90240463	BPI fold-containing family A member 1 levels (BPIFA1.6473.55.3)	BPIFA1.6473.55.3	BPIFA1	True
GCST90240464	BPI fold-containing family B member 1 levels (BPIFB1.11246.3.3)	BPIFB1.11246.3.3	BPIFB1	True
GCST90240465	Brain natriuretic peptide 32 levels (NPPB.3723.1.2)	NPPB.3723.1.2	NPPB	True
GCST90240466	Brain-derived neurotrophic factor levels (BDNF.2421.7.3)	BDNF.2421.7.3	BDNF	True
GCST90240467	Brain-specific serine protease 4 levels (PRSS22.4534.10.2)	PRSS22.4534.10.2	PRSS22	True
GCST90240468	BRCA1-associated RING domain protein 1 levels (BARD1.13977.28.3)	BARD1.13977.28.3	BARD1	True
GCST90240469	Breast cancer anti-estrogen resistance protein 3 levels (BCAR3.12634.79.3)	BCAR3.12634.79.3	BCAR3	True
GCST90240470	Brevican core protein levels (BCAN.3461.58.1)	BCAN.3461.58.1	BCAN	True
GCST90240471	BRICHOS domain-containing protein 5 levels (BRICD5.6612.90.3)	BRICD5.6612.90.3	BRICD5	True
GCST90240472	BRISC complex subunit Abro1 levels (FAM175B.8945.7.3)	FAM175B.8945.7.3	FAM175B	True
GCST90240473	Bromodomain testis-specific protein levels (BRDT.12748.6.3)	BRDT.12748.6.3	BRDT	True
GCST90240474	Bromodomain-containing protein 1 levels (BRD1.11607.15.3)	BRD1.11607.15.3	BRD1	True
GCST90240475	Brorin levels (VWC2.11121.56.3)	VWC2.11121.56.3	VWC2	True
GCST90240476	Brother of CDO levels (BOC.4328.2.2)	BOC.4328.2.2	BOC	True
GCST90240477	BTB/POZ domain-containing protein KCTD5 levels (KCTD5.12473.48.3)	KCTD5.12473.48.3	KCTD5	True
GCST90240478	Butyrophilin-like protein 9 levels (BTNL9.7950.142.3)	BTNL9.7950.142.3	BTNL9	True
GCST90240479	C-C motif chemokine 1 levels (CCL1.2770.51.2)	CCL1.2770.51.2	CCL1	True
GCST90240480	C-C motif chemokine 1 levels (CCL1.13687.5.3)	CCL1.13687.5.3	CCL1	True
GCST90240481	C-C motif chemokine 13 levels (CCL13.4144.13.1)	CCL13.4144.13.1	CCL13	True
GCST90240482	C-C motif chemokine 14 levels (CCL14.2900.53.3)	CCL14.2900.53.3	CCL14	True
GCST90240483	C-C motif chemokine 15 levels (CCL15.14109.15.3)	CCL15.14109.15.3	CCL15	True
GCST90240484	C-C motif chemokine 15 levels (CCL15.3509.1.1)	CCL15.3509.1.1	CCL15	True
GCST90240485	C-C motif chemokine 16 levels (CCL16.4913.78.1)	CCL16.4913.78.1	CCL16	True
GCST90240486	C-C motif chemokine 17 levels (CCL17.3519.3.2)	CCL17.3519.3.2	CCL17	True
GCST90240487	C-C motif chemokine 19 levels (CCL19.4922.13.1)	CCL19.4922.13.1	CCL19	True
GCST90240488	C-C motif chemokine 20 levels (CCL20.2468.62.3)	CCL20.2468.62.3	CCL20	True
GCST90240489	C-C motif chemokine 21 levels (CCL21.2516.57.3)	CCL21.2516.57.3	CCL21	True
GCST90240490	C-C motif chemokine 22 levels (CCL22.3508.78.3)	CCL22.3508.78.3	CCL22	True
GCST90240491	C-C motif chemokine 23 levels (CCL23.2913.1.2)	CCL23.2913.1.2	CCL23	True
GCST90240492	C-C motif chemokine 24 levels (CCL24.4128.27.2)	CCL24.4128.27.2	CCL24	True
GCST90240493	C-C motif chemokine 25 levels (CCL25.2705.5.2)	CCL25.2705.5.2	CCL25	True
GCST90240494	C-C motif chemokine 25 levels (CCL25.14068.29.3)	CCL25.14068.29.3	CCL25	True
GCST90240495	C-C motif chemokine 26 levels (CCL26.9168.31.3)	CCL26.9168.31.3	CCL26	True
GCST90240120	[Pyruvate dehydrogenase (acetyl-transferring)] kinase isozyme 2, mitochondrial levels (PDK2.12651.21.3)	acetyl-transferring	acetyl-transferring	True
GCST90240121	1-phosphatidylinositol 4,5-bisphosphate phosphodiesterase gamma-1 levels (PLCG1.4563.61.2)	PLCG1.4563.61.2	PLCG1	True
GCST90240122	14-3-3 protein epsilon levels (YWHAE.14157.21.3)	YWHAE.14157.21.3	YWHAE	True
GCST90240123	14-3-3 protein family levels (YWHAB.YWHAE.YWHAG.YWHAH.YWHAQ.YWHAZ.SFN.4707.50.2)	YWHAB.YWHAE.YWHAG.YWHAH.YWHAQ.YWHAZ.SFN.4707.50.2	YWHAB	True
GCST90240124	14-3-3 protein sigma levels (SFN.4829.43.6)	SFN.4829.43.6	SFN	True
GCST90240125	14-3-3 protein theta levels (YWHAQ.7625.27.3)	YWHAQ.7625.27.3	YWHAQ	True
GCST90240126	14-3-3 protein zeta/delta levels (YWHAZ.5858.6.5)	YWHAZ.5858.6.5	YWHAZ	True
GCST90240127	15-hydroxyprostaglandin dehydrogenase [NAD(+)] levels (HPGD.4995.16.1)	+	+	True
GCST90240128	17-beta-hydroxysteroid dehydrogenase 14 levels (HSD17B14.13972.4.3)	HSD17B14.13972.4.3	HSD17B14	True
GCST90240129	2-phosphoxylose phosphatase 1 levels (ACPL2.6079.59.3)	ACPL2.6079.59.3	ACPL2	True
GCST90240130	2'-5'-oligoadenylate synthase 1 levels (OAS1.10361.25.3)	OAS1.10361.25.3	OAS1	True
GCST90240131	2',3'-cyclic-nucleotide 3'-phosphodiesterase levels (CNP.6609.22.3)	CNP.6609.22.3	CNP	True
GCST90240132	26S proteasome non-ATPase regulatory subunit 1 levels (PSMD1.8824.2.3)	PSMD1.8824.2.3	PSMD1	True
GCST90240133	26S proteasome non-ATPase regulatory subunit 11 levels (PSMD11.13572.43.3)	PSMD11.13572.43.3	PSMD11	True
GCST90240134	26S proteasome non-ATPase regulatory subunit 4 levels (PSMD4.13568.30.3)	PSMD4.13568.30.3	PSMD4	True
GCST90240135	26S proteasome non-ATPase regulatory subunit 5 levels (PSMD5.10716.35.3)	PSMD5.10716.35.3	PSMD5	True
GCST90240136	26S proteasome non-ATPase regulatory subunit 7 levels (PSMD7.3898.5.2)	PSMD7.3898.5.2	PSMD7	True
GCST90240137	3-hydroxy-3-methylglutaryl-coenzyme A reductase levels (HMGCR.5230.99.3)	HMGCR.5230.99.3	HMGCR	True
GCST90240138	3-hydroxyacyl-CoA dehydrogenase type-2 levels (HSD17B10.4217.49.3)	HSD17B10.4217.49.3	HSD17B10	True
GCST90240139	3-hydroxyanthranilate 3,4-dioxygenase levels (HAAO.5861.78.3)	HAAO.5861.78.3	HAAO	True
GCST90240140	3-mercaptopyruvate sulfurtransferase levels (MPST.12686.15.3)	MPST.12686.15.3	MPST	True
GCST90240141	39S ribosomal protein L14, mitochondrial levels (MRPL14.8021.59.3)	MRPL14.8021.59.3	MRPL14	True
GCST90240142	39S ribosomal protein L14, mitochondrial levels (MRPL32.7982.10.3)	MRPL32.7982.10.3	MRPL32	True
GCST90240143	39S ribosomal protein L33, mitochondrial levels (MRPL33.13453.2.3)	MRPL33.13453.2.3	MRPL33	True
GCST90240144	39S ribosomal protein L34, mitochondrial levels (MRPL34.6933.20.3)	MRPL34.6933.20.3	MRPL34	True
GCST90240145	39S ribosomal protein L52, mitochondrial levels (MRPL52.7123.25.3)	MRPL52.7123.25.3	MRPL52	True
GCST90240146	4-hydroxy-2-oxoglutarate aldolase, mitochondrial levels (HOGA1.10024.44.3)	HOGA1.10024.44.3	HOGA1	True
GCST90240147	40S ribosomal protein S3 levels (RPS3.5026.66.1)	RPS3.5026.66.1	RPS3	True
GCST90240148	40S ribosomal protein S3a levels (RPS3A.5484.63.3)	RPS3A.5484.63.3	RPS3A	True
GCST90240149	40S ribosomal protein S4, X isoform levels (RPS4X.9758.17.3)	RPS4X.9758.17.3	RPS4X	True
GCST90240150	40S ribosomal protein S7 levels (RPS7.3864.5.2)	RPS7.3864.5.2	RPS7	True
GCST90240151	40S ribosomal protein SA levels (RPSA.4957.1.2)	RPSA.4957.1.2	RPSA	True
GCST90240152	5-formyltetrahydrofolate cyclo-ligase levels (MTHFS.14107.1.3)	MTHFS.14107.1.3	MTHFS	True
GCST90240153	5'-Nucleotidase levels (NT5E.6993.8.3)	NT5E.6993.8.3	NT5E	True
GCST90240154	5'(3')-deoxyribonucleotidase, cytosolic type levels (NT5C.12560.9.3)	3'	3'	True
GCST90240155	6-pyruvoyl tetrahydrobiopterin synthase levels (PTS.12014.19.3)	PTS.12014.19.3	PTS	True
GCST90240156	60S acidic ribosomal protein P2 levels (RPLP2.10949.59.3)	RPLP2.10949.59.3	RPLP2	True
GCST90240157	60S ribosomal protein L30 levels (RPL30.12478.15.3)	RPL30.12478.15.3	RPL30	True
GCST90240158	72 kDa inositol polyphosphate 5-phosphatase levels (INPP5E.11370.20.3)	INPP5E.11370.20.3	INPP5E	True
GCST90240159	72 kDa type IV collagenase levels (MMP2.4160.49.1)	MMP2.4160.49.1	MMP2	True
GCST90240160	A disintegrin and metalloproteinase with thrombospondin motifs 1 levels (ADAMTS1.3174.2.1)	ADAMTS1.3174.2.1	ADAMTS1	True
GCST90240161	A disintegrin and metalloproteinase with thrombospondin motifs 13 levels (ADAMTS13.3175.51.5)	ADAMTS13.3175.51.5	ADAMTS13	True
GCST90240162	A disintegrin and metalloproteinase with thrombospondin motifs 15 levels (ADAMTS15.4533.76.2)	ADAMTS15.4533.76.2	ADAMTS15	True
GCST90240163	A disintegrin and metalloproteinase with thrombospondin motifs 3 levels (ADAMTS3.8845.2.3)	ADAMTS3.8845.2.3	ADAMTS3	True
GCST90240164	A disintegrin and metalloproteinase with thrombospondin motifs 4 levels (ADAMTS4.2809.25.2)	ADAMTS4.2809.25.2	ADAMTS4	True
GCST90240165	A disintegrin and metalloproteinase with thrombospondin motifs 5 levels (ADAMTS5.3168.8.2)	ADAMTS5.3168.8.2	ADAMTS5	True
GCST90240166	A disintegrin and metalloproteinase with thrombospondin motifs 6 levels (ADAMTS6.6441.62.3)	ADAMTS6.6441.62.3	ADAMTS6	True
GCST90240167	A/G-specific adenine DNA glycosylase levels (MUTYH.10030.8.3)	MUTYH.10030.8.3	MUTYH	True
GCST90240168	AarF domain-containing protein kinase 4 levels (ADCK4.9794.17.3)	ADCK4.9794.17.3	ADCK4	True
GCST005806	[Pyruvate dehydrogenase (acetyl-transferring)] kinase isozyme 1, mitochondrial levels (PDK1.5227.60.3)	acetyl-transferring	acetyl-transferring	True
GCST90240169	Abelson tyrosine-protein kinase 2 levels (ABL2.5261.13.3)	ABL2.5261.13.3	ABL2	True
GCST90240170	Acetyl-CoA carboxylase 2 levels (ACACB.12900.29.3)	ACACB.12900.29.3	ACACB	True
GCST90240171	Acid ceramidase levels (ASAH1.5748.20.3)	ASAH1.5748.20.3	ASAH1	True
GCST90240325	Arachidonate 15-lipoxygenase B levels (ALOX15B.12422.143.3)	ALOX15B.12422.143.3	ALOX15B	True
GCST90240326	Arf-GAP domain and FG repeat-containing protein 1 levels (AGFG1.11681.8.3)	AGFG1.11681.8.3	AGFG1	True
GCST90240327	Arf-GAP with coiled-coil, ANK repeat and PH domain-containing protein 2 levels (ACAP2.12343.14.3)	ACAP2.12343.14.3	ACAP2	True
GCST90240328	Arf-GAP with SH3 domain, ANK repeat and PH domain-containing protein 2 levels (ASAP2.13518.5.3)	ASAP2.13518.5.3	ASAP2	True
GCST90240329	Arfaptin-1 levels (ARFIP1.13488.3.3)	ARFIP1.13488.3.3	ARFIP1	True
GCST90240330	Arfaptin-2 levels (ARFIP2.12630.8.3)	ARFIP2.12630.8.3	ARFIP2	True
GCST90240331	Arginine/serine-rich protein 1 levels (RSRP1.9050.170.3)	RSRP1.9050.170.3	RSRP1	True
GCST90240332	Argininosuccinate lyase levels (ASL.11241.8.3)	ASL.11241.8.3	ASL	True
GCST90240333	Armadillo repeat-containing protein 5 levels (ARMC5.8785.1.3)	ARMC5.8785.1.3	ARMC5	True
GCST90240334	Armadillo repeat-containing protein 5 levels (ARMC5.8816.44.3)	ARMC5.8816.44.3	ARMC5	True
GCST90240335	Armadillo repeat-containing protein 5 levels (ARMC5.9945.8.3)	ARMC5.9945.8.3	ARMC5	True
GCST90240336	Aromatic-L-amino-acid decarboxylase levels (DDC.3538.26.1)	DDC.3538.26.1	DDC	True
GCST90240337	Arrestin domain-containing protein 3 levels (ARRDC3.12352.70.3)	ARRDC3.12352.70.3	ARRDC3	True
GCST90240338	Artemin levels (ARTN.2939.10.2)	ARTN.2939.10.2	ARTN	True
GCST90240339	Arylamine N-acetyltransferase 1 levels (NAT1.12632.14.3)	NAT1.12632.14.3	NAT1	True
GCST90240340	Arylsulfatase A levels (ARSA.3583.54.4)	ARSA.3583.54.4	ARSA	True
GCST90240341	Arylsulfatase B levels (ARSB.3172.28.2)	ARSB.3172.28.2	ARSB	True
GCST90240342	Arylsulfatase K levels (ARSK.8269.327.3)	ARSK.8269.327.3	ARSK	True
GCST90240343	Asialoglycoprotein receptor 1 levels (ASGR1.5452.71.3)	ASGR1.5452.71.3	ASGR1	True
GCST90240344	Asialoglycoprotein receptor 2 levels (ASGR2.9474.22.3)	ASGR2.9474.22.3	ASGR2	True
GCST90240345	Aspartate aminotransferase, cytoplasmic levels (GOT1.4912.17.1)	GOT1.4912.17.1	GOT1	True
GCST90240346	Aspartyl/asparaginyl beta-hydroxylase levels (ASPH.6998.106.3)	ASPH.6998.106.3	ASPH	True
GCST90240347	Asporin levels (ASPN.6451.64.3)	ASPN.6451.64.3	ASPN	True
GCST90240348	Astacin-like metalloendopeptidase levels (ASTL.7993.23.3)	ASTL.7993.23.3	ASTL	True
GCST90240349	AT-rich interactive domain-containing protein 3A levels (ARID3A.3875.62.1)	ARID3A.3875.62.1	ARID3A	True
GCST90240350	ATP synthase subunit beta, mitochondrial levels (ATP5B.4965.27.1)	ATP5B.4965.27.1	ATP5B	True
GCST90240351	ATP-citrate synthase levels (ACLY.12700.9.3)	ACLY.12700.9.3	ACLY	True
GCST90240496	C-C motif chemokine 27 levels (CCL27.2192.63.10)	CCL27.2192.63.10	CCL27	True
GCST90240497	C-C motif chemokine 28 levels (CCL28.2890.59.2)	CCL28.2890.59.2	CCL28	True
GCST90240498	C-C motif chemokine 3 levels (CCL3.3040.59.1)	CCL3.3040.59.1	CCL3	True
GCST90240499	C-C motif chemokine 3-like 1 levels (CCL3L1.2783.18.2)	CCL3L1.2783.18.2	CCL3L1	True
GCST90240500	C-C motif chemokine 5 levels (CCL5.5480.49.3)	CCL5.5480.49.3	CCL5	True
GCST90240501	C-C motif chemokine 7 levels (CCL7.4886.3.1)	CCL7.4886.3.1	CCL7	True
GCST90240502	C-C motif chemokine 8 levels (CCL8.2785.15.2)	CCL8.2785.15.2	CCL8	True
GCST90240503	C-reactive protein levels (CRP.4337.49.2)	CRP.4337.49.2	CRP	True
GCST90240504	C-type lectin domain family 10 member A levels (CLEC10A.10955.4.3)	CLEC10A.10955.4.3	CLEC10A	True
GCST90240505	C-type lectin domain family 12 member A levels (CLEC12A.11187.11.3)	CLEC12A.11187.11.3	CLEC12A	True
GCST90240506	C-type lectin domain family 14 member A levels (CLEC14A.10461.57.3)	CLEC14A.10461.57.3	CLEC14A	True
GCST90240507	C-type lectin domain family 2 member A levels (CLEC2A.10953.14.3)	CLEC2A.10953.14.3	CLEC2A	True
GCST90240508	C-type lectin domain family 2 member B levels (CLEC2B.7786.83.3)	CLEC2B.7786.83.3	CLEC2B	True
GCST90240509	C-type lectin domain family 2 member D levels (CLEC2D.7054.87.3)	CLEC2D.7054.87.3	CLEC2D	True
GCST90240510	C-type lectin domain family 2 member L levels (CLEC2L.8242.9.3)	CLEC2L.8242.9.3	CLEC2L	True
GCST90240511	C-type lectin domain family 4 member D levels (CLEC4D.7752.31.3)	CLEC4D.7752.31.3	CLEC4D	True
GCST90240512	C-type lectin domain family 4 member E levels (CLEC4E.7077.9.4)	CLEC4E.7077.9.4	CLEC4E	True
GCST90240513	C-type lectin domain family 4 member K levels (CD207.3361.26.2)	CD207.3361.26.2	CD207	True
GCST90240514	C-type lectin domain family 4 member M levels (CLEC4M.3030.3.2)	CLEC4M.3030.3.2	CLEC4M	True
GCST90240515	C-type lectin domain family 5 member A levels (CLEC5A.8282.15.3)	CLEC5A.8282.15.3	CLEC5A	True
GCST90240516	C-type lectin domain family 6 member A levels (CLEC6A.6911.103.3)	CLEC6A.6911.103.3	CLEC6A	True
GCST90240517	C-type lectin domain family 7 member A levels (CLEC7A.3603.60.5)	CLEC7A.3603.60.5	CLEC7A	True
GCST90240518	C-type lectin-like domain family 1 levels (CLECL1.14308.192.3)	CLECL1.14308.192.3	CLECL1	True
GCST90240519	C-type mannose receptor 2 levels (MRC2.3041.55.2)	MRC2.3041.55.2	MRC2	True
GCST90240520	C-X-C motif chemokine 10 levels (CXCL10.4141.79.1)	CXCL10.4141.79.1	CXCL10	True
GCST90240521	C-X-C motif chemokine 11 levels (CXCL11.3038.9.2)	CXCL11.3038.9.2	CXCL11	True
GCST90240522	C-X-C motif chemokine 13 levels (CXCL13.3487.32.2)	CXCL13.3487.32.2	CXCL13	True
GCST90240523	C-X-C motif chemokine 14 levels (CXCL14.5730.60.3)	CXCL14.5730.60.3	CXCL14	True
GCST90240524	C-X-C motif chemokine 16 levels (CXCL16.2436.49.4)	CXCL16.2436.49.4	CXCL16	True
GCST90240525	C-X-C motif chemokine 5 levels (CXCL5.2979.8.2)	CXCL5.2979.8.2	CXCL5	True
GCST90240526	C-X-C motif chemokine 9 levels (CXCL9.9188.119.3)	CXCL9.9188.119.3	CXCL9	True
GCST90240527	C-X-C motif chemokine 9 levels (CXCL9.11593.21.3)	CXCL9.11593.21.3	CXCL9	True
GCST90240528	C1GALT1-specific chaperone 1 levels (C1GALT1C1.5735.54.3)	C1GALT1C1.5735.54.3	C1GALT1C1	True
GCST90240529	C3a anaphylatoxin des Arginine levels (C3.2755.8.2)	C3.2755.8.2	C3	True
GCST90240530	Cadherin-1 levels (CDH1.2501.51.3)	CDH1.2501.51.3	CDH1	True
GCST90240531	Cadherin-12 levels (CDH12.10701.30.3)	CDH12.10701.30.3	CDH12	True
GCST90240532	Cadherin-12 levels (CDH12.3656.9.1)	CDH12.3656.9.1	CDH12	True
GCST90240533	Cadherin-15 levels (CDH15.11215.6.3)	CDH15.11215.6.3	CDH15	True
GCST90240534	Cadherin-15 levels (CDH15.5410.53.3)	CDH15.5410.53.3	CDH15	True
GCST90240535	Cadherin-2 levels (CDH2.3797.1.1)	CDH2.3797.1.1	CDH2	True
GCST90240536	Cadherin-3 levels (CDH3.2643.57.2)	CDH3.2643.57.2	CDH3	True
GCST90240537	Cadherin-5 levels (CDH5.2819.23.2)	CDH5.2819.23.2	CDH5	True
GCST90240538	Cadherin-7 levels (CDH7.7959.34.3)	CDH7.7959.34.3	CDH7	True
GCST90240539	Cadherin-related family member 1 levels (CDHR1.8372.29.3)	CDHR1.8372.29.3	CDHR1	True
GCST90240540	Cadherin-related family member 3 levels (CDHR3.8222.49.3)	CDHR3.8222.49.3	CDHR3	True
GCST90240541	Cadherin-related family member 3 levels (CDHR3.9463.26.3)	CDHR3.9463.26.3	CDHR3	True
GCST90240542	Cadherin-related family member 5 levels (CDHR5.9962.1.3)	CDHR5.9962.1.3	CDHR5	True
GCST90240543	Calbindin levels (CALB1.9918.23.3)	CALB1.9918.23.3	CALB1	True
GCST90240544	Calcineurin B homologous protein 1 levels (CHP1.12458.79.3)	CHP1.12458.79.3	CHP1	True
GCST90240545	Calcineurin B homologous protein 3 levels (TESC.12831.21.3)	TESC.12831.21.3	TESC	True
GCST90240546	Calcineurin subunit B type 1 levels (PPP3R1.3657.74.3)	PPP3R1.3657.74.3	PPP3R1	True
GCST90240547	Calcipressin-1 levels (RCAN1.13465.5.3)	RCAN1.13465.5.3	RCAN1	True
GCST90240548	Calcium uptake protein 3, mitochondrial levels (EFHA2.6912.6.3)	EFHA2.6912.6.3	EFHA2	True
GCST90240549	Calcium-binding and coiled-coil domain-containing protein 2 levels (CALCOCO2.12534.10.3)	CALCOCO2.12534.10.3	CALCOCO2	True
GCST90240550	Calcium-binding protein 8 levels (CALN1.10933.107.3)	CALN1.10933.107.3	CALN1	True
GCST90240551	Calcium-dependent phospholipase A2 levels (PLA2G5.2449.1.4)	PLA2G5.2449.1.4	PLA2G5	True
GCST90240552	Calcium-regulated heat stable protein 1 levels (CARHSP1.12808.103.3)	CARHSP1.12808.103.3	CARHSP1	True
GCST90240553	Calcium/calmodulin-dependent 3',5'-cyclic nucleotide phosphodiesterase 1A levels (PDE1A.5253.1.1)	PDE1A.5253.1.1	PDE1A	True
GCST90240554	Calcium/calmodulin-dependent protein kinase kinase 1 levels (CAMKK1.3877.67.2)	CAMKK1.3877.67.2	CAMKK1	True
GCST90240555	Calcium/calmodulin-dependent protein kinase type 1 levels (CAMK1.3592.4.3)	CAMK1.3592.4.3	CAMK1	True
GCST90240172	Acid sphingomyelinase-like phosphodiesterase 3a levels (SMPDL3A.14086.11.3)	SMPDL3A.14086.11.3	SMPDL3A	True
GCST90240173	Acid sphingomyelinase-like phosphodiesterase 3a levels (SMPDL3A.4771.10.3)	SMPDL3A.4771.10.3	SMPDL3A	True
GCST90240174	Acid-sensing ion channel 4 levels (ASIC4.6951.26.3)	ASIC4.6951.26.3	ASIC4	True
GCST90240175	Acidic leucine-rich nuclear phosphoprotein 32 family member A levels (ANP32A.13073.14.3)	ANP32A.13073.14.3	ANP32A	True
GCST90240176	Acidic leucine-rich nuclear phosphoprotein 32 family member B levels (ANP32B.4194.26.3)	ANP32B.4194.26.3	ANP32B	True
GCST90240177	Actin-binding LIM protein 3 levels (ABLIM3.13578.98.3)	ABLIM3.13578.98.3	ABLIM3	True
GCST90240178	Actin-related protein 2/3 complex subunit 3 levels (ARPC3.13573.5.3)	ARPC3.13573.5.3	ARPC3	True
GCST90240179	Activated Protein C levels (PROC.3758.63.3)	PROC.3758.63.3	PROC	True
GCST90240180	Activated Protein C levels (PROC.3758.68.3)	PROC.3758.68.3	PROC	True
GCST90240181	Activating signal cointegrator 1 complex subunit 1 levels (ASCC1.10647.18.3)	ASCC1.10647.18.3	ASCC1	True
GCST90240182	Activator of 90 kDa heat shock protein ATPase homolog 1 levels (AHSA1.11633.89.3)	AHSA1.11633.89.3	AHSA1	True
GCST90240183	Activator of apoptosis harakiri levels (HRK.8008.28.3)	HRK.8008.28.3	HRK	True
GCST90240184	Activin receptor type-1B levels (ACVR1B.2806.49.2)	ACVR1B.2806.49.2	ACVR1B	True
GCST90240185	Acyl-CoA-binding domain-containing protein 6 levels (ACBD6.10075.75.3)	ACBD6.10075.75.3	ACBD6	True
GCST90240186	Acyl-CoA-binding domain-containing protein 7 levels (ACBD7.13563.259.3)	ACBD7.13563.259.3	ACBD7	True
GCST90240187	Acylphosphatase-2 levels (ACYP2.12812.25.3)	ACYP2.12812.25.3	ACYP2	True
GCST90240188	ADAMTS-like protein 1 levels (ADAMTSL1.6575.79.3)	ADAMTSL1.6575.79.3	ADAMTSL1	True
GCST90240189	Adapter molecule crk levels (CRK.4976.57.1)	CRK.4976.57.1	CRK	True
GCST90240190	Adenosine 3'-phospho 5'-phosphosulfate transporter 2 levels (SLC35B3.10660.33.3)	SLC35B3.10660.33.3	SLC35B3	True
GCST90240191	Adenosine deaminase CECR1 levels (CECR1.6077.63.3)	CECR1.6077.63.3	CECR1	True
GCST90240192	Adenylate kinase isoenzyme 1 levels (AK1.5012.67.1)	AK1.5012.67.1	AK1	True
GCST90240193	Adenylosuccinate synthetase isozyme 1 levels (ADSSL1.13998.26.3)	ADSSL1.13998.26.3	ADSSL1	True
GCST90240194	Adenylosuccinate synthetase isozyme 2 levels (ADSS.12644.63.3)	ADSS.12644.63.3	ADSS	True
GCST90240195	Adenylyltransferase and sulfurtransferase MOCS3 levels (MOCS3.14229.5.3)	MOCS3.14229.5.3	MOCS3	True
GCST90240196	Adhesion G protein-coupled receptor F5 levels (ADGRF5.6409.57.3)	ADGRF5.6409.57.3	ADGRF5	True
GCST90240197	Adhesion G-protein coupled receptor F1 levels (ADGRF1.11243.90.3)	ADGRF1.11243.90.3	ADGRF1	True
GCST90240198	Adhesion G-protein coupled receptor G5 levels (ADGRG5.4551.72.3)	ADGRG5.4551.72.3	ADGRG5	True
GCST90240199	Adipocyte plasma membrane-associated protein levels (APMAP.10605.22.3)	APMAP.10605.22.3	APMAP	True
GCST90240200	ADP-dependent glucokinase levels (ADPGK.6221.1.3)	ADPGK.6221.1.3	ADPGK	True
GCST90240201	ADP-ribose pyrophosphatase, mitochondrial levels (NUDT9.9482.110.3)	NUDT9.9482.110.3	NUDT9	True
GCST90240202	ADP-ribosyl cyclase/cyclic ADP-ribose hydrolase 1 levels (CD38.11505.1.3)	CD38.11505.1.3	CD38	True
GCST90240203	ADP-ribosyl cyclase/cyclic ADP-ribose hydrolase 1 levels (CD38.11513.92.3)	CD38.11513.92.3	CD38	True
GCST90240204	ADP-ribosyl cyclase/cyclic ADP-ribose hydrolase 2 levels (BST1.4535.50.2)	BST1.4535.50.2	BST1	True
GCST90240205	ADP-ribosylation factor 3 levels (ARF3.12578.13.3)	ARF3.12578.13.3	ARF3	True
GCST90240206	ADP-ribosylation factor 6 levels (ARF6.12425.104.3)	ARF6.12425.104.3	ARF6	True
GCST90240207	ADP-ribosylation factor GTPase-activating protein 2 levels (ARFGAP2.11664.32.3)	ARFGAP2.11664.32.3	ARFGAP2	True
GCST90240208	ADP-ribosylation factor-binding protein GGA1 levels (GGA1.13594.158.3)	GGA1.13594.158.3	GGA1	True
GCST90240209	ADP-ribosylation factor-binding protein GGA3 levels (GGA3.11683.19.3)	GGA3.11683.19.3	GGA3	True
GCST90240210	ADP-ribosylation factor-like protein 1 levels (ARL1.12392.30.3)	ARL1.12392.30.3	ARL1	True
GCST90240211	ADP-ribosylation factor-like protein 11 levels (ARL11.12433.8.3)	ARL11.12433.8.3	ARL11	True
GCST90240212	ADP-ribosylation factor-like protein 3 levels (ARL3.12571.14.3)	ARL3.12571.14.3	ARL3	True
GCST90240213	Adrenomedullin levels (ADM.14115.34.3)	ADM.14115.34.3	ADM	True
GCST90240214	Adseverin levels (SCIN.12684.5.3)	SCIN.12684.5.3	SCIN	True
GCST90240215	Advanced glycosylation end product-specific receptor, soluble levels (AGER.4125.52.2)	AGER.4125.52.2	AGER	True
GCST90240216	Aggrecan core protein levels (ACAN.3280.49.2)	ACAN.3280.49.2	ACAN	True
GCST90240217	Agouti-related protein levels (AGRP.2813.11.2)	AGRP.2813.11.2	AGRP	True
GCST90240218	Agouti-signaling protein levels (ASIP.5676.54.3)	ASIP.5676.54.3	ASIP	True
GCST90240219	Alanine aminotransferase 1 levels (GPT.3709.4.2)	GPT.3709.4.2	GPT	True
GCST90240220	Alanine--tRNA ligase, cytoplasmic levels (AARS.12340.17.3)	AARS.12340.17.3	AARS	True
GCST90240221	Alcohol dehydrogenase [NADP(+)] levels (AKR1A1.4192.10.2)	+	+	True
GCST90240222	Alcohol dehydrogenase 1B levels (ADH1B.9834.62.3)	ADH1B.9834.62.3	ADH1B	True
GCST90240223	Alcohol dehydrogenase 4 levels (ADH4.8325.37.3)	ADH4.8325.37.3	ADH4	True
GCST90240224	Aldehyde dehydrogenase family 3 member B1 levels (ALDH3B1.12940.35.3)	ALDH3B1.12940.35.3	ALDH3B1	True
GCST90240225	Aldehyde dehydrogenase, dimeric NADP-preferring levels (ALDH3A1.11480.1.3)	ALDH3A1.11480.1.3	ALDH3A1	True
GCST90240226	Aldo-keto reductase family 1 member C1 levels (AKR1C1.12618.50.3)	AKR1C1.12618.50.3	AKR1C1	True
GCST90240227	Aldose reductase levels (AKR1B1.9854.36.3)	AKR1B1.9854.36.3	AKR1B1	True
GCST90240228	All-trans-retinol 13,14-reductase levels (RETSAT.8381.18.4)	RETSAT.8381.18.4	RETSAT	True
GCST90240229	Allergin-1 levels (MILR1.11173.29.3)	MILR1.11173.29.3	MILR1	True
GCST90240230	Allograft inflammatory factor 1 levels (AIF1.2849.49.1)	AIF1.2849.49.1	AIF1	True
GCST90240231	Alpha-(1,3)-fucosyltransferase 10 levels (FUT10.7156.2.3)	1,3	1,3	True
GCST90240232	Alpha-(1,3)-fucosyltransferase 5 levels (FUT5.4549.78.2)	1,3	1,3	True
GCST90240233	Alpha-(1,3)-fucosyltransferase 9 levels (FUT9.6991.24.3)	1,3	1,3	True
GCST90240234	Alpha-(1,6)-fucosyltransferase levels (FUT8.8244.16.3)	1,6	1,6	True
GCST90240235	Alpha-1,3-mannosyl-glycoprotein 2-beta-N-acetylglucosaminyltransferase levels (MGAT1.10571.14.3)	MGAT1.10571.14.3	MGAT1	True
GCST90240236	Alpha-1,3-mannosyl-glycoprotein 4-beta-N-acetylglucosaminyltransferase B levels (MGAT4B.7141.21.3)	MGAT4B.7141.21.3	MGAT4B	True
GCST90240237	Alpha-1,3-mannosyl-glycoprotein 4-beta-N-acetylglucosaminyltransferase C levels (MGAT4C.7208.60.3)	MGAT4C.7208.60.3	MGAT4C	True
GCST90240238	Alpha-1,6-mannosyl-glycoprotein 2-beta-N-acetylglucosaminyltransferase levels (MGAT2.6909.40.3)	MGAT2.6909.40.3	MGAT2	True
GCST90240239	Alpha-2-antiplasmin levels (SERPINF2.3024.18.2)	SERPINF2.3024.18.2	SERPINF2	True
GCST90240240	Alpha-2-HS-glycoprotein levels (AHSG.3581.53.3)	AHSG.3581.53.3	AHSG	True
GCST90240241	alpha-2-macroglobulin receptor-associated protein levels (LRPAP1.3640.14.3)	LRPAP1.3640.14.3	LRPAP1	True
GCST90240242	Alpha-2-macroglobulin receptor-associated protein levels (LRPAP1.8829.4.3)	LRPAP1.8829.4.3	LRPAP1	True
GCST90240243	Alpha-2,8-sialyltransferase 8B levels (ST8SIA2.7920.30.3)	ST8SIA2.7920.30.3	ST8SIA2	True
GCST90240244	Alpha-2,8-sialyltransferase 8F levels (ST8SIA6.6930.95.3)	ST8SIA6.6930.95.3	ST8SIA6	True
GCST90240245	Alpha-amylase 1 levels (AMY1A.7918.114.3)	AMY1A.7918.114.3	AMY1A	True
GCST90240246	Alpha-crystallin A chain levels (CRYAA.10087.10.3)	CRYAA.10087.10.3	CRYAA	True
GCST90240247	alpha-Fetoprotein levels (AFP.5792.8.2)	AFP.5792.8.2	AFP	True
GCST90240248	Alpha-internexin levels (INA.11436.6.3)	INA.11436.6.3	INA	True
GCST90240249	Alpha-L-iduronidase levels (IDUA.3169.70.2)	IDUA.3169.70.2	IDUA	True
GCST90240250	Alpha-N-acetylgalactosaminide alpha-2,6-sialyltransferase 1 levels (ST6GALNAC1.7867.154.3)	ST6GALNAC1.7867.154.3	ST6GALNAC1	True
GCST90240251	Alpha-N-acetylgalactosaminide alpha-2,6-sialyltransferase 2 levels (ST6GALNAC2.7823.22.3)	ST6GALNAC2.7823.22.3	ST6GALNAC2	True
GCST90240252	Alpha-N-acetylgalactosaminide alpha-2,6-sialyltransferase 3 levels (ST6GALNAC3.10626.116.3)	ST6GALNAC3.10626.116.3	ST6GALNAC3	True
GCST90240253	Alpha-N-acetylgalactosaminide alpha-2,6-sialyltransferase 3 levels (ST6GALNAC3.10705.14.3)	ST6GALNAC3.10705.14.3	ST6GALNAC3	True
GCST90240254	Alpha-N-acetylgalactosaminide alpha-2,6-sialyltransferase 5 levels (ST6GALNAC5.7927.16.3)	ST6GALNAC5.7927.16.3	ST6GALNAC5	True
GCST90240255	Alpha-N-acetylgalactosaminide alpha-2,6-sialyltransferase 6 levels (ST6GALNAC6.7228.2.3)	ST6GALNAC6.7228.2.3	ST6GALNAC6	True
GCST90240256	Alpha-parvin levels (PARVA.13434.172.3)	PARVA.13434.172.3	PARVA	True
GCST90240257	alpha-S1-casein levels (CSN1S1.4695.49.2)	CSN1S1.4695.49.2	CSN1S1	True
GCST90240258	Alpha-synuclein levels (SNCA.8458.111.3)	SNCA.8458.111.3	SNCA	True
GCST90240259	Alpha-synuclein levels (SNCA.8458.16.3)	SNCA.8458.16.3	SNCA	True
GCST90240260	Alpha-taxilin levels (TXLNA.9065.28.3)	TXLNA.9065.28.3	TXLNA	True
GCST90240261	Alpha/beta hydrolase domain-containing protein 14A levels (ABHD14A.5715.4.3)	ABHD14A.5715.4.3	ABHD14A	True
GCST90240262	Ameloblastin levels (AMBN.6522.57.3)	AMBN.6522.57.3	AMBN	True
GCST90240263	Amelogenin, X isoform levels (AMELX.8578.45.3)	AMELX.8578.45.3	AMELX	True
GCST90240264	AMP Kinase (alpha1beta1gamma1) levels (PRKAA1.PRKAB1.PRKAG1.5183.53.3)	alpha1beta1gamma1	alpha1beta1gamma1	True
GCST90240265	AMP Kinase (alpha2beta2gamma1) levels (PRKAA2.PRKAB2.PRKAG1.5245.40.5)	alpha2beta2gamma1	alpha2beta2gamma1	True
GCST90240266	Amphiregulin levels (AREG.2970.60.2)	AREG.2970.60.2	AREG	True
GCST90240267	Amphoterin-induced protein 1 levels (AMIGO1.9979.13.3)	AMIGO1.9979.13.3	AMIGO1	True
GCST90240268	AMSH-like protease levels (STAMBPL1.12401.3.3)	STAMBPL1.12401.3.3	STAMBPL1	True
GCST90240269	Amyloid beta A4 precursor protein-binding family B member 1 levels (APBB1.14206.28.3)	APBB1.14206.28.3	APBB1	True
GCST90240270	Amyloid beta A4 precursor protein-binding family B member 1 levels (APBB1.12822.34.3)	APBB1.12822.34.3	APBB1	True
GCST90240271	Amyloid beta A4 precursor protein-binding family B member 2 levels (APBB2.12753.6.3)	APBB2.12753.6.3	APBB2	True
GCST90240272	Amyloid beta A4 precursor protein-binding family B member 2 levels (APBB2.12761.12.3)	APBB2.12761.12.3	APBB2	True
GCST90240273	Amyloid beta A4 precursor protein-binding family B member 3 levels (APBB3.13589.10.3)	APBB3.13589.10.3	APBB3	True
GCST90240274	Amyloid beta A4 protein levels (APP.3171.57.2)	APP.3171.57.2	APP	True
GCST90240275	Amyloid-like protein 2 levels (APLP2.10627.87.3)	APLP2.10627.87.3	APLP2	True
GCST90240276	Amyloid-like protein 2 levels (APLP2.7915.31.3)	APLP2.7915.31.3	APLP2	True
GCST90240277	Anaphase-promoting complex subunit 10 levels (ANAPC10.12345.4.3)	ANAPC10.12345.4.3	ANAPC10	True
GCST90240278	Anaphase-promoting complex subunit 7 levels (ANAPC7.11690.47.3)	ANAPC7.11690.47.3	ANAPC7	True
GCST90240279	Angiogenic factor with G patch and FHA domains 1 levels (AGGF1.8051.10.3)	AGGF1.8051.10.3	AGGF1	True
GCST90240280	Angiopoietin-1 levels (ANGPT1.2811.27.1)	ANGPT1.2811.27.1	ANGPT1	True
GCST90240281	Angiopoietin-1 receptor, soluble levels (TEK.3773.15.4)	TEK.3773.15.4	TEK	True
GCST90240282	Angiopoietin-2 levels (ANGPT2.13660.76.3)	ANGPT2.13660.76.3	ANGPT2	True
GCST90240283	Angiopoietin-2 levels (ANGPT2.2602.2.2)	ANGPT2.2602.2.2	ANGPT2	True
GCST90240284	Angiopoietin-4 levels (ANGPT4.2500.2.3)	ANGPT4.2500.2.3	ANGPT4	True
GCST90240285	Angiopoietin-like protein 8 levels (C19orf80.7183.102.3)	C19orf80.7183.102.3	C19orf80	True
GCST90240286	Angiopoietin-related protein 1 levels (ANGPTL1.9092.33.3)	ANGPTL1.9092.33.3	ANGPTL1	True
GCST90240287	Angiopoietin-related protein 1 levels (ANGPTL1.11142.11.3)	ANGPTL1.11142.11.3	ANGPTL1	True
GCST90240288	Angiopoietin-related protein 3 levels (ANGPTL3.3281.19.1)	ANGPTL3.3281.19.1	ANGPTL3	True
GCST90240289	Angiopoietin-related protein 4 levels (ANGPTL4.3796.79.2)	ANGPTL4.3796.79.2	ANGPTL4	True
GCST90240290	Angiopoietin-related protein 7 levels (ANGPTL7.6371.50.3)	ANGPTL7.6371.50.3	ANGPTL7	True
GCST90240291	Angiostatin levels (PLG.3710.49.2)	PLG.3710.49.2	PLG	True
GCST90240292	Angiotensin-converting enzyme 2 levels (ACE2.2805.6.2)	ACE2.2805.6.2	ACE2	True
GCST90240293	Ankyrin repeat domain-containing protein 27 levels (ANKRD27.12445.50.3)	ANKRD27.12445.50.3	ANKRD27	True
GCST90240294	Ankyrin repeat domain-containing protein 46 levels (ANKRD46.7851.30.3)	ANKRD46.7851.30.3	ANKRD46	True
GCST90240295	Ankyrin-2 levels (ANK2.7624.19.3)	ANK2.7624.19.3	ANK2	True
GCST90240296	Annexin A1 levels (ANXA1.4960.72.1)	ANXA1.4960.72.1	ANXA1	True
GCST90240352	ATP-dependent DNA helicase Q1 levels (RECQL.11431.235.3)	RECQL.11431.235.3	RECQL	True
GCST90240353	ATP-dependent RNA helicase A levels (DHX9.10527.22.3)	DHX9.10527.22.3	DHX9	True
GCST90240354	ATP-dependent RNA helicase DDX25 levels (DDX25.13984.23.3)	DDX25.13984.23.3	DDX25	True
GCST90240355	ATP-dependent RNA helicase DHX8 levels (DHX8.11601.26.3)	DHX8.11601.26.3	DHX8	True
GCST90240356	ATPase ASNA1 levels (ASNA1.13620.10.3)	ASNA1.13620.10.3	ASNA1	True
GCST90240357	ATPase family AAA domain-containing protein 1 levels (ATAD1.6625.31.3)	ATAD1.6625.31.3	ATAD1	True
GCST90240358	ATPase family AAA domain-containing protein 2 levels (ATAD2.13043.157.3)	ATAD2.13043.157.3	ATAD2	True
GCST90240359	Atrial natriuretic factor levels (NPPA.5443.62.2)	NPPA.5443.62.2	NPPA	True
GCST90240360	Augurin levels (C2orf40.6362.6.3)	C2orf40.6362.6.3	C2orf40	True
GCST90240361	Aurora kinase A levels (AURKA.3091.70.2)	AURKA.3091.70.2	AURKA	True
GCST90240362	Aurora kinase B levels (AURKB.3346.72.2)	AURKB.3346.72.2	AURKB	True
GCST90240363	Axin-2 levels (AXIN2.8429.16.3)	AXIN2.8429.16.3	AXIN2	True
GCST90240364	Axin-2 levels (AXIN2.12925.105.3)	AXIN2.12925.105.3	AXIN2	True
GCST90240365	B melanoma antigen 2 levels (BAGE2.6294.11.3)	BAGE2.6294.11.3	BAGE2	True
GCST90240366	B melanoma antigen 3 levels (BAGE3.6442.6.3)	BAGE3.6442.6.3	BAGE3	True
GCST90240367	B-cell antigen receptor complex-associated protein alpha chain levels (CD79A.7796.10.3)	CD79A.7796.10.3	CD79A	True
GCST90240368	B-cell antigen receptor complex-associated protein beta chain levels (CD79B.6351.55.3)	CD79B.6351.55.3	CD79B	True
GCST90240369	B-cell lymphoma 6 protein levels (BCL6.13640.5.3)	BCL6.13640.5.3	BCL6	True
GCST90240370	B-cell lymphoma/leukemia 10 levels (BCL10.8768.4.3)	BCL10.8768.4.3	BCL10	True
GCST90240371	B-cell receptor CD22 levels (CD22.2891.1.3)	CD22.2891.1.3	CD22	True
GCST90240372	B-cell receptor-associated protein 29 levels (BCAP29.11570.94.3)	BCAP29.11570.94.3	BCAP29	True
GCST90240373	Bactericidal permeability-increasing protein levels (BPI.4126.22.1)	BPI.4126.22.1	BPI	True
GCST90240374	Baculoviral IAP repeat-containing protein 3 levels (BIRC3.4973.18.1)	BIRC3.4973.18.1	BIRC3	True
GCST90240375	Baculoviral IAP repeat-containing protein 5 levels (BIRC5.3472.40.2)	BIRC5.3472.40.2	BIRC5	True
GCST90240376	BAG family molecular chaperone regulator 3 levels (BAG3.10078.5.3)	BAG3.10078.5.3	BAG3	True
GCST90240377	BAG family molecular chaperone regulator 4 levels (BAG4.12844.10.3)	BAG4.12844.10.3	BAG4	True
GCST90240378	Basal Cell Adhesion Molecule levels (BCAM.2816.50.2)	BCAM.2816.50.2	BCAM	True
GCST90240379	Basic leucine zipper transcriptional factor ATF-like 3 levels (BATF3.8858.21.3)	BATF3.8858.21.3	BATF3	True
GCST90240380	Basic salivary proline-rich protein 4 levels (PRB4.12590.67.3)	PRB4.12590.67.3	PRB4	True
GCST90240655	Cell cycle checkpoint protein RAD1 levels (RAD1.12670.15.3)	RAD1.12670.15.3	RAD1	True
GCST90240656	Cell cycle progression protein 1 levels (CCPG1.8889.5.3)	CCPG1.8889.5.3	CCPG1	True
GCST90240657	Cell differentiation protein RCD1 homolog levels (RQCD1.8975.26.3)	RQCD1.8975.26.3	RQCD1	True
GCST90240658	Cell division control protein 42 homolog levels (CDC42.9840.2.3)	CDC42.9840.2.3	CDC42	True
GCST90240659	Cell growth regulator with EF hand domain protein 1 levels (CGREF1.6257.56.3)	CGREF1.6257.56.3	CGREF1	True
GCST90240660	Cell surface A33 antigen levels (GPA33.6419.75.3)	GPA33.6419.75.3	GPA33	True
GCST90240661	Cell surface glycoprotein CD200 receptor 1 levels (CD200R1.5103.30.3)	CD200R1.5103.30.3	CD200R1	True
GCST90240662	Cell surface glycoprotein CD200 receptor 2 levels (CD200R1L.8980.19.3)	CD200R1L.8980.19.3	CD200R1L	True
GCST90240663	Cellular retinoic acid-binding protein 1 levels (CRABP1.11967.23.3)	CRABP1.11967.23.3	CRABP1	True
GCST90240664	Cellular retinoic acid-binding protein 2 levels (CRABP2.11696.7.3)	CRABP2.11696.7.3	CRABP2	True
GCST90240665	Cellular tumor antigen p53 levels (TP53.6152.111.3)	TP53.6152.111.3	TP53	True
GCST90240666	Centrin-2 levels (CETN2.13078.3.3)	CETN2.13078.3.3	CETN2	True
GCST90240667	Centromere protein W levels (CENPW.8864.59.3)	CENPW.8864.59.3	CENPW	True
GCST90240668	Centrosomal protein of 57 kDa levels (CEP57.11276.1.3)	CEP57.11276.1.3	CEP57	True
GCST90240669	Centrosomal protein of 57 kDa levels (CEP57.9067.152.3)	CEP57.9067.152.3	CEP57	True
GCST90240670	Centrosomal protein of 57 kDa levels (CEP57.9905.8.3)	CEP57.9905.8.3	CEP57	True
GCST90240671	Ceramide synthase 5 levels (CERS5.13494.6.3)	CERS5.13494.6.3	CERS5	True
GCST90240672	Cerebellin-1 levels (CBLN1.9313.27.3)	CBLN1.9313.27.3	CBLN1	True
GCST90240673	Cerebellin-4 levels (CBLN4.5688.65.3)	CBLN4.5688.65.3	CBLN4	True
GCST90240674	Cerebral cavernous malformations 2 protein levels (CCM2.12347.29.3)	CCM2.12347.29.3	CCM2	True
GCST90240675	Cerebral dopamine neurotrophic factor levels (CDNF.4962.52.1)	CDNF.4962.52.1	CDNF	True
GCST90240676	Ceroid-lipofuscinosis neuronal protein 5 levels (CLN5.8874.53.3)	CLN5.8874.53.3	CLN5	True
GCST90240677	Ceroid-lipofuscinosis neuronal protein 5 levels (CLN5.9795.9.3)	CLN5.9795.9.3	CLN5	True
GCST90240678	cGMP-dependent 3',5'-cyclic phosphodiesterase levels (PDE2A.5246.64.3)	PDE2A.5246.64.3	PDE2A	True
GCST90240679	cGMP-dependent protein kinase 1, beta isozyme levels (PRKG1.13067.5.3)	PRKG1.13067.5.3	PRKG1	True
GCST90240680	cGMP-inhibited 3',5'-cyclic phosphodiesterase A levels (PDE3A.5254.69.3)	PDE3A.5254.69.3	PDE3A	True
GCST90240681	Charged multivesicular body protein 3 levels (VPS24.12508.9.3)	VPS24.12508.9.3	VPS24	True
GCST90240682	Chitinase-3-like protein 1 levels (CHI3L1.11104.13.3)	CHI3L1.11104.13.3	CHI3L1	True
GCST90240683	Chitinase-3-like protein 2 levels (CHI3L2.9383.24.3)	CHI3L2.9383.24.3	CHI3L2	True
GCST90240684	Chitotriosidase-1 levels (CHIT1.3600.2.3)	CHIT1.3600.2.3	CHIT1	True
GCST90240685	Chloride intracellular channel protein 4 levels (CLIC4.12491.23.3)	CLIC4.12491.23.3	CLIC4	True
GCST90240686	Chloride intracellular channel protein 5 levels (CLIC5.12475.48.3)	CLIC5.12475.48.3	CLIC5	True
GCST90240687	Choline/ethanolamine kinase levels (CHKB.13117.232.3)	CHKB.13117.232.3	CHKB	True
GCST90240688	Chondroadherin levels (CHAD.13460.4.3)	CHAD.13460.4.3	CHAD	True
GCST90240556	Calcium/calmodulin-dependent protein kinase type 1D levels (CAMK1D.3418.12.2)	CAMK1D.3418.12.2	CAMK1D	True
GCST90240689	Chondroitin sulfate N-acetylgalactosaminyltransferase 2 levels (CSGALNACT2.10772.21.3)	CSGALNACT2.10772.21.3	CSGALNACT2	True
GCST90240690	Chondroitin sulfate proteoglycan 4 levels (CSPG4.8951.162.3)	CSPG4.8951.162.3	CSPG4	True
GCST90240691	Chordin levels (CHRD.13438.115.3)	CHRD.13438.115.3	CHRD	True
GCST90240692	Chordin-like protein 1 levels (CHRDL1.3362.61.2)	CHRDL1.3362.61.2	CHRDL1	True
GCST90240693	Chordin-like protein 2 levels (CHRDL2.6086.15.3)	CHRDL2.6086.15.3	CHRDL2	True
GCST90240694	Choriogonadotropin subunit beta variant 2 levels (CGB2.6213.10.3)	CGB2.6213.10.3	CGB2	True
GCST90240695	Chorionic somatomammotropin hormone levels (CSH1.CSH2.13103.125.3)	CSH1.CSH2.13103.125.3	CSH1	True
GCST90240696	Chromobox protein homolog 5 levels (CBX5.4540.11.2)	CBX5.4540.11.2	CBX5	True
GCST90240697	Chromobox protein homolog 7 levels (CBX7.13027.20.3)	CBX7.13027.20.3	CBX7	True
GCST90240698	Chromodomain-helicase-DNA-binding protein 7 levels (CHD7.14005.2.3)	CHD7.14005.2.3	CHD7	True
GCST90240699	Chromogranin-A levels (CHGA.8476.11.3)	CHGA.8476.11.3	CHGA	True
GCST90240700	Chymase levels (CMA1.3423.59.2)	CMA1.3423.59.2	CMA1	True
GCST90240701	Chymotrypsin-C levels (CTRC.5626.20.3)	CTRC.5626.20.3	CTRC	True
GCST90240702	Chymotrypsin-like elastase family member 2A levels (CELA2A.7140.1.3)	CELA2A.7140.1.3	CELA2A	True
GCST90240703	Chymotrypsin-like elastase family member 3B levels (CELA3B.6357.83.3)	CELA3B.6357.83.3	CELA3B	True
GCST90240704	Chymotrypsin-like protease CTRL-1 levels (CTRL.9229.9.3)	CTRL.9229.9.3	CTRL	True
GCST90240705	Chymotrypsinogen B levels (CTRB1.5671.1.3)	CTRB1.5671.1.3	CTRB1	True
GCST90240706	Cilia- and flagella-associated protein 45 levels (CFAP45.6553.68.3)	CFAP45.6553.68.3	CFAP45	True
GCST90240707	Ciliary neurotrophic factor levels (CNTF.3489.9.2)	CNTF.3489.9.2	CNTF	True
GCST90240708	Ciliary neurotrophic factor receptor subunit alpha levels (CNTFR.14101.2.3)	CNTFR.14101.2.3	CNTFR	True
GCST90240709	Ciliary neurotrophic factor receptor subunit alpha levels (CNTFR.2711.6.2)	CNTFR.2711.6.2	CNTFR	True
GCST90240710	Ck-beta-8-1 levels (CCL23.3028.36.2)	CCL23.3028.36.2	CCL23	True
GCST90240711	Clathrin heavy chain 1 levels (CLTC.13711.10.3)	CLTC.13711.10.3	CLTC	True
GCST90240712	Clathrin interactor 1 levels (CLINT1.11659.31.3)	CLINT1.11659.31.3	CLINT1	True
GCST90240713	Clusterin levels (CLU.4542.24.2)	CLU.4542.24.2	CLU	True
GCST90240714	CMP-N-acetylneuraminate-beta-galactosamide-alpha-2,3-sialyltransferase 1 levels (ST3GAL1.5657.28.3)	ST3GAL1.5657.28.3	ST3GAL1	True
GCST90240715	CMP-N-acetylneuraminate-beta-galactosamide-alpha-2,3-sialyltransferase 2 levels (ST3GAL2.6281.51.3)	ST3GAL2.6281.51.3	ST3GAL2	True
GCST90240716	CMP-N-acetylneuraminate-poly-alpha-2,8-sialyltransferase levels (ST8SIA4.7038.45.3)	ST8SIA4.7038.45.3	ST8SIA4	True
GCST90240717	CMRF35-like molecule 1 levels (CD300LF.5623.11.3)	CD300LF.5623.11.3	CD300LF	True
GCST90240718	CMRF35-like molecule 2 levels (CD300E.10798.4.3)	CD300E.10798.4.3	CD300E	True
GCST90240719	CMRF35-like molecule 6 levels (CD300C.5066.134.3)	CD300C.5066.134.3	CD300C	True
GCST90240720	CMRF35-like molecule 6 levels (CD300C.13406.161.3)	CD300C.13406.161.3	CD300C	True
GCST90240721	CMRF35-like molecule 7 levels (CD300LB.10713.151.3)	CD300LB.10713.151.3	CD300LB	True
GCST90240722	CMRF35-like molecule 8 levels (CD300A.5630.48.3)	CD300A.5630.48.3	CD300A	True
GCST90240723	CMRF35-like molecule 9 levels (CD300LG.9909.4.3)	CD300LG.9909.4.3	CD300LG	True
GCST90240724	Coactosin-like protein levels (COTL1.4905.63.1)	COTL1.4905.63.1	COTL1	True
GCST90240725	Coagulation Factor VIII levels (F8.13499.30.3)	F8.13499.30.3	F8	True
GCST90240726	Coagulation Factor X levels (F10.4878.3.1)	F10.4878.3.1	F10	True
GCST90240727	Coagulation factor Xa levels (F10.3077.66.2)	F10.3077.66.2	F10	True
GCST90240728	Cocaine- and amphetamine-regulated transcript protein levels (CARTPT.5743.82.3)	CARTPT.5743.82.3	CARTPT	True
GCST90240729	Cochlin levels (COCH.7227.75.3)	COCH.7227.75.3	COCH	True
GCST90240730	Cofilin-1 levels (CFL1.4203.50.2)	CFL1.4203.50.2	CFL1	True
GCST90240731	Coiled-coil domain-containing protein 126 levels (CCDC126.6388.21.3)	CCDC126.6388.21.3	CCDC126	True
GCST90240732	Coiled-coil domain-containing protein 134 levels (CCDC134.5587.3.3)	CCDC134.5587.3.3	CCDC134	True
GCST90240733	Coiled-coil domain-containing protein 167 levels (CCDC167.7797.11.3)	CCDC167.7797.11.3	CCDC167	True
GCST90240734	Coiled-coil domain-containing protein 51 levels (CCDC51.12790.10.3)	CCDC51.12790.10.3	CCDC51	True
GCST90240735	Coiled-coil domain-containing protein 80 levels (CCDC80.3234.23.2)	CCDC80.3234.23.2	CCDC80	True
GCST90240736	Coiled-coil domain-containing protein 90B, mitochondrial levels (CCDC90B.7792.58.3)	CCDC90B.7792.58.3	CCDC90B	True
GCST90240737	Coiled-coil-helix-coiled-coil-helix domain-containing protein 10, mitochondrial levels (CHCHD10.11270.17.3)	CHCHD10.11270.17.3	CHCHD10	True
GCST90240738	Coiled-coil-helix-coiled-coil-helix domain-containing protein 2 levels (CHCHD2.8015.144.3)	CHCHD2.8015.144.3	CHCHD2	True
GCST90240739	Cold shock domain-containing protein C2 levels (CSDC2.12754.14.3)	CSDC2.12754.14.3	CSDC2	True
GCST90240740	Cold shock domain-containing protein E1 levels (CSDE1.12735.39.3)	CSDE1.12735.39.3	CSDE1	True
GCST90240741	Cold-inducible RNA-binding protein levels (CIRBP.12724.81.3)	CIRBP.12724.81.3	CIRBP	True
GCST90240742	Colipase levels (CLPS.5749.53.3)	CLPS.5749.53.3	CLPS	True
GCST90240743	Colipase-like protein 2 levels (CLPSL2.7767.1.3)	CLPSL2.7767.1.3	CLPSL2	True
GCST90240744	Collagen alpha-1(I) chain levels (COL1A1.11140.56.3)	I	I	True
GCST90240297	Annexin A10 levels (ANXA10.13605.16.3)	ANXA10.13605.16.3	ANXA10	True
GCST90240298	Annexin A2 levels (ANXA2.13700.10.3)	ANXA2.13700.10.3	ANXA2	True
GCST90240299	Annexin A2 levels (ANXA2.4961.17.1)	ANXA2.4961.17.1	ANXA2	True
GCST90240300	Annexin A9 levels (ANXA9.13588.11.3)	ANXA9.13588.11.3	ANXA9	True
GCST90240301	Anosmin-1 levels (KAL1.6603.18.3)	KAL1.6603.18.3	KAL1	True
GCST90240302	Anterior gradient protein 2 homolog levels (AGR2.4959.2.1)	AGR2.4959.2.1	AGR2	True
GCST90240303	Antigen-presenting glycoprotein CD1d levels (CD1D.8749.194.3)	CD1D.8749.194.3	CD1D	True
GCST90240304	Antithrombin-III levels (SERPINC1.3344.60.4)	SERPINC1.3344.60.4	SERPINC1	True
GCST90240305	AP-4 complex accessory subunit tepsin levels (ENTHD2.7947.19.3)	ENTHD2.7947.19.3	ENTHD2	True
GCST90240306	AP-4 complex subunit mu-1 levels (AP4M1.10076.1.3)	AP4M1.10076.1.3	AP4M1	True
GCST90240307	APOBEC1 complementation factor levels (A1CF.12423.38.3)	A1CF.12423.38.3	A1CF	True
GCST90240308	Apolipoprotein A-V levels (APOA5.12908.15.3)	APOA5.12908.15.3	APOA5	True
GCST90240309	Apolipoprotein A-V levels (APOA5.11318.20.3)	APOA5.11318.20.3	APOA5	True
GCST90240310	Apolipoprotein B levels (APOB.2797.56.2)	APOB.2797.56.2	APOB	True
GCST90240311	Apolipoprotein D levels (APOD.4712.28.2)	APOD.4712.28.2	APOD	True
GCST90240312	Apolipoprotein D levels (APOD.8262.20.3)	APOD.8262.20.3	APOD	True
GCST90240313	Apolipoprotein E (isoform E2) levels (APOE.5312.49.3)	isoform E2	isoform E2	True
GCST90240314	Apolipoprotein E (isoform E3) levels (APOE.2937.10.2)	isoform E3	isoform E3	True
GCST90240315	Apolipoprotein F levels (APOF.12370.30.3)	APOF.12370.30.3	APOF	True
GCST90240316	Apolipoprotein L1 levels (APOL1.9506.10.3)	APOL1.9506.10.3	APOL1	True
GCST90240317	Apolipoprotein L1 levels (APOL1.11510.31.3)	APOL1.11510.31.3	APOL1	True
GCST90240318	Apolipoprotein M levels (APOM.10445.20.3)	APOM.10445.20.3	APOM	True
GCST90240319	Apolipoprotein M levels (APOM.14125.5.3)	APOM.14125.5.3	APOM	True
GCST90240320	Apoptosis regulator Bcl-2 levels (BCL2.3412.7.1)	BCL2.3412.7.1	BCL2	True
GCST90240321	Apoptosis-inducing factor 1, mitochondrial levels (AIFM1.13424.51.3)	AIFM1.13424.51.3	AIFM1	True
GCST90240322	Apoptosis-inducing factor 1, mitochondrial levels (AIFM1.9522.3.3)	AIFM1.9522.3.3	AIFM1	True
GCST90240323	Apoptotic protease-activating factor 1 levels (APAF1.13583.19.3)	APAF1.13583.19.3	APAF1	True
GCST90240324	Appetite-regulating hormone levels (GHRL.8447.11.3)	GHRL.8447.11.3	GHRL	True
GCST90240557	Calcium/calmodulin-dependent protein kinase type II subunit alpha levels (CAMK2A.3350.53.2)	CAMK2A.3350.53.2	CAMK2A	True
GCST90240558	Calcium/calmodulin-dependent protein kinase type II subunit beta levels (CAMK2B.3351.1.1)	CAMK2B.3351.1.1	CAMK2B	True
GCST90240559	Calcyclin-binding protein levels (CACYBP.12432.23.3)	CACYBP.12432.23.3	CACYBP	True
GCST90240560	Calcyphosin-like protein levels (CAPSL.13688.2.3)	CAPSL.13688.2.3	CAPSL	True
GCST90240561	Calnexin levels (CANX.8834.58.3)	CANX.8834.58.3	CANX	True
GCST90240562	Calpain-2 catalytic subunit levels (CAPN2.14684.17.3)	CAPN2.14684.17.3	CAPN2	True
GCST90240563	Calpain-3 levels (CAPN3.12385.4.3)	CAPN3.12385.4.3	CAPN3	True
GCST90240564	Calpastatin levels (CAST.3026.5.2)	CAST.3026.5.2	CAST	True
GCST90240565	Calreticulin levels (CALR.5264.65.3)	CALR.5264.65.3	CALR	True
GCST90240566	Calsenilin levels (KCNIP3.10513.13.3)	KCNIP3.10513.13.3	KCNIP3	True
GCST90240567	Calsyntenin-3 levels (CLSTN3.6291.55.3)	CLSTN3.6291.55.3	CLSTN3	True
GCST90240568	cAMP-dependent protein kinase catalytic subunit alpha levels (PRKACA.3466.8.2)	PRKACA.3466.8.2	PRKACA	True
GCST90240569	cAMP-dependent protein kinase type I-beta regulatory subunit levels (PRKAR1B.12479.50.3)	PRKAR1B.12479.50.3	PRKAR1B	True
GCST90240570	cAMP-regulated phosphoprotein 19 levels (ARPP19.4963.19.1)	ARPP19.4963.19.1	ARPP19	True
GCST90240571	cAMP-regulated phosphoprotein 21 levels (ARPP21.12860.7.3)	ARPP21.12860.7.3	ARPP21	True
GCST90240572	cAMP-specific 3',5'-cyclic phosphodiesterase 4D levels (PDE4D.5255.22.3)	PDE4D.5255.22.3	PDE4D	True
GCST90240573	Cancer/testis antigen 55 levels (CT55.9363.11.3)	CT55.9363.11.3	CT55	True
GCST90240574	Carbohydrate sulfotransferase 1 levels (CHST1.7803.4.3)	CHST1.7803.4.3	CHST1	True
GCST90240575	Carbohydrate sulfotransferase 11 levels (CHST11.7779.86.3)	CHST11.7779.86.3	CHST11	True
GCST90240576	Carbohydrate sulfotransferase 14 levels (CHST14.7262.191.3)	CHST14.7262.191.3	CHST14	True
GCST90240577	Carbohydrate sulfotransferase 15 levels (CHST15.4469.78.2)	CHST15.4469.78.2	CHST15	True
GCST90240578	Carbohydrate sulfotransferase 15 levels (CHST15.14097.86.3)	CHST15.14097.86.3	CHST15	True
GCST90240579	Carbohydrate sulfotransferase 2 levels (CHST2.4428.1.2)	CHST2.4428.1.2	CHST2	True
GCST90240580	Carbohydrate sulfotransferase 3 levels (CHST3.7189.55.3)	CHST3.7189.55.3	CHST3	True
GCST90240581	Carbohydrate sulfotransferase 5 levels (CHST5.7020.13.3)	CHST5.7020.13.3	CHST5	True
GCST90240582	Carbohydrate sulfotransferase 6 levels (CHST6.4429.51.2)	CHST6.4429.51.2	CHST6	True
GCST90240583	Carbohydrate sulfotransferase 9 levels (CHST9.11646.4.3)	CHST9.11646.4.3	CHST9	True
GCST90240584	Carbonic anhydrase 1 levels (CA1.4969.2.1)	CA1.4969.2.1	CA1	True
GCST90240585	Carbonic anhydrase 2 levels (CA2.4970.55.1)	CA2.4970.55.1	CA2	True
GCST90240586	Carbonic anhydrase 3 levels (CA3.3799.11.2)	CA3.3799.11.2	CA3	True
GCST90240587	Carbonic anhydrase 4 levels (CA4.3177.49.2)	CA4.3177.49.2	CA4	True
GCST90240588	Carbonic anhydrase 5A, mitochondrial levels (CA5A.8791.151.3)	CA5A.8791.151.3	CA5A	True
GCST90240589	Carbonic anhydrase 6 levels (CA6.3352.80.3)	CA6.3352.80.3	CA6	True
GCST90240590	Carbonic anhydrase 9 levels (CA9.3798.71.1)	CA9.3798.71.1	CA9	True
GCST90240591	Carbonic anhydrase-related protein 10 levels (CA10.13666.222.3)	CA10.13666.222.3	CA10	True
GCST90240592	Carbonic anhydrase-related protein 10 levels (CA10.3289.19.2)	CA10.3289.19.2	CA10	True
GCST90240593	Carbonyl reductase [NADPH] 1 levels (CBR1.12381.26.3)	CBR1.12381.26.3	CBR1	True
GCST90240594	Carbonyl reductase [NADPH] 3 levels (CBR3.14091.42.3)	CBR3.14091.42.3	CBR3	True
GCST90240595	Carboxypeptidase A2 levels (CPA2.9276.7.3)	CPA2.9276.7.3	CPA2	True
GCST90240596	Carboxypeptidase A4 levels (CPA4.9267.2.3)	CPA4.9267.2.3	CPA4	True
GCST90240597	Carboxypeptidase B levels (CPB1.6356.3.3)	CPB1.6356.3.3	CPB1	True
GCST90240598	Carboxypeptidase M levels (CPM.7768.10.3)	CPM.7768.10.3	CPM	True
GCST90240599	Carboxypeptidase Z levels (CPZ.6493.9.3)	CPZ.6493.9.3	CPZ	True
GCST90240600	Carcinoembryonic antigen-related cell adhesion molecule 1 levels (CEACAM1.8031.11.3)	CEACAM1.8031.11.3	CEACAM1	True
GCST90240601	Carcinoembryonic antigen-related cell adhesion molecule 21 levels (CEACAM21.7204.1.3)	CEACAM21.7204.1.3	CEACAM21	True
GCST90240602	Carcinoembryonic antigen-related cell adhesion molecule 4 levels (CEACAM4.10910.6.3)	CEACAM4.10910.6.3	CEACAM4	True
GCST90240603	Cardiotrophin-1 levels (CTF1.13732.79.3)	CTF1.13732.79.3	CTF1	True
GCST90240604	Cardiotrophin-1 levels (CTF1.2889.37.2)	CTF1.2889.37.2	CTF1	True
GCST90240605	Cartilage intermediate layer protein 1 levels (CILP.5717.2.3)	CILP.5717.2.3	CILP	True
GCST90240606	Cas scaffolding protein family member 4 levels (CASS4.12855.16.3)	CASS4.12855.16.3	CASS4	True
GCST90240607	Casein kinase I isoform delta levels (CSNK1D.11289.31.3)	CSNK1D.11289.31.3	CSNK1D	True
GCST90240608	Casein kinase I isoform gamma-2 levels (CSNK1G2.12653.13.3)	CSNK1G2.12653.13.3	CSNK1G2	True
GCST90240609	Casein kinase II 2-alpha:2-beta heterotetramer levels (CSNK2A1.CSNK2B.5225.50.3)	CSNK2A1.CSNK2B.5225.50.3	CSNK2A1	True
GCST90240610	Casein kinase II 2-alpha':2-beta heterotetramer levels (CSNK2A2.CSNK2B.5226.36.3)	CSNK2A2.CSNK2B.5226.36.3	CSNK2A2	True
GCST90240611	Casein kinase II subunit alpha levels (CSNK2A1.3427.63.2)	CSNK2A1.3427.63.2	CSNK2A1	True
GCST90240612	Casein kinase II subunit alpha levels (CSNK2A1.5224.20.3)	CSNK2A1.5224.20.3	CSNK2A1	True
GCST90240613	Caseinolytic peptidase B protein homolog levels (CLPB.11860.3.3)	CLPB.11860.3.3	CLPB	True
GCST90240614	Caspase-10 levels (CASP10.5340.24.3)	CASP10.5340.24.3	CASP10	True
GCST90240615	Caspase-2 levels (CASP2.4904.7.1)	CASP2.4904.7.1	CASP2	True
GCST90240616	Caspase-3 levels (CASP3.3593.72.3)	CASP3.3593.72.3	CASP3	True
GCST90240617	Catalase levels (CAT.3488.64.2)	CAT.3488.64.2	CAT	True
GCST90240618	Catenin alpha-2 levels (CTNNA2.9872.23.3)	CTNNA2.9872.23.3	CTNNA2	True
GCST90240619	Cathepsin B levels (CTSB.3061.61.2)	CTSB.3061.61.2	CTSB	True
GCST90240620	Cathepsin E levels (CTSE.3594.6.5)	CTSE.3594.6.5	CTSE	True
GCST90240621	Cathepsin F levels (CTSF.9212.22.3)	CTSF.9212.22.3	CTSF	True
GCST90240622	Cathepsin F levels (CTSF.8393.121.3)	CTSF.8393.121.3	CTSF	True
GCST90240623	Cathepsin G levels (CTSG.2431.17.3)	CTSG.2431.17.3	CTSG	True
GCST90240624	Cathepsin H levels (CTSH.8465.52.3)	CTSH.8465.52.3	CTSH	True
GCST90240625	Cathepsin H levels (CTSH.3737.6.3)	CTSH.3737.6.3	CTSH	True
GCST90240626	Cathepsin L2 levels (CTSV.3364.76.2)	CTSV.3364.76.2	CTSV	True
GCST90240627	Cathepsin O levels (CTSO.9264.11.3)	CTSO.9264.11.3	CTSO	True
GCST90240628	Cathepsin S levels (CTSS.3181.50.2)	CTSS.3181.50.2	CTSS	True
GCST90240629	Cathepsin Z levels (CTSZ.4971.1.1)	CTSZ.4971.1.1	CTSZ	True
GCST90240630	Cation-dependent mannose-6-phosphate receptor levels (M6PR.10491.21.3)	M6PR.10491.21.3	M6PR	True
GCST90240631	Cation-independent mannose-6-phosphate receptor levels (IGF2R.3676.15.3)	IGF2R.3676.15.3	IGF2R	True
GCST90240632	Caveolin-2 levels (CAV2.9457.3.3)	CAV2.9457.3.3	CAV2	True
GCST90240633	CCAAT/enhancer-binding protein beta levels (CEBPB.10337.83.3)	CEBPB.10337.83.3	CEBPB	True
GCST90240634	CCR4-NOT transcription complex subunit 1 levels (CNOT1.13482.14.3)	CNOT1.13482.14.3	CNOT1	True
GCST90240635	CD109 antigen levels (CD109.3290.50.2)	CD109.3290.50.2	CD109	True
GCST90240636	CD166 antigen levels (ALCAM.5451.1.3)	ALCAM.5451.1.3	ALCAM	True
GCST90240637	CD177 antigen levels (CD177.13116.25.3)	CD177.13116.25.3	CD177	True
GCST90240638	CD209 antigen levels (CD209.3029.52.2)	CD209.3029.52.2	CD209	True
GCST90240639	CD226 antigen levels (CD226.5721.1.3)	CD226.5721.1.3	CD226	True
GCST90240640	CD226 antigen levels (CD226.5062.60.3)	CD226.5062.60.3	CD226	True
GCST90240641	CD40 ligand levels (CD40LG.3534.14.2)	CD40LG.3534.14.2	CD40LG	True
GCST90240642	CD44 antigen levels (CD44.9283.8.3)	CD44.9283.8.3	CD44	True
GCST90240643	CD48 antigen levels (CD48.3292.75.1)	CD48.3292.75.1	CD48	True
GCST90240644	CD59 glycoprotein levels (CD59.11514.196.3)	CD59.11514.196.3	CD59	True
GCST90240645	CD63 antigen levels (CD63.9190.7.3)	CD63.9190.7.3	CD63	True
GCST90240646	CD70 antigen levels (CD70.5807.77.3)	CD70.5807.77.3	CD70	True
GCST90240647	CD70 antigen levels (CD70.8762.38.3)	CD70.8762.38.3	CD70	True
GCST90240648	CD97 antigen levels (CD97.2822.56.2)	CD97.2822.56.2	CD97	True
GCST90240649	CDGSH iron-sulfur domain-containing protein 1 levels (CISD1.7745.3.3)	CISD1.7745.3.3	CISD1	True
GCST90240650	CDGSH iron-sulfur domain-containing protein 2 levels (CISD2.8094.20.3)	CISD2.8094.20.3	CISD2	True
GCST90240651	Cell adhesion molecule 1 levels (CADM1.3326.58.2)	CADM1.3326.58.2	CADM1	True
GCST90240652	Cell adhesion molecule 3 levels (CADM3.3630.27.4)	CADM3.3630.27.4	CADM3	True
GCST90240653	Cell adhesion molecule 4 levels (CADM4.8619.12.3)	CADM4.8619.12.3	CADM4	True
GCST90240654	Cell adhesion molecule-related/down-regulated by oncogenes levels (CDON.4541.49.2)	CDON.4541.49.2	CDON	True
GCST90240745	Collagen alpha-1(VI) chain levels (COL6A1.11150.3.3)	VI	VI	True
GCST90240886	Deoxycytidine kinase levels (DCK.9836.20.3)	DCK.9836.20.3	DCK	True
GCST90240887	Deoxynucleoside triphosphate triphosphohydrolase SAMHD1 levels (SAMHD1.11303.7.3)	SAMHD1.11303.7.3	SAMHD1	True
GCST90240888	Deoxyribonuclease-2-beta levels (DNASE2B.6533.20.3)	DNASE2B.6533.20.3	DNASE2B	True
GCST90240889	Derlin-1 levels (DERL1.13393.46.3)	DERL1.13393.46.3	DERL1	True
GCST90240890	Dermatopontin levels (DPT.4979.34.2)	DPT.4979.34.2	DPT	True
GCST90240891	Dermokine levels (DMKN.8535.102.3)	DMKN.8535.102.3	DMKN	True
GCST90240892	Desert hedgehog protein N-product levels (DHH.4389.2.1)	DHH.4389.2.1	DHH	True
GCST90240893	Desmin levels (DES.12030.82.3)	DES.12030.82.3	DES	True
GCST90240894	Desmocollin-2 levels (DSC2.13126.52.3)	DSC2.13126.52.3	DSC2	True
GCST90240895	Desmocollin-3 levels (DSC3.4981.6.1)	DSC3.4981.6.1	DSC3	True
GCST90240896	Desmoglein-1 levels (DSG1.2976.58.2)	DSG1.2976.58.2	DSG1	True
GCST90240897	Desmoglein-2 levels (DSG2.9484.75.3)	DSG2.9484.75.3	DSG2	True
GCST90240898	Di-N-acetylchitobiase levels (CTBS.6115.40.3)	CTBS.6115.40.3	CTBS	True
GCST90240899	Diablo homolog, mitochondrial levels (DIABLO.3122.6.2)	DIABLO.3122.6.2	DIABLO	True
GCST90240900	Diacylglycerol kinase beta levels (DGKB.12895.28.3)	DGKB.12895.28.3	DGKB	True
GCST90240901	Diamine acetyltransferase 1 levels (SAT1.9859.180.3)	SAT1.9859.180.3	SAT1	True
GCST90240902	Diamine acetyltransferase 2 levels (SAT2.12524.18.3)	SAT2.12524.18.3	SAT2	True
GCST90240903	Dickkopf-like protein 1 levels (DKKL1.3644.5.4)	DKKL1.3644.5.4	DKKL1	True
GCST90240904	Dickkopf-related protein 1 levels (DKK1.3535.84.1)	DKK1.3535.84.1	DKK1	True
GCST90240905	Dickkopf-related protein 3 levels (DKK3.3607.71.6)	DKK3.3607.71.6	DKK3	True
GCST90240906	Dickkopf-related protein 4 levels (DKK4.3365.7.2)	DKK4.3365.7.2	DKK4	True
GCST90240907	Dihydrofolate reductase levels (DHFR.9823.2.3)	DHFR.9823.2.3	DHFR	True
GCST90240908	Dihydrolipoyl dehydrogenase, mitochondrial levels (DLD.10025.1.3)	DLD.10025.1.3	DLD	True
GCST90240909	Dihydropteridine reductase levels (QDPR.11257.1.3)	QDPR.11257.1.3	QDPR	True
GCST90240910	Dihydropyrimidinase-related protein 3 levels (DPYSL3.12707.26.3)	DPYSL3.12707.26.3	DPYSL3	True
GCST90240911	Dihydropyrimidinase-related protein 5 levels (DPYSL5.12683.156.3)	DPYSL5.12683.156.3	DPYSL5	True
GCST90240912	Dipeptidase 1 levels (DPEP1.8794.13.3)	DPEP1.8794.13.3	DPEP1	True
GCST90240913	Dipeptidase 2 levels (DPEP2.8327.26.3)	DPEP2.8327.26.3	DPEP2	True
GCST90240914	Dipeptidyl peptidase 1 levels (CTSC.3178.5.2)	CTSC.3178.5.2	CTSC	True
GCST90240915	Dipeptidyl peptidase 2 levels (DPP7.8346.9.3)	DPP7.8346.9.3	DPP7	True
GCST90240916	Dipeptidyl peptidase 2 levels (DPP7.3608.12.5)	DPP7.3608.12.5	DPP7	True
GCST90240917	Discoidin domain-containing receptor 2 levels (DDR2.3606.2.5)	DDR2.3606.2.5	DDR2	True
GCST90240918	Discoidin, CUB and LCCL domain-containing protein 2 levels (DCBLD2.9338.2.3)	DCBLD2.9338.2.3	DCBLD2	True
GCST90240919	Disintegrin and metalloproteinase domain-containing protein 11 levels (ADAM11.6586.19.3)	ADAM11.6586.19.3	ADAM11	True
GCST90240920	Disintegrin and metalloproteinase domain-containing protein 12 levels (ADAM12.4420.7.2)	ADAM12.4420.7.2	ADAM12	True
GCST90240921	Disintegrin and metalloproteinase domain-containing protein 19 levels (ADAM19.8948.13.3)	ADAM19.8948.13.3	ADAM19	True
GCST90240922	Disintegrin and metalloproteinase domain-containing protein 23 levels (ADAM23.7049.2.3)	ADAM23.7049.2.3	ADAM23	True
GCST90240923	Disintegrin and metalloproteinase domain-containing protein 29 levels (ADAM29.13549.15.3)	ADAM29.13549.15.3	ADAM29	True
GCST90240924	Disintegrin and metalloproteinase domain-containing protein 9 levels (ADAM9.3795.6.2)	ADAM9.3795.6.2	ADAM9	True
GCST90240925	Disks large homolog 3 levels (DLG3.7897.75.3)	DLG3.7897.75.3	DLG3	True
GCST90240926	DNA dC->dU-editing enzyme APOBEC-3G levels (APOBEC3G.13930.3.3)	APOBEC3G.13930.3.3	APOBEC3G	True
GCST90240927	DNA excision repair protein ERCC-1 levels (ERCC1.12585.39.3)	ERCC1.12585.39.3	ERCC1	True
GCST90240928	DNA polymerase eta levels (POLH.10022.207.3)	POLH.10022.207.3	POLH	True
GCST90240929	DNA polymerase iota levels (POLI.13536.56.3)	POLI.13536.56.3	POLI	True
GCST90240930	DNA primase small subunit levels (PRIM1.13591.31.3)	PRIM1.13591.31.3	PRIM1	True
GCST90240931	DNA repair endonuclease XPF levels (ERCC4.9895.77.3)	ERCC4.9895.77.3	ERCC4	True
GCST90240932	DNA repair protein RAD51 homolog 1 levels (RAD51.2871.73.2)	RAD51.2871.73.2	RAD51	True
GCST90240933	DNA repair protein RAD51 homolog 4 levels (RAD51L3.12554.10.3)	RAD51L3.12554.10.3	RAD51L3	True
GCST90240934	DNA repair protein XRCC1 levels (XRCC1.12535.2.3)	XRCC1.12535.2.3	XRCC1	True
GCST90240935	DNA repair protein XRCC4 levels (XRCC4.9886.28.3)	XRCC4.9886.28.3	XRCC4	True
GCST90240936	DNA topoisomerase 1 levels (TOP1.2876.74.2)	TOP1.2876.74.2	TOP1	True
GCST90240937	DNA topoisomerase 2-binding protein 1 levels (TOPBP1.9947.22.3)	TOPBP1.9947.22.3	TOPBP1	True
GCST90240938	DNA-(apurinic or apyrimidinic site) lyase levels (APEX1.9849.13.3)	apurinic or apyrimidinic site	apurinic or apyrimidinic site	True
GCST90240939	DNA-3-methyladenine glycosylase levels (MPG.12438.127.3)	MPG.12438.127.3	MPG	True
GCST90240940	DNA-binding protein inhibitor ID-1 levels (ID1.9436.2.3)	ID1.9436.2.3	ID1	True
GCST90240941	DNA-binding protein inhibitor ID-2 levels (ID2.9426.73.3)	ID2.9426.73.3	ID2	True
GCST90240942	DNA-binding protein SATB1 levels (SATB1.13511.29.3)	SATB1.13511.29.3	SATB1	True
GCST90240943	DNA-binding protein SATB2 levels (SATB2.10081.17.3)	SATB2.10081.17.3	SATB2	True
GCST90240944	DNA-directed DNA/RNA polymerase mu levels (POLM.12851.5.3)	POLM.12851.5.3	POLM	True
GCST90240945	DNA-directed RNA polymerases I and III subunit RPAC1 levels (POLR1C.12939.1.3)	POLR1C.12939.1.3	POLR1C	True
GCST90240946	DNA/RNA-binding protein KIN17 levels (KIN.14643.27.3)	KIN.14643.27.3	KIN	True
GCST90240947	DNA/RNA-binding protein KIN17 levels (KIN.13476.16.3)	KIN.13476.16.3	KIN	True
GCST90240948	DnaJ homolog subfamily A member 4 levels (DNAJA4.9744.139.3)	DNAJA4.9744.139.3	DNAJA4	True
GCST90240949	DnaJ homolog subfamily B member 1 levels (DNAJB1.3852.19.2)	DNAJB1.3852.19.2	DNAJB1	True
GCST90240950	DnaJ homolog subfamily B member 11 levels (DNAJB11.7110.2.3)	DNAJB11.7110.2.3	DNAJB11	True
GCST90240951	DnaJ homolog subfamily B member 12 levels (DNAJB12.8006.12.3)	DNAJB12.8006.12.3	DNAJB12	True
GCST90240952	DnaJ homolog subfamily B member 14 levels (DNAJB14.8053.16.3)	DNAJB14.8053.16.3	DNAJB14	True
GCST90240953	DnaJ homolog subfamily B member 14 levels (DNAJB14.8037.53.3)	DNAJB14.8037.53.3	DNAJB14	True
GCST90240954	DnaJ homolog subfamily B member 2 levels (DNAJB2.11438.6.3)	DNAJB2.11438.6.3	DNAJB2	True
GCST90240955	DnaJ homolog subfamily B member 9 levels (DNAJB9.11214.40.3)	DNAJB9.11214.40.3	DNAJB9	True
GCST90240956	DnaJ homolog subfamily C member 10 levels (DNAJC10.8297.8.3)	DNAJC10.8297.8.3	DNAJC10	True
GCST90240957	DnaJ homolog subfamily C member 15 levels (DNAJC15.7197.2.3)	DNAJC15.7197.2.3	DNAJC15	True
GCST90240958	DnaJ homolog subfamily C member 17 levels (DNAJC17.14655.1.3)	DNAJC17.14655.1.3	DNAJC17	True
GCST90240959	DnaJ homolog subfamily C member 18 levels (DNAJC18.8033.1.3)	DNAJC18.8033.1.3	DNAJC18	True
GCST90240960	DnaJ homolog subfamily C member 27 levels (DNAJC27.12799.65.3)	DNAJC27.12799.65.3	DNAJC27	True
GCST90240961	DnaJ homolog subfamily C member 30 levels (DNAJC30.7866.11.3)	DNAJC30.7866.11.3	DNAJC30	True
GCST90240962	DnaJ homolog subfamily C member 4 levels (DNAJC4.8016.19.3)	DNAJC4.8016.19.3	DNAJC4	True
GCST90240963	Docking protein 2 levels (DOK2.14246.50.3)	DOK2.14246.50.3	DOK2	True
GCST90240964	Dolichyl-diphosphooligosaccharide--protein glycosyltransferase subunit 1 levels (RPN1.6458.6.3)	RPN1.6458.6.3	RPN1	True
GCST90240965	Dolichyl-diphosphooligosaccharide--protein glycosyltransferase subunit 1 levels (RPN1.10490.3.3)	RPN1.10490.3.3	RPN1	True
GCST90240966	Dorsal root ganglia homeobox protein levels (DRGX.8034.6.3)	DRGX.8034.6.3	DRGX	True
GCST90240967	Double-strand break repair protein MRE11A levels (MRE11A.11319.106.3)	MRE11A.11319.106.3	MRE11A	True
GCST90240968	Double-stranded RNA-binding protein Staufen homolog 1 levels (STAU1.12471.47.3)	STAU1.12471.47.3	STAU1	True
GCST90240969	Double-stranded RNA-binding protein Staufen homolog 2 levels (STAU2.12970.35.3)	STAU2.12970.35.3	STAU2	True
GCST90240970	Down syndrome cell adhesion molecule levels (DSCAM.9175.48.3)	DSCAM.9175.48.3	DSCAM	True
GCST90240971	Drebrin-like protein levels (DBNL.4978.54.2)	DBNL.4978.54.2	DBNL	True
GCST90240972	Dual specificity mitogen-activated protein kinase kinase 1 levels (MAP2K1.2864.2.3)	MAP2K1.2864.2.3	MAP2K1	True
GCST90240973	Dual specificity mitogen-activated protein kinase kinase 3 levels (MAP2K3.6151.18.3)	MAP2K3.6151.18.3	MAP2K3	True
GCST90240974	Dual specificity mitogen-activated protein kinase kinase 4 levels (MAP2K4.5242.37.3)	MAP2K4.5242.37.3	MAP2K4	True
GCST90240975	Dual specificity protein kinase CLK2 levels (CLK2.11327.56.3)	CLK2.11327.56.3	CLK2	True
GCST90240976	Dual specificity protein phosphatase 13 isoform A levels (DUSP13.6525.17.3)	DUSP13.6525.17.3	DUSP13	True
GCST90240977	Dual specificity protein phosphatase 15 levels (DUSP15.12838.28.3)	DUSP15.12838.28.3	DUSP15	True
GCST90240978	Dual specificity protein phosphatase 16 levels (DUSP16.14631.22.3)	DUSP16.14631.22.3	DUSP16	True
GCST90240979	Dual specificity protein phosphatase 4 levels (DUSP4.10035.6.3)	DUSP4.10035.6.3	DUSP4	True
GCST90240980	Dual specificity protein phosphatase 6 levels (DUSP6.12341.8.3)	DUSP6.12341.8.3	DUSP6	True
GCST90240981	Dual specificity tyrosine-phosphorylation-regulated kinase 3 levels (DYRK3.4359.87.1)	DYRK3.4359.87.1	DYRK3	True
GCST90240982	Dynactin subunit 2 levels (DCTN2.5879.51.3)	DCTN2.5879.51.3	DCTN2	True
GCST90240983	Dynactin-associated protein levels (DYNAP.10692.48.3)	DYNAP.10692.48.3	DYNAP	True
GCST90240984	Dynein light chain 1, cytoplasmic levels (DYNLL1.3881.49.2)	DYNLL1.3881.49.2	DYNLL1	True
GCST90240985	Dynein light chain Tctex-type 3 levels (DYNLT3.12867.40.3)	DYNLT3.12867.40.3	DYNLT3	True
GCST90240986	Dyslexia-associated protein KIAA0319 levels (KIAA0319.10013.34.3)	KIAA0319.10013.34.3	KIAA0319	True
GCST90240987	Dyslexia-associated protein KIAA0319-like protein levels (KIAA0319L.13698.28.3)	KIAA0319L.13698.28.3	KIAA0319L	True
GCST90240988	Dystroglycan levels (DAG1.8369.102.3)	DAG1.8369.102.3	DAG1	True
GCST90240989	E-selectin levels (SELE.3470.1.2)	SELE.3470.1.2	SELE	True
GCST90240794	Cortexin-3 levels (CTXN3.10467.58.3)	CTXN3.10467.58.3	CTXN3	True
GCST90240795	Corticoliberin levels (CRH.5614.44.3)	CRH.5614.44.3	CRH	True
GCST90240796	Corticosteroid-binding globulin levels (SERPINA6.4785.30.3)	SERPINA6.4785.30.3	SERPINA6	True
GCST90240797	Corticotropin-releasing factor-binding protein levels (CRHBP.6039.24.3)	CRHBP.6039.24.3	CRHBP	True
GCST90240798	Coxsackievirus and adenovirus receptor levels (CXADR.11204.80.3)	CXADR.11204.80.3	CXADR	True
GCST90240799	Creatine kinase B-type levels (CKB.3800.71.2)	CKB.3800.71.2	CKB	True
GCST90240800	Creatine kinase M-type levels (CKM.2670.67.4)	CKM.2670.67.4	CKM	True
GCST90240801	CREB-binding protein levels (CREBBP.13614.6.3)	CREBBP.13614.6.3	CREBBP	True
GCST90240802	Crk-like protein levels (CRKL.9877.28.3)	CRKL.9877.28.3	CRKL	True
GCST90240803	Cryptic protein levels (CFC1.3294.55.2)	CFC1.3294.55.2	CFC1	True
GCST90240804	CUB and sushi domain-containing protein 1 levels (CSMD1.9598.23.3)	CSMD1.9598.23.3	CSMD1	True
GCST90240805	CUB and sushi domain-containing protein 2 levels (CSMD2.9971.5.3)	CSMD2.9971.5.3	CSMD2	True
GCST90240806	CUB and zona pellucida-like domain-containing protein 1 levels (CUZD1.7943.16.3)	CUZD1.7943.16.3	CUZD1	True
GCST90240807	CUB domain-containing protein 1 levels (CDCP1.6565.68.3)	CDCP1.6565.68.3	CDCP1	True
GCST90240808	cubilin levels (CUBN.12904.180.3)	CUBN.12904.180.3	CUBN	True
GCST90240809	CUGBP Elav-like family member 2 levels (CELF2.7245.2.3)	CELF2.7245.2.3	CELF2	True
GCST90240810	Cullin-3 levels (CUL3.10045.47.3)	CUL3.10045.47.3	CUL3	True
GCST90240811	Cullin-4B levels (CUL4B.13743.56.3)	CUL4B.13743.56.3	CUL4B	True
GCST90240812	Cullin-9 levels (CUL9.12991.49.3)	CUL9.12991.49.3	CUL9	True
GCST90240813	Cullin-associated NEDD8-dissociated protein 1 levels (CAND1.13937.75.3)	CAND1.13937.75.3	CAND1	True
GCST90240814	CXADR-like membrane protein levels (CLMP.10440.26.3)	CLMP.10440.26.3	CLMP	True
GCST90240815	CXADR-like membrane protein levels (CLMP.9585.80.3)	CLMP.9585.80.3	CLMP	True
GCST90240816	Cyclic AMP-dependent transcription factor ATF-6 alpha levels (ATF6.11277.23.3)	ATF6.11277.23.3	ATF6	True
GCST90240817	Cyclic AMP-responsive element-binding protein 3-like protein 1 levels (CREB3L1.11198.37.3)	CREB3L1.11198.37.3	CREB3L1	True
GCST90240818	Cyclic AMP-responsive element-binding protein 3-like protein 4 levels (CREB3L4.11308.8.3)	CREB3L4.11308.8.3	CREB3L4	True
GCST90240819	Cyclin-C levels (CCNC.7817.36.3)	CCNC.7817.36.3	CCNC	True
GCST90240820	Cyclin-dependent kinase 1:G2/mitotic-specific cyclin-B1 complex levels (CDC2.CCNB1.3422.4.2)	CDC2.CCNB1.3422.4.2	CDC2	True
GCST90240821	Cyclin-dependent kinase 2-associated protein 1 levels (CDK2AP1.9450.18.3)	CDK2AP1.9450.18.3	CDK2AP1	True
GCST90240822	Cyclin-dependent kinase 2:Cyclin-A2 complex levels (CDK2.CCNA2.3357.67.2)	CDK2.CCNA2.3357.67.2	CDK2	True
GCST90240823	Cyclin-dependent kinase 4 inhibitor B levels (CDKN2B.9874.28.3)	CDKN2B.9874.28.3	CDKN2B	True
GCST90240824	Cyclin-dependent kinase 5:Cyclin-dependent kinase 5 activator 1 complex levels (CDK5.CDK5R1.3358.51.2)	CDK5.CDK5R1.3358.51.2	CDK5	True
GCST90240825	Cyclin-dependent kinase 8:Cyclin-C complex levels (CDK8.CCNC.3359.11.2)	CDK8.CCNC.3359.11.2	CDK8	True
GCST90240826	Cyclin-dependent kinase inhibitor 1B levels (CDKN1B.3719.2.2)	CDKN1B.3719.2.2	CDKN1B	True
GCST90240827	Cyclin-dependent kinase inhibitor 3 levels (CDKN3.14178.18.3)	CDKN3.14178.18.3	CDKN3	True
GCST90240828	Cyclin-H levels (CCNH.9848.22.3)	CCNH.9848.22.3	CCNH	True
GCST90240829	Cystathionine beta-synthase levels (CBS.10086.39.3)	CBS.10086.39.3	CBS	True
GCST90240830	Cystatin-8 levels (CST8.10572.65.3)	CST8.10572.65.3	CST8	True
GCST90240831	Cystatin-D levels (CST5.13661.193.3)	CST5.13661.193.3	CST5	True
GCST90240832	Cystatin-F levels (CST7.3302.58.1)	CST7.3302.58.1	CST7	True
GCST90240833	Cystatin-M levels (CST6.3303.23.2)	CST6.3303.23.2	CST6	True
GCST90240834	Cystatin-M levels (CST6.14711.27.3)	CST6.14711.27.3	CST6	True
GCST90240835	Cysteine and glycine-rich protein 2 levels (CSRP2.12968.2.3)	CSRP2.12968.2.3	CSRP2	True
GCST90240836	Cysteine and glycine-rich protein 3 levels (CSRP3.9171.11.3)	CSRP3.9171.11.3	CSRP3	True
GCST90240837	Cysteine--tRNA ligase, cytoplasmic levels (CARS.14098.28.3)	CARS.14098.28.3	CARS	True
GCST90240838	Cysteine-rich hydrophobic domain-containing protein 2 levels (CHIC2.10914.4.3)	CHIC2.10914.4.3	CHIC2	True
GCST90240839	Cysteine-rich motor neuron 1 protein levels (CRIM1.8699.43.3)	CRIM1.8699.43.3	CRIM1	True
GCST90240840	Cysteine-rich secretory protein 2 levels (CRISP2.9282.12.3)	CRISP2.9282.12.3	CRISP2	True
GCST90240841	Cysteine-rich secretory protein 3 levels (CRISP3.3187.52.2)	CRISP3.3187.52.2	CRISP3	True
GCST90240842	Cysteine-rich secretory protein LCCL domain-containing 2 levels (CRISPLD2.5691.2.3)	CRISPLD2.5691.2.3	CRISPLD2	True
GCST90240843	Cysteine-rich with EGF-like domain protein 1 levels (CRELD1.7628.40.3)	CRELD1.7628.40.3	CRELD1	True
GCST90240844	Cytochrome b-c1 complex subunit 7 levels (UQCRB.12957.62.3)	UQCRB.12957.62.3	UQCRB	True
GCST90240845	Cytochrome b5 levels (CYB5A.11287.14.3)	CYB5A.11287.14.3	CYB5A	True
GCST90240846	Cytochrome c levels (CYCS.2942.50.2)	CYCS.2942.50.2	CYCS	True
GCST90240847	Cytochrome c oxidase assembly factor 3 homolog, mitochondrial levels (COA3.7888.58.3)	COA3.7888.58.3	COA3	True
GCST90240848	Cytochrome c oxidase subunit 4 isoform 2, mitochondrial levels (COX4I2.7850.1.3)	COX4I2.7850.1.3	COX4I2	True
GCST90240849	Cytochrome c oxidase subunit 5B, mitochondrial levels (COX5B.7887.57.3)	COX5B.7887.57.3	COX5B	True
GCST90240850	Cytochrome c oxidase subunit 6C levels (COX6C.8903.1.3)	COX6C.8903.1.3	COX6C	True
GCST90240851	Cytochrome c oxidase subunit 7A1, mitochondrial levels (COX7A1.8390.25.3)	COX7A1.8390.25.3	COX7A1	True
GCST90240852	Cytochrome c oxidase subunit 8A, mitochondrial levels (COX8A.10497.242.3)	COX8A.10497.242.3	COX8A	True
GCST90240853	Cytochrome P450 3A4 levels (CYP3A4.2943.5.2)	CYP3A4.2943.5.2	CYP3A4	True
GCST90240854	Cytochrome P450 3A4 levels (CYP3A4.7879.12.3)	CYP3A4.7879.12.3	CYP3A4	True
GCST90240855	Cytoglobin levels (CYGB.11546.7.3)	CYGB.11546.7.3	CYGB	True
GCST90240856	Cytohesin-2 levels (CYTH2.12533.135.3)	CYTH2.12533.135.3	CYTH2	True
GCST90240857	Cytohesin-4 levels (CYTH4.12746.4.3)	CYTH4.12746.4.3	CYTH4	True
GCST90240858	Cytohesin-interacting protein levels (CYTIP.13612.7.3)	CYTIP.13612.7.3	CYTIP	True
GCST90240859	Cytokine receptor common subunit beta levels (CSF2RB.10512.13.3)	CSF2RB.10512.13.3	CSF2RB	True
GCST90240860	Cytokine receptor common subunit beta levels (CSF2RB.11137.43.3)	CSF2RB.11137.43.3	CSF2RB	True
GCST90240861	Cytokine receptor common subunit gamma levels (IL2RG.2634.2.2)	IL2RG.2634.2.2	IL2RG	True
GCST90240862	Cytokine receptor-like factor 1 levels (CRLF1.CLCF1.2607.54.2)	CRLF1.CLCF1.2607.54.2	CRLF1	True
GCST90240863	Cytokine receptor-like factor 2 levels (CRLF2.2746.56.1)	CRLF2.2746.56.1	CRLF2	True
GCST90240864	Cytokine receptor-like factor 2 levels (CRLF2.13694.24.3)	CRLF2.13694.24.3	CRLF2	True
GCST90240865	Cytoplasmic tyrosine-protein kinase BMX levels (BMX.3414.40.2)	BMX.3414.40.2	BMX	True
GCST90240866	Cytoskeleton-associated protein 2 levels (CKAP2.5345.51.3)	CKAP2.5345.51.3	CKAP2	True
GCST90240867	Cytosolic non-specific dipeptidase levels (CNDP2.3192.3.2)	CNDP2.3192.3.2	CNDP2	True
GCST90240868	Cytotoxic and regulatory T-cell molecule levels (CRTAM.5068.54.3)	CRTAM.5068.54.3	CRTAM	True
GCST90240869	Cytotoxic and regulatory T-cell molecule levels (CRTAM.7968.15.3)	CRTAM.7968.15.3	CRTAM	True
GCST90240870	D-dimer levels (FGA.FGB.FGG.4907.56.1)	FGA.FGB.FGG.4907.56.1	FGA	True
GCST90240871	D-glucuronyl C5-epimerase levels (GLCE.7808.5.3)	GLCE.7808.5.3	GLCE	True
GCST90240872	DCC-interacting protein 13-alpha levels (APPL1.12825.18.3)	APPL1.12825.18.3	APPL1	True
GCST90240873	DCN1-like protein 3 levels (DCUN1D3.13553.4.3)	DCUN1D3.13553.4.3	DCUN1D3	True
GCST90240874	DCN1-like protein 5 levels (DCUN1D5.8760.10.3)	DCUN1D5.8760.10.3	DCUN1D5	True
GCST90240875	dCTP pyrophosphatase 1 levels (DCTPP1.4314.12.2)	DCTPP1.4314.12.2	DCTPP1	True
GCST90240876	DDB1- and CUL4-associated factor 5 levels (DCAF5.11283.13.3)	DCAF5.11283.13.3	DCAF5	True
GCST90240877	Death-associated protein kinase 2 levels (DAPK2.4355.13.1)	DAPK2.4355.13.1	DAPK2	True
GCST90240878	Decorin levels (DCN.2666.53.2)	DCN.2666.53.2	DCN	True
GCST90240879	Dedicator of cytokinesis protein 9 levels (DOCK9.14002.18.3)	DOCK9.14002.18.3	DOCK9	True
GCST90240880	Deformed epidermal autoregulatory factor 1 homolog levels (DEAF1.6369.82.3)	DEAF1.6369.82.3	DEAF1	True
GCST90240881	Delta and Notch-like epidermal growth factor-related receptor levels (DNER.9769.48.3)	DNER.9769.48.3	DNER	True
GCST90240882	Delta and Notch-like epidermal growth factor-related receptor levels (DNER.11442.1.3)	DNER.11442.1.3	DNER	True
GCST90240883	Delta-like protein 1 levels (DLL1.5349.69.3)	DLL1.5349.69.3	DLL1	True
GCST90240884	Delta-like protein 1 levels (DLL1.8264.43.3)	DLL1.8264.43.3	DLL1	True
GCST90240885	Delta-like protein 4 levels (DLL4.3305.6.1)	DLL4.3305.6.1	DLL4	True
GCST90240746	Collagen alpha-1(VIII) chain levels (COL8A1.4807.13.3)	VIII	VIII	True
GCST90240747	Collagen alpha-1(XV) chain levels (COL15A1.8974.172.3)	XV	XV	True
GCST90240748	Collagen alpha-1(XX) chain levels (COL20A1.8804.39.3)	XX	XX	True
GCST90240749	Collagen alpha-1(XXVI) chain levels (COL26A1.9539.25.3)	XXVI	XXVI	True
GCST90240750	Collagen alpha-1(XXVIII) chain levels (COL28A1.10702.1.3)	XXVIII	XXVIII	True
GCST90240751	Collagen alpha-2(IX) chain levels (COL9A2.9804.11.3)	IX	IX	True
GCST90240752	Collagen alpha-2(XI) chain levels (COL11A2.11278.4.3)	XI	XI	True
GCST90240753	Collagen alpha-3(VI) chain levels (COL6A3.11196.31.3)	VI	VI	True
GCST90240754	Collagen alpha-5(VI) chain levels (COL6A5.11155.16.3)	VI	VI	True
GCST90240755	Collagenase 3 levels (MMP13.4925.54.2)	MMP13.4925.54.2	MMP13	True
GCST90240756	Collectin-10 levels (COLEC10.6558.5.3)	COLEC10.6558.5.3	COLEC10	True
GCST90240757	Collectin-11 levels (COLEC11.4430.44.3)	COLEC11.4430.44.3	COLEC11	True
GCST90240758	Collectin-12 levels (COLEC12.5457.5.2)	COLEC12.5457.5.2	COLEC12	True
GCST90240759	Collectin-12 levels (COLEC12.9787.23.3)	COLEC12.9787.23.3	COLEC12	True
GCST90240760	Collectrin levels (TMEM27.7816.23.3)	TMEM27.7816.23.3	TMEM27	True
GCST90240761	COMM domain-containing protein 1 levels (COMMD1.12509.115.3)	COMMD1.12509.115.3	COMMD1	True
GCST90240762	COMM domain-containing protein 7 levels (COMMD7.2823.7.1)	COMMD7.2823.7.1	COMMD7	True
GCST90240763	Complement C1q and tumor necrosis factor-related protein 9A levels (C1QTNF9.6019.12.3)	C1QTNF9.6019.12.3	C1QTNF9	True
GCST90240764	Complement C1q subcomponent subunit C levels (C1QC.14100.63.3)	C1QC.14100.63.3	C1QC	True
GCST90240765	Complement C1q tumor necrosis factor-related protein 1 levels (C1QTNF1.6304.8.3)	C1QTNF1.6304.8.3	C1QTNF1	True
GCST90240766	Complement C1q tumor necrosis factor-related protein 3 levels (C1QTNF3.7251.64.3)	C1QTNF3.7251.64.3	C1QTNF3	True
GCST90240767	Complement C1q tumor necrosis factor-related protein 5 levels (C1QTNF5.7810.20.3)	C1QTNF5.7810.20.3	C1QTNF5	True
GCST90240768	Complement C1q-like protein 4 levels (C1QL4.7132.55.3)	C1QL4.7132.55.3	C1QL4	True
GCST90240769	Complement C1r subcomponent-like protein levels (C1RL.9348.1.3)	C1RL.9348.1.3	C1RL	True
GCST90240770	Complement C4 levels (C4A.C4B.4481.34.2)	C4A.C4B.4481.34.2	C4A	True
GCST90240771	Complement component 1 Q subcomponent-binding protein, mitochondrial levels (C1QBP.4967.1.1)	C1QBP.4967.1.1	C1QBP	True
GCST90240772	Complement component C1q receptor levels (CD93.11200.52.3)	CD93.11200.52.3	CD93	True
GCST90240773	Complement component C1q receptor levels (CD93.14136.234.3)	CD93.14136.234.3	CD93	True
GCST90240774	Complement component C6 levels (C6.4127.75.1)	C6.4127.75.1	C6	True
GCST90240775	Complement component C8 levels (C8A.C8B.C8G.2429.27.4)	C8A.C8B.C8G.2429.27.4	C8A	True
GCST90240776	Complement component C9 levels (C9.3060.43.2)	C9.3060.43.2	C9	True
GCST90240777	Complement decay-accelerating factor levels (CD55.5069.9.3)	CD55.5069.9.3	CD55	True
GCST90240778	Complement factor B levels (CFB.4129.72.1)	CFB.4129.72.1	CFB	True
GCST90240779	Complement factor H levels (CFH.4159.130.1)	CFH.4159.130.1	CFH	True
GCST90240780	Complement factor H-related protein 5 levels (CFHR5.3666.17.4)	CFHR5.3666.17.4	CFHR5	True
GCST90240781	Complement factor H-related protein 5 levels (CFHR5.7885.17.3)	CFHR5.7885.17.3	CFHR5	True
GCST90240782	Complement factor I levels (CFI.2567.5.6)	CFI.2567.5.6	CFI	True
GCST90240783	Connective tissue growth factor levels (CTGF.2975.19.2)	CTGF.2975.19.2	CTGF	True
GCST90240784	Conserved oligomeric Golgi complex subunit 8 levels (COG8.9543.131.3)	COG8.9543.131.3	COG8	True
GCST90240785	Contactin-2 levels (CNTN2.3296.92.2)	CNTN2.3296.92.2	CNTN2	True
GCST90240786	Contactin-4 levels (CNTN4.3298.52.2)	CNTN4.3298.52.2	CNTN4	True
GCST90240787	Contactin-5 levels (CNTN5.3299.29.2)	CNTN5.3299.29.2	CNTN5	True
GCST90240788	Contactin-associated protein 1 levels (CNTNAP1.14617.7.3)	CNTNAP1.14617.7.3	CNTNAP1	True
GCST90240789	Contactin-associated protein-like 2 levels (CNTNAP2.6965.19.3)	CNTNAP2.6965.19.3	CNTNAP2	True
GCST90240790	COP9 signalosome complex subunit 2 levels (COPS2.14029.42.3)	COPS2.14029.42.3	COPS2	True
GCST90240791	Copine-1 levels (CPNE1.5346.24.3)	CPNE1.5346.24.3	CPNE1	True
GCST90240792	Core-binding factor subunit beta levels (CBFB.10048.7.3)	CBFB.10048.7.3	CBFB	True
GCST90240793	Corneodesmosin levels (CDSN.7085.81.3)	CDSN.7085.81.3	CDSN	True
GCST90242334	Potassium-transporting ATPase subunit beta levels (ATP4B.9994.217.3)	ATP4B.9994.217.3	ATP4B	True
GCST90243295	Urea transporter 2 levels (SLC14A2.12818.159.3)	SLC14A2.12818.159.3	SLC14A2	True
GCST90243296	Uridine-cytidine kinase 2 levels (UCK2.12515.45.3)	UCK2.12515.45.3	UCK2	True
GCST90243297	Urokinase plasminogen activator surface receptor levels (PLAUR.2652.15.1)	PLAUR.2652.15.1	PLAUR	True
GCST90243298	Urokinase-type plasminogen activator levels (PLAU.4158.54.2)	PLAU.4158.54.2	PLAU	True
GCST90243299	Uromodulin-like 1 levels (UMODL1.9114.84.3)	UMODL1.9114.84.3	UMODL1	True
GCST90243300	Uronyl 2-sulfotransferase levels (UST.8364.74.3)	UST.8364.74.3	UST	True
GCST90243301	Uroplakin-3b levels (UPK3B.8286.44.3)	UPK3B.8286.44.3	UPK3B	True
GCST90243302	Uroplakin-3b-like protein levels (UPK3BL.6633.43.3)	UPK3BL.6633.43.3	UPK3BL	True
GCST90243303	Uroporphyrinogen-III synthase levels (UROS.11248.43.3)	UROS.11248.43.3	UROS	True
GCST90243304	Urotensin-2 receptor levels (UTS2R.13530.5.3)	UTS2R.13530.5.3	UTS2R	True
GCST90243305	UTP--glucose-1-phosphate uridylyltransferase levels (UGP2.13939.14.3)	UGP2.13939.14.3	UGP2	True
GCST90243306	UV excision repair protein RAD23 homolog A levels (RAD23A.10058.1.3)	RAD23A.10058.1.3	RAD23A	True
GCST90243307	UV excision repair protein RAD23 homolog B levels (RAD23B.12522.6.3)	RAD23B.12522.6.3	RAD23B	True
GCST90243308	V-set and immunoglobulin domain-containing protein 1 levels (VSIG1.8367.142.3)	VSIG1.8367.142.3	VSIG1	True
GCST90243309	V-set and immunoglobulin domain-containing protein 2 levels (VSIG2.8018.43.3)	VSIG2.8018.43.3	VSIG2	True
GCST90243310	V-set and transmembrane domain-containing protein 2-like protein levels (VSTM2L.6549.60.3)	VSTM2L.6549.60.3	VSTM2L	True
GCST90243311	V-set and transmembrane domain-containing protein 4 levels (VSTM4.7242.14.3)	VSTM4.7242.14.3	VSTM4	True
GCST90243312	Vacuolar protein sorting-associated protein 29 levels (VPS29.14318.1.3)	VPS29.14318.1.3	VPS29	True
GCST90243313	Vacuolar protein sorting-associated protein 4A levels (VPS4A.11476.43.3)	VPS4A.11476.43.3	VPS4A	True
GCST90243314	Vacuolar protein sorting-associated protein 4B levels (VPS4B.12668.7.3)	VPS4B.12668.7.3	VPS4B	True
GCST90243315	Vacuolar protein sorting-associated protein VTA1 homolog levels (VTA1.4209.60.2)	VTA1.4209.60.2	VTA1	True
GCST90243316	Valine--tRNA ligase levels (VARS.13083.18.3)	VARS.13083.18.3	VARS	True
GCST90243317	Vascular cell adhesion protein 1 levels (VCAM1.2967.8.1)	VCAM1.2967.8.1	VCAM1	True
GCST90243318	Vascular endothelial growth factor A levels (VEGFA.2597.8.3)	VEGFA.2597.8.3	VEGFA	True
GCST90243319	Vascular endothelial growth factor A, isoform 121 levels (VEGFA.14032.2.3)	VEGFA.14032.2.3	VEGFA	True
GCST90243320	Vascular endothelial growth factor C levels (VEGFC.3132.1.1)	VEGFC.3132.1.1	VEGFC	True
GCST90243321	Vascular endothelial growth factor D levels (FIGF.13098.93.3)	FIGF.13098.93.3	FIGF	True
GCST90243322	Vascular endothelial growth factor D levels (FIGF.14705.1.3)	FIGF.14705.1.3	FIGF	True
GCST90243323	Vascular endothelial growth factor receptor 2 levels (KDR.3651.50.5)	KDR.3651.50.5	KDR	True
GCST90243324	Vascular endothelial growth factor receptor 3 levels (FLT4.2358.19.2)	FLT4.2358.19.2	FLT4	True
GCST90243325	Versican core protein levels (VCAN.9561.21.3)	VCAN.9561.21.3	VCAN	True
GCST90243326	Very long-chain acyl-CoA synthetase levels (SLC27A2.9045.3.3)	SLC27A2.9045.3.3	SLC27A2	True
GCST90243327	Vesicle transport protein USE1 levels (USE1.8057.78.3)	USE1.8057.78.3	USE1	True
GCST90243328	Vesicle transport through interaction with t-SNAREs homolog 1A levels (VTI1A.7952.2.3)	VTI1A.7952.2.3	VTI1A	True
GCST90243329	Vesicle transport through interaction with t-SNAREs homolog 1B levels (VTI1B.8963.8.3)	VTI1B.8963.8.3	VTI1B	True
GCST90243330	Vesicle-associated membrane protein 3 levels (VAMP3.7903.18.3)	VAMP3.7903.18.3	VAMP3	True
GCST90243331	Vesicle-associated membrane protein 4 levels (VAMP4.7732.45.3)	VAMP4.7732.45.3	VAMP4	True
GCST90243332	Vesicle-associated membrane protein 5 levels (VAMP5.8290.1.3)	VAMP5.8290.1.3	VAMP5	True
GCST90243333	Vesicle-associated membrane protein 8 levels (VAMP8.7064.2.4)	VAMP8.7064.2.4	VAMP8	True
GCST90243334	Vesicle-associated membrane protein-associated protein A levels (VAPA.7167.102.3)	VAPA.7167.102.3	VAPA	True
GCST90243335	Vesicle-associated membrane protein-associated protein B/C levels (VAPB.7181.17.3)	VAPB.7181.17.3	VAPB	True
GCST90243336	Vesicle-fusing ATPase levels (NSF.13992.12.3)	NSF.13992.12.3	NSF	True
GCST90243337	Vesicle-trafficking protein SEC22a levels (SEC22A.13713.164.3)	SEC22A.13713.164.3	SEC22A	True
GCST90243338	Vesicular integral-membrane protein VIP36 levels (LMAN2.7638.30.3)	LMAN2.7638.30.3	LMAN2	True
GCST90243339	Vesicular integral-membrane protein VIP36 levels (LMAN2.9468.8.3)	LMAN2.9468.8.3	LMAN2	True
GCST90243340	Vigilin levels (HDLBP.13570.43.3)	HDLBP.13570.43.3	HDLBP	True
GCST90243341	Vinculin levels (VCL.8750.46.3)	VCL.8750.46.3	VCL	True
GCST90243342	Vinexin b levels (SORBS3.12976.49.3)	SORBS3.12976.49.3	SORBS3	True
GCST90243343	VIP36-like protein levels (LMAN2L.8013.9.3)	LMAN2L.8013.9.3	LMAN2L	True
GCST90243344	Vitamin D-binding protein levels (GC.6581.50.3)	GC.6581.50.3	GC	True
GCST90243345	Vitrin levels (VIT.6234.74.3)	VIT.6234.74.3	VIT	True
GCST90243346	Vitronectin levels (VTN.8280.238.3)	VTN.8280.238.3	VTN	True
GCST90243347	Vitronectin levels (VTN.13125.45.3)	VTN.13125.45.3	VTN	True
GCST90243348	Voltage-dependent calcium channel subunit alpha-2/delta-3 levels (CACNA2D3.8885.6.3)	CACNA2D3.8885.6.3	CACNA2D3	True
GCST90243349	Voltage-gated potassium channel subunit beta-2 levels (KCNAB2.10015.119.3)	KCNAB2.10015.119.3	KCNAB2	True
GCST90243350	von Willebrand factor C domain-containing protein 2-like levels (VWC2L.7995.16.3)	VWC2L.7995.16.3	VWC2L	True
GCST90243351	WAP four-disulfide core domain protein 10A levels (WFDC10A.13429.3.3)	WFDC10A.13429.3.3	WFDC10A	True
GCST90243352	WAP four-disulfide core domain protein 12 levels (WFDC12.6037.6.3)	WFDC12.6037.6.3	WFDC12	True
GCST90243353	WAP four-disulfide core domain protein 13 levels (WFDC13.9345.436.3)	WFDC13.9345.436.3	WFDC13	True
GCST90243354	WAP four-disulfide core domain protein 2 levels (WFDC2.11388.75.3)	WFDC2.11388.75.3	WFDC2	True
GCST90243355	WAP four-disulfide core domain protein 3 levels (WFDC3.6384.19.3)	WFDC3.6384.19.3	WFDC3	True
GCST90243356	WAP four-disulfide core domain protein 5 levels (WFDC5.6969.14.3)	WFDC5.6969.14.3	WFDC5	True
GCST90243357	WAP, kazal, immunoglobulin, kunitz and NTR domain-containing protein 1 levels (WFIKKN1.3191.50.2)	WFIKKN1.3191.50.2	WFIKKN1	True
GCST90243358	WAP, Kazal, immunoglobulin, Kunitz and NTR domain-containing protein 2 levels (WFIKKN2.13408.23.3)	WFIKKN2.13408.23.3	WFIKKN2	True
GCST90243359	WAP, Kazal, immunoglobulin, Kunitz and NTR domain-containing protein 2 levels (WFIKKN2.3235.50.2)	WFIKKN2.3235.50.2	WFIKKN2	True
GCST90243360	WD repeat-containing protein 1 levels (WDR1.10723.41.3)	WDR1.10723.41.3	WDR1	True
GCST90243361	Wnt inhibitory factor 1 levels (WIF1.2848.2.2)	WIF1.2848.2.2	WIF1	True
GCST90243362	WNT1-inducible-signaling pathway protein 1 levels (WISP1.13692.154.3)	WISP1.13692.154.3	WISP1	True
GCST90243363	WNT1-inducible-signaling pathway protein 3 levels (WISP3.5927.4.3)	WISP3.5927.4.3	WISP3	True
GCST90243364	WSC domain-containing protein 2 levels (WSCD2.6274.15.3)	WSCD2.6274.15.3	WSCD2	True
GCST90243365	WW domain binding protein 1-like levels (WBP1L.9532.5.3)	WBP1L.9532.5.3	WBP1L	True
GCST90243366	WW domain-binding protein 1 levels (WBP1.10943.36.3)	WBP1.10943.36.3	WBP1	True
GCST90243367	X-linked interleukin-1 receptor accessory protein-like 2 levels (IL1RAPL2.5082.51.3)	IL1RAPL2.5082.51.3	IL1RAPL2	True
GCST90243368	Xaa-Pro aminopeptidase 1 levels (XPNPEP1.3481.87.1)	XPNPEP1.3481.87.1	XPNPEP1	True
GCST90243369	Xanthine dehydrogenase/oxidase levels (XDH.11264.33.3)	XDH.11264.33.3	XDH	True
GCST90243370	Xyloside xylosyltransferase 1 levels (XXYLT1.6375.75.3)	XXYLT1.6375.75.3	XXYLT1	True
GCST90243371	Y-box-binding protein 2 levels (YBX2.6372.7.3)	YBX2.6372.7.3	YBX2	True
GCST90243372	YTH domain-containing protein 1 levels (YTHDC1.8878.48.3)	YTHDC1.8878.48.3	YTHDC1	True
GCST90243373	Zinc finger protein 10 levels (ZNF10.11567.23.3)	ZNF10.11567.23.3	ZNF10	True
GCST90243374	Zinc finger protein 134 levels (ZNF134.12787.47.3)	ZNF134.12787.47.3	ZNF134	True
GCST90243375	Zinc finger protein 174 levels (ZNF174.11486.26.3)	ZNF174.11486.26.3	ZNF174	True
GCST90243376	Zinc finger protein 175 levels (ZNF175.12716.3.3)	ZNF175.12716.3.3	ZNF175	True
GCST90243377	Zinc finger protein 18 levels (ZNF18.11372.2.3)	ZNF18.11372.2.3	ZNF18	True
GCST90243378	Zinc finger protein 180 levels (ZNF180.12771.19.3)	ZNF180.12771.19.3	ZNF180	True
GCST90243379	Zinc finger protein 23 levels (ZNF23.11565.58.3)	ZNF23.11565.58.3	ZNF23	True
GCST90243380	Zinc finger protein 264 levels (ZNF264.9993.11.3)	ZNF264.9993.11.3	ZNF264	True
GCST90243381	Zinc finger protein 276 levels (ZNF276.14692.3.3)	ZNF276.14692.3.3	ZNF276	True
GCST90243382	Zinc finger protein 329 levels (ZNF329.12803.9.3)	ZNF329.12803.9.3	ZNF329	True
GCST90243383	Zinc finger protein 334 levels (ZNF334.12763.69.3)	ZNF334.12763.69.3	ZNF334	True
GCST90243384	Zinc finger protein 358 levels (ZNF358.10529.19.3)	ZNF358.10529.19.3	ZNF358	True
GCST90243385	Zinc finger protein 382 levels (ZNF382.14616.16.3)	ZNF382.14616.16.3	ZNF382	True
GCST90243386	Zinc finger protein 410 levels (ZNF410.12843.6.3)	ZNF410.12843.6.3	ZNF410	True
GCST90243387	Zinc finger protein 415 levels (ZNF415.12811.55.3)	ZNF415.12811.55.3	ZNF415	True
GCST90243388	Zinc finger protein 566 levels (ZNF566.12795.2.3)	ZNF566.12795.2.3	ZNF566	True
GCST90243389	Zinc finger protein 75D levels (ZNF75D.11596.47.3)	ZNF75D.11596.47.3	ZNF75D	True
GCST90243390	Zinc finger protein 774 levels (ZNF774.12760.34.3)	ZNF774.12760.34.3	ZNF774	True
GCST90243391	Zinc finger protein 843 levels (ZNF843.8321.27.3)	ZNF843.8321.27.3	ZNF843	True
GCST90243392	Zinc finger protein SNAI2 levels (SNAI2.10014.31.3)	SNAI2.10014.31.3	SNAI2	True
GCST90243393	Zinc fingers and homeoboxes protein 3 levels (ZHX3.10036.201.3)	ZHX3.10036.201.3	ZHX3	True
GCST90243394	Zinc transporter 3 levels (SLC30A3.9081.39.3)	SLC30A3.9081.39.3	SLC30A3	True
GCST90243395	Zinc transporter 5 levels (SLC30A5.9594.30.3)	SLC30A5.9594.30.3	SLC30A5	True
GCST90243396	Zinc-alpha-2-glycoprotein levels (AZGP1.9312.8.3)	AZGP1.9312.8.3	AZGP1	True
GCST90243397	Zinc/RING finger protein 4 levels (ZNRF4.9467.24.3)	ZNRF4.9467.24.3	ZNRF4	True
GCST90243398	Zona pellucida sperm-binding protein 4 levels (ZP4.7766.25.3)	ZP4.7766.25.3	ZP4	True
GCST90243399	Zona pellucida-like domain-containing protein 1 levels (ZPLD1.5590.11.3)	ZPLD1.5590.11.3	ZPLD1	True
GCST90243400	FAS-associated factor 2 levels (FAF2.8761.7.3)	FAF2.8761.7.3	FAF2	True
GCST90243401	Scavenger receptor class F member 2 levels (SCARF2.9925.56.3)	SCARF2.9925.56.3	SCARF2	True
GCST90241831	Lymphocyte antigen 6 complex locus protein G6d levels (LY6G6D.6469.62.3)	LY6G6D.6469.62.3	LY6G6D	True
GCST90241832	Lymphocyte antigen 86 levels (LY86.3623.84.4)	LY86.3623.84.4	LY86	True
GCST90241833	Lymphocyte function-associated antigen 3 levels (CD58.10938.13.3)	CD58.10938.13.3	CD58	True
GCST90241834	Lymphoid-restricted membrane protein levels (LRMP.10704.91.3)	LRMP.10704.91.3	LRMP	True
GCST90241835	Lymphotactin levels (XCL1.14078.69.3)	XCL1.14078.69.3	XCL1	True
GCST90241836	Lymphotactin levels (XCL1.4143.74.2)	XCL1.4143.74.2	XCL1	True
GCST90241837	Lymphotoxin alpha2:beta1 levels (LTA.LTB.3506.49.1)	LTA.LTB.3506.49.1	LTA	True
GCST90241838	Lymphotoxin-alpha levels (LTA.4703.87.2)	LTA.4703.87.2	LTA	True
GCST90241839	LysM and putative peptidoglycan-binding domain-containing protein 3 levels (LYSMD3.10563.13.3)	LYSMD3.10563.13.3	LYSMD3	True
GCST90241840	LysM and putative peptidoglycan-binding domain-containing protein 4 levels (LYSMD4.9106.87.3)	LYSMD4.9106.87.3	LYSMD4	True
GCST90241841	Lysophosphatidylcholine acyltransferase 2 levels (LPCAT2.11175.45.3)	LPCAT2.11175.45.3	LPCAT2	True
GCST90241842	Lysophospholipase-like protein 1 levels (LYPLAL1.12428.2.3)	LYPLAL1.12428.2.3	LYPLAL1	True
GCST90241843	Lysosomal acid phosphatase levels (ACP2.9237.54.3)	ACP2.9237.54.3	ACP2	True
GCST90241844	Lysosomal Pro-X carboxypeptidase levels (PRCP.5722.78.3)	PRCP.5722.78.3	PRCP	True
GCST90241845	Lysosomal protective protein levels (CTSA.3179.51.2)	CTSA.3179.51.2	CTSA	True
GCST90241846	Lysosome membrane protein 2 levels (SCARB2.5100.53.3)	SCARB2.5100.53.3	SCARB2	True
GCST90241847	Lysosome-associated membrane glycoprotein 3 levels (LAMP3.9355.26.3)	LAMP3.9355.26.3	LAMP3	True
GCST90241848	Lysozyme C levels (LYZ.4920.10.1)	LYZ.4920.10.1	LYZ	True
GCST90241849	Lysozyme g-like protein 1 levels (LYG1.9243.10.3)	LYG1.9243.10.3	LYG1	True
GCST90241850	Lysozyme-like protein 2 levels (LYZL2.6377.54.3)	LYZL2.6377.54.3	LYZL2	True
GCST90241851	Lysyl oxidase homolog 2 levels (LOXL2.6504.65.3)	LOXL2.6504.65.3	LOXL2	True
GCST90241852	M-phase inducer phosphatase 2 levels (CDC25B.12427.8.3)	CDC25B.12427.8.3	CDC25B	True
GCST90241853	Macoilin levels (TMEM57.12367.52.3)	TMEM57.12367.52.3	TMEM57	True
GCST90241854	Macrophage colony-stimulating factor 1 levels (CSF1.3738.54.4)	CSF1.3738.54.4	CSF1	True
GCST90241855	Macrophage mannose receptor 1 levels (MRC1.2637.77.2)	MRC1.2637.77.2	MRC1	True
GCST90241856	Macrophage metalloelastase levels (MMP12.4496.60.2)	MMP12.4496.60.2	MMP12	True
GCST90241857	Macrophage migration inhibitory factor levels (MIF.5356.2.3)	MIF.5356.2.3	MIF	True
GCST90241858	Macrophage scavenger receptor types I and II levels (MSR1.3684.78.3)	MSR1.3684.78.3	MSR1	True
GCST90241859	Macrophage scavenger receptor types I and II levels (MSR1.11207.3.3)	MSR1.11207.3.3	MSR1	True
GCST90241860	Macrophage-stimulating protein receptor levels (MST1R.2640.3.2)	MST1R.2640.3.2	MST1R	True
GCST90241861	Magnesium transporter NIPA4 levels (NIPAL4.12864.9.3)	NIPAL4.12864.9.3	NIPAL4	True
GCST90241862	MAGUK p55 subfamily member 6 levels (MPP6.13490.1.3)	MPP6.13490.1.3	MPP6	True
GCST90241863	MAGUK p55 subfamily member 7 levels (MPP7.12732.13.3)	MPP7.12732.13.3	MPP7	True
GCST90241864	Major prion protein levels (PRNP.6545.58.3)	PRNP.6545.58.3	PRNP	True
GCST90241865	Malate dehydrogenase, cytoplasmic levels (MDH1.3853.56.1)	MDH1.3853.56.1	MDH1	True
GCST90241866	Malectin levels (MLEC.6285.71.3)	MLEC.6285.71.3	MLEC	True
GCST90241867	Malignant T-cell-amplified sequence 1 levels (MCTS1.12488.9.3)	MCTS1.12488.9.3	MCTS1	True
GCST90241868	Malonyl-CoA decarboxylase, mitochondrial levels (MLYCD.11538.216.3)	MLYCD.11538.216.3	MLYCD	True
GCST90241869	MAM domain-containing protein 2 levels (MAMDC2.6119.14.3)	MAMDC2.6119.14.3	MAMDC2	True
GCST90241870	Mammaglobin-B levels (SCGB2A1.5001.6.2)	SCGB2A1.5001.6.2	SCGB2A1	True
GCST90241871	Mannan-binding lectin serine protease 1 levels (MASP1.3605.77.4)	MASP1.3605.77.4	MASP1	True
GCST90241872	Mannose-binding protein C levels (MBL2.3000.66.1)	MBL2.3000.66.1	MBL2	True
GCST90241873	Mannosyl-oligosaccharide 1,2-alpha-mannosidase IA levels (MAN1A1.11291.73.3)	MAN1A1.11291.73.3	MAN1A1	True
GCST90241874	Mannosyl-oligosaccharide 1,2-alpha-mannosidase IB levels (MAN1A2.9077.10.3)	MAN1A2.9077.10.3	MAN1A2	True
GCST90241875	MANSC domain-containing protein 1 levels (MANSC1.9557.5.3)	MANSC1.9557.5.3	MANSC1	True
GCST90241876	MANSC domain-containing protein 4 levels (MANSC4.9578.263.3)	MANSC4.9578.263.3	MANSC4	True
GCST90241877	MAP kinase-activated protein kinase 2 levels (MAPKAPK2.3820.68.2)	MAPKAPK2.3820.68.2	MAPKAPK2	True
GCST90241878	MAP kinase-activated protein kinase 3 levels (MAPKAPK3.3822.54.2)	MAPKAPK3.3822.54.2	MAPKAPK3	True
GCST90241879	MAP kinase-activated protein kinase 5 levels (MAPKAPK5.8382.47.3)	MAPKAPK5.8382.47.3	MAPKAPK5	True
GCST90241880	MAP kinase-activated protein kinase 5 levels (MAPKAPK5.3821.28.1)	MAPKAPK5.3821.28.1	MAPKAPK5	True
GCST90241881	Marginal zone B- and B1-cell-specific protein levels (PACAP.7780.34.3)	PACAP.7780.34.3	PACAP	True
GCST90241882	Maspardin levels (SPG21.11122.97.3)	SPG21.11122.97.3	SPG21	True
GCST90241883	Mast cell-expressed membrane protein 1 levels (MCEMP1.6283.60.3)	MCEMP1.6283.60.3	MCEMP1	True
GCST90241884	Mast/stem cell growth factor receptor Kit levels (KIT.2475.1.3)	KIT.2475.1.3	KIT	True
GCST90241885	Matrilin-2 levels (MATN2.3325.2.2)	MATN2.3325.2.2	MATN2	True
GCST90241886	Matrilin-3 levels (MATN3.3208.2.4)	MATN3.3208.2.4	MATN3	True
GCST90241887	Matrilin-4 levels (MATN4.7083.74.3)	MATN4.7083.74.3	MATN4	True
GCST90241888	Matrilysin levels (MMP7.8475.15.3)	MMP7.8475.15.3	MMP7	True
GCST90241889	Matrix extracellular phosphoglycoprotein levels (MEPE.3209.69.1)	MEPE.3209.69.1	MEPE	True
GCST90241890	Matrix metalloproteinase-14 levels (MMP14.5002.76.1)	MMP14.5002.76.1	MMP14	True
GCST90241891	Matrix metalloproteinase-16 levels (MMP16.9719.145.3)	MMP16.9719.145.3	MMP16	True
GCST90241892	Matrix metalloproteinase-16 levels (MMP16.5268.49.3)	MMP16.5268.49.3	MMP16	True
GCST90241893	Matrix metalloproteinase-17 levels (MMP17.2838.53.1)	MMP17.2838.53.1	MMP17	True
GCST90241894	Matrix metalloproteinase-9 levels (MMP9.2579.17.5)	MMP9.2579.17.5	MMP9	True
GCST90241895	Matrix-remodeling-associated protein 7 levels (MXRA7.8005.1.3)	MXRA7.8005.1.3	MXRA7	True
GCST90241896	Matrix-remodeling-associated protein 8 levels (MXRA8.10521.10.3)	MXRA8.10521.10.3	MXRA8	True
GCST90241897	Matrix-remodeling-associated protein 8 levels (MXRA8.7002.1.3)	MXRA8.7002.1.3	MXRA8	True
GCST90241898	MAX gene-associated protein levels (MGA.11587.5.3)	MGA.11587.5.3	MGA	True
GCST90241899	MAX-interacting protein 1 levels (MXI1.9035.2.3)	MXI1.9035.2.3	MXI1	True
GCST90241900	Mediator of RNA polymerase II transcription subunit 1 levels (MED1.5470.69.2)	MED1.5470.69.2	MED1	True
GCST90241901	Mediator of RNA polymerase II transcription subunit 1 levels (MED1.3892.21.2)	MED1.3892.21.2	MED1	True
GCST90241902	Mediator of RNA polymerase II transcription subunit 4 levels (MED4.14021.81.3)	MED4.14021.81.3	MED4	True
GCST90241903	Megakaryocyte-associated tyrosine-protein kinase levels (MATK.3823.9.1)	MATK.3823.9.1	MATK	True
GCST90241904	Melanocortin-2 receptor accessory protein levels (MRAP.7895.108.3)	MRAP.7895.108.3	MRAP	True
GCST90241905	Melanocortin-2 receptor accessory protein 2 levels (MRAP2.10889.2.3)	MRAP2.10889.2.3	MRAP2	True
GCST90241906	Melanocyte protein PMEL levels (PMEL.6472.40.3)	PMEL.6472.40.3	PMEL	True
GCST90241907	Melanoma-associated antigen 10 levels (MAGEA10.13610.9.3)	MAGEA10.13610.9.3	MAGEA10	True
GCST90241908	Melanoma-associated antigen 3 levels (MAGEA3.12576.21.3)	MAGEA3.12576.21.3	MAGEA3	True
GCST90241909	Melanoma-associated antigen B10 levels (MAGEB10.11456.2.3)	MAGEB10.11456.2.3	MAGEB10	True
GCST90241910	Melanoma-derived growth regulatory protein levels (MIA.2687.2.1)	MIA.2687.2.1	MIA	True
GCST90241911	Membrane magnesium transporter 1 levels (MMGT1.7225.51.3)	MMGT1.7225.51.3	MMGT1	True
GCST90241912	Membrane metallo-endopeptidase-like 1 levels (MMEL1.3627.71.4)	MMEL1.3627.71.4	MMEL1	True
GCST90241913	Membrane protein FAM159B levels (FAM159B.10504.6.3)	FAM159B.10504.6.3	FAM159B	True
GCST90241914	Membrane protein FAM174A levels (FAM174A.6597.24.3)	FAM174A.6597.24.3	FAM174A	True
GCST90241915	Membrane protein FAM174B levels (FAM174B.9054.8.3)	FAM174B.9054.8.3	FAM174B	True
GCST90241916	Membrane-associated guanylate kinase, WW and PDZ domain-containing protein 2 levels (MAGI2.14066.49.3)	MAGI2.14066.49.3	MAGI2	True
GCST90241917	Membrane-associated progesterone receptor component 1 levels (PGRMC1.7863.50.3)	PGRMC1.7863.50.3	PGRMC1	True
GCST90241918	Membrane-associated progesterone receptor component 2 levels (PGRMC2.10631.9.3)	PGRMC2.10631.9.3	PGRMC2	True
GCST90241919	Membrane-associated progesterone receptor component 2 levels (PGRMC2.10506.53.3)	PGRMC2.10506.53.3	PGRMC2	True
GCST90241920	Membrane-associated progesterone receptor component 2 levels (PGRMC2.8681.93.3)	PGRMC2.8681.93.3	PGRMC2	True
GCST90241921	Mesothelin levels (MSLN.3893.55.2)	MSLN.3893.55.2	MSLN	True
GCST90241922	Mesothelin levels (MSLN.3893.64.1)	MSLN.3893.64.1	MSLN	True
GCST90241923	Metalloproteinase inhibitor 4 levels (TIMP4.6462.12.3)	TIMP4.6462.12.3	TIMP4	True
GCST90241924	Metallothionein-1F levels (MT1F.10416.79.3)	MT1F.10416.79.3	MT1F	True
GCST90241925	Methionine-R-sulfoxide reductase B3 levels (MSRB3.7824.88.3)	MSRB3.7824.88.3	MSRB3	True
GCST90241926	Methyl-CpG-binding domain protein 4 levels (MBD4.3891.56.1)	MBD4.3891.56.1	MBD4	True
GCST90241927	Methylmalonyl-CoA epimerase, mitochondrial levels (MCEE.9388.18.3)	MCEE.9388.18.3	MCEE	True
GCST90241928	MHC class I polypeptide-related sequence B levels (MICB.5102.55.3)	MICB.5102.55.3	MICB	True
GCST90241929	MICAL-like protein 2 levels (MICALL2.12891.1.3)	MICALL2.12891.1.3	MICALL2	True
GCST90241930	MICOS complex subunit MIC10 levels (MINOS1.7956.11.3)	MINOS1.7956.11.3	MINOS1	True
GCST90241931	MICOS complex subunit MIC26 levels (APOO.9373.405.3)	APOO.9373.405.3	APOO	True
GCST90241932	Microfibril-associated glycoprotein 4 levels (MFAP4.5636.10.3)	MFAP4.5636.10.3	MFAP4	True
GCST90241933	Microfibrillar-associated protein 1 levels (MFAP1.5606.24.3)	MFAP1.5606.24.3	MFAP1	True
GCST90241934	Microfibrillar-associated protein 2 levels (MFAP2.9294.45.3)	MFAP2.9294.45.3	MFAP2	True
GCST90241935	Microfibrillar-associated protein 5 levels (MFAP5.6440.31.3)	MFAP5.6440.31.3	MFAP5	True
GCST90241936	Midkine levels (MDK.2911.27.2)	MDK.2911.27.2	MDK	True
GCST90241937	Mineralocorticoid receptor levels (NR3C2.12931.16.3)	NR3C2.12931.16.3	NR3C2	True
GCST90241938	MIP18 family protein FAM96A levels (FAM96A.8787.21.3)	FAM96A.8787.21.3	FAM96A	True
GCST90241939	Mismatch repair endonuclease PMS2 levels (PMS2.11312.40.3)	PMS2.11312.40.3	PMS2	True
GCST90241940	Mitochondrial fission regulator 1 levels (MTFR1.9095.5.3)	MTFR1.9095.5.3	MTFR1	True
GCST90241941	Mitochondrial glutamate carrier 2 levels (SLC25A18.5280.68.5)	SLC25A18.5280.68.5	SLC25A18	True
GCST90241942	Mitochondrial import inner membrane translocase subunit TIM14 levels (DNAJC19.4545.53.3)	DNAJC19.4545.53.3	DNAJC19	True
GCST90241943	Mitochondrial peptide methionine sulfoxide reductase levels (MSRA.7137.8.3)	MSRA.7137.8.3	MSRA	True
GCST90241944	Mitochondrial sodium/hydrogen exchanger 9B2 levels (SLC9B2.9088.20.3)	SLC9B2.9088.20.3	SLC9B2	True
GCST90241945	Mitochondrial ubiquitin ligase activator of NFKB 1 levels (MUL1.9315.16.3)	MUL1.9315.16.3	MUL1	True
GCST90241946	Mitochondrial ubiquitin ligase activator of NFKB 1 levels (MUL1.11159.14.3)	MUL1.11159.14.3	MUL1	True
GCST90241947	Mitofusin-1 levels (MFN1.11364.18.3)	MFN1.11364.18.3	MFN1	True
GCST90242335	POU domain, class 2, transcription factor 1 levels (POU2F1.11715.1.3)	POU2F1.11715.1.3	POU2F1	True
GCST90241948	Mitogen-activated protein kinase 1 levels (MAPK1.3115.64.2)	MAPK1.3115.64.2	MAPK1	True
GCST90241949	Mitogen-activated protein kinase 13 levels (MAPK13.5006.71.1)	MAPK13.5006.71.1	MAPK13	True
GCST90241950	Mitogen-activated protein kinase 14 levels (MAPK14.5007.1.1)	MAPK14.5007.1.1	MAPK14	True
GCST90241951	Mitogen-activated protein kinase 3 levels (MAPK3.2855.49.2)	MAPK3.2855.49.2	MAPK3	True
GCST90241952	Mitogen-activated protein kinase 8 levels (MAPK8.3825.18.2)	MAPK8.3825.18.2	MAPK8	True
GCST90241953	Mitogen-activated protein kinase 9 levels (MAPK9.5244.12.3)	MAPK9.5244.12.3	MAPK9	True
GCST90241954	Mitogen-activated protein kinase kinase kinase 3 levels (MAP3K3.12990.39.3)	MAP3K3.12990.39.3	MAP3K3	True
GCST90241955	Mitogen-activated protein kinase kinase kinase 7:TGF-beta-activated kinase 1 and MAP3K7-binding protein 1 fusion levels (MAP3K7.TAB1.5259.2.3)	MAP3K7.TAB1.5259.2.3	MAP3K7	True
GCST90241956	Mitotic checkpoint serine/threonine-protein kinase BUB1 levels (BUB1.12033.3.3)	BUB1.12033.3.3	BUB1	True
GCST90241957	Mitotic spindle assembly checkpoint protein MAD1 levels (MAD1L1.13618.15.3)	MAD1L1.13618.15.3	MAD1L1	True
GCST90241958	Mitotic-spindle organizing protein 1 levels (MZT1.8072.19.3)	MZT1.8072.19.3	MZT1	True
GCST90241959	MOB kinase activator 1A levels (MOB1A.12426.19.3)	MOB1A.12426.19.3	MOB1A	True
GCST90241960	Mono [ADP-ribose] polymerase PARP16 levels (PARP16.7881.244.3)	PARP16.7881.244.3	PARP16	True
GCST90241961	Monoacylglycerol lipase ABHD12 levels (ABHD12.7825.7.3)	ABHD12.7825.7.3	ABHD12	True
GCST90241962	Mothers against decapentaplegic homolog 2 levels (SMAD2.10364.6.3)	SMAD2.10364.6.3	SMAD2	True
GCST90241963	Mothers against decapentaplegic homolog 4 levels (SMAD4.12022.12.3)	SMAD4.12022.12.3	SMAD4	True
GCST90241964	Motor neuron and pancreas homeobox protein 1 levels (MNX1.9576.58.3)	MNX1.9576.58.3	MNX1	True
GCST90241965	mRNA-capping enzyme levels (RNGTT.12847.27.3)	RNGTT.12847.27.3	RNGTT	True
GCST90241966	mRNA-decapping enzyme 1A levels (DCP1A.14008.22.3)	DCP1A.14008.22.3	DCP1A	True
GCST90241967	Mucin-1 levels (MUC1.9176.3.3)	MUC1.9176.3.3	MUC1	True
GCST90241968	Mucin-1 levels (MUC1.11267.11.3)	MUC1.11267.11.3	MUC1	True
GCST90241969	Mucin-4 levels (MUC4.10659.49.3)	MUC4.10659.49.3	MUC4	True
GCST90241970	Mucosal addressin cell adhesion molecule 1 levels (MADCAM1.11258.41.3)	MADCAM1.11258.41.3	MADCAM1	True
GCST90241971	Muellerian-inhibiting factor levels (AMH.4923.79.1)	AMH.4923.79.1	AMH	True
GCST90241972	Multidrug resistance-associated protein 6 levels (ABCC6.8935.22.3)	ABCC6.8935.22.3	ABCC6	True
GCST90241973	Multifunctional protein ADE2 levels (PAICS.9841.197.3)	PAICS.9841.197.3	PAICS	True
GCST90241974	Multimerin-2 levels (MMRN2.11895.21.3)	MMRN2.11895.21.3	MMRN2	True
GCST90241975	Multimerin-2 levels (MMRN2.9723.105.3)	MMRN2.9723.105.3	MMRN2	True
GCST90241976	Multiple coagulation factor deficiency protein 2 levels (MCFD2.10476.23.3)	MCFD2.10476.23.3	MCFD2	True
GCST90241977	Multiple epidermal growth factor-like domains protein 10 levels (MEGF10.11168.3.3)	MEGF10.11168.3.3	MEGF10	True
GCST90241978	Multiple inositol polyphosphate phosphatase 1 levels (MINPP1.5586.66.3)	MINPP1.5586.66.3	MINPP1	True
GCST90241979	Multiple PDZ domain protein levels (MPDZ.14036.116.3)	MPDZ.14036.116.3	MPDZ	True
GCST90241980	Muscle, skeletal receptor tyrosine-protein kinase levels (MUSK.11547.84.3)	MUSK.11547.84.3	MUSK	True
GCST90241981	Myc box-dependent-interacting protein 1 levels (BIN1.9574.11.3)	BIN1.9574.11.3	BIN1	True
GCST90241982	Myc proto-oncogene protein levels (MYC.10362.35.3)	MYC.10362.35.3	MYC	True
GCST90241983	Myc target protein 1 levels (MYCT1.13541.1.3)	MYCT1.13541.1.3	MYCT1	True
GCST90241984	Myc-associated zinc finger protein levels (MAZ.13436.54.3)	MAZ.13436.54.3	MAZ	True
GCST90241985	Myelin protein P0 levels (MPZ.10615.18.3)	MPZ.10615.18.3	MPZ	True
GCST90241986	Myelin regulatory factor levels (MYRF.8843.34.3)	MYRF.8843.34.3	MYRF	True
GCST90241987	Myeloblastin levels (PRTN3.3514.49.2)	PRTN3.3514.49.2	PRTN3	True
GCST90241988	Myeloblastin levels (PRTN3.13720.95.3)	PRTN3.13720.95.3	PRTN3	True
GCST90241989	Myeloid cell surface antigen CD33 levels (CD33.3166.92.1)	CD33.3166.92.1	CD33	True
GCST90241990	Myeloid zinc finger 1 levels (MZF1.14662.6.3)	MZF1.14662.6.3	MZF1	True
GCST90241991	Myeloperoxidase levels (MPO.2580.83.2)	MPO.2580.83.2	MPO	True
GCST90241992	Myocardial zonula adherens protein levels (MYZAP.13924.13.3)	MYZAP.13924.13.3	MYZAP	True
GCST90241993	Myocardial zonula adherens protein levels (MYZAP.9055.81.3)	MYZAP.9055.81.3	MYZAP	True
GCST90241994	Myocardial zonula adherens protein levels (MYZAP.9964.10.3)	MYZAP.9964.10.3	MYZAP	True
GCST90241995	Myocyte-specific enhancer factor 2C levels (MEF2C.8933.84.3)	MEF2C.8933.84.3	MEF2C	True
GCST90241996	Myoglobin levels (MB.3042.7.2)	MB.3042.7.2	MB	True
GCST90241997	Myomesin-2 levels (MYOM2.13534.20.3)	MYOM2.13534.20.3	MYOM2	True
GCST90241998	Myosin-binding protein C, slow-type levels (MYBPC1.7648.9.3)	MYBPC1.7648.9.3	MYBPC1	True
GCST90241999	Myotonin-protein kinase levels (DMPK.9010.3.3)	DMPK.9010.3.3	DMPK	True
GCST90242000	Myotubularin-related protein 1 levels (MTMR1.11167.6.3)	MTMR1.11167.6.3	MTMR1	True
GCST90242001	N-acetyl-D-glucosamine kinase levels (NAGK.3894.15.2)	NAGK.3894.15.2	NAGK	True
GCST90242002	N-acetylated-alpha-linked acidic dipeptidase 2 levels (NAALAD2.7986.98.3)	NAALAD2.7986.98.3	NAALAD2	True
GCST90242003	N-acetylgalactosaminyltransferase 7 levels (GALNT7.10888.4.3)	GALNT7.10888.4.3	GALNT7	True
GCST90242004	N-acetylglucosamine-1-phosphodiester alpha-N-acetylglucosaminidase levels (NAGPA.11208.15.3)	NAGPA.11208.15.3	NAGPA	True
GCST90242005	N-acetylglucosamine-1-phosphotransferase subunit gamma levels (GNPTG.10666.7.3)	GNPTG.10666.7.3	GNPTG	True
GCST90242006	N-acetylglucosamine-6-sulfatase levels (GNS.8314.71.3)	GNS.8314.71.3	GNS	True
GCST90242007	N-acetylglucosamine-6-sulfatase levels (GNS.3616.3.5)	GNS.3616.3.5	GNS	True
GCST90242008	N-acetylglutamate synthase, mitochondrial levels (NAGS.11247.20.3)	NAGS.11247.20.3	NAGS	True
GCST90242009	N-acetyllactosaminide beta-1,3-N-acetylglucosaminyltransferase 2 levels (B3GNT2.7980.72.3)	B3GNT2.7980.72.3	B3GNT2	True
GCST90242010	N-acetyllactosaminide beta-1,6-N-acetylglucosaminyl-transferase, isoform C levels (GCNT2.7143.9.3)	GCNT2.7143.9.3	GCNT2	True
GCST90242011	N-acetylserotonin O-methyltransferase-like protein levels (ASMTL.10089.7.3)	ASMTL.10089.7.3	ASMTL	True
GCST90242012	N-acetyltransferase 14 levels (NAT14.11120.49.3)	NAT14.11120.49.3	NAT14	True
GCST90242013	N-acylethanolamine-hydrolyzing acid amidase levels (NAAA.3173.49.2)	NAAA.3173.49.2	NAAA	True
GCST90242014	N-lysine methyltransferase SMYD2 levels (SMYD2.12636.113.3)	SMYD2.12636.113.3	SMYD2	True
GCST90242015	N-terminal pro-BNP levels (NPPB.7655.11.3)	NPPB.7655.11.3	NPPB	True
GCST90242016	N-terminal Xaa-Pro-Lys N-methyltransferase 1 levels (NTMT1.12454.105.3)	NTMT1.12454.105.3	NTMT1	True
GCST90242017	NA levels (NoneX.13231.90.3)	NoneX.13231.90.3	NoneX	True
GCST90242018	NACHT, LRR and PYD domains-containing protein 1 levels (NLRP1.11661.11.3)	NLRP1.11661.11.3	NLRP1	True
GCST90242019	NACHT, LRR and PYD domains-containing protein 10 levels (NLRP10.12821.6.3)	NLRP10.12821.6.3	NLRP10	True
GCST90242020	NACHT, LRR and PYD domains-containing protein 4 levels (NLRP4.12794.6.3)	NLRP4.12794.6.3	NLRP4	True
GCST90242021	NAD kinase levels (NADK.13624.17.3)	NADK.13624.17.3	NADK	True
GCST90242022	NAD-dependent protein deacetylase sirtuin-2 levels (SIRT2.5030.52.1)	SIRT2.5030.52.1	SIRT2	True
GCST90242023	NAD-dependent protein deacylase sirtuin-5, mitochondrial levels (SIRT5.12461.8.3)	SIRT5.12461.8.3	SIRT5	True
GCST90242024	NAD(P)H dehydrogenase [quinone] 1 levels (NQO1.9837.60.3)	P	P	True
GCST90242025	NADH dehydrogenase [ubiquinone] 1 beta subcomplex subunit 11, mitochondrial levels (NDUFB11.7747.47.3)	NDUFB11.7747.47.3	NDUFB11	True
GCST90242026	NADH dehydrogenase [ubiquinone] 1 beta subcomplex subunit 4 levels (NDUFB4.10677.9.3)	NDUFB4.10677.9.3	NDUFB4	True
GCST90242027	NADH dehydrogenase [ubiquinone] 1 beta subcomplex subunit 8, mitochondrial levels (NDUFB8.9800.20.3)	NDUFB8.9800.20.3	NDUFB8	True
GCST90242028	NADH dehydrogenase [ubiquinone] flavoprotein 2, mitochondrial levels (NDUFV2.7748.11.3)	NDUFV2.7748.11.3	NDUFV2	True
GCST90242029	NADH dehydrogenase [ubiquinone] iron-sulfur protein 4, mitochondrial levels (NDUFS4.10584.7.3)	NDUFS4.10584.7.3	NDUFS4	True
GCST90242030	NADH-cytochrome b5 reductase 3 levels (CYB5R3.7215.18.3)	CYB5R3.7215.18.3	CYB5R3	True
GCST90242031	NADPH--cytochrome P450 reductase levels (POR.2731.29.2)	POR.2731.29.2	POR	True
GCST90242032	Natural cytotoxicity triggering receptor 1 levels (NCR1.8360.169.3)	NCR1.8360.169.3	NCR1	True
GCST90242033	Natural cytotoxicity triggering receptor 1 levels (NCR1.5104.57.3)	NCR1.5104.57.3	NCR1	True
GCST90242034	Natural cytotoxicity triggering receptor 2 levels (NCR2.2734.49.4)	NCR2.2734.49.4	NCR2	True
GCST90242035	Natural cytotoxicity triggering receptor 3 levels (NCR3.3003.29.2)	NCR3.3003.29.2	NCR3	True
GCST90242036	Natural cytotoxicity triggering receptor 3 ligand 1 levels (NCR3LG1.7854.38.3)	NCR3LG1.7854.38.3	NCR3LG1	True
GCST90242037	Nectin-2 levels (PVRL2.6245.4.3)	PVRL2.6245.4.3	PVRL2	True
GCST90242038	Nectin-3 levels (PVRL3.13557.3.3)	PVRL3.13557.3.3	PVRL3	True
GCST90242039	Nectin-4 levels (PVRL4.5734.13.3)	PVRL4.5734.13.3	PVRL4	True
GCST90242040	Neogenin levels (NEO1.8900.28.3)	NEO1.8900.28.3	NEO1	True
GCST90242041	Nesprin-2 levels (SYNE2.9789.52.3)	SYNE2.9789.52.3	SYNE2	True
GCST90242042	Netrin receptor UNC5A levels (UNC5A.7975.97.3)	UNC5A.7975.97.3	UNC5A	True
GCST90242043	Netrin receptor UNC5B levels (UNC5B.7776.20.3)	UNC5B.7776.20.3	UNC5B	True
GCST90242044	Netrin receptor UNC5C levels (UNC5C.5139.32.3)	UNC5C.5139.32.3	UNC5C	True
GCST90242045	Netrin receptor UNC5D levels (UNC5D.5140.56.3)	UNC5D.5140.56.3	UNC5D	True
GCST90242046	Netrin receptor UNC5D levels (UNC5D.8624.16.3)	UNC5D.8624.16.3	UNC5D	True
GCST90242047	Netrin-1 levels (NTN1.6649.51.3)	NTN1.6649.51.3	NTN1	True
GCST90242048	Netrin-1 levels (NTN1.6634.4.3)	NTN1.6634.4.3	NTN1	True
GCST90242049	Netrin-4 levels (NTN4.3327.27.1)	NTN4.3327.27.1	NTN4	True
GCST90242050	Netrin-G1 levels (NTNG1.5637.81.3)	NTNG1.5637.81.3	NTNG1	True
GCST90242051	Neudesin levels (NENF.9219.70.3)	NENF.9219.70.3	NENF	True
GCST90242052	Neugrin levels (NGRN.7153.66.3)	NGRN.7153.66.3	NGRN	True
GCST90242053	Neural cell adhesion molecule 1 levels (NCAM1.7746.230.3)	NCAM1.7746.230.3	NCAM1	True
GCST90242054	Neural cell adhesion molecule 1, 120 kDa isoform levels (NCAM1.4498.62.2)	NCAM1.4498.62.2	NCAM1	True
GCST90242055	Neural cell adhesion molecule 2 levels (NCAM2.6507.16.3)	NCAM2.6507.16.3	NCAM2	True
GCST90242056	Neural cell adhesion molecule L1 levels (L1CAM.4246.40.2)	L1CAM.4246.40.2	L1CAM	True
GCST90242057	Neural cell adhesion molecule L1-like protein levels (CHL1.3601.54.3)	CHL1.3601.54.3	CHL1	True
GCST90242058	Neural proliferation differentiation and control protein 1 levels (NPDC1.10424.31.3)	NPDC1.10424.31.3	NPDC1	True
GCST90242059	Neuralized-like protein 4 levels (NEURL4.13468.5.3)	NEURL4.13468.5.3	NEURL4	True
GCST90242060	Neuregulin-1 levels (NRG1.9178.30.3)	NRG1.9178.30.3	NRG1	True
GCST90242061	Neuregulin-4 levels (NRG4.14139.16.3)	NRG4.14139.16.3	NRG4	True
GCST90242062	Neurensin-1 levels (NRSN1.11654.77.3)	NRSN1.11654.77.3	NRSN1	True
GCST90242063	Neurexin-1 levels (NRXN1.8971.9.3)	NRXN1.8971.9.3	NRXN1	True
GCST90242064	Neurexin-1-beta levels (NRXN1.5110.84.3)	NRXN1.5110.84.3	NRXN1	True
GCST90242336	PR domain zinc finger protein 1 levels (PRDM1.14197.2.3)	PRDM1.14197.2.3	PRDM1	True
GCST90242065	Neurexin-2-beta levels (NRXN2.8876.51.3)	NRXN2.8876.51.3	NRXN2	True
GCST90242066	Neurexin-3-beta levels (NRXN3.7093.20.3)	NRXN3.7093.20.3	NRXN3	True
GCST90242067	Neurexin-3-beta levels (NRXN3.5111.15.3)	NRXN3.5111.15.3	NRXN3	True
GCST90242068	Neurexin-3-beta levels (NRXN3.9799.3.3)	NRXN3.9799.3.3	NRXN3	True
GCST90242069	Neurexophilin-1 levels (NXPH1.4562.1.2)	NXPH1.4562.1.2	NXPH1	True
GCST90242070	Neurexophilin-3 levels (NXPH3.6054.6.3)	NXPH3.6054.6.3	NXPH3	True
GCST90242071	Neuritin levels (NRN1.8806.18.3)	NRN1.8806.18.3	NRN1	True
GCST90242072	Neuroblastoma suppressor of tumorigenicity 1 levels (NBL1.2944.66.2)	NBL1.2944.66.2	NBL1	True
GCST90242073	Neuroendocrine convertase 1 levels (PCSK1.13388.57.3)	PCSK1.13388.57.3	PCSK1	True
GCST90242074	Neuroepithelial cell-transforming gene 1 protein levels (NET1.14260.112.3)	NET1.14260.112.3	NET1	True
GCST90242075	Neurofascin levels (NFASC.7179.69.3)	NFASC.7179.69.3	NFASC	True
GCST90242076	Neurofilament heavy polypeptide levels (NEFH.9900.36.3)	NEFH.9900.36.3	NEFH	True
GCST90242077	Neurogenic locus notch homolog protein 1 levels (NOTCH1.5107.7.2)	NOTCH1.5107.7.2	NOTCH1	True
GCST90242078	Neuroligin-1 levels (NLGN1.8052.115.3)	NLGN1.8052.115.3	NLGN1	True
GCST90242079	Neuroligin-4, X-linked levels (NLGN4X.5357.60.3)	NLGN4X.5357.60.3	NLGN4X	True
GCST90242080	Neuromedin-B levels (NMB.9321.400.3)	NMB.9321.400.3	NMB	True
GCST90242081	Neuron-specific protein family member 1 levels (NSG1.7802.53.3)	NSG1.7802.53.3	NSG1	True
GCST90242082	Neuron-specific protein family member 2 levels (NSG2.13409.9.3)	NSG2.13409.9.3	NSG2	True
GCST90242083	Neuron-specific vesicular protein calcyon levels (CALY.10671.67.3)	CALY.10671.67.3	CALY	True
GCST90242084	Neuronal cell adhesion molecule levels (NRCAM.5109.24.3)	NRCAM.5109.24.3	NRCAM	True
GCST90242085	Neuronal growth regulator 1 levels (NEGR1.13109.82.3)	NEGR1.13109.82.3	NEGR1	True
GCST90242086	Neuronal growth regulator 1 levels (NEGR1.7050.5.3)	NEGR1.7050.5.3	NEGR1	True
GCST90242087	Neuronal pentraxin-1 levels (NPTX1.9256.78.3)	NPTX1.9256.78.3	NPTX1	True
GCST90242088	Neuronal pentraxin-2 levels (NPTX2.6521.35.3)	NPTX2.6521.35.3	NPTX2	True
GCST90242089	Neuropeptide S levels (NPS.6390.18.3)	NPS.6390.18.3	NPS	True
GCST90242090	Neuropeptide W levels (NPW.9986.14.3)	NPW.9986.14.3	NPW	True
GCST90242091	Neuropilin and tolloid-like protein 1 levels (NETO1.5639.49.3)	NETO1.5639.49.3	NETO1	True
GCST90242092	Neuropilin and tolloid-like protein 2 levels (NETO2.10562.42.3)	NETO2.10562.42.3	NETO2	True
GCST90242093	Neuropilin-1 levels (NRP1.3214.3.2)	NRP1.3214.3.2	NRP1	True
GCST90242094	Neuropilin-2 levels (NRP2.6590.54.3)	NRP2.6590.54.3	NRP2	True
GCST90242095	Neurotensin/neuromedin N levels (NTS.7857.22.3)	NTS.7857.22.3	NTS	True
GCST90242096	Neurotrophin-3 levels (NTF3.4145.58.2)	NTF3.4145.58.2	NTF3	True
GCST90242097	Neurotrophin-4 levels (NTF4.4146.58.2)	NTF4.4146.58.2	NTF4	True
GCST90242098	Neutral ceramidase levels (ASAH2.3212.30.3)	ASAH2.3212.30.3	ASAH2	True
GCST90242099	Neutrophil collagenase levels (MMP8.2954.56.2)	MMP8.2954.56.2	MMP8	True
GCST90242100	Neutrophil cytosol factor 2 levels (NCF2.10047.12.3)	NCF2.10047.12.3	NCF2	True
GCST90242101	Neutrophil gelatinase-associated lipocalin levels (LCN2.2836.68.2)	LCN2.2836.68.2	LCN2	True
GCST90242102	Neutrophil-activating peptide 2 levels (PPBP.2790.54.2)	PPBP.2790.54.2	PPBP	True
GCST90242103	Next to BRCA1 gene 1 protein levels (NBR1.7696.104.3)	NBR1.7696.104.3	NBR1	True
GCST90242104	Next to BRCA1 gene 1 protein levels (NBR1.7696.3.3)	NBR1.7696.3.3	NBR1	True
GCST90242105	NFU1 iron-sulfur cluster scaffold homolog, mitochondrial levels (NFU1.7770.25.3)	NFU1.7770.25.3	NFU1	True
GCST90242106	NGFI-A-binding protein 1 levels (NAB1.13933.276.3)	NAB1.13933.276.3	NAB1	True
GCST90242107	NGFI-A-binding protein 2 levels (NAB2.13680.3.3)	NAB2.13680.3.3	NAB2	True
GCST90242108	NHL repeat-containing protein 3 levels (NHLRC3.9087.8.3)	NHLRC3.9087.8.3	NHLRC3	True
GCST90242109	NHP2-like protein 1 levels (NHP2L1.13602.6.3)	NHP2L1.13602.6.3	NHP2L1	True
GCST90242110	Nicotinamide phosphoribosyltransferase levels (NAMPT.5011.11.1)	NAMPT.5011.11.1	NAMPT	True
GCST90242111	Nidogen-1 levels (NID1.3213.65.2)	NID1.3213.65.2	NID1	True
GCST90242112	Nidogen-2 levels (NID2.3633.70.5)	NID2.3633.70.5	NID2	True
GCST90242113	Nischarin levels (NISCH.12738.43.3)	NISCH.12738.43.3	NISCH	True
GCST90242114	NKG2-A/NKG2-B type II integral membrane protein levels (KLRC1.5629.58.3)	KLRC1.5629.58.3	KLRC1	True
GCST90242115	NKG2-D type II integral membrane protein levels (KLRK1.14095.1.3)	KLRK1.14095.1.3	KLRK1	True
GCST90242116	NKG2-D type II integral membrane protein levels (KLRK1.3056.11.1)	KLRK1.3056.11.1	KLRK1	True
GCST90242117	NKG2-E type II integral membrane protein levels (KLRC3.7795.14.3)	KLRC3.7795.14.3	KLRC3	True
GCST90242118	NKG2-E type II integral membrane protein levels (KLRC3.11571.75.3)	KLRC3.11571.75.3	KLRC3	True
GCST90242119	NKG2D ligand 1 levels (ULBP1.14081.5.3)	ULBP1.14081.5.3	ULBP1	True
GCST90242120	NKG2D ligand 1 levels (ULBP1.3081.70.2)	ULBP1.3081.70.2	ULBP1	True
GCST90242121	NKG2D ligand 2 levels (ULBP2.3082.9.2)	ULBP2.3082.9.2	ULBP2	True
GCST90242122	NKG2D ligand 3 levels (ULBP3.2747.3.2)	ULBP3.2747.3.2	ULBP3	True
GCST90242123	NKG2D ligand 4 levels (RAET1E.7800.85.3)	RAET1E.7800.85.3	RAET1E	True
GCST90242124	NmrA-like family domain-containing protein 1 levels (NMRAL1.13988.67.3)	NMRAL1.13988.67.3	NMRAL1	True
GCST90242125	Noggin levels (NOG.5846.24.3)	NOG.5846.24.3	NOG	True
GCST90242126	Non-histone chromosomal protein HMG-14 levels (HMGN1.9187.2.3)	HMGN1.9187.2.3	HMGN1	True
GCST90242127	Non-homologous end-joining factor 1 levels (NHEJ1.11351.233.3)	NHEJ1.11351.233.3	NHEJ1	True
GCST90242128	Non-receptor tyrosine-protein kinase TYK2 levels (TYK2.5260.80.3)	TYK2.5260.80.3	TYK2	True
GCST90242129	Non-secretory ribonuclease levels (RNASE2.8394.56.3)	RNASE2.8394.56.3	RNASE2	True
GCST90242130	Noncompact myelin-associated protein levels (NCMAP.14614.41.3)	NCMAP.14614.41.3	NCMAP	True
GCST90242131	Normal mucosa of esophagus-specific gene 1 protein levels (NMES1.6406.3.3)	NMES1.6406.3.3	NMES1	True
GCST90242132	NT-3 growth factor receptor levels (NTRK3.2658.27.1)	NTRK3.2658.27.1	NTRK3	True
GCST90242133	NTF2-related export protein 1 levels (NXT1.9942.2.3)	NXT1.9942.2.3	NXT1	True
GCST90242134	Nuclear envelope phosphatase-regulatory subunit 1 levels (CNEP1R1.13532.25.3)	CNEP1R1.13532.25.3	CNEP1R1	True
GCST90242135	Nuclear factor erythroid 2-related factor 1 levels (NFE2L1.11154.3.3)	NFE2L1.11154.3.3	NFE2L1	True
GCST90242136	Nuclear migration protein nudC levels (NUDC.8887.21.3)	NUDC.8887.21.3	NUDC	True
GCST90242137	Nuclear nucleic acid-binding protein C1D levels (C1D.7821.6.3)	C1D.7821.6.3	C1D	True
GCST90242138	Nuclear pore complex-interacting protein family member B3 levels (NPIPB3.9954.2.3)	NPIPB3.9954.2.3	NPIPB3	True
GCST90242139	Nuclear pore membrane glycoprotein 210-like levels (NUP210L.9606.4.3)	NUP210L.9606.4.3	NUP210L	True
GCST90242140	Nuclear protein localization protein 4 homolog levels (NPLOC4.12993.21.3)	NPLOC4.12993.21.3	NPLOC4	True
GCST90242141	Nuclear protein MDM1 levels (MDM1.7898.29.3)	MDM1.7898.29.3	MDM1	True
GCST90242142	Nuclear receptor coactivator 2 levels (NCOA2.14045.12.3)	NCOA2.14045.12.3	NCOA2	True
GCST90242143	Nuclear receptor ROR-beta levels (RORB.12483.62.3)	RORB.12483.62.3	RORB	True
GCST90242144	Nuclear receptor subfamily 1 group D member 1 levels (NR1D1.5236.2.3)	NR1D1.5236.2.3	NR1D1	True
GCST90242145	Nuclear receptor subfamily 1 group D member 2 levels (NR1D2.12885.42.3)	NR1D2.12885.42.3	NR1D2	True
GCST90242146	Nuclear receptor subfamily 4 group A member 1 levels (NR4A1.8089.173.3)	NR4A1.8089.173.3	NR4A1	True
GCST90242147	Nuclear receptor subfamily 5 group A member 2 levels (NR5A2.12444.39.3)	NR5A2.12444.39.3	NR5A2	True
GCST90242148	Nuclear receptor-binding protein levels (NRBP1.12616.45.3)	NRBP1.12616.45.3	NRBP1	True
GCST90242149	Nuclear RNA export factor 1 levels (NXF1.12453.161.3)	NXF1.12453.161.3	NXF1	True
GCST90242150	Nucleolin levels (NCL.13655.34.3)	NCL.13655.34.3	NCL	True
GCST90242151	Nucleoside diphosphate kinase A levels (NME1.5909.51.3)	NME1.5909.51.3	NME1	True
GCST90242152	Nucleoside diphosphate kinase B levels (NME2.4249.64.2)	NME2.4249.64.2	NME2	True
GCST90242153	Nucleoside diphosphate-linked moiety X motif 8, mitochondrial levels (NUDT8.7872.5.3)	NUDT8.7872.5.3	NUDT8	True
GCST90242154	Nucleosome assembly protein 1-like 2 levels (NAP1L2.13529.39.3)	NAP1L2.13529.39.3	NAP1L2	True
GCST90242155	Nutritionally-regulated adipose and cardiac enriched protein homolog levels (NRAC.13464.8.3)	NRAC.13464.8.3	NRAC	True
GCST90242156	O-acetyl-ADP-ribose deacetylase MACROD1 levels (MACROD1.13653.335.3)	MACROD1.13653.335.3	MACROD1	True
GCST90242157	Obg-like ATPase 1 levels (OLA1.12659.13.3)	OLA1.12659.13.3	OLA1	True
GCST90242158	OCIA domain-containing protein 1 levels (OCIAD1.3635.76.4)	OCIAD1.3635.76.4	OCIAD1	True
GCST90242159	Odorant-binding protein 2a levels (OBP2A.6526.77.3)	OBP2A.6526.77.3	OBP2A	True
GCST90242160	Odorant-binding protein 2b levels (OBP2B.5680.54.3)	OBP2B.5680.54.3	OBP2B	True
GCST90242161	Olfactomedin-like protein 3 levels (OLFML3.8660.33.3)	OLFML3.8660.33.3	OLFML3	True
GCST90242162	Olfactomedin-like protein 3 levels (OLFML3.8660.5.3)	OLFML3.8660.5.3	OLFML3	True
GCST90242163	Oligophrenin-1 levels (OPHN1.12591.27.3)	OPHN1.12591.27.3	OPHN1	True
GCST90242164	Oligoribonuclease, mitochondrial levels (REXO2.13590.1.3)	REXO2.13590.1.3	REXO2	True
GCST90242165	Oncostatin-M levels (OSM.2693.20.3)	OSM.2693.20.3	OSM	True
GCST90242166	Oncostatin-M levels (OSM.14063.17.3)	OSM.14063.17.3	OSM	True
GCST90242167	Oncostatin-M-specific receptor subunit beta levels (OSMR.10892.8.3)	OSMR.10892.8.3	OSMR	True
GCST90242168	Opalin levels (OPALIN.7736.28.3)	OPALIN.7736.28.3	OPALIN	True
GCST90242169	Opioid-binding protein/cell adhesion molecule levels (OPCML.3634.5.4)	OPCML.3634.5.4	OPCML	True
GCST90242170	Orexigenic neuropeptide QRFP levels (QRFP.6463.59.3)	QRFP.6463.59.3	QRFP	True
GCST90242171	Origin recognition complex subunit 6 levels (ORC6L.12389.4.3)	ORC6L.12389.4.3	ORC6L	True
GCST90242172	Ornithine decarboxylase levels (ODC1.13689.2.3)	ODC1.13689.2.3	ODC1	True
GCST90242173	Ornithine decarboxylase antizyme 1 levels (OAZ1.9893.27.3)	OAZ1.9893.27.3	OAZ1	True
GCST90242174	Orphan sodium- and chloride-dependent neurotransmitter transporter NTT5 levels (SLC6A16.13056.18.3)	SLC6A16.13056.18.3	SLC6A16	True
GCST90242175	Osteocalcin levels (BGLAP.11067.13.3)	BGLAP.11067.13.3	BGLAP	True
GCST90242176	Osteoclast-associated immunoglobulin-like receptor levels (OSCAR.7116.31.3)	OSCAR.7116.31.3	OSCAR	True
GCST90242177	Osteocrin levels (OSTN.7265.32.3)	OSTN.7265.32.3	OSTN	True
GCST90242178	Osteomodulin levels (OMD.5358.3.3)	OMD.5358.3.3	OMD	True
GCST90242179	Out at first protein homolog levels (OAF.6414.8.3)	OAF.6414.8.3	OAF	True
GCST90242180	OX-2 membrane glycoprotein levels (CD200.5112.73.3)	CD200.5112.73.3	CD200	True
GCST90242181	Oxidized low-density lipoprotein receptor 1 levels (OLR1.3636.37.4)	OLR1.3636.37.4	OLR1	True
GCST90242337	PR domain zinc finger protein 4 levels (PRDM4.12779.30.3)	PRDM4.12779.30.3	PRDM4	True
GCST90242182	Oxidoreductase HTATIP2 levels (HTATIP2.7753.21.3)	HTATIP2.7753.21.3	HTATIP2	True
GCST90242183	Oxidoreductase HTATIP2 levels (HTATIP2.10630.5.3)	HTATIP2.10630.5.3	HTATIP2	True
GCST90242184	Oxysterol-binding protein-related protein 11 levels (OSBPL11.12878.60.3)	OSBPL11.12878.60.3	OSBPL11	True
GCST90242185	Oxysterols receptor LXR-beta levels (NR1H2.9016.12.3)	NR1H2.9016.12.3	NR1H2	True
GCST90242186	Oxytocin-neurophysin 1 levels (OXT.8257.71.3)	OXT.8257.71.3	OXT	True
GCST90242187	P-selectin levels (SELP.4154.57.2)	SELP.4154.57.2	SELP	True
GCST90242188	P-selectin glycoprotein ligand 1 levels (SELPLG.11266.8.3)	SELPLG.11266.8.3	SELPLG	True
GCST90242189	P2X purinoceptor 6 levels (P2RX6.7233.73.3)	P2RX6.7233.73.3	P2RX6	True
GCST90242190	p53 and DNA damage-regulated protein 1 levels (PDRG1.12593.33.3)	PDRG1.12593.33.3	PDRG1	True
GCST90242191	Paired box protein Pax-4 levels (PAX4.12398.15.3)	PAX4.12398.15.3	PAX4	True
GCST90242192	Paired immunoglobulin-like type 2 receptor alpha levels (PILRA.8683.119.3)	PILRA.8683.119.3	PILRA	True
GCST90242193	Paired immunoglobulin-like type 2 receptor alpha levels (PILRA.8825.4.3)	PILRA.8825.4.3	PILRA	True
GCST90242194	Palmitoleoyl-protein carboxylesterase NOTUM levels (NOTUM.8252.2.3)	NOTUM.8252.2.3	NOTUM	True
GCST90242195	Palmitoyl-protein thioesterase 1 levels (PPT1.9244.27.3)	PPT1.9244.27.3	PPT1	True
GCST90242196	Pancreatic hormone levels (PPY.4588.1.2)	PPY.4588.1.2	PPY	True
GCST90242197	Pantothenate kinase 3 levels (PANK3.12658.72.3)	PANK3.12658.72.3	PANK3	True
GCST90242198	Papilin levels (PAPLN.11254.13.3)	PAPLN.11254.13.3	PAPLN	True
GCST90242199	Pappalysin-1 levels (PAPPA.4148.49.2)	PAPPA.4148.49.2	PAPPA	True
GCST90242200	Pappalysin-2 levels (PAPPA2.5756.66.3)	PAPPA2.5756.66.3	PAPPA2	True
GCST90242201	Parathyroid hormone levels (PTH.5954.62.3)	PTH.5954.62.3	PTH	True
GCST90242202	Parathyroid hormone-related protein levels (PTHLH.2962.50.2)	PTHLH.2962.50.2	PTHLH	True
GCST90242203	Parathyroid hormone/parathyroid hormone-related peptide receptor levels (PTH1R.13470.43.3)	PTH1R.13470.43.3	PTH1R	True
GCST90242204	Patched domain-containing protein 3 levels (PTCHD3.13517.3.3)	PTCHD3.13517.3.3	PTCHD3	True
GCST90242205	PAX-interacting protein 1 levels (PAXIP1.12894.3.3)	PAXIP1.12894.3.3	PAXIP1	True
GCST90242206	PDZ and LIM domain protein 4 levels (PDLIM4.12387.7.3)	PDLIM4.12387.7.3	PDLIM4	True
GCST90242207	PDZ domain-containing protein 11 levels (PDZD11.6219.14.3)	PDZD11.6219.14.3	PDZD11	True
GCST90242208	PDZK1-interacting protein 1 levels (PDZK1IP1.8260.13.3)	PDZK1IP1.8260.13.3	PDZK1IP1	True
GCST90242209	Pentraxin-related protein PTX3 levels (PTX3.6447.73.3)	PTX3.6447.73.3	PTX3	True
GCST90242210	Peptidase inhibitor 15 levels (PI15.5745.64.3)	PI15.5745.64.3	PI15	True
GCST90242211	Peptide chain release factor 1-like, mitochondrial levels (MTRF1L.11134.30.3)	MTRF1L.11134.30.3	MTRF1L	True
GCST90242212	Peptide YY levels (PYY.3727.35.1)	PYY.3727.35.1	PYY	True
GCST90242213	Peptidoglycan recognition protein 1 levels (PGLYRP1.3329.14.2)	PGLYRP1.3329.14.2	PGLYRP1	True
GCST90242214	Peptidyl-glycine alpha-amidating monooxygenase levels (PAM.5620.13.3)	PAM.5620.13.3	PAM	True
GCST90242215	Peptidyl-prolyl cis-trans isomerase A levels (PPIA.5247.17.4)	PPIA.5247.17.4	PPIA	True
GCST90242216	Peptidyl-prolyl cis-trans isomerase B levels (PPIB.4718.5.2)	PPIB.4718.5.2	PPIB	True
GCST90242217	Peptidyl-prolyl cis-trans isomerase E levels (PPIE.5238.26.3)	PPIE.5238.26.3	PPIE	True
GCST90242218	Peptidyl-prolyl cis-trans isomerase FKBP14 levels (FKBP14.9340.17.3)	FKBP14.9340.17.3	FKBP14	True
GCST90242219	Peptidyl-prolyl cis-trans isomerase FKBP2 levels (FKBP2.9339.204.3)	FKBP2.9339.204.3	FKBP2	True
GCST90242220	Peptidyl-prolyl cis-trans isomerase FKBP7 levels (FKBP7.9288.7.3)	FKBP7.9288.7.3	FKBP7	True
GCST90242221	Peptidyl-prolyl cis-trans isomerase H levels (PPIH.12449.16.3)	PPIH.12449.16.3	PPIH	True
GCST90242222	Peptidyl-prolyl cis-trans isomerase NIMA-interacting 4 levels (PIN4.12718.43.3)	PIN4.12718.43.3	PIN4	True
GCST90242223	Peptidyl-prolyl cis-trans isomerase-like 1 levels (PPIL1.9884.8.3)	PPIL1.9884.8.3	PPIL1	True
GCST90242224	Peptidyl-prolyl cis-trans isomerase-like 2 levels (PPIL2.14314.6.3)	PPIL2.14314.6.3	PPIL2	True
GCST90242225	Peregrin levels (BRPF1.11671.19.3)	BRPF1.11671.19.3	BRPF1	True
GCST90242226	Periostin levels (POSTN.6650.20.3)	POSTN.6650.20.3	POSTN	True
GCST90242227	Periostin levels (POSTN.3457.57.1)	POSTN.3457.57.1	POSTN	True
GCST90242228	Periostin levels (POSTN.6645.53.3)	POSTN.6645.53.3	POSTN	True
GCST90242229	Peroxidasin-like protein levels (PXDNL.11324.3.3)	PXDNL.11324.3.3	PXDNL	True
GCST90242230	Peroxiredoxin-1 levels (PRDX1.3855.56.1)	PRDX1.3855.56.1	PRDX1	True
GCST90242231	Peroxiredoxin-4 levels (PRDX4.7789.182.3)	PRDX4.7789.182.3	PRDX4	True
GCST90242232	Peroxisomal carnitine O-octanoyltransferase levels (CROT.13929.27.3)	CROT.13929.27.3	CROT	True
GCST90242233	Peroxisomal membrane protein PEX14 levels (PEX14.8300.82.3)	PEX14.8300.82.3	PEX14	True
GCST90242234	Peroxisomal NADH pyrophosphatase NUDT12 levels (NUDT12.13947.371.3)	NUDT12.13947.371.3	NUDT12	True
GCST90242235	Peroxisomal targeting signal 1 receptor levels (PEX5.5915.58.3)	PEX5.5915.58.3	PEX5	True
GCST90242236	Peroxisome proliferator-activated receptor alpha levels (PPARA.12954.71.3)	PPARA.12954.71.3	PPARA	True
GCST90242237	Persephin levels (PSPN.2696.87.2)	PSPN.2696.87.2	PSPN	True
GCST90242238	Persulfide dioxygenase ETHE1, mitochondrial levels (ETHE1.3847.56.2)	ETHE1.3847.56.2	ETHE1	True
GCST90242239	Pescadillo homolog levels (PES1.4267.81.3)	PES1.4267.81.3	PES1	True
GCST90242240	PH and SEC7 domain-containing protein 1 levels (PSD.13055.53.3)	PSD.13055.53.3	PSD	True
GCST90242241	PH and SEC7 domain-containing protein 2 levels (PSD2.9118.7.3)	PSD2.9118.7.3	PSD2	True
GCST90242242	PHD finger protein 3 levels (PHF3.11544.39.3)	PHF3.11544.39.3	PHF3	True
GCST90242243	Phenylalanine--tRNA ligase, mitochondrial levels (FARS2.13941.82.3)	FARS2.13941.82.3	FARS2	True
GCST90242244	Phosducin-like protein 2 levels (PDCL2.14192.31.3)	PDCL2.14192.31.3	PDCL2	True
GCST90242245	Phosphatidate phosphatase PPAPDC1A levels (PPAPDC1A.13548.53.3)	PPAPDC1A.13548.53.3	PPAPDC1A	True
GCST90242246	Phosphatidylinositol 3,4,5-trisphosphate 3-phosphatase and dual-specificity protein phosphatase PTEN levels (PTEN.3831.21.1)	PTEN.3831.21.1	PTEN	True
GCST90242247	Phosphatidylinositol 4-phosphate 3-kinase C2 domain-containing subunit alpha levels (PIK3C2A.14028.22.3)	PIK3C2A.14028.22.3	PIK3C2A	True
GCST90242248	Phosphatidylinositol 4,5-bisphosphate 3-kinase catalytic subunit gamma isoform levels (PIK3CG.3391.10.2)	PIK3CG.3391.10.2	PIK3CG	True
GCST90242249	Phosphatidylinositol 5-phosphate 4-kinase type-2 alpha levels (PIP4K2A.12697.30.3)	PIP4K2A.12697.30.3	PIP4K2A	True
GCST90242250	Phosphatidylinositol transfer protein alpha isoform levels (PITPNA.9934.29.3)	PITPNA.9934.29.3	PITPNA	True
GCST90242251	Phosphatidylinositol transfer protein beta isoform levels (PITPNB.12484.67.3)	PITPNB.12484.67.3	PITPNB	True
GCST90242252	Phosphatidylinositol-glycan-specific phospholipase D levels (GPLD1.11939.11.3)	GPLD1.11939.11.3	GPLD1	True
GCST90242253	Phosphatidylinositol-glycan-specific phospholipase D levels (GPLD1.9500.5.3)	GPLD1.9500.5.3	GPLD1	True
GCST90242254	Phosphoglucomutase-1 levels (PGM1.9173.21.3)	PGM1.9173.21.3	PGM1	True
GCST90242255	Phosphoglycerate kinase 1 levels (PGK1.5020.50.1)	PGK1.5020.50.1	PGK1	True
GCST90242256	Phosphoglycerate kinase 2 levels (PGK2.13936.24.3)	PGK2.13936.24.3	PGK2	True
GCST90242257	Phospholipase A2, membrane associated levels (PLA2G2A.2692.74.2)	PLA2G2A.2692.74.2	PLA2G2A	True
GCST90242258	Phospholipase B-like 1 levels (PLBD1.6315.58.3)	PLBD1.6315.58.3	PLBD1	True
GCST90242259	Phospholipase D3 levels (PLD3.10948.14.3)	PLD3.10948.14.3	PLD3	True
GCST90242260	Phosphomevalonate kinase levels (PMVK.12450.42.3)	PMVK.12450.42.3	PMVK	True
GCST90242261	Phosphopantothenoylcysteine decarboxylase levels (PPCDC.13996.16.3)	PPCDC.13996.16.3	PPCDC	True
GCST90242262	Phosphoribosyl pyrophosphate synthase-associated protein 1 levels (PRPSAP1.9478.69.3)	PRPSAP1.9478.69.3	PRPSAP1	True
GCST90242263	Pigment epithelium-derived factor levels (SERPINF1.9211.19.3)	SERPINF1.9211.19.3	SERPINF1	True
GCST90242264	Pigment epithelium-derived factor levels (SERPINF1.7735.17.3)	SERPINF1.7735.17.3	SERPINF1	True
GCST90242265	PIK3CA/PIK3R1 levels (PIK3CA.PIK3R1.3390.72.2)	PIK3CA.PIK3R1.3390.72.2	PIK3CA	True
GCST90242266	PILR alpha-associated neural protein levels (PIANP.9599.6.3)	PIANP.9599.6.3	PIANP	True
GCST90242267	PILR alpha-associated neural protein levels (PIANP.14114.18.3)	PIANP.14114.18.3	PIANP	True
GCST90242268	Pirin levels (PIR.13634.209.3)	PIR.13634.209.3	PIR	True
GCST90242269	Pituitary adenylate cyclase-activating polypeptide levels (ADCYAP1.8285.64.3)	ADCYAP1.8285.64.3	ADCYAP1	True
GCST90242270	Pituitary adenylate cyclase-activating polypeptide levels (ADCYAP1.4593.11.1)	ADCYAP1.4593.11.1	ADCYAP1	True
GCST90242271	Pituitary adenylate cyclase-activating polypeptide levels (ADCYAP1.4594.22.2)	ADCYAP1.4594.22.2	ADCYAP1	True
GCST90242272	Piwi-like protein 1 levels (PIWIL1.12793.4.3)	PIWIL1.12793.4.3	PIWIL1	True
GCST90242273	Placenta growth factor levels (PGF.3078.1.2)	PGF.3078.1.2	PGF	True
GCST90242274	Plasma protease C1 inhibitor levels (SERPING1.4479.14.2)	SERPING1.4479.14.2	SERPING1	True
GCST90242275	Plasmin levels (PLG.4150.75.2)	PLG.4150.75.2	PLG	True
GCST90242276	Plasminogen activator inhibitor 1 levels (SERPINE1.2925.9.1)	SERPINE1.2925.9.1	SERPINE1	True
GCST90242277	Plastin-1 levels (PLS1.12737.12.3)	PLS1.12737.12.3	PLS1	True
GCST90242278	Plastin-2 levels (LCP1.9749.190.3)	LCP1.9749.190.3	LCP1	True
GCST90242279	Platelet endothelial aggregation receptor 1 levels (PEAR1.8275.31.3)	PEAR1.8275.31.3	PEAR1	True
GCST90242280	Platelet endothelial aggregation receptor 1 levels (PEAR1.8892.14.3)	PEAR1.8892.14.3	PEAR1	True
GCST90242281	Platelet endothelial cell adhesion molecule levels (PECAM1.2695.25.1)	PECAM1.2695.25.1	PECAM1	True
GCST90242282	Platelet factor 4 variant levels (PF4V1.5663.18.3)	PF4V1.5663.18.3	PF4V1	True
GCST90242283	Platelet glycoprotein 4 levels (CD36.2973.15.2)	CD36.2973.15.2	CD36	True
GCST90242284	Platelet glycoprotein Ib alpha chain levels (GP1BA.4990.87.1)	GP1BA.4990.87.1	GP1BA	True
GCST90242285	Platelet glycoprotein V levels (GP5.7185.29.3)	GP5.7185.29.3	GP5	True
GCST90242286	Platelet receptor Gi24 levels (C10orf54.14123.34.3)	C10orf54.14123.34.3	C10orf54	True
GCST90242287	Platelet-activating factor acetylhydrolase IB subunit beta levels (PAFAH1B2.2642.4.1)	PAFAH1B2.2642.4.1	PAFAH1B2	True
GCST90242288	Platelet-derived growth factor C levels (PDGFC.3828.54.2)	PDGFC.3828.54.2	PDGFC	True
GCST90242289	Platelet-derived growth factor D levels (PDGFD.9341.1.3)	PDGFD.9341.1.3	PDGFD	True
GCST90242290	Platelet-derived growth factor receptor alpha levels (PDGFRA.10366.11.3)	PDGFRA.10366.11.3	PDGFRA	True
GCST90242291	Platelet-derived growth factor receptor beta levels (PDGFRB.3459.49.2)	PDGFRB.3459.49.2	PDGFRB	True
GCST90242292	Platelet-derived growth factor receptor-like protein levels (PDGFRL.9713.67.3)	PDGFRL.9713.67.3	PDGFRL	True
GCST90242293	Platelet-derived growth factor subunit A levels (PDGFA.4499.21.1)	PDGFA.4499.21.1	PDGFA	True
GCST90242294	Platelet-derived growth factor subunit B levels (PDGFB.4149.8.2)	PDGFB.4149.8.2	PDGFB	True
GCST90242295	Pleckstrin homology domain-containing family A member 1 levels (PLEKHA1.12459.13.3)	PLEKHA1.12459.13.3	PLEKHA1	True
GCST90242296	Pleckstrin homology domain-containing family A member 7 levels (PLEKHA7.12731.12.3)	PLEKHA7.12731.12.3	PLEKHA7	True
GCST90242297	Pleiotrophin levels (PTN.3045.72.2)	PTN.3045.72.2	PTN	True
GCST90242298	Plexin-A1 levels (PLXNA1.9005.16.3)	PLXNA1.9005.16.3	PLXNA1	True
GCST90242299	Plexin-B2 levels (PLXNB2.9216.100.3)	PLXNB2.9216.100.3	PLXNB2	True
GCST90242300	Plexin-C1 levels (PLXNC1.4564.2.2)	PLXNC1.4564.2.2	PLXNC1	True
GCST90242301	Podocalyxin levels (PODXL.8792.17.3)	PODXL.8792.17.3	PODXL	True
GCST90242302	Poliovirus receptor levels (PVR.8064.125.3)	PVR.8064.125.3	PVR	True
GCST90242303	Poly [ADP-ribose] polymerase 1 levels (PARP1.10534.40.3)	PARP1.10534.40.3	PARP1	True
GCST90242304	Poly [ADP-ribose] polymerase 11 levels (PARP11.12882.7.3)	PARP11.12882.7.3	PARP11	True
GCST90242305	Poly(A) polymerase gamma levels (PAPOLG.8343.224.3)	A	A	True
GCST90242306	Poly(A) RNA polymerase, mitochondrial levels (MTPAP.9028.5.3)	A	A	True
GCST90242307	Poly(rC)-binding protein 1 levels (PCBP1.11458.30.3)	rC	rC	True
GCST90242308	Poly(U)-binding-splicing factor PUF60 levels (PUF60.10575.31.3)	U	U	True
GCST90242309	Poly(U)-specific endoribonuclease levels (ENDOU.5656.53.3)	U	U	True
GCST90242310	Polyadenylate-binding protein 3 levels (PABPC3.10447.18.3)	PABPC3.10447.18.3	PABPC3	True
GCST90242311	Polyadenylate-binding protein 4 levels (PABPC4.12603.87.3)	PABPC4.12603.87.3	PABPC4	True
GCST90242312	Polyadenylate-binding protein-interacting protein 1 levels (PAIP1.12430.78.3)	PAIP1.12430.78.3	PAIP1	True
GCST90242313	Polycomb protein SCMH1 levels (SCMH1.12604.16.3)	SCMH1.12604.16.3	SCMH1	True
GCST90242314	Polycystin-2 levels (PKD2.13745.10.3)	PKD2.13745.10.3	PKD2	True
GCST90242315	Polymeric immunoglobulin receptor levels (PIGR.3216.2.2)	PIGR.3216.2.2	PIGR	True
GCST90242316	Polypeptide N-acetylgalactosaminyltransferase 1 levels (GALNT1.7090.17.3)	GALNT1.7090.17.3	GALNT1	True
GCST90242317	Polypeptide N-acetylgalactosaminyltransferase 10 levels (GALNT10.7003.4.3)	GALNT10.7003.4.3	GALNT10	True
GCST90242318	Polypeptide N-acetylgalactosaminyltransferase 11 levels (GALNT11.8700.325.3)	GALNT11.8700.325.3	GALNT11	True
GCST90242319	Polypeptide N-acetylgalactosaminyltransferase 16 levels (GALNT16.8923.94.3)	GALNT16.8923.94.3	GALNT16	True
GCST90242320	Polypeptide N-acetylgalactosaminyltransferase 2 levels (GALNT2.5764.4.3)	GALNT2.5764.4.3	GALNT2	True
GCST90242321	Polypeptide N-acetylgalactosaminyltransferase 3 levels (GALNT3.6593.5.3)	GALNT3.6593.5.3	GALNT3	True
GCST90242322	Polyphosphoinositide phosphatase levels (FIG4.6948.82.3)	FIG4.6948.82.3	FIG4	True
GCST90242323	PolyUbiquitin K48-linked levels (UBB.6651.74.3)	UBB.6651.74.3	UBB	True
GCST90242324	PolyUbiquitin K48-linked levels (UBB.6641.60.3)	UBB.6641.60.3	UBB	True
GCST90242325	PolyUbiquitin K63-linked levels (UBC.6647.55.3)	UBC.6647.55.3	UBC	True
GCST90242326	Porphobilinogen deaminase levels (HMBS.11530.37.3)	HMBS.11530.37.3	HMBS	True
GCST90242327	Potassium voltage-gated channel subfamily A member 10 levels (KCNA10.13042.7.3)	KCNA10.13042.7.3	KCNA10	True
GCST90242328	Potassium voltage-gated channel subfamily E member 2 levels (KCNE2.10427.2.3)	KCNE2.10427.2.3	KCNE2	True
GCST90242329	Potassium voltage-gated channel subfamily E member 3 levels (KCNE3.8067.21.3)	KCNE3.8067.21.3	KCNE3	True
GCST90242330	Potassium voltage-gated channel subfamily E regulatory beta subunit 5 levels (KCNE5.8908.14.3)	KCNE5.8908.14.3	KCNE5	True
GCST90242331	Potassium voltage-gated channel subfamily E regulatory beta subunit 5 levels (KCNE5.8756.41.3)	KCNE5.8756.41.3	KCNE5	True
GCST90242332	Potassium voltage-gated channel subfamily F member 1 levels (KCNF1.12834.3.3)	KCNF1.12834.3.3	KCNF1	True
GCST90242333	Potassium voltage-gated channel subfamily G member 4 levels (KCNG4.13525.17.3)	KCNG4.13525.17.3	KCNG4	True
GCST90242338	Pre-mRNA-processing factor 6 levels (PRPF6.9581.4.3)	PRPF6.9581.4.3	PRPF6	True
GCST90242339	Pre-mRNA-splicing factor ATP-dependent RNA helicase PRP16 levels (DHX38.13645.14.3)	DHX38.13645.14.3	DHX38	True
GCST90242340	Prefoldin subunit 5 levels (PFDN5.4271.75.2)	PFDN5.4271.75.2	PFDN5	True
GCST90242341	Pregnancy-specific beta-1-glycoprotein 11 levels (PSG11.7846.44.3)	PSG11.7846.44.3	PSG11	True
GCST90242342	Pregnancy-specific beta-1-glycoprotein 2 levels (PSG2.6405.74.3)	PSG2.6405.74.3	PSG2	True
GCST90242343	Pregnancy-specific beta-1-glycoprotein 3 levels (PSG3.6444.15.3)	PSG3.6444.15.3	PSG3	True
GCST90242344	Pregnancy-specific beta-1-glycoprotein 4 levels (PSG4.5649.83.3)	PSG4.5649.83.3	PSG4	True
GCST90242345	Pregnancy-specific beta-1-glycoprotein 5 levels (PSG5.9314.9.3)	PSG5.9314.9.3	PSG5	True
GCST90242346	Pregnancy-specific beta-1-glycoprotein 6 levels (PSG6.6456.17.3)	PSG6.6456.17.3	PSG6	True
GCST90242347	Pregnancy-specific beta-1-glycoprotein 8 levels (PSG8.6238.55.3)	PSG8.6238.55.3	PSG8	True
GCST90242348	Pregnancy-specific beta-1-glycoprotein 9 levels (PSG9.9335.28.3)	PSG9.9335.28.3	PSG9	True
GCST90242349	Prenylcysteine oxidase-like levels (PCYOX1L.5599.88.3)	PCYOX1L.5599.88.3	PCYOX1L	True
GCST90242350	Prestin levels (SLC26A5.9127.4.3)	SLC26A5.9127.4.3	SLC26A5	True
GCST90242351	Pro-FMRFamide-related neuropeptide FF levels (NPFF.5617.41.3)	NPFF.5617.41.3	NPFF	True
GCST90242352	Pro-neuregulin-2, membrane-bound isoform levels (NRG2.8060.7.3)	NRG2.8060.7.3	NRG2	True
GCST90242353	Pro-opiomelanocortin levels (POMC.9204.33.3)	POMC.9204.33.3	POMC	True
GCST90242354	Proactivator polypeptide-like 1 levels (PSAPL1.8814.33.3)	PSAPL1.8814.33.3	PSAPL1	True
GCST90242355	Probable ATP-dependent RNA helicase DDX58 levels (DDX58.12382.2.3)	DDX58.12382.2.3	DDX58	True
GCST90242356	Probable ATP-dependent RNA helicase DHX58 levels (DHX58.14012.17.3)	DHX58.14012.17.3	DHX58	True
GCST90242357	Probable carboxypeptidase X1 levels (CPXM1.6255.74.3)	CPXM1.6255.74.3	CPXM1	True
GCST90242358	Probable dimethyladenosine transferase levels (DIMT1.12694.28.3)	DIMT1.12694.28.3	DIMT1	True
GCST90242359	Probable E3 ubiquitin-protein ligase HERC1 levels (HERC1.12705.9.3)	HERC1.12705.9.3	HERC1	True
GCST90242360	Probable E3 ubiquitin-protein ligase HERC4 levels (HERC4.7860.9.3)	HERC4.7860.9.3	HERC4	True
GCST90242361	Probable E3 ubiquitin-protein ligase MID2 levels (MID2.14249.68.3)	MID2.14249.68.3	MID2	True
GCST90242362	Probable G-protein coupled receptor 101 levels (GPR101.11371.1.3)	GPR101.11371.1.3	GPR101	True
GCST90242363	Probable G-protein coupled receptor 101 levels (GPR101.11670.18.3)	GPR101.11670.18.3	GPR101	True
GCST90242364	Probable G-protein coupled receptor 135 levels (GPR135.11465.4.3)	GPR135.11465.4.3	GPR135	True
GCST90242365	Probable inactive ribonuclease-like protein 13 levels (RNASE13.6424.2.3)	RNASE13.6424.2.3	RNASE13	True
GCST90242366	Probable inactive serine protease 37 levels (PRSS37.5653.23.3)	PRSS37.5653.23.3	PRSS37	True
GCST90242367	Probable palmitoyltransferase ZDHHC14 levels (ZDHHC14.11677.17.3)	ZDHHC14.11677.17.3	ZDHHC14	True
GCST90242368	Probable RNA-binding protein 19 levels (RBM19.11468.15.3)	RBM19.11468.15.3	RBM19	True
GCST90242369	Probable RNA-binding protein 23 levels (RBM23.11590.5.3)	RBM23.11590.5.3	RBM23	True
GCST90242370	Probable RNA-binding protein EIF1AD levels (EIF1AD.13545.97.3)	EIF1AD.13545.97.3	EIF1AD	True
GCST90242371	Probable serine carboxypeptidase CPVL levels (CPVL.8891.7.3)	CPVL.8891.7.3	CPVL	True
GCST90242372	Procalcitonin levels (CALCA.10494.48.3)	CALCA.10494.48.3	CALCA	True
GCST90242373	Procollagen C-endopeptidase enhancer 1 levels (PCOLCE.11237.49.3)	PCOLCE.11237.49.3	PCOLCE	True
GCST90242374	Procollagen C-endopeptidase enhancer 2 levels (PCOLCE2.6081.52.3)	PCOLCE2.6081.52.3	PCOLCE2	True
GCST90242375	Procollagen galactosyltransferase 1 levels (COLGALT1.5638.23.3)	COLGALT1.5638.23.3	COLGALT1	True
GCST90242376	Procollagen galactosyltransferase 2 levels (COLGALT2.7234.12.3)	COLGALT2.7234.12.3	COLGALT2	True
GCST90242377	Procollagen-lysine,2-oxoglutarate 5-dioxygenase 2 levels (PLOD2.6923.1.3)	PLOD2.6923.1.3	PLOD2	True
GCST90242378	Procollagen-lysine,2-oxoglutarate 5-dioxygenase 3 levels (PLOD3.10612.18.3)	PLOD3.10612.18.3	PLOD3	True
GCST90242379	Proenkephalin-A levels (PENK.9076.25.3)	PENK.9076.25.3	PENK	True
GCST90242380	Profilin-2 levels (PFN2.13054.87.3)	PFN2.13054.87.3	PFN2	True
GCST90242381	Progonadoliberin-1 levels (GNRH1.5627.53.3)	GNRH1.5627.53.3	GNRH1	True
GCST90242382	Progonadoliberin-2 levels (GNRH2.10708.3.3)	GNRH2.10708.3.3	GNRH2	True
GCST90242383	Programmed cell death 1 ligand 1 levels (CD274.5060.62.3)	CD274.5060.62.3	CD274	True
GCST90242384	Programmed cell death 1 ligand 2 levels (PDCD1LG2.3004.67.2)	PDCD1LG2.3004.67.2	PDCD1LG2	True
GCST90242385	Programmed cell death protein 1 levels (PDCD1.9227.15.3)	PDCD1.9227.15.3	PDCD1	True
GCST90242386	Programmed cell death protein 5 levels (PDCD5.12517.52.3)	PDCD5.12517.52.3	PDCD5	True
GCST90242387	Prokineticin-1 levels (PROK1.2247.20.11)	PROK1.2247.20.11	PROK1	True
GCST90242388	Prolactin levels (PRL.2585.2.5)	PRL.2585.2.5	PRL	True
GCST90242389	Prolactin receptor levels (PRLR.5114.65.3)	PRLR.5114.65.3	PRLR	True
GCST90242390	Prolactin-releasing peptide levels (PRLH.6543.182.3)	PRLH.6543.182.3	PRLH	True
GCST90242391	Prolargin levels (PRELP.5675.6.3)	PRELP.5675.6.3	PRELP	True
GCST90242392	Proliferating cell nuclear antigen levels (PCNA.2915.6.2)	PCNA.2915.6.2	PCNA	True
GCST90242393	Proline-rich protein 1 levels (PROL1.6530.63.3)	PROL1.6530.63.3	PROL1	True
GCST90242394	Prolow-density lipoprotein receptor-related protein 1 levels (LRP1.10699.52.3)	LRP1.10699.52.3	LRP1	True
GCST90242395	Prolyl 4-hydroxylase subunit alpha-1 levels (P4HA1.11645.9.3)	P4HA1.11645.9.3	P4HA1	True
GCST90242396	Prolyl 4-hydroxylase subunit alpha-2 levels (P4HA2.11348.132.3)	P4HA2.11348.132.3	P4HA2	True
GCST90242397	Prolyl endopeptidase FAP levels (FAP.5029.3.1)	FAP.5029.3.1	FAP	True
GCST90242398	Promotilin levels (MLN.5631.83.3)	MLN.5631.83.3	MLN	True
GCST90242399	Properdin levels (CFP.2960.66.2)	CFP.2960.66.2	CFP	True
GCST90242400	Proprotein convertase subtilisin/kexin type 7 levels (PCSK7.4459.68.2)	PCSK7.4459.68.2	PCSK7	True
GCST90242401	Prostaglandin F2 receptor negative regulator levels (PTGFRN.12727.7.3)	PTGFRN.12727.7.3	PTGFRN	True
GCST90242402	Prostaglandin reductase 1 levels (PTGR1.13543.7.3)	PTGR1.13543.7.3	PTGR1	True
GCST90242403	Prostaglandin-H2 D-isomerase levels (PTGDS.10514.5.3)	PTGDS.10514.5.3	PTGDS	True
GCST90242404	Prostate and testis expressed protein 1 levels (PATE1.8386.11.3)	PATE1.8386.11.3	PATE1	True
GCST90242405	Prostate and testis expressed protein 4 levels (PATE4.8065.245.3)	PATE4.8065.245.3	PATE4	True
GCST90242406	Prostate-associated microseminoprotein levels (MSMP.8080.24.3)	MSMP.8080.24.3	MSMP	True
GCST90242407	Prostate-specific antigen levels (KLK3.8468.19.3)	KLK3.8468.19.3	KLK3	True
GCST90242408	Protachykinin-1 levels (TAC1.9337.43.3)	TAC1.9337.43.3	TAC1	True
GCST90242409	Proteasome activator complex subunit 1 levels (PSME1.5918.5.3)	PSME1.5918.5.3	PSME1	True
GCST90242410	Proteasome activator complex subunit 3 levels (PSME3.5204.13.3)	PSME3.5204.13.3	PSME3	True
GCST90242411	Proteasome assembly chaperone 3 levels (PSMG3.12729.12.3)	PSMG3.12729.12.3	PSMG3	True
GCST90242412	Proteasome subunit alpha type-1 levels (PSMA1.7880.9.3)	PSMA1.7880.9.3	PSMA1	True
GCST90242413	Proteasome subunit alpha type-1 levels (PSMA1.3859.50.2)	PSMA1.3859.50.2	PSMA1	True
GCST90242414	Proteasome subunit alpha type-2 levels (PSMA2.4280.47.2)	PSMA2.4280.47.2	PSMA2	True
GCST90241468	IgLON family member 5 levels (IGLON5.6478.2.3)	IGLON5.6478.2.3	IGLON5	True
GCST90241469	Immediate early response 3-interacting protein 1 levels (IER3IP1.6412.26.3)	IER3IP1.6412.26.3	IER3IP1	True
GCST90242415	Proteasome subunit alpha type-4 levels (PSMA4.14099.20.3)	PSMA4.14099.20.3	PSMA4	True
GCST90242416	Proteasome subunit alpha type-6 levels (PSMA6.3860.7.2)	PSMA6.3860.7.2	PSMA6	True
GCST90242417	Proteasome subunit beta type-5 levels (PSMB5.12580.7.3)	PSMB5.12580.7.3	PSMB5	True
GCST90242418	Protein amnionless levels (AMN.4322.28.3)	AMN.4322.28.3	AMN	True
GCST90242419	Protein APCDD1 levels (APCDD1.6599.5.3)	APCDD1.6599.5.3	APCDD1	True
GCST90242420	Protein arginine N-methyltransferase 3 levels (PRMT3.12696.166.3)	PRMT3.12696.166.3	PRMT3	True
GCST90242421	Protein argonaute-1 levels (AGO1.11651.24.3)	AGO1.11651.24.3	AGO1	True
GCST90242422	Protein C-ets-2 levels (ETS2.12350.86.3)	ETS2.12350.86.3	ETS2	True
GCST90242423	Protein CASC4 levels (CASC4.10613.33.3)	CASC4.10613.33.3	CASC4	True
GCST90242424	Protein CASC4 levels (CASC4.8838.10.3)	CASC4.8838.10.3	CASC4	True
GCST90242425	Protein CEI levels (C5orf38.6378.2.3)	C5orf38.6378.2.3	C5orf38	True
GCST90242426	Protein CREG1 levels (CREG1.9357.4.3)	CREG1.9357.4.3	CREG1	True
GCST90242427	Protein crumbs homolog 1 levels (CRB1.12012.33.3)	CRB1.12012.33.3	CRB1	True
GCST90242428	Protein CYR61 levels (CYR61.6264.9.3)	CYR61.6264.9.3	CYR61	True
GCST90242429	Protein deglycase DJ-1 levels (PARK7.5016.61.2)	PARK7.5016.61.2	PARK7	True
GCST90242430	Protein deglycase DJ-1 levels (PARK7.9845.33.3)	PARK7.9845.33.3	PARK7	True
GCST90242431	Protein delta homolog 1 levels (DLK1.6496.60.3)	DLK1.6496.60.3	DLK1	True
GCST90242432	Protein delta homolog 1 levels (DLK1.8380.244.4)	DLK1.8380.244.4	DLK1	True
GCST90242433	Protein delta homolog 2 levels (DLK2.9359.9.3)	DLK2.9359.9.3	DLK2	True
GCST90242434	Protein DEPP levels (DEPP.7178.59.3)	DEPP.7178.59.3	DEPP	True
GCST90242435	Protein DGCR14 levels (DGCR14.11356.19.3)	DGCR14.11356.19.3	DGCR14	True
GCST90242436	Protein DGCR6 levels (DGCR6.9444.70.3)	DGCR6.9444.70.3	DGCR6	True
GCST90242437	Protein disulfide-isomerase A3 levels (PDIA3.7832.181.3)	PDIA3.7832.181.3	PDIA3	True
GCST90242438	Protein disulfide-isomerase A5 levels (PDIA5.5593.11.3)	PDIA5.5593.11.3	PDIA5	True
GCST90242439	Protein disulfide-isomerase-like protein of the testis levels (PDILT.7092.7.3)	PDILT.7092.7.3	PDILT	True
GCST90242440	Protein dpy-30 homolog levels (DPY30.13943.38.3)	DPY30.13943.38.3	DPY30	True
GCST90242441	Protein enabled homolog levels (ENAH.9757.29.3)	ENAH.9757.29.3	ENAH	True
GCST90242442	Protein eva-1 homolog C levels (EVA1C.7008.13.3)	EVA1C.7008.13.3	EVA1C	True
GCST90242443	Protein eva-1 homolog C levels (EVA1C.8877.22.3)	EVA1C.8877.22.3	EVA1C	True
GCST90242444	Protein EVI2B levels (EVI2B.13028.2.3)	EVI2B.13028.2.3	EVI2B	True
GCST90242445	Protein FAM107A levels (FAM107A.2760.2.2)	FAM107A.2760.2.2	FAM107A	True
GCST90242446	Protein FAM107B levels (FAM107B.4774.62.3)	FAM107B.4774.62.3	FAM107B	True
GCST90242447	Protein FAM107B levels (FAM107B.7801.30.3)	FAM107B.7801.30.3	FAM107B	True
GCST90242448	Protein FAM134B levels (FAM134B.8556.5.3)	FAM134B.8556.5.3	FAM134B	True
GCST90242449	Protein FAM150B levels (FAM150B.6284.7.3)	FAM150B.6284.7.3	FAM150B	True
GCST90242450	Protein FAM151A levels (FAM151A.7856.51.3)	FAM151A.7856.51.3	FAM151A	True
GCST90242451	Protein FAM163A levels (FAM163A.6260.14.3)	FAM163A.6260.14.3	FAM163A	True
GCST90242452	Protein FAM163B levels (FAM163B.10880.38.3)	FAM163B.10880.38.3	FAM163B	True
GCST90242453	Protein FAM171B levels (FAM171B.8851.42.3)	FAM171B.8851.42.3	FAM171B	True
GCST90242454	Protein FAM171B levels (FAM171B.8061.102.3)	FAM171B.8061.102.3	FAM171B	True
GCST90242455	Protein FAM171B levels (FAM171B.8786.6.3)	FAM171B.8786.6.3	FAM171B	True
GCST90242456	Protein FAM172A levels (FAM172A.5615.62.3)	FAM172A.5615.62.3	FAM172A	True
GCST90242457	Protein FAM173A levels (FAM173A.7148.42.3)	FAM173A.7148.42.3	FAM173A	True
GCST90242458	Protein FAM177A1 levels (FAM177A1.8039.41.3)	FAM177A1.8039.41.3	FAM177A1	True
GCST90242459	Protein FAM189A2 levels (FAM189A2.5699.19.3)	FAM189A2.5699.19.3	FAM189A2	True
GCST90242460	Protein FAM189A2 levels (FAM189A2.5719.66.3)	FAM189A2.5719.66.3	FAM189A2	True
GCST90242461	Protein FAM19A2 levels (FAM19A2.6430.36.3)	FAM19A2.6430.36.3	FAM19A2	True
GCST90242462	Protein FAM19A3 levels (FAM19A3.7839.99.3)	FAM19A3.7839.99.3	FAM19A3	True
GCST90242463	Protein FAM19A4 levels (FAM19A4.6511.17.3)	FAM19A4.6511.17.3	FAM19A4	True
GCST90242464	Protein FAM19A5 levels (FAM19A5.5609.92.3)	FAM19A5.5609.92.3	FAM19A5	True
GCST90242465	Protein FAM209B levels (FAM209B.7066.199.4)	FAM209B.7066.199.4	FAM209B	True
GCST90242466	Protein FAM24B levels (FAM24B.8775.61.3)	FAM24B.8775.61.3	FAM24B	True
GCST90242467	Protein FAM3B levels (FAM3B.9177.6.3)	FAM3B.9177.6.3	FAM3B	True
GCST90242468	Protein FAM3B levels (FAM3B.5618.50.3)	FAM3B.5618.50.3	FAM3B	True
GCST90242469	Protein FAM3D levels (FAM3D.13102.1.3)	FAM3D.13102.1.3	FAM3D	True
GCST90242470	Protein G6b levels (G6B.8659.68.3)	G6B.8659.68.3	G6B	True
GCST90242471	Protein G6b levels (G6B.9466.43.3)	G6B.9466.43.3	G6B	True
GCST90242472	Protein GPR107 levels (GPR107.12963.1.3)	GPR107.12963.1.3	GPR107	True
GCST90242473	Protein HEG homolog 1 levels (HEG1.8947.268.3)	HEG1.8947.268.3	HEG1	True
GCST90242474	Protein jagged-1 levels (JAG1.5092.51.3)	JAG1.5092.51.3	JAG1	True
GCST90242475	Protein jagged-2 levels (JAG2.5093.47.3)	JAG2.5093.47.3	JAG2	True
GCST90242476	Protein JTB levels (JTB.9038.12.3)	JTB.9038.12.3	JTB	True
GCST90242477	Protein kinase C alpha type levels (PRKCA.2644.11.2)	PRKCA.2644.11.2	PRKCA	True
GCST90242478	Protein kinase C beta type (splice variant beta-II) levels (PRKCB.5475.10.3)	splice variant beta-II	splice variant beta-II	True
GCST90242479	Protein kinase C iota type levels (PRKCI.3379.29.1)	PRKCI.3379.29.1	PRKCI	True
GCST90242480	Protein kinase C zeta type levels (PRKCZ.2645.54.1)	PRKCZ.2645.54.1	PRKCZ	True
GCST90242481	Protein kinase C-binding protein NELL1 levels (NELL1.6544.33.3)	NELL1.6544.33.3	NELL1	True
GCST90242482	Protein kinase C-binding protein NELL2 levels (NELL2.6022.57.3)	NELL2.6022.57.3	NELL2	True
GCST90242483	Protein kish-A levels (TMEM167A.11112.18.3)	TMEM167A.11112.18.3	TMEM167A	True
GCST90242484	Protein kish-B levels (TMEM167B.13421.17.3)	TMEM167B.13421.17.3	TMEM167B	True
GCST90242485	Protein Largen levels (PRR16.10621.26.3)	PRR16.10621.26.3	PRR16	True
GCST90242486	Protein LDOC1 levels (LDOC1.8378.3.4)	LDOC1.8378.3.4	LDOC1	True
GCST90242487	Protein lin-7 homolog B levels (LIN7B.4238.4.2)	LIN7B.4238.4.2	LIN7B	True
GCST90242488	Protein MENT levels (MENT.5744.12.3)	MENT.5744.12.3	MENT	True
GCST90242489	Protein MRVI1 levels (MRVI1.8255.34.3)	MRVI1.8255.34.3	MRVI1	True
GCST90242490	Protein NDNF levels (NDNF.6604.59.3)	NDNF.6604.59.3	NDNF	True
GCST90242491	Protein NDRG4 levels (NDRG4.7934.11.3)	NDRG4.7934.11.3	NDRG4	True
GCST90242492	Protein NOV homolog levels (NOV.2737.22.2)	NOV.2737.22.2	NOV	True
GCST90242493	Protein O-glucosyltransferase 1 levels (POGLUT1.6467.65.3)	POGLUT1.6467.65.3	POGLUT1	True
GCST90242494	Protein O-linked-mannose beta-1,2-N-acetylglucosaminyltransferase 1 levels (POMGNT1.8253.2.3)	POMGNT1.8253.2.3	POMGNT1	True
GCST90242495	Protein O-linked-mannose beta-1,4-N-acetylglucosaminyltransferase 2 levels (POMGNT2.6359.50.3)	POMGNT2.6359.50.3	POMGNT2	True
GCST90242496	Protein p13 MTCP-1 levels (MTCP1.12916.3.3)	MTCP1.12916.3.3	MTCP1	True
GCST90242497	Protein phosphatase 1 regulatory subunit 3B levels (PPP1R3B.12768.3.3)	PPP1R3B.12768.3.3	PPP1R3B	True
GCST90242498	Protein phosphatase 1A levels (PPM1A.12619.14.3)	PPM1A.12619.14.3	PPM1A	True
GCST90242499	Protein phosphatase 1L levels (PPM1L.7187.3.3)	PPM1L.7187.3.3	PPM1L	True
GCST90242500	Protein regulator of cytokinesis 1 levels (PRC1.11591.43.3)	PRC1.11591.43.3	PRC1	True
GCST90242501	Protein RIC-3 levels (RIC3.11228.37.3)	RIC3.11228.37.3	RIC3	True
GCST90242502	Protein RIC-3 levels (RIC3.7125.4.3)	RIC3.7125.4.3	RIC3	True
GCST90242503	Protein ripply1 levels (RIPPLY1.9767.22.3)	RIPPLY1.9767.22.3	RIPPLY1	True
GCST90242504	Protein S100-A11 levels (S100A11.14011.17.3)	S100A11.14011.17.3	S100A11	True
GCST90242505	Protein S100-A12 levels (S100A12.5852.6.3)	S100A12.5852.6.3	S100A12	True
GCST90242506	Protein S100-A13 levels (S100A13.7223.60.3)	S100A13.7223.60.3	S100A13	True
GCST90242507	Protein S100-A2 levels (S100A2.11969.5.3)	S100A2.11969.5.3	S100A2	True
GCST90242508	Protein S100-A4 levels (S100A4.14116.129.3)	S100A4.14116.129.3	S100A4	True
GCST90242509	Protein S100-A5 levels (S100A5.14222.68.3)	S100A5.14222.68.3	S100A5	True
GCST90242510	Protein S100-A6 levels (S100A6.13090.17.3)	S100A6.13090.17.3	S100A6	True
GCST90242511	Protein S100-A7 levels (S100A7.5921.58.3)	S100A7.5921.58.3	S100A7	True
GCST90242512	Protein S100-A9 levels (S100A9.5339.49.3)	S100A9.5339.49.3	S100A9	True
GCST90242513	Protein SCO1 homolog, mitochondrial levels (SCO1.7853.19.3)	SCO1.7853.19.3	SCO1	True
GCST90242514	Protein SEC13 homolog levels (SEC13.14689.3.3)	SEC13.14689.3.3	SEC13	True
GCST90242515	Protein sel-1 homolog 2 levels (SEL1L2.9082.25.3)	SEL1L2.9082.25.3	SEL1L2	True
GCST90242516	Protein SERAC1 levels (SERAC1.8985.13.3)	SERAC1.8985.13.3	SERAC1	True
GCST90242517	Protein shisa-3 homolog levels (SHISA3.7057.18.3)	SHISA3.7057.18.3	SHISA3	True
GCST90242518	Protein SPACA7 levels (SPACA7.6466.7.3)	SPACA7.6466.7.3	SPACA7	True
GCST90242519	Protein sprouty homolog 1 levels (SPRY1.9512.24.3)	SPRY1.9512.24.3	SPRY1	True
GCST90242520	Protein syndesmos levels (NUDT16L1.12497.29.3)	NUDT16L1.12497.29.3	NUDT16L1	True
GCST90242521	Protein TMEPAI levels (PMEPA1.6936.7.3)	PMEPA1.6936.7.3	PMEPA1	True
GCST90242522	Protein transport protein Sec61 subunit beta levels (SEC61B.7878.2.3)	SEC61B.7878.2.3	SEC61B	True
GCST90242523	Protein transport protein Sec61 subunit gamma levels (SEC61G.8872.1.3)	SEC61G.8872.1.3	SEC61G	True
GCST90242524	Protein turtle homolog A levels (IGSF9.10518.14.3)	IGSF9.10518.14.3	IGSF9	True
GCST90242525	Protein tyrosine phosphatase type IVA 2 levels (PTP4A2.11699.16.3)	PTP4A2.11699.16.3	PTP4A2	True
GCST90242526	Protein unc-13 homolog A levels (UNC13A.14052.26.3)	UNC13A.14052.26.3	UNC13A	True
GCST90242527	Protein unc-93 homolog B1 levels (UNC93B1.13487.24.3)	UNC93B1.13487.24.3	UNC93B1	True
GCST90242528	Protein Wnt-7a levels (WNT7A.4889.82.1)	WNT7A.4889.82.1	WNT7A	True
GCST90242529	Protein YIPF6 levels (YIPF6.9984.12.3)	YIPF6.9984.12.3	YIPF6	True
GCST90242530	Protein Z-dependent protease inhibitor levels (SERPINA10.13119.26.3)	SERPINA10.13119.26.3	SERPINA10	True
GCST90241470	Immunoglobulin alpha Fc receptor levels (FCAR.4987.17.1)	FCAR.4987.17.1	FCAR	True
GCST90242531	Protein Z-dependent protease inhibitor levels (SERPINA10.6583.67.3)	SERPINA10.6583.67.3	SERPINA10	True
GCST90242532	Protein-tyrosine kinase 2-beta levels (PTK2B.8918.64.3)	PTK2B.8918.64.3	PTK2B	True
GCST90242533	Protein-tyrosine kinase 6 levels (PTK6.3832.51.1)	PTK6.3832.51.1	PTK6	True
GCST90242534	Protein-tyrosine sulfotransferase 1 levels (TPST1.7928.183.3)	TPST1.7928.183.3	TPST1	True
GCST90242535	Protein-tyrosine sulfotransferase 2 levels (TPST2.8024.64.3)	TPST2.8024.64.3	TPST2	True
GCST90242536	Proteoglycan 3 levels (PRG3.9015.1.3)	PRG3.9015.1.3	PRG3	True
GCST90242537	Prothrombin levels (F2.5316.54.3)	F2.5316.54.3	F2	True
GCST90242538	Proto-oncogene tyrosine-protein kinase receptor Ret levels (RET.3220.40.2)	RET.3220.40.2	RET	True
GCST90242539	Protocadherin alpha-4 levels (PCDHA4.7157.22.3)	PCDHA4.7157.22.3	PCDHA4	True
GCST90242540	Protocadherin alpha-4 levels (PCDHA4.10533.1.3)	PCDHA4.10533.1.3	PCDHA4	True
GCST90242541	Protocadherin alpha-7 levels (PCDHA7.8758.2.3)	PCDHA7.8758.2.3	PCDHA7	True
GCST90242542	Protocadherin alpha-C2 levels (PCDHAC2.9361.7.3)	PCDHAC2.9361.7.3	PCDHAC2	True
GCST90242543	Protocadherin beta-1 levels (PCDHB1.9941.70.3)	PCDHB1.9941.70.3	PCDHB1	True
GCST90242544	Protocadherin beta-10 levels (PCDHB10.9963.19.3)	PCDHB10.9963.19.3	PCDHB10	True
GCST90242545	Protocadherin beta-2 levels (PCDHB2.10748.216.3)	PCDHB2.10748.216.3	PCDHB2	True
GCST90242546	Protocadherin beta-4 levels (PCDHB4.10522.167.3)	PCDHB4.10522.167.3	PCDHB4	True
GCST90242547	Protocadherin gamma-A8 levels (PCDHGA8.11259.71.3)	PCDHGA8.11259.71.3	PCDHGA8	True
GCST90242548	Protocadherin gamma-C5 levels (PCDHGC5.7983.1.3)	PCDHGC5.7983.1.3	PCDHGC5	True
GCST90242549	Protocadherin-10 levels (PCDH10.8780.2.3)	PCDH10.8780.2.3	PCDH10	True
GCST90242550	Protocadherin-10 levels (PCDH10.9018.38.3)	PCDH10.9018.38.3	PCDH10	True
GCST90242551	Protocadherin-15 levels (PCDH15.14228.1.3)	PCDH15.14228.1.3	PCDH15	True
GCST90242552	Protocadherin-9 levels (PCDH9.10558.26.3)	PCDH9.10558.26.3	PCDH9	True
GCST90242553	Protrudin levels (ZFYVE27.9102.28.3)	ZFYVE27.9102.28.3	ZFYVE27	True
GCST90242554	Pseudokinase FAM20A levels (FAM20A.6433.57.3)	FAM20A.6433.57.3	FAM20A	True
GCST90242555	Pterin-4-alpha-carbinolamine dehydratase levels (PCBD1.11313.100.3)	PCBD1.11313.100.3	PCBD1	True
GCST90242556	Pterin-4-alpha-carbinolamine dehydratase 2 levels (PCBD2.6899.37.3)	PCBD2.6899.37.3	PCBD2	True
GCST90242557	Pulmonary surfactant-associated protein C levels (SFTPC.5738.25.3)	SFTPC.5738.25.3	SFTPC	True
GCST90242558	Pulmonary surfactant-associated protein D levels (SFTPD.4414.69.2)	SFTPD.4414.69.2	SFTPD	True
GCST90242559	Purine nucleoside phosphorylase levels (PNP.10039.32.3)	PNP.10039.32.3	PNP	True
GCST90242560	Putative apolipoprotein(a)-like protein 2 levels (LPAL2.9246.1.3)	a	a	True
GCST90242561	Putative chondrosarcoma-associated gene 1 protein levels (CSAG1.5716.49.3)	CSAG1.5716.49.3	CSAG1	True
GCST90242562	Putative inactive group IIC secretory phospholipase A2 levels (PLA2G2C.8850.5.3)	PLA2G2C.8850.5.3	PLA2G2C	True
GCST90242563	Putative phospholipase B-like 2 levels (PLBD2.6536.54.3)	PLBD2.6536.54.3	PLBD2	True
GCST90242564	Putative pregnancy-specific beta-1-glycoprotein 7 levels (PSG7.5651.50.3)	PSG7.5651.50.3	PSG7	True
GCST90242565	Putative uncharacterized protein PQLC2L levels (PQLC2L.7939.1.3)	PQLC2L.7939.1.3	PQLC2L	True
GCST90242566	Pyridoxal kinase levels (PDXK.11098.1.3)	PDXK.11098.1.3	PDXK	True
GCST90242567	Pyridoxal phosphate phosphatase levels (PDXP.3897.61.1)	PDXP.3897.61.1	PDXP	True
GCST90242568	Pyrin domain-containing protein 1 levels (PYDC1.12835.101.3)	PYDC1.12835.101.3	PYDC1	True
GCST90242569	Pyruvate carboxylase, mitochondrial levels (PC.13990.1.3)	PC.13990.1.3	PC	True
GCST90242570	Pyruvate kinase PKLR levels (PKLR.11203.97.3)	PKLR.11203.97.3	PKLR	True
GCST90242571	Quinone oxidoreductase-like protein 1 levels (CRYZL1.9207.60.3)	CRYZL1.9207.60.3	CRYZL1	True
GCST90242572	R-spondin-3 levels (RSPO3.13094.75.3)	RSPO3.13094.75.3	RSPO3	True
GCST90242573	R-spondin-4 levels (RSPO4.8464.31.3)	RSPO4.8464.31.3	RSPO4	True
GCST90242574	RAB6-interacting golgin levels (GORAB.7247.1.3)	GORAB.7247.1.3	GORAB	True
GCST90242575	Rab9 effector protein with kelch motifs levels (RABEPK.13599.15.3)	RABEPK.13599.15.3	RABEPK	True
GCST90242576	Rac GTPase-activating protein 1 levels (RACGAP1.13587.10.3)	RACGAP1.13587.10.3	RACGAP1	True
GCST90242577	RAC-alpha/beta/gamma serine/threonine-protein kinase levels (AKT1.AKT2.AKT3.3392.68.2)	AKT1.AKT2.AKT3.3392.68.2	AKT1	True
GCST90242578	RAC-alpha/beta/gamma serine/threonine-protein kinase levels (AKT1.AKT2.AKT3.2867.52.2)	AKT1.AKT2.AKT3.2867.52.2	AKT1	True
GCST90242579	RAC-beta serine/threonine-protein kinase levels (AKT2.14685.17.3)	AKT2.14685.17.3	AKT2	True
GCST90242580	RAC-beta serine/threonine-protein kinase levels (AKT2.5360.9.2)	AKT2.5360.9.2	AKT2	True
GCST90242581	Radiation-inducible immediate-early gene IEX-1 levels (IER3.9786.310.3)	IER3.9786.310.3	IER3	True
GCST90242582	Ragulator complex protein LAMTOR3 levels (LAMTOR3.12490.92.3)	LAMTOR3.12490.92.3	LAMTOR3	True
GCST90242583	Ran-binding protein 3 levels (RANBP3.14037.18.3)	RANBP3.14037.18.3	RANBP3	True
GCST90242584	Rap guanine nucleotide exchange factor 5 levels (RAPGEF5.9059.14.3)	RAPGEF5.9059.14.3	RAPGEF5	True
GCST90242585	Rap1 GTPase-activating protein 1 levels (RAP1GAP.13735.1.3)	RAP1GAP.13735.1.3	RAP1GAP	True
GCST90242586	Rap1 GTPase-GDP dissociation stimulator 1 levels (RAP1GDS1.14106.46.3)	RAP1GDS1.14106.46.3	RAP1GDS1	True
GCST90242587	Ras GTPase-activating protein 1 levels (RASA1.5481.16.3)	RASA1.5481.16.3	RASA1	True
GCST90242588	Ras-related C3 botulinum toxin substrate 3 levels (RAC3.5271.5.1)	RAC3.5271.5.1	RAC3	True
GCST90242589	Ras-related protein Rab-14 levels (RAB14.14283.12.3)	RAB14.14283.12.3	RAB14	True
GCST90242590	Ras-related protein Rab-22A levels (RAB22A.12408.333.3)	RAB22A.12408.333.3	RAB22A	True
GCST90242591	Ras-related protein Rab-26 levels (RAB26.6997.32.3)	RAB26.6997.32.3	RAB26	True
GCST90242592	Ras-related protein Rab-27A levels (RAB27A.9504.19.3)	RAB27A.9504.19.3	RAB27A	True
GCST90242593	Ras-related protein Rab-27B levels (RAB27B.13596.3.3)	RAB27B.13596.3.3	RAB27B	True
GCST90242594	Ras-related protein Rab-35 levels (RAB35.13514.121.3)	RAB35.13514.121.3	RAB35	True
GCST90242595	Ras-related protein Rab-39B levels (RAB39B.12403.30.3)	RAB39B.12403.30.3	RAB39B	True
GCST90242596	Ras-related protein Rab-7b levels (RAB7B.12409.90.3)	RAB7B.12409.90.3	RAB7B	True
GCST90242597	Ras-related protein Rap-2a levels (RAP2A.9885.41.3)	RAP2A.9885.41.3	RAP2A	True
GCST90242598	Receptor tyrosine-protein kinase erbB-2 levels (ERBB2.2616.23.18)	ERBB2.2616.23.18	ERBB2	True
GCST90242599	Receptor tyrosine-protein kinase erbB-3 levels (ERBB3.2617.56.35)	ERBB3.2617.56.35	ERBB3	True
GCST90242600	Receptor-interacting serine/threonine-protein kinase 2 levels (RIPK2.8970.9.3)	RIPK2.8970.9.3	RIPK2	True
GCST90242601	Receptor-interacting serine/threonine-protein kinase 2 levels (RIPK2.8993.151.3)	RIPK2.8993.151.3	RIPK2	True
GCST90242602	Receptor-type tyrosine-protein kinase FLT3 levels (FLT3.3437.80.3)	FLT3.3437.80.3	FLT3	True
GCST90242603	Receptor-type tyrosine-protein phosphatase delta levels (PTPRD.9296.15.3)	PTPRD.9296.15.3	PTPRD	True
GCST90242604	Receptor-type tyrosine-protein phosphatase eta levels (PTPRJ.8250.2.3)	PTPRJ.8250.2.3	PTPRJ	True
GCST90242605	Receptor-type tyrosine-protein phosphatase H levels (PTPRH.11222.62.3)	PTPRH.11222.62.3	PTPRH	True
GCST90242606	Receptor-type tyrosine-protein phosphatase H levels (PTPRH.11988.24.3)	PTPRH.11988.24.3	PTPRH	True
GCST90242607	Receptor-type tyrosine-protein phosphatase R levels (PTPRR.6361.49.3)	PTPRR.6361.49.3	PTPRR	True
GCST90242608	Receptor-type tyrosine-protein phosphatase S levels (PTPRS.6049.64.3)	PTPRS.6049.64.3	PTPRS	True
GCST90242609	Receptor-type tyrosine-protein phosphatase U levels (PTPRU.8337.65.3)	PTPRU.8337.65.3	PTPRU	True
GCST90242610	Recoverin levels (RCVRN.14334.3.3)	RCVRN.14334.3.3	RCVRN	True
GCST90242611	RecQ-mediated genome instability protein 1 levels (RMI1.13926.1.3)	RMI1.13926.1.3	RMI1	True
GCST90242612	Redox-regulatory protein FAM213A levels (FAM213A.13423.94.3)	FAM213A.13423.94.3	FAM213A	True
GCST90242613	Regenerating islet-derived protein 3-alpha levels (REG3A.9277.16.3)	REG3A.9277.16.3	REG3A	True
GCST90242614	Regenerating islet-derived protein 4 levels (REG4.11102.22.3)	REG4.11102.22.3	REG4	True
GCST90242615	Regulation of nuclear pre-mRNA domain-containing protein 1A levels (RPRD1A.13515.8.3)	RPRD1A.13515.8.3	RPRD1A	True
GCST90242616	Regulator of G-protein signaling 10 levels (RGS10.11634.32.3)	RGS10.11634.32.3	RGS10	True
GCST90242617	Regulator of G-protein signaling 18 levels (RGS18.13982.33.3)	RGS18.13982.33.3	RGS18	True
GCST90242618	Regulator of G-protein signaling 19 levels (RGS19.12713.365.3)	RGS19.12713.365.3	RGS19	True
GCST90242619	Regulator of G-protein signaling 3 levels (RGS3.12827.37.3)	RGS3.12827.37.3	RGS3	True
GCST90242620	Regulator of G-protein signaling 8 levels (RGS8.11666.72.3)	RGS8.11666.72.3	RGS8	True
GCST90242621	Regulator of microtubule dynamics protein 1 levels (RMDN1.7096.30.3)	RMDN1.7096.30.3	RMDN1	True
GCST90242622	Regulator of microtubule dynamics protein 3 levels (RMDN3.9290.8.3)	RMDN3.9290.8.3	RMDN3	True
GCST90242623	Regulatory factor X-associated protein levels (RFXAP.12726.3.3)	RFXAP.12726.3.3	RFXAP	True
GCST90242624	Relaxin receptor 1 levels (RXFP1.14135.3.3)	RXFP1.14135.3.3	RXFP1	True
GCST90242625	RELT-like protein 1 levels (RELL1.13399.33.3)	RELL1.13399.33.3	RELL1	True
GCST90242626	RELT-like protein 2 levels (RELL2.6600.70.3)	RELL2.6600.70.3	RELL2	True
GCST90242627	Renin levels (REN.3396.54.2)	REN.3396.54.2	REN	True
GCST90242628	Replication initiator 1 levels (REPIN1.13554.78.3)	REPIN1.13554.78.3	REPIN1	True
GCST90242629	Repulsive guidance molecule A levels (RGMA.5483.1.3)	RGMA.5483.1.3	RGMA	True
GCST90242630	Resistin levels (RETN.3046.31.1)	RETN.3046.31.1	RETN	True
GCST90242631	Retbindin levels (RTBDN.8613.97.3)	RTBDN.8613.97.3	RTBDN	True
GCST90242632	Reticulocalbin-2 levels (RCN2.10645.72.3)	RCN2.10645.72.3	RCN2	True
GCST90242633	Reticulon-4 receptor levels (RTN4R.5105.2.3)	RTN4R.5105.2.3	RTN4R	True
GCST90242634	Retina-specific copper amine oxidase levels (AOC2.6434.18.3)	AOC2.6434.18.3	AOC2	True
GCST90242635	Retinal rod rhodopsin-sensitive cGMP 3',5'-cyclic phosphodiesterase subunit delta levels (PDE6D.13491.40.3)	PDE6D.13491.40.3	PDE6D	True
GCST90242636	Retinaldehyde-binding protein 1 levels (RLBP1.12936.38.3)	RLBP1.12936.38.3	RLBP1	True
GCST90242637	Retinoblastoma-associated protein levels (RB1.5024.67.1)	RB1.5024.67.1	RB1	True
GCST90242638	Retinoblastoma-binding protein 5 levels (RBBP5.13631.1.3)	RBBP5.13631.1.3	RBBP5	True
GCST90242639	Retinoblastoma-like protein 1 levels (RBL1.12879.5.3)	RBL1.12879.5.3	RBL1	True
GCST90242640	Retinoic acid receptor responder protein 1 levels (RARRES1.8398.277.3)	RARRES1.8398.277.3	RARRES1	True
GCST90242641	Retinoic acid receptor responder protein 3 levels (RARRES3.10961.15.3)	RARRES3.10961.15.3	RARRES3	True
GCST90242642	Retinoid-binding protein 7 levels (RBP7.14208.3.3)	RBP7.14208.3.3	RBP7	True
GCST90242643	Retinol dehydrogenase 16 levels (RDH16.12881.17.3)	RDH16.12881.17.3	RDH16	True
GCST90242644	Retinol-binding protein 4 levels (RBP4.5482.61.3)	RBP4.5482.61.3	RBP4	True
GCST90242645	Retinoschisin levels (RS1.6497.10.3)	RS1.6497.10.3	RS1	True
GCST90242646	Retroviral-like aspartic protease 1 levels (ASPRV1.13023.8.3)	ASPRV1.13023.8.3	ASPRV1	True
GCST90242647	RGM domain family member B levels (RGMB.3331.8.1)	RGMB.3331.8.1	RGMB	True
GCST90242648	Rho GDP-dissociation inhibitor 1 levels (ARHGDIA.6454.38.3)	ARHGDIA.6454.38.3	ARHGDIA	True
GCST90242649	Rho GDP-dissociation inhibitor 2 levels (ARHGDIB.9846.32.3)	ARHGDIB.9846.32.3	ARHGDIB	True
GCST90242650	Rho GTPase-activating protein 1 levels (ARHGAP1.11955.1.3)	ARHGAP1.11955.1.3	ARHGAP1	True
GCST90242651	Rho GTPase-activating protein 25 levels (ARHGAP25.11333.82.3)	ARHGAP25.11333.82.3	ARHGAP25	True
GCST90242652	Rho GTPase-activating protein 30 levels (ARHGAP30.12807.89.3)	ARHGAP30.12807.89.3	ARHGAP30	True
GCST90242653	Rho GTPase-activating protein 36 levels (ARHGAP36.6289.78.3)	ARHGAP36.6289.78.3	ARHGAP36	True
GCST90242654	Rho GTPase-activating protein 5 levels (ARHGAP5.14748.31.3)	ARHGAP5.14748.31.3	ARHGAP5	True
GCST90242655	Rho guanine nucleotide exchange factor 1 levels (ARHGEF1.13976.9.3)	ARHGEF1.13976.9.3	ARHGEF1	True
GCST90242656	Rho guanine nucleotide exchange factor 10 levels (ARHGEF10.9061.3.3)	ARHGEF10.9061.3.3	ARHGEF10	True
GCST90242657	Rho guanine nucleotide exchange factor 2 levels (ARHGEF2.12848.9.3)	ARHGEF2.12848.9.3	ARHGEF2	True
GCST90242658	Rho guanine nucleotide exchange factor 25 levels (ARHGEF25.13519.112.3)	ARHGEF25.13519.112.3	ARHGEF25	True
GCST90242659	Rho guanine nucleotide exchange factor 7 levels (ARHGEF7.13932.45.3)	ARHGEF7.13932.45.3	ARHGEF7	True
GCST90242660	Rho-associated protein kinase 2 levels (ROCK2.13654.1.3)	ROCK2.13654.1.3	ROCK2	True
GCST90242661	Rho-related GTP-binding protein Rho6 levels (RND1.13574.50.3)	RND1.13574.50.3	RND1	True
GCST90242662	Rho-related GTP-binding protein RhoD levels (RHOD.12442.4.3)	RHOD.12442.4.3	RHOD	True
GCST90242663	Rho-related GTP-binding protein RhoG levels (RHOG.12540.25.3)	RHOG.12540.25.3	RHOG	True
GCST90242664	Rhophilin-2 levels (RHPN2.11439.88.3)	RHPN2.11439.88.3	RHPN2	True
GCST90242665	Riboflavin kinase levels (RFK.13059.33.3)	RFK.13059.33.3	RFK	True
GCST90242666	Ribonuclease 4 levels (RNASE4.5644.60.3)	RNASE4.5644.60.3	RNASE4	True
GCST90242667	Ribonuclease H1 levels (RNASEH1.8470.213.3)	RNASEH1.8470.213.3	RNASEH1	True
GCST90242668	Ribonuclease K6 levels (RNASE6.5646.20.3)	RNASE6.5646.20.3	RNASE6	True
GCST90242669	Ribonuclease pancreatic levels (RNASE1.7211.2.3)	RNASE1.7211.2.3	RNASE1	True
GCST90242670	Ribonuclease UK114 levels (HRSP12.14636.25.3)	HRSP12.14636.25.3	HRSP12	True
GCST90242671	Ribonucleoside-diphosphate reductase large subunit levels (RRM1.11360.39.3)	RRM1.11360.39.3	RRM1	True
GCST90242672	Ribonucleoside-diphosphate reductase subunit M2 B levels (RRM2B.8925.25.3)	RRM2B.8925.25.3	RRM2B	True
GCST90242673	Ribonucleoside-diphosphate reductase subunit M2 B levels (RRM2B.8854.59.3)	RRM2B.8854.59.3	RRM2B	True
GCST90242674	Ribose-5-phosphate isomerase levels (RPIA.12333.87.3)	RPIA.12333.87.3	RPIA	True
GCST90242675	Ribosomal protein S6 kinase alpha-6 levels (RPS6KA6.12688.115.3)	RPS6KA6.12688.115.3	RPS6KA6	True
GCST90242676	Ribosome biogenesis protein TSR3 homolog levels (TSR3.7018.10.3)	TSR3.7018.10.3	TSR3	True
GCST90242677	Ribosome-binding protein 1 levels (RRBP1.9492.5.3)	RRBP1.9492.5.3	RRBP1	True
GCST90242678	Ribosome-recycling factor, mitochondrial levels (MRRF.12355.223.3)	MRRF.12355.223.3	MRRF	True
GCST90242679	Ribosyldihydronicotinamide dehydrogenase [quinone] levels (NQO2.9754.33.3)	NQO2.9754.33.3	NQO2	True
GCST90242680	Ribulose-phosphate 3-epimerase levels (RPE.12646.2.3)	RPE.12646.2.3	RPE	True
GCST90242681	Rieske domain-containing protein levels (RFESD.13603.7.3)	RFESD.13603.7.3	RFESD	True
GCST90242682	RING finger protein 122 levels (RNF122.11160.56.3)	RNF122.11160.56.3	RNF122	True
GCST90242683	RING finger protein 148 levels (RNF148.7742.11.3)	RNF148.7742.11.3	RNF148	True
GCST90242684	RING finger protein 148 levels (RNF148.9955.40.3)	RNF148.9955.40.3	RNF148	True
GCST90242685	RING finger protein 150 levels (RNF150.9774.59.3)	RNF150.9774.59.3	RNF150	True
GCST90242686	RING finger protein 165 levels (RNF165.11561.32.3)	RNF165.11561.32.3	RNF165	True
GCST90242687	RING finger protein 215 levels (RNF215.7758.217.3)	RNF215.7758.217.3	RNF215	True
GCST90242688	RING finger protein 219 levels (RNF219.8822.163.3)	RNF219.8822.163.3	RNF219	True
GCST90242689	RNA binding protein fox-1 homolog 2 levels (RBFOX2.11462.8.3)	RBFOX2.11462.8.3	RBFOX2	True
GCST90242690	RNA demethylase ALKBH5 levels (ALKBH5.8793.13.3)	ALKBH5.8793.13.3	ALKBH5	True
GCST90242691	RNA polymerase II elongation factor ELL levels (ELL.11459.81.3)	ELL.11459.81.3	ELL	True
GCST90242692	RNA polymerase II elongation factor ELL2 levels (ELL2.11494.4.3)	ELL2.11494.4.3	ELL2	True
GCST90242693	RNA polymerase II subunit A C-terminal domain phosphatase SSU72 levels (SSU72.13566.2.3)	SSU72.13566.2.3	SSU72	True
GCST90242694	RNA-binding protein 24 levels (RBM24.11380.84.3)	RBM24.11380.84.3	RBM24	True
GCST90242695	RNA-binding protein 28 levels (RBM28.11927.3.3)	RBM28.11927.3.3	RBM28	True
GCST90242696	RNA-binding protein 3 levels (RBM3.12747.89.3)	RBM3.12747.89.3	RBM3	True
GCST90242697	RNA-binding protein 39 levels (RBM39.4284.18.3)	RBM39.4284.18.3	RBM39	True
GCST90242698	RNA-binding protein 40 levels (RNPC3.12814.17.3)	RNPC3.12814.17.3	RNPC3	True
GCST90242699	RNA-binding protein EWS levels (EWSR1.12988.49.3)	EWSR1.12988.49.3	EWSR1	True
GCST90242700	RNA-binding protein Nova-1 levels (NOVA1.12557.18.3)	NOVA1.12557.18.3	NOVA1	True
GCST90242701	Roundabout homolog 1 levels (ROBO1.5740.17.3)	ROBO1.5740.17.3	ROBO1	True
GCST90242702	Roundabout homolog 2 levels (ROBO2.5116.62.2)	ROBO2.5116.62.2	ROBO2	True
GCST90242703	Roundabout homolog 3 levels (ROBO3.5117.14.3)	ROBO3.5117.14.3	ROBO3	True
GCST90242704	rRNA methyltransferase 3, mitochondrial levels (RNMTL1.9584.105.3)	RNMTL1.9584.105.3	RNMTL1	True
GCST90242705	RUN and FYVE domain-containing protein 1 levels (RUFY1.11425.31.3)	RUFY1.11425.31.3	RUFY1	True
GCST90242706	Runt-related transcription factor 3 levels (RUNX3.11138.16.3)	RUNX3.11138.16.3	RUNX3	True
GCST90242707	S-formylglutathione hydrolase levels (ESD.4984.83.1)	ESD.4984.83.1	ESD	True
GCST90242708	S-methyl-5'-thioadenosine phosphorylase levels (MTAP.9910.9.3)	MTAP.9910.9.3	MTAP	True
GCST90242709	S-phase kinase-associated protein 1 levels (SKP1.3902.21.2)	SKP1.3902.21.2	SKP1	True
GCST90242710	SAGA-associated factor 29 homolog levels (CCDC101.12788.6.3)	CCDC101.12788.6.3	CCDC101	True
GCST90242711	Salivary acidic proline-rich phosphoprotein 1/2 levels (PRH1.10502.15.3)	PRH1.10502.15.3	PRH1	True
GCST90242712	Sarcoplasmic/endoplasmic reticulum calcium ATPase 3 levels (ATP2A3.13510.7.3)	ATP2A3.13510.7.3	ATP2A3	True
GCST90242713	SAYSvFN domain-containing protein 1 levels (SAYSD1.6594.64.3)	SAYSD1.6594.64.3	SAYSD1	True
GCST90242714	Scavenger receptor class A member 3 levels (SCARA3.11292.13.3)	SCARA3.11292.13.3	SCARA3	True
GCST90242715	Scavenger receptor class A member 3 levels (SCARA3.9731.29.3)	SCARA3.9731.29.3	SCARA3	True
GCST90242716	Scavenger receptor class A member 3 levels (SCARA3.10872.103.3)	SCARA3.10872.103.3	SCARA3	True
GCST90242717	Scavenger receptor class A member 3 levels (SCARA3.9569.14.3)	SCARA3.9569.14.3	SCARA3	True
GCST90242718	Scavenger receptor class A member 5 levels (SCARA5.10419.1.3)	SCARA5.10419.1.3	SCARA5	True
GCST90242719	Scavenger receptor class F member 2 levels (SCARF2.8956.96.3)	SCARF2.8956.96.3	SCARF2	True
GCST90242720	Scavenger receptor class F member 2 levels (SCARF2.5130.67.3)	SCARF2.5130.67.3	SCARF2	True
GCST90242721	Scavenger receptor cysteine-rich type 1 protein M130 levels (CD163.5028.59.1)	CD163.5028.59.1	CD163	True
GCST90242722	Sclerostin levels (SOST.13101.60.3)	SOST.13101.60.3	SOST	True
GCST90242723	SCP2 sterol-binding domain-containing protein 1 levels (SCP2D1.14175.78.3)	SCP2D1.14175.78.3	SCP2D1	True
GCST90242724	Secretagogin levels (SCGN.10894.25.3)	SCGN.10894.25.3	SCGN	True
GCST90242725	Secreted and transmembrane protein 1 levels (SECTM1.13093.6.3)	SECTM1.13093.6.3	SECTM1	True
GCST90242726	Secreted frizzled-related protein 1 levels (SFRP1.3221.54.1)	SFRP1.3221.54.1	SFRP1	True
GCST90242727	Secreted frizzled-related protein 2 levels (SFRP2.7751.121.3)	SFRP2.7751.121.3	SFRP2	True
GCST90242728	Secreted frizzled-related protein 3 levels (FRZB.13740.51.3)	FRZB.13740.51.3	FRZB	True
GCST90242729	Secreted frizzled-related protein 3 levels (FRZB.2841.13.2)	FRZB.2841.13.2	FRZB	True
GCST90242730	Secreted Ly-6/uPAR-related protein 1 levels (SLURP1.6401.73.3)	SLURP1.6401.73.3	SLURP1	True
GCST90242731	Secretoglobin family 1C member 1 levels (SCGB1C1.5960.49.3)	SCGB1C1.5960.49.3	SCGB1C1	True
GCST90242732	Secretoglobin family 1D member 2 levels (SCGB1D2.6508.68.3)	SCGB1D2.6508.68.3	SCGB1D2	True
GCST90242733	Secretogranin-1 levels (CHGB.8235.48.3)	CHGB.8235.48.3	CHGB	True
GCST90242734	Secretogranin-2 levels (SCG2.8377.87.4)	SCG2.8377.87.4	SCG2	True
GCST90242735	Secretogranin-3 levels (SCG3.7957.2.3)	SCG3.7957.2.3	SCG3	True
GCST90242736	Secretory carrier-associated membrane protein 5 levels (SCAMP5.13509.5.3)	SCAMP5.13509.5.3	SCAMP5	True
GCST90242737	Secretory phospholipase A2 receptor levels (PLA2R1.10916.44.3)	PLA2R1.10916.44.3	PLA2R1	True
GCST90242738	Segment polarity protein dishevelled homolog DVL-2 levels (DVL2.13575.40.3)	DVL2.13575.40.3	DVL2	True
GCST90242739	Seizure 6-like protein 2 levels (SEZ6L2.3867.49.1)	SEZ6L2.3867.49.1	SEZ6L2	True
GCST90242740	Selenide, water dikinase 1 levels (SEPHS1.14083.25.3)	SEPHS1.14083.25.3	SEPHS1	True
GCST90242741	Selenoprotein S levels (VIMP.11286.78.3)	VIMP.11286.78.3	VIMP	True
GCST90242742	Semaphorin-3A levels (SEMA3A.3222.11.2)	SEMA3A.3222.11.2	SEMA3A	True
GCST90242743	Semaphorin-3B levels (SEMA3B.5667.3.3)	SEMA3B.5667.3.3	SEMA3B	True
GCST90242744	Semaphorin-3C levels (SEMA3C.6448.36.3)	SEMA3C.6448.36.3	SEMA3C	True
GCST90242745	Semaphorin-3E levels (SEMA3E.5363.51.3)	SEMA3E.5363.51.3	SEMA3E	True
GCST90242746	Semaphorin-3G levels (SEMA3G.5628.21.3)	SEMA3G.5628.21.3	SEMA3G	True
GCST90242747	Semaphorin-4C levels (SEMA4C.7923.41.3)	SEMA4C.7923.41.3	SEMA4C	True
GCST90242748	Semaphorin-4D levels (SEMA4D.5737.61.3)	SEMA4D.5737.61.3	SEMA4D	True
GCST90242749	Semaphorin-5A levels (SEMA5A.13132.14.3)	SEMA5A.13132.14.3	SEMA5A	True
GCST90242750	Semaphorin-6A levels (SEMA6A.7945.10.3)	SEMA6A.7945.10.3	SEMA6A	True
GCST90242751	Semaphorin-6A levels (SEMA6A.5122.92.2)	SEMA6A.5122.92.2	SEMA6A	True
GCST90242752	Semaphorin-6C levels (SEMA6C.14597.5.3)	SEMA6C.14597.5.3	SEMA6C	True
GCST90242753	Semaphorin-7A levels (SEMA7A.7019.13.3)	SEMA7A.7019.13.3	SEMA7A	True
GCST90242754	Semenogelin-1 levels (SEMG1.7115.5.3)	SEMG1.7115.5.3	SEMG1	True
GCST90242755	Semenogelin-2 levels (SEMG2.6373.54.3)	SEMG2.6373.54.3	SEMG2	True
GCST90242756	Sentrin-specific protease 7 levels (SENP7.12626.6.3)	SENP7.12626.6.3	SENP7	True
GCST90242757	Sepiapterin reductase levels (SPR.9287.6.3)	SPR.9287.6.3	SPR	True
GCST90242758	Septin-10 levels (SEPT10.12690.33.3)	SEPT10.12690.33.3	SEPT10	True
GCST90242759	Serine palmitoyltransferase 1 levels (SPTLC1.7886.26.3)	SPTLC1.7886.26.3	SPTLC1	True
GCST90242760	Serine palmitoyltransferase 2 levels (SPTLC2.7267.2.3)	SPTLC2.7267.2.3	SPTLC2	True
GCST90241471	Immunoglobulin E levels (IGHE.IGK.IGL.4135.84.2)	IGHE.IGK.IGL.4135.84.2	IGHE	True
GCST90240990	E3 ISG15--protein ligase HERC5 levels (HERC5.12934.1.3)	HERC5.12934.1.3	HERC5	True
GCST90240991	E3 ubiquitin-protein ligase CBL levels (CBL.12016.60.3)	CBL.12016.60.3	CBL	True
GCST90240992	E3 ubiquitin-protein ligase CCNB1IP1 levels (CCNB1IP1.9728.4.3)	CCNB1IP1.9728.4.3	CCNB1IP1	True
GCST90240993	E3 ubiquitin-protein ligase DTX1 levels (DTX1.11430.49.3)	DTX1.11430.49.3	DTX1	True
GCST90240994	E3 ubiquitin-protein ligase DTX3L levels (DTX3L.11643.73.3)	DTX3L.11643.73.3	DTX3L	True
GCST90240995	E3 ubiquitin-protein ligase FANCL levels (FANCL.10063.10.3)	FANCL.10063.10.3	FANCL	True
GCST90240996	E3 ubiquitin-protein ligase HECW1 levels (HECW1.12669.30.3)	HECW1.12669.30.3	HECW1	True
GCST90240997	E3 ubiquitin-protein ligase Mdm2 levels (MDM2.4245.80.2)	MDM2.4245.80.2	MDM2	True
GCST90240998	E3 ubiquitin-protein ligase NEURL1 levels (NEURL1.13604.27.3)	NEURL1.13604.27.3	NEURL1	True
GCST90240999	E3 ubiquitin-protein ligase parkin levels (PARK2.13013.41.3)	PARK2.13013.41.3	PARK2	True
GCST90241000	E3 ubiquitin-protein ligase pellino homolog 2 levels (PELI2.12702.13.3)	PELI2.12702.13.3	PELI2	True
GCST90241001	E3 ubiquitin-protein ligase RBBP6 levels (RBBP6.9887.40.3)	RBBP6.9887.40.3	RBBP6	True
GCST90241002	E3 ubiquitin-protein ligase rififylin levels (RFFL.14186.13.3)	RFFL.14186.13.3	RFFL	True
GCST90241003	E3 ubiquitin-protein ligase RNF114 levels (RNF114.9957.9.3)	RNF114.9957.9.3	RNF114	True
GCST90241004	E3 ubiquitin-protein ligase RNF128 levels (RNF128.6510.56.3)	RNF128.6510.56.3	RNF128	True
GCST90241005	E3 ubiquitin-protein ligase RNF13 levels (RNF13.8087.250.3)	RNF13.8087.250.3	RNF13	True
GCST90241006	E3 ubiquitin-protein ligase RNF149 levels (RNF149.9773.15.3)	RNF149.9773.15.3	RNF149	True
GCST90241007	E3 ubiquitin-protein ligase RNF34 levels (RNF34.13386.248.3)	RNF34.13386.248.3	RNF34	True
GCST90241008	E3 ubiquitin-protein ligase RNF43 levels (RNF43.14120.2.3)	RNF43.14120.2.3	RNF43	True
GCST90241009	E3 ubiquitin-protein ligase RNF8 levels (RNF8.14663.44.3)	RNF8.14663.44.3	RNF8	True
GCST90241010	E3 ubiquitin-protein ligase ZFP91 levels (ZFP91.13651.54.3)	ZFP91.13651.54.3	ZFP91	True
GCST90241011	E3 ubiquitin-protein ligase ZNRF3 levels (ZNRF3.13428.52.3)	ZNRF3.13428.52.3	ZNRF3	True
GCST90241012	E3 ubiquitin-protein ligase ZNRF3 levels (ZNRF3.14122.132.3)	ZNRF3.14122.132.3	ZNRF3	True
GCST90241013	Early endosome antigen 1 levels (EEA1.14043.12.3)	EEA1.14043.12.3	EEA1	True
GCST90241014	Early placenta insulin-like peptide levels (INSL4.6410.26.3)	INSL4.6410.26.3	INSL4	True
GCST90241015	Ecto-ADP-ribosyltransferase 3 levels (ART3.10970.3.3)	ART3.10970.3.3	ART3	True
GCST90241016	Ecto-ADP-ribosyltransferase 3 levels (ART3.7970.315.3)	ART3.7970.315.3	ART3	True
GCST90241017	Ecto-ADP-ribosyltransferase 4 levels (ART4.6576.1.3)	ART4.6576.1.3	ART4	True
GCST90241018	Ecto-NOX disulfide-thiol exchanger 2 levels (ENOX2.13422.66.3)	ENOX2.13422.66.3	ENOX2	True
GCST90241019	Ectodysplasin-A, secreted form levels (EDA.14024.196.3)	EDA.14024.196.3	EDA	True
GCST90241020	Ectodysplasin-A, secreted form levels (EDA.2826.53.2)	EDA.2826.53.2	EDA	True
GCST90241021	Ectonucleoside triphosphate diphosphohydrolase 1 levels (ENTPD1.7999.23.3)	ENTPD1.7999.23.3	ENTPD1	True
GCST90241022	Ectonucleoside triphosphate diphosphohydrolase 1 levels (ENTPD1.3182.38.2)	ENTPD1.3182.38.2	ENTPD1	True
GCST90241023	Ectonucleoside triphosphate diphosphohydrolase 3 levels (ENTPD3.4436.1.2)	ENTPD3.4436.1.2	ENTPD3	True
GCST90241024	Ectonucleoside triphosphate diphosphohydrolase 5 levels (ENTPD5.4437.56.3)	ENTPD5.4437.56.3	ENTPD5	True
GCST90241025	Ectonucleoside triphosphate diphosphohydrolase 6 levels (ENTPD6.8932.1.3)	ENTPD6.8932.1.3	ENTPD6	True
GCST90241026	Ectonucleotide pyrophosphatase/phosphodiesterase family member 5 levels (ENPP5.6556.5.3)	ENPP5.6556.5.3	ENPP5	True
GCST90241027	Ectonucleotide pyrophosphatase/phosphodiesterase family member 7 levels (ENPP7.4435.66.2)	ENPP7.4435.66.2	ENPP7	True
GCST90241028	EF-hand calcium-binding domain-containing protein 14 levels (EFCAB14.10830.5.3)	EFCAB14.10830.5.3	EFCAB14	True
GCST90241029	EH domain-binding protein 1 levels (EHBP1.12813.18.3)	EHBP1.12813.18.3	EHBP1	True
GCST90241030	EH domain-containing protein 4 levels (EHD4.11421.10.3)	EHD4.11421.10.3	EHD4	True
GCST90241031	Elafin levels (PI3.4982.54.1)	PI3.4982.54.1	PI3	True
GCST90241032	ELAV-like protein 1 levels (ELAVL1.11592.1.3)	ELAVL1.11592.1.3	ELAVL1	True
GCST90241033	Electroneutral sodium bicarbonate exchanger 1 levels (SLC4A8.12798.46.3)	SLC4A8.12798.46.3	SLC4A8	True
GCST90241034	Elongation factor 1-beta levels (EEF1B2.5882.34.2)	EEF1B2.5882.34.2	EEF1B2	True
GCST90241035	EMI domain-containing protein 1 levels (EMID1.13021.12.3)	EMID1.13021.12.3	EMID1	True
GCST90241036	EMILIN-3 levels (EMILIN3.8773.172.3)	EMILIN3.8773.172.3	EMILIN3	True
GCST90241037	EMILIN-3 levels (EMILIN3.8964.14.3)	EMILIN3.8964.14.3	EMILIN3	True
GCST90241038	EMILIN-3 levels (EMILIN3.9991.112.3)	EMILIN3.9991.112.3	EMILIN3	True
GCST90241039	Ena/VASP-like protein levels (EVL.11656.110.3)	EVL.11656.110.3	EVL	True
GCST90241040	Endogenous retrovirus group V member 1 Env polyprotein levels (ERVV.1.12531.5.3)	ERVV.1.12531.5.3	ERVV	True
GCST90241041	Endoglin levels (ENG.4908.6.1)	ENG.4908.6.1	ENG	True
GCST90241042	Endoplasmic reticulum aminopeptidase 1 levels (ERAP1.4964.67.1)	ERAP1.4964.67.1	ERAP1	True
GCST90241043	Endoplasmic reticulum aminopeptidase 2 levels (ERAP2.8960.3.3)	ERAP2.8960.3.3	ERAP2	True
GCST90241044	Endoplasmic reticulum lectin 1 levels (ERLEC1.8957.72.3)	ERLEC1.8957.72.3	ERLEC1	True
GCST90241045	Endoplasmic reticulum mannosyl-oligosaccharide 1,2-alpha-mannosidase levels (MAN1B1.7071.23.4)	MAN1B1.7071.23.4	MAN1B1	True
GCST90241046	Endoplasmic reticulum resident protein 29 levels (ERP29.13728.19.3)	ERP29.13728.19.3	ERP29	True
GCST90241047	Endoplasmic reticulum resident protein 44 levels (ERP44.6064.4.3)	ERP44.6064.4.3	ERP44	True
GCST90241048	Endoplasmin levels (HSP90B1.6393.63.3)	HSP90B1.6393.63.3	HSP90B1	True
GCST90241049	Endostatin levels (COL18A1.2201.17.6)	COL18A1.2201.17.6	COL18A1	True
GCST90241050	Endothelial cell-selective adhesion molecule levels (ESAM.7841.84.3)	ESAM.7841.84.3	ESAM	True
GCST90241051	Endothelial cell-selective adhesion molecule levels (ESAM.2981.9.3)	ESAM.2981.9.3	ESAM	True
GCST90241052	Endothelial cell-specific molecule 1 levels (ESM1.3805.16.2)	ESM1.3805.16.2	ESM1	True
GCST90241053	Endothelial differentiation-related factor 1 levels (EDF1.12415.122.3)	EDF1.12415.122.3	EDF1	True
GCST90241054	Endothelial monocyte-activating polypeptide 2 levels (AIMP1.2714.78.2)	AIMP1.2714.78.2	AIMP1	True
GCST90241055	Endothelin-2 levels (EDN2.12574.36.3)	EDN2.12574.36.3	EDN2	True
GCST90241056	Endothelin-converting enzyme 1 levels (ECE1.3611.70.4)	ECE1.3611.70.4	ECE1	True
GCST90241057	Endothelin-converting enzyme 1 levels (ECE1.8767.44.3)	ECE1.8767.44.3	ECE1	True
GCST90241058	Engulfment and cell motility protein 1 levels (ELMO1.12764.3.3)	ELMO1.12764.3.3	ELMO1	True
GCST90241059	Enhancer of mRNA-decapping protein 4 levels (EDC4.13066.42.3)	EDC4.13066.42.3	EDC4	True
GCST90241060	Enhancer of rudimentary homolog levels (ERH.11614.29.3)	ERH.11614.29.3	ERH	True
GCST90241061	Enteropeptidase levels (TMPRSS15.3189.61.2)	TMPRSS15.3189.61.2	TMPRSS15	True
GCST90241062	Envoplakin levels (EVPL.14019.73.3)	EVPL.14019.73.3	EVPL	True
GCST90241063	Eotaxin levels (CCL11.5301.7.3)	CCL11.5301.7.3	CCL11	True
GCST90241064	EP300-interacting inhibitor of differentiation 3 levels (EID3.8079.39.3)	EID3.8079.39.3	EID3	True
GCST90241065	Ephrin type-A receptor 1 levels (EPHA1.3431.54.2)	EPHA1.3431.54.2	EPHA1	True
GCST90241066	Ephrin type-A receptor 10 levels (EPHA10.6036.78.3)	EPHA10.6036.78.3	EPHA10	True
GCST90241067	Ephrin type-A receptor 2 levels (EPHA2.4834.61.2)	EPHA2.4834.61.2	EPHA2	True
GCST90241068	Ephrin type-A receptor 5 levels (EPHA5.14089.41.3)	EPHA5.14089.41.3	EPHA5	True
GCST90241069	Ephrin type-A receptor 5 levels (EPHA5.3806.55.1)	EPHA5.3806.55.1	EPHA5	True
GCST90241070	Ephrin type-B receptor 2 levels (EPHB2.8225.86.3)	EPHB2.8225.86.3	EPHB2	True
GCST90241071	Ephrin type-B receptor 2 levels (EPHB2.5077.28.3)	EPHB2.5077.28.3	EPHB2	True
GCST90241072	Ephrin type-B receptor 2 levels (EPHB2.8348.4.3)	EPHB2.8348.4.3	EPHB2	True
GCST90241073	Ephrin type-B receptor 3 levels (EPHB3.9220.7.3)	EPHB3.9220.7.3	EPHB3	True
GCST90241074	Ephrin type-B receptor 4 levels (EPHB4.3612.6.4)	EPHB4.3612.6.4	EPHB4	True
GCST90241075	Ephrin type-B receptor 6 levels (EPHB6.5078.82.3)	EPHB6.5078.82.3	EPHB6	True
GCST90241076	Ephrin type-B receptor 6 levels (EPHB6.9261.14.3)	EPHB6.9261.14.3	EPHB6	True
GCST90241077	Ephrin-A2 levels (EFNA2.14124.6.3)	EFNA2.14124.6.3	EFNA2	True
GCST90241078	Ephrin-A3 levels (EFNA3.14153.8.3)	EFNA3.14153.8.3	EFNA3	True
GCST90241079	Ephrin-A3 levels (EFNA3.5759.10.3)	EFNA3.5759.10.3	EFNA3	True
GCST90241080	Ephrin-A4 levels (EFNA4.2614.28.2)	EFNA4.2614.28.2	EFNA4	True
GCST90241081	Ephrin-A5 levels (EFNA5.2615.60.2)	EFNA5.2615.60.2	EFNA5	True
GCST90241082	Ephrin-B1 levels (EFNB1.5746.37.3)	EFNB1.5746.37.3	EFNB1	True
GCST90241083	Ephrin-B1 levels (EFNB1.13104.32.3)	EFNB1.13104.32.3	EFNB1	True
GCST90241084	Ephrin-B2 levels (EFNB2.14131.37.3)	EFNB2.14131.37.3	EFNB2	True
GCST90241085	Ephrin-B2 levels (EFNB2.8772.5.3)	EFNB2.8772.5.3	EFNB2	True
GCST90241086	Ephrin-B3 levels (EFNB3.7785.1.3)	EFNB3.7785.1.3	EFNB3	True
GCST90241087	Ephrin-B3 levels (EFNB3.2514.65.3)	EFNB3.2514.65.3	EFNB3	True
GCST90241088	Epidermal growth factor levels (EGF.5509.7.3)	EGF.5509.7.3	EGF	True
GCST90241089	Epidermal growth factor receptor levels (EGFR.2677.1.1)	EGFR.2677.1.1	EGFR	True
GCST90241090	Epidermal growth factor receptor levels (EGFR.5328.33.37)	EGFR.5328.33.37	EGFR	True
GCST90241091	Epidermal growth factor receptor substrate 15-like 1 levels (EPS15L1.4212.5.3)	EPS15L1.4212.5.3	EPS15L1	True
GCST90241092	Epididymal secretory protein E1 levels (NPC2.6259.60.3)	NPC2.6259.60.3	NPC2	True
GCST90241093	Epididymal secretory protein E3-beta levels (EDDM3B.7782.34.3)	EDDM3B.7782.34.3	EDDM3B	True
GCST90241094	Epididymal-specific lipocalin-10 levels (LCN10.13007.66.3)	LCN10.13007.66.3	LCN10	True
GCST90241095	Epididymal-specific lipocalin-8 levels (LCN8.5643.2.3)	LCN8.5643.2.3	LCN8	True
GCST90241096	Epididymis-specific alpha-mannosidase levels (MAN2B2.9251.28.3)	MAN2B2.9251.28.3	MAN2B2	True
GCST90241097	Epiphycan levels (EPYC.9278.9.3)	EPYC.9278.9.3	EPYC	True
GCST90241098	Epiregulin levels (EREG.4956.2.1)	EREG.4956.2.1	EREG	True
GCST90241099	ER membrane protein complex subunit 1 levels (EMC1.11989.35.3)	EMC1.11989.35.3	EMC1	True
GCST90241100	ER membrane protein complex subunit 4 levels (EMC4.13516.46.3)	EMC4.13516.46.3	EMC4	True
GCST90241101	Erlin-1 levels (ERLIN1.8776.10.3)	ERLIN1.8776.10.3	ERLIN1	True
GCST90241102	ERO1-like protein alpha levels (ERO1L.7060.2.3)	ERO1L.7060.2.3	ERO1L	True
GCST90241103	ERO1-like protein beta levels (ERO1LB.7994.41.3)	ERO1LB.7994.41.3	ERO1LB	True
GCST90241104	Erythrocyte band 7 integral membrane protein levels (STOM.8261.51.3)	STOM.8261.51.3	STOM	True
GCST90241105	Erythroid membrane-associated protein levels (ERMAP.8631.13.3)	ERMAP.8631.13.3	ERMAP	True
GCST90241106	Erythropoietin levels (EPO.5813.58.3)	EPO.5813.58.3	EPO	True
GCST90241107	Erythropoietin receptor levels (EPOR.2715.25.2)	EPOR.2715.25.2	EPOR	True
GCST90241108	ES1 protein homolog, mitochondrial levels (C21orf33.5981.6.3)	C21orf33.5981.6.3	C21orf33	True
GCST90241109	Essential MCU regulator, mitochondrial levels (SMDT1.9497.3.3)	SMDT1.9497.3.3	SMDT1	True
GCST90241110	Estradiol 17-beta-dehydrogenase 1 levels (HSD17B1.4708.3.2)	HSD17B1.4708.3.2	HSD17B1	True
GCST90241111	Estradiol 17-beta-dehydrogenase 2 levels (HSD17B2.8979.1.3)	HSD17B2.8979.1.3	HSD17B2	True
GCST90241112	Estrogen receptor levels (ESR1.2945.25.1)	ESR1.2945.25.1	ESR1	True
GCST90241113	Estrogen sulfotransferase levels (SULT1E1.9878.3.3)	SULT1E1.9878.3.3	SULT1E1	True
GCST90241114	Ethanolamine kinase 1 levels (ETNK1.8328.9.3)	ETNK1.8328.9.3	ETNK1	True
GCST90241115	ETS domain-containing protein Elk-1 levels (ELK1.10006.25.3)	ELK1.10006.25.3	ELK1	True
GCST90241116	ETS domain-containing protein Elk-3 levels (ELK3.5707.55.3)	ELK3.5707.55.3	ELK3	True
GCST90241117	ETS homologous factor levels (EHF.13387.55.3)	EHF.13387.55.3	EHF	True
GCST90241118	ETS-related transcription factor Elf-5 levels (ELF5.13457.33.3)	ELF5.13457.33.3	ELF5	True
GCST90241119	Eukaryotic initiation factor 4A-III levels (EIF4A3.4997.19.1)	EIF4A3.4997.19.1	EIF4A3	True
GCST90241120	Eukaryotic translation initiation factor 1A, X-chromosomal levels (EIF1AX.9850.38.3)	EIF1AX.9850.38.3	EIF1AX	True
GCST90241121	Eukaryotic translation initiation factor 3 subunit G levels (EIF3G.11454.87.3)	EIF3G.11454.87.3	EIF3G	True
GCST90241122	Eukaryotic translation initiation factor 3 subunit J levels (EIF3J.13497.34.3)	EIF3J.13497.34.3	EIF3J	True
GCST90241123	Eukaryotic translation initiation factor 4 gamma 3 levels (EIF4G3.13991.47.3)	EIF4G3.13991.47.3	EIF4G3	True
GCST90241124	Eukaryotic translation initiation factor 4B levels (EIF4B.14675.20.3)	EIF4B.14675.20.3	EIF4B	True
GCST90241125	Eukaryotic translation initiation factor 4E type 2 levels (EIF4E2.9745.20.3)	EIF4E2.9745.20.3	EIF4E2	True
GCST90241126	Eukaryotic translation initiation factor 4E-binding protein 2 levels (EIF4EBP2.4184.43.3)	EIF4EBP2.4184.43.3	EIF4EBP2	True
GCST90241127	Eukaryotic translation initiation factor 5 levels (EIF5.2612.5.2)	EIF5.2612.5.2	EIF5	True
GCST90241128	Eukaryotic translation initiation factor 5A-1 levels (EIF5A.5888.29.3)	EIF5A.5888.29.3	EIF5A	True
GCST90241129	Exosome complex component CSL4 levels (EXOSC1.7930.3.3)	EXOSC1.7930.3.3	EXOSC1	True
GCST90241130	Exosome complex component RRP40 levels (EXOSC3.12605.1.3)	EXOSC3.12605.1.3	EXOSC3	True
GCST90241131	Exostosin-like 2 levels (EXTL2.6528.95.3)	EXTL2.6528.95.3	EXTL2	True
GCST90241132	Extracellular sulfatase Sulf-2 levels (SULF2.8305.18.3)	SULF2.8305.18.3	SULF2	True
GCST90241133	Extracellular superoxide dismutase [Cu-Zn] levels (SOD3.8463.2.3)	SOD3.8463.2.3	SOD3	True
GCST90241134	Ezrin levels (EZR.9753.17.3)	EZR.9753.17.3	EZR	True
GCST90241135	F-box only protein 3 levels (FBXO3.14628.72.3)	FBXO3.14628.72.3	FBXO3	True
GCST90241136	F-box/LRR-repeat protein 4 levels (FBXL4.11416.23.3)	FBXL4.11416.23.3	FBXL4	True
GCST90241137	F-box/LRR-repeat protein 4 levels (FBXL4.9951.36.3)	FBXL4.9951.36.3	FBXL4	True
GCST90241138	F-box/LRR-repeat protein 4 levels (FBXL4.9921.14.3)	FBXL4.9921.14.3	FBXL4	True
GCST90241139	F-box/LRR-repeat protein 5 levels (FBXL5.12846.3.3)	FBXL5.12846.3.3	FBXL5	True
GCST90241140	FACT complex subunit SSRP1 levels (SSRP1.5032.64.1)	SSRP1.5032.64.1	SSRP1	True
GCST90241141	Fas apoptotic inhibitory molecule 3 levels (FAIM3.6574.11.3)	FAIM3.6574.11.3	FAIM3	True
GCST90241142	FAS-associated factor 2 levels (FAF2.6956.37.3)	FAF2.6956.37.3	FAF2	True
GCST90241143	FAS-associated factor 2 levels (FAF2.9738.7.3)	FAF2.9738.7.3	FAF2	True
GCST90241144	Fatty acid hydroxylase domain-containing protein 2 levels (FAXDC2.9074.6.3)	FAXDC2.9074.6.3	FAXDC2	True
GCST90241145	Fatty acid-binding protein, adipocyte levels (FABP4.9851.9.3)	FABP4.9851.9.3	FABP4	True
GCST90241146	Fatty acid-binding protein, epidermal levels (FABP5.4985.11.1)	FABP5.4985.11.1	FABP5	True
GCST90241147	Fatty acid-binding protein, heart levels (FABP3.4696.2.2)	FABP3.4696.2.2	FABP3	True
GCST90241148	Fatty acid-binding protein, liver levels (FABP1.11516.7.3)	FABP1.11516.7.3	FABP1	True
GCST90241149	Fatty-acid amide hydrolase 2 levels (FAAH2.8396.42.3)	FAAH2.8396.42.3	FAAH2	True
GCST90241150	Fc receptor-like protein 1 levels (FCRL1.5728.60.3)	FCRL1.5728.60.3	FCRL1	True
GCST90241151	Fc receptor-like protein 2 levels (FCRL2.7951.146.3)	FCRL2.7951.146.3	FCRL2	True
GCST90241152	Fc receptor-like protein 3 levels (FCRL3.4440.15.2)	FCRL3.4440.15.2	FCRL3	True
GCST90241153	Fc receptor-like protein 4 levels (FCRL4.8973.23.3)	FCRL4.8973.23.3	FCRL4	True
GCST90241154	Fc receptor-like protein 5 levels (FCRL5.6103.70.3)	FCRL5.6103.70.3	FCRL5	True
GCST90241155	Fc receptor-like protein 6 levels (FCRL6.6617.12.3)	FCRL6.6617.12.3	FCRL6	True
GCST90241156	Feline leukemia virus subgroup C receptor-related protein 1 levels (FLVCR1.9073.35.3)	FLVCR1.9073.35.3	FLVCR1	True
GCST90241157	Ferritin levels (FTH1.FTL.3031.66.1)	FTH1.FTL.3031.66.1	FTH1	True
GCST90241158	Ferritin levels (FTH1.FTL.5934.1.3)	FTH1.FTL.5934.1.3	FTH1	True
GCST90241159	Fetal and adult testis-expressed transcript protein levels (FATE1.7740.33.3)	FATE1.7740.33.3	FATE1	True
GCST90241160	Fibrinogen C domain-containing protein 1 levels (FIBCD1.9378.6.3)	FIBCD1.9378.6.3	FIBCD1	True
GCST90241161	Fibroblast growth factor 1 levels (FGF1.3486.58.2)	FGF1.3486.58.2	FGF1	True
GCST90241162	Fibroblast growth factor 10 levels (FGF10.2441.2.4)	FGF10.2441.2.4	FGF10	True
GCST90241163	Fibroblast growth factor 16 levels (FGF16.13725.3.3)	FGF16.13725.3.3	FGF16	True
GCST90241164	Fibroblast growth factor 16 levels (FGF16.4393.3.1)	FGF16.4393.3.1	FGF16	True
GCST90241165	Fibroblast growth factor 19 levels (FGF19.2762.30.2)	FGF19.2762.30.2	FGF19	True
GCST90241166	Fibroblast growth factor 20 levels (FGF20.2763.66.2)	FGF20.2763.66.2	FGF20	True
GCST90241167	Fibroblast growth factor 23 levels (FGF23.3807.1.2)	FGF23.3807.1.2	FGF23	True
GCST90241168	Fibroblast growth factor 4 levels (FGF4.4123.60.2)	FGF4.4123.60.2	FGF4	True
GCST90241169	Fibroblast growth factor 5 levels (FGF5.3065.65.1)	FGF5.3065.65.1	FGF5	True
GCST90241170	Fibroblast growth factor 6 levels (FGF6.4130.71.1)	FGF6.4130.71.1	FGF6	True
GCST90241171	Fibroblast growth factor 7 levels (FGF7.14031.18.3)	FGF7.14031.18.3	FGF7	True
GCST90241172	Fibroblast growth factor 7 levels (FGF7.4487.1.1)	FGF7.4487.1.1	FGF7	True
GCST90241173	Fibroblast growth factor 8 isoform A levels (FGF8.4394.71.2)	FGF8.4394.71.2	FGF8	True
GCST90241174	Fibroblast growth factor 8 isoform B levels (FGF8.2443.10.4)	FGF8.2443.10.4	FGF8	True
GCST90241175	Fibroblast growth factor 9 levels (FGF9.2764.20.2)	FGF9.2764.20.2	FGF9	True
GCST90241176	Fibroblast growth factor receptor 2 levels (FGFR2.3808.76.2)	FGFR2.3808.76.2	FGFR2	True
GCST90241177	Fibroblast growth factor receptor 3 levels (FGFR3.13669.6.3)	FGFR3.13669.6.3	FGFR3	True
GCST90241178	Fibroblast growth factor receptor 3 levels (FGFR3.3809.1.2)	FGFR3.3809.1.2	FGFR3	True
GCST90241179	Fibroblast growth factor receptor 4 levels (FGFR4.4988.49.2)	FGFR4.4988.49.2	FGFR4	True
GCST90241180	Fibronectin levels (FN1.3435.53.2)	FN1.3435.53.2	FN1	True
GCST90241181	Fibronectin type III domain-containing protein 4 levels (FNDC4.13451.2.3)	FNDC4.13451.2.3	FNDC4	True
GCST90241182	Fibronectin type III domain-containing protein 5 levels (FNDC5.8041.5.3)	FNDC5.8041.5.3	FNDC5	True
GCST90241183	Fibulin-1 levels (FBLN1.6470.19.3)	FBLN1.6470.19.3	FBLN1	True
GCST90241184	Ficolin-1 levels (FCN1.3613.62.5)	FCN1.3613.62.5	FCN1	True
GCST90241185	Ficolin-2 levels (FCN2.3313.21.2)	FCN2.3313.21.2	FCN2	True
GCST90241186	Filamin-A levels (FLNA.11124.9.3)	FLNA.11124.9.3	FLNA	True
GCST90241187	Filamin-A levels (FLNA.11170.9.3)	FLNA.11170.9.3	FLNA	True
GCST90241188	Filamin-A levels (FLNA.12906.137.3)	FLNA.12906.137.3	FLNA	True
GCST90241189	Filamin-A levels (FLNA.11108.16.3)	FLNA.11108.16.3	FLNA	True
GCST90241190	Flap endonuclease 1 levels (FEN1.12577.100.3)	FEN1.12577.100.3	FEN1	True
GCST90241191	Fms-related tyrosine kinase 3 ligand levels (FLT3LG.14093.10.3)	FLT3LG.14093.10.3	FLT3LG	True
GCST90241192	Fms-related tyrosine kinase 3 ligand levels (FLT3LG.3053.49.2)	FLT3LG.3053.49.2	FLT3LG	True
GCST90241193	Follicle stimulating hormone levels (CGA.FSHB.3032.11.2)	CGA.FSHB.3032.11.2	CGA	True
GCST90241194	Follistatin levels (FST.4132.27.2)	FST.4132.27.2	FST	True
GCST90241195	Follistatin-related protein 1 levels (FSTL1.13112.179.3)	FSTL1.13112.179.3	FSTL1	True
GCST90241196	Follistatin-related protein 1 levels (FSTL1.9304.27.3)	FSTL1.9304.27.3	FSTL1	True
GCST90241197	Follistatin-related protein 3 levels (FSTL3.3438.10.2)	FSTL3.3438.10.2	FSTL3	True
GCST90241198	Follistatin-related protein 4 levels (FSTL4.9350.3.3)	FSTL4.9350.3.3	FSTL4	True
GCST90241199	Follistatin-related protein 5 levels (FSTL5.7099.33.3)	FSTL5.7099.33.3	FSTL5	True
GCST90241200	Forkhead box protein C2 levels (FOXC2.14051.54.3)	FOXC2.14051.54.3	FOXC2	True
GCST90241201	Forkhead box protein J2 levels (FOXJ2.14204.55.3)	FOXJ2.14204.55.3	FOXJ2	True
GCST90241202	Forkhead box protein L2 levels (FOXL2.11375.49.3)	FOXL2.11375.49.3	FOXL2	True
GCST90241203	Four-jointed box protein 1 levels (FJX1.7921.65.3)	FJX1.7921.65.3	FJX1	True
GCST90241204	Fractalkine levels (CX3CL1.2827.23.2)	CX3CL1.2827.23.2	CX3CL1	True
GCST90241205	Fragile X mental retardation syndrome-related protein 1 levels (FXR1.13076.4.3)	FXR1.13076.4.3	FXR1	True
GCST90241206	Fructose-1,6-bisphosphatase 1 levels (FBP1.7206.20.3)	FBP1.7206.20.3	FBP1	True
GCST90241207	Fructose-1,6-bisphosphatase isozyme 2 levels (FBP2.9867.23.3)	FBP2.9867.23.3	FBP2	True
GCST90241208	Fructose-2,6-bisphosphatase TIGAR levels (TIGAR.12476.50.3)	TIGAR.12476.50.3	TIGAR	True
GCST90241209	Fructose-bisphosphate aldolase A levels (ALDOA.5864.10.3)	ALDOA.5864.10.3	ALDOA	True
GCST90241210	Fructose-bisphosphate aldolase C levels (ALDOC.9876.20.3)	ALDOC.9876.20.3	ALDOC	True
GCST90241211	Fumarylacetoacetase levels (FAH.11424.4.3)	FAH.11424.4.3	FAH	True
GCST90241212	Furin levels (FURIN.6276.16.3)	FURIN.6276.16.3	FURIN	True
GCST90241213	G-protein coupled receptor 26 levels (GPR26.13540.1.3)	GPR26.13540.1.3	GPR26	True
GCST90241214	G0/G1 switch protein 2 levels (G0S2.8931.124.3)	G0S2.8931.124.3	G0S2	True
GCST90241215	G2/mitotic-specific cyclin-B1 levels (CCNB1.5347.59.3)	CCNB1.5347.59.3	CCNB1	True
GCST90241216	Galactoside 3(4)-L-fucosyltransferase levels (FUT3.4548.4.2)	4	4	True
GCST90241217	Galactosylgalactosylxylosylprotein 3-beta-glucuronosyltransferase 3 levels (B3GAT3.6897.38.3)	B3GAT3.6897.38.3	B3GAT3	True
GCST90241218	Galanin peptides levels (GAL.13389.8.3)	GAL.13389.8.3	GAL	True
GCST90241219	Galanin-like peptide levels (GALP.9398.30.3)	GALP.9398.30.3	GALP	True
GCST90241220	Galectin-1 levels (LGALS1.8046.9.3)	LGALS1.8046.9.3	LGALS1	True
GCST90241221	Galectin-10 levels (CLC.11094.104.3)	CLC.11094.104.3	CLC	True
GCST90241222	Galectin-2 levels (LGALS2.3033.57.1)	LGALS2.3033.57.1	LGALS2	True
GCST90241223	Galectin-4 levels (LGALS4.2982.82.2)	LGALS4.2982.82.2	LGALS4	True
GCST90241224	Galectin-7 levels (LGALS7.9196.8.3)	LGALS7.9196.8.3	LGALS7	True
GCST90241225	Galectin-7 levels (LGALS7.9400.40.3)	LGALS7.9400.40.3	LGALS7	True
GCST90241226	Galectin-8 levels (LGALS8.4909.68.1)	LGALS8.4909.68.1	LGALS8	True
GCST90241227	Galectin-9 levels (LGALS9.9197.4.3)	LGALS9.9197.4.3	LGALS9	True
GCST90241228	Gamma-aminobutyric acid receptor-associated protein-like 1 levels (GABARAPL1.12661.44.3)	GABARAPL1.12661.44.3	GABARAPL1	True
GCST90241229	Gamma-aminobutyric acid receptor-associated protein-like 2 levels (GABARAPL2.12494.99.3)	GABARAPL2.12494.99.3	GABARAPL2	True
GCST90241230	Gamma-aminobutyric acid type B receptor subunit 2 levels (GABBR2.13948.50.3)	GABBR2.13948.50.3	GABBR2	True
GCST90241231	Gamma-aminobutyric acid type B receptor subunit 2 levels (GABBR2.9930.48.3)	GABBR2.9930.48.3	GABBR2	True
GCST90241232	Gamma-crystallin D levels (CRYGD.12366.16.3)	CRYGD.12366.16.3	CRYGD	True
GCST90241233	Gamma-enolase levels (ENO2.11083.23.3)	ENO2.11083.23.3	ENO2	True
GCST90241234	Gamma-enolase levels (ENO2.10339.48.3)	ENO2.10339.48.3	ENO2	True
GCST90241235	Gamma-glutamyl hydrolase levels (GGH.9370.69.3)	GGH.9370.69.3	GGH	True
GCST90241236	Gamma-interferon-inducible protein 16 levels (IFI16.12893.159.3)	IFI16.12893.159.3	IFI16	True
GCST90241237	Gamma-interferon-inducible protein 16 levels (IFI16.13940.19.3)	IFI16.13940.19.3	IFI16	True
GCST90241238	Gap junction alpha-1 protein levels (GJA1.9937.7.3)	GJA1.9937.7.3	GJA1	True
GCST90241239	Gap junction alpha-8 protein levels (GJA8.12711.19.3)	GJA8.12711.19.3	GJA8	True
GCST90241240	Gap junction delta-2 protein levels (GJD2.11678.105.3)	GJD2.11678.105.3	GJD2	True
GCST90241241	Gastric triacylglycerol lipase levels (LIPF.9353.8.3)	LIPF.9353.8.3	LIPF	True
GCST90241242	Gastrin-releasing peptide levels (GRP.8339.72.3)	GRP.8339.72.3	GRP	True
GCST90241243	Gastrin-releasing peptide levels (GRP.5897.58.3)	GRP.5897.58.3	GRP	True
GCST90241244	Gastrin-releasing peptide levels (GRP.8400.74.3)	GRP.8400.74.3	GRP	True
GCST90241245	GDH/6PGL endoplasmic bifunctional protein levels (H6PD.7161.25.3)	H6PD.7161.25.3	H6PD	True
GCST90241246	GDNF family receptor alpha-1 levels (GFRA1.3314.74.2)	GFRA1.3314.74.2	GFRA1	True
GCST90241247	GDNF family receptor alpha-2 levels (GFRA2.2515.14.3)	GFRA2.2515.14.3	GFRA2	True
GCST90241248	GDNF family receptor alpha-3 levels (GFRA3.2505.49.3)	GFRA3.2505.49.3	GFRA3	True
GCST90241249	GDNF family receptor alpha-like levels (GFRAL.6920.1.3)	GFRAL.6920.1.3	GFRAL	True
GCST90241250	GDP-fucose protein O-fucosyltransferase 1 levels (POFUT1.5634.39.3)	POFUT1.5634.39.3	POFUT1	True
GCST90241251	GDP-fucose protein O-fucosyltransferase 2 levels (POFUT2.6042.52.3)	POFUT2.6042.52.3	POFUT2	True
GCST90242817	Signal transducer and activator of transcription 1-alpha/beta levels (STAT1.10370.21.3)	STAT1.10370.21.3	STAT1	True
GCST90242818	Signal transducer and activator of transcription 3 levels (STAT3.10346.5.3)	STAT3.10346.5.3	STAT3	True
GCST90242819	Signal transducer and activator of transcription 6 levels (STAT6.10372.18.3)	STAT6.10372.18.3	STAT6	True
GCST90242820	Signal-regulatory protein beta-1 levels (SIRPB1.6247.9.3)	SIRPB1.6247.9.3	SIRPB1	True
GCST90242821	Signal-regulatory protein beta-2 levels (SIRPB2.5669.26.3)	SIRPB2.5669.26.3	SIRPB2	True
GCST90242822	Signal-regulatory protein gamma levels (SIRPG.9241.40.3)	SIRPG.9241.40.3	SIRPG	True
GCST90242823	Signal-transducing adaptor protein 1 levels (STAP1.12510.3.3)	STAP1.12510.3.3	STAP1	True
GCST90242761	Serine protease HTRA2, mitochondrial levels (HTRA2.3317.33.1)	HTRA2.3317.33.1	HTRA2	True
GCST90242762	Serine protease inhibitor Kazal-type 13 levels (SPINK13.10624.45.3)	SPINK13.10624.45.3	SPINK13	True
GCST90242763	Serine protease inhibitor Kazal-type 2 levels (SPINK2.13405.61.3)	SPINK2.13405.61.3	SPINK2	True
GCST90242764	Serine protease inhibitor Kazal-type 5 levels (SPINK5.8028.22.3)	SPINK5.8028.22.3	SPINK5	True
GCST90242765	Serine protease inhibitor Kazal-type 6 levels (SPINK6.5731.1.3)	SPINK6.5731.1.3	SPINK6	True
GCST90242766	Serine protease inhibitor Kazal-type 8 levels (SPINK8.7962.11.3)	SPINK8.7962.11.3	SPINK8	True
GCST90242767	Serine protease inhibitor Kazal-type 9 levels (SPINK9.8042.88.3)	SPINK9.8042.88.3	SPINK9	True
GCST90242768	Serine--tRNA ligase, mitochondrial levels (SARS2.12348.46.3)	SARS2.12348.46.3	SARS2	True
GCST90242769	Serine-rich single-pass membrane protein 1 levels (SSMEM1.8298.8.3)	SSMEM1.8298.8.3	SSMEM1	True
GCST90242770	Serine/arginine-rich splicing factor 6 levels (SRSF6.11573.3.3)	SRSF6.11573.3.3	SRSF6	True
GCST90242771	Serine/arginine-rich splicing factor 7 levels (SRSF7.12987.12.3)	SRSF7.12987.12.3	SRSF7	True
GCST90242772	Serine/threonine-protein kinase 16 levels (STK16.3471.49.1)	STK16.3471.49.1	STK16	True
GCST90242773	Serine/threonine-protein kinase 17B levels (STK17B.5249.31.3)	STK17B.5249.31.3	STK17B	True
GCST90242774	Serine/threonine-protein kinase BRSK2 levels (BRSK2.9790.28.3)	BRSK2.9790.28.3	BRSK2	True
GCST90242775	Serine/threonine-protein kinase Chk1 levels (CHEK1.2853.68.2)	CHEK1.2853.68.2	CHEK1	True
GCST90242776	Serine/threonine-protein kinase DCLK3 levels (DCLK3.7826.1.3)	DCLK3.7826.1.3	DCLK3	True
GCST90242777	Serine/threonine-protein kinase MRCK alpha levels (CDC42BPA.12706.2.3)	CDC42BPA.12706.2.3	CDC42BPA	True
GCST90242778	Serine/threonine-protein kinase MRCK beta levels (CDC42BPB.3629.60.4)	CDC42BPB.3629.60.4	CDC42BPB	True
GCST90242779	Serine/threonine-protein kinase PAK 3 levels (PAK3.3387.1.2)	PAK3.3387.1.2	PAK3	True
GCST90242780	Serine/threonine-protein kinase PAK 4 levels (PAK4.13719.19.3)	PAK4.13719.19.3	PAK4	True
GCST90242781	Serine/threonine-protein kinase PAK 7 levels (PAK7.3388.58.2)	PAK7.3388.58.2	PAK7	True
GCST90242782	Serine/threonine-protein kinase pim-1 levels (PIM1.5359.65.3)	PIM1.5359.65.3	PIM1	True
GCST90242783	Serine/threonine-protein kinase PLK1 levels (PLK1.3394.81.2)	PLK1.3394.81.2	PLK1	True
GCST90242784	Serine/threonine-protein kinase receptor R3 levels (ACVRL1.2969.11.1)	ACVRL1.2969.11.1	ACVRL1	True
GCST90242785	Serine/threonine-protein kinase TBK1 levels (TBK1.3400.49.2)	TBK1.3400.49.2	TBK1	True
GCST90242786	Serine/threonine-protein kinase ULK3 levels (ULK3.12437.18.3)	ULK3.12437.18.3	ULK3	True
GCST90242787	Serine/threonine-protein kinase VRK1 levels (VRK1.12553.5.3)	VRK1.12553.5.3	VRK1	True
GCST90242788	Serine/threonine-protein kinase WNK3 levels (WNK3.5493.17.3)	WNK3.5493.17.3	WNK3	True
GCST90242789	Serine/threonine-protein phosphatase 2A 65 kDa regulatory subunit A alpha isoform levels (PPP2R1A.12621.55.3)	PPP2R1A.12621.55.3	PPP2R1A	True
GCST90242790	Serine/threonine-protein phosphatase 2A regulatory subunit B'' subunit alpha levels (PPP2R3A.13665.35.3)	PPP2R3A.13665.35.3	PPP2R3A	True
GCST90242791	Serotransferrin levels (TF.4162.54.2)	TF.4162.54.2	TF	True
GCST90242792	Serpin A12 levels (SERPINA12.6551.94.3)	SERPINA12.6551.94.3	SERPINA12	True
GCST90242793	Serpin A9 levels (SERPINA9.7266.4.3)	SERPINA9.7266.4.3	SERPINA9	True
GCST90242794	Serpin I2 levels (SERPINI2.7117.21.3)	SERPINI2.7117.21.3	SERPINI2	True
GCST90242795	Serum amyloid A-1 protein levels (SAA1.4336.2.1)	SAA1.4336.2.1	SAA1	True
GCST90242796	Serum amyloid P-component levels (APCS.2474.54.5)	APCS.2474.54.5	APCS	True
GCST90242797	Set1/Ash2 histone methyltransferase complex subunit ASH2 levels (ASH2L.12832.10.3)	ASH2L.12832.10.3	ASH2L	True
GCST90242798	SH2 domain-containing protein 1A levels (SH2D1A.4567.82.2)	SH2D1A.4567.82.2	SH2D1A	True
GCST90242799	SH3 domain-binding protein 2 levels (SH3BP2.7769.29.3)	SH3BP2.7769.29.3	SH3BP2	True
GCST90242800	SHC-transforming protein 1 levels (SHC1.5272.55.2)	SHC1.5272.55.2	SHC1	True
GCST90242801	SHC-transforming protein 2 levels (SHC2.14074.2.3)	SHC2.14074.2.3	SHC2	True
GCST90242802	SHC-transforming protein 4 levels (SHC4.11692.21.3)	SHC4.11692.21.3	SHC4	True
GCST90242803	Sia-alpha-2,3-Gal-beta-1,4-GlcNAc-R:alpha 2,8-sialyltransferase levels (ST8SIA3.6929.10.3)	ST8SIA3.6929.10.3	ST8SIA3	True
GCST90242804	Sialate O-acetylesterase levels (SIAE.9263.57.3)	SIAE.9263.57.3	SIAE	True
GCST90242805	Sialic acid-binding Ig-like lectin 10 levels (SIGLEC10.6048.4.3)	SIGLEC10.6048.4.3	SIGLEC10	True
GCST90242806	Sialic acid-binding Ig-like lectin 11 levels (SIGLEC11.8913.22.3)	SIGLEC11.8913.22.3	SIGLEC11	True
GCST90242807	Sialic acid-binding Ig-like lectin 12 levels (SIGLEC12.8352.26.3)	SIGLEC12.8352.26.3	SIGLEC12	True
GCST90242808	Sialic acid-binding Ig-like lectin 12 levels (SIGLEC12.10037.98.3)	SIGLEC12.10037.98.3	SIGLEC12	True
GCST90242809	Sialic acid-binding Ig-like lectin 14 levels (SIGLEC14.8248.222.3)	SIGLEC14.8248.222.3	SIGLEC14	True
GCST90242810	Sialic acid-binding Ig-like lectin 14 levels (SIGLEC14.5125.6.3)	SIGLEC14.5125.6.3	SIGLEC14	True
GCST90242811	Sialic acid-binding Ig-like lectin 7 levels (SIGLEC7.2742.68.2)	SIGLEC7.2742.68.2	SIGLEC7	True
GCST90242812	Sialic acid-binding Ig-like lectin 8 levels (SIGLEC8.7864.3.3)	SIGLEC8.7864.3.3	SIGLEC8	True
GCST90242813	Sialic acid-binding Ig-like lectin 9 levels (SIGLEC9.3007.7.2)	SIGLEC9.3007.7.2	SIGLEC9	True
GCST90242814	Signal peptidase complex catalytic subunit SEC11C levels (SEC11C.10658.28.3)	SEC11C.10658.28.3	SEC11C	True
GCST90242815	Signal peptide, CUB and EGF-like domain-containing protein 1 levels (SCUBE1.8989.40.3)	SCUBE1.8989.40.3	SCUBE1	True
GCST90242816	Signal transducer and activator of transcription 1-alpha/beta levels (STAT1.12351.25.3)	STAT1.12351.25.3	STAT1	True
GCST90242824	Signaling lymphocytic activation molecule levels (SLAMF1.7953.20.3)	SLAMF1.7953.20.3	SLAMF1	True
GCST90242825	Signaling threshold-regulating transmembrane adapter 1 levels (SIT1.11194.6.3)	SIT1.11194.6.3	SIT1	True
GCST90242826	Single Ig IL-1-related receptor levels (SIGIRR.8326.63.3)	SIGIRR.8326.63.3	SIGIRR	True
GCST90242827	Single-pass membrane and coiled-coil domain-containing protein 2 levels (SMCO2.7925.18.3)	SMCO2.7925.18.3	SMCO2	True
GCST90242828	Ski-like protein levels (SKIL.14670.1.3)	SKIL.14670.1.3	SKIL	True
GCST90242829	SLAM family member 5 levels (CD84.8770.136.3)	CD84.8770.136.3	CD84	True
GCST90241252	GDP-L-fucose synthase levels (TSTA3.12657.2.3)	TSTA3.12657.2.3	TSTA3	True
GCST90241253	General transcription factor II-I levels (GTF2I.13609.11.3)	GTF2I.13609.11.3	GTF2I	True
GCST90241254	GH3 domain-containing protein levels (GHDC.9730.22.3)	GHDC.9730.22.3	GHDC	True
GCST90241255	Gigaxonin levels (GAN.10054.3.3)	GAN.10054.3.3	GAN	True
GCST90241256	Glia maturation factor gamma levels (GMFG.13062.4.3)	GMFG.13062.4.3	GMFG	True
GCST90241257	Glia-derived nexin levels (SERPINE2.3217.74.2)	SERPINE2.3217.74.2	SERPINE2	True
GCST90241258	Glial cell line-derived neurotrophic factor levels (GDNF.5822.22.3)	GDNF.5822.22.3	GDNF	True
GCST90241259	Glial fibrillary acidic protein levels (GFAP.3034.1.2)	GFAP.3034.1.2	GFAP	True
GCST90241260	Glioma pathogenesis-related protein 1 levels (GLIPR1.9265.10.3)	GLIPR1.9265.10.3	GLIPR1	True
GCST90241261	Glucagon levels (GCG.4891.50.1)	GCG.4891.50.1	GCG	True
GCST90241262	Glucagon-like peptide 1 receptor levels (GLP1R.13085.18.3)	GLP1R.13085.18.3	GLP1R	True
GCST90241263	Glucocorticoid modulatory element-binding protein 2 levels (GMEB2.12804.5.3)	GMEB2.12804.5.3	GMEB2	True
GCST90241264	Glucocorticoid receptor levels (NR3C1.2857.70.2)	NR3C1.2857.70.2	NR3C1	True
GCST90241265	Glucokinase levels (GCK.12960.9.3)	GCK.12960.9.3	GCK	True
GCST90241266	Glucokinase regulatory protein levels (GCKR.5223.59.3)	GCKR.5223.59.3	GCKR	True
GCST90241267	Glucosamine 6-phosphate N-acetyltransferase levels (GNPNAT1.13954.9.3)	GNPNAT1.13954.9.3	GNPNAT1	True
GCST90241268	Glucosamine-6-phosphate isomerase 1 levels (GNPDA1.8909.77.3)	GNPDA1.8909.77.3	GNPDA1	True
GCST90241269	Glucose-6-phosphate isomerase levels (GPI.4272.46.2)	GPI.4272.46.2	GPI	True
GCST90241270	Glucosidase 2 subunit beta levels (PRKCSH.5687.5.3)	PRKCSH.5687.5.3	PRKCSH	True
GCST90241271	Glucoside xylosyltransferase 1 levels (GXYLT1.8229.1.3)	GXYLT1.8229.1.3	GXYLT1	True
GCST90241272	Glutamate carboxypeptidase 2 levels (FOLH1.3218.8.2)	FOLH1.3218.8.2	FOLH1	True
GCST90241273	Glutamate carboxypeptidase 2 levels (FOLH1.5478.50.2)	FOLH1.5478.50.2	FOLH1	True
GCST90241274	Glutamate receptor 4 levels (GRIA4.10760.107.3)	GRIA4.10760.107.3	GRIA4	True
GCST90241275	Glutamate receptor ionotropic, delta-2 levels (GRID2.12758.47.3)	GRID2.12758.47.3	GRID2	True
GCST90241276	Glutaminyl-peptide cyclotransferase levels (QPCT.7849.3.3)	QPCT.7849.3.3	QPCT	True
GCST90241277	Glutaminyl-peptide cyclotransferase-like protein levels (QPCTL.8866.53.3)	QPCTL.8866.53.3	QPCTL	True
GCST90241278	Glutaredoxin-2, mitochondrial levels (GLRX2.12486.8.3)	GLRX2.12486.8.3	GLRX2	True
GCST90241279	Glutaredoxin-like protein C5orf63 levels (C5orf63.13378.80.3)	C5orf63.13378.80.3	C5orf63	True
GCST90241280	Glutathione peroxidase 7 levels (GPX7.8345.27.3)	GPX7.8345.27.3	GPX7	True
GCST90241281	Glutathione S-transferase A1 levels (GSTA1.12446.49.3)	GSTA1.12446.49.3	GSTA1	True
GCST90241282	Glutathione S-transferase A3 levels (GSTA3.4993.16.1)	GSTA3.4993.16.1	GSTA3	True
GCST90241283	Glutathione S-transferase A4 levels (GSTA4.14645.253.3)	GSTA4.14645.253.3	GSTA4	True
GCST90241284	Glutathione S-transferase kappa 1 levels (GSTK1.13474.40.3)	GSTK1.13474.40.3	GSTK1	True
GCST90241285	Glutathione S-transferase Mu 1 levels (GSTM1.7239.9.3)	GSTM1.7239.9.3	GSTM1	True
GCST90241286	Glutathione S-transferase omega-1 levels (GSTO1.12436.84.3)	GSTO1.12436.84.3	GSTO1	True
GCST90241287	Glutathione S-transferase P levels (GSTP1.4911.49.2)	GSTP1.4911.49.2	GSTP1	True
GCST90241288	Glutathione S-transferase P levels (GSTP1.13576.15.3)	GSTP1.13576.15.3	GSTP1	True
GCST90241289	Glutathione S-transferase theta-2B levels (GSTT2B.11273.176.3)	GSTT2B.11273.176.3	GSTT2B	True
GCST90241290	Glyceraldehyde-3-phosphate dehydrogenase, testis-specific levels (GAPDHS.8004.15.3)	GAPDHS.8004.15.3	GAPDHS	True
GCST90241291	Glycerol-3-phosphate dehydrogenase 1-like protein levels (GPD1L.12420.10.3)	GPD1L.12420.10.3	GPD1L	True
GCST90241292	Glycerophosphocholine phosphodiesterase GPCPD1 levels (GPCPD1.12786.61.3)	GPCPD1.12786.61.3	GPCPD1	True
GCST90241293	Glycine N-methyltransferase levels (GNMT.14006.36.3)	GNMT.14006.36.3	GNMT	True
GCST90241294	Glycogen phosphorylase, liver form levels (PYGL.11441.11.3)	PYGL.11441.11.3	PYGL	True
GCST90241295	Glycolipid transfer protein levels (GLTP.12513.8.3)	GLTP.12513.8.3	GLTP	True
GCST90241296	Glycolipid transfer protein domain-containing protein 2 levels (GLTPD2.7948.129.3)	GLTPD2.7948.129.3	GLTPD2	True
GCST90241297	Glycophorin-A levels (GYPA.9389.12.3)	GYPA.9389.12.3	GYPA	True
GCST90241298	Glycoprotein endo-alpha-1,2-mannosidase levels (MANEA.8014.359.3)	MANEA.8014.359.3	MANEA	True
GCST90241299	Glycoprotein hormone alpha-2 levels (GPHA2.6395.58.3)	GPHA2.6395.58.3	GPHA2	True
GCST90241300	Glycoprotein hormones alpha chain levels (CGA.14056.4.3)	CGA.14056.4.3	CGA	True
GCST90241301	Glycoprotein hormones alpha chain levels (CGA.TSHB.3521.16.2)	CGA.TSHB.3521.16.2	CGA	True
GCST90241302	Glycoprotein Xg levels (XG.8044.90.3)	XG.8044.90.3	XG	True
GCST90241303	Glycosaminoglycan xylosylkinase levels (FAM20B.7198.197.3)	FAM20B.7198.197.3	FAM20B	True
GCST90241304	Glycosyltransferase 8 domain-containing protein 1 levels (GLT8D1.8955.60.3)	GLT8D1.8955.60.3	GLT8D1	True
GCST90241305	Glycosyltransferase-like protein LARGE1 levels (LARGE.7935.26.3)	LARGE.7935.26.3	LARGE	True
GCST90241306	Glycylpeptide N-tetradecanoyltransferase 1 levels (NMT1.5196.7.3)	NMT1.5196.7.3	NMT1	True
GCST90241307	Glypican-1 levels (GPC1.8697.38.3)	GPC1.8697.38.3	GPC1	True
GCST90241308	Glypican-3 levels (GPC3.4842.62.2)	GPC3.4842.62.2	GPC3	True
GCST90241309	Glypican-5 levels (GPC5.4991.12.1)	GPC5.4991.12.1	GPC5	True
GCST90241310	Glypican-6 levels (GPC6.5350.14.2)	GPC6.5350.14.2	GPC6	True
GCST90241311	Golgi membrane protein 1 levels (GOLM1.8983.7.3)	GOLM1.8983.7.3	GOLM1	True
GCST90241312	Golgi membrane protein 1 levels (GOLM1.8798.29.3)	GOLM1.8798.29.3	GOLM1	True
GCST90241313	Golgi SNAP receptor complex member 1 levels (GOSR1.7805.52.3)	GOSR1.7805.52.3	GOSR1	True
GCST90241314	GRAM domain-containing protein 1C levels (GRAMD1C.8842.16.3)	GRAMD1C.8842.16.3	GRAMD1C	True
GCST90241315	GRAM domain-containing protein 1C levels (GRAMD1C.8336.267.3)	GRAMD1C.8336.267.3	GRAMD1C	True
GCST90241316	Grancalcin levels (GCA.12594.5.3)	GCA.12594.5.3	GCA	True
GCST90241317	Granulins levels (GRN.4992.49.1)	GRN.4992.49.1	GRN	True
GCST90241318	Granulocyte colony-stimulating factor levels (CSF3.8952.65.3)	CSF3.8952.65.3	CSF3	True
GCST90241319	Granulocyte colony-stimulating factor receptor levels (CSF3R.2719.3.4)	CSF3R.2719.3.4	CSF3R	True
GCST90241320	Granulocyte-macrophage colony-stimulating factor levels (CSF2.4697.59.2)	CSF2.4697.59.2	CSF2	True
GCST90241321	Granulocyte-macrophage colony-stimulating factor receptor subunit alpha levels (CSF2RA.10438.19.3)	CSF2RA.10438.19.3	CSF2RA	True
GCST90241322	Granulysin levels (GNLY.3195.50.2)	GNLY.3195.50.2	GNLY	True
GCST90241323	Granzyme A levels (GZMA.3440.7.2)	GZMA.3440.7.2	GZMA	True
GCST90241324	Granzyme B levels (GZMB.4133.54.2)	GZMB.4133.54.2	GZMB	True
GCST90241325	Granzyme B levels (GZMB.14041.13.3)	GZMB.14041.13.3	GZMB	True
GCST90241326	Granzyme H levels (GZMH.3373.5.2)	GZMH.3373.5.2	GZMH	True
GCST90241327	Granzyme K levels (GZMK.9545.156.3)	GZMK.9545.156.3	GZMK	True
GCST90241328	Granzyme M levels (GZMM.5704.74.3)	GZMM.5704.74.3	GZMM	True
GCST90241329	GRB2-related adapter protein levels (GRAP.12820.1.3)	GRAP.12820.1.3	GRAP	True
GCST90241330	GRB2-related adapter protein 2 levels (GRAP2.5265.12.3)	GRAP2.5265.12.3	GRAP2	True
GCST90241331	Gremlin-1 levels (GREM1.4449.67.3)	GREM1.4449.67.3	GREM1	True
GCST90241332	Gremlin-2 levels (GREM2.5598.3.3)	GREM2.5598.3.3	GREM2	True
GCST90241333	Gro-beta/gamma levels (CXCL3.CXCL2.3148.49.1)	CXCL3.CXCL2.3148.49.1	CXCL3	True
GCST90241334	Gro-beta/gamma levels (CXCL3.CXCL2.2986.49.2)	CXCL3.CXCL2.2986.49.2	CXCL3	True
GCST90241335	Group 10 secretory phospholipase A2 levels (PLA2G10.2949.6.2)	PLA2G10.2949.6.2	PLA2G10	True
GCST90241336	Group IIE secretory phospholipase A2 levels (PLA2G2E.13670.81.3)	PLA2G2E.13670.81.3	PLA2G2E	True
GCST90241337	Group IIE secretory phospholipase A2 levels (PLA2G2E.2447.7.4)	PLA2G2E.2447.7.4	PLA2G2E	True
GCST90241338	Group XIIB secretory phospholipase A2-like protein levels (PLA2G12B.9380.2.3)	PLA2G12B.9380.2.3	PLA2G12B	True
GCST90241339	Growth arrest and DNA damage-inducible proteins-interacting protein 1 levels (GADD45GIP1.9302.90.3)	GADD45GIP1.9302.90.3	GADD45GIP1	True
GCST90241340	Growth arrest-specific protein 1 levels (GAS1.5463.22.3)	GAS1.5463.22.3	GAS1	True
GCST90241341	Growth factor receptor-bound protein 14 levels (GRB14.13628.58.3)	GRB14.13628.58.3	GRB14	True
GCST90241342	Growth factor receptor-bound protein 2 levels (GRB2.5464.52.3)	GRB2.5464.52.3	GRB2	True
GCST90241343	Growth factor receptor-bound protein 7 levels (GRB7.11281.6.3)	GRB7.11281.6.3	GRB7	True
GCST90241344	Growth hormone receptor levels (GHR.2948.58.2)	GHR.2948.58.2	GHR	True
GCST90241345	Growth-regulated alpha protein levels (CXCL1.2985.35.1)	CXCL1.2985.35.1	CXCL1	True
GCST90241346	Growth/differentiation factor 11 levels (GDF11.12060.28.3)	GDF11.12060.28.3	GDF11	True
GCST90241347	Growth/differentiation factor 11 levels (GDF11.14582.57.3)	GDF11.14582.57.3	GDF11	True
GCST90241348	Growth/differentiation factor 11 levels (GDF11.14495.161.3)	GDF11.14495.161.3	GDF11	True
GCST90241349	Growth/differentiation factor 11 levels (GDF11.14587.16.3)	GDF11.14587.16.3	GDF11	True
GCST90241350	Growth/differentiation factor 11/8 levels (GDF11.MSTN.2765.4.3)	GDF11.MSTN.2765.4.3	GDF11	True
GCST90241351	Growth/differentiation factor 15 levels (GDF15.4374.45.2)	GDF15.4374.45.2	GDF15	True
GCST90241352	Growth/differentiation factor 5 levels (GDF5.2752.62.2)	GDF5.2752.62.2	GDF5	True
GCST90241353	Growth/differentiation factor 8 levels (MSTN.12077.32.3)	MSTN.12077.32.3	MSTN	True
GCST90241354	Growth/differentiation factor 8 levels (MSTN.14583.49.3)	MSTN.14583.49.3	MSTN	True
GCST90241355	Growth/differentiation factor 9 levels (GDF9.3067.67.1)	GDF9.3067.67.1	GDF9	True
GCST90241356	GrpE protein homolog 1, mitochondrial levels (GRPEL1.7113.1.3)	GRPEL1.7113.1.3	GRPEL1	True
GCST90241357	GSK3-beta interaction protein levels (GSKIP.12849.25.3)	GSKIP.12849.25.3	GSKIP	True
GCST90241358	GTP cyclohydrolase 1 levels (GCH1.11185.145.3)	GCH1.11185.145.3	GCH1	True
GCST90241359	GTP-binding protein Di-Ras3 levels (DIRAS3.12406.119.3)	DIRAS3.12406.119.3	DIRAS3	True
GCST90241360	GTP-binding protein GEM levels (GEM.12817.1.3)	GEM.12817.1.3	GEM	True
GCST90241361	GTPase KRas levels (KRAS.5193.51.3)	KRAS.5193.51.3	KRAS	True
GCST90241362	Guanine deaminase levels (GDA.12667.2.3)	GDA.12667.2.3	GDA	True
GCST90241363	Guanine nucleotide exchange factor DBS levels (MCF2L.13934.3.3)	MCF2L.13934.3.3	MCF2L	True
GCST90241364	Guanine nucleotide exchange factor VAV3 levels (VAV3.9830.109.3)	VAV3.9830.109.3	VAV3	True
GCST90241365	Guanine nucleotide-binding protein G(I)/G(S)/G(O) subunit gamma-T2 levels (GNGT2.10917.40.3)	I	I	True
GCST90241366	Guanine nucleotide-binding protein G(k) subunit alpha levels (GNAI3.12650.43.3)	k	k	True
GCST90241367	Guanylate cyclase activator 2B levels (GUCA2B.6223.5.3)	GUCA2B.6223.5.3	GUCA2B	True
GCST90241368	Guanylate-binding protein 6 levels (GBP6.7818.101.3)	GBP6.7818.101.3	GBP6	True
GCST90242830	SLAM family member 5 levels (CD84.3642.4.1)	CD84.3642.4.1	CD84	True
GCST90242831	SLAM family member 6 levels (SLAMF6.5128.53.3)	SLAMF6.5128.53.3	SLAMF6	True
GCST90242832	SLAM family member 7 levels (SLAMF7.5487.7.3)	SLAMF7.5487.7.3	SLAMF7	True
GCST90242833	SLAM family member 7 levels (SLAMF7.7882.31.3)	SLAMF7.7882.31.3	SLAMF7	True
GCST90242834	SLAM family member 8 levels (SLAMF8.8994.65.3)	SLAMF8.8994.65.3	SLAMF8	True
GCST90242835	SLIT and NTRK-like protein 1 levels (SLITRK1.3643.90.2)	SLITRK1.3643.90.2	SLITRK1	True
GCST90242836	SLIT and NTRK-like protein 3 levels (SLITRK3.10565.19.3)	SLITRK3.10565.19.3	SLITRK3	True
GCST90242837	SLIT and NTRK-like protein 4 levels (SLITRK4.7139.14.3)	SLITRK4.7139.14.3	SLITRK4	True
GCST90242838	SLIT and NTRK-like protein 5 levels (SLITRK5.4568.17.2)	SLITRK5.4568.17.2	SLITRK5	True
GCST90242839	Small conductance calcium-activated potassium channel protein 1 levels (KCNN1.13539.131.3)	KCNN1.13539.131.3	KCNN1	True
GCST90242840	Small EDRK-rich factor 1 levels (SERF1A.7842.52.3)	SERF1A.7842.52.3	SERF1A	True
GCST90242841	Small glutamine-rich tetratricopeptide repeat-containing protein alpha levels (SGTA.3868.8.1)	SGTA.3868.8.1	SGTA	True
GCST90242842	Small integral membrane protein 10 levels (SMIM10.9379.248.3)	SMIM10.9379.248.3	SMIM10	True
GCST90242843	Small integral membrane protein 9 levels (SMIM9.8888.33.3)	SMIM9.8888.33.3	SMIM9	True
GCST90242844	Small ubiquitin-related modifier 3 levels (SUMO3.14623.26.3)	SUMO3.14623.26.3	SUMO3	True
GCST90242845	Small ubiquitin-related modifier 3 levels (SUMO3.9169.14.3)	SUMO3.9169.14.3	SUMO3	True
GCST90242846	SNARE-associated protein Snapin levels (SNAPIN.6975.52.3)	SNAPIN.6975.52.3	SNAPIN	True
GCST90242847	Sodium channel subunit beta-2 levels (SCN2B.8353.15.3)	SCN2B.8353.15.3	SCN2B	True
GCST90242848	Sodium- and chloride-dependent glycine transporter 1 levels (SLC6A9.11653.69.3)	SLC6A9.11653.69.3	SLC6A9	True
GCST90242849	Sodium- and chloride-dependent neutral and basic amino acid transporter B(0+) levels (SLC6A14.13053.6.3)	0+	0+	True
GCST90242850	Sodium-coupled monocarboxylate transporter 1 levels (SLC5A8.13691.10.3)	SLC5A8.13691.10.3	SLC5A8	True
GCST90242851	Sodium-independent sulfate anion transporter levels (SLC26A11.13502.2.3)	SLC26A11.13502.2.3	SLC26A11	True
GCST90242852	Sodium/iodide cotransporter levels (SLC5A5.12826.5.3)	SLC5A5.12826.5.3	SLC5A5	True
GCST90242853	Sodium/potassium-transporting ATPase subunit alpha-1 levels (ATP1A1.11993.227.3)	ATP1A1.11993.227.3	ATP1A1	True
GCST90242854	Sodium/potassium-transporting ATPase subunit beta-2 levels (ATP1B2.7218.87.3)	ATP1B2.7218.87.3	ATP1B2	True
GCST90242855	Soluble calcium-activated nucleotidase 1 levels (CANT1.6480.1.3)	CANT1.6480.1.3	CANT1	True
GCST90242856	Solute carrier family 22 member 16 levels (SLC22A16.9969.8.3)	SLC22A16.9969.8.3	SLC22A16	True
GCST90242857	Solute carrier family 35 member G2 levels (SLC35G2.13501.10.3)	SLC35G2.13501.10.3	SLC35G2	True
GCST90242858	Solute carrier family 41 member 2 levels (SLC41A2.12511.83.3)	SLC41A2.12511.83.3	SLC41A2	True
GCST90242859	Solute carrier organic anion transporter family member 5A1 levels (SLCO5A1.11669.39.3)	SLCO5A1.11669.39.3	SLCO5A1	True
GCST90242860	Somatostatin-28 levels (SST.5957.30.3)	SST.5957.30.3	SST	True
GCST90242861	Somatotropin levels (GH1.8462.18.3)	GH1.8462.18.3	GH1	True
GCST90242862	Sortilin levels (SORT1.11300.32.3)	SORT1.11300.32.3	SORT1	True
GCST90242863	Sorting nexin-1 levels (SNX1.8807.13.3)	SNX1.8807.13.3	SNX1	True
GCST90242864	Sorting nexin-17 levels (SNX17.12845.18.3)	SNX17.12845.18.3	SNX17	True
GCST90242865	Sorting nexin-4 levels (SNX4.3903.49.2)	SNX4.3903.49.2	SNX4	True
GCST90242866	Sorting nexin-7 levels (SNX7.14245.195.3)	SNX7.14245.195.3	SNX7	True
GCST90242867	Sorting nexin-8 levels (SNX8.6925.26.3)	SNX8.6925.26.3	SNX8	True
GCST90242868	SPARC levels (SPARC.3043.49.2)	SPARC.3043.49.2	SPARC	True
GCST90242869	SPARC levels (SPARC.14110.200.3)	SPARC.14110.200.3	SPARC	True
GCST90242870	SPARC-like protein 1 levels (SPARCL1.4467.49.2)	SPARCL1.4467.49.2	SPARCL1	True
GCST90242871	SPARC-like protein 1 levels (SPARCL1.13707.27.3)	SPARCL1.13707.27.3	SPARCL1	True
GCST90242872	SPARC-related modular calcium-binding protein 1 levels (SMOC1.13118.5.3)	SMOC1.13118.5.3	SMOC1	True
GCST90242873	Spastin levels (SPAST.8388.24.3)	SPAST.8388.24.3	SPAST	True
GCST90242874	Speckle-type POZ protein levels (SPOP.13727.44.3)	SPOP.13727.44.3	SPOP	True
GCST90242875	Spectrin alpha chain, non-erythrocytic 1 levels (SPTAN1.5031.10.1)	SPTAN1.5031.10.1	SPTAN1	True
GCST90242876	Sperm acrosome membrane-associated protein 3 levels (SPACA3.8076.4.3)	SPACA3.8076.4.3	SPACA3	True
GCST90242877	Sperm-associated antigen 11A levels (SPAG11A.5726.49.3)	SPAG11A.5726.49.3	SPAG11A	True
GCST90242878	Sperm-associated antigen 11B levels (SPAG11B.5762.35.3)	SPAG11B.5762.35.3	SPAG11B	True
GCST90242879	Spermatogenesis-associated protein 20 levels (SPATA20.11117.2.3)	SPATA20.11117.2.3	SPATA20	True
GCST90242880	Spermatogenesis-associated protein 9 levels (SPATA9.7809.22.3)	SPATA9.7809.22.3	SPATA9	True
GCST90242881	Sphingosine kinase 2 levels (SPHK2.4468.21.2)	SPHK2.4468.21.2	SPHK2	True
GCST90242882	Spliceosome RNA helicase DDX39B levels (DDX39B.9742.59.3)	DDX39B.9742.59.3	DDX39B	True
GCST90242883	Splicing factor 1 levels (SF1.12777.11.3)	SF1.12777.11.3	SF1	True
GCST90242884	Splicing factor 3B subunit 4 levels (SF3B4.13449.25.3)	SF3B4.13449.25.3	SF3B4	True
GCST90242885	Splicing factor U2AF 65 kDa subunit levels (U2AF2.13577.25.3)	U2AF2.13577.25.3	U2AF2	True
GCST90242886	Spondin-1 levels (SPON1.4297.62.3)	SPON1.4297.62.3	SPON1	True
GCST90242887	Sprouty-related, EVH1 domain-containing protein 1 levels (SPRED1.8318.13.3)	SPRED1.8318.13.3	SPRED1	True
GCST90242888	SPRY domain-containing SOCS box protein 1 levels (SPSB1.13942.140.3)	SPSB1.13942.140.3	SPSB1	True
GCST90242889	Stabilin-1 levels (STAB1.14599.18.3)	STAB1.14599.18.3	STAB1	True
GCST90242890	Stabilin-2 levels (STAB2.3399.31.2)	STAB2.3399.31.2	STAB2	True
GCST90242891	Stanniocalcin-1 levels (STC1.4930.21.1)	STC1.4930.21.1	STC1	True
GCST90242892	Stanniocalcin-2 levels (STC2.6231.46.3)	STC2.6231.46.3	STC2	True
GCST90242893	Stathmin-2 levels (STMN2.10900.272.3)	STMN2.10900.272.3	STMN2	True
GCST90242894	Stathmin-3 levels (STMN3.8019.73.3)	STMN3.8019.73.3	STMN3	True
GCST90242895	Stathmin-4 levels (STMN4.6267.51.3)	STMN4.6267.51.3	STMN4	True
GCST90242896	Stem Cell Growth Factor-beta levels (CLEC11A.2966.65.2)	CLEC11A.2966.65.2	CLEC11A	True
GCST90242897	Steroidogenic acute regulatory protein, mitochondrial levels (STAR.10085.25.3)	STAR.10085.25.3	STAR	True
GCST90242898	Sterol-4-alpha-carboxylate 3-dehydrogenase, decarboxylating levels (NSDHL.8038.41.3)	NSDHL.8038.41.3	NSDHL	True
GCST90242899	Stress-induced-phosphoprotein 1 levels (STIP1.5489.18.3)	STIP1.5489.18.3	STIP1	True
GCST90242900	Stromal cell-derived factor 1 levels (CXCL12.3516.60.2)	CXCL12.3516.60.2	CXCL12	True
GCST90242901	Stromal cell-derived factor 1 levels (CXCL12.2330.2.1)	CXCL12.2330.2.1	CXCL12	True
GCST90242902	Stromal cell-derived factor 2-like protein 1 levels (SDF2L1.6990.44.3)	SDF2L1.6990.44.3	SDF2L1	True
GCST90242903	Stromal interaction molecule 1 levels (STIM1.9271.101.3)	STIM1.9271.101.3	STIM1	True
GCST90242904	Stromal membrane-associated protein 1 levels (SMAP1.11649.3.3)	SMAP1.11649.3.3	SMAP1	True
GCST90242905	Stromelysin-2 levels (MMP10.8479.4.3)	MMP10.8479.4.3	MMP10	True
GCST90242906	Stromelysin-2 levels (MMP10.3743.1.2)	MMP10.3743.1.2	MMP10	True
GCST90242907	Structural maintenance of chromosomes protein 3 levels (SMC3.14324.52.3)	SMC3.14324.52.3	SMC3	True
GCST90242908	Submaxillary gland androgen-regulated protein 3A levels (SMR3A.7838.27.3)	SMR3A.7838.27.3	SMR3A	True
GCST90242909	Submaxillary gland androgen-regulated protein 3B levels (SMR3B.8595.75.3)	SMR3B.8595.75.3	SMR3B	True
GCST90242910	Succinate dehydrogenase assembly factor 2, mitochondrial levels (SDHAF2.6420.4.3)	SDHAF2.6420.4.3	SDHAF2	True
GCST90242911	Sulfatase-modifying factor 1 levels (SUMF1.6941.11.3)	SUMF1.6941.11.3	SUMF1	True
GCST90242912	Sulfhydryl oxidase 1 levels (QSOX1.6217.23.3)	QSOX1.6217.23.3	QSOX1	True
GCST90242913	Sulfhydryl oxidase 1 levels (QSOX1.6070.11.3)	QSOX1.6070.11.3	QSOX1	True
GCST90242914	Sulfhydryl oxidase 2 levels (QSOX2.8397.147.3)	QSOX2.8397.147.3	QSOX2	True
GCST90242915	Sulfiredoxin-1 levels (SRXN1.14268.4.3)	SRXN1.14268.4.3	SRXN1	True
GCST90242916	Sulfotransferase 4A1 levels (SULT4A1.8357.43.3)	SULT4A1.8357.43.3	SULT4A1	True
GCST90242917	SUMO-conjugating enzyme UBC9 levels (UBE2I.2877.3.1)	UBE2I.2877.3.1	UBE2I	True
GCST90242918	SUN domain-containing protein 3 levels (SUN3.8852.10.3)	SUN3.8852.10.3	SUN3	True
GCST90242919	SUN domain-containing protein 5 levels (SUN5.11260.47.3)	SUN5.11260.47.3	SUN5	True
GCST90242920	Superoxide dismutase [Mn], mitochondrial levels (SOD2.5008.51.1)	SOD2.5008.51.1	SOD2	True
GCST90242921	Suppressor of cytokine signaling 3 levels (SOCS3.11440.58.3)	SOCS3.11440.58.3	SOCS3	True
GCST90242922	Suppressor of cytokine signaling 7 levels (SOCS7.11657.86.3)	SOCS7.11657.86.3	SOCS7	True
GCST90242923	Suprabasin levels (SBSN.5724.58.3)	SBSN.5724.58.3	SBSN	True
GCST90242924	Surfeit locus protein 1 levels (SURF1.8009.121.3)	SURF1.8009.121.3	SURF1	True
GCST90242925	Sushi domain-containing protein 1 levels (SUSD1.9582.93.3)	SUSD1.9582.93.3	SUSD1	True
GCST90242926	Sushi domain-containing protein 2 levels (SUSD2.10021.1.3)	SUSD2.10021.1.3	SUSD2	True
GCST90242927	Sushi domain-containing protein 3 levels (SUSD3.5752.63.3)	SUSD3.5752.63.3	SUSD3	True
GCST90242928	Sushi, von Willebrand factor type A, EGF and pentraxin domain-containing protein 1 levels (SVEP1.11178.21.3)	SVEP1.11178.21.3	SVEP1	True
GCST90242929	Sushi, von Willebrand factor type A, EGF and pentraxin domain-containing protein 1 levels (SVEP1.11109.56.3)	SVEP1.11109.56.3	SVEP1	True
GCST90242930	SWI/SNF-related matrix-associated actin-dependent regulator of chromatin subfamily E member 1-related levels (HMG20B.11551.16.3)	HMG20B.11551.16.3	HMG20B	True
GCST90242931	Switch-associated protein 70 levels (SWAP70.13552.7.3)	SWAP70.13552.7.3	SWAP70	True
GCST90242932	Synaptic vesicle glycoprotein 2A levels (SV2A.12880.1.3)	SV2A.12880.1.3	SV2A	True
GCST90242933	Synaptosomal-associated protein 25 levels (SNAP25.13105.7.3)	SNAP25.13105.7.3	SNAP25	True
GCST90242934	Synaptosomal-associated protein 29 levels (SNAP29.12357.41.3)	SNAP29.12357.41.3	SNAP29	True
GCST90242935	Synaptotagmin-11 levels (SYT11.7089.42.3)	SYT11.7089.42.3	SYT11	True
GCST90242936	Synaptotagmin-17 levels (SYT17.9110.2.3)	SYT17.9110.2.3	SYT17	True
GCST90242937	Synaptotagmin-2 levels (SYT2.9577.26.3)	SYT2.9577.26.3	SYT2	True
GCST90242938	Synaptotagmin-3 levels (SYT3.10452.24.3)	SYT3.10452.24.3	SYT3	True
GCST90242939	Synaptotagmin-5 levels (SYT5.9099.19.3)	SYT5.9099.19.3	SYT5	True
GCST90242940	Synaptotagmin-7 levels (SYT7.7121.2.3)	SYT7.7121.2.3	SYT7	True
GCST90242941	Synaptotagmin-8 levels (SYT8.7932.23.3)	SYT8.7932.23.3	SYT8	True
GCST90242942	Synaptotagmin-like protein 1 levels (SYTL1.12892.10.3)	SYTL1.12892.10.3	SYTL1	True
GCST90242943	Synaptotagmin-like protein 4 levels (SYTL4.11563.51.3)	SYTL4.11563.51.3	SYTL4	True
GCST90242944	Syntaxin-10 levels (STX10.12842.43.3)	STX10.12842.43.3	STX10	True
GCST90242945	Syntaxin-18 levels (STX18.9037.1.3)	STX18.9037.1.3	STX18	True
GCST90241369	Guanylyl cyclase-activating protein 1 levels (GUCA1A.10008.43.3)	GUCA1A.10008.43.3	GUCA1A	True
GCST90241370	Haloacid dehalogenase-like hydrolase domain-containing protein 2 levels (HDHD2.13472.35.3)	HDHD2.13472.35.3	HDHD2	True
GCST90241371	Haptoglobin levels (HP.3054.3.2)	HP.3054.3.2	HP	True
GCST90241372	Heat shock 70 kDa protein 1-like levels (HSPA1L.12041.33.3)	HSPA1L.12041.33.3	HSPA1L	True
GCST90241373	Heat shock 70 kDa protein 6 levels (HSPA6.13672.3.3)	HSPA6.13672.3.3	HSPA6	True
GCST90241374	Heat shock protein HSP 90-alpha/beta levels (HSP90AA1.HSP90AB1.2626.3.2)	HSP90AA1.HSP90AB1.2626.3.2	HSP90AA1	True
GCST90241375	Heat shock protein HSP 90-beta levels (HSP90AB1.5467.15.3)	HSP90AB1.5467.15.3	HSP90AB1	True
GCST90241376	Hematopoietic progenitor cell antigen CD34 levels (CD34.9023.9.3)	CD34.9023.9.3	CD34	True
GCST90241377	Hematopoietic progenitor cell antigen CD34 levels (CD34.11285.8.3)	CD34.11285.8.3	CD34	True
GCST90241378	Hematopoietic prostaglandin D synthase levels (HPGDS.12549.33.3)	HPGDS.12549.33.3	HPGDS	True
GCST90241379	Heme oxygenase 2 levels (HMOX2.2622.18.1)	HMOX2.2622.18.1	HMOX2	True
GCST90241380	HemK methyltransferase family member 2 levels (N6AMT1.11096.57.3)	N6AMT1.11096.57.3	N6AMT1	True
GCST90241381	Hemoglobin subunit gamma-1 levels (HBG1.10665.30.3)	HBG1.10665.30.3	HBG1	True
GCST90241382	Hemoglobin subunit theta-1 levels (HBQ1.7965.25.3)	HBQ1.7965.25.3	HBQ1	True
GCST90241383	Hemoglobin subunit zeta levels (HBZ.6919.3.3)	HBZ.6919.3.3	HBZ	True
GCST90241384	Hemojuvelin levels (HFE2.3332.57.1)	HFE2.3332.57.1	HFE2	True
GCST90241385	HEPACAM family member 2 levels (HEPACAM2.6568.18.3)	HEPACAM2.6568.18.3	HEPACAM2	True
GCST90241386	HEPACAM family member 2 levels (HEPACAM2.9116.28.3)	HEPACAM2.9116.28.3	HEPACAM2	True
GCST90241387	Heparan sulfate glucosamine 3-O-sulfotransferase 3A1 levels (HS3ST3A1.8268.98.3)	HS3ST3A1.8268.98.3	HS3ST3A1	True
GCST90241388	Heparan sulfate glucosamine 3-O-sulfotransferase 3B1 levels (HS3ST3B1.6986.17.3)	HS3ST3B1.6986.17.3	HS3ST3B1	True
GCST90241389	Heparan sulfate glucosamine 3-O-sulfotransferase 4 levels (HS3ST4.8998.15.3)	HS3ST4.8998.15.3	HS3ST4	True
GCST90241390	Heparan-sulfate 6-O-sulfotransferase 1 levels (HS6ST1.5465.32.3)	HS6ST1.5465.32.3	HS6ST1	True
GCST90241391	Heparan-sulfate 6-O-sulfotransferase 2 levels (HS6ST2.13524.25.3)	HS6ST2.13524.25.3	HS6ST2	True
GCST90241392	Heparin-binding EGF-like growth factor levels (HBEGF.14094.29.3)	HBEGF.14094.29.3	HBEGF	True
GCST90241393	Heparin-binding EGF-like growth factor levels (HBEGF.4134.4.2)	HBEGF.4134.4.2	HBEGF	True
GCST90241394	Hepatitis A virus cellular receptor 1 levels (HAVCR1.9021.1.3)	HAVCR1.9021.1.3	HAVCR1	True
GCST90241395	Hepatitis A virus cellular receptor 2 levels (HAVCR2.5134.52.2)	HAVCR2.5134.52.2	HAVCR2	True
GCST90241396	Hepatitis A virus cellular receptor 2 levels (HAVCR2.7152.5.3)	HAVCR2.7152.5.3	HAVCR2	True
GCST90241397	Hepatocyte growth factor levels (HGF.2681.23.2)	HGF.2681.23.2	HGF	True
GCST90241398	Hepatocyte growth factor receptor levels (MET.2837.3.2)	MET.2837.3.2	MET	True
GCST90241399	Hepatocyte growth factor-regulated tyrosine kinase substrate levels (HGS.13644.30.3)	HGS.13644.30.3	HGS	True
GCST90241400	Hepatocyte nuclear factor 1-alpha levels (HNF1A.11193.27.3)	HNF1A.11193.27.3	HNF1A	True
GCST90241401	Hepatocyte nuclear factor 4-alpha levels (HNF4A.10041.3.3)	HNF4A.10041.3.3	HNF4A	True
GCST90241402	Hepatoma-derived growth factor-related protein 2 levels (HDGFRP2.4553.65.3)	HDGFRP2.4553.65.3	HDGFRP2	True
GCST90241403	Hepcidin levels (HAMP.3504.58.2)	HAMP.3504.58.2	HAMP	True
GCST90241404	Hephaestin-like protein 1 levels (HEPHL1.6354.13.3)	HEPHL1.6354.13.3	HEPHL1	True
GCST90241405	HERV-H LTR-associating protein 2 levels (HHLA2.14132.21.3)	HHLA2.14132.21.3	HHLA2	True
GCST90241406	Heterogeneous nuclear ribonucleoprotein A/B levels (HNRNPAB.4450.26.2)	HNRNPAB.4450.26.2	HNRNPAB	True
GCST90241407	Heterogeneous nuclear ribonucleoprotein A/B levels (HNRNPAB.8894.80.3)	HNRNPAB.8894.80.3	HNRNPAB	True
GCST90241408	Heterogeneous nuclear ribonucleoprotein D-like levels (HNRNPDL.10852.114.3)	HNRNPDL.10852.114.3	HNRNPDL	True
GCST90241409	Heterogeneous nuclear ribonucleoprotein K levels (HNRNPK.4994.178.1)	HNRNPK.4994.178.1	HNRNPK	True
GCST90241410	Heterogeneous nuclear ribonucleoprotein M levels (HNRNPM.12783.29.3)	HNRNPM.12783.29.3	HNRNPM	True
GCST90241411	Heterogeneous nuclear ribonucleoprotein Q levels (SYNCRIP.4224.7.2)	SYNCRIP.4224.7.2	SYNCRIP	True
GCST90241412	Heterogeneous nuclear ribonucleoproteins A2/B1 levels (HNRNPA2B1.5351.52.3)	HNRNPA2B1.5351.52.3	HNRNPA2B1	True
GCST90241413	Heterogeneous nuclear ribonucleoproteins C1/C2 levels (HNRNPC.11429.80.3)	HNRNPC.11429.80.3	HNRNPC	True
GCST90241414	Hexokinase-1 levels (HK1.13131.5.3)	HK1.13131.5.3	HK1	True
GCST90241415	Hexokinase-2 levels (HK2.13130.150.3)	HK2.13130.150.3	HK2	True
GCST90241416	High affinity cAMP-specific 3',5'-cyclic phosphodiesterase 7A levels (PDE7A.5178.5.3)	PDE7A.5178.5.3	PDE7A	True
GCST90241417	High affinity cGMP-specific 3',5'-cyclic phosphodiesterase 9A levels (PDE9A.5201.50.4)	PDE9A.5201.50.4	PDE9A	True
GCST90241418	High affinity immunoglobulin alpha and immunoglobulin mu Fc receptor levels (FCAMR.9568.289.3)	FCAMR.9568.289.3	FCAMR	True
GCST90241419	High affinity immunoglobulin gamma Fc receptor I levels (FCGR1A.3312.64.1)	FCGR1A.3312.64.1	FCGR1A	True
GCST90241420	High affinity nerve growth factor receptor levels (NTRK1.3477.63.2)	NTRK1.3477.63.2	NTRK1	True
GCST90241421	High mobility group protein 20A levels (HMG20A.12712.9.3)	HMG20A.12712.9.3	HMG20A	True
GCST90241422	High mobility group protein B1 levels (HMGB1.2524.56.3)	HMGB1.2524.56.3	HMGB1	True
GCST90241423	High mobility group protein B2 levels (HMGB2.6913.189.3)	HMGB2.6913.189.3	HMGB2	True
GCST90241424	High mobility group protein B3 levels (HMGB3.12775.6.3)	HMGB3.12775.6.3	HMGB3	True
GCST90241425	Histatin-1 levels (HTN1.10608.9.3)	HTN1.10608.9.3	HTN1	True
GCST90241426	Histidine triad nucleotide-binding protein 1 levels (HINT1.5900.11.2)	HINT1.5900.11.2	HINT1	True
GCST90241427	Histidine triad nucleotide-binding protein 2, mitochondrial levels (HINT2.5612.16.3)	HINT2.5612.16.3	HINT2	True
GCST90241428	Histo-blood group ABO system transferase levels (ABO.9253.52.3)	ABO.9253.52.3	ABO	True
GCST90241429	Histone acetyltransferase KAT6A levels (KAT6A.2865.77.2)	KAT6A.2865.77.2	KAT6A	True
GCST90241430	Histone acetyltransferase type B catalytic subunit levels (HAT1.2858.29.2)	HAT1.2858.29.2	HAT1	True
GCST90241431	Histone deacetylase 8 levels (HDAC8.2859.69.2)	HDAC8.2859.69.2	HDAC8	True
GCST90241432	Histone deacetylase complex subunit SAP18 levels (SAP18.12830.4.3)	SAP18.12830.4.3	SAP18	True
GCST90241433	Histone deacetylase complex subunit SAP30 levels (SAP30.12888.18.3)	SAP30.12888.18.3	SAP30	True
GCST90241434	Histone H1.2 levels (HIST1H1C.2987.37.3)	HIST1H1C.2987.37.3	HIST1H1C	True
GCST90241435	Histone H1x levels (H1FX.12709.63.3)	H1FX.12709.63.3	H1FX	True
GCST90241436	Histone H2A deubiquitinase MYSM1 levels (MYSM1.11536.9.3)	MYSM1.11536.9.3	MYSM1	True
GCST90241437	Histone H2A type 3 levels (HIST3H2A.14144.3.3)	HIST3H2A.14144.3.3	HIST3H2A	True
GCST90241438	Histone H2A.z levels (H2AFZ.4163.5.2)	H2AFZ.4163.5.2	H2AFZ	True
GCST90241439	Histone-lysine N-methyltransferase 2C levels (KMT2C.11402.17.3)	KMT2C.11402.17.3	KMT2C	True
GCST90241440	Histone-lysine N-methyltransferase 2D levels (MLL2.13623.4.3)	MLL2.13623.4.3	MLL2	True
GCST90241441	Histone-lysine N-methyltransferase ASH1L levels (ASH1L.12622.96.3)	ASH1L.12622.96.3	ASH1L	True
GCST90241442	Histone-lysine N-methyltransferase EHMT2 levels (EHMT2.5843.60.3)	EHMT2.5843.60.3	EHMT2	True
GCST90241443	Histone-lysine N-methyltransferase SETD2 levels (SETD2.12647.52.3)	SETD2.12647.52.3	SETD2	True
GCST90241444	Histone-lysine N-methyltransferase SETMAR levels (SETMAR.12462.20.3)	SETMAR.12462.20.3	SETMAR	True
GCST90241445	Histone-lysine N-methyltransferase SUV420H2 levels (SUV420H2.12452.32.3)	SUV420H2.12452.32.3	SUV420H2	True
GCST90241446	HLA class II histocompatibility antigen gamma chain levels (CD74.8748.45.3)	CD74.8748.45.3	CD74	True
GCST90241447	HLA class II histocompatibility antigen gamma chain levels (CD74.6974.6.3)	CD74.6974.6.3	CD74	True
GCST90241448	HLA class II histocompatibility antigen, DM alpha chain levels (HLA.DMA.10639.1.3)	HLA.DMA.10639.1.3	HLA	True
GCST90241449	HLA class II histocompatibility antigen, DP beta 1 chain levels (HLA.DPB1.8755.202.3)	HLA.DPB1.8755.202.3	HLA	True
GCST90241450	HLA class II histocompatibility antigen, DQ alpha 2 chain levels (HLA.DQA2.7757.5.3)	HLA.DQA2.7757.5.3	HLA	True
GCST90241451	Homeobox protein TGIF2 levels (TGIF2.9847.21.3)	TGIF2.9847.21.3	TGIF2	True
GCST90241452	Homeodomain-interacting protein kinase 3 levels (HIPK3.3443.61.2)	HIPK3.3443.61.2	HIPK3	True
GCST90241453	Homogentisate 1,2-dioxygenase levels (HGD.9832.33.3)	HGD.9832.33.3	HGD	True
GCST90241454	HRAS-like suppressor 2 levels (HRASLS2.7822.11.3)	HRASLS2.7822.11.3	HRASLS2	True
GCST90241455	HRAS-like suppressor 3 levels (PLA2G16.7865.126.3)	PLA2G16.7865.126.3	PLA2G16	True
GCST90241456	Human Chorionic Gonadotropin levels (CGA.CGB.4914.10.1)	CGA.CGB.4914.10.1	CGA	True
GCST90241457	Hyaluronan and proteoglycan link protein 1 levels (HAPLN1.3196.6.2)	HAPLN1.3196.6.2	HAPLN1	True
GCST90241458	Hyaluronidase-1 levels (HYAL1.8309.12.3)	HYAL1.8309.12.3	HYAL1	True
GCST90241459	Hydroxycarboxylic acid receptor 2 levels (HCAR2.13495.48.3)	HCAR2.13495.48.3	HCAR2	True
GCST90241460	Hydroxymethylglutaryl-CoA synthase, cytoplasmic levels (HMGCS1.13496.19.3)	HMGCS1.13496.19.3	HMGCS1	True
GCST90241461	Hydroxymethylglutaryl-CoA synthase, mitochondrial levels (HMGCS2.13704.5.3)	HMGCS2.13704.5.3	HMGCS2	True
GCST90241462	Hypoxia-inducible factor 1-alpha levels (HIF1A.13089.6.3)	HIF1A.13089.6.3	HIF1A	True
GCST90241463	ICOS ligand levels (ICOSLG.9303.9.3)	ICOSLG.9303.9.3	ICOSLG	True
GCST90241464	ICOS ligand levels (ICOSLG.5061.27.3)	ICOSLG.5061.27.3	ICOSLG	True
GCST90241465	Ig gamma-2, Kappa levels (NoneX.13230.174.3)	NoneX.13230.174.3	NoneX	True
GCST90241466	Ig Kappa chain V-I region HK102- like levels (LOC652493.6561.77.3)	LOC652493.6561.77.3	LOC652493	True
GCST90241467	IGF-like family receptor 1 levels (IGFLR1.7244.16.3)	IGFLR1.7244.16.3	IGFLR1	True
GCST90241472	Immunoglobulin J chain levels (IGJ.8362.102.3)	IGJ.8362.102.3	IGJ	True
GCST90241473	Immunoglobulin lambda-like polypeptide 1 levels (IGLL1.6485.59.3)	IGLL1.6485.59.3	IGLL1	True
GCST90241474	Immunoglobulin superfamily containing leucine-rich repeat protein 2 levels (ISLR2.13124.20.3)	ISLR2.13124.20.3	ISLR2	True
GCST90241475	Immunoglobulin superfamily DCC subclass member 3 levels (IGDCC3.11952.1.3)	IGDCC3.11952.1.3	IGDCC3	True
GCST90241476	Immunoglobulin superfamily DCC subclass member 3 levels (IGDCC3.7118.24.3)	IGDCC3.7118.24.3	IGDCC3	True
GCST90241477	Immunoglobulin superfamily DCC subclass member 4 levels (IGDCC4.9793.145.3)	IGDCC4.9793.145.3	IGDCC4	True
GCST90241478	Immunoglobulin superfamily member 11 levels (IGSF11.9279.7.3)	IGSF11.9279.7.3	IGSF11	True
GCST90241479	Immunoglobulin superfamily member 11 levels (IGSF11.10700.10.3)	IGSF11.10700.10.3	IGSF11	True
GCST90241480	Immunoglobulin superfamily member 8 levels (IGSF8.6984.6.3)	IGSF8.6984.6.3	IGSF8	True
GCST90242946	Syntaxin-1A levels (STX1A.3766.51.4)	STX1A.3766.51.4	STX1A	True
GCST90242947	Syntaxin-1B levels (STX1B.6966.144.3)	STX1B.6966.144.3	STX1B	True
GCST90242948	Syntaxin-2 levels (STX2.7738.299.3)	STX2.7738.299.3	STX2	True
GCST90242949	Syntaxin-6 levels (STX6.10945.11.3)	STX6.10945.11.3	STX6	True
GCST90242950	Syntaxin-7 levels (STX7.8274.64.3)	STX7.8274.64.3	STX7	True
GCST90242951	Syntaxin-8 levels (STX8.10903.50.3)	STX8.10903.50.3	STX8	True
GCST90242952	T-box transcription factor TBX22 levels (TBX22.11146.4.3)	TBX22.11146.4.3	TBX22	True
GCST90242953	T-box transcription factor TBX3 levels (TBX3.13978.122.3)	TBX3.13978.122.3	TBX3	True
GCST90242954	T-box transcription factor TBX5 levels (TBX5.11202.70.3)	TBX5.11202.70.3	TBX5	True
GCST90242955	T-cell immunomodulatory protein levels (ITFG1.9347.13.3)	ITFG1.9347.13.3	ITFG1	True
GCST90242956	T-cell receptor-associated transmembrane adapter 1 levels (TRAT1.7224.11.3)	TRAT1.7224.11.3	TRAT1	True
GCST90242957	T-cell surface antigen CD2 levels (CD2.7100.31.3)	CD2.7100.31.3	CD2	True
GCST90242958	T-cell surface glycoprotein CD3 epsilon chain levels (CD3E.8069.85.3)	CD3E.8069.85.3	CD3E	True
GCST90242959	T-cell surface glycoprotein CD3 gamma chain levels (CD3G.7924.7.3)	CD3G.7924.7.3	CD3G	True
GCST90242960	T-cell surface glycoprotein CD4 levels (CD4.3143.3.1)	CD4.3143.3.1	CD4	True
GCST90242961	T-cell surface glycoprotein CD5 levels (CD5.14065.11.3)	CD5.14065.11.3	CD5	True
GCST90242962	T-cell surface glycoprotein CD8 beta chain levels (CD8B.9310.2.3)	CD8B.9310.2.3	CD8B	True
GCST90242963	T-cell surface protein tactile levels (CD96.9735.44.3)	CD96.9735.44.3	CD96	True
GCST90242964	T-lymphocyte activation antigen CD80 levels (CD80.2603.61.2)	CD80.2603.61.2	CD80	True
GCST90242965	T-lymphocyte activation antigen CD86 levels (CD86.5337.64.3)	CD86.5337.64.3	CD86	True
GCST90242966	T-lymphocyte surface antigen Ly-9 levels (LY9.3324.51.1)	LY9.3324.51.1	LY9	True
GCST90242967	t-SNARE domain-containing protein 1 levels (TSNARE1.7069.9.4)	TSNARE1.7069.9.4	TSNARE1	True
GCST90242968	Tachykinin-3 levels (TAC3.7847.66.3)	TAC3.7847.66.3	TAC3	True
GCST90242969	Tachykinin-4 levels (TAC4.6468.37.3)	TAC4.6468.37.3	TAC4	True
GCST90242970	Talin-2 levels (TLN2.14082.56.3)	TLN2.14082.56.3	TLN2	True
GCST90242971	Tapasin levels (TAPBP.12378.71.3)	TAPBP.12378.71.3	TAPBP	True
GCST90242972	Tapasin-related protein levels (TAPBPL.6364.7.3)	TAPBPL.6364.7.3	TAPBPL	True
GCST90242973	Tartrate-resistant acid phosphatase type 5 levels (ACP5.3232.28.2)	ACP5.3232.28.2	ACP5	True
GCST90242974	TATA-box-binding protein levels (TBP.2875.15.2)	TBP.2875.15.2	TBP	True
GCST90242975	Tax1-binding protein 1 levels (TAX1BP1.12721.4.3)	TAX1BP1.12721.4.3	TAX1BP1	True
GCST90242976	Tax1-binding protein 3 levels (TAX1BP3.12498.12.3)	TAX1BP3.12498.12.3	TAX1BP3	True
GCST90242977	Tenascin levels (TNC.4155.3.2)	TNC.4155.3.2	TNC	True
GCST90242978	Tenascin-R levels (TNR.11302.237.3)	TNR.11302.237.3	TNR	True
GCST90242979	Tenascin-X levels (TNXB.5698.60.3)	TNXB.5698.60.3	TNXB	True
GCST90242980	Teneurin-3 levels (TENM3.11107.25.3)	TENM3.11107.25.3	TENM3	True
GCST90242981	Teneurin-4 levels (TENM4.11365.17.3)	TENM4.11365.17.3	TENM4	True
GCST90242982	Tenomodulin levels (TNMD.6578.29.3)	TNMD.6578.29.3	TNMD	True
GCST90242983	Tensin-2 levels (TNS2.11667.29.3)	TNS2.11667.29.3	TNS2	True
GCST90242984	Tensin-4 levels (TNS4.9927.96.3)	TNS4.9927.96.3	TNS4	True
GCST90242985	Teratocarcinoma-derived growth factor 1 levels (TDGF1.5810.25.3)	TDGF1.5810.25.3	TDGF1	True
GCST90242986	Testican-1 levels (SPOCK1.5490.53.3)	SPOCK1.5490.53.3	SPOCK1	True
GCST90242987	Testican-2 levels (SPOCK2.5491.12.3)	SPOCK2.5491.12.3	SPOCK2	True
GCST90242988	Testican-3 levels (SPOCK3.9906.21.3)	SPOCK3.9906.21.3	SPOCK3	True
GCST90242989	Testis-expressed sequence 29 protein levels (TEX29.10557.6.3)	TEX29.10557.6.3	TEX29	True
GCST90242990	Testis-expressed sequence 29 protein levels (TEX29.13500.9.3)	TEX29.13500.9.3	TEX29	True
GCST90242991	Testis-specific basic protein Y 1 levels (VCY.6295.67.3)	VCY.6295.67.3	VCY	True
GCST90242992	Testis-specific chromodomain protein Y 1 levels (CDY1.7097.8.3)	CDY1.7097.8.3	CDY1	True
GCST90242993	Testis-specific serine/threonine-protein kinase 2 levels (TSSK2.7873.32.3)	TSSK2.7873.32.3	TSSK2	True
GCST90242994	Tetratricopeptide repeat protein 17 levels (TTC17.8800.14.3)	TTC17.8800.14.3	TTC17	True
GCST90242995	Tetratricopeptide repeat protein 17 levels (TTC17.9550.153.3)	TTC17.9550.153.3	TTC17	True
GCST90242996	Tetratricopeptide repeat protein 9B levels (TTC9B.9386.42.3)	TTC9B.9386.42.3	TTC9B	True
GCST90242997	TGF-beta receptor type-2 levels (TGFBR2.5133.17.3)	TGFBR2.5133.17.3	TGFBR2	True
GCST90242998	Thiamin pyrophosphokinase 1 levels (TPK1.12018.84.3)	TPK1.12018.84.3	TPK1	True
GCST90242999	Thioredoxin levels (TXN.8813.160.3)	TXN.8813.160.3	TXN	True
GCST90243000	Thioredoxin domain-containing protein 11 levels (TXNDC11.8769.30.3)	TXNDC11.8769.30.3	TXNDC11	True
GCST90243001	Thioredoxin domain-containing protein 12 levels (TXNDC12.4815.25.3)	TXNDC12.4815.25.3	TXNDC12	True
GCST90243002	Thioredoxin domain-containing protein 5 levels (TXNDC5.11212.7.3)	TXNDC5.11212.7.3	TXNDC5	True
GCST90243003	Thioredoxin reductase 1, cytoplasmic levels (TXNRD1.13967.14.3)	TXNRD1.13967.14.3	TXNRD1	True
GCST90243004	Thioredoxin-interacting protein levels (TXNIP.11682.7.3)	TXNIP.11682.7.3	TXNIP	True
GCST90243005	Thiosulfate sulfurtransferase levels (TST.12663.1.3)	TST.12663.1.3	TST	True
GCST90243006	Thrombopoietin levels (THPO.5947.90.3)	THPO.5947.90.3	THPO	True
GCST90243007	Thrombopoietin levels (THPO.8059.1.3)	THPO.8059.1.3	THPO	True
GCST90243008	Thrombopoietin Receptor levels (MPL.3473.78.2)	MPL.3473.78.2	MPL	True
GCST90243009	Thrombospondin type-1 domain-containing protein 1 levels (THSD1.5621.64.3)	THSD1.5621.64.3	THSD1	True
GCST90243010	Thrombospondin type-1 domain-containing protein 7A levels (THSD7A.11174.8.3)	THSD7A.11174.8.3	THSD7A	True
GCST90243011	Thrombospondin-2 levels (THBS2.3339.33.1)	THBS2.3339.33.1	THBS2	True
GCST90243012	Thrombospondin-3 levels (THBS3.8982.65.3)	THBS3.8982.65.3	THBS3	True
GCST90243013	Thromboxane-A synthase levels (TBXAS1.8098.37.3)	TBXAS1.8098.37.3	TBXAS1	True
GCST90243014	Thymic stromal lymphopoietin levels (TSLP.3010.53.2)	TSLP.3010.53.2	TSLP	True
GCST90243015	Thymidine kinase, cytosolic levels (TK1.4301.58.2)	TK1.4301.58.2	TK1	True
GCST90243016	Thymocyte nuclear protein 1 levels (THYN1.12424.107.3)	THYN1.12424.107.3	THYN1	True
GCST90243017	Thyroglobulin levels (TG.4165.2.1)	TG.4165.2.1	TG	True
GCST90243018	Thyroid hormone receptor alpha levels (THRA.12527.50.3)	THRA.12527.50.3	THRA	True
GCST90243019	Thyroid peroxidase levels (TPO.3873.51.2)	TPO.3873.51.2	TPO	True
GCST90243020	Thyrotropin-releasing hormone levels (TRH.5659.11.3)	TRH.5659.11.3	TRH	True
GCST90243021	Tight junction protein ZO-1 levels (TJP1.12001.7.3)	TJP1.12001.7.3	TJP1	True
GCST90243022	Tissue Factor levels (F3.4931.59.1)	F3.4931.59.1	F3	True
GCST90243023	Tissue factor pathway inhibitor levels (TFPI.3336.50.1)	TFPI.3336.50.1	TFPI	True
GCST90243024	Tissue factor pathway inhibitor 2 levels (TFPI2.9233.71.3)	TFPI2.9233.71.3	TFPI2	True
GCST90243025	Titin levels (TTN.11352.42.3)	TTN.11352.42.3	TTN	True
GCST90243026	TNF receptor-associated factor 4 levels (TRAF4.13041.47.3)	TRAF4.13041.47.3	TRAF4	True
GCST90243027	Toll-interacting protein levels (TOLLIP.13963.7.3)	TOLLIP.13963.7.3	TOLLIP	True
GCST90243028	Toll-like receptor 1 levels (TLR1.11149.3.3)	TLR1.11149.3.3	TLR1	True
GCST90243029	Toll-like receptor 2 levels (TLR2.3835.11.2)	TLR2.3835.11.2	TLR2	True
GCST90243030	Toll-like receptor 4 levels (TLR4.11101.18.3)	TLR4.11101.18.3	TLR4	True
GCST90243031	Toll-like receptor 4:Lymphocyte antigen 96 complex levels (TLR4.LY96.3647.49.4)	TLR4.LY96.3647.49.4	TLR4	True
GCST90243032	Toll/interleukin-1 receptor domain-containing adapter protein levels (TIRAP.9839.148.3)	TIRAP.9839.148.3	TIRAP	True
GCST90243033	Tolloid-like protein 1 levels (TLL1.6383.90.3)	TLL1.6383.90.3	TLL1	True
GCST90243034	TOM1-like protein 1 levels (TOM1L1.13652.2.3)	TOM1L1.13652.2.3	TOM1L1	True
GCST90243035	Torsin-1A-interacting protein 1 levels (TOR1AIP1.9039.47.3)	TOR1AIP1.9039.47.3	TOR1AIP1	True
GCST90243036	Torsin-1A-interacting protein 2 levels (TOR1AIP2.10640.9.3)	TOR1AIP2.10640.9.3	TOR1AIP2	True
GCST90243037	Torsin-1A-interacting protein 2 levels (TOR1AIP2.10553.8.3)	TOR1AIP2.10553.8.3	TOR1AIP2	True
GCST90243038	TOX high mobility group box family member 3 levels (TOX3.12717.65.3)	TOX3.12717.65.3	TOX3	True
GCST90243039	TPA-induced transmembrane protein levels (TTMP.7963.36.3)	TTMP.7963.36.3	TTMP	True
GCST90243040	Transcobalamin-1 levels (TCN1.11232.46.3)	TCN1.11232.46.3	TCN1	True
GCST90243041	Transcobalamin-2 levels (TCN2.5584.21.3)	TCN2.5584.21.3	TCN2	True
GCST90243042	Transcription factor AP-1 levels (JUN.10356.21.3)	JUN.10356.21.3	JUN	True
GCST90243043	Transcription factor IIIB 90 kDa subunit levels (BRF1.5384.67.3)	BRF1.5384.67.3	BRF1	True
GCST90243044	Transcription factor RelB levels (RELB.11464.9.3)	RELB.11464.9.3	RELB	True
GCST90243045	Transcription factor TFIIIB component B'' homolog levels (BDP1.8929.7.3)	BDP1.8929.7.3	BDP1	True
GCST90243046	Transcription regulator protein BACH1 levels (BACH1.12451.62.3)	BACH1.12451.62.3	BACH1	True
GCST90243047	Transcription regulator protein BACH2 levels (BACH2.12756.3.3)	BACH2.12756.3.3	BACH2	True
GCST90243048	Transcriptional activator protein Pur-alpha levels (PURA.12537.88.3)	PURA.12537.88.3	PURA	True
GCST90243049	Transcriptional enhancer factor TEF-3 levels (TEAD4.12516.13.3)	TEAD4.12516.13.3	TEAD4	True
GCST90243050	Transcriptional enhancer factor TEF-5 levels (TEAD3.12854.3.3)	TEAD3.12854.3.3	TEAD3	True
GCST90243051	Transcriptional regulator Kaiso levels (ZBTB33.12785.49.3)	ZBTB33.12785.49.3	ZBTB33	True
GCST90243052	Transcriptional repressor CTCF levels (CTCF.14624.51.3)	CTCF.14624.51.3	CTCF	True
GCST90243053	Transferrin receptor protein 1 levels (TFRC.8795.48.3)	TFRC.8795.48.3	TFRC	True
GCST90243054	Transferrin receptor protein 1 levels (TFRC.6895.1.3)	TFRC.6895.1.3	TFRC	True
GCST90243055	Transformer-2 protein homolog beta levels (TRA2B.12373.73.3)	TRA2B.12373.73.3	TRA2B	True
GCST90243056	Transforming growth factor alpha levels (TGFA.9358.3.3)	TGFA.9358.3.3	TGFA	True
GCST90243057	Transforming growth factor beta receptor type 3 levels (TGFBR3.3009.3.2)	TGFBR3.3009.3.2	TGFBR3	True
GCST90243058	Transforming growth factor beta-1 levels (TGFB1.2333.72.1)	TGFB1.2333.72.1	TGFB1	True
GCST90243059	Transforming growth factor beta-1-induced transcript 1 protein levels (TGFB1I1.8777.5.3)	TGFB1I1.8777.5.3	TGFB1I1	True
GCST90243060	Transforming growth factor beta-2 levels (TGFB2.4156.74.1)	TGFB2.4156.74.1	TGFB2	True
GCST90243061	Transforming growth factor beta-3 levels (TGFB3.3520.58.1)	TGFB3.3520.58.1	TGFB3	True
GCST90243062	Transforming growth factor-beta-induced protein ig-h3 levels (TGFBI.3283.21.1)	TGFBI.3283.21.1	TGFBI	True
GCST90241481	Immunoglobulin-binding protein 1 levels (IGBP1.12358.6.3)	IGBP1.12358.6.3	IGBP1	True
GCST90241482	Importin subunit alpha-1 levels (KPNA2.2860.19.2)	KPNA2.2860.19.2	KPNA2	True
GCST90241483	Importin subunit alpha-3 levels (KPNA4.12698.72.3)	KPNA4.12698.72.3	KPNA4	True
GCST90241484	Inactive dipeptidyl peptidase 10 levels (DPP10.7890.68.3)	DPP10.7890.68.3	DPP10	True
GCST90241485	Inactive gamma-glutamyltranspeptidase 2 levels (GGT2.6334.9.3)	GGT2.6334.9.3	GGT2	True
GCST90241486	Inactive pancreatic lipase-related protein 1 levels (PNLIPRP1.6627.25.3)	PNLIPRP1.6627.25.3	PNLIPRP1	True
GCST90241487	Inactive peptidyl-prolyl cis-trans isomerase FKBP6 levels (FKBP6.12529.32.3)	FKBP6.12529.32.3	FKBP6	True
GCST90241488	Inactive phospholipase D5 levels (PLD5.8081.55.3)	PLD5.8081.55.3	PLD5	True
GCST90241489	Inactive ribonuclease-like protein 10 levels (RNASE10.5602.62.3)	RNASE10.5602.62.3	RNASE10	True
GCST90241490	Indoleamine 2,3-dioxygenase 1 levels (IDO1.9759.13.3)	IDO1.9759.13.3	IDO1	True
GCST90241491	Induced myeloid leukemia cell differentiation protein Mcl-1 levels (MCL1.10358.33.3)	MCL1.10358.33.3	MCL1	True
GCST90241492	Inducible T-cell costimulator levels (ICOS.14084.191.3)	ICOS.14084.191.3	ICOS	True
GCST90241493	Inducible T-cell costimulator levels (ICOS.2988.57.2)	ICOS.2988.57.2	ICOS	True
GCST90241494	Inhibin beta A chain levels (INHBA.2748.3.2)	INHBA.2748.3.2	INHBA	True
GCST90241495	Inhibin beta A chain levels (INHBA.INHBB.8467.9.3)	INHBA.INHBB.8467.9.3	INHBA	True
GCST90241496	Inhibin beta A chain:Inhibin beta B chain heterodimer levels (INHBA.INHBB.4383.97.1)	INHBA.INHBB.4383.97.1	INHBA	True
GCST90241497	Inhibin beta C chain levels (INHBC.6408.2.3)	INHBC.6408.2.3	INHBC	True
GCST90241498	Inhibitor of growth protein 1 levels (ING1.3888.8.1)	ING1.3888.8.1	ING1	True
GCST90241499	Inosine-5'-monophosphate dehydrogenase 1 levels (IMPDH1.5229.90.3)	IMPDH1.5229.90.3	IMPDH1	True
GCST90241500	Inosine-5'-monophosphate dehydrogenase 2 levels (IMPDH2.5250.53.3)	IMPDH2.5250.53.3	IMPDH2	True
GCST90241501	Inositol 1,4,5-trisphosphate receptor-interacting protein-like 1 levels (ITPRIPL1.9221.6.3)	ITPRIPL1.9221.6.3	ITPRIPL1	True
GCST90241502	Inositol monophosphatase 3 levels (IMPAD1.9231.23.3)	IMPAD1.9231.23.3	IMPAD1	True
GCST90241503	Inositol polyphosphate 5-phosphatase OCRL-1 levels (OCRL.10011.65.3)	OCRL.10011.65.3	OCRL	True
GCST90241504	Inositol-trisphosphate 3-kinase A levels (ITPKA.13473.55.3)	ITPKA.13473.55.3	ITPKA	True
GCST90241505	Insulin levels (INS.4883.56.2)	INS.4883.56.2	INS	True
GCST90241506	Insulin gene enhancer protein ISL-1 levels (ISL1.11549.6.3)	ISL1.11549.6.3	ISL1	True
GCST90241507	Insulin growth factor-like family member 3 levels (IGFL3.6961.14.3)	IGFL3.6961.14.3	IGFL3	True
GCST90241508	Insulin growth factor-like family member 4 levels (IGFL4.6353.60.3)	IGFL4.6353.60.3	IGFL4	True
GCST90241509	Insulin receptor levels (INSR.3448.13.2)	INSR.3448.13.2	INSR	True
GCST90241510	Insulin-degrading enzyme levels (IDE.3197.70.2)	IDE.3197.70.2	IDE	True
GCST90241511	Insulin-induced gene 1 protein levels (INSIG1.10663.42.3)	INSIG1.10663.42.3	INSIG1	True
GCST90241512	Insulin-like 3 levels (INSL3.5723.4.3)	INSL3.5723.4.3	INSL3	True
GCST90241513	Insulin-like growth factor 1 receptor levels (IGF1R.4232.19.2)	IGF1R.4232.19.2	IGF1R	True
GCST90241514	Insulin-like growth factor I levels (IGF1.2952.75.2)	IGF1.2952.75.2	IGF1	True
GCST90241515	Insulin-like growth factor-binding protein 1 levels (IGFBP1.13741.36.3)	IGFBP1.13741.36.3	IGFBP1	True
GCST90241516	Insulin-like growth factor-binding protein 1 levels (IGFBP1.2771.35.2)	IGFBP1.2771.35.2	IGFBP1	True
GCST90241517	Insulin-like growth factor-binding protein 2 levels (IGFBP2.2570.72.5)	IGFBP2.2570.72.5	IGFBP2	True
GCST90241518	Insulin-like growth factor-binding protein 3 levels (IGFBP3.2571.12.3)	IGFBP3.2571.12.3	IGFBP3	True
GCST90241519	Insulin-like growth factor-binding protein 6 levels (IGFBP6.14088.38.3)	IGFBP6.14088.38.3	IGFBP6	True
GCST90241520	Insulin-like growth factor-binding protein 7 levels (IGFBP7.3320.49.2)	IGFBP7.3320.49.2	IGFBP7	True
GCST90241521	Insulin-like growth factor-binding protein-like 1 levels (IGFBPL1.7815.49.3)	IGFBPL1.7815.49.3	IGFBPL1	True
GCST90241522	Insulin-like peptide INSL5 levels (INSL5.10462.14.3)	INSL5.10462.14.3	INSL5	True
GCST90241523	Insulin-like peptide INSL6 levels (INSL6.5754.76.3)	INSL6.5754.76.3	INSL6	True
GCST90241524	Integral membrane protein 2A levels (ITM2A.7765.15.3)	ITM2A.7765.15.3	ITM2A	True
GCST90241525	Integral membrane protein 2A levels (ITM2A.10516.53.3)	ITM2A.10516.53.3	ITM2A	True
GCST90241526	Integral membrane protein 2B levels (ITM2B.8086.49.3)	ITM2B.8086.49.3	ITM2B	True
GCST90241527	Integral membrane protein 2C levels (ITM2C.10560.1.3)	ITM2C.10560.1.3	ITM2C	True
GCST90241528	Integral membrane protein 2C levels (ITM2C.9523.34.3)	ITM2C.9523.34.3	ITM2C	True
GCST90241529	Integral membrane protein DGCR2/IDD levels (DGCR2.8055.33.3)	DGCR2.8055.33.3	DGCR2	True
GCST90241530	Integrin alpha-5 levels (ITGA5.6932.42.3)	ITGA5.6932.42.3	ITGA5	True
GCST90241531	Integrin alpha-I: beta-1 complex levels (ITGA1.ITGB1.3503.4.2)	ITGA1.ITGB1.3503.4.2	ITGA1	True
GCST90241532	Integrin alpha-L levels (ITGAL.11617.1.3)	ITGAL.11617.1.3	ITGAL	True
GCST90241533	Integrin alpha-V: beta-5 complex levels (ITGAV.ITGB5.4917.62.1)	ITGAV.ITGB5.4917.62.1	ITGAV	True
GCST90241534	Integrin beta-7 levels (ITGB7.11205.10.3)	ITGB7.11205.10.3	ITGB7	True
GCST90241535	Inter-alpha-trypsin inhibitor heavy chain H1 levels (ITIH1.7955.195.3)	ITIH1.7955.195.3	ITIH1	True
GCST90241536	Inter-alpha-trypsin inhibitor heavy chain H5 levels (ITIH5.8233.2.3)	ITIH5.8233.2.3	ITIH5	True
GCST90241537	Intercellular adhesion molecule 1 levels (ICAM1.4342.10.3)	ICAM1.4342.10.3	ICAM1	True
GCST90241538	Intercellular adhesion molecule 2 levels (ICAM2.5486.73.3)	ICAM2.5486.73.3	ICAM2	True
GCST90241539	Intercellular adhesion molecule 3 levels (ICAM3.2649.77.2)	ICAM3.2649.77.2	ICAM3	True
GCST90241540	Intercellular adhesion molecule 4 levels (ICAM4.6550.4.3)	ICAM4.6550.4.3	ICAM4	True
GCST90241541	Intercellular adhesion molecule 5 levels (ICAM5.8245.27.3)	ICAM5.8245.27.3	ICAM5	True
GCST90241542	Intercellular adhesion molecule 5 levels (ICAM5.5124.62.3)	ICAM5.5124.62.3	ICAM5	True
GCST90241543	Interferon alpha-10 levels (IFNA10.14128.121.3)	IFNA10.14128.121.3	IFNA10	True
GCST90241544	Interferon alpha-10 levels (IFNA10.5733.61.3)	IFNA10.5733.61.3	IFNA10	True
GCST90241545	Interferon alpha-14 levels (IFNA14.7180.114.3)	IFNA14.7180.114.3	IFNA14	True
GCST90241546	Interferon alpha-4 levels (IFNA4.7268.12.3)	IFNA4.7268.12.3	IFNA4	True
GCST90241547	Interferon alpha-5 levels (IFNA5.6210.100.3)	IFNA5.6210.100.3	IFNA5	True
GCST90241548	Interferon alpha-6 levels (IFNA6.5714.88.3)	IFNA6.5714.88.3	IFNA6	True
GCST90241549	Interferon alpha-7 levels (IFNA7.14129.1.3)	IFNA7.14129.1.3	IFNA7	True
GCST90241550	Interferon alpha-8 levels (IFNA8.6214.84.3)	IFNA8.6214.84.3	IFNA8	True
GCST90241551	Interferon alpha/beta receptor 1 levels (IFNAR1.9183.7.3)	IFNAR1.9183.7.3	IFNAR1	True
GCST90241552	Interferon beta levels (IFNB1.7243.8.3)	IFNB1.7243.8.3	IFNB1	True
GCST90241553	Interferon gamma levels (IFNG.2989.17.2)	IFNG.2989.17.2	IFNG	True
GCST90241554	Interferon gamma levels (IFNG.14147.50.3)	IFNG.14147.50.3	IFNG	True
GCST90241555	Interferon gamma receptor 1 levels (IFNGR1.5825.49.3)	IFNGR1.5825.49.3	IFNGR1	True
GCST90241556	Interferon gamma receptor 2 levels (IFNGR2.9180.6.3)	IFNGR2.9180.6.3	IFNGR2	True
GCST90241557	Interferon gamma receptor 2 levels (IFNGR2.8818.13.3)	IFNGR2.8818.13.3	IFNGR2	True
GCST90241558	Interferon gamma receptor 2 levels (IFNGR2.9305.89.3)	IFNGR2.9305.89.3	IFNGR2	True
GCST90241559	Interferon lambda receptor 1 levels (IFNLR1.7192.37.3)	IFNLR1.7192.37.3	IFNLR1	True
GCST90241560	Interferon lambda-1 levels (IFNL1.4396.54.1)	IFNL1.4396.54.1	IFNL1	True
GCST90241561	Interferon lambda-1 levels (IFNL1.13734.22.3)	IFNL1.13734.22.3	IFNL1	True
GCST90241562	Interferon lambda-2 levels (IFNL2.4397.26.2)	IFNL2.4397.26.2	IFNL2	True
GCST90241563	Interferon omega-1 levels (IFNW1.7196.21.3)	IFNW1.7196.21.3	IFNW1	True
GCST90241564	Interferon regulatory factor 1 levels (IRF1.10009.2.3)	IRF1.10009.2.3	IRF1	True
GCST90241565	Interferon regulatory factor 1 levels (IRF1.10351.51.3)	IRF1.10351.51.3	IRF1	True
GCST90241566	Interferon regulatory factor 2 levels (IRF2.12801.33.3)	IRF2.12801.33.3	IRF2	True
GCST90241567	Interferon regulatory factor 4 levels (IRF4.9857.38.3)	IRF4.9857.38.3	IRF4	True
GCST90241568	Interferon regulatory factor 6 levels (IRF6.9999.1.3)	IRF6.9999.1.3	IRF6	True
GCST90241569	Interferon regulatory factor 9 levels (IRF9.12439.67.3)	IRF9.12439.67.3	IRF9	True
GCST90241570	Interferon-induced protein with tetratricopeptide repeats 2 levels (IFIT2.9853.3.3)	IFIT2.9853.3.3	IFIT2	True
GCST90241571	Interferon-induced protein with tetratricopeptide repeats 3 levels (IFIT3.13642.90.3)	IFIT3.13642.90.3	IFIT3	True
GCST90241572	Interleukin enhancer-binding factor 3 levels (ILF3.12759.47.3)	ILF3.12759.47.3	ILF3	True
GCST90241573	Interleukin-1 alpha levels (IL1A.4851.25.1)	IL1A.4851.25.1	IL1A	True
GCST90241574	Interleukin-1 beta levels (IL1B.3037.62.1)	IL1B.3037.62.1	IL1B	True
GCST90241575	Interleukin-1 Receptor accessory protein levels (IL1RAP.2630.12.2)	IL1RAP.2630.12.2	IL1RAP	True
GCST90241576	Interleukin-1 Receptor accessory protein levels (IL1RAP.14048.7.3)	IL1RAP.14048.7.3	IL1RAP	True
GCST90241577	Interleukin-1 receptor antagonist protein levels (IL1RN.5353.89.2)	IL1RN.5353.89.2	IL1RN	True
GCST90241578	Interleukin-1 receptor type 1 levels (IL1R1.2991.9.2)	IL1R1.2991.9.2	IL1R1	True
GCST90241579	Interleukin-1 receptor type 2 levels (IL1R2.14133.93.3)	IL1R2.14133.93.3	IL1R2	True
GCST90241580	Interleukin-1 receptor type 2 levels (IL1R2.5666.64.3)	IL1R2.5666.64.3	IL1R2	True
GCST90241581	Interleukin-1 receptor-like 1 levels (IL1RL1.4234.8.2)	IL1RL1.4234.8.2	IL1RL1	True
GCST90241582	Interleukin-1 receptor-like 2 levels (IL1RL2.2994.71.2)	IL1RL2.2994.71.2	IL1RL2	True
GCST90241583	Interleukin-10 levels (IL10.2773.50.2)	IL10.2773.50.2	IL10	True
GCST90241584	Interleukin-10 receptor subunit beta levels (IL10RB.2631.50.2)	IL10RB.2631.50.2	IL10RB	True
GCST90241585	Interleukin-11 levels (IL11.4493.92.1)	IL11.4493.92.1	IL11	True
GCST90241586	Interleukin-11 receptor subunit alpha levels (IL11RA.3814.63.1)	IL11RA.3814.63.1	IL11RA	True
GCST90241587	Interleukin-12 levels (IL12A.IL12B.10367.26.3)	IL12A.IL12B.10367.26.3	IL12A	True
GCST90241588	Interleukin-12 levels (IL12A.IL12B.10367.62.3)	IL12A.IL12B.10367.62.3	IL12A	True
GCST90241589	Interleukin-12 levels (IL12A.IL12B.2455.17.4)	IL12A.IL12B.2455.17.4	IL12A	True
GCST90241590	Interleukin-12 receptor subunit beta-1 levels (IL12RB1.2632.5.2)	IL12RB1.2632.5.2	IL12RB1	True
GCST90241591	Interleukin-12 receptor subunit beta-2 levels (IL12RB2.3815.14.1)	IL12RB2.3815.14.1	IL12RB2	True
GCST90241592	Interleukin-13 levels (IL13.3072.4.2)	IL13.3072.4.2	IL13	True
GCST90241593	Interleukin-13 receptor subunit alpha-1 levels (IL13RA1.2633.52.2)	IL13RA1.2633.52.2	IL13RA1	True
GCST90241594	Interleukin-15 receptor subunit alpha levels (IL15RA.14054.17.3)	IL15RA.14054.17.3	IL15RA	True
GCST90241595	Interleukin-15 receptor subunit alpha levels (IL15RA.3445.53.2)	IL15RA.3445.53.2	IL15RA	True
GCST90241596	Interleukin-16 levels (IL16.2774.10.3)	IL16.2774.10.3	IL16	True
GCST90243063	Transforming protein RhoA levels (RHOA.9855.10.3)	RHOA.9855.10.3	RHOA	True
GCST90243064	Transgelin levels (TAGLN.9756.6.3)	TAGLN.9756.6.3	TAGLN	True
GCST90243065	Transketolase levels (TKT.4306.4.2)	TKT.4306.4.2	TKT	True
GCST90243066	Translation initiation factor eIF-2B subunit alpha levels (EIF2B1.10080.9.3)	EIF2B1.10080.9.3	EIF2B1	True
GCST90243067	Translationally-controlled tumor protein levels (TPT1.3872.2.1)	TPT1.3872.2.1	TPT1	True
GCST90243068	Translin levels (TSN.12477.42.3)	TSN.12477.42.3	TSN	True
GCST90243069	Translocon-associated protein subunit alpha levels (SSR1.8106.15.3)	SSR1.8106.15.3	SSR1	True
GCST90243070	Transmembrane and coiled-coil domain-containing protein 5A levels (TMCO5A.6907.17.3)	TMCO5A.6907.17.3	TMCO5A	True
GCST90243071	Transmembrane and ubiquitin-like domain-containing protein 2 levels (TMUB2.9226.6.3)	TMUB2.9226.6.3	TMUB2	True
GCST90243072	Transmembrane emp24 domain-containing protein 10 levels (TMED10.6506.54.3)	TMED10.6506.54.3	TMED10	True
GCST90243073	Transmembrane emp24 domain-containing protein 2 levels (TMED2.10761.5.3)	TMED2.10761.5.3	TMED2	True
GCST90243074	Transmembrane emp24 domain-containing protein 4 levels (TMED4.9319.59.3)	TMED4.9319.59.3	TMED4	True
GCST90243075	Transmembrane gamma-carboxyglutamic acid protein 1 levels (PRRG1.9008.6.3)	PRRG1.9008.6.3	PRRG1	True
GCST90243076	Transmembrane gamma-carboxyglutamic acid protein 1 levels (PRRG1.8306.54.3)	PRRG1.8306.54.3	PRRG1	True
GCST90243077	Transmembrane gamma-carboxyglutamic acid protein 4 levels (PRRG4.9579.59.3)	PRRG4.9579.59.3	PRRG4	True
GCST90243078	Transmembrane glycoprotein NMB levels (GPNMB.8606.39.3)	GPNMB.8606.39.3	GPNMB	True
GCST90243079	Transmembrane glycoprotein NMB levels (GPNMB.5080.131.3)	GPNMB.5080.131.3	GPNMB	True
GCST90243080	Transmembrane glycoprotein NMB levels (GPNMB.8240.207.3)	GPNMB.8240.207.3	GPNMB	True
GCST90243081	Transmembrane glycoprotein NMB levels (GPNMB.8289.8.3)	GPNMB.8289.8.3	GPNMB	True
GCST90243082	Transmembrane inner ear expressed protein levels (TMIE.7992.3.3)	TMIE.7992.3.3	TMIE	True
GCST90243083	Transmembrane protease serine 11A levels (TMPRSS11A.7231.37.3)	TMPRSS11A.7231.37.3	TMPRSS11A	True
GCST90243084	Transmembrane protease serine 11B levels (TMPRSS11B.10895.28.3)	TMPRSS11B.10895.28.3	TMPRSS11B	True
GCST90243085	Transmembrane protease serine 11D levels (TMPRSS11D.6547.83.3)	TMPRSS11D.6547.83.3	TMPRSS11D	True
GCST90243086	Transmembrane protease serine 5 levels (TMPRSS5.8002.27.3)	TMPRSS5.8002.27.3	TMPRSS5	True
GCST90243087	Transmembrane protein 119 levels (TMEM119.11110.4.3)	TMEM119.11110.4.3	TMEM119	True
GCST90243088	Transmembrane protein 132A levels (TMEM132A.7871.16.3)	TMEM132A.7871.16.3	TMEM132A	True
GCST90243089	Transmembrane protein 132B levels (TMEM132B.8890.9.3)	TMEM132B.8890.9.3	TMEM132B	True
GCST90243090	Transmembrane protein 132C levels (TMEM132C.7173.141.3)	TMEM132C.7173.141.3	TMEM132C	True
GCST90243091	Transmembrane protein 132C levels (TMEM132C.11128.29.3)	TMEM132C.11128.29.3	TMEM132C	True
GCST90243092	Transmembrane protein 132D levels (TMEM132D.13416.8.3)	TMEM132D.13416.8.3	TMEM132D	True
GCST90243093	Transmembrane protein 190 levels (TMEM190.10442.1.3)	TMEM190.10442.1.3	TMEM190	True
GCST90243094	Transmembrane protein 2 levels (TMEM2.8992.1.3)	TMEM2.8992.1.3	TMEM2	True
GCST90243095	Transmembrane protein 230 levels (TMEM230.11542.11.3)	TMEM230.11542.11.3	TMEM230	True
GCST90243096	Transmembrane protein 234 levels (TMEM234.8107.12.3)	TMEM234.8107.12.3	TMEM234	True
GCST90243097	Transmembrane protein 237 levels (TMEM237.12856.14.3)	TMEM237.12856.14.3	TMEM237	True
GCST90243098	Transmembrane protein 40 levels (TMEM40.12941.24.3)	TMEM40.12941.24.3	TMEM40	True
GCST90243099	Transmembrane protein 41B levels (TMEM41B.10661.4.3)	TMEM41B.10661.4.3	TMEM41B	True
GCST90243100	Transmembrane protein 52 levels (TMEM52.11186.12.3)	TMEM52.11186.12.3	TMEM52	True
GCST90243101	Transmembrane protein 59-like levels (TMEM59L.9959.60.3)	TMEM59L.9959.60.3	TMEM59L	True
GCST90243102	Transmembrane protein 70, mitochondrial levels (TMEM70.8074.32.3)	TMEM70.8074.32.3	TMEM70	True
GCST90243103	Transmembrane protein 87B levels (TMEM87B.13485.20.3)	TMEM87B.13485.20.3	TMEM87B	True
GCST90243104	Transmembrane protein 8B levels (TMEM8B.12742.160.3)	TMEM8B.12742.160.3	TMEM8B	True
GCST90243105	Transmembrane protein 9 levels (TMEM9.9249.17.3)	TMEM9.9249.17.3	TMEM9	True
GCST90243106	Transmembrane protein C16orf54 levels (C16orf54.12394.53.3)	C16orf54.12394.53.3	C16orf54	True
GCST90243107	Transmembrane protein PVRIG levels (PVRIG.6464.40.3)	PVRIG.6464.40.3	PVRIG	True
GCST90243108	Trefoil factor 1 levels (TFF1.9185.15.3)	TFF1.9185.15.3	TFF1	True
GCST90243109	Trefoil factor 2 levels (TFF2.9191.8.3)	TFF2.9191.8.3	TFF2	True
GCST90243110	Trefoil factor 3 levels (TFF3.4721.54.2)	TFF3.4721.54.2	TFF3	True
GCST90243111	Trefoil factor 3 levels (TFF3.8323.163.3)	TFF3.8323.163.3	TFF3	True
GCST90243112	Trem-like transcript 1 protein levels (TREML1.9329.28.3)	TREML1.9329.28.3	TREML1	True
GCST90243113	Trem-like transcript 2 protein levels (TREML2.5736.1.3)	TREML2.5736.1.3	TREML2	True
GCST90243114	Trem-like transcript 4 protein levels (TREML4.11139.4.3)	TREML4.11139.4.3	TREML4	True
GCST90243115	Triggering receptor expressed on myeloid cells 1 levels (TREM1.9266.1.3)	TREM1.9266.1.3	TREM1	True
GCST90243116	Triosephosphate isomerase levels (TPI1.4309.59.3)	TPI1.4309.59.3	TPI1	True
GCST90243117	tRNA (guanine-N(7)-)-methyltransferase levels (METTL1.12514.16.3)	guanine-N(7	guanine-N(7	True
GCST90243118	tRNA pseudouridine synthase A, mitochondrial levels (PUS1.11201.19.3)	PUS1.11201.19.3	PUS1	True
GCST90243119	Tropomodulin-1 levels (TMOD1.12595.11.3)	TMOD1.12595.11.3	TMOD1	True
GCST90243120	Tropomyosin alpha-1 chain levels (TPM1.5033.27.1)	TPM1.5033.27.1	TPM1	True
GCST90243121	Tropomyosin alpha-3 chain levels (TPM3.12372.50.3)	TPM3.12372.50.3	TPM3	True
GCST90243122	Tropomyosin beta chain levels (TPM2.4472.5.2)	TPM2.4472.5.2	TPM2	True
GCST90243123	Troponin I, cardiac muscle levels (TNNI3.5930.54.3)	TNNI3.5930.54.3	TNNI3	True
GCST90243124	Troponin I, cardiac muscle levels (TNNI3.5441.67.3)	TNNI3.5441.67.3	TNNI3	True
GCST90243125	Trypsin-1 levels (PRSS1.3049.61.2)	PRSS1.3049.61.2	PRSS1	True
GCST90243126	Trypsin-2 levels (PRSS2.5034.79.1)	PRSS2.5034.79.1	PRSS2	True
GCST90243127	Trypsin-3 levels (PRSS3.3479.71.2)	PRSS3.3479.71.2	PRSS3	True
GCST90243128	Tryptase beta-2 levels (TPSB2.3403.1.2)	TPSB2.3403.1.2	TPSB2	True
GCST90243129	Tryptase gamma levels (TPSG1.14103.12.3)	TPSG1.14103.12.3	TPSG1	True
GCST90243130	Tuberoinfundibular peptide of 39 residues levels (PTH2.7257.18.3)	PTH2.7257.18.3	PTH2	True
GCST90243131	Tubulin polymerization-promoting protein family member 2 levels (TPPP2.12800.5.3)	TPPP2.12800.5.3	TPPP2	True
GCST90243132	Tubulin--tyrosine ligase levels (TTL.13973.62.3)	TTL.13973.62.3	TTL	True
GCST90243133	Tubulin-specific chaperone A levels (TBCA.12501.10.3)	TBCA.12501.10.3	TBCA	True
GCST90243134	Tubulin-specific chaperone E levels (TBCE.11211.7.3)	TBCE.11211.7.3	TBCE	True
GCST90243135	Tubulointerstitial nephritis antigen-like levels (TINAGL1.11192.168.3)	TINAGL1.11192.168.3	TINAGL1	True
GCST90243136	Tuftelin levels (TUFT1.5690.49.3)	TUFT1.5690.49.3	TUFT1	True
GCST90243137	Tuftelin-interacting protein 11 levels (TFIP11.9043.7.3)	TFIP11.9043.7.3	TFIP11	True
GCST90243138	Tumor necrosis factor levels (TNF.5936.53.3)	TNF.5936.53.3	TNF	True
GCST90243139	Tumor necrosis factor alpha-induced protein 3 levels (TNFAIP3.14009.65.3)	TNFAIP3.14009.65.3	TNFAIP3	True
GCST90243140	Tumor necrosis factor ligand superfamily member 11 levels (TNFSF11.2917.3.2)	TNFSF11.2917.3.2	TNFSF11	True
GCST90243141	Tumor necrosis factor ligand superfamily member 12 levels (TNFSF12.5939.42.3)	TNFSF12.5939.42.3	TNFSF12	True
GCST90243142	Tumor necrosis factor ligand superfamily member 13B levels (TNFSF13B.3059.50.2)	TNFSF13B.3059.50.2	TNFSF13B	True
GCST90243143	Tumor necrosis factor ligand superfamily member 14 levels (TNFSF14.5355.69.3)	TNFSF14.5355.69.3	TNFSF14	True
GCST90243144	Tumor necrosis factor ligand superfamily member 15 levels (TNFSF15.2968.61.1)	TNFSF15.2968.61.1	TNFSF15	True
GCST90243145	Tumor necrosis factor ligand superfamily member 15 levels (TNFSF15.14057.68.3)	TNFSF15.14057.68.3	TNFSF15	True
GCST90243146	Tumor necrosis factor ligand superfamily member 18 levels (TNFSF18.2708.54.2)	TNFSF18.2708.54.2	TNFSF18	True
GCST90243147	Tumor necrosis factor ligand superfamily member 4 levels (TNFSF4.14030.21.3)	TNFSF4.14030.21.3	TNFSF4	True
GCST90243148	Tumor necrosis factor ligand superfamily member 4 levels (TNFSF4.2839.2.1)	TNFSF4.2839.2.1	TNFSF4	True
GCST90243149	Tumor necrosis factor ligand superfamily member 6, soluble form levels (FASLG.3052.8.2)	FASLG.3052.8.2	FASLG	True
GCST90243150	Tumor necrosis factor ligand superfamily member 8 levels (TNFSF8.3421.54.2)	TNFSF8.3421.54.2	TNFSF8	True
GCST90243151	Tumor necrosis factor ligand superfamily member 9 levels (TNFSF9.2599.51.2)	TNFSF9.2599.51.2	TNFSF9	True
GCST90243152	Tumor necrosis factor receptor superfamily member 10A levels (TNFRSF10A.4832.75.2)	TNFRSF10A.4832.75.2	TNFRSF10A	True
GCST90243153	Tumor necrosis factor receptor superfamily member 10B levels (TNFRSF10B.7693.13.3)	TNFRSF10B.7693.13.3	TNFRSF10B	True
GCST90243154	Tumor necrosis factor receptor superfamily member 10D levels (TNFRSF10D.14121.24.3)	TNFRSF10D.14121.24.3	TNFRSF10D	True
GCST90243155	Tumor necrosis factor receptor superfamily member 11A levels (TNFRSF11A.8316.36.3)	TNFRSF11A.8316.36.3	TNFRSF11A	True
GCST90243156	Tumor necrosis factor receptor superfamily member 11A levels (TNFRSF11A.5424.55.3)	TNFRSF11A.5424.55.3	TNFRSF11A	True
GCST90243157	Tumor necrosis factor receptor superfamily member 11A levels (TNFRSF11A.8256.57.3)	TNFRSF11A.8256.57.3	TNFRSF11A	True
GCST90243158	Tumor necrosis factor receptor superfamily member 11B levels (TNFRSF11B.2526.53.3)	TNFRSF11B.2526.53.3	TNFRSF11B	True
GCST90243159	Tumor necrosis factor receptor superfamily member 11B levels (TNFRSF11B.8304.50.3)	TNFRSF11B.8304.50.3	TNFRSF11B	True
GCST90243160	Tumor necrosis factor receptor superfamily member 12A levels (TNFRSF12A.5138.50.3)	TNFRSF12A.5138.50.3	TNFRSF12A	True
GCST90243161	Tumor necrosis factor receptor superfamily member 13B levels (TNFRSF13B.2704.74.1)	TNFRSF13B.2704.74.1	TNFRSF13B	True
GCST90243162	Tumor necrosis factor receptor superfamily member 14 levels (TNFRSF14.5352.11.3)	TNFRSF14.5352.11.3	TNFRSF14	True
GCST90243163	Tumor necrosis factor receptor superfamily member 16 levels (NGFR.8949.3.3)	NGFR.8949.3.3	NGFR	True
GCST90243164	Tumor necrosis factor receptor superfamily member 16 levels (NGFR.8374.5.3)	NGFR.8374.5.3	NGFR	True
GCST90243165	Tumor necrosis factor receptor superfamily member 17 levels (TNFRSF17.2665.26.2)	TNFRSF17.2665.26.2	TNFRSF17	True
GCST90243166	Tumor necrosis factor receptor superfamily member 18 levels (TNFRSF18.5526.53.3)	TNFRSF18.5526.53.3	TNFRSF18	True
GCST90243167	Tumor necrosis factor receptor superfamily member 19 levels (TNFRSF19.5131.15.3)	TNFRSF19.5131.15.3	TNFRSF19	True
GCST90243168	Tumor necrosis factor receptor superfamily member 19L levels (RELT.5115.31.3)	RELT.5115.31.3	RELT	True
GCST90243169	Tumor necrosis factor receptor superfamily member 19L levels (RELT.14112.40.3)	RELT.14112.40.3	RELT	True
GCST90243170	Tumor necrosis factor receptor superfamily member 1A levels (TNFRSF1A.2654.19.1)	TNFRSF1A.2654.19.1	TNFRSF1A	True
GCST90243171	Tumor necrosis factor receptor superfamily member 1B levels (TNFRSF1B.8368.102.3)	TNFRSF1B.8368.102.3	TNFRSF1B	True
GCST90243172	Tumor necrosis factor receptor superfamily member 1B levels (TNFRSF1B.3152.57.1)	TNFRSF1B.3152.57.1	TNFRSF1B	True
GCST90243173	Tumor necrosis factor receptor superfamily member 21 levels (TNFRSF21.5404.53.3)	TNFRSF21.5404.53.3	TNFRSF21	True
GCST90243174	Tumor necrosis factor receptor superfamily member 21 levels (TNFRSF21.9259.35.3)	TNFRSF21.9259.35.3	TNFRSF21	True
GCST90243175	Tumor necrosis factor receptor superfamily member 27 levels (EDA2R.3083.71.1)	EDA2R.3083.71.1	EDA2R	True
GCST90243176	Tumor necrosis factor receptor superfamily member 3 levels (LTBR.2636.10.2)	LTBR.2636.10.2	LTBR	True
GCST90243177	Tumor necrosis factor receptor superfamily member 4 levels (TNFRSF4.3730.81.2)	TNFRSF4.3730.81.2	TNFRSF4	True
GCST90243178	Tumor necrosis factor receptor superfamily member 6 levels (FAS.9459.7.3)	FAS.9459.7.3	FAS	True
GCST90241597	Interleukin-17 receptor A levels (IL17RA.2992.59.2)	IL17RA.2992.59.2	IL17RA	True
GCST90241598	Interleukin-17 receptor B levels (IL17RB.5084.154.3)	IL17RB.5084.154.3	IL17RB	True
GCST90241599	Interleukin-17 receptor C levels (IL17RC.5468.67.3)	IL17RC.5468.67.3	IL17RC	True
GCST90241600	Interleukin-17 receptor D levels (IL17RD.3376.49.2)	IL17RD.3376.49.2	IL17RD	True
GCST90241601	Interleukin-17A levels (IL17A.9170.24.3)	IL17A.9170.24.3	IL17A	True
GCST90241602	Interleukin-17A levels (IL17A.13718.1.3)	IL17A.13718.1.3	IL17A	True
GCST90241603	Interleukin-17A levels (IL17A.3498.53.2)	IL17A.3498.53.2	IL17A	True
GCST90241604	Interleukin-17C levels (IL17C.9255.5.3)	IL17C.9255.5.3	IL17C	True
GCST90241605	Interleukin-17D levels (IL17D.4136.40.2)	IL17D.4136.40.2	IL17D	True
GCST90241606	Interleukin-17F levels (IL17F.2775.54.2)	IL17F.2775.54.2	IL17F	True
GCST90241607	Interleukin-18 receptor 1 levels (IL18R1.3446.7.2)	IL18R1.3446.7.2	IL18R1	True
GCST90241608	Interleukin-18 receptor 1 levels (IL18R1.14079.14.3)	IL18R1.14079.14.3	IL18R1	True
GCST90241609	Interleukin-18-binding protein levels (IL18BP.3073.51.2)	IL18BP.3073.51.2	IL18BP	True
GCST90241610	Interleukin-19 levels (IL19.3035.80.2)	IL19.3035.80.2	IL19	True
GCST90241611	Interleukin-2 levels (IL2.3070.1.2)	IL2.3070.1.2	IL2	True
GCST90241612	Interleukin-2 receptor subunit alpha levels (IL2RA.3151.6.1)	IL2RA.3151.6.1	IL2RA	True
GCST90241613	Interleukin-2 receptor subunit beta levels (IL2RB.9343.16.3)	IL2RB.9343.16.3	IL2RB	True
GCST90241614	Interleukin-20 levels (IL20.4138.25.2)	IL20.4138.25.2	IL20	True
GCST90241615	Interleukin-21 levels (IL21.7124.18.3)	IL21.7124.18.3	IL21	True
GCST90241616	Interleukin-22 levels (IL22.2778.10.2)	IL22.2778.10.2	IL22	True
GCST90241617	Interleukin-22 receptor subunit alpha-1 levels (IL22RA1.3620.67.2)	IL22RA1.3620.67.2	IL22RA1	True
GCST90241618	Interleukin-22 receptor subunit alpha-1 levels (IL22RA1.9603.9.3)	IL22RA1.9603.9.3	IL22RA1	True
GCST90241619	Interleukin-22 receptor subunit alpha-2 levels (IL22RA2.5087.5.3)	IL22RA2.5087.5.3	IL22RA2	True
GCST90241620	Interleukin-22 receptor subunit alpha-2 levels (IL22RA2.9456.34.3)	IL22RA2.9456.34.3	IL22RA2	True
GCST90241621	Interleukin-23 levels (IL12B.IL23A.10365.132.3)	IL12B.IL23A.10365.132.3	IL12B	True
GCST90241622	Interleukin-23 levels (IL12B.IL23A.4494.63.2)	IL12B.IL23A.4494.63.2	IL12B	True
GCST90241623	Interleukin-23 receptor levels (IL23R.5088.175.3)	IL23R.5088.175.3	IL23R	True
GCST90241624	Interleukin-24 levels (IL24.3321.2.2)	IL24.3321.2.2	IL24	True
GCST90241625	Interleukin-25 levels (IL25.4137.57.2)	IL25.4137.57.2	IL25	True
GCST90241626	Interleukin-27 levels (IL27.EBI3.2829.19.2)	IL27.EBI3.2829.19.2	IL27	True
GCST90241627	Interleukin-27 receptor subunit alpha levels (IL27RA.5132.71.3)	IL27RA.5132.71.3	IL27RA	True
GCST90241628	Interleukin-3 levels (IL3.4717.55.2)	IL3.4717.55.2	IL3	True
GCST90241629	Interleukin-3 receptor subunit alpha levels (IL3RA.13744.37.3)	IL3RA.13744.37.3	IL3RA	True
GCST90241630	Interleukin-3 receptor subunit alpha levels (IL3RA.4490.65.2)	IL3RA.4490.65.2	IL3RA	True
GCST90241631	Interleukin-31 levels (IL31.10455.196.3)	IL31.10455.196.3	IL31	True
GCST90241632	Interleukin-31 receptor subunit alpha levels (IL31RA.8273.84.3)	IL31RA.8273.84.3	IL31RA	True
GCST90241633	Interleukin-32 levels (IL32.9051.13.3)	IL32.9051.13.3	IL32	True
GCST90241634	Interleukin-34 levels (IL34.4556.10.2)	IL34.4556.10.2	IL34	True
GCST90241635	Interleukin-36 alpha levels (IL36A.10928.7.3)	IL36A.10928.7.3	IL36A	True
GCST90241636	Interleukin-36 beta levels (IL36B.14149.9.3)	IL36B.14149.9.3	IL36B	True
GCST90241637	Interleukin-36 gamma levels (IL36G.9117.4.3)	IL36G.9117.4.3	IL36G	True
GCST90241638	Interleukin-37 levels (IL37.2723.9.2)	IL37.2723.9.2	IL37	True
GCST90241639	Interleukin-4 levels (IL4.2906.55.3)	IL4.2906.55.3	IL4	True
GCST90241640	Interleukin-4 receptor subunit alpha levels (IL4R.3055.54.2)	IL4R.3055.54.2	IL4R	True
GCST90241641	Interleukin-5 levels (IL5.3741.4.3)	IL5.3741.4.3	IL5	True
GCST90241642	Interleukin-5 levels (IL5.11071.1.3)	IL5.11071.1.3	IL5	True
GCST90241643	Interleukin-5 receptor subunit alpha levels (IL5RA.4491.4.2)	IL5RA.4491.4.2	IL5RA	True
GCST90241644	Interleukin-5 receptor subunit alpha levels (IL5RA.13686.2.3)	IL5RA.13686.2.3	IL5RA	True
GCST90241645	Interleukin-6 levels (IL6.2573.20.15)	IL6.2573.20.15	IL6	True
GCST90241646	Interleukin-6 levels (IL6.4673.13.2)	IL6.4673.13.2	IL6	True
GCST90241647	Interleukin-6 receptor subunit alpha levels (IL6R.4139.71.2)	IL6R.4139.71.2	IL6R	True
GCST90241648	Interleukin-6 receptor subunit alpha levels (IL6R.8092.29.3)	IL6R.8092.29.3	IL6R	True
GCST90241649	Interleukin-6 receptor subunit beta levels (IL6ST.2620.4.2)	IL6ST.2620.4.2	IL6ST	True
GCST90241650	Interleukin-7 levels (IL7.14049.17.3)	IL7.14049.17.3	IL7	True
GCST90241651	Interleukin-7 receptor subunit alpha levels (IL7R.5089.11.3)	IL7R.5089.11.3	IL7R	True
GCST90241652	Interleukin-8 levels (CXCL8.3447.64.2)	CXCL8.3447.64.2	CXCL8	True
GCST90241653	Interleukin-9 levels (IL9.8379.35.4)	IL9.8379.35.4	IL9	True
GCST90241654	Interleukin-9 levels (IL9.5834.18.3)	IL9.5834.18.3	IL9	True
GCST90241655	Intersectin-1 levels (ITSN1.14070.56.3)	ITSN1.14070.56.3	ITSN1	True
GCST90241656	Intestinal-type alkaline phosphatase levels (ALPI.10463.23.3)	ALPI.10463.23.3	ALPI	True
GCST90241657	IQ domain-containing protein F1 levels (IQCF1.7991.54.3)	IQCF1.7991.54.3	IQCF1	True
GCST90241658	Iron-sulfur cluster assembly enzyme ISCU, mitochondrial levels (ISCU.7201.5.3)	ISCU.7201.5.3	ISCU	True
GCST90241659	Isochorismatase domain-containing protein 1 levels (ISOC1.9816.37.3)	ISOC1.9816.37.3	ISOC1	True
GCST90241660	Isoleucine--tRNA ligase, cytoplasmic levels (IARS.12815.9.3)	IARS.12815.9.3	IARS	True
GCST90241661	IST1 homolog levels (IST1.12434.25.3)	IST1.12434.25.3	IST1	True
GCST90241662	Isthmin-1 levels (ISM1.8355.80.3)	ISM1.8355.80.3	ISM1	True
GCST90241663	Janus kinase and microtubule-interacting protein 3 levels (JAKMIP3.9068.17.3)	JAKMIP3.9068.17.3	JAKMIP3	True
GCST90241664	Junctional adhesion molecule B levels (JAM2.2997.8.1)	JAM2.2997.8.1	JAM2	True
GCST90241665	Junctional adhesion molecule C levels (JAM3.2998.53.2)	JAM3.2998.53.2	JAM3	True
GCST90241666	Junctional adhesion molecule-like levels (AMICA1.8232.90.3)	AMICA1.8232.90.3	AMICA1	True
GCST90241667	Junctional adhesion molecule-like levels (AMICA1.5094.62.3)	AMICA1.5094.62.3	AMICA1	True
GCST90241668	Junctophilin-1 levels (JPH1.6940.18.3)	JPH1.6940.18.3	JPH1	True
GCST90241669	Junctophilin-3 levels (JPH3.9089.77.3)	JPH3.9089.77.3	JPH3	True
GCST90241670	Kallikrein-11 levels (KLK11.2831.29.1)	KLK11.2831.29.1	KLK11	True
GCST90241671	Kallikrein-12 levels (KLK12.3199.54.2)	KLK12.3199.54.2	KLK12	True
GCST90241672	Kallikrein-14 levels (KLK14.8620.56.3)	KLK14.8620.56.3	KLK14	True
GCST90241673	Kallikrein-14 levels (KLK14.3681.87.3)	KLK14.3681.87.3	KLK14	True
GCST90241674	Kallikrein-15 levels (KLK15.6491.59.3)	KLK15.6491.59.3	KLK15	True
GCST90241675	Kallikrein-4 levels (KLK4.2833.20.1)	KLK4.2833.20.1	KLK4	True
GCST90241676	Kallikrein-5 levels (KLK5.3201.49.2)	KLK5.3201.49.2	KLK5	True
GCST90241677	Kallikrein-5 levels (KLK5.14039.33.3)	KLK5.14039.33.3	KLK5	True
GCST90241678	Kallikrein-6 levels (KLK6.3450.4.2)	KLK6.3450.4.2	KLK6	True
GCST90241679	Kallikrein-7 levels (KLK7.3378.49.2)	KLK7.3378.49.2	KLK7	True
GCST90241680	Kallikrein-8 levels (KLK8.13708.56.3)	KLK8.13708.56.3	KLK8	True
GCST90241681	Kallikrein-8 levels (KLK8.2834.54.1)	KLK8.2834.54.1	KLK8	True
GCST90241682	Kallistatin levels (SERPINA4.3449.58.2)	SERPINA4.3449.58.2	SERPINA4	True
GCST90241683	Kallistatin levels (SERPINA4.14105.5.3)	SERPINA4.14105.5.3	SERPINA4	True
GCST90241684	KDEL motif-containing protein 2 levels (KDELC2.8296.117.3)	KDELC2.8296.117.3	KDELC2	True
GCST90241685	Kelch-like protein 12 levels (KLHL12.12695.62.3)	KLHL12.12695.62.3	KLHL12	True
GCST90241686	Kelch-like protein 13 levels (KLHL13.12463.7.3)	KLHL13.12463.7.3	KLHL13	True
GCST90241687	Kell blood group glycoprotein levels (KEL.7070.25.4)	KEL.7070.25.4	KEL	True
GCST90241688	Keratin-associated protein 2-4 levels (KRTAP2.4.14615.46.3)	KRTAP2.4.14615.46.3	KRTAP2	True
GCST90241689	Keratin, type I cytoskeletal 17 levels (KRT17.12923.51.3)	KRT17.12923.51.3	KRT17	True
GCST90241690	Keratin, type I cytoskeletal 18 levels (KRT18.5354.11.3)	KRT18.5354.11.3	KRT18	True
GCST90241691	Keratin, type I cytoskeletal 20 levels (KRT20.12975.11.3)	KRT20.12975.11.3	KRT20	True
GCST90241692	Keratin, type II cytoskeletal 5 levels (KRT5.11177.16.3)	KRT5.11177.16.3	KRT5	True
GCST90241693	Keratin, type II cytoskeletal 7 levels (KRT7.11383.41.3)	KRT7.11383.41.3	KRT7	True
GCST90241694	Keratinocyte differentiation-associated protein levels (KRTDAP.5739.75.3)	KRTDAP.5739.75.3	KRTDAP	True
GCST90241695	Keratinocyte-associated transmembrane protein 2 levels (KCT2.6365.62.3)	KCT2.6365.62.3	KCT2	True
GCST90241696	Killer cell immunoglobulin-like receptor 2DL2 levels (KIR2DL2.7773.20.3)	KIR2DL2.7773.20.3	KIR2DL2	True
GCST90241697	Killer cell immunoglobulin-like receptor 2DL4 levels (KIR2DL4.5095.7.3)	KIR2DL4.5095.7.3	KIR2DL4	True
GCST90241698	Killer cell immunoglobulin-like receptor 2DL4 levels (KIR2DL4.9245.1.3)	KIR2DL4.9245.1.3	KIR2DL4	True
GCST90241699	Killer cell immunoglobulin-like receptor 2DL5A levels (KIR2DL5A.8000.17.3)	KIR2DL5A.8000.17.3	KIR2DL5A	True
GCST90241700	Killer cell immunoglobulin-like receptor 2DL5A levels (KIR2DL5A.7799.3.3)	KIR2DL5A.7799.3.3	KIR2DL5A	True
GCST90241701	Killer cell immunoglobulin-like receptor 2DS2 levels (KIR2DS2.10428.1.3)	KIR2DS2.10428.1.3	KIR2DS2	True
GCST90241702	Killer cell immunoglobulin-like receptor 3DL2 levels (KIR3DL2.5096.51.3)	KIR3DL2.5096.51.3	KIR3DL2	True
GCST90241703	Killer cell immunoglobulin-like receptor 3DL3 levels (KIR3DL3.7944.1.3)	KIR3DL3.7944.1.3	KIR3DL3	True
GCST90241704	Killer cell immunoglobulin-like receptor 3DS1 levels (KIR3DS1.5097.14.3)	KIR3DS1.5097.14.3	KIR3DS1	True
GCST90241705	Killer cell lectin-like receptor subfamily F member 1 levels (KLRF1.5098.79.3)	KLRF1.5098.79.3	KLRF1	True
GCST90241706	Killer cell lectin-like receptor subfamily F member 1 levels (KLRF1.7756.37.3)	KLRF1.7756.37.3	KLRF1	True
GCST90241707	Kin of IRRE-like protein 2 levels (KIRREL2.7958.15.3)	KIRREL2.7958.15.3	KIRREL2	True
GCST90241708	Kin of IRRE-like protein 2 levels (KIRREL2.9917.16.3)	KIRREL2.9917.16.3	KIRREL2	True
GCST90241709	Kin of IRRE-like protein 3 levels (KIRREL3.4557.61.2)	KIRREL3.4557.61.2	KIRREL3	True
GCST90241710	Kinesin-like protein KIF16B levels (KIF16B.11672.17.3)	KIF16B.11672.17.3	KIF16B	True
GCST90241711	Kinesin-like protein KIF1C levels (KIF1C.9899.28.3)	KIF1C.9899.28.3	KIF1C	True
GCST90241712	Kinesin-like protein KIF23 levels (KIF23.5228.25.2)	KIF23.5228.25.2	KIF23	True
GCST90241713	Kinetochore protein NDC80 homolog levels (NDC80.12730.3.3)	NDC80.12730.3.3	NDC80	True
GCST90243179	Tumor necrosis factor receptor superfamily member 6 levels (FAS.5392.73.2)	FAS.5392.73.2	FAS	True
GCST90243180	Tumor necrosis factor receptor superfamily member 6 levels (FAS.9218.7.3)	FAS.9218.7.3	FAS	True
GCST90243181	Tumor necrosis factor receptor superfamily member 6B levels (TNFRSF6B.5070.76.3)	TNFRSF6B.5070.76.3	TNFRSF6B	True
GCST90243182	Tumor necrosis factor receptor superfamily member 8 levels (TNFRSF8.2605.49.2)	TNFRSF8.2605.49.2	TNFRSF8	True
GCST90243183	Tumor necrosis factor receptor superfamily member EDAR levels (EDAR.2977.7.2)	EDAR.2977.7.2	EDAR	True
GCST90243184	Tumor necrosis factor-inducible gene 6 protein levels (TNFAIP6.5036.50.1)	TNFAIP6.5036.50.1	TNFAIP6	True
GCST90243185	Tumor protein 63 levels (TP63.10040.63.3)	TP63.10040.63.3	TP63	True
GCST90243186	Tumor protein p53-inducible protein 11 levels (TP53I11.13022.20.3)	TP53I11.13022.20.3	TP53I11	True
GCST90243187	Tumor susceptibility gene 101 protein levels (TSG101.13044.5.3)	TSG101.13044.5.3	TSG101	True
GCST90243188	Tumor-associated calcium signal transducer 2 levels (TACSTD2.2619.72.2)	TACSTD2.2619.72.2	TACSTD2	True
GCST90243189	Tumor-associated calcium signal transducer 2 levels (TACSTD2.14034.22.3)	TACSTD2.14034.22.3	TACSTD2	True
GCST90243190	Twinfilin-1 levels (TWF1.12871.10.3)	TWF1.12871.10.3	TWF1	True
GCST90243191	Twisted gastrulation protein homolog 1 levels (TWSG1.9234.8.3)	TWSG1.9234.8.3	TWSG1	True
GCST90243192	TYMS opposite strand protein levels (TYMSOS.8263.64.3)	TYMSOS.8263.64.3	TYMSOS	True
GCST90243193	Type 2 lactosamine alpha-2,3-sialyltransferase levels (ST3GAL6.6947.4.3)	ST3GAL6.6947.4.3	ST3GAL6	True
GCST90243194	Type III endosome membrane protein TEMP levels (C1orf210.8088.56.3)	C1orf210.8088.56.3	C1orf210	True
GCST90243195	Tyrosine-protein kinase ABL1 levels (ABL1.3341.33.4)	ABL1.3341.33.4	ABL1	True
GCST90243196	Tyrosine-protein kinase BTK levels (BTK.3416.2.2)	BTK.3416.2.2	BTK	True
GCST90243197	Tyrosine-protein kinase CSK levels (CSK.3363.31.4)	CSK.3363.31.4	CSK	True
GCST90243198	Tyrosine-protein kinase Fgr levels (FGR.3810.50.2)	FGR.3810.50.2	FGR	True
GCST90243199	Tyrosine-protein kinase FRK levels (FRK.10034.16.3)	FRK.10034.16.3	FRK	True
GCST90243200	Tyrosine-protein kinase Fyn levels (FYN.4550.3.2)	FYN.4550.3.2	FYN	True
GCST90243201	Tyrosine-protein kinase HCK levels (HCK.3374.49.2)	HCK.3374.49.2	HCK	True
GCST90243202	Tyrosine-protein kinase JAK2 levels (JAK2.4998.50.2)	JAK2.4998.50.2	JAK2	True
GCST90243203	Tyrosine-protein kinase Lck levels (LCK.4560.34.2)	LCK.4560.34.2	LCK	True
GCST90243204	Tyrosine-protein kinase Lck levels (LCK.3452.17.2)	LCK.3452.17.2	LCK	True
GCST90243205	Tyrosine-protein kinase Lyn levels (LYN.3453.87.2)	LYN.3453.87.2	LYN	True
GCST90243206	Tyrosine-protein kinase Lyn, isoform B levels (LYN.3381.24.2)	LYN.3381.24.2	LYN	True
GCST90243207	Tyrosine-protein kinase receptor Tie-1, soluble levels (TIE1.2844.53.2)	TIE1.2844.53.2	TIE1	True
GCST90243208	Tyrosine-protein kinase receptor TYRO3 levels (TYRO3.2611.72.2)	TYRO3.2611.72.2	TYRO3	True
GCST90243209	Tyrosine-protein kinase RYK levels (RYK.5583.62.3)	RYK.5583.62.3	RYK	True
GCST90243210	Tyrosine-protein kinase transmembrane receptor ROR1 levels (ROR1.2590.69.4)	ROR1.2590.69.4	ROR1	True
GCST90243211	Tyrosine-protein kinase transmembrane receptor ROR2 levels (ROR2.7861.9.3)	ROR2.7861.9.3	ROR2	True
GCST90243212	Tyrosine-protein kinase Yes levels (YES1.2878.66.2)	YES1.2878.66.2	YES1	True
GCST90243213	Tyrosine-protein kinase ZAP-70 levels (ZAP70.4476.22.2)	ZAP70.4476.22.2	ZAP70	True
GCST90243214	Tyrosine-protein kinase ZAP-70 levels (ZAP70.3837.6.2)	ZAP70.3837.6.2	ZAP70	True
GCST90243215	Tyrosine-protein kinase ZAP-70 levels (ZAP70.4475.60.3)	ZAP70.4475.60.3	ZAP70	True
GCST90243216	Tyrosine-protein phosphatase non-receptor type 1 levels (PTPN1.3005.5.2)	PTPN1.3005.5.2	PTPN1	True
GCST90243217	Tyrosine-protein phosphatase non-receptor type 11 levels (PTPN11.3397.7.4)	PTPN11.3397.7.4	PTPN11	True
GCST90243218	Tyrosine-protein phosphatase non-receptor type 2 levels (PTPN2.3401.8.2)	PTPN2.3401.8.2	PTPN2	True
GCST90243219	Tyrosine-protein phosphatase non-receptor type 4 levels (PTPN4.14254.27.3)	PTPN4.14254.27.3	PTPN4	True
GCST90243220	Tyrosine-protein phosphatase non-receptor type 7 levels (PTPN7.14688.6.3)	PTPN7.14688.6.3	PTPN7	True
GCST90243221	Tyrosine-protein phosphatase non-receptor type 9 levels (PTPN9.12633.3.3)	PTPN9.12633.3.3	PTPN9	True
GCST90243222	Tyrosine-protein phosphatase non-receptor type substrate 1 levels (SIRPA.5430.66.3)	SIRPA.5430.66.3	SIRPA	True
GCST90243223	Tyrosyl-DNA phosphodiesterase 1 levels (TDP1.10073.22.3)	TDP1.10073.22.3	TDP1	True
GCST90243224	U1 small nuclear ribonucleoprotein A levels (SNRPA.12678.66.3)	SNRPA.12678.66.3	SNRPA	True
GCST90243225	U6 snRNA phosphodiesterase levels (USB1.11328.9.3)	USB1.11328.9.3	USB1	True
GCST90243226	Ubiquilin-4 levels (UBQLN4.12720.71.3)	UBQLN4.12720.71.3	UBQLN4	True
GCST90243227	Ubiquinol-cytochrome-c reductase complex assembly factor 3 levels (UQCC3.8228.10.3)	UQCC3.8228.10.3	UQCC3	True
GCST90243228	Ubiquitin levels (RPS27A.4474.19.2)	RPS27A.4474.19.2	RPS27A	True
GCST90243229	Ubiquitin carboxyl-terminal hydrolase 21 levels (USP21.12681.63.3)	USP21.12681.63.3	USP21	True
GCST90243230	Ubiquitin carboxyl-terminal hydrolase 25 levels (USP25.9215.117.3)	USP25.9215.117.3	USP25	True
GCST90243231	Ubiquitin carboxyl-terminal hydrolase 8 levels (USP8.13450.49.3)	USP8.13450.49.3	USP8	True
GCST90243232	Ubiquitin domain-containing protein 2 levels (UBTD2.12875.28.3)	UBTD2.12875.28.3	UBTD2	True
GCST90243233	Ubiquitin thioesterase OTUB2 levels (OTUB2.12493.42.3)	OTUB2.12493.42.3	OTUB2	True
GCST90243234	Ubiquitin-conjugating enzyme E2 B levels (UBE2B.9865.40.3)	UBE2B.9865.40.3	UBE2B	True
GCST90243235	Ubiquitin-conjugating enzyme E2 D4 levels (UBE2D4.13475.10.3)	UBE2D4.13475.10.3	UBE2D4	True
GCST90243236	Ubiquitin-conjugating enzyme E2 G2 levels (UBE2G2.9199.6.3)	UBE2G2.9199.6.3	UBE2G2	True
GCST90243237	Ubiquitin-conjugating enzyme E2 J1 levels (UBE2J1.6900.30.3)	UBE2J1.6900.30.3	UBE2J1	True
GCST90243238	Ubiquitin-conjugating enzyme E2 J2 levels (UBE2J2.6601.1.3)	UBE2J2.6601.1.3	UBE2J2	True
GCST90243239	Ubiquitin-conjugating enzyme E2 J2 levels (UBE2J2.8802.24.3)	UBE2J2.8802.24.3	UBE2J2	True
GCST90243240	Ubiquitin-conjugating enzyme E2 L3 levels (UBE2L3.3874.8.1)	UBE2L3.3874.8.1	UBE2L3	True
GCST90243241	Ubiquitin-conjugating enzyme E2 N levels (UBE2N.3905.62.1)	UBE2N.3905.62.1	UBE2N	True
GCST90243242	Ubiquitin-conjugating enzyme E2 T levels (UBE2T.12400.25.3)	UBE2T.12400.25.3	UBE2T	True
GCST90243243	Ubiquitin-conjugating enzyme E2 variant 1 levels (UBE2V1.11626.7.3)	UBE2V1.11626.7.3	UBE2V1	True
GCST90243244	Ubiquitin-fold modifier 1 levels (UFM1.3836.51.2)	UFM1.3836.51.2	UFM1	True
GCST90243245	Ubiquitin-fold modifier-conjugating enzyme 1 levels (UFC1.3405.6.2)	UFC1.3405.6.2	UFC1	True
GCST90243246	Ubiquitin-like modifier-activating enzyme ATG7 levels (ATG7.12627.97.3)	ATG7.12627.97.3	ATG7	True
GCST90243247	Ubiquitin-like protein 4A levels (UBL4A.11490.42.3)	UBL4A.11490.42.3	UBL4A	True
GCST90243248	Ubiquitin-like protein ISG15 levels (ISG15.14151.4.3)	ISG15.14151.4.3	ISG15	True
GCST90243249	Ubiquitin-like protein ISG15 levels (ISG15.14148.2.3)	ISG15.14148.2.3	ISG15	True
GCST90243250	Ubiquitin+1, truncated mutation for UbB levels (RPS27A.2846.24.2)	RPS27A.2846.24.2	RPS27A	True
GCST90243251	UBX domain-containing protein 4 levels (UBXN4.9970.7.3)	UBXN4.9970.7.3	UBXN4	True
GCST90243252	UBX domain-containing protein 4 levels (UBXN4.9997.12.3)	UBXN4.9997.12.3	UBXN4	True
GCST90243253	UDP-GlcNAc:betaGal beta-1,3-N-acetylglucosaminyltransferase 6 levels (B3GNT6.7082.2.3)	B3GNT6.7082.2.3	B3GNT6	True
GCST90243254	UDP-GlcNAc:betaGal beta-1,3-N-acetylglucosaminyltransferase 8 levels (B3GNT8.9297.12.3)	B3GNT8.9297.12.3	B3GNT8	True
GCST90243255	UDP-glucuronic acid decarboxylase 1 levels (UXS1.8258.22.3)	UXS1.8258.22.3	UXS1	True
GCST90243256	UDP-glucuronosyltransferase 1-6 levels (UGT1A6.7891.45.3)	UGT1A6.7891.45.3	UGT1A6	True
GCST90243257	UDP-glucuronosyltransferase 1-8 levels (UGT1A8.8899.75.3)	UGT1A8.8899.75.3	UGT1A8	True
GCST90243258	UDP-glucuronosyltransferase 2A1 levels (UGT2A1.8907.11.3)	UGT2A1.8907.11.3	UGT2A1	True
GCST90243259	UDP-N-acetylhexosamine pyrophosphorylase levels (UAP1.13580.2.3)	UAP1.13580.2.3	UAP1	True
GCST90243260	UMP-CMP kinase levels (CMPK1.4786.58.3)	CMPK1.4786.58.3	CMPK1	True
GCST90243261	UMP-CMP kinase levels (CMPK1.8312.139.3)	CMPK1.8312.139.3	CMPK1	True
GCST90243262	Uncharacterized family 31 glucosidase KIAA1161 levels (KIAA1161.8068.43.3)	KIAA1161.8068.43.3	KIAA1161	True
GCST90243263	Uncharacterized family 31 glucosidase KIAA1161 levels (KIAA1161.8093.13.3)	KIAA1161.8093.13.3	KIAA1161	True
GCST90243264	Uncharacterized protein C10orf35 levels (C10orf35.8220.15.3)	C10orf35.8220.15.3	C10orf35	True
GCST90243265	Uncharacterized protein C14orf93 levels (C14orf93.6439.59.3)	C14orf93.6439.59.3	C14orf93	True
GCST90243266	Uncharacterized protein C17orf67 levels (C17orf67.9070.1.3)	C17orf67.9070.1.3	C17orf67	True
GCST90243267	Uncharacterized protein C17orf78 levels (C17orf78.8545.14.3)	C17orf78.8545.14.3	C17orf78	True
GCST90243268	Uncharacterized protein C17orf78 levels (C17orf78.6571.75.3)	C17orf78.6571.75.3	C17orf78	True
GCST90243269	Uncharacterized protein C17orf89 levels (C17orf89.9030.56.3)	C17orf89.9030.56.3	C17orf89	True
GCST90243270	Uncharacterized protein C19orf18 levels (C19orf18.9445.44.3)	C19orf18.9445.44.3	C19orf18	True
GCST90243271	Uncharacterized protein C1orf115 levels (C1orf115.8366.19.3)	C1orf115.8366.19.3	C1orf115	True
GCST90243272	Uncharacterized protein C1orf185 levels (C1orf185.10667.78.3)	C1orf185.10667.78.3	C1orf185	True
GCST90243273	Uncharacterized protein C1orf198 levels (C1orf198.8035.6.3)	C1orf198.8035.6.3	C1orf198	True
GCST90243274	Uncharacterized protein C1orf226 levels (C1orf226.7989.5.3)	C1orf226.7989.5.3	C1orf226	True
GCST90243275	Uncharacterized protein C22orf15 levels (C22orf15.7073.69.4)	C22orf15.7073.69.4	C22orf15	True
GCST90243276	Uncharacterized protein C2orf66 levels (C2orf66.5677.15.3)	C2orf66.5677.15.3	C2orf66	True
GCST90243277	Uncharacterized protein C2orf82 levels (C2orf82.9439.454.3)	C2orf82.9439.454.3	C2orf82	True
GCST90243278	Uncharacterized protein C3orf18 levels (C3orf18.6994.19.3)	C3orf18.6994.19.3	C3orf18	True
GCST90243279	Uncharacterized protein C6orf226 levels (C6orf226.8078.15.3)	C6orf226.8078.15.3	C6orf226	True
GCST90243280	Uncharacterized protein C7orf69 levels (C7orf69.9544.24.3)	C7orf69.9544.24.3	C7orf69	True
GCST90243281	Uncharacterized protein KIAA0040 levels (KIAA0040.14603.51.3)	KIAA0040.14603.51.3	KIAA0040	True
GCST90243282	Uncharacterized protein KIAA1467 levels (KIAA1467.7892.132.3)	KIAA1467.7892.132.3	KIAA1467	True
GCST90243283	Uncharacterized protein KIAA2013 levels (KIAA2013.6538.90.3)	KIAA2013.6538.90.3	KIAA2013	True
GCST90243284	Unconventional myosin-VI levels (MYO6.9894.13.3)	MYO6.9894.13.3	MYO6	True
GCST90243285	Unique cartilage matrix-associated protein levels (UCMA.10977.55.3)	UCMA.10977.55.3	UCMA	True
GCST90243286	UPF0258 protein KIAA1024 levels (KIAA1024.9075.121.3)	KIAA1024.9075.121.3	KIAA1024	True
GCST90243287	UPF0454 protein C12orf49 levels (C12orf49.9387.13.3)	C12orf49.9387.13.3	C12orf49	True
GCST90243288	UPF0488 protein C8orf33 levels (C8orf33.9613.16.3)	C8orf33.9613.16.3	C8orf33	True
GCST90243289	UPF0577 protein KIAA1324 levels (KIAA1324.10637.50.3)	KIAA1324.10637.50.3	KIAA1324	True
GCST90243290	UPF0577 protein KIAA1324 levels (KIAA1324.9097.5.3)	KIAA1324.9097.5.3	KIAA1324	True
GCST90243291	UPF0577 protein KIAA1324-like levels (KIAA1324L.8363.18.3)	KIAA1324L.8363.18.3	KIAA1324L	True
GCST90243292	UPF0696 protein C11orf68 levels (C11orf68.8307.47.3)	C11orf68.8307.47.3	C11orf68	True
GCST90243293	UPF0729 protein C18orf32 levels (C18orf32.8236.8.3)	C18orf32.8236.8.3	C18orf32	True
GCST90243294	Urea transporter 1 levels (SLC14A1.13430.50.3)	SLC14A1.13430.50.3	SLC14A1	True
GCST90241714	Kit ligand levels (KITLG.9377.25.3)	KITLG.9377.25.3	KITLG	True
GCST90241715	Kremen protein 1 levels (KREMEN1.6512.68.3)	KREMEN1.6512.68.3	KREMEN1	True
GCST90241716	Kremen protein 2 levels (KREMEN2.3202.28.2)	KREMEN2.3202.28.2	KREMEN2	True
GCST90241717	Kunitz-type protease inhibitor 1 levels (SPINT1.2828.82.2)	SPINT1.2828.82.2	SPINT1	True
GCST90241718	Kunitz-type protease inhibitor 2 levels (SPINT2.2843.13.2)	SPINT2.2843.13.2	SPINT2	True
GCST90241719	Kunitz-type protease inhibitor 3 levels (SPINT3.7926.13.3)	SPINT3.7926.13.3	SPINT3	True
GCST90241720	Kv channel-interacting protein 1 levels (KCNIP1.13650.11.3)	KCNIP1.13650.11.3	KCNIP1	True
GCST90241721	Kynureninase levels (KYNU.4559.64.2)	KYNU.4559.64.2	KYNU	True
GCST90241722	Kynurenine--oxoglutarate transaminase 3 levels (CCBL2.12682.5.3)	CCBL2.12682.5.3	CCBL2	True
GCST90241723	L-lactate dehydrogenase B chain levels (LDHB.3890.8.2)	LDHB.3890.8.2	LDHB	True
GCST90241724	L-lactate dehydrogenase C chain levels (LDHC.9828.86.3)	LDHC.9828.86.3	LDHC	True
GCST90241725	L-Selectin levels (SELL.4831.4.2)	SELL.4831.4.2	SELL	True
GCST90241726	Lactadherin levels (MFGE8.4455.89.2)	MFGE8.4455.89.2	MFGE8	True
GCST90241727	Lactase-like protein levels (LCTL.10890.135.3)	LCTL.10890.135.3	LCTL	True
GCST90241728	Lactase-phlorizin hydrolase levels (LCT.9017.58.3)	LCT.9017.58.3	LCT	True
GCST90241729	Lactoferrin levels (LTF.2795.23.3)	LTF.2795.23.3	LTF	True
GCST90241730	Lactoperoxidase levels (LPO.4801.13.3)	LPO.4801.13.3	LPO	True
GCST90241731	Lactosylceramide 4-alpha-galactosyltransferase levels (A4GALT.8759.29.3)	A4GALT.8759.29.3	A4GALT	True
GCST90241732	Lactotransferrin levels (LTF.2780.35.2)	LTF.2780.35.2	LTF	True
GCST90241733	Lactoylglutathione lyase levels (GLO1.9883.29.3)	GLO1.9883.29.3	GLO1	True
GCST90241734	Ladinin-1 levels (LAD1.6407.63.3)	LAD1.6407.63.3	LAD1	True
GCST90241735	Lamin-B1 levels (LMNB1.3889.64.2)	LMNB1.3889.64.2	LMNB1	True
GCST90241736	Lamina-associated polypeptide 2, isoforms beta/gamma levels (TMPO.8265.225.3)	TMPO.8265.225.3	TMPO	True
GCST90241737	Laminin levels (LAMA1.LAMB1.LAMC1.2728.62.2)	LAMA1.LAMB1.LAMC1.2728.62.2	LAMA1	True
GCST90241738	Laminin subunit alpha-4 levels (LAMA4.6577.64.3)	LAMA4.6577.64.3	LAMA4	True
GCST90241739	Laminin subunit gamma-2 levels (LAMC2.9580.5.3)	LAMC2.9580.5.3	LAMC2	True
GCST90241740	Latent-transforming growth factor beta-binding protein 4 levels (LTBP4.13133.73.3)	LTBP4.13133.73.3	LTBP4	True
GCST90241741	Layilin levels (LAYN.2635.61.2)	LAYN.2635.61.2	LAYN	True
GCST90241742	LDLR chaperone MESD levels (MESDC2.5594.87.3)	MESDC2.5594.87.3	MESDC2	True
GCST90241743	Legumain levels (LGMN.3622.33.4)	LGMN.3622.33.4	LGMN	True
GCST90241744	Leiomodin-1 levels (LMOD1.12504.26.3)	LMOD1.12504.26.3	LMOD1	True
GCST90241745	LEM domain-containing protein 1 levels (LEMD1.8040.9.3)	LEMD1.8040.9.3	LEMD1	True
GCST90241746	Leptin levels (LEP.2575.5.5)	LEP.2575.5.5	LEP	True
GCST90241747	Leptin levels (LEP.8484.24.3)	LEP.8484.24.3	LEP	True
GCST90241748	Leptin levels (LEP.8484.8.3)	LEP.8484.8.3	LEP	True
GCST90241749	Leptin receptor levels (LEPR.5400.52.3)	LEPR.5400.52.3	LEPR	True
GCST90241750	Leptin receptor levels (LEPR.9566.103.3)	LEPR.9566.103.3	LEPR	True
GCST90241751	Leucine carboxyl methyltransferase 1 levels (LCMT1.4237.70.3)	LCMT1.4237.70.3	LCMT1	True
GCST90241752	Leucine-rich PPR motif-containing protein, mitochondrial levels (LRPPRC.9046.46.3)	LRPPRC.9046.46.3	LRPPRC	True
GCST90241753	Leucine-rich repeat and calponin homology domain-containing protein 4 levels (LRCH4.11252.30.3)	LRCH4.11252.30.3	LRCH4	True
GCST90241754	Leucine-rich repeat and calponin homology domain-containing protein 4 levels (LRCH4.8984.28.3)	LRCH4.8984.28.3	LRCH4	True
GCST90241755	Leucine-rich repeat and fibronectin type III domain-containing protein 1 levels (LRFN1.7910.41.3)	LRFN1.7910.41.3	LRFN1	True
GCST90241756	Leucine-rich repeat and fibronectin type-III domain-containing protein 2 levels (LRFN2.7200.4.3)	LRFN2.7200.4.3	LRFN2	True
GCST90241757	Leucine-rich repeat and immunoglobulin-like domain-containing nogo receptor-interacting protein 1 levels (LINGO1.6620.82.3)	LINGO1.6620.82.3	LINGO1	True
GCST90241758	Leucine-rich repeat and immunoglobulin-like domain-containing nogo receptor-interacting protein 3 levels (LINGO3.10827.67.3)	LINGO3.10827.67.3	LINGO3	True
GCST90241759	Leucine-rich repeat and transmembrane domain-containing protein 1 levels (LRTM1.9368.64.3)	LRTM1.9368.64.3	LRTM1	True
GCST90241760	Leucine-rich repeat and transmembrane domain-containing protein 2 levels (LRTM2.8906.60.3)	LRTM2.8906.60.3	LRTM2	True
GCST90241761	Leucine-rich repeat LGI family member 3 levels (LGI3.8003.57.3)	LGI3.8003.57.3	LGI3	True
GCST90241762	Leucine-rich repeat neuronal protein 1 levels (LRRN1.11293.14.3)	LRRN1.11293.14.3	LRRN1	True
GCST90241763	Leucine-rich repeat neuronal protein 1 levels (LRRN1.11586.2.3)	LRRN1.11586.2.3	LRRN1	True
GCST90241764	Leucine-rich repeat neuronal protein 3 levels (LRRN3.10471.25.3)	LRRN3.10471.25.3	LRRN3	True
GCST90241765	Leucine-rich repeat serine/threonine-protein kinase 2 levels (LRRK2.10990.21.3)	LRRK2.10990.21.3	LRRK2	True
GCST90241766	Leucine-rich repeat transmembrane neuronal protein 1 levels (LRRTM1.4452.9.2)	LRRTM1.4452.9.2	LRRTM1	True
GCST90241767	Leucine-rich repeat transmembrane neuronal protein 2 levels (LRRTM2.6904.14.3)	LRRTM2.6904.14.3	LRRTM2	True
GCST90241768	Leucine-rich repeat transmembrane neuronal protein 4 levels (LRRTM4.6572.10.3)	LRRTM4.6572.10.3	LRRTM4	True
GCST90241769	Leucine-rich repeat transmembrane neuronal protein 4 levels (LRRTM4.8646.61.3)	LRRTM4.8646.61.3	LRRTM4	True
GCST90241770	Leucine-rich repeat transmembrane protein FLRT1 levels (FLRT1.4547.59.2)	FLRT1.4547.59.2	FLRT1	True
GCST90241771	Leucine-rich repeat transmembrane protein FLRT1 levels (FLRT1.13739.3.3)	FLRT1.13739.3.3	FLRT1	True
GCST90241772	Leucine-rich repeat transmembrane protein FLRT2 levels (FLRT2.13122.19.3)	FLRT2.13122.19.3	FLRT2	True
GCST90241773	Leucine-rich repeat transmembrane protein FLRT3 levels (FLRT3.13123.3.3)	FLRT3.13123.3.3	FLRT3	True
GCST90241774	Leucine-rich repeat transmembrane protein FLRT3 levels (FLRT3.9128.34.3)	FLRT3.9128.34.3	FLRT3	True
GCST90241775	Leucine-rich repeat-containing protein 15 levels (LRRC15.6557.50.3)	LRRC15.6557.50.3	LRRC15	True
GCST90241776	Leucine-rich repeat-containing protein 19 levels (LRRC19.7014.27.3)	LRRC19.7014.27.3	LRRC19	True
GCST90241777	Leucine-rich repeat-containing protein 3 levels (LRRC3.6917.49.3)	LRRC3.6917.49.3	LRRC3	True
GCST90241778	Leucine-rich repeat-containing protein 37A2 levels (LRRC37A2.8897.3.3)	LRRC37A2.8897.3.3	LRRC37A2	True
GCST90241779	Leucine-rich repeat-containing protein 4B levels (LRRC4B.11911.13.3)	LRRC4B.11911.13.3	LRRC4B	True
GCST90241780	Leucine-rich repeat-containing protein 4C levels (LRRC4C.9369.174.3)	LRRC4C.9369.174.3	LRRC4C	True
GCST90241781	Leucine-rich repeat-containing protein 74A levels (LRRC74A.8389.8.3)	LRRC74A.8389.8.3	LRRC74A	True
GCST90241782	Leucine-rich repeat, immunoglobulin-like domain and transmembrane domain-containing protein 2 levels (LRIT2.11716.28.3)	LRIT2.11716.28.3	LRIT2	True
GCST90241783	Leucine-rich repeat, immunoglobulin-like domain and transmembrane domain-containing protein 3 levels (LRIT3.11534.6.3)	LRIT3.11534.6.3	LRIT3	True
GCST90241784	Leucine-rich repeat, immunoglobulin-like domain and transmembrane domain-containing protein 3 levels (LRIT3.11919.84.3)	LRIT3.11919.84.3	LRIT3	True
GCST90241785	Leucine-rich repeats and immunoglobulin-like domains protein 3 levels (LRIG3.3322.52.2)	LRIG3.3322.52.2	LRIG3	True
GCST90241786	Leukemia inhibitory factor levels (LIF.7790.21.3)	LIF.7790.21.3	LIF	True
GCST90241787	Leukemia inhibitory factor receptor levels (LIFR.5837.49.3)	LIFR.5837.49.3	LIFR	True
GCST90241788	Leukocyte cell-derived chemotaxin 1 levels (LECT1.9928.125.3)	LECT1.9928.125.3	LECT1	True
GCST90241789	Leukocyte immunoglobulin-like receptor subfamily A member 4 levels (LILRA4.8299.66.3)	LILRA4.8299.66.3	LILRA4	True
GCST90241790	Leukocyte immunoglobulin-like receptor subfamily A member 5 levels (LILRA5.7787.25.3)	LILRA5.7787.25.3	LILRA5	True
GCST90241791	Leukocyte immunoglobulin-like receptor subfamily A member 5 levels (LILRA5.8766.29.3)	LILRA5.8766.29.3	LILRA5	True
GCST90241792	Leukocyte immunoglobulin-like receptor subfamily A member 6 levels (LILRA6.7059.14.3)	LILRA6.7059.14.3	LILRA6	True
GCST90241793	Leukocyte immunoglobulin-like receptor subfamily B member 1 levels (LILRB1.5090.49.2)	LILRB1.5090.49.2	LILRB1	True
GCST90241794	Leukocyte immunoglobulin-like receptor subfamily B member 2 levels (LILRB2.5633.65.3)	LILRB2.5633.65.3	LILRB2	True
GCST90241795	Leukocyte immunoglobulin-like receptor subfamily B member 2 levels (LILRB2.5091.28.3)	LILRB2.5091.28.3	LILRB2	True
GCST90241796	Leukocyte immunoglobulin-like receptor subfamily B member 3 levels (LILRB3.11334.7.3)	LILRB3.11334.7.3	LILRB3	True
GCST90241797	Leukocyte immunoglobulin-like receptor subfamily B member 4 levels (LILRB4.6453.70.3)	LILRB4.6453.70.3	LILRB4	True
GCST90241798	Leukocyte immunoglobulin-like receptor subfamily B member 5 levels (LILRB5.7015.8.3)	LILRB5.7015.8.3	LILRB5	True
GCST90241799	Leukocyte surface antigen CD47 levels (CD47.6653.58.3)	CD47.6653.58.3	CD47	True
GCST90241800	Leukocyte-associated immunoglobulin-like receptor 1 levels (LAIR1.11284.24.3)	LAIR1.11284.24.3	LAIR1	True
GCST90241801	Leukocyte-specific transcript 1 protein levels (LST1.9531.24.3)	LST1.9531.24.3	LST1	True
GCST90241802	Leukotriene A-4 hydrolase levels (LTA4H.3204.2.2)	LTA4H.3204.2.2	LTA4H	True
GCST90241803	Ligand-dependent nuclear receptor corepressor-like protein levels (LCORL.4304.18.2)	LCORL.4304.18.2	LCORL	True
GCST90241804	LIM and cysteine-rich domains protein 1 levels (LMCD1.9530.6.3)	LMCD1.9530.6.3	LMCD1	True
GCST90241805	Limbic system-associated membrane protein levels (LSAMP.2999.6.2)	LSAMP.2999.6.2	LSAMP	True
GCST90241806	Linker for activation of T-cells family member 1 levels (LAT.10551.7.3)	LAT.10551.7.3	LAT	True
GCST90241807	Linker for activation of T-cells family member 2 levels (LAT2.5613.75.3)	LAT2.5613.75.3	LAT2	True
GCST90241808	Lipase member K levels (LIPK.6413.79.3)	LIPK.6413.79.3	LIPK	True
GCST90241809	Lipase member N levels (LIPN.8097.77.3)	LIPN.8097.77.3	LIPN	True
GCST90241810	Lipocalin-1 levels (LCN1.11708.2.3)	LCN1.11708.2.3	LCN1	True
GCST90241811	Lon protease homolog, mitochondrial levels (LONP1.6398.12.3)	LONP1.6398.12.3	LONP1	True
GCST90241812	Low affinity immunoglobulin epsilon Fc receptor levels (FCER2.3291.30.2)	FCER2.3291.30.2	FCER2	True
GCST90241813	Low affinity immunoglobulin gamma Fc region receptor II-a levels (FCGR2A.3309.2.2)	FCGR2A.3309.2.2	FCGR2A	True
GCST90241814	Low affinity immunoglobulin gamma Fc region receptor II-b levels (FCGR2B.3310.62.1)	FCGR2B.3310.62.1	FCGR2B	True
GCST90241815	Low affinity immunoglobulin gamma Fc region receptor III-B levels (FCGR3B.3311.27.1)	FCGR3B.3311.27.1	FCGR3B	True
GCST90241816	Low molecular weight phosphotyrosine protein phosphatase levels (ACP1.3858.5.1)	ACP1.3858.5.1	ACP1	True
GCST90241817	Low-density lipoprotein receptor levels (LDLR.13129.40.3)	LDLR.13129.40.3	LDLR	True
GCST90241818	Low-density lipoprotein receptor-related protein 1, soluble levels (LRP1.8601.167.3)	LRP1.8601.167.3	LRP1	True
GCST90241819	Low-density lipoprotein receptor-related protein 1, soluble levels (LRP1.9182.3.3)	LRP1.9182.3.3	LRP1	True
GCST90241820	Low-density lipoprotein receptor-related protein 1B levels (LRP1B.11275.94.3)	LRP1B.11275.94.3	LRP1B	True
GCST90241821	Low-density lipoprotein receptor-related protein 1B levels (LRP1B.7640.29.3)	LRP1B.7640.29.3	LRP1B	True
GCST90241822	Low-density lipoprotein receptor-related protein 8 levels (LRP8.3323.37.1)	LRP8.3323.37.1	LRP8	True
GCST90241823	Lupus La protein levels (SSB.13526.5.3)	SSB.13526.5.3	SSB	True
GCST90241824	Lupus La protein levels (SSB.13625.19.3)	SSB.13625.19.3	SSB	True
GCST90241825	Luteinizing hormone levels (CGA.LHB.2953.31.2)	CGA.LHB.2953.31.2	CGA	True
GCST90241826	Lutropin subunit beta levels (LHB.8376.25.4)	LHB.8376.25.4	LHB	True
GCST90241827	Ly6/PLAUR domain-containing protein 3 levels (LYPD3.13107.9.3)	LYPD3.13107.9.3	LYPD3	True
GCST90241828	Lymphocyte activation gene 3 protein levels (LAG3.5099.14.3)	LAG3.5099.14.3	LAG3	True
GCST90241829	Lymphocyte activation gene 3 protein levels (LAG3.9950.229.3)	LAG3.9950.229.3	LAG3	True
GCST90241830	Lymphocyte antigen 6 complex locus protein G6c levels (LY6G6C.6256.9.3)	LY6G6C.6256.9.3	LY6G6C	True
