Rank	Disease	Category	Protein	Gene	Protein_class	Immune_class	Plasma_detectability	PIRS_coefficient	PIRS_direction	CV_stability	Sensitivity_contrib	Specificity_contrib	AUROC_contrib	MR_OR	MR_FDR	MR_support	Coloc_PP_H4	Coloc_support	pQTL_support	Protein_level_causal	Replication	Known_drug_status	Druggability	Novelty_score_PINS	Novelty_tier	Novelty_tier_label	Causal_predictive_concordance	Therapeutic_direction	Biomarker_or_target	Best_figure_panel	Best_validation_experiment	Final_recommendation
1	Dementia	Neuro/Aging	Angiotensin-converting enzyme	ACE	Candidate cardiovascular disease genes, CD markers, Disease related genes, Enzymes, FDA approved drug targets, Human disease related genes, Metabolic proteins, Plasma proteins, Predicted intracellular proteins, Predicted membrane proteins, Predicted secreted proteins	Immune-cell-enriched	High (secreted to blood)	NA (train PIRS)	NA	NA (train PIRS)	NA (train PIRS)	NA (train PIRS)	NA (train PIRS)	0.44	3.36e-06	yes	0.995	yes (PP.H4>=0.8)	no	no	not tested	not an approved target	High (FDA-precedented class, tractable)	4.089	4	Prioritized causal target (transcript-level)	Causal-only (PIRS not trained)	Agonize / recombinant-protein replacement (protective, secreted)	Prioritized target (transcript-level)	Panel E (novelty-priority map)	Protein-level pQTL-MR + coloc in an independent plasma pQTL panel (UKB-PPP/deCODE); then over-expression/supplementation in relevant primary cells	Prioritize: obtain plasma pQTL to upgrade to protein-level
2	Hypertension	Cardiovascular	Interferon gamma receptor 2	IFNGR2	Disease related genes, FDA approved drug targets, Human disease related genes, Predicted membrane proteins	Interferon axis	High (soluble receptor / shed)	NA (train PIRS)	NA	NA (train PIRS)	NA (train PIRS)	NA (train PIRS)	NA (train PIRS)	1.066	3.70e-06	yes	0.985	yes (PP.H4>=0.8)	no	no	not tested	not an approved target	High (FDA-precedented class, tractable)	4.071	4	Prioritized causal target (transcript-level)	Causal-only (PIRS not trained)	Block (antagonist / neutralizing antibody / small molecule)	Prioritized target (transcript-level)	Panel E (novelty-priority map)	Protein-level pQTL-MR + coloc in an independent plasma pQTL panel (UKB-PPP/deCODE); then neutralization/knockdown in relevant primary cells	Prioritize: obtain plasma pQTL to upgrade to protein-level
3	Type 1 diabetes	Metabolic	Receptor tyrosine-protein kinase erbB-3	ERBB3	Cancer-related genes, Disease related genes, Enzymes, Human disease related genes, Plasma proteins, Potential drug targets, Predicted intracellular proteins, Predicted membrane proteins, Predicted secreted proteins, Transporters	Immune-cell-enriched	High (secreted to blood)	NA (train PIRS)	NA	NA (train PIRS)	NA (train PIRS)	NA (train PIRS)	NA (train PIRS)	0.424	5.02e-08	yes	0.901	yes (PP.H4>=0.8)	no	no	not tested	not an approved target	Moderate	4.028	4	Prioritized causal target (transcript-level)	Causal-only (PIRS not trained)	Replace / decoy-receptor or agonist (protective, soluble)	Prioritized target (transcript-level)	Panel E (novelty-priority map)	Protein-level pQTL-MR + coloc in an independent plasma pQTL panel (UKB-PPP/deCODE); then over-expression/supplementation in relevant primary cells	Prioritize: obtain plasma pQTL to upgrade to protein-level
4	Type 1 diabetes	Metabolic	Interleukin-2 receptor subunit alpha	IL2RA	Cancer-related genes, CD markers, Disease related genes, FDA approved drug targets, Human disease related genes, Plasma proteins, Predicted membrane proteins	Cytokine/Interleukin	High (soluble receptor / shed)	NA (train PIRS)	NA	NA (train PIRS)	NA (train PIRS)	NA (train PIRS)	NA (train PIRS)	0.302	2.08e-07	yes	0.994	yes (PP.H4>=0.8)	no	no	not tested	not an approved target	High (FDA-precedented class, tractable)	3.831	4	Prioritized causal target (transcript-level)	Causal-only (PIRS not trained)	Replace / decoy-receptor or agonist (protective, soluble)	Prioritized target (transcript-level)	Panel E (novelty-priority map)	Protein-level pQTL-MR + coloc in an independent plasma pQTL panel (UKB-PPP/deCODE); then over-expression/supplementation in relevant primary cells	Prioritize: obtain plasma pQTL to upgrade to protein-level
5	Coronary heart disease	Cardiovascular	Urokinase plasminogen activator surface receptor	PLAUR	Cancer-related genes, CD markers, FDA approved drug targets, Predicted intracellular proteins, Predicted membrane proteins	Immune-cell-enriched	High (soluble receptor / shed)	NA (train PIRS)	NA	NA (train PIRS)	NA (train PIRS)	NA (train PIRS)	NA (train PIRS)	1.587	8.12e-07	yes	0.899	yes (PP.H4>=0.8)	no	no	not tested	not an approved target	High (FDA-precedented class, tractable)	3.617	4	Prioritized causal target (transcript-level)	Causal-only (PIRS not trained)	Block (antagonist / neutralizing antibody / small molecule)	Prioritized target (transcript-level)	Panel E (novelty-priority map)	Protein-level pQTL-MR + coloc in an independent plasma pQTL panel (UKB-PPP/deCODE); then neutralization/knockdown in relevant primary cells	Prioritize: obtain plasma pQTL to upgrade to protein-level
6	Psoriasis	Autoimmune	Interferon gamma receptor 2	IFNGR2	Disease related genes, FDA approved drug targets, Human disease related genes, Predicted membrane proteins	Interferon axis	High (soluble receptor / shed)	NA (train PIRS)	NA	NA (train PIRS)	NA (train PIRS)	NA (train PIRS)	NA (train PIRS)	0.876	1.14e-03	yes	0.974	yes (PP.H4>=0.8)	no	no	replicated	not an approved target	High (FDA-precedented class, tractable)	3.562	4	Prioritized causal target (transcript-level)	Causal-only (PIRS not trained)	Replace / decoy-receptor or agonist (protective, soluble)	Prioritized target (transcript-level)	Panel E (novelty-priority map)	Protein-level pQTL-MR + coloc in an independent plasma pQTL panel (UKB-PPP/deCODE); then over-expression/supplementation in relevant primary cells	Prioritize: obtain plasma pQTL to upgrade to protein-level
7	Coronary heart disease	Cardiovascular	Proline/serine-rich coiled-coil protein 1	PSRC1	Predicted intracellular proteins	Immune-cell-enriched	Measured (Olink Explore panel)	NA (train PIRS)	NA	NA (train PIRS)	NA (train PIRS)	NA (train PIRS)	NA (train PIRS)	0.85	2.24e-16	yes	0.988	yes (PP.H4>=0.8)	no	no	not tested	not an approved target	Uncertain	3.488	4	Prioritized causal target (transcript-level)	Causal-only (PIRS not trained)	Agonize (protective; intracellular route caution)	Prioritized target (transcript-level)	Panel E (novelty-priority map)	Protein-level pQTL-MR + coloc in an independent plasma pQTL panel (UKB-PPP/deCODE); then over-expression/supplementation in relevant primary cells	Prioritize: obtain plasma pQTL to upgrade to protein-level
8	Hypertension	Cardiovascular	Tyrosine-protein kinase Fes/Fps	FES	Cancer-related genes, Disease related genes, Enzymes, Potential drug targets, Predicted intracellular proteins	Immune-cell-enriched	Measured (Olink Explore panel)	NA (train PIRS)	NA	NA (train PIRS)	NA (train PIRS)	NA (train PIRS)	NA (train PIRS)	0.847	1.48e-29	yes	0.978	yes (PP.H4>=0.8)	no	no	not tested	not an approved target	Uncertain	3.478	4	Prioritized causal target (transcript-level)	Causal-only (PIRS not trained)	Agonize (protective; intracellular route caution)	Prioritized target (transcript-level)	Panel E (novelty-priority map)	Protein-level pQTL-MR + coloc in an independent plasma pQTL panel (UKB-PPP/deCODE); then over-expression/supplementation in relevant primary cells	Prioritize: obtain plasma pQTL to upgrade to protein-level
9	Atrial fibrillation	Cardiovascular	Angiotensin-converting enzyme	ACE	Candidate cardiovascular disease genes, CD markers, Disease related genes, Enzymes, FDA approved drug targets, Human disease related genes, Metabolic proteins, Plasma proteins, Predicted intracellular proteins, Predicted membrane proteins, Predicted secreted proteins	Immune-cell-enriched	High (secreted to blood)	NA (train PIRS)	NA	NA (train PIRS)	NA (train PIRS)	NA (train PIRS)	NA (train PIRS)	1.724	1.26e-03	yes	0.878	yes (PP.H4>=0.8)	no	no	not tested	not an approved target	High (FDA-precedented class, tractable)	3.458	4	Prioritized causal target (transcript-level)	Causal-only (PIRS not trained)	Block (antagonist / neutralizing antibody / small molecule)	Prioritized target (transcript-level)	Panel E (novelty-priority map)	Protein-level pQTL-MR + coloc in an independent plasma pQTL panel (UKB-PPP/deCODE); then neutralization/knockdown in relevant primary cells	Prioritize: obtain plasma pQTL to upgrade to protein-level
10	Rheumatoid arthritis	Autoimmune	Switch-associated protein 70	SWAP70	Predicted intracellular proteins	Immune-cell-enriched	Measured (Olink Explore panel)	NA (train PIRS)	NA	NA (train PIRS)	NA (train PIRS)	NA (train PIRS)	NA (train PIRS)	0.829	4.13e-03	yes	0.966	yes (PP.H4>=0.8)	yes (concordant, protein-level)	yes	replicated	not an approved target	Uncertain	3.443	4	Prioritized causal target (transcript-level)	Causal-only (PIRS not trained)	Agonize (protective; intracellular route caution)	Therapeutic target (protein-level)	Panel E (novelty-priority map)	Protein-level pQTL-MR + coloc in an independent plasma pQTL panel (UKB-PPP/deCODE); then over-expression/supplementation in relevant primary cells	Prioritize: obtain plasma pQTL to upgrade to protein-level
11	Alzheimer's disease	Neuro/Aging	Angiotensin-converting enzyme	ACE	Candidate cardiovascular disease genes, CD markers, Disease related genes, Enzymes, FDA approved drug targets, Human disease related genes, Metabolic proteins, Plasma proteins, Predicted intracellular proteins, Predicted membrane proteins, Predicted secreted proteins	Immune-cell-enriched	High (secreted to blood)	NA (train PIRS)	NA	NA (train PIRS)	NA (train PIRS)	NA (train PIRS)	NA (train PIRS)	0.43	6.05e-03	yes	0.978	yes (PP.H4>=0.8)	no	no	not tested	not an approved target	High (FDA-precedented class, tractable)	3.421	4	Prioritized causal target (transcript-level)	Causal-only (PIRS not trained)	Agonize / recombinant-protein replacement (protective, secreted)	Prioritized target (transcript-level)	Panel E (novelty-priority map)	Protein-level pQTL-MR + coloc in an independent plasma pQTL panel (UKB-PPP/deCODE); then over-expression/supplementation in relevant primary cells	Prioritize: obtain plasma pQTL to upgrade to protein-level
12	Type 2 diabetes	Metabolic	Serine protease inhibitor Kazal-type 8	SPINK8	Predicted secreted proteins	Immune-cell-enriched	High (secreted to blood)	NA (train PIRS)	NA	NA (train PIRS)	NA (train PIRS)	NA (train PIRS)	NA (train PIRS)	0.834	8.44e-06	yes	0.974	yes (PP.H4>=0.8)	no	no	not tested	not an approved target	Low-moderate	3.323	4	Prioritized causal target (transcript-level)	Causal-only (PIRS not trained)	Agonize / recombinant-protein replacement (protective, secreted)	Prioritized target (transcript-level)	Panel E (novelty-priority map)	Protein-level pQTL-MR + coloc in an independent plasma pQTL panel (UKB-PPP/deCODE); then over-expression/supplementation in relevant primary cells	Prioritize: obtain plasma pQTL to upgrade to protein-level
13	Hypertension	Cardiovascular	Tyrosine-protein kinase Mer	MERTK	Disease related genes, Enzymes, Human disease related genes, Plasma proteins, Potential drug targets, Predicted intracellular proteins, Predicted membrane proteins	Immune-cell-enriched	Measured (Olink Explore panel)	NA (train PIRS)	NA	NA (train PIRS)	NA (train PIRS)	NA (train PIRS)	NA (train PIRS)	1.062	5.03e-06	yes	0.872	yes (PP.H4>=0.8)	no	no	not tested	not an approved target	Low-moderate	3.265	4	Prioritized causal target (transcript-level)	Causal-only (PIRS not trained)	Block (antagonist / neutralizing antibody / small molecule)	Prioritized target (transcript-level)	Panel E (novelty-priority map)	Protein-level pQTL-MR + coloc in an independent plasma pQTL panel (UKB-PPP/deCODE); then neutralization/knockdown in relevant primary cells	Prioritize: obtain plasma pQTL to upgrade to protein-level
14	Type 1 diabetes	Metabolic	N-fatty-acyl-amino acid synthase/hydrolase PM20D1	PM20D1	Enzymes, Predicted secreted proteins	Immune-cell-enriched	High (secreted to blood)	NA (train PIRS)	NA	NA (train PIRS)	NA (train PIRS)	NA (train PIRS)	NA (train PIRS)	0.758	2.99e-03	yes	0.918	yes (PP.H4>=0.8)	no	no	not tested	not an approved target	Low-moderate	3.256	4	Prioritized causal target (transcript-level)	Causal-only (PIRS not trained)	Agonize / recombinant-protein replacement (protective, secreted)	Prioritized target (transcript-level)	Panel E (novelty-priority map)	Protein-level pQTL-MR + coloc in an independent plasma pQTL panel (UKB-PPP/deCODE); then over-expression/supplementation in relevant primary cells	Prioritize: obtain plasma pQTL to upgrade to protein-level
15	Hypertension	Cardiovascular	Annexin A2	ANXA2	Cancer-related genes, Disease related genes, FDA approved drug targets, Plasma proteins, Predicted intracellular proteins, Predicted secreted proteins, Transporters	Immune-cell-enriched	High (secreted to blood)	NA (train PIRS)	NA	NA (train PIRS)	NA (train PIRS)	NA (train PIRS)	NA (train PIRS)	1.11	2.75e-04	yes	0.997	yes (PP.H4>=0.8)	no	no	not tested	not an approved target	High (FDA-precedented class, tractable)	3.209	4	Prioritized causal target (transcript-level)	Causal-only (PIRS not trained)	Block (antagonist / neutralizing antibody / small molecule)	Prioritized target (transcript-level)	Panel E (novelty-priority map)	Protein-level pQTL-MR + coloc in an independent plasma pQTL panel (UKB-PPP/deCODE); then neutralization/knockdown in relevant primary cells	Prioritize: obtain plasma pQTL to upgrade to protein-level
16	Coeliac disease	Autoimmune	Hepatitis A virus cellular receptor 1	HAVCR1	CD markers, Predicted membrane proteins	Immune-cell-enriched	High (soluble receptor / shed)	NA (train PIRS)	NA	NA (train PIRS)	NA (train PIRS)	NA (train PIRS)	NA (train PIRS)	2.414	5.88e-03	yes	0.912	yes (PP.H4>=0.8)	yes (concordant, protein-level)	yes	not covered	not an approved target	Low-moderate	3.192	4	Prioritized causal target (transcript-level)	Causal-only (PIRS not trained)	Block (antagonist / neutralizing antibody / small molecule)	Therapeutic target (protein-level)	Panel E (novelty-priority map)	Protein-level pQTL-MR + coloc in an independent plasma pQTL panel (UKB-PPP/deCODE); then neutralization/knockdown in relevant primary cells	Prioritize: obtain plasma pQTL to upgrade to protein-level
17	Epilepsy	Neuro/Aging	N-fatty-acyl-amino acid synthase/hydrolase PM20D1	PM20D1	Enzymes, Predicted secreted proteins	Immune-cell-enriched	High (secreted to blood)	NA (train PIRS)	NA	NA (train PIRS)	NA (train PIRS)	NA (train PIRS)	NA (train PIRS)	0.869	7.10e-03	yes	0.887	yes (PP.H4>=0.8)	no	no	not tested	not an approved target	Low-moderate	3.15	4	Prioritized causal target (transcript-level)	Causal-only (PIRS not trained)	Agonize / recombinant-protein replacement (protective, secreted)	Prioritized target (transcript-level)	Panel E (novelty-priority map)	Protein-level pQTL-MR + coloc in an independent plasma pQTL panel (UKB-PPP/deCODE); then over-expression/supplementation in relevant primary cells	Prioritize: obtain plasma pQTL to upgrade to protein-level
18	Guillain-Barre	Autoimmune	Sialic acid-binding Ig-like lectin 9	SIGLEC9	Predicted membrane proteins	Immune-cell-enriched	Measured (Olink Explore panel)	NA (train PIRS)	NA	NA (train PIRS)	NA (train PIRS)	NA (train PIRS)	NA (train PIRS)	2.943	1.55e-02	yes	0.948	yes (PP.H4>=0.8)	yes (concordant, protein-level)	yes	not covered	not an approved target	Low-moderate	3.143	4	Prioritized causal target (transcript-level)	Causal-only (PIRS not trained)	Block (antagonist / neutralizing antibody / small molecule)	Therapeutic target (protein-level)	Panel E (novelty-priority map)	Protein-level pQTL-MR + coloc in an independent plasma pQTL panel (UKB-PPP/deCODE); then neutralization/knockdown in relevant primary cells	Prioritize: obtain plasma pQTL to upgrade to protein-level
19	Guillain-Barre	Autoimmune	Sialic acid-binding Ig-like lectin 7	SIGLEC7	CD markers, Predicted intracellular proteins, Predicted membrane proteins	Immune-cell-enriched	Measured (Olink Explore panel)	NA (train PIRS)	NA	NA (train PIRS)	NA (train PIRS)	NA (train PIRS)	NA (train PIRS)	3.053	1.55e-02	yes	0.948	yes (PP.H4>=0.8)	yes (concordant, protein-level)	yes	not covered	not an approved target	Low-moderate	3.143	4	Prioritized causal target (transcript-level)	Causal-only (PIRS not trained)	Block (antagonist / neutralizing antibody / small molecule)	Therapeutic target (protein-level)	Panel E (novelty-priority map)	Protein-level pQTL-MR + coloc in an independent plasma pQTL panel (UKB-PPP/deCODE); then neutralization/knockdown in relevant primary cells	Prioritize: obtain plasma pQTL to upgrade to protein-level
20	Type 1 diabetes	Metabolic	T-cell surface antigen CD2	CD2	CD markers, FDA approved drug targets, Predicted intracellular proteins, Predicted membrane proteins	CD/Leukocyte surface	Measured (Olink Explore panel)	NA (train PIRS)	NA	NA (train PIRS)	NA (train PIRS)	NA (train PIRS)	NA (train PIRS)	4.076	2.23e-03	yes	0.979	yes (PP.H4>=0.8)	no	no	not tested	not an approved target	High (FDA-precedented class, tractable)	3.009	4	Prioritized causal target (transcript-level)	Causal-only (PIRS not trained)	Block (antagonist / neutralizing antibody / small molecule)	Prioritized target (transcript-level)	Panel E (novelty-priority map)	Protein-level pQTL-MR + coloc in an independent plasma pQTL panel (UKB-PPP/deCODE); then neutralization/knockdown in relevant primary cells	Prioritize: obtain plasma pQTL to upgrade to protein-level
21	Obesity	Metabolic	Coagulation factor XII	F12	Candidate cardiovascular disease genes, Disease related genes, Enzymes, FDA approved drug targets, Human disease related genes, Plasma proteins, Predicted secreted proteins	Immune-cell-enriched	High (secreted to blood)	NA (train PIRS)	NA	NA (train PIRS)	NA (train PIRS)	NA (train PIRS)	NA (train PIRS)	1.476	6.81e-03	yes	0.947	yes (PP.H4>=0.8)	no	no	not tested	not an approved target	High (FDA-precedented class, tractable)	2.88	4	Prioritized causal target (transcript-level)	Causal-only (PIRS not trained)	Block (antagonist / neutralizing antibody / small molecule)	Prioritized target (transcript-level)	Panel E (novelty-priority map)	Protein-level pQTL-MR + coloc in an independent plasma pQTL panel (UKB-PPP/deCODE); then neutralization/knockdown in relevant primary cells	Prioritize: obtain plasma pQTL to upgrade to protein-level
22	Atrial fibrillation	Cardiovascular	Receptor tyrosine-protein kinase erbB-2	ERBB2	Cancer-related genes, CD markers, Disease related genes, Enzymes, FDA approved drug targets, Human disease related genes, Plasma proteins, Predicted intracellular proteins, Predicted membrane proteins, Transporters	Immune-cell-enriched	High (soluble receptor / shed)	NA (train PIRS)	NA	NA (train PIRS)	NA (train PIRS)	NA (train PIRS)	NA (train PIRS)	1.654	1.88e-02	yes	0.902	yes (PP.H4>=0.8)	no	no	not tested	not an approved target	High (FDA-precedented class, tractable)	2.747	4	Prioritized causal target (transcript-level)	Causal-only (PIRS not trained)	Block (antagonist / neutralizing antibody / small molecule)	Prioritized target (transcript-level)	Panel E (novelty-priority map)	Protein-level pQTL-MR + coloc in an independent plasma pQTL panel (UKB-PPP/deCODE); then neutralization/knockdown in relevant primary cells	Prioritize: obtain plasma pQTL to upgrade to protein-level
23	Sarcoidosis	Autoimmune	CD226 antigen	CD226	CD markers, Human disease related genes, Predicted intracellular proteins, Predicted membrane proteins	CD/Leukocyte surface	Measured (Olink Explore panel)	NA (train PIRS)	NA	NA (train PIRS)	NA (train PIRS)	NA (train PIRS)	NA (train PIRS)	0.806	1.54e-02	yes	0.804	yes (PP.H4>=0.8)	no	no	concordant (ns)	not an approved target	Low-moderate	2.499	4	Prioritized causal target (transcript-level)	Causal-only (PIRS not trained)	Agonize (protective; intracellular route caution)	Prioritized target (transcript-level)	Panel E (novelty-priority map)	Protein-level pQTL-MR + coloc in an independent plasma pQTL panel (UKB-PPP/deCODE); then over-expression/supplementation in relevant primary cells	Prioritize: obtain plasma pQTL to upgrade to protein-level
24	Atrial fibrillation	Cardiovascular	Tyrosine-protein kinase Fes/Fps	FES	Cancer-related genes, Disease related genes, Enzymes, Potential drug targets, Predicted intracellular proteins	Immune-cell-enriched	Measured (Olink Explore panel)	NA (train PIRS)	NA	NA (train PIRS)	NA (train PIRS)	NA (train PIRS)	NA (train PIRS)	0.878	2.19e-05	yes	0.991	yes (PP.H4>=0.8)	no	no	not tested	not an approved target	Uncertain	2.423	4	Prioritized causal target (transcript-level)	Causal-only (PIRS not trained)	Agonize (protective; intracellular route caution)	Prioritized target (transcript-level)	Panel E (novelty-priority map)	Protein-level pQTL-MR + coloc in an independent plasma pQTL panel (UKB-PPP/deCODE); then over-expression/supplementation in relevant primary cells	Prioritize: obtain plasma pQTL to upgrade to protein-level
25	Obesity	Metabolic	Latent-transforming growth factor beta-binding protein 3	LTBP3	Disease related genes, Human disease related genes, Predicted intracellular proteins, Predicted secreted proteins	Cytokine/Interleukin	High (secreted to blood)	NA (train PIRS)	NA	NA (train PIRS)	NA (train PIRS)	NA (train PIRS)	NA (train PIRS)	1.127	1.03e-03	yes	0.947	yes (PP.H4>=0.8)	no	no	not tested	not an approved target	Low-moderate	2.378	4	Prioritized causal target (transcript-level)	Causal-only (PIRS not trained)	Block (antagonist / neutralizing antibody / small molecule)	Prioritized target (transcript-level)	Panel E (novelty-priority map)	Protein-level pQTL-MR + coloc in an independent plasma pQTL panel (UKB-PPP/deCODE); then neutralization/knockdown in relevant primary cells	Prioritize: obtain plasma pQTL to upgrade to protein-level
26	Coeliac disease	Autoimmune	Protransforming growth factor alpha	TGFA	Cancer-related genes, Human disease related genes, Plasma proteins, Predicted membrane proteins, Predicted secreted proteins, RAS pathway related proteins	Immune-cell-enriched	High (secreted to blood)	NA (train PIRS)	NA	NA (train PIRS)	NA (train PIRS)	NA (train PIRS)	NA (train PIRS)	0.635	3.28e-02	yes	0.88	yes (PP.H4>=0.8)	no	no	not tested	not an approved target	Moderate	2.344	4	Prioritized causal target (transcript-level)	Causal-only (PIRS not trained)	Agonize / recombinant-protein replacement (protective, secreted)	Prioritized target (transcript-level)	Panel E (novelty-priority map)	Protein-level pQTL-MR + coloc in an independent plasma pQTL panel (UKB-PPP/deCODE); then over-expression/supplementation in relevant primary cells	Prioritize: obtain plasma pQTL to upgrade to protein-level
27	Sjogren syndrome	Autoimmune	Urokinase-type plasminogen activator	PLAU	Cancer-related genes, Disease related genes, Enzymes, Plasma proteins, Potential drug targets, Predicted intracellular proteins, Predicted secreted proteins	Immune-cell-enriched	High (secreted to blood)	NA (train PIRS)	NA	NA (train PIRS)	NA (train PIRS)	NA (train PIRS)	NA (train PIRS)	1.656	2.23e-03	yes	0.977	yes (PP.H4>=0.8)	no	no	not covered	not an approved target	Low-moderate	2.341	4	Prioritized causal target (transcript-level)	Causal-only (PIRS not trained)	Block (antagonist / neutralizing antibody / small molecule)	Prioritized target (transcript-level)	Panel E (novelty-priority map)	Protein-level pQTL-MR + coloc in an independent plasma pQTL panel (UKB-PPP/deCODE); then neutralization/knockdown in relevant primary cells	Prioritize: obtain plasma pQTL to upgrade to protein-level
28	Type 1 diabetes	Metabolic	Pro-cathepsin H	CTSH	Cancer-related genes, Enzymes, Human disease related genes, Metabolic proteins, Plasma proteins, Predicted intracellular proteins	Immune-cell-enriched	Measured (Olink Explore panel)	NA (train PIRS)	NA	NA (train PIRS)	NA (train PIRS)	NA (train PIRS)	NA (train PIRS)	1.228	1.21e-04	yes	0.998	yes (PP.H4>=0.8)	no	no	not tested	not an approved target	Uncertain	2.282	4	Prioritized causal target (transcript-level)	Causal-only (PIRS not trained)	Block (antagonist / neutralizing antibody / small molecule)	Prioritized target (transcript-level)	Panel E (novelty-priority map)	Protein-level pQTL-MR + coloc in an independent plasma pQTL panel (UKB-PPP/deCODE); then neutralization/knockdown in relevant primary cells	Prioritize: obtain plasma pQTL to upgrade to protein-level
29	Coronary heart disease	Cardiovascular	Scavenger receptor class B member 1	SCARB1	Metabolic proteins, Predicted intracellular proteins, Predicted membrane proteins, Transporters	Immune-cell-enriched	High (soluble receptor / shed)	NA (train PIRS)	NA	NA (train PIRS)	NA (train PIRS)	NA (train PIRS)	NA (train PIRS)	0.907	3.79e-03	yes	0.956	yes (PP.H4>=0.8)	no	no	not tested	not an approved target	Low-moderate	2.273	4	Prioritized causal target (transcript-level)	Causal-only (PIRS not trained)	Replace / decoy-receptor or agonist (protective, soluble)	Prioritized target (transcript-level)	Panel E (novelty-priority map)	Protein-level pQTL-MR + coloc in an independent plasma pQTL panel (UKB-PPP/deCODE); then over-expression/supplementation in relevant primary cells	Prioritize: obtain plasma pQTL to upgrade to protein-level
30	Atrial fibrillation	Cardiovascular	6-phosphofructo-2-kinase/fructose-2,6-bisphosphatase 2	PFKFB2	Enzymes, Metabolic proteins, Predicted intracellular proteins	Immune-cell-enriched	Measured (Olink Explore panel)	NA (train PIRS)	NA	NA (train PIRS)	NA (train PIRS)	NA (train PIRS)	NA (train PIRS)	0.561	6.51e-04	yes	0.99	yes (PP.H4>=0.8)	no	no	not tested	not an approved target	Uncertain	2.127	4	Prioritized causal target (transcript-level)	Causal-only (PIRS not trained)	Agonize (protective; intracellular route caution)	Prioritized target (transcript-level)	Panel E (novelty-priority map)	Protein-level pQTL-MR + coloc in an independent plasma pQTL panel (UKB-PPP/deCODE); then over-expression/supplementation in relevant primary cells	Prioritize: obtain plasma pQTL to upgrade to protein-level
31	Type 2 diabetes	Metabolic	C-type lectin domain family 4 member A	CLEC4A	CD markers, Predicted intracellular proteins, Predicted membrane proteins	Immune-cell-enriched	Measured (Olink Explore panel)	NA (train PIRS)	NA	NA (train PIRS)	NA (train PIRS)	NA (train PIRS)	NA (train PIRS)	0.906	1.02e-02	yes	0.861	yes (PP.H4>=0.8)	no	no	not tested	not an approved target	Low-moderate	2.093	4	Prioritized causal target (transcript-level)	Causal-only (PIRS not trained)	Agonize (protective; intracellular route caution)	Prioritized target (transcript-level)	Panel E (novelty-priority map)	Protein-level pQTL-MR + coloc in an independent plasma pQTL panel (UKB-PPP/deCODE); then over-expression/supplementation in relevant primary cells	Prioritize: obtain plasma pQTL to upgrade to protein-level
32	Venous thromboembolism	Cardiovascular	Retinoid-inducible serine carboxypeptidase	SCPEP1	Enzymes, Predicted intracellular proteins, Predicted secreted proteins	Immune-cell-enriched	High (secreted to blood)	NA (train PIRS)	NA	NA (train PIRS)	NA (train PIRS)	NA (train PIRS)	NA (train PIRS)	1.277	1.02e-02	yes	0.86	yes (PP.H4>=0.8)	no	no	not tested	not an approved target	Low-moderate	2.091	4	Prioritized causal target (transcript-level)	Causal-only (PIRS not trained)	Block (antagonist / neutralizing antibody / small molecule)	Prioritized target (transcript-level)	Panel E (novelty-priority map)	Protein-level pQTL-MR + coloc in an independent plasma pQTL panel (UKB-PPP/deCODE); then neutralization/knockdown in relevant primary cells	Prioritize: obtain plasma pQTL to upgrade to protein-level
33	Hypertension	Cardiovascular	6-phosphofructo-2-kinase/fructose-2,6-bisphosphatase 2	PFKFB2	Enzymes, Metabolic proteins, Predicted intracellular proteins	Immune-cell-enriched	Measured (Olink Explore panel)	NA (train PIRS)	NA	NA (train PIRS)	NA (train PIRS)	NA (train PIRS)	NA (train PIRS)	0.725	1.58e-03	yes	0.968	yes (PP.H4>=0.8)	no	no	not tested	not an approved target	Uncertain	2.028	4	Prioritized causal target (transcript-level)	Causal-only (PIRS not trained)	Agonize (protective; intracellular route caution)	Prioritized target (transcript-level)	Panel E (novelty-priority map)	Protein-level pQTL-MR + coloc in an independent plasma pQTL panel (UKB-PPP/deCODE); then over-expression/supplementation in relevant primary cells	Prioritize: obtain plasma pQTL to upgrade to protein-level
34	Alzheimer's disease	Neuro/Aging	Hepatitis A virus cellular receptor 2	HAVCR2	CD markers, Disease related genes, Predicted intracellular proteins, Predicted membrane proteins	Immune checkpoint	High (soluble receptor / shed)	NA (train PIRS)	NA	NA (train PIRS)	NA (train PIRS)	NA (train PIRS)	NA (train PIRS)	0.757	2.44e-02	yes	0.818	yes (PP.H4>=0.8)	no	no	not tested	not an approved target	Low-moderate	1.974	4	Prioritized causal target (transcript-level)	Causal-only (PIRS not trained)	Replace / decoy-receptor or agonist (protective, soluble)	Prioritized target (transcript-level)	Panel E (novelty-priority map)	Protein-level pQTL-MR + coloc in an independent plasma pQTL panel (UKB-PPP/deCODE); then over-expression/supplementation in relevant primary cells	Prioritize: obtain plasma pQTL to upgrade to protein-level
35	Rheumatoid arthritis	Autoimmune	Carbonic anhydrase-related protein	CA8	Cancer-related genes, Disease related genes, Human disease related genes, Predicted intracellular proteins	Immune-cell-enriched	Measured (Olink Explore panel)	NA (train PIRS)	NA	NA (train PIRS)	NA (train PIRS)	NA (train PIRS)	NA (train PIRS)	0.746	1.18e-03	yes	0.883	yes (PP.H4>=0.8)	no	no	replicated	not an approved target	Uncertain	1.968	4	Prioritized causal target (transcript-level)	Causal-only (PIRS not trained)	Agonize (protective; intracellular route caution)	Prioritized target (transcript-level)	Panel E (novelty-priority map)	Protein-level pQTL-MR + coloc in an independent plasma pQTL panel (UKB-PPP/deCODE); then over-expression/supplementation in relevant primary cells	Prioritize: obtain plasma pQTL to upgrade to protein-level
36	Alzheimer's disease	Neuro/Aging	Scavenger receptor class F member 1	SCARF1	Predicted membrane proteins	Immune-cell-enriched	High (soluble receptor / shed)	NA (train PIRS)	NA	NA (train PIRS)	NA (train PIRS)	NA (train PIRS)	NA (train PIRS)	2.558	3.21e-02	yes	0.803	yes (PP.H4>=0.8)	no	no	not tested	not an approved target	Low-moderate	1.935	4	Prioritized causal target (transcript-level)	Causal-only (PIRS not trained)	Block (antagonist / neutralizing antibody / small molecule)	Prioritized target (transcript-level)	Panel E (novelty-priority map)	Protein-level pQTL-MR + coloc in an independent plasma pQTL panel (UKB-PPP/deCODE); then neutralization/knockdown in relevant primary cells	Prioritize: obtain plasma pQTL to upgrade to protein-level
37	Autoimmune hyperthyroidism	Autoimmune	Interleukin-12 receptor subunit beta-2	IL12RB2	Human disease related genes, Predicted intracellular proteins, Predicted membrane proteins	Cytokine/Interleukin	High (soluble receptor / shed)	NA (train PIRS)	NA	NA (train PIRS)	NA (train PIRS)	NA (train PIRS)	NA (train PIRS)	1.324	4.04e-02	yes	0.823	yes (PP.H4>=0.8)	no	no	not tested	not an approved target	Low-moderate	1.935	4	Prioritized causal target (transcript-level)	Causal-only (PIRS not trained)	Block (antagonist / neutralizing antibody / small molecule)	Prioritized target (transcript-level)	Panel E (novelty-priority map)	Protein-level pQTL-MR + coloc in an independent plasma pQTL panel (UKB-PPP/deCODE); then neutralization/knockdown in relevant primary cells	Prioritize: obtain plasma pQTL to upgrade to protein-level
38	Venous thromboembolism	Cardiovascular	PDZ and LIM domain protein 7	PDLIM7	Predicted intracellular proteins	Immune-cell-enriched	Measured (Olink Explore panel)	NA (train PIRS)	NA	NA (train PIRS)	NA (train PIRS)	NA (train PIRS)	NA (train PIRS)	0.718	4.82e-03	yes	0.955	yes (PP.H4>=0.8)	no	no	not tested	not an approved target	Uncertain	1.918	4	Prioritized causal target (transcript-level)	Causal-only (PIRS not trained)	Agonize (protective; intracellular route caution)	Prioritized target (transcript-level)	Panel E (novelty-priority map)	Protein-level pQTL-MR + coloc in an independent plasma pQTL panel (UKB-PPP/deCODE); then over-expression/supplementation in relevant primary cells	Prioritize: obtain plasma pQTL to upgrade to protein-level
39	Dementia	Neuro/Aging	Rap guanine nucleotide exchange factor 2	RAPGEF2	Disease related genes, Human disease related genes, Predicted intracellular proteins	Immune-cell-enriched	Measured (Olink Explore panel)	NA (train PIRS)	NA	NA (train PIRS)	NA (train PIRS)	NA (train PIRS)	NA (train PIRS)	1.109	6.52e-03	yes	0.94	yes (PP.H4>=0.8)	no	no	not tested	not an approved target	Uncertain	1.878	4	Prioritized causal target (transcript-level)	Causal-only (PIRS not trained)	Block (antagonist / neutralizing antibody / small molecule)	Prioritized target (transcript-level)	Panel E (novelty-priority map)	Protein-level pQTL-MR + coloc in an independent plasma pQTL panel (UKB-PPP/deCODE); then neutralization/knockdown in relevant primary cells	Prioritize: obtain plasma pQTL to upgrade to protein-level
40	Coeliac disease	Autoimmune	Protein numb homolog	NUMB	Cancer-related genes, Predicted intracellular proteins	Immune-cell-enriched	Measured (Olink Explore panel)	NA (train PIRS)	NA	NA (train PIRS)	NA (train PIRS)	NA (train PIRS)	NA (train PIRS)	0.565	5.54e-03	yes	0.902	yes (PP.H4>=0.8)	no	no	not covered	not an approved target	Uncertain	1.853	4	Prioritized causal target (transcript-level)	Causal-only (PIRS not trained)	Agonize (protective; intracellular route caution)	Prioritized target (transcript-level)	Panel E (novelty-priority map)	Protein-level pQTL-MR + coloc in an independent plasma pQTL panel (UKB-PPP/deCODE); then over-expression/supplementation in relevant primary cells	Prioritize: obtain plasma pQTL to upgrade to protein-level
41	Rheumatoid arthritis	Autoimmune	Protein numb homolog	NUMB	Cancer-related genes, Predicted intracellular proteins	Immune-cell-enriched	Measured (Olink Explore panel)	NA (train PIRS)	NA	NA (train PIRS)	NA (train PIRS)	NA (train PIRS)	NA (train PIRS)	0.719	6.65e-03	yes	0.903	yes (PP.H4>=0.8)	no	no	concordant (ns)	not an approved target	Uncertain	1.838	4	Prioritized causal target (transcript-level)	Causal-only (PIRS not trained)	Agonize (protective; intracellular route caution)	Prioritized target (transcript-level)	Panel E (novelty-priority map)	Protein-level pQTL-MR + coloc in an independent plasma pQTL panel (UKB-PPP/deCODE); then over-expression/supplementation in relevant primary cells	Prioritize: obtain plasma pQTL to upgrade to protein-level
42	Alzheimer's disease	Neuro/Aging	Rap guanine nucleotide exchange factor 2	RAPGEF2	Disease related genes, Human disease related genes, Predicted intracellular proteins	Immune-cell-enriched	Measured (Olink Explore panel)	NA (train PIRS)	NA	NA (train PIRS)	NA (train PIRS)	NA (train PIRS)	NA (train PIRS)	1.153	1.04e-02	yes	0.939	yes (PP.H4>=0.8)	no	no	not tested	not an approved target	Uncertain	1.836	4	Prioritized causal target (transcript-level)	Causal-only (PIRS not trained)	Block (antagonist / neutralizing antibody / small molecule)	Prioritized target (transcript-level)	Panel E (novelty-priority map)	Protein-level pQTL-MR + coloc in an independent plasma pQTL panel (UKB-PPP/deCODE); then neutralization/knockdown in relevant primary cells	Prioritize: obtain plasma pQTL to upgrade to protein-level
43	Crohn's disease	Autoimmune	Histamine N-methyltransferase	HNMT	Disease related genes, Enzymes, Human disease related genes, Metabolic proteins, Potential drug targets, Predicted intracellular proteins	Immune-cell-enriched	Measured (Olink Explore panel)	NA (train PIRS)	NA	NA (train PIRS)	NA (train PIRS)	NA (train PIRS)	NA (train PIRS)	0.642	1.69e-02	yes	0.926	yes (PP.H4>=0.8)	no	no	not covered	not an approved target	Uncertain	1.78	4	Prioritized causal target (transcript-level)	Causal-only (PIRS not trained)	Agonize (protective; intracellular route caution)	Prioritized target (transcript-level)	Panel E (novelty-priority map)	Protein-level pQTL-MR + coloc in an independent plasma pQTL panel (UKB-PPP/deCODE); then over-expression/supplementation in relevant primary cells	Prioritize: obtain plasma pQTL to upgrade to protein-level
44	Rheumatoid arthritis	Autoimmune	Myosin light chain 6B	MYL6B	Plasma proteins, Predicted intracellular proteins	Immune-cell-enriched	Measured (Olink Explore panel)	NA (train PIRS)	NA	NA (train PIRS)	NA (train PIRS)	NA (train PIRS)	NA (train PIRS)	1.396	5.52e-03	yes	0.81	yes (PP.H4>=0.8)	no	no	replicated	not an approved target	Uncertain	1.761	4	Prioritized causal target (transcript-level)	Causal-only (PIRS not trained)	Block (antagonist / neutralizing antibody / small molecule)	Prioritized target (transcript-level)	Panel E (novelty-priority map)	Protein-level pQTL-MR + coloc in an independent plasma pQTL panel (UKB-PPP/deCODE); then neutralization/knockdown in relevant primary cells	Prioritize: obtain plasma pQTL to upgrade to protein-level
45	Crohn's disease	Autoimmune	B-cell CLL/lymphoma 7 protein family member A	BCL7A	Cancer-related genes, Disease related genes, Predicted intracellular proteins	Immune-cell-enriched	Measured (Olink Explore panel)	NA (train PIRS)	NA	NA (train PIRS)	NA (train PIRS)	NA (train PIRS)	NA (train PIRS)	0.573	2.75e-02	yes	0.874	yes (PP.H4>=0.8)	no	no	not tested	not an approved target	Uncertain	1.686	4	Prioritized causal target (transcript-level)	Causal-only (PIRS not trained)	Agonize (protective; intracellular route caution)	Prioritized target (transcript-level)	Panel E (novelty-priority map)	Protein-level pQTL-MR + coloc in an independent plasma pQTL panel (UKB-PPP/deCODE); then over-expression/supplementation in relevant primary cells	Prioritize: obtain plasma pQTL to upgrade to protein-level
46	Hypertension	Cardiovascular	Angiotensin-converting enzyme	ACE	Candidate cardiovascular disease genes, CD markers, Disease related genes, Enzymes, FDA approved drug targets, Human disease related genes, Metabolic proteins, Plasma proteins, Predicted intracellular proteins, Predicted membrane proteins, Predicted secreted proteins	Immune-cell-enriched	High (secreted to blood)	NA (train PIRS)	NA	NA (train PIRS)	NA (train PIRS)	NA (train PIRS)	NA (train PIRS)	1.611	7.26e-09	yes	0.735	no	no	no	not tested	not an approved target	High (FDA-precedented class, tractable)	4.363	3	Causal nomination (MR only)	Causal-only (PIRS not trained)	Block (antagonist / neutralizing antibody / small molecule)	Target nomination (causal, needs coloc)	Panel B/C (performance + signature)	Transcript-to-protein bridge: acquire cis-pQTL, test colocalization	Nominate: causal but needs colocalization before resourcing
47	Venous thromboembolism	Cardiovascular	Endothelial protein C receptor	PROCR	Candidate cardiovascular disease genes, CD markers, FDA approved drug targets, Plasma proteins, Predicted intracellular proteins, Predicted membrane proteins	Immune-cell-enriched	High (soluble receptor / shed)	NA (train PIRS)	NA	NA (train PIRS)	NA (train PIRS)	NA (train PIRS)	NA (train PIRS)	0.547	6.29e-18	yes	0.0	no	no	no	not tested	not an approved target	High (FDA-precedented class, tractable)	3.5	3	Causal nomination (MR only)	Causal-only (PIRS not trained)	Replace / decoy-receptor or agonist (protective, soluble)	Target nomination (causal, needs coloc)	Panel B/C (performance + signature)	Transcript-to-protein bridge: acquire cis-pQTL, test colocalization	Nominate: causal but needs colocalization before resourcing
48	Glaucoma	Neuro/Aging	Latent-transforming growth factor beta-binding protein 2	LTBP2	Disease related genes, Human disease related genes, Plasma proteins, Predicted intracellular proteins, Predicted secreted proteins	Cytokine/Interleukin	High (secreted to blood)	NA (train PIRS)	NA	NA (train PIRS)	NA (train PIRS)	NA (train PIRS)	NA (train PIRS)	0.667	2.28e-07	yes	0.455	no	no	no	not tested	not an approved target	Low-moderate	3.117	3	Causal nomination (MR only)	Causal-only (PIRS not trained)	Agonize / recombinant-protein replacement (protective, secreted)	Target nomination (causal, needs coloc)	Panel B/C (performance + signature)	Transcript-to-protein bridge: acquire cis-pQTL, test colocalization	Nominate: causal but needs colocalization before resourcing
49	Hypertension	Cardiovascular	Serine protease inhibitor Kazal-type 8	SPINK8	Predicted secreted proteins	Immune-cell-enriched	High (secreted to blood)	NA (train PIRS)	NA	NA (train PIRS)	NA (train PIRS)	NA (train PIRS)	NA (train PIRS)	0.848	1.62e-06	yes	0.62	no	no	no	not tested	not an approved target	Low-moderate	3.111	3	Causal nomination (MR only)	Causal-only (PIRS not trained)	Agonize / recombinant-protein replacement (protective, secreted)	Target nomination (causal, needs coloc)	Panel B/C (performance + signature)	Transcript-to-protein bridge: acquire cis-pQTL, test colocalization	Nominate: causal but needs colocalization before resourcing
50	Sarcoidosis	Autoimmune	Tumor necrosis factor receptor superfamily member 3	LTBR	Cancer-related genes, Plasma proteins, Predicted intracellular proteins, Predicted membrane proteins	Cytokine/Interleukin	High (soluble receptor / shed)	NA (train PIRS)	NA	NA (train PIRS)	NA (train PIRS)	NA (train PIRS)	NA (train PIRS)	1.391	3.79e-03	yes	0.793	no	yes (concordant, protein-level)	no	replicated	not an approved target	Low-moderate	3.11	3	Causal nomination (MR only)	Causal-only (PIRS not trained)	Block (antagonist / neutralizing antibody / small molecule)	Target nomination (causal, needs coloc)	Panel B/C (performance + signature)	Transcript-to-protein bridge: acquire cis-pQTL, test colocalization	Nominate: causal but needs colocalization before resourcing
51	Type 1 diabetes	Metabolic	Leukemia inhibitory factor	LIF	Cancer-related genes, Plasma proteins, Predicted intracellular proteins, Predicted secreted proteins	Cytokine/Interleukin	High (secreted to blood)	NA (train PIRS)	NA	NA (train PIRS)	NA (train PIRS)	NA (train PIRS)	NA (train PIRS)	53.925	5.10e-08	yes	0.634	no	no	no	not tested	not an approved target	Low-moderate	2.926	3	Causal nomination (MR only)	Causal-only (PIRS not trained)	Block (antagonist / neutralizing antibody / small molecule)	Target nomination (causal, needs coloc)	Panel B/C (performance + signature)	Transcript-to-protein bridge: acquire cis-pQTL, test colocalization	Nominate: causal but needs colocalization before resourcing
52	Obesity	Metabolic	N-fatty-acyl-amino acid synthase/hydrolase PM20D1	PM20D1	Enzymes, Predicted secreted proteins	Immune-cell-enriched	High (secreted to blood)	NA (train PIRS)	NA	NA (train PIRS)	NA (train PIRS)	NA (train PIRS)	NA (train PIRS)	1.097	2.31e-02	yes	0.694	no	no	no	not tested	not an approved target	Low-moderate	2.855	3	Causal nomination (MR only)	Causal-only (PIRS not trained)	Block (antagonist / neutralizing antibody / small molecule)	Target nomination (causal, needs coloc)	Panel B/C (performance + signature)	Transcript-to-protein bridge: acquire cis-pQTL, test colocalization	Nominate: causal but needs colocalization before resourcing
53	Dementia	Neuro/Aging	Ly6/PLAUR domain-containing protein 3	LYPD3	Predicted membrane proteins	Immune-cell-enriched	Measured (Olink Explore panel)	NA (train PIRS)	NA	NA (train PIRS)	NA (train PIRS)	NA (train PIRS)	NA (train PIRS)	0.355	6.29e-18	yes	0.0	no	no	no	not tested	not an approved target	Low-moderate	2.833	3	Causal nomination (MR only)	Causal-only (PIRS not trained)	Agonize (protective; intracellular route caution)	Target nomination (causal, needs coloc)	Panel B/C (performance + signature)	Transcript-to-protein bridge: acquire cis-pQTL, test colocalization	Nominate: causal but needs colocalization before resourcing
54	Alzheimer's disease	Neuro/Aging	Ly6/PLAUR domain-containing protein 3	LYPD3	Predicted membrane proteins	Immune-cell-enriched	Measured (Olink Explore panel)	NA (train PIRS)	NA	NA (train PIRS)	NA (train PIRS)	NA (train PIRS)	NA (train PIRS)	0.24	1.60e-16	yes	0.0	no	no	no	not tested	not an approved target	Low-moderate	2.833	3	Causal nomination (MR only)	Causal-only (PIRS not trained)	Agonize (protective; intracellular route caution)	Target nomination (causal, needs coloc)	Panel B/C (performance + signature)	Transcript-to-protein bridge: acquire cis-pQTL, test colocalization	Nominate: causal but needs colocalization before resourcing
55	Dementia	Neuro/Aging	N-fatty-acyl-amino acid synthase/hydrolase PM20D1	PM20D1	Enzymes, Predicted secreted proteins	Immune-cell-enriched	High (secreted to blood)	NA (train PIRS)	NA	NA (train PIRS)	NA (train PIRS)	NA (train PIRS)	NA (train PIRS)	0.898	4.10e-02	yes	0.665	no	no	no	not tested	not an approved target	Low-moderate	2.776	3	Causal nomination (MR only)	Causal-only (PIRS not trained)	Agonize / recombinant-protein replacement (protective, secreted)	Target nomination (causal, needs coloc)	Panel B/C (performance + signature)	Transcript-to-protein bridge: acquire cis-pQTL, test colocalization	Nominate: causal but needs colocalization before resourcing
56	Atrial fibrillation	Cardiovascular	N-fatty-acyl-amino acid synthase/hydrolase PM20D1	PM20D1	Enzymes, Predicted secreted proteins	Immune-cell-enriched	High (secreted to blood)	NA (train PIRS)	NA	NA (train PIRS)	NA (train PIRS)	NA (train PIRS)	NA (train PIRS)	1.098	3.05e-02	yes	0.586	no	no	no	not tested	not an approved target	Low-moderate	2.722	3	Causal nomination (MR only)	Causal-only (PIRS not trained)	Block (antagonist / neutralizing antibody / small molecule)	Target nomination (causal, needs coloc)	Panel B/C (performance + signature)	Transcript-to-protein bridge: acquire cis-pQTL, test colocalization	Nominate: causal but needs colocalization before resourcing
57	Rheumatoid arthritis	Autoimmune	Receptor tyrosine-protein kinase erbB-3	ERBB3	Cancer-related genes, Disease related genes, Enzymes, Human disease related genes, Plasma proteins, Potential drug targets, Predicted intracellular proteins, Predicted membrane proteins, Predicted secreted proteins, Transporters	Immune-cell-enriched	High (secreted to blood)	NA (train PIRS)	NA	NA (train PIRS)	NA (train PIRS)	NA (train PIRS)	NA (train PIRS)	1.314	1.81e-02	yes	0.554	no	no	no	replicated	not an approved target	Moderate	2.57	3	Causal nomination (MR only)	Causal-only (PIRS not trained)	Block (antagonist / neutralizing antibody / small molecule)	Target nomination (causal, needs coloc)	Panel B/C (performance + signature)	Transcript-to-protein bridge: acquire cis-pQTL, test colocalization	Nominate: causal but needs colocalization before resourcing
58	Heart failure	Cardiovascular	Cyclin-dependent kinase inhibitor 1	CDKN1A	Cancer-related genes, Human disease related genes, Predicted intracellular proteins	Immune-cell-enriched	Measured (Olink Explore panel)	NA (train PIRS)	NA	NA (train PIRS)	NA (train PIRS)	NA (train PIRS)	NA (train PIRS)	1.48	3.33e-14	yes	NA	no	no	no	not tested	not an approved target	Uncertain	2.5	3	Causal nomination (MR only)	Causal-only (PIRS not trained)	Block (antagonist / neutralizing antibody / small molecule)	Target nomination (causal, needs coloc)	Panel B/C (performance + signature)	Transcript-to-protein bridge: acquire cis-pQTL, test colocalization	Nominate: causal but needs colocalization before resourcing
59	Dementia	Neuro/Aging	Poliovirus receptor	PVR	CD markers, Plasma proteins, Predicted intracellular proteins, Predicted membrane proteins, Predicted secreted proteins	Immune-cell-enriched	High (secreted to blood)	NA (train PIRS)	NA	NA (train PIRS)	NA (train PIRS)	NA (train PIRS)	NA (train PIRS)	0.588	2.29e-07	yes	0.0	no	no	no	not tested	not an approved target	Moderate	2.495	3	Causal nomination (MR only)	Causal-only (PIRS not trained)	Replace / decoy-receptor or agonist (protective, soluble)	Target nomination (causal, needs coloc)	Panel B/C (performance + signature)	Transcript-to-protein bridge: acquire cis-pQTL, test colocalization	Nominate: causal but needs colocalization before resourcing
60	Type 2 diabetes	Metabolic	Aminopeptidase N	ANPEP	CD markers, Enzymes, Metabolic proteins, Plasma proteins, Predicted membrane proteins	Immune-cell-enriched	Measured (Olink Explore panel)	NA (train PIRS)	NA	NA (train PIRS)	NA (train PIRS)	NA (train PIRS)	NA (train PIRS)	1.048	2.38e-06	yes	0.0	no	no	no	not tested	not an approved target	Low-moderate	2.458	3	Causal nomination (MR only)	Causal-only (PIRS not trained)	Block (antagonist / neutralizing antibody / small molecule)	Target nomination (causal, needs coloc)	Panel B/C (performance + signature)	Transcript-to-protein bridge: acquire cis-pQTL, test colocalization	Nominate: causal but needs colocalization before resourcing
61	Venous thromboembolism	Cardiovascular	Cysteine-rich motor neuron 1 protein	CRIM1	Predicted intracellular proteins, Predicted membrane proteins, Transporters	Immune-cell-enriched	Measured (Olink Explore panel)	NA (train PIRS)	NA	NA (train PIRS)	NA (train PIRS)	NA (train PIRS)	NA (train PIRS)	0.795	1.54e-02	yes	0.746	no	no	no	not tested	not an approved target	Low-moderate	2.441	3	Causal nomination (MR only)	Causal-only (PIRS not trained)	Agonize (protective; intracellular route caution)	Target nomination (causal, needs coloc)	Panel B/C (performance + signature)	Transcript-to-protein bridge: acquire cis-pQTL, test colocalization	Nominate: causal but needs colocalization before resourcing
62	Hypertension	Cardiovascular	Phosphoinositide-3-kinase-interacting protein 1	PIK3IP1	Plasma proteins, Predicted intracellular proteins, Predicted membrane proteins	Immune-cell-enriched	Measured (Olink Explore panel)	NA (train PIRS)	NA	NA (train PIRS)	NA (train PIRS)	NA (train PIRS)	NA (train PIRS)	1.048	3.63e-03	yes	0.618	no	no	no	not tested	not an approved target	Low-moderate	2.44	3	Causal nomination (MR only)	Causal-only (PIRS not trained)	Block (antagonist / neutralizing antibody / small molecule)	Target nomination (causal, needs coloc)	Panel B/C (performance + signature)	Transcript-to-protein bridge: acquire cis-pQTL, test colocalization	Nominate: causal but needs colocalization before resourcing
63	Alzheimer's disease	Neuro/Aging	Cysteine-rich motor neuron 1 protein	CRIM1	Predicted intracellular proteins, Predicted membrane proteins, Transporters	Immune-cell-enriched	Measured (Olink Explore panel)	NA (train PIRS)	NA	NA (train PIRS)	NA (train PIRS)	NA (train PIRS)	NA (train PIRS)	1.451	1.54e-02	yes	0.73	no	no	no	not tested	not an approved target	Low-moderate	2.426	3	Causal nomination (MR only)	Causal-only (PIRS not trained)	Block (antagonist / neutralizing antibody / small molecule)	Target nomination (causal, needs coloc)	Panel B/C (performance + signature)	Transcript-to-protein bridge: acquire cis-pQTL, test colocalization	Nominate: causal but needs colocalization before resourcing
64	Obesity	Metabolic	Plasma protease C1 inhibitor	SERPING1	Candidate cardiovascular disease genes, Disease related genes, Human disease related genes, Plasma proteins, Predicted intracellular proteins, Predicted secreted proteins	Complement/Coagulation	High (secreted to blood)	NA (train PIRS)	NA	NA (train PIRS)	NA (train PIRS)	NA (train PIRS)	NA (train PIRS)	1.155	1.15e-03	yes	0.484	no	no	no	not tested	not an approved target	Low-moderate	2.405	3	Causal nomination (MR only)	Causal-only (PIRS not trained)	Block (antagonist / neutralizing antibody / small molecule)	Target nomination (causal, needs coloc)	Panel B/C (performance + signature)	Transcript-to-protein bridge: acquire cis-pQTL, test colocalization	Nominate: causal but needs colocalization before resourcing
65	Hypertension	Cardiovascular	Latent-transforming growth factor beta-binding protein 2	LTBP2	Disease related genes, Human disease related genes, Plasma proteins, Predicted intracellular proteins, Predicted secreted proteins	Cytokine/Interleukin	High (secreted to blood)	NA (train PIRS)	NA	NA (train PIRS)	NA (train PIRS)	NA (train PIRS)	NA (train PIRS)	0.868	1.00e-02	yes	0.605	no	no	no	not tested	not an approved target	Low-moderate	2.339	3	Causal nomination (MR only)	Causal-only (PIRS not trained)	Agonize / recombinant-protein replacement (protective, secreted)	Target nomination (causal, needs coloc)	Panel B/C (performance + signature)	Transcript-to-protein bridge: acquire cis-pQTL, test colocalization	Nominate: causal but needs colocalization before resourcing
66	Type 1 diabetes	Metabolic	CD226 antigen	CD226	CD markers, Human disease related genes, Predicted intracellular proteins, Predicted membrane proteins	CD/Leukocyte surface	Measured (Olink Explore panel)	NA (train PIRS)	NA	NA (train PIRS)	NA (train PIRS)	NA (train PIRS)	NA (train PIRS)	0.802	4.10e-02	yes	0.704	no	no	no	not tested	not an approved target	Low-moderate	2.315	3	Causal nomination (MR only)	Causal-only (PIRS not trained)	Agonize (protective; intracellular route caution)	Target nomination (causal, needs coloc)	Panel B/C (performance + signature)	Transcript-to-protein bridge: acquire cis-pQTL, test colocalization	Nominate: causal but needs colocalization before resourcing
67	Venous thromboembolism	Cardiovascular	Tetraspanin-15	TSPAN15	Predicted membrane proteins, Transporters	Immune-cell-enriched	Measured (Olink Explore panel)	NA (train PIRS)	NA	NA (train PIRS)	NA (train PIRS)	NA (train PIRS)	NA (train PIRS)	0.732	5.47e-08	yes	0.0	no	no	no	not tested	not an approved target	Low-moderate	2.286	3	Causal nomination (MR only)	Causal-only (PIRS not trained)	Agonize (protective; intracellular route caution)	Target nomination (causal, needs coloc)	Panel B/C (performance + signature)	Transcript-to-protein bridge: acquire cis-pQTL, test colocalization	Nominate: causal but needs colocalization before resourcing
68	Dementia	Neuro/Aging	Testis-expressed protein 101	TEX101	Predicted membrane proteins, Predicted secreted proteins	Immune-cell-enriched	High (secreted to blood)	NA (train PIRS)	NA	NA (train PIRS)	NA (train PIRS)	NA (train PIRS)	NA (train PIRS)	1.334	3.70e-06	yes	0.0	no	no	no	not tested	not an approved target	Moderate	2.253	3	Causal nomination (MR only)	Causal-only (PIRS not trained)	Block (antagonist / neutralizing antibody / small molecule)	Target nomination (causal, needs coloc)	Panel B/C (performance + signature)	Transcript-to-protein bridge: acquire cis-pQTL, test colocalization	Nominate: causal but needs colocalization before resourcing
69	Dementia	Neuro/Aging	Cysteine-rich motor neuron 1 protein	CRIM1	Predicted intracellular proteins, Predicted membrane proteins, Transporters	Immune-cell-enriched	Measured (Olink Explore panel)	NA (train PIRS)	NA	NA (train PIRS)	NA (train PIRS)	NA (train PIRS)	NA (train PIRS)	1.277	3.15e-02	yes	0.616	no	no	no	not tested	not an approved target	Low-moderate	2.249	3	Causal nomination (MR only)	Causal-only (PIRS not trained)	Block (antagonist / neutralizing antibody / small molecule)	Target nomination (causal, needs coloc)	Panel B/C (performance + signature)	Transcript-to-protein bridge: acquire cis-pQTL, test colocalization	Nominate: causal but needs colocalization before resourcing
70	Type 2 diabetes	Metabolic	Arginase-1	ARG1	Disease related genes, Enzymes, Human disease related genes, Metabolic proteins, Plasma proteins, Potential drug targets, Predicted intracellular proteins	Immune-cell-enriched	Measured (Olink Explore panel)	NA (train PIRS)	NA	NA (train PIRS)	NA (train PIRS)	NA (train PIRS)	NA (train PIRS)	0.922	3.25e-09	yes	NA	no	no	no	not tested	not an approved target	Uncertain	2.198	3	Causal nomination (MR only)	Causal-only (PIRS not trained)	Agonize (protective; intracellular route caution)	Target nomination (causal, needs coloc)	Panel B/C (performance + signature)	Transcript-to-protein bridge: acquire cis-pQTL, test colocalization	Nominate: causal but needs colocalization before resourcing
71	Ankylosing spondylitis	Autoimmune	Dyslexia-associated protein KIAA0319	KIAA0319	Disease related genes, Human disease related genes, Predicted membrane proteins, Predicted secreted proteins	Immune-cell-enriched	High (secreted to blood)	NA (train PIRS)	NA	NA (train PIRS)	NA (train PIRS)	NA (train PIRS)	NA (train PIRS)	0.648	7.82e-06	yes	NA	no	no	no	not covered	not an approved target	Moderate	2.188	3	Causal nomination (MR only)	Causal-only (PIRS not trained)	Agonize / recombinant-protein replacement (protective, secreted)	Target nomination (causal, needs coloc)	Panel B/C (performance + signature)	Transcript-to-protein bridge: acquire cis-pQTL, test colocalization	Nominate: causal but needs colocalization before resourcing
72	Coeliac disease	Autoimmune	Interleukin-1 receptor-like 1	IL1RL1	Candidate cardiovascular disease genes, Enzymes, Plasma proteins, Predicted intracellular proteins, Predicted membrane proteins, Predicted secreted proteins	Cytokine/Interleukin	High (secreted to blood)	NA (train PIRS)	NA	NA (train PIRS)	NA (train PIRS)	NA (train PIRS)	NA (train PIRS)	0.712	4.43e-02	yes	0.719	no	no	no	not tested	not an approved target	Moderate	2.156	3	Causal nomination (MR only)	Causal-only (PIRS not trained)	Replace / decoy-receptor or agonist (protective, soluble)	Target nomination (causal, needs coloc)	Panel B/C (performance + signature)	Transcript-to-protein bridge: acquire cis-pQTL, test colocalization	Nominate: causal but needs colocalization before resourcing
73	Hypertension	Cardiovascular	Mth938 domain-containing protein	AAMDC	Predicted intracellular proteins	Immune-cell-enriched	Measured (Olink Explore panel)	NA (train PIRS)	NA	NA (train PIRS)	NA (train PIRS)	NA (train PIRS)	NA (train PIRS)	0.947	7.95e-03	yes	0.727	no	no	no	not tested	not an approved target	Uncertain	2.147	3	Causal nomination (MR only)	Causal-only (PIRS not trained)	Agonize (protective; intracellular route caution)	Target nomination (causal, needs coloc)	Panel B/C (performance + signature)	Transcript-to-protein bridge: acquire cis-pQTL, test colocalization	Nominate: causal but needs colocalization before resourcing
74	Type 2 diabetes	Metabolic	N-fatty-acyl-amino acid synthase/hydrolase PM20D1	PM20D1	Enzymes, Predicted secreted proteins	Immune-cell-enriched	High (secreted to blood)	NA (train PIRS)	NA	NA (train PIRS)	NA (train PIRS)	NA (train PIRS)	NA (train PIRS)	1.064	4.02e-02	yes	0.034	no	no	no	not tested	not an approved target	Low-moderate	2.146	3	Causal nomination (MR only)	Causal-only (PIRS not trained)	Block (antagonist / neutralizing antibody / small molecule)	Target nomination (causal, needs coloc)	Panel B/C (performance + signature)	Transcript-to-protein bridge: acquire cis-pQTL, test colocalization	Nominate: causal but needs colocalization before resourcing
75	Dementia	Neuro/Aging	Paired immunoglobulin-like type 2 receptor alpha	PILRA	Predicted membrane proteins, Predicted secreted proteins	Immune-cell-enriched	High (secreted to blood)	NA (train PIRS)	NA	NA (train PIRS)	NA (train PIRS)	NA (train PIRS)	NA (train PIRS)	1.552	1.69e-02	yes	0.599	no	no	no	not tested	not an approved target	Moderate	2.12	3	Causal nomination (MR only)	Causal-only (PIRS not trained)	Block (antagonist / neutralizing antibody / small molecule)	Target nomination (causal, needs coloc)	Panel B/C (performance + signature)	Transcript-to-protein bridge: acquire cis-pQTL, test colocalization	Nominate: causal but needs colocalization before resourcing
76	Alzheimer's disease	Neuro/Aging	Testis-expressed protein 101	TEX101	Predicted membrane proteins, Predicted secreted proteins	Immune-cell-enriched	High (secreted to blood)	NA (train PIRS)	NA	NA (train PIRS)	NA (train PIRS)	NA (train PIRS)	NA (train PIRS)	1.473	1.90e-05	yes	0.0	no	no	no	not tested	not an approved target	Moderate	2.111	3	Causal nomination (MR only)	Causal-only (PIRS not trained)	Block (antagonist / neutralizing antibody / small molecule)	Target nomination (causal, needs coloc)	Panel B/C (performance + signature)	Transcript-to-protein bridge: acquire cis-pQTL, test colocalization	Nominate: causal but needs colocalization before resourcing
77	Hypertension	Cardiovascular	Microtubule-associated protein tau	MAPT	Candidate cardiovascular disease genes, Disease related genes, FDA approved drug targets, Human disease related genes, Plasma proteins, Predicted intracellular proteins, Predicted secreted proteins	Immune-cell-enriched	High (secreted to blood)	NA (train PIRS)	NA	NA (train PIRS)	NA (train PIRS)	NA (train PIRS)	NA (train PIRS)	1.574	1.03e-03	yes	0.0	no	no	no	not tested	not an approved target	High (FDA-precedented class, tractable)	2.098	3	Causal nomination (MR only)	Causal-only (PIRS not trained)	Block (antagonist / neutralizing antibody / small molecule)	Target nomination (causal, needs coloc)	Panel B/C (performance + signature)	Transcript-to-protein bridge: acquire cis-pQTL, test colocalization	Nominate: causal but needs colocalization before resourcing
78	Type 2 diabetes	Metabolic	Nodal modulator 1	NOMO1	Plasma proteins, Predicted intracellular proteins, Predicted membrane proteins	Immune-cell-enriched	Measured (Olink Explore panel)	NA (train PIRS)	NA	NA (train PIRS)	NA (train PIRS)	NA (train PIRS)	NA (train PIRS)	1.097	2.38e-04	yes	0.535	no	no	no	not tested	not an approved target	Low-moderate	2.093	3	Causal nomination (MR only)	Causal-only (PIRS not trained)	Block (antagonist / neutralizing antibody / small molecule)	Target nomination (causal, needs coloc)	Panel B/C (performance + signature)	Transcript-to-protein bridge: acquire cis-pQTL, test colocalization	Nominate: causal but needs colocalization before resourcing
79	Hypertension	Cardiovascular	Switch-associated protein 70	SWAP70	Predicted intracellular proteins	Immune-cell-enriched	Measured (Olink Explore panel)	NA (train PIRS)	NA	NA (train PIRS)	NA (train PIRS)	NA (train PIRS)	NA (train PIRS)	0.898	5.03e-06	yes	0.0	no	no	no	not tested	not an approved target	Uncertain	2.06	3	Causal nomination (MR only)	Causal-only (PIRS not trained)	Agonize (protective; intracellular route caution)	Target nomination (causal, needs coloc)	Panel B/C (performance + signature)	Transcript-to-protein bridge: acquire cis-pQTL, test colocalization	Nominate: causal but needs colocalization before resourcing
80	Glaucoma	Neuro/Aging	Spondin-2	SPON2	Plasma proteins, Predicted intracellular proteins, Predicted secreted proteins	Immune-cell-enriched	High (secreted to blood)	NA (train PIRS)	NA	NA (train PIRS)	NA (train PIRS)	NA (train PIRS)	NA (train PIRS)	1.272	4.68e-03	yes	0.75	no	no	no	not tested	not an approved target	Low-moderate	2.049	3	Causal nomination (MR only)	Causal-only (PIRS not trained)	Block (antagonist / neutralizing antibody / small molecule)	Target nomination (causal, needs coloc)	Panel B/C (performance + signature)	Transcript-to-protein bridge: acquire cis-pQTL, test colocalization	Nominate: causal but needs colocalization before resourcing
81	Type 2 diabetes	Metabolic	Protein sprouty homolog 2	SPRY2	Disease related genes, Plasma proteins, Predicted membrane proteins	Immune-cell-enriched	Measured (Olink Explore panel)	NA (train PIRS)	NA	NA (train PIRS)	NA (train PIRS)	NA (train PIRS)	NA (train PIRS)	1.335	8.88e-07	yes	0.0	no	no	no	not tested	not an approved target	Low-moderate	2.044	3	Causal nomination (MR only)	Causal-only (PIRS not trained)	Block (antagonist / neutralizing antibody / small molecule)	Target nomination (causal, needs coloc)	Panel B/C (performance + signature)	Transcript-to-protein bridge: acquire cis-pQTL, test colocalization	Nominate: causal but needs colocalization before resourcing
82	Psoriasis	Autoimmune	Receptor tyrosine-protein kinase erbB-3	ERBB3	Cancer-related genes, Disease related genes, Enzymes, Human disease related genes, Plasma proteins, Potential drug targets, Predicted intracellular proteins, Predicted membrane proteins, Predicted secreted proteins, Transporters	Immune-cell-enriched	High (secreted to blood)	NA (train PIRS)	NA	NA (train PIRS)	NA (train PIRS)	NA (train PIRS)	NA (train PIRS)	0.739	1.50e-02	yes	0.0	no	no	no	replicated	not an approved target	Moderate	2.031	3	Causal nomination (MR only)	Causal-only (PIRS not trained)	Replace / decoy-receptor or agonist (protective, soluble)	Target nomination (causal, needs coloc)	Panel B/C (performance + signature)	Transcript-to-protein bridge: acquire cis-pQTL, test colocalization	Nominate: causal but needs colocalization before resourcing
83	Coronary heart disease	Cardiovascular	Lipoprotein lipase	LPL	Candidate cardiovascular disease genes, Disease related genes, Enzymes, FDA approved drug targets, Human disease related genes, Metabolic proteins, Plasma proteins, Predicted intracellular proteins, Predicted secreted proteins	Immune-cell-enriched	High (secreted to blood)	NA (train PIRS)	NA	NA (train PIRS)	NA (train PIRS)	NA (train PIRS)	NA (train PIRS)	0.932	2.31e-03	yes	0.0	no	no	no	not tested	not an approved target	High (FDA-precedented class, tractable)	2.027	3	Causal nomination (MR only)	Causal-only (PIRS not trained)	Agonize / recombinant-protein replacement (protective, secreted)	Target nomination (causal, needs coloc)	Panel B/C (performance + signature)	Transcript-to-protein bridge: acquire cis-pQTL, test colocalization	Nominate: causal but needs colocalization before resourcing
84	Venous thromboembolism	Cardiovascular	Mth938 domain-containing protein	AAMDC	Predicted intracellular proteins	Immune-cell-enriched	Measured (Olink Explore panel)	NA (train PIRS)	NA	NA (train PIRS)	NA (train PIRS)	NA (train PIRS)	NA (train PIRS)	0.909	1.16e-02	yes	0.625	no	no	no	not tested	not an approved target	Uncertain	2.013	3	Causal nomination (MR only)	Causal-only (PIRS not trained)	Agonize (protective; intracellular route caution)	Target nomination (causal, needs coloc)	Panel B/C (performance + signature)	Transcript-to-protein bridge: acquire cis-pQTL, test colocalization	Nominate: causal but needs colocalization before resourcing
85	Osteoporosis	Neuro/Aging	Seizure protein 6 homolog	SEZ6	Predicted intracellular proteins, Predicted membrane proteins	Immune-cell-enriched	Measured (Olink Explore panel)	NA (train PIRS)	NA	NA (train PIRS)	NA (train PIRS)	NA (train PIRS)	NA (train PIRS)	0.194	8.68e-03	yes	0.731	no	no	no	not tested	not an approved target	Low-moderate	1.977	3	Causal nomination (MR only)	Causal-only (PIRS not trained)	Agonize (protective; intracellular route caution)	Target nomination (causal, needs coloc)	Panel B/C (performance + signature)	Transcript-to-protein bridge: acquire cis-pQTL, test colocalization	Nominate: causal but needs colocalization before resourcing
86	Osteoporosis	Neuro/Aging	Dipeptidase 2	DPEP2	Enzymes, Metabolic proteins, Plasma proteins, Predicted intracellular proteins, Predicted membrane proteins	Immune-cell-enriched	Measured (Olink Explore panel)	NA (train PIRS)	NA	NA (train PIRS)	NA (train PIRS)	NA (train PIRS)	NA (train PIRS)	0.804	3.15e-02	yes	0.793	no	no	no	not tested	not an approved target	Low-moderate	1.926	3	Causal nomination (MR only)	Causal-only (PIRS not trained)	Agonize (protective; intracellular route caution)	Target nomination (causal, needs coloc)	Panel B/C (performance + signature)	Transcript-to-protein bridge: acquire cis-pQTL, test colocalization	Nominate: causal but needs colocalization before resourcing
87	Coeliac disease	Autoimmune	Tumor necrosis factor ligand superfamily member 8	TNFSF8	Cancer-related genes, CD markers, Predicted membrane proteins	TNF superfamily	Measured (Olink Explore panel)	NA (train PIRS)	NA	NA (train PIRS)	NA (train PIRS)	NA (train PIRS)	NA (train PIRS)	0.76	1.84e-02	yes	0.688	no	no	no	not covered	not an approved target	Low-moderate	1.869	3	Causal nomination (MR only)	Causal-only (PIRS not trained)	Agonize (protective; intracellular route caution)	Target nomination (causal, needs coloc)	Panel B/C (performance + signature)	Transcript-to-protein bridge: acquire cis-pQTL, test colocalization	Nominate: causal but needs colocalization before resourcing
88	Chronic kidney disease	Renal	Mth938 domain-containing protein	AAMDC	Predicted intracellular proteins	Immune-cell-enriched	Measured (Olink Explore panel)	NA (train PIRS)	NA	NA (train PIRS)	NA (train PIRS)	NA (train PIRS)	NA (train PIRS)	0.885	4.09e-02	yes	0.589	no	no	no	not tested	not an approved target	Uncertain	1.867	3	Causal nomination (MR only)	Causal-only (PIRS not trained)	Agonize (protective; intracellular route caution)	Target nomination (causal, needs coloc)	Panel B/C (performance + signature)	Transcript-to-protein bridge: acquire cis-pQTL, test colocalization	Nominate: causal but needs colocalization before resourcing
89	Type 2 diabetes	Metabolic	Phosphoinositide-3-kinase-interacting protein 1	PIK3IP1	Plasma proteins, Predicted intracellular proteins, Predicted membrane proteins	Immune-cell-enriched	Measured (Olink Explore panel)	NA (train PIRS)	NA	NA (train PIRS)	NA (train PIRS)	NA (train PIRS)	NA (train PIRS)	1.056	4.00e-03	yes	0.051	no	no	no	not tested	not an approved target	Low-moderate	1.864	3	Causal nomination (MR only)	Causal-only (PIRS not trained)	Block (antagonist / neutralizing antibody / small molecule)	Target nomination (causal, needs coloc)	Panel B/C (performance + signature)	Transcript-to-protein bridge: acquire cis-pQTL, test colocalization	Nominate: causal but needs colocalization before resourcing
90	Hypertension	Cardiovascular	Microtubule-associated protein RP/EB family member 3	MAPRE3	Predicted intracellular proteins	Immune-cell-enriched	Measured (Olink Explore panel)	NA (train PIRS)	NA	NA (train PIRS)	NA (train PIRS)	NA (train PIRS)	NA (train PIRS)	0.838	5.54e-05	yes	0.0	no	no	no	not tested	not an approved target	Uncertain	1.851	3	Causal nomination (MR only)	Causal-only (PIRS not trained)	Agonize (protective; intracellular route caution)	Target nomination (causal, needs coloc)	Panel B/C (performance + signature)	Transcript-to-protein bridge: acquire cis-pQTL, test colocalization	Nominate: causal but needs colocalization before resourcing
91	Glaucoma	Neuro/Aging	Annexin A11	ANXA11	Cancer-related genes, Disease related genes, Human disease related genes, Plasma proteins, Potential drug targets, Predicted intracellular proteins, Transporters	Immune-cell-enriched	Measured (Olink Explore panel)	NA (train PIRS)	NA	NA (train PIRS)	NA (train PIRS)	NA (train PIRS)	NA (train PIRS)	1.192	6.55e-05	yes	0.004	no	no	no	not tested	not an approved target	Uncertain	1.841	3	Causal nomination (MR only)	Causal-only (PIRS not trained)	Block (antagonist / neutralizing antibody / small molecule)	Target nomination (causal, needs coloc)	Panel B/C (performance + signature)	Transcript-to-protein bridge: acquire cis-pQTL, test colocalization	Nominate: causal but needs colocalization before resourcing
92	Hypertension	Cardiovascular	Tumor necrosis factor ligand superfamily member 12	TNFSF12	Predicted intracellular proteins, Predicted secreted proteins	TNF superfamily	High (secreted to blood)	NA (train PIRS)	NA	NA (train PIRS)	NA (train PIRS)	NA (train PIRS)	NA (train PIRS)	1.059	9.46e-06	yes	0.0	no	no	no	not tested	not an approved target	Low-moderate	1.838	3	Causal nomination (MR only)	Causal-only (PIRS not trained)	Block (antagonist / neutralizing antibody / small molecule)	Target nomination (causal, needs coloc)	Panel B/C (performance + signature)	Transcript-to-protein bridge: acquire cis-pQTL, test colocalization	Nominate: causal but needs colocalization before resourcing
93	Glaucoma	Neuro/Aging	Tumor necrosis factor ligand superfamily member 13	TNFSF13	Cancer-related genes, CD markers, Plasma proteins, Predicted intracellular proteins, Predicted secreted proteins	TNF superfamily	High (secreted to blood)	NA (train PIRS)	NA	NA (train PIRS)	NA (train PIRS)	NA (train PIRS)	NA (train PIRS)	0.9	1.85e-02	yes	0.659	no	no	no	not tested	not an approved target	Low-moderate	1.838	3	Causal nomination (MR only)	Causal-only (PIRS not trained)	Agonize / recombinant-protein replacement (protective, secreted)	Target nomination (causal, needs coloc)	Panel B/C (performance + signature)	Transcript-to-protein bridge: acquire cis-pQTL, test colocalization	Nominate: causal but needs colocalization before resourcing
94	Hypertension	Cardiovascular	Tumor necrosis factor receptor superfamily member 16	NGFR	Cancer-related genes, CD markers, Predicted intracellular proteins, Predicted membrane proteins, RAS pathway related proteins, Transporters	Immune-cell-enriched	High (soluble receptor / shed)	NA (train PIRS)	NA	NA (train PIRS)	NA (train PIRS)	NA (train PIRS)	NA (train PIRS)	0.633	1.00e-05	yes	0.002	no	no	no	not tested	not an approved target	Low-moderate	1.835	3	Causal nomination (MR only)	Causal-only (PIRS not trained)	Replace / decoy-receptor or agonist (protective, soluble)	Target nomination (causal, needs coloc)	Panel B/C (performance + signature)	Transcript-to-protein bridge: acquire cis-pQTL, test colocalization	Nominate: causal but needs colocalization before resourcing
95	Type 2 diabetes	Metabolic	B-cell antigen receptor complex-associated protein beta chain	CD79B	Cancer-related genes, CD markers, Disease related genes, FDA approved drug targets, Human disease related genes, Predicted membrane proteins	Ig/B-cell/Fc	High (soluble receptor / shed)	NA (train PIRS)	NA	NA (train PIRS)	NA (train PIRS)	NA (train PIRS)	NA (train PIRS)	0.813	2.51e-02	yes	0.0	no	no	no	not tested	not an approved target	High (FDA-precedented class, tractable)	1.82	3	Causal nomination (MR only)	Causal-only (PIRS not trained)	Replace / decoy-receptor or agonist (protective, soluble)	Target nomination (causal, needs coloc)	Panel B/C (performance + signature)	Transcript-to-protein bridge: acquire cis-pQTL, test colocalization	Nominate: causal but needs colocalization before resourcing
96	Dementia	Neuro/Aging	Scavenger receptor class F member 1	SCARF1	Predicted membrane proteins	Immune-cell-enriched	High (soluble receptor / shed)	NA (train PIRS)	NA	NA (train PIRS)	NA (train PIRS)	NA (train PIRS)	NA (train PIRS)	1.989	1.70e-02	yes	0.618	no	no	no	not tested	not an approved target	Low-moderate	1.805	3	Causal nomination (MR only)	Causal-only (PIRS not trained)	Block (antagonist / neutralizing antibody / small molecule)	Target nomination (causal, needs coloc)	Panel B/C (performance + signature)	Transcript-to-protein bridge: acquire cis-pQTL, test colocalization	Nominate: causal but needs colocalization before resourcing
97	Venous thromboembolism	Cardiovascular	Transforming growth factor beta-2 proprotein	TGFB2	Cancer-related genes, Disease related genes, Human disease related genes, Predicted secreted proteins	Cytokine/Interleukin	High (secreted to blood)	NA (train PIRS)	NA	NA (train PIRS)	NA (train PIRS)	NA (train PIRS)	NA (train PIRS)	1.9	1.16e-02	yes	0.573	no	no	no	not tested	not an approved target	Low-moderate	1.794	3	Causal nomination (MR only)	Causal-only (PIRS not trained)	Block (antagonist / neutralizing antibody / small molecule)	Target nomination (causal, needs coloc)	Panel B/C (performance + signature)	Transcript-to-protein bridge: acquire cis-pQTL, test colocalization	Nominate: causal but needs colocalization before resourcing
98	Dementia	Neuro/Aging	Leukocyte immunoglobulin-like receptor subfamily B member 2	LILRB2	CD markers, Predicted membrane proteins	Immune-cell-enriched	High (soluble receptor / shed)	NA (train PIRS)	NA	NA (train PIRS)	NA (train PIRS)	NA (train PIRS)	NA (train PIRS)	0.828	3.97e-02	yes	0.662	no	no	no	not tested	not an approved target	Low-moderate	1.775	3	Causal nomination (MR only)	Causal-only (PIRS not trained)	Replace / decoy-receptor or agonist (protective, soluble)	Target nomination (causal, needs coloc)	Panel B/C (performance + signature)	Transcript-to-protein bridge: acquire cis-pQTL, test colocalization	Nominate: causal but needs colocalization before resourcing
99	Coronary heart disease	Cardiovascular	Aminopeptidase N	ANPEP	CD markers, Enzymes, Metabolic proteins, Plasma proteins, Predicted membrane proteins	Immune-cell-enriched	Measured (Olink Explore panel)	NA (train PIRS)	NA	NA (train PIRS)	NA (train PIRS)	NA (train PIRS)	NA (train PIRS)	1.041	6.52e-03	yes	0.0	no	no	no	not tested	not an approved target	Low-moderate	1.771	3	Causal nomination (MR only)	Causal-only (PIRS not trained)	Block (antagonist / neutralizing antibody / small molecule)	Target nomination (causal, needs coloc)	Panel B/C (performance + signature)	Transcript-to-protein bridge: acquire cis-pQTL, test colocalization	Nominate: causal but needs colocalization before resourcing
100	Hypertension	Cardiovascular	Solute carrier family 12 member 2	SLC12A2	Disease related genes, FDA approved drug targets, Human disease related genes, Metabolic proteins, Predicted membrane proteins, Transporters	Immune-cell-enriched	Measured (Olink Explore panel)	NA (train PIRS)	NA	NA (train PIRS)	NA (train PIRS)	NA (train PIRS)	NA (train PIRS)	1.121	4.56e-02	yes	0.0	no	no	no	not tested	not an approved target	High (FDA-precedented class, tractable)	1.768	3	Causal nomination (MR only)	Causal-only (PIRS not trained)	Block (antagonist / neutralizing antibody / small molecule)	Target nomination (causal, needs coloc)	Panel B/C (performance + signature)	Transcript-to-protein bridge: acquire cis-pQTL, test colocalization	Nominate: causal but needs colocalization before resourcing
101	Type 2 diabetes	Metabolic	Platelet factor 4	PF4	Cancer-related genes, Candidate cardiovascular disease genes, Plasma proteins, Predicted secreted proteins	Chemokine axis	High (secreted to blood)	NA (train PIRS)	NA	NA (train PIRS)	NA (train PIRS)	NA (train PIRS)	NA (train PIRS)	0.714	4.02e-02	yes	0.642	no	no	no	not tested	not an approved target	Low-moderate	1.755	3	Causal nomination (MR only)	Causal-only (PIRS not trained)	Agonize / recombinant-protein replacement (protective, secreted)	Target nomination (causal, needs coloc)	Panel B/C (performance + signature)	Transcript-to-protein bridge: acquire cis-pQTL, test colocalization	Nominate: causal but needs colocalization before resourcing
102	Dementia	Neuro/Aging	Hepatitis A virus cellular receptor 2	HAVCR2	CD markers, Disease related genes, Predicted intracellular proteins, Predicted membrane proteins	Immune checkpoint	High (soluble receptor / shed)	NA (train PIRS)	NA	NA (train PIRS)	NA (train PIRS)	NA (train PIRS)	NA (train PIRS)	0.814	1.24e-02	yes	0.516	no	no	no	not tested	not an approved target	Low-moderate	1.731	3	Causal nomination (MR only)	Causal-only (PIRS not trained)	Replace / decoy-receptor or agonist (protective, soluble)	Target nomination (causal, needs coloc)	Panel B/C (performance + signature)	Transcript-to-protein bridge: acquire cis-pQTL, test colocalization	Nominate: causal but needs colocalization before resourcing
103	Atrial fibrillation	Cardiovascular	Pro-adrenomedullin	ADM	Cancer-related genes, Plasma proteins, Predicted intracellular proteins, Predicted secreted proteins	Immune-cell-enriched	High (secreted to blood)	NA (train PIRS)	NA	NA (train PIRS)	NA (train PIRS)	NA (train PIRS)	NA (train PIRS)	1.115	4.78e-03	yes	0.423	no	no	no	not tested	not an approved target	Low-moderate	1.72	3	Causal nomination (MR only)	Causal-only (PIRS not trained)	Block (antagonist / neutralizing antibody / small molecule)	Target nomination (causal, needs coloc)	Panel B/C (performance + signature)	Transcript-to-protein bridge: acquire cis-pQTL, test colocalization	Nominate: causal but needs colocalization before resourcing
104	Type 2 diabetes	Metabolic	Neural proliferation differentiation and control protein 1	NPDC1	Predicted intracellular proteins, Predicted membrane proteins	Immune-cell-enriched	Measured (Olink Explore panel)	NA (train PIRS)	NA	NA (train PIRS)	NA (train PIRS)	NA (train PIRS)	NA (train PIRS)	1.085	4.21e-05	yes	0.0	no	no	no	not tested	not an approved target	Low-moderate	1.708	3	Causal nomination (MR only)	Causal-only (PIRS not trained)	Block (antagonist / neutralizing antibody / small molecule)	Target nomination (causal, needs coloc)	Panel B/C (performance + signature)	Transcript-to-protein bridge: acquire cis-pQTL, test colocalization	Nominate: causal but needs colocalization before resourcing
105	Dementia	Neuro/Aging	Paired immunoglobulin-like type 2 receptor beta	PILRB	Predicted intracellular proteins, Predicted membrane proteins	Immune-cell-enriched	High (soluble receptor / shed)	NA (train PIRS)	NA	NA (train PIRS)	NA (train PIRS)	NA (train PIRS)	NA (train PIRS)	1.049	2.26e-02	yes	0.533	no	no	no	not tested	not an approved target	Low-moderate	1.695	3	Causal nomination (MR only)	Causal-only (PIRS not trained)	Block (antagonist / neutralizing antibody / small molecule)	Target nomination (causal, needs coloc)	Panel B/C (performance + signature)	Transcript-to-protein bridge: acquire cis-pQTL, test colocalization	Nominate: causal but needs colocalization before resourcing
106	Coronary heart disease	Cardiovascular	Tyrosine-protein kinase Fes/Fps	FES	Cancer-related genes, Disease related genes, Enzymes, Potential drug targets, Predicted intracellular proteins	Immune-cell-enriched	Measured (Olink Explore panel)	NA (train PIRS)	NA	NA (train PIRS)	NA (train PIRS)	NA (train PIRS)	NA (train PIRS)	0.89	1.59e-06	yes	0.033	no	no	no	not tested	not an approved target	Uncertain	1.693	3	Causal nomination (MR only)	Causal-only (PIRS not trained)	Agonize (protective; intracellular route caution)	Target nomination (causal, needs coloc)	Panel B/C (performance + signature)	Transcript-to-protein bridge: acquire cis-pQTL, test colocalization	Nominate: causal but needs colocalization before resourcing
107	Type 2 diabetes	Metabolic	Caspase-3	CASP3	Cancer-related genes, Enzymes, FDA approved drug targets, Plasma proteins, Predicted intracellular proteins	Immune-cell-enriched	Measured (Olink Explore panel)	NA (train PIRS)	NA	NA (train PIRS)	NA (train PIRS)	NA (train PIRS)	NA (train PIRS)	1.085	2.47e-03	yes	0.0	no	no	no	not tested	not an approved target	Moderate	1.688	3	Causal nomination (MR only)	Causal-only (PIRS not trained)	Block (antagonist / neutralizing antibody / small molecule)	Target nomination (causal, needs coloc)	Panel B/C (performance + signature)	Transcript-to-protein bridge: acquire cis-pQTL, test colocalization	Nominate: causal but needs colocalization before resourcing
108	Atrial fibrillation	Cardiovascular	Transforming growth factor beta-2 proprotein	TGFB2	Cancer-related genes, Disease related genes, Human disease related genes, Predicted secreted proteins	Cytokine/Interleukin	High (secreted to blood)	NA (train PIRS)	NA	NA (train PIRS)	NA (train PIRS)	NA (train PIRS)	NA (train PIRS)	1.853	1.00e-02	yes	0.442	no	no	no	not tested	not an approved target	Low-moderate	1.675	3	Causal nomination (MR only)	Causal-only (PIRS not trained)	Block (antagonist / neutralizing antibody / small molecule)	Target nomination (causal, needs coloc)	Panel B/C (performance + signature)	Transcript-to-protein bridge: acquire cis-pQTL, test colocalization	Nominate: causal but needs colocalization before resourcing
109	Venous thromboembolism	Cardiovascular	Plasma protease C1 inhibitor	SERPING1	Candidate cardiovascular disease genes, Disease related genes, Human disease related genes, Plasma proteins, Predicted intracellular proteins, Predicted secreted proteins	Complement/Coagulation	High (secreted to blood)	NA (train PIRS)	NA	NA (train PIRS)	NA (train PIRS)	NA (train PIRS)	NA (train PIRS)	1.137	2.15e-02	yes	0.001	no	no	no	not tested	not an approved target	Low-moderate	1.668	3	Causal nomination (MR only)	Causal-only (PIRS not trained)	Block (antagonist / neutralizing antibody / small molecule)	Target nomination (causal, needs coloc)	Panel B/C (performance + signature)	Transcript-to-protein bridge: acquire cis-pQTL, test colocalization	Nominate: causal but needs colocalization before resourcing
110	Hypertension	Cardiovascular	Transmembrane protein 106A	TMEM106A	Predicted membrane proteins, Transporters	Immune-cell-enriched	Measured (Olink Explore panel)	NA (train PIRS)	NA	NA (train PIRS)	NA (train PIRS)	NA (train PIRS)	NA (train PIRS)	1.113	1.56e-02	yes	0.459	no	no	no	not tested	not an approved target	Low-moderate	1.653	3	Causal nomination (MR only)	Causal-only (PIRS not trained)	Block (antagonist / neutralizing antibody / small molecule)	Target nomination (causal, needs coloc)	Panel B/C (performance + signature)	Transcript-to-protein bridge: acquire cis-pQTL, test colocalization	Nominate: causal but needs colocalization before resourcing
111	Obesity	Metabolic	Microtubule-associated protein RP/EB family member 3	MAPRE3	Predicted intracellular proteins	Immune-cell-enriched	Measured (Olink Explore panel)	NA (train PIRS)	NA	NA (train PIRS)	NA (train PIRS)	NA (train PIRS)	NA (train PIRS)	0.768	6.82e-04	yes	0.005	no	no	no	not tested	not an approved target	Uncertain	1.638	3	Causal nomination (MR only)	Causal-only (PIRS not trained)	Agonize (protective; intracellular route caution)	Target nomination (causal, needs coloc)	Panel B/C (performance + signature)	Transcript-to-protein bridge: acquire cis-pQTL, test colocalization	Nominate: causal but needs colocalization before resourcing
112	Atrial fibrillation	Cardiovascular	Cyclin-dependent kinase inhibitor 1	CDKN1A	Cancer-related genes, Human disease related genes, Predicted intracellular proteins	Immune-cell-enriched	Measured (Olink Explore panel)	NA (train PIRS)	NA	NA (train PIRS)	NA (train PIRS)	NA (train PIRS)	NA (train PIRS)	1.332	2.15e-06	yes	NA	no	no	no	not tested	not an approved target	Uncertain	1.634	3	Causal nomination (MR only)	Causal-only (PIRS not trained)	Block (antagonist / neutralizing antibody / small molecule)	Target nomination (causal, needs coloc)	Panel B/C (performance + signature)	Transcript-to-protein bridge: acquire cis-pQTL, test colocalization	Nominate: causal but needs colocalization before resourcing
113	Type 2 diabetes	Metabolic	Tyrosine-protein kinase Mer	MERTK	Disease related genes, Enzymes, Human disease related genes, Plasma proteins, Potential drug targets, Predicted intracellular proteins, Predicted membrane proteins	Immune-cell-enriched	Measured (Olink Explore panel)	NA (train PIRS)	NA	NA (train PIRS)	NA (train PIRS)	NA (train PIRS)	NA (train PIRS)	1.044	4.66e-02	yes	0.011	no	no	no	not tested	not an approved target	Low-moderate	1.611	3	Causal nomination (MR only)	Causal-only (PIRS not trained)	Block (antagonist / neutralizing antibody / small molecule)	Target nomination (causal, needs coloc)	Panel B/C (performance + signature)	Transcript-to-protein bridge: acquire cis-pQTL, test colocalization	Nominate: causal but needs colocalization before resourcing
114	Sarcoidosis	Autoimmune	Annexin A11	ANXA11	Cancer-related genes, Disease related genes, Human disease related genes, Plasma proteins, Potential drug targets, Predicted intracellular proteins, Transporters	Immune-cell-enriched	Measured (Olink Explore panel)	NA (train PIRS)	NA	NA (train PIRS)	NA (train PIRS)	NA (train PIRS)	NA (train PIRS)	0.725	9.65e-04	yes	0.0	no	no	no	not covered	not an approved target	Uncertain	1.603	3	Causal nomination (MR only)	Causal-only (PIRS not trained)	Agonize (protective; intracellular route caution)	Target nomination (causal, needs coloc)	Panel B/C (performance + signature)	Transcript-to-protein bridge: acquire cis-pQTL, test colocalization	Nominate: causal but needs colocalization before resourcing
115	Alzheimer's disease	Neuro/Aging	Poliovirus receptor	PVR	CD markers, Plasma proteins, Predicted intracellular proteins, Predicted membrane proteins, Predicted secreted proteins	Immune-cell-enriched	High (secreted to blood)	NA (train PIRS)	NA	NA (train PIRS)	NA (train PIRS)	NA (train PIRS)	NA (train PIRS)	0.613	8.68e-03	yes	0.0	no	no	no	not tested	not an approved target	Moderate	1.579	3	Causal nomination (MR only)	Causal-only (PIRS not trained)	Replace / decoy-receptor or agonist (protective, soluble)	Target nomination (causal, needs coloc)	Panel B/C (performance + signature)	Transcript-to-protein bridge: acquire cis-pQTL, test colocalization	Nominate: causal but needs colocalization before resourcing
116	Dementia	Neuro/Aging	Ephrin type-B receptor 4	EPHB4	Cancer-related genes, Disease related genes, Enzymes, Human disease related genes, Plasma proteins, Potential drug targets, Predicted intracellular proteins, Predicted membrane proteins, Transporters	Immune-cell-enriched	High (soluble receptor / shed)	NA (train PIRS)	NA	NA (train PIRS)	NA (train PIRS)	NA (train PIRS)	NA (train PIRS)	1.068	2.75e-02	yes	0.432	no	no	no	not tested	not an approved target	Low-moderate	1.577	3	Causal nomination (MR only)	Causal-only (PIRS not trained)	Block (antagonist / neutralizing antibody / small molecule)	Target nomination (causal, needs coloc)	Panel B/C (performance + signature)	Transcript-to-protein bridge: acquire cis-pQTL, test colocalization	Nominate: causal but needs colocalization before resourcing
117	Type 2 diabetes	Metabolic	Protein EVI2B	EVI2B	CD markers, Predicted membrane proteins	Immune-cell-enriched	Measured (Olink Explore panel)	NA (train PIRS)	NA	NA (train PIRS)	NA (train PIRS)	NA (train PIRS)	NA (train PIRS)	0.774	5.28e-04	yes	0.077	no	no	no	not tested	not an approved target	Low-moderate	1.566	3	Causal nomination (MR only)	Causal-only (PIRS not trained)	Agonize (protective; intracellular route caution)	Target nomination (causal, needs coloc)	Panel B/C (performance + signature)	Transcript-to-protein bridge: acquire cis-pQTL, test colocalization	Nominate: causal but needs colocalization before resourcing
118	Type 2 diabetes	Metabolic	Latent-transforming growth factor beta-binding protein 3	LTBP3	Disease related genes, Human disease related genes, Predicted intracellular proteins, Predicted secreted proteins	Cytokine/Interleukin	High (secreted to blood)	NA (train PIRS)	NA	NA (train PIRS)	NA (train PIRS)	NA (train PIRS)	NA (train PIRS)	1.076	1.02e-02	yes	0.328	no	no	no	not tested	not an approved target	Low-moderate	1.56	3	Causal nomination (MR only)	Causal-only (PIRS not trained)	Block (antagonist / neutralizing antibody / small molecule)	Target nomination (causal, needs coloc)	Panel B/C (performance + signature)	Transcript-to-protein bridge: acquire cis-pQTL, test colocalization	Nominate: causal but needs colocalization before resourcing
119	Hypertension	Cardiovascular	Probable JmjC domain-containing histone demethylation protein 2C	JMJD1C	Predicted intracellular proteins	Immune-cell-enriched	Measured (Olink Explore panel)	NA (train PIRS)	NA	NA (train PIRS)	NA (train PIRS)	NA (train PIRS)	NA (train PIRS)	1.667	5.18e-05	yes	0.189	no	no	no	not tested	not an approved target	Uncertain	1.546	3	Causal nomination (MR only)	Causal-only (PIRS not trained)	Block (antagonist / neutralizing antibody / small molecule)	Target nomination (causal, needs coloc)	Panel B/C (performance + signature)	Transcript-to-protein bridge: acquire cis-pQTL, test colocalization	Nominate: causal but needs colocalization before resourcing
120	Sarcoidosis	Autoimmune	Parvalbumin alpha	PVALB	Predicted intracellular proteins	Immune-cell-enriched	Measured (Olink Explore panel)	NA (train PIRS)	NA	NA (train PIRS)	NA (train PIRS)	NA (train PIRS)	NA (train PIRS)	0.882	4.33e-02	yes	0.774	no	no	no	not tested	not an approved target	Uncertain	1.546	3	Causal nomination (MR only)	Causal-only (PIRS not trained)	Agonize (protective; intracellular route caution)	Target nomination (causal, needs coloc)	Panel B/C (performance + signature)	Transcript-to-protein bridge: acquire cis-pQTL, test colocalization	Nominate: causal but needs colocalization before resourcing
121	Ankylosing spondylitis	Autoimmune	Ras-related protein Rab-44	RAB44	Predicted intracellular proteins	Immune-cell-enriched	Measured (Olink Explore panel)	NA (train PIRS)	NA	NA (train PIRS)	NA (train PIRS)	NA (train PIRS)	NA (train PIRS)	0.812	1.97e-03	yes	NA	no	no	no	not covered	not an approved target	Uncertain	1.541	3	Causal nomination (MR only)	Causal-only (PIRS not trained)	Agonize (protective; intracellular route caution)	Target nomination (causal, needs coloc)	Panel B/C (performance + signature)	Transcript-to-protein bridge: acquire cis-pQTL, test colocalization	Nominate: causal but needs colocalization before resourcing
122	Coronary heart disease	Cardiovascular	Prosaposin	PSAP	Disease related genes, Human disease related genes, Metabolic proteins, Plasma proteins, Potential drug targets, Predicted intracellular proteins, Transporters	Immune-cell-enriched	Measured (Olink Explore panel)	NA (train PIRS)	NA	NA (train PIRS)	NA (train PIRS)	NA (train PIRS)	NA (train PIRS)	0.817	3.37e-02	yes	0.745	no	no	no	not tested	not an approved target	Uncertain	1.54	3	Causal nomination (MR only)	Causal-only (PIRS not trained)	Agonize (protective; intracellular route caution)	Target nomination (causal, needs coloc)	Panel B/C (performance + signature)	Transcript-to-protein bridge: acquire cis-pQTL, test colocalization	Nominate: causal but needs colocalization before resourcing
123	Psoriasis	Autoimmune	Sorting nexin-2	SNX2	Predicted intracellular proteins	Immune-cell-enriched	Measured (Olink Explore panel)	NA (train PIRS)	NA	NA (train PIRS)	NA (train PIRS)	NA (train PIRS)	NA (train PIRS)	0.613	3.15e-02	yes	0.707	no	no	no	not tested	not an approved target	Uncertain	1.508	3	Causal nomination (MR only)	Causal-only (PIRS not trained)	Agonize (protective; intracellular route caution)	Target nomination (causal, needs coloc)	Panel B/C (performance + signature)	Transcript-to-protein bridge: acquire cis-pQTL, test colocalization	Nominate: causal but needs colocalization before resourcing
124	Type 2 diabetes	Metabolic	Myeloperoxidase	MPO	Cancer-related genes, Candidate cardiovascular disease genes, Disease related genes, Enzymes, Human disease related genes, Metabolic proteins, Plasma proteins, Potential drug targets, Predicted intracellular proteins	Immune-cell-enriched	Measured (Olink Explore panel)	NA (train PIRS)	NA	NA (train PIRS)	NA (train PIRS)	NA (train PIRS)	NA (train PIRS)	1.075	4.33e-02	yes	0.229	no	no	no	not tested	not an approved target	Uncertain	1.502	3	Causal nomination (MR only)	Causal-only (PIRS not trained)	Block (antagonist / neutralizing antibody / small molecule)	Target nomination (causal, needs coloc)	Panel B/C (performance + signature)	Transcript-to-protein bridge: acquire cis-pQTL, test colocalization	Nominate: causal but needs colocalization before resourcing
125	Hypertension	Cardiovascular	Interleukin-1 receptor antagonist protein	IL1RN	Cancer-related genes, Candidate cardiovascular disease genes, Disease related genes, Human disease related genes, Plasma proteins, Predicted intracellular proteins, Predicted secreted proteins	Cytokine/Interleukin	High (secreted to blood)	NA (train PIRS)	NA	NA (train PIRS)	NA (train PIRS)	NA (train PIRS)	NA (train PIRS)	0.831	5.54e-03	yes	0.178	no	no	no	not tested	not an approved target	Low-moderate	1.463	3	Causal nomination (MR only)	Causal-only (PIRS not trained)	Replace / decoy-receptor or agonist (protective, soluble)	Target nomination (causal, needs coloc)	Panel B/C (performance + signature)	Transcript-to-protein bridge: acquire cis-pQTL, test colocalization	Nominate: causal but needs colocalization before resourcing
126	Rheumatoid arthritis	Autoimmune	Protein kinase C theta type	PRKCQ	Cancer-related genes, Enzymes, FDA approved drug targets, Plasma proteins, Predicted intracellular proteins	Immune-cell-enriched	Measured (Olink Explore panel)	NA (train PIRS)	NA	NA (train PIRS)	NA (train PIRS)	NA (train PIRS)	NA (train PIRS)	1.335	4.32e-02	yes	0.0	no	no	no	not tested	not an approved target	Moderate	1.44	3	Causal nomination (MR only)	Causal-only (PIRS not trained)	Block (antagonist / neutralizing antibody / small molecule)	Target nomination (causal, needs coloc)	Panel B/C (performance + signature)	Transcript-to-protein bridge: acquire cis-pQTL, test colocalization	Nominate: causal but needs colocalization before resourcing
127	Atrial fibrillation	Cardiovascular	Disintegrin and metalloproteinase domain-containing protein 15	ADAM15	Predicted intracellular proteins, Predicted membrane proteins	Immune-cell-enriched	Measured (Olink Explore panel)	NA (train PIRS)	NA	NA (train PIRS)	NA (train PIRS)	NA (train PIRS)	NA (train PIRS)	0.93	9.65e-04	yes	0.0	no	no	no	not tested	not an approved target	Low-moderate	1.436	3	Causal nomination (MR only)	Causal-only (PIRS not trained)	Agonize (protective; intracellular route caution)	Target nomination (causal, needs coloc)	Panel B/C (performance + signature)	Transcript-to-protein bridge: acquire cis-pQTL, test colocalization	Nominate: causal but needs colocalization before resourcing
128	Hypertension	Cardiovascular	Monocarboxylate transporter 1	SLC16A1	Disease related genes, Human disease related genes, Metabolic proteins, Potential drug targets, Predicted membrane proteins, Transporters	Immune-cell-enriched	Measured (Olink Explore panel)	NA (train PIRS)	NA	NA (train PIRS)	NA (train PIRS)	NA (train PIRS)	NA (train PIRS)	0.828	1.05e-03	yes	0.0	no	no	no	not tested	not an approved target	Low-moderate	1.429	3	Causal nomination (MR only)	Causal-only (PIRS not trained)	Agonize (protective; intracellular route caution)	Target nomination (causal, needs coloc)	Panel B/C (performance + signature)	Transcript-to-protein bridge: acquire cis-pQTL, test colocalization	Nominate: causal but needs colocalization before resourcing
129	Heart failure	Cardiovascular	6-phosphofructo-2-kinase/fructose-2,6-bisphosphatase 2	PFKFB2	Enzymes, Metabolic proteins, Predicted intracellular proteins	Immune-cell-enriched	Measured (Olink Explore panel)	NA (train PIRS)	NA	NA (train PIRS)	NA (train PIRS)	NA (train PIRS)	NA (train PIRS)	0.665	4.23e-02	yes	0.652	no	no	no	not tested	not an approved target	Uncertain	1.426	3	Causal nomination (MR only)	Causal-only (PIRS not trained)	Agonize (protective; intracellular route caution)	Target nomination (causal, needs coloc)	Panel B/C (performance + signature)	Transcript-to-protein bridge: acquire cis-pQTL, test colocalization	Nominate: causal but needs colocalization before resourcing
130	Atrial fibrillation	Cardiovascular	Density-regulated protein	DENR	Essential proteins, Plasma proteins, Predicted intracellular proteins	Immune-cell-enriched	Measured (Olink Explore panel)	NA (train PIRS)	NA	NA (train PIRS)	NA (train PIRS)	NA (train PIRS)	NA (train PIRS)	1.234	2.26e-03	yes	0.378	no	no	no	not tested	not an approved target	Uncertain	1.407	3	Causal nomination (MR only)	Causal-only (PIRS not trained)	Block (antagonist / neutralizing antibody / small molecule)	Target nomination (causal, needs coloc)	Panel B/C (performance + signature)	Transcript-to-protein bridge: acquire cis-pQTL, test colocalization	Nominate: causal but needs colocalization before resourcing
131	Type 2 diabetes	Metabolic	Phosphofurin acidic cluster sorting protein 2	PACS2	Disease related genes, Human disease related genes, Potential drug targets, Predicted intracellular proteins, Transporters	Immune-cell-enriched	Measured (Olink Explore panel)	NA (train PIRS)	NA	NA (train PIRS)	NA (train PIRS)	NA (train PIRS)	NA (train PIRS)	1.387	3.85e-02	yes	0.615	no	no	no	not tested	not an approved target	Uncertain	1.398	3	Causal nomination (MR only)	Causal-only (PIRS not trained)	Block (antagonist / neutralizing antibody / small molecule)	Target nomination (causal, needs coloc)	Panel B/C (performance + signature)	Transcript-to-protein bridge: acquire cis-pQTL, test colocalization	Nominate: causal but needs colocalization before resourcing
132	Heart failure	Cardiovascular	Glutathione S-transferase Mu 4	GSTM4	Enzymes, Metabolic proteins, Predicted intracellular proteins	Immune-cell-enriched	Measured (Olink Explore panel)	NA (train PIRS)	NA	NA (train PIRS)	NA (train PIRS)	NA (train PIRS)	NA (train PIRS)	1.044	4.42e-02	yes	0.623	no	no	no	not tested	not an approved target	Uncertain	1.393	3	Causal nomination (MR only)	Causal-only (PIRS not trained)	Block (antagonist / neutralizing antibody / small molecule)	Target nomination (causal, needs coloc)	Panel B/C (performance + signature)	Transcript-to-protein bridge: acquire cis-pQTL, test colocalization	Nominate: causal but needs colocalization before resourcing
133	Hypertension	Cardiovascular	Pro-adrenomedullin	ADM	Cancer-related genes, Plasma proteins, Predicted intracellular proteins, Predicted secreted proteins	Immune-cell-enriched	High (secreted to blood)	NA (train PIRS)	NA	NA (train PIRS)	NA (train PIRS)	NA (train PIRS)	NA (train PIRS)	1.07	1.74e-03	yes	0.0	no	no	no	not tested	not an approved target	Low-moderate	1.385	3	Causal nomination (MR only)	Causal-only (PIRS not trained)	Block (antagonist / neutralizing antibody / small molecule)	Target nomination (causal, needs coloc)	Panel B/C (performance + signature)	Transcript-to-protein bridge: acquire cis-pQTL, test colocalization	Nominate: causal but needs colocalization before resourcing
134	Hypertension	Cardiovascular	Myeloperoxidase	MPO	Cancer-related genes, Candidate cardiovascular disease genes, Disease related genes, Enzymes, Human disease related genes, Metabolic proteins, Plasma proteins, Potential drug targets, Predicted intracellular proteins	Immune-cell-enriched	Measured (Olink Explore panel)	NA (train PIRS)	NA	NA (train PIRS)	NA (train PIRS)	NA (train PIRS)	NA (train PIRS)	1.072	1.25e-02	yes	0.0	no	no	no	not tested	not an approved target	Uncertain	1.381	3	Causal nomination (MR only)	Causal-only (PIRS not trained)	Block (antagonist / neutralizing antibody / small molecule)	Target nomination (causal, needs coloc)	Panel B/C (performance + signature)	Transcript-to-protein bridge: acquire cis-pQTL, test colocalization	Nominate: causal but needs colocalization before resourcing
135	Heart failure	Cardiovascular	Ras-related protein Rab-44	RAB44	Predicted intracellular proteins	Immune-cell-enriched	Measured (Olink Explore panel)	NA (train PIRS)	NA	NA (train PIRS)	NA (train PIRS)	NA (train PIRS)	NA (train PIRS)	0.939	1.74e-02	yes	NA	no	no	no	not tested	not an approved target	Uncertain	1.352	3	Causal nomination (MR only)	Causal-only (PIRS not trained)	Agonize (protective; intracellular route caution)	Target nomination (causal, needs coloc)	Panel B/C (performance + signature)	Transcript-to-protein bridge: acquire cis-pQTL, test colocalization	Nominate: causal but needs colocalization before resourcing
136	Coronary heart disease	Cardiovascular	Vascular non-inflammatory molecule 2	VNN2	Enzymes, Metabolic proteins, Predicted intracellular proteins, Predicted membrane proteins	Immune-cell-enriched	Measured (Olink Explore panel)	NA (train PIRS)	NA	NA (train PIRS)	NA (train PIRS)	NA (train PIRS)	NA (train PIRS)	1.045	2.99e-03	yes	NA	no	no	no	not tested	not an approved target	Low-moderate	1.338	3	Causal nomination (MR only)	Causal-only (PIRS not trained)	Block (antagonist / neutralizing antibody / small molecule)	Target nomination (causal, needs coloc)	Panel B/C (performance + signature)	Transcript-to-protein bridge: acquire cis-pQTL, test colocalization	Nominate: causal but needs colocalization before resourcing
137	Glaucoma	Neuro/Aging	Cysteine-rich secretory protein 3	CRISP3	Metabolic proteins, Plasma proteins, Predicted intracellular proteins, Predicted secreted proteins	Immune-cell-enriched	High (secreted to blood)	NA (train PIRS)	NA	NA (train PIRS)	NA (train PIRS)	NA (train PIRS)	NA (train PIRS)	1.32	3.79e-03	yes	NA	no	no	no	not tested	not an approved target	Low-moderate	1.318	3	Causal nomination (MR only)	Causal-only (PIRS not trained)	Block (antagonist / neutralizing antibody / small molecule)	Target nomination (causal, needs coloc)	Panel B/C (performance + signature)	Transcript-to-protein bridge: acquire cis-pQTL, test colocalization	Nominate: causal but needs colocalization before resourcing
138	Coronary heart disease	Cardiovascular	Tubulin polymerization-promoting protein family member 3	TPPP3	Predicted intracellular proteins	Immune-cell-enriched	Measured (Olink Explore panel)	NA (train PIRS)	NA	NA (train PIRS)	NA (train PIRS)	NA (train PIRS)	NA (train PIRS)	0.823	4.76e-02	yes	0.547	no	no	no	not tested	not an approved target	Uncertain	1.312	3	Causal nomination (MR only)	Causal-only (PIRS not trained)	Agonize (protective; intracellular route caution)	Target nomination (causal, needs coloc)	Panel B/C (performance + signature)	Transcript-to-protein bridge: acquire cis-pQTL, test colocalization	Nominate: causal but needs colocalization before resourcing
139	Hypertension	Cardiovascular	Synaptic vesicle membrane protein VAT-1 homolog	VAT1	Plasma proteins, Predicted intracellular proteins	Immune-cell-enriched	Measured (Olink Explore panel)	NA (train PIRS)	NA	NA (train PIRS)	NA (train PIRS)	NA (train PIRS)	NA (train PIRS)	1.069	1.69e-02	yes	0.424	no	no	no	not tested	not an approved target	Uncertain	1.279	3	Causal nomination (MR only)	Causal-only (PIRS not trained)	Block (antagonist / neutralizing antibody / small molecule)	Target nomination (causal, needs coloc)	Panel B/C (performance + signature)	Transcript-to-protein bridge: acquire cis-pQTL, test colocalization	Nominate: causal but needs colocalization before resourcing
140	Hypertension	Cardiovascular	ADAMTS-like protein 4	ADAMTSL4	Disease related genes, Human disease related genes, Predicted secreted proteins	Immune-cell-enriched	High (secreted to blood)	NA (train PIRS)	NA	NA (train PIRS)	NA (train PIRS)	NA (train PIRS)	NA (train PIRS)	1.065	1.02e-02	yes	0.017	no	no	no	not tested	not an approved target	Low-moderate	1.249	3	Causal nomination (MR only)	Causal-only (PIRS not trained)	Block (antagonist / neutralizing antibody / small molecule)	Target nomination (causal, needs coloc)	Panel B/C (performance + signature)	Transcript-to-protein bridge: acquire cis-pQTL, test colocalization	Nominate: causal but needs colocalization before resourcing
141	Hypertension	Cardiovascular	Low-density lipoprotein receptor	LDLR	Disease related genes, Human disease related genes, Metabolic proteins, Plasma proteins, Predicted intracellular proteins, Predicted membrane proteins	Immune-cell-enriched	High (soluble receptor / shed)	NA (train PIRS)	NA	NA (train PIRS)	NA (train PIRS)	NA (train PIRS)	NA (train PIRS)	0.713	9.04e-03	yes	0.0	no	no	no	not tested	not an approved target	Low-moderate	1.242	3	Causal nomination (MR only)	Causal-only (PIRS not trained)	Replace / decoy-receptor or agonist (protective, soluble)	Target nomination (causal, needs coloc)	Panel B/C (performance + signature)	Transcript-to-protein bridge: acquire cis-pQTL, test colocalization	Nominate: causal but needs colocalization before resourcing
142	Type 2 diabetes	Metabolic	Bone morphogenetic protein 6	BMP6	Predicted secreted proteins	Immune-cell-enriched	High (secreted to blood)	NA (train PIRS)	NA	NA (train PIRS)	NA (train PIRS)	NA (train PIRS)	NA (train PIRS)	0.826	1.25e-02	yes	NA	no	no	no	not tested	not an approved target	Low-moderate	1.214	3	Causal nomination (MR only)	Causal-only (PIRS not trained)	Agonize / recombinant-protein replacement (protective, secreted)	Target nomination (causal, needs coloc)	Panel B/C (performance + signature)	Transcript-to-protein bridge: acquire cis-pQTL, test colocalization	Nominate: causal but needs colocalization before resourcing
143	Coronary heart disease	Cardiovascular	Sortilin	SORT1	Disease related genes, Potential drug targets, Predicted intracellular proteins, Predicted membrane proteins, Transporters	Immune-cell-enriched	Measured (Olink Explore panel)	NA (train PIRS)	NA	NA (train PIRS)	NA (train PIRS)	NA (train PIRS)	NA (train PIRS)	0.714	1.29e-02	yes	0.0	no	no	no	not tested	not an approved target	Low-moderate	1.211	3	Causal nomination (MR only)	Causal-only (PIRS not trained)	Agonize (protective; intracellular route caution)	Target nomination (causal, needs coloc)	Panel B/C (performance + signature)	Transcript-to-protein bridge: acquire cis-pQTL, test colocalization	Nominate: causal but needs colocalization before resourcing
144	Obesity	Metabolic	Growth/differentiation factor 15	GDF15	Cancer-related genes, Disease related genes, Plasma proteins, Predicted secreted proteins	Immune-cell-enriched	High (secreted to blood)	NA (train PIRS)	NA	NA (train PIRS)	NA (train PIRS)	NA (train PIRS)	NA (train PIRS)	0.842	1.80e-02	yes	0.004	no	no	no	not tested	not an approved target	Low-moderate	1.186	3	Causal nomination (MR only)	Causal-only (PIRS not trained)	Agonize / recombinant-protein replacement (protective, secreted)	Target nomination (causal, needs coloc)	Panel B/C (performance + signature)	Transcript-to-protein bridge: acquire cis-pQTL, test colocalization	Nominate: causal but needs colocalization before resourcing
145	Coronary heart disease	Cardiovascular	Low-density lipoprotein receptor	LDLR	Disease related genes, Human disease related genes, Metabolic proteins, Plasma proteins, Predicted intracellular proteins, Predicted membrane proteins	Immune-cell-enriched	High (soluble receptor / shed)	NA (train PIRS)	NA	NA (train PIRS)	NA (train PIRS)	NA (train PIRS)	NA (train PIRS)	0.643	2.06e-02	yes	0.0	no	no	no	not tested	not an approved target	Low-moderate	1.17	3	Causal nomination (MR only)	Causal-only (PIRS not trained)	Replace / decoy-receptor or agonist (protective, soluble)	Target nomination (causal, needs coloc)	Panel B/C (performance + signature)	Transcript-to-protein bridge: acquire cis-pQTL, test colocalization	Nominate: causal but needs colocalization before resourcing
146	Dementia	Neuro/Aging	Transcription factor RelB	RELB	Cancer-related genes, Disease related genes, Human disease related genes, Plasma proteins, Predicted intracellular proteins, Transcription factors	Immune-cell-enriched	Measured (Olink Explore panel)	NA (train PIRS)	NA	NA (train PIRS)	NA (train PIRS)	NA (train PIRS)	NA (train PIRS)	0.371	4.97e-04	yes	0.0	no	no	no	not tested	not an approved target	Uncertain	1.161	3	Causal nomination (MR only)	Causal-only (PIRS not trained)	Agonize (protective; intracellular route caution)	Target nomination (causal, needs coloc)	Panel B/C (performance + signature)	Transcript-to-protein bridge: acquire cis-pQTL, test colocalization	Nominate: causal but needs colocalization before resourcing
147	Coronary heart disease	Cardiovascular	Serine/threonine-protein kinase STK11	STK11	Cancer-related genes, Disease related genes, Enzymes, Human disease related genes, Potential drug targets, Predicted intracellular proteins	Immune-cell-enriched	Measured (Olink Explore panel)	NA (train PIRS)	NA	NA (train PIRS)	NA (train PIRS)	NA (train PIRS)	NA (train PIRS)	1.109	1.36e-02	yes	0.286	no	no	no	not tested	not an approved target	Uncertain	1.159	3	Causal nomination (MR only)	Causal-only (PIRS not trained)	Block (antagonist / neutralizing antibody / small molecule)	Target nomination (causal, needs coloc)	Panel B/C (performance + signature)	Transcript-to-protein bridge: acquire cis-pQTL, test colocalization	Nominate: causal but needs colocalization before resourcing
148	Ankylosing spondylitis	Autoimmune	Endothelin-1	EDN1	Cancer-related genes, Candidate cardiovascular disease genes, Disease related genes, Human disease related genes, Plasma proteins, Predicted secreted proteins	Immune-cell-enriched	High (secreted to blood)	NA (train PIRS)	NA	NA (train PIRS)	NA (train PIRS)	NA (train PIRS)	NA (train PIRS)	2.024	3.37e-02	yes	NA	no	no	no	not tested	not an approved target	Low-moderate	1.128	3	Causal nomination (MR only)	Causal-only (PIRS not trained)	Block (antagonist / neutralizing antibody / small molecule)	Target nomination (causal, needs coloc)	Panel B/C (performance + signature)	Transcript-to-protein bridge: acquire cis-pQTL, test colocalization	Nominate: causal but needs colocalization before resourcing
149	Hypertension	Cardiovascular	Clathrin interactor 1	CLINT1	Plasma proteins, Predicted intracellular proteins, Transporters	Immune-cell-enriched	Measured (Olink Explore panel)	NA (train PIRS)	NA	NA (train PIRS)	NA (train PIRS)	NA (train PIRS)	NA (train PIRS)	1.437	9.01e-04	yes	0.0	no	no	no	not tested	not an approved target	Uncertain	1.109	3	Causal nomination (MR only)	Causal-only (PIRS not trained)	Block (antagonist / neutralizing antibody / small molecule)	Target nomination (causal, needs coloc)	Panel B/C (performance + signature)	Transcript-to-protein bridge: acquire cis-pQTL, test colocalization	Nominate: causal but needs colocalization before resourcing
150	Coronary heart disease	Cardiovascular	phospholipase A2 inhibitor and Ly6/PLAUR domain-containing protein	PINLYP	Predicted intracellular proteins, Predicted secreted proteins	Immune-cell-enriched	High (secreted to blood)	NA (train PIRS)	NA	NA (train PIRS)	NA (train PIRS)	NA (train PIRS)	NA (train PIRS)	1.179	4.23e-02	yes	0.0	no	no	no	not tested	not an approved target	Low-moderate	1.108	3	Causal nomination (MR only)	Causal-only (PIRS not trained)	Block (antagonist / neutralizing antibody / small molecule)	Target nomination (causal, needs coloc)	Panel B/C (performance + signature)	Transcript-to-protein bridge: acquire cis-pQTL, test colocalization	Nominate: causal but needs colocalization before resourcing
151	Atrial fibrillation	Cardiovascular	Monocyte differentiation antigen CD14	CD14	Cancer-related genes, CD markers, Human disease related genes, Plasma proteins, Predicted secreted proteins, Transporters	HLA/Antigen presentation	High (secreted to blood)	NA (train PIRS)	NA	NA (train PIRS)	NA (train PIRS)	NA (train PIRS)	NA (train PIRS)	0.9	4.33e-02	yes	0.002	no	no	no	not tested	not an approved target	Low-moderate	1.108	3	Causal nomination (MR only)	Causal-only (PIRS not trained)	Agonize / recombinant-protein replacement (protective, secreted)	Target nomination (causal, needs coloc)	Panel B/C (performance + signature)	Transcript-to-protein bridge: acquire cis-pQTL, test colocalization	Nominate: causal but needs colocalization before resourcing
152	Type 2 diabetes	Metabolic	Neuritin	NRN1	Predicted membrane proteins	Immune-cell-enriched	Measured (Olink Explore panel)	NA (train PIRS)	NA	NA (train PIRS)	NA (train PIRS)	NA (train PIRS)	NA (train PIRS)	1.088	4.28e-02	yes	NA	no	no	no	not tested	not an approved target	Low-moderate	1.107	3	Causal nomination (MR only)	Causal-only (PIRS not trained)	Block (antagonist / neutralizing antibody / small molecule)	Target nomination (causal, needs coloc)	Panel B/C (performance + signature)	Transcript-to-protein bridge: acquire cis-pQTL, test colocalization	Nominate: causal but needs colocalization before resourcing
153	Hypertension	Cardiovascular	Myosin light chain 4	MYL4	Disease related genes, Human disease related genes, Plasma proteins, Predicted intracellular proteins	Immune-cell-enriched	Measured (Olink Explore panel)	NA (train PIRS)	NA	NA (train PIRS)	NA (train PIRS)	NA (train PIRS)	NA (train PIRS)	1.657	1.05e-03	yes	0.0	no	no	no	not tested	not an approved target	Uncertain	1.095	3	Causal nomination (MR only)	Causal-only (PIRS not trained)	Block (antagonist / neutralizing antibody / small molecule)	Target nomination (causal, needs coloc)	Panel B/C (performance + signature)	Transcript-to-protein bridge: acquire cis-pQTL, test colocalization	Nominate: causal but needs colocalization before resourcing
154	Atrial fibrillation	Cardiovascular	Huntingtin-interacting protein 1-related protein	HIP1R	Cancer-related genes, Predicted intracellular proteins	Immune-cell-enriched	Measured (Olink Explore panel)	NA (train PIRS)	NA	NA (train PIRS)	NA (train PIRS)	NA (train PIRS)	NA (train PIRS)	1.465	8.57e-03	yes	0.178	no	no	no	not tested	not an approved target	Uncertain	1.091	3	Causal nomination (MR only)	Causal-only (PIRS not trained)	Block (antagonist / neutralizing antibody / small molecule)	Target nomination (causal, needs coloc)	Panel B/C (performance + signature)	Transcript-to-protein bridge: acquire cis-pQTL, test colocalization	Nominate: causal but needs colocalization before resourcing
155	Hypertension	Cardiovascular	Keratin, type I cytoskeletal 18	KRT18	Cancer-related genes, Disease related genes, Human disease related genes, Predicted intracellular proteins	Immune-cell-enriched	Measured (Olink Explore panel)	NA (train PIRS)	NA	NA (train PIRS)	NA (train PIRS)	NA (train PIRS)	NA (train PIRS)	1.235	9.08e-03	yes	0.0	no	no	no	not tested	not an approved target	Uncertain	0.908	3	Causal nomination (MR only)	Causal-only (PIRS not trained)	Block (antagonist / neutralizing antibody / small molecule)	Target nomination (causal, needs coloc)	Panel B/C (performance + signature)	Transcript-to-protein bridge: acquire cis-pQTL, test colocalization	Nominate: causal but needs colocalization before resourcing
156	Coronary heart disease	Cardiovascular	Phosphoethanolamine/phosphocholine phosphatase	PHOSPHO1	Enzymes, Metabolic proteins, Predicted intracellular proteins	Immune-cell-enriched	Measured (Olink Explore panel)	NA (train PIRS)	NA	NA (train PIRS)	NA (train PIRS)	NA (train PIRS)	NA (train PIRS)	0.851	3.68e-02	yes	0.004	no	no	no	not tested	not an approved target	Uncertain	0.791	3	Causal nomination (MR only)	Causal-only (PIRS not trained)	Agonize (protective; intracellular route caution)	Target nomination (causal, needs coloc)	Panel B/C (performance + signature)	Transcript-to-protein bridge: acquire cis-pQTL, test colocalization	Nominate: causal but needs colocalization before resourcing
157	Alzheimer's disease	Neuro/Aging	Transcription factor RelB	RELB	Cancer-related genes, Disease related genes, Human disease related genes, Plasma proteins, Predicted intracellular proteins, Transcription factors	Immune-cell-enriched	Measured (Olink Explore panel)	NA (train PIRS)	NA	NA (train PIRS)	NA (train PIRS)	NA (train PIRS)	NA (train PIRS)	0.357	4.76e-02	yes	0.0	no	no	no	not tested	not an approved target	Uncertain	0.764	3	Causal nomination (MR only)	Causal-only (PIRS not trained)	Agonize (protective; intracellular route caution)	Target nomination (causal, needs coloc)	Panel B/C (performance + signature)	Transcript-to-protein bridge: acquire cis-pQTL, test colocalization	Nominate: causal but needs colocalization before resourcing
158	Type 1 diabetes	Metabolic	Complement C2	C2	Disease related genes, Enzymes, Human disease related genes, Plasma proteins, Potential drug targets, Predicted intracellular proteins, Predicted secreted proteins	Complement/Coagulation	High (secreted to blood)	NA (train PIRS)	NA	NA (train PIRS)	NA (train PIRS)	NA (train PIRS)	NA (train PIRS)	25.667	1.32e-37	yes	NA	no	no	no	not tested	not an approved target	Low-moderate	1.333	2	MHC/LD — held at nomination	Causal-only (PIRS not trained)	Block (antagonist/neutralizing Ab) — held (MHC/LD caution)	Biomarker (predictive) — not yet a target	Panel D (concordance, MHC-flagged)	Fine-map MHC / condition on classical HLA alleles before any claim	Hold: MHC/LD confounding must be excluded
159	Rheumatoid arthritis	Autoimmune	Complement C2	C2	Disease related genes, Enzymes, Human disease related genes, Plasma proteins, Potential drug targets, Predicted intracellular proteins, Predicted secreted proteins	Complement/Coagulation	High (secreted to blood)	NA (train PIRS)	NA	NA (train PIRS)	NA (train PIRS)	NA (train PIRS)	NA (train PIRS)	4.412	1.04e-34	yes	NA	no	no	no	replicated	not an approved target	Low-moderate	1.333	2	MHC/LD — held at nomination	Causal-only (PIRS not trained)	Block (antagonist/neutralizing Ab) — held (MHC/LD caution)	Biomarker (predictive) — not yet a target	Panel D (concordance, MHC-flagged)	Fine-map MHC / condition on classical HLA alleles before any claim	Hold: MHC/LD confounding must be excluded
160	Coeliac disease	Autoimmune	Complement C2	C2	Disease related genes, Enzymes, Human disease related genes, Plasma proteins, Potential drug targets, Predicted intracellular proteins, Predicted secreted proteins	Complement/Coagulation	High (secreted to blood)	NA (train PIRS)	NA	NA (train PIRS)	NA (train PIRS)	NA (train PIRS)	NA (train PIRS)	3.676	1.72e-08	yes	NA	no	no	no	not covered	not an approved target	Low-moderate	0.886	2	MHC/LD — held at nomination	Causal-only (PIRS not trained)	Block (antagonist/neutralizing Ab) — held (MHC/LD caution)	Biomarker (predictive) — not yet a target	Panel D (concordance, MHC-flagged)	Fine-map MHC / condition on classical HLA alleles before any claim	Hold: MHC/LD confounding must be excluded
161	Ankylosing spondylitis	Autoimmune	Complement C2	C2	Disease related genes, Enzymes, Human disease related genes, Plasma proteins, Potential drug targets, Predicted intracellular proteins, Predicted secreted proteins	Complement/Coagulation	High (secreted to blood)	NA (train PIRS)	NA	NA (train PIRS)	NA (train PIRS)	NA (train PIRS)	NA (train PIRS)	3.348	2.70e-05	yes	NA	no	no	no	not covered	not an approved target	Low-moderate	0.247	2	MHC/LD — held at nomination	Causal-only (PIRS not trained)	Block (antagonist/neutralizing Ab) — held (MHC/LD caution)	Biomarker (predictive) — not yet a target	Panel D (concordance, MHC-flagged)	Fine-map MHC / condition on classical HLA alleles before any claim	Hold: MHC/LD confounding must be excluded
162	Psoriasis	Autoimmune	Complement C2	C2	Disease related genes, Enzymes, Human disease related genes, Plasma proteins, Potential drug targets, Predicted intracellular proteins, Predicted secreted proteins	Complement/Coagulation	High (secreted to blood)	NA (train PIRS)	NA	NA (train PIRS)	NA (train PIRS)	NA (train PIRS)	NA (train PIRS)	1.62	5.96e-03	yes	NA	no	no	no	replicated	not an approved target	Low-moderate	0.0	2	MHC/LD — held at nomination	Causal-only (PIRS not trained)	Block (antagonist/neutralizing Ab) — held (MHC/LD caution)	Biomarker (predictive) — not yet a target	Panel D (concordance, MHC-flagged)	Fine-map MHC / condition on classical HLA alleles before any claim	Hold: MHC/LD confounding must be excluded
163	Sjogren syndrome	Autoimmune	Complement C2	C2	Disease related genes, Enzymes, Human disease related genes, Plasma proteins, Potential drug targets, Predicted intracellular proteins, Predicted secreted proteins	Complement/Coagulation	High (secreted to blood)	NA (train PIRS)	NA	NA (train PIRS)	NA (train PIRS)	NA (train PIRS)	NA (train PIRS)	2.615	6.62e-03	yes	NA	no	no	no	not covered	not an approved target	Low-moderate	0.0	2	MHC/LD — held at nomination	Causal-only (PIRS not trained)	Block (antagonist/neutralizing Ab) — held (MHC/LD caution)	Biomarker (predictive) — not yet a target	Panel D (concordance, MHC-flagged)	Fine-map MHC / condition on classical HLA alleles before any claim	Hold: MHC/LD confounding must be excluded
164	Systemic lupus erythematosus	Autoimmune	Complement C2	C2	Disease related genes, Enzymes, Human disease related genes, Plasma proteins, Potential drug targets, Predicted intracellular proteins, Predicted secreted proteins	Complement/Coagulation	High (secreted to blood)	NA (train PIRS)	NA	NA (train PIRS)	NA (train PIRS)	NA (train PIRS)	NA (train PIRS)	4.064	2.75e-02	yes	NA	no	no	no	not tested	not an approved target	Low-moderate	0.0	2	MHC/LD — held at nomination	Causal-only (PIRS not trained)	Block (antagonist/neutralizing Ab) — held (MHC/LD caution)	Biomarker (predictive) — not yet a target	Panel D (concordance, MHC-flagged)	Fine-map MHC / condition on classical HLA alleles before any claim	Hold: MHC/LD confounding must be excluded
165	Rheumatoid arthritis	Autoimmune	Cytotoxic T-lymphocyte protein 4	CTLA4	CD markers, Disease related genes, FDA approved drug targets, Human disease related genes, Predicted intracellular proteins, Predicted membrane proteins	Immune checkpoint	Measured (Olink Explore panel)	NA (train PIRS)	NA	NA (train PIRS)	NA (train PIRS)	NA (train PIRS)	NA (train PIRS)	0.511	2.32e-12	yes	0.985	yes (PP.H4>=0.8)	no	no	replicated	known drug target	High (FDA-precedented class, tractable)	3.485	1	Known-drug positive control	Causal-only (PIRS not trained)	Agonize / replace — positive control	Prioritized target (transcript-level)	Panel B (performance — positive control)	Confirm as positive control; benchmark against approved agent	Reference/positive control: validates the pipeline
166	Autoimmune hyperthyroidism	Autoimmune	Cytotoxic T-lymphocyte protein 4	CTLA4	CD markers, Disease related genes, FDA approved drug targets, Human disease related genes, Predicted intracellular proteins, Predicted membrane proteins	Immune checkpoint	Measured (Olink Explore panel)	NA (train PIRS)	NA	NA (train PIRS)	NA (train PIRS)	NA (train PIRS)	NA (train PIRS)	0.154	7.28e-16	yes	0.845	yes (PP.H4>=0.8)	no	no	replicated	known drug target	High (FDA-precedented class, tractable)	3.345	1	Known-drug positive control	Causal-only (PIRS not trained)	Agonize / replace — positive control	Prioritized target (transcript-level)	Panel B (performance — positive control)	Confirm as positive control; benchmark against approved agent	Reference/positive control: validates the pipeline
167	Multiple sclerosis	Autoimmune	Tumor necrosis factor ligand superfamily member 14	TNFSF14	CD markers, Predicted intracellular proteins, Predicted membrane proteins, Predicted secreted proteins	TNF superfamily	High (secreted to blood)	NA (train PIRS)	NA	NA (train PIRS)	NA (train PIRS)	NA (train PIRS)	NA (train PIRS)	0.498	1.73e-06	yes	0.999	yes (PP.H4>=0.8)	yes (concordant, protein-level)	yes	replicated	known drug target	Moderate	2.818	1	Known-drug positive control	Causal-only (PIRS not trained)	Agonize / replace — positive control	Therapeutic target (protein-level)	Panel B (performance — positive control)	Confirm as positive control; benchmark against approved agent	Reference/positive control: validates the pipeline
168	Rheumatoid arthritis	Autoimmune	Interleukin-6 receptor subunit beta	IL6ST	Cancer-related genes, Candidate cardiovascular disease genes, CD markers, Disease related genes, Human disease related genes, Plasma proteins, Predicted membrane proteins, Predicted secreted proteins	Cytokine/Interleukin	High (secreted to blood)	NA (train PIRS)	NA	NA (train PIRS)	NA (train PIRS)	NA (train PIRS)	NA (train PIRS)	2.632	1.75e-14	yes	1.0	yes (PP.H4>=0.8)	no	no	replicated	known drug target	Moderate	2.667	1	Known-drug positive control	Causal-only (PIRS not trained)	Block (antagonist/neutralizing Ab) — positive control	Prioritized target (transcript-level)	Panel B (performance — positive control)	Confirm as positive control; benchmark against approved agent	Reference/positive control: validates the pipeline
169	Psoriasis	Autoimmune	Interleukin-4	IL4	Cancer-related genes, Disease related genes, FDA approved drug targets, Human disease related genes, Plasma proteins, Predicted secreted proteins	Cytokine/Interleukin	High (secreted to blood)	NA (train PIRS)	NA	NA (train PIRS)	NA (train PIRS)	NA (train PIRS)	NA (train PIRS)	1.796	1.62e-06	yes	0.0	no	yes (concordant, protein-level)	no	replicated	known drug target	High (FDA-precedented class, tractable)	2.658	1	Known-drug positive control	Causal-only (PIRS not trained)	Block (antagonist/neutralizing Ab) — positive control	Biomarker (predictive) — not yet a target	Panel B (performance — positive control)	Confirm as positive control; benchmark against approved agent	Reference/positive control: validates the pipeline
170	Type 1 diabetes	Metabolic	Cytotoxic T-lymphocyte protein 4	CTLA4	CD markers, Disease related genes, FDA approved drug targets, Human disease related genes, Predicted intracellular proteins, Predicted membrane proteins	Immune checkpoint	Measured (Olink Explore panel)	NA (train PIRS)	NA	NA (train PIRS)	NA (train PIRS)	NA (train PIRS)	NA (train PIRS)	0.389	1.04e-06	yes	0.961	yes (PP.H4>=0.8)	no	no	not tested	known drug target	High (FDA-precedented class, tractable)	2.657	1	Known-drug positive control	Causal-only (PIRS not trained)	Agonize / replace — positive control	Prioritized target (transcript-level)	Panel B (performance — positive control)	Confirm as positive control; benchmark against approved agent	Reference/positive control: validates the pipeline
171	Ankylosing spondylitis	Autoimmune	Tumor necrosis factor receptor superfamily member 1A	TNFRSF1A	Cancer-related genes, Candidate cardiovascular disease genes, CD markers, Disease related genes, FDA approved drug targets, Human disease related genes, Plasma proteins, Predicted membrane proteins, Predicted secreted proteins	TNF superfamily	High (secreted to blood)	NA (train PIRS)	NA	NA (train PIRS)	NA (train PIRS)	NA (train PIRS)	NA (train PIRS)	1.46	9.32e-03	yes	0.859	yes (PP.H4>=0.8)	yes (concordant, protein-level)	yes	replicated	known drug target	High (FDA-precedented class, tractable)	2.265	1	Known-drug positive control	Causal-only (PIRS not trained)	Block (antagonist/neutralizing Ab) — positive control	Therapeutic target (protein-level)	Panel B (performance — positive control)	Confirm as positive control; benchmark against approved agent	Reference/positive control: validates the pipeline
172	Rheumatoid arthritis	Autoimmune	Tumor necrosis factor receptor superfamily member 14	TNFRSF14	Cancer-related genes, CD markers, Human disease related genes, Predicted intracellular proteins, Predicted membrane proteins	TNF superfamily	High (soluble receptor / shed)	NA (train PIRS)	NA	NA (train PIRS)	NA (train PIRS)	NA (train PIRS)	NA (train PIRS)	0.874	4.68e-03	yes	0.083	no	yes (concordant, protein-level)	no	replicated	known drug target	Low-moderate	1.383	1	Known-drug positive control	Causal-only (PIRS not trained)	Agonize / replace — positive control	Biomarker (predictive) — not yet a target	Panel B (performance — positive control)	Confirm as positive control; benchmark against approved agent	Reference/positive control: validates the pipeline
173	Coronary heart disease	Cardiovascular	Interleukin-4	IL4	Cancer-related genes, Disease related genes, FDA approved drug targets, Human disease related genes, Plasma proteins, Predicted secreted proteins	Cytokine/Interleukin	High (secreted to blood)	NA (train PIRS)	NA	NA (train PIRS)	NA (train PIRS)	NA (train PIRS)	NA (train PIRS)	1.247	7.10e-03	yes	0.26	no	no	no	not tested	known drug target	High (FDA-precedented class, tractable)	1.189	1	Known-drug positive control	Causal-only (PIRS not trained)	Block (antagonist/neutralizing Ab) — positive control	Biomarker (predictive) — not yet a target	Panel B (performance — positive control)	Confirm as positive control; benchmark against approved agent	Reference/positive control: validates the pipeline
174	Psoriasis	Autoimmune	Interleukin-6 receptor subunit beta	IL6ST	Cancer-related genes, Candidate cardiovascular disease genes, CD markers, Disease related genes, Human disease related genes, Plasma proteins, Predicted membrane proteins, Predicted secreted proteins	Cytokine/Interleukin	High (secreted to blood)	NA (train PIRS)	NA	NA (train PIRS)	NA (train PIRS)	NA (train PIRS)	NA (train PIRS)	1.578	2.52e-02	yes	0.812	yes (PP.H4>=0.8)	no	no	not tested	known drug target	Moderate	0.798	1	Known-drug positive control	Causal-only (PIRS not trained)	Block (antagonist/neutralizing Ab) — positive control	Prioritized target (transcript-level)	Panel B (performance — positive control)	Confirm as positive control; benchmark against approved agent	Reference/positive control: validates the pipeline
175	Obesity	Metabolic	Tumor necrosis factor receptor superfamily member 14	TNFRSF14	Cancer-related genes, CD markers, Human disease related genes, Predicted intracellular proteins, Predicted membrane proteins	TNF superfamily	High (soluble receptor / shed)	NA (train PIRS)	NA	NA (train PIRS)	NA (train PIRS)	NA (train PIRS)	NA (train PIRS)	1.093	1.32e-02	yes	0.461	no	no	no	not tested	known drug target	Low-moderate	0.67	1	Known-drug positive control	Causal-only (PIRS not trained)	Block (antagonist/neutralizing Ab) — positive control	Biomarker (predictive) — not yet a target	Panel B (performance — positive control)	Confirm as positive control; benchmark against approved agent	Reference/positive control: validates the pipeline
176	Multiple sclerosis	Autoimmune	Tumor necrosis factor receptor superfamily member 14	TNFRSF14	Cancer-related genes, CD markers, Human disease related genes, Predicted intracellular proteins, Predicted membrane proteins	TNF superfamily	High (soluble receptor / shed)	NA (train PIRS)	NA	NA (train PIRS)	NA (train PIRS)	NA (train PIRS)	NA (train PIRS)	0.73	2.64e-03	yes	0.036	no	no	no	replicated	known drug target	Low-moderate	0.385	1	Known-drug positive control	Causal-only (PIRS not trained)	Agonize / replace — positive control	Biomarker (predictive) — not yet a target	Panel B (performance — positive control)	Confirm as positive control; benchmark against approved agent	Reference/positive control: validates the pipeline
