Rank	Disease	Category	Protein	Gene	Protein_class	Immune_class	Plasma_detectability	PIRS_coefficient	PIRS_direction	CV_stability	Sensitivity_contrib	Specificity_contrib	AUROC_contrib	MR_OR	MR_FDR	MR_support	Coloc_PP_H4	Coloc_support	pQTL_support	Protein_level_causal	Replication	Known_drug_status	Druggability	Novelty_score_PINS	Novelty_tier	Novelty_tier_label	Causal_predictive_concordance	Therapeutic_direction	Biomarker_or_target	Best_figure_panel	Best_validation_experiment	Final_recommendation
1	Type 1 diabetes, definitions combined	Metabolic/Endocrine	Interleukin-2 receptor subunit alpha	IL2RA	Cancer-related genes, CD markers, Disease related genes, FDA approved drug targets, Human disease related genes, Plasma proteins, Predicted membrane proteins	Cytokine/Interleukin	High (soluble receptor / shed)	NA (train PIRS)	NA	NA (train PIRS)	NA (train PIRS)	NA (train PIRS)	NA (train PIRS)	0.302	1.58e-06	yes	0.994	yes (PP.H4>=0.8)	yes (concordant, protein-level)	yes	not tested	not an approved target	High (FDA-precedented class, tractable)	6.154	5	Novel protein-level plasma-immune target	Causal-only (PIRS not trained)	Replace / decoy-receptor or agonist (protective, soluble)	Therapeutic target (protein-level)	Panel E (novelty-priority map) + Panel D (concordance)	cis-pQTL colocalization already met; confirm with CRISPRi/CRISPRa over-expression/supplementation in primary immune cells + plasma NPX dose-response	Advance: protein-level causal + druggable + plasma-measurable — target-validation package
2	Varicose veins	Cardiovascular	Calcineurin subunit B type 1	PPP3R1	FDA approved drug targets, Predicted intracellular proteins	Immune-cell-enriched	Measured (Olink Explore panel)	NA (train PIRS)	NA	NA (train PIRS)	NA (train PIRS)	NA (train PIRS)	NA (train PIRS)	1.415	3.27e-36	yes	0.929	yes (PP.H4>=0.8)	yes (concordant, protein-level)	yes	replicated (FinnGen + UK Biobank)	not an approved target	Moderate	5.596	5	Novel protein-level plasma-immune target	Causal-only (PIRS not trained)	Block (antagonist / neutralizing antibody / small molecule)	Therapeutic target (protein-level)	Panel E (novelty-priority map) + Panel D (concordance)	cis-pQTL colocalization already met; confirm with CRISPRi/CRISPRa neutralization/knockdown in primary immune cells + plasma NPX dose-response	Advance: protein-level causal + druggable + plasma-measurable — target-validation package
3	Diseases of veins, lymphatic vessels and lymph nodes, not elsewhere classified	Cardiovascular	Calcineurin subunit B type 1	PPP3R1	FDA approved drug targets, Predicted intracellular proteins	Immune-cell-enriched	Measured (Olink Explore panel)	NA (train PIRS)	NA	NA (train PIRS)	NA (train PIRS)	NA (train PIRS)	NA (train PIRS)	1.246	1.68e-24	yes	0.896	yes (PP.H4>=0.8)	yes (concordant, protein-level)	yes	replicated (FinnGen + UK Biobank)	not an approved target	Moderate	5.563	5	Novel protein-level plasma-immune target	Causal-only (PIRS not trained)	Block (antagonist / neutralizing antibody / small molecule)	Therapeutic target (protein-level)	Panel E (novelty-priority map) + Panel D (concordance)	cis-pQTL colocalization already met; confirm with CRISPRi/CRISPRa neutralization/knockdown in primary immune cells + plasma NPX dose-response	Advance: protein-level causal + druggable + plasma-measurable — target-validation package
4	Hypertension	Cardiovascular	Annexin A2	ANXA2	Cancer-related genes, Disease related genes, FDA approved drug targets, Plasma proteins, Predicted intracellular proteins, Predicted secreted proteins, Transporters	Immune-cell-enriched	High (secreted to blood)	NA (train PIRS)	NA	NA (train PIRS)	NA (train PIRS)	NA (train PIRS)	NA (train PIRS)	1.11	2.42e-03	yes	0.997	yes (PP.H4>=0.8)	yes (concordant, protein-level)	yes	not tested	not an approved target	High (FDA-precedented class, tractable)	4.02	5	Novel protein-level plasma-immune target	Causal-only (PIRS not trained)	Block (antagonist / neutralizing antibody / small molecule)	Therapeutic target (protein-level)	Panel E (novelty-priority map) + Panel D (concordance)	cis-pQTL colocalization already met; confirm with CRISPRi/CRISPRa neutralization/knockdown in primary immune cells + plasma NPX dose-response	Advance: protein-level causal + druggable + plasma-measurable — target-validation package
5	Hypertension, essential	Cardiovascular	Annexin A2	ANXA2	Cancer-related genes, Disease related genes, FDA approved drug targets, Plasma proteins, Predicted intracellular proteins, Predicted secreted proteins, Transporters	Immune-cell-enriched	High (secreted to blood)	NA (train PIRS)	NA	NA (train PIRS)	NA (train PIRS)	NA (train PIRS)	NA (train PIRS)	1.098	4.02e-02	yes	0.942	yes (PP.H4>=0.8)	yes (concordant, protein-level)	yes	not tested	not an approved target	High (FDA-precedented class, tractable)	3.721	5	Novel protein-level plasma-immune target	Causal-only (PIRS not trained)	Block (antagonist / neutralizing antibody / small molecule)	Therapeutic target (protein-level)	Panel E (novelty-priority map) + Panel D (concordance)	cis-pQTL colocalization already met; confirm with CRISPRi/CRISPRa neutralization/knockdown in primary immune cells + plasma NPX dose-response	Advance: protein-level causal + druggable + plasma-measurable — target-validation package
6	Antihypertensive medication - note that there are other indications	Medication/Other	Angiotensin-converting enzyme	ACE	Candidate cardiovascular disease genes, CD markers, Disease related genes, Enzymes, FDA approved drug targets, Human disease related genes, Metabolic proteins, Plasma proteins, Predicted intracellular proteins, Predicted membrane proteins, Predicted secreted proteins	Immune-cell-enriched	High (secreted to blood)	NA (train PIRS)	NA	NA (train PIRS)	NA (train PIRS)	NA (train PIRS)	NA (train PIRS)	2.121	1.25e-25	yes	0.998	yes (PP.H4>=0.8)	no	no	not tested	not an approved target	High (FDA-precedented class, tractable)	6.998	4	Prioritized causal target (transcript-level)	Causal-only (PIRS not trained)	Block (antagonist / neutralizing antibody / small molecule)	Prioritized target (transcript-level)	Panel E (novelty-priority map)	Protein-level pQTL-MR + coloc in an independent plasma pQTL panel (UKB-PPP/deCODE); then neutralization/knockdown in relevant primary cells	Prioritize: obtain plasma pQTL to upgrade to protein-level
7	Disorders of the thyroid gland	Metabolic/Endocrine	Receptor tyrosine-protein kinase erbB-3	ERBB3	Cancer-related genes, Disease related genes, Enzymes, Human disease related genes, Plasma proteins, Potential drug targets, Predicted intracellular proteins, Predicted membrane proteins, Predicted secreted proteins, Transporters	Immune-cell-enriched	High (secreted to blood)	NA (train PIRS)	NA	NA (train PIRS)	NA (train PIRS)	NA (train PIRS)	NA (train PIRS)	0.78	2.18e-08	yes	0.917	yes (PP.H4>=0.8)	no	no	not tested	not an approved target	Moderate	6.616	4	Prioritized causal target (transcript-level)	Causal-only (PIRS not trained)	Replace / decoy-receptor or agonist (protective, soluble)	Prioritized target (transcript-level)	Panel E (novelty-priority map)	Protein-level pQTL-MR + coloc in an independent plasma pQTL panel (UKB-PPP/deCODE); then over-expression/supplementation in relevant primary cells	Prioritize: obtain plasma pQTL to upgrade to protein-level
8	Cardiovascular diseases (excluding rheumatic etc)	Cardiovascular	Angiotensin-converting enzyme	ACE	Candidate cardiovascular disease genes, CD markers, Disease related genes, Enzymes, FDA approved drug targets, Human disease related genes, Metabolic proteins, Plasma proteins, Predicted intracellular proteins, Predicted membrane proteins, Predicted secreted proteins	Immune-cell-enriched	High (secreted to blood)	NA (train PIRS)	NA	NA (train PIRS)	NA (train PIRS)	NA (train PIRS)	NA (train PIRS)	1.584	1.10e-07	yes	0.997	yes (PP.H4>=0.8)	no	no	not tested	not an approved target	High (FDA-precedented class, tractable)	6.389	4	Prioritized causal target (transcript-level)	Causal-only (PIRS not trained)	Block (antagonist / neutralizing antibody / small molecule)	Prioritized target (transcript-level)	Panel E (novelty-priority map)	Protein-level pQTL-MR + coloc in an independent plasma pQTL panel (UKB-PPP/deCODE); then neutralization/knockdown in relevant primary cells	Prioritize: obtain plasma pQTL to upgrade to protein-level
9	Asthma/COPD (KELA code 203)	Respiratory	Receptor tyrosine-protein kinase erbB-2	ERBB2	Cancer-related genes, CD markers, Disease related genes, Enzymes, FDA approved drug targets, Human disease related genes, Plasma proteins, Predicted intracellular proteins, Predicted membrane proteins, Transporters	Immune-cell-enriched	High (soluble receptor / shed)	NA (train PIRS)	NA	NA (train PIRS)	NA (train PIRS)	NA (train PIRS)	NA (train PIRS)	2.535	1.11e-17	yes	0.868	yes (PP.H4>=0.8)	no	no	not tested	not an approved target	High (FDA-precedented class, tractable)	6.368	4	Prioritized causal target (transcript-level)	Causal-only (PIRS not trained)	Block (antagonist / neutralizing antibody / small molecule)	Prioritized target (transcript-level)	Panel E (novelty-priority map)	Protein-level pQTL-MR + coloc in an independent plasma pQTL panel (UKB-PPP/deCODE); then neutralization/knockdown in relevant primary cells	Prioritize: obtain plasma pQTL to upgrade to protein-level
10	Type 1 diabetes, definitions combined	Metabolic/Endocrine	Receptor tyrosine-protein kinase erbB-3	ERBB3	Cancer-related genes, Disease related genes, Enzymes, Human disease related genes, Plasma proteins, Potential drug targets, Predicted intracellular proteins, Predicted membrane proteins, Predicted secreted proteins, Transporters	Immune-cell-enriched	High (secreted to blood)	NA (train PIRS)	NA	NA (train PIRS)	NA (train PIRS)	NA (train PIRS)	NA (train PIRS)	0.424	3.58e-07	yes	0.901	yes (PP.H4>=0.8)	no	no	not tested	not an approved target	Moderate	6.357	4	Prioritized causal target (transcript-level)	Causal-only (PIRS not trained)	Replace / decoy-receptor or agonist (protective, soluble)	Prioritized target (transcript-level)	Panel E (novelty-priority map)	Protein-level pQTL-MR + coloc in an independent plasma pQTL panel (UKB-PPP/deCODE); then over-expression/supplementation in relevant primary cells	Prioritize: obtain plasma pQTL to upgrade to protein-level
11	Otosclerosis	Other	Latent-transforming growth factor beta-binding protein 3	LTBP3	Disease related genes, Human disease related genes, Predicted intracellular proteins, Predicted secreted proteins	Cytokine/Interleukin	High (secreted to blood)	NA (train PIRS)	NA	NA (train PIRS)	NA (train PIRS)	NA (train PIRS)	NA (train PIRS)	0.336	4.93e-27	yes	1.0	yes (PP.H4>=0.8)	no	no	not tested	not an approved target	Low-moderate	6.333	4	Prioritized causal target (transcript-level)	Causal-only (PIRS not trained)	Agonize / recombinant-protein replacement (protective, secreted)	Prioritized target (transcript-level)	Panel E (novelty-priority map)	Protein-level pQTL-MR + coloc in an independent plasma pQTL panel (UKB-PPP/deCODE); then over-expression/supplementation in relevant primary cells	Prioritize: obtain plasma pQTL to upgrade to protein-level
12	Asthma/COPD (KELA code 203)	Respiratory	Receptor tyrosine-protein kinase erbB-3	ERBB3	Cancer-related genes, Disease related genes, Enzymes, Human disease related genes, Plasma proteins, Potential drug targets, Predicted intracellular proteins, Predicted membrane proteins, Predicted secreted proteins, Transporters	Immune-cell-enriched	High (secreted to blood)	NA (train PIRS)	NA	NA (train PIRS)	NA (train PIRS)	NA (train PIRS)	NA (train PIRS)	0.799	2.78e-05	yes	0.983	yes (PP.H4>=0.8)	no	no	not tested	not an approved target	Moderate	6.061	4	Prioritized causal target (transcript-level)	Causal-only (PIRS not trained)	Replace / decoy-receptor or agonist (protective, soluble)	Prioritized target (transcript-level)	Panel E (novelty-priority map)	Protein-level pQTL-MR + coloc in an independent plasma pQTL panel (UKB-PPP/deCODE); then over-expression/supplementation in relevant primary cells	Prioritize: obtain plasma pQTL to upgrade to protein-level
13	Dermatitis and eczema	Dermatological	Interleukin-2 receptor subunit alpha	IL2RA	Cancer-related genes, CD markers, Disease related genes, FDA approved drug targets, Human disease related genes, Plasma proteins, Predicted membrane proteins	Cytokine/Interleukin	High (soluble receptor / shed)	NA (train PIRS)	NA	NA (train PIRS)	NA (train PIRS)	NA (train PIRS)	NA (train PIRS)	1.487	4.43e-14	yes	1.0	yes (PP.H4>=0.8)	no	no	not tested	not an approved target	High (FDA-precedented class, tractable)	6.0	4	Prioritized causal target (transcript-level)	Causal-only (PIRS not trained)	Block (antagonist / neutralizing antibody / small molecule)	Prioritized target (transcript-level)	Panel E (novelty-priority map)	Protein-level pQTL-MR + coloc in an independent plasma pQTL panel (UKB-PPP/deCODE); then neutralization/knockdown in relevant primary cells	Prioritize: obtain plasma pQTL to upgrade to protein-level
14	Dermatitis	Dermatological	Interleukin-2 receptor subunit alpha	IL2RA	Cancer-related genes, CD markers, Disease related genes, FDA approved drug targets, Human disease related genes, Plasma proteins, Predicted membrane proteins	Cytokine/Interleukin	High (soluble receptor / shed)	NA (train PIRS)	NA	NA (train PIRS)	NA (train PIRS)	NA (train PIRS)	NA (train PIRS)	1.647	6.00e-11	yes	1.0	yes (PP.H4>=0.8)	no	no	not tested	not an approved target	High (FDA-precedented class, tractable)	6.0	4	Prioritized causal target (transcript-level)	Causal-only (PIRS not trained)	Block (antagonist / neutralizing antibody / small molecule)	Prioritized target (transcript-level)	Panel E (novelty-priority map)	Protein-level pQTL-MR + coloc in an independent plasma pQTL panel (UKB-PPP/deCODE); then neutralization/knockdown in relevant primary cells	Prioritize: obtain plasma pQTL to upgrade to protein-level
15	Dementia	Neurological/Psychiatric	Angiotensin-converting enzyme	ACE	Candidate cardiovascular disease genes, CD markers, Disease related genes, Enzymes, FDA approved drug targets, Human disease related genes, Metabolic proteins, Plasma proteins, Predicted intracellular proteins, Predicted membrane proteins, Predicted secreted proteins	Immune-cell-enriched	High (secreted to blood)	NA (train PIRS)	NA	NA (train PIRS)	NA (train PIRS)	NA (train PIRS)	NA (train PIRS)	0.44	3.08e-05	yes	0.995	yes (PP.H4>=0.8)	no	no	not tested	not an approved target	High (FDA-precedented class, tractable)	5.897	4	Prioritized causal target (transcript-level)	Causal-only (PIRS not trained)	Agonize / recombinant-protein replacement (protective, secreted)	Prioritized target (transcript-level)	Panel E (novelty-priority map)	Protein-level pQTL-MR + coloc in an independent plasma pQTL panel (UKB-PPP/deCODE); then over-expression/supplementation in relevant primary cells	Prioritize: obtain plasma pQTL to upgrade to protein-level
16	Any dementia (more control exclusions)	Other	Angiotensin-converting enzyme	ACE	Candidate cardiovascular disease genes, CD markers, Disease related genes, Enzymes, FDA approved drug targets, Human disease related genes, Metabolic proteins, Plasma proteins, Predicted intracellular proteins, Predicted membrane proteins, Predicted secreted proteins	Immune-cell-enriched	High (secreted to blood)	NA (train PIRS)	NA	NA (train PIRS)	NA (train PIRS)	NA (train PIRS)	NA (train PIRS)	0.414	3.94e-05	yes	0.994	yes (PP.H4>=0.8)	no	no	not tested	not an approved target	High (FDA-precedented class, tractable)	5.875	4	Prioritized causal target (transcript-level)	Causal-only (PIRS not trained)	Agonize / recombinant-protein replacement (protective, secreted)	Prioritized target (transcript-level)	Panel E (novelty-priority map)	Protein-level pQTL-MR + coloc in an independent plasma pQTL panel (UKB-PPP/deCODE); then over-expression/supplementation in relevant primary cells	Prioritize: obtain plasma pQTL to upgrade to protein-level
17	Hypertension, essential	Cardiovascular	Angiotensin-converting enzyme	ACE	Candidate cardiovascular disease genes, CD markers, Disease related genes, Enzymes, FDA approved drug targets, Human disease related genes, Metabolic proteins, Plasma proteins, Predicted intracellular proteins, Predicted membrane proteins, Predicted secreted proteins	Immune-cell-enriched	High (secreted to blood)	NA (train PIRS)	NA	NA (train PIRS)	NA (train PIRS)	NA (train PIRS)	NA (train PIRS)	1.534	2.42e-05	yes	0.917	yes (PP.H4>=0.8)	no	no	not tested	not an approved target	High (FDA-precedented class, tractable)	5.84	4	Prioritized causal target (transcript-level)	Causal-only (PIRS not trained)	Block (antagonist / neutralizing antibody / small molecule)	Prioritized target (transcript-level)	Panel E (novelty-priority map)	Protein-level pQTL-MR + coloc in an independent plasma pQTL panel (UKB-PPP/deCODE); then neutralization/knockdown in relevant primary cells	Prioritize: obtain plasma pQTL to upgrade to protein-level
18	Age-related macular degeneration (whether dry or wet)	Ophthalmological	Complement factor H	CFH	Cancer-related genes, Disease related genes, Human disease related genes, Plasma proteins, Predicted intracellular proteins, Predicted secreted proteins	Complement/Coagulation	High (secreted to blood)	NA (train PIRS)	NA	NA (train PIRS)	NA (train PIRS)	NA (train PIRS)	NA (train PIRS)	0.004	0.00e+00	yes	0.981	yes (PP.H4>=0.8)	yes (concordant, protein-level)	yes	not tested	not an approved target	Low-moderate	5.815	4	Prioritized causal target (transcript-level)	Causal-only (PIRS not trained)	Agonize / recombinant-protein replacement (protective, secreted)	Therapeutic target (protein-level)	Panel E (novelty-priority map)	Protein-level pQTL-MR + coloc in an independent plasma pQTL panel (UKB-PPP/deCODE); then over-expression/supplementation in relevant primary cells	Prioritize: obtain plasma pQTL to upgrade to protein-level
19	Other retinal disorders	Ophthalmological	Complement factor H	CFH	Cancer-related genes, Disease related genes, Human disease related genes, Plasma proteins, Predicted intracellular proteins, Predicted secreted proteins	Complement/Coagulation	High (secreted to blood)	NA (train PIRS)	NA	NA (train PIRS)	NA (train PIRS)	NA (train PIRS)	NA (train PIRS)	0.16	6.66e-105	yes	0.978	yes (PP.H4>=0.8)	yes (concordant, protein-level)	yes	replicated (FinnGen + UK Biobank)	not an approved target	Low-moderate	5.812	4	Prioritized causal target (transcript-level)	Causal-only (PIRS not trained)	Agonize / recombinant-protein replacement (protective, secreted)	Therapeutic target (protein-level)	Panel E (novelty-priority map)	Protein-level pQTL-MR + coloc in an independent plasma pQTL panel (UKB-PPP/deCODE); then over-expression/supplementation in relevant primary cells	Prioritize: obtain plasma pQTL to upgrade to protein-level
20	Moderate visual impairment, binocular	Ophthalmological	Complement factor H	CFH	Cancer-related genes, Disease related genes, Human disease related genes, Plasma proteins, Predicted intracellular proteins, Predicted secreted proteins	Complement/Coagulation	High (secreted to blood)	NA (train PIRS)	NA	NA (train PIRS)	NA (train PIRS)	NA (train PIRS)	NA (train PIRS)	0.018	1.50e-18	yes	0.977	yes (PP.H4>=0.8)	yes (concordant, protein-level)	yes	not tested	not an approved target	Low-moderate	5.81	4	Prioritized causal target (transcript-level)	Causal-only (PIRS not trained)	Agonize / recombinant-protein replacement (protective, secreted)	Therapeutic target (protein-level)	Panel E (novelty-priority map)	Protein-level pQTL-MR + coloc in an independent plasma pQTL panel (UKB-PPP/deCODE); then over-expression/supplementation in relevant primary cells	Prioritize: obtain plasma pQTL to upgrade to protein-level
21	Unspecific neurodegenerative disorder	Neurological/Psychiatric	Angiotensin-converting enzyme	ACE	Candidate cardiovascular disease genes, CD markers, Disease related genes, Enzymes, FDA approved drug targets, Human disease related genes, Metabolic proteins, Plasma proteins, Predicted intracellular proteins, Predicted membrane proteins, Predicted secreted proteins	Immune-cell-enriched	High (secreted to blood)	NA (train PIRS)	NA	NA (train PIRS)	NA (train PIRS)	NA (train PIRS)	NA (train PIRS)	0.427	1.30e-04	yes	0.992	yes (PP.H4>=0.8)	no	no	not tested	not an approved target	High (FDA-precedented class, tractable)	5.769	4	Prioritized causal target (transcript-level)	Causal-only (PIRS not trained)	Agonize / recombinant-protein replacement (protective, secreted)	Prioritized target (transcript-level)	Panel E (novelty-priority map)	Protein-level pQTL-MR + coloc in an independent plasma pQTL panel (UKB-PPP/deCODE); then over-expression/supplementation in relevant primary cells	Prioritize: obtain plasma pQTL to upgrade to protein-level
22	Disorders of choroid and retina	Ophthalmological	Complement factor H	CFH	Cancer-related genes, Disease related genes, Human disease related genes, Plasma proteins, Predicted intracellular proteins, Predicted secreted proteins	Complement/Coagulation	High (secreted to blood)	NA (train PIRS)	NA	NA (train PIRS)	NA (train PIRS)	NA (train PIRS)	NA (train PIRS)	0.267	8.84e-72	yes	0.927	yes (PP.H4>=0.8)	yes (concordant, protein-level)	yes	not tested	not an approved target	Low-moderate	5.761	4	Prioritized causal target (transcript-level)	Causal-only (PIRS not trained)	Agonize / recombinant-protein replacement (protective, secreted)	Therapeutic target (protein-level)	Panel E (novelty-priority map)	Protein-level pQTL-MR + coloc in an independent plasma pQTL panel (UKB-PPP/deCODE); then over-expression/supplementation in relevant primary cells	Prioritize: obtain plasma pQTL to upgrade to protein-level
23	Degeneration of macula and posterior pole	Ophthalmological	Complement factor H	CFH	Cancer-related genes, Disease related genes, Human disease related genes, Plasma proteins, Predicted intracellular proteins, Predicted secreted proteins	Complement/Coagulation	High (secreted to blood)	NA (train PIRS)	NA	NA (train PIRS)	NA (train PIRS)	NA (train PIRS)	NA (train PIRS)	0.041	4.81e-211	yes	0.907	yes (PP.H4>=0.8)	yes (concordant, protein-level)	yes	replicated (FinnGen + UK Biobank)	not an approved target	Low-moderate	5.741	4	Prioritized causal target (transcript-level)	Causal-only (PIRS not trained)	Agonize / recombinant-protein replacement (protective, secreted)	Therapeutic target (protein-level)	Panel E (novelty-priority map)	Protein-level pQTL-MR + coloc in an independent plasma pQTL panel (UKB-PPP/deCODE); then over-expression/supplementation in relevant primary cells	Prioritize: obtain plasma pQTL to upgrade to protein-level
24	Dementia, including avohilmo	Neurological/Psychiatric	Angiotensin-converting enzyme	ACE	Candidate cardiovascular disease genes, CD markers, Disease related genes, Enzymes, FDA approved drug targets, Human disease related genes, Metabolic proteins, Plasma proteins, Predicted intracellular proteins, Predicted membrane proteins, Predicted secreted proteins	Immune-cell-enriched	High (secreted to blood)	NA (train PIRS)	NA	NA (train PIRS)	NA (train PIRS)	NA (train PIRS)	NA (train PIRS)	0.474	2.20e-04	yes	0.994	yes (PP.H4>=0.8)	no	no	not tested	not an approved target	High (FDA-precedented class, tractable)	5.726	4	Prioritized causal target (transcript-level)	Causal-only (PIRS not trained)	Agonize / recombinant-protein replacement (protective, secreted)	Prioritized target (transcript-level)	Panel E (novelty-priority map)	Protein-level pQTL-MR + coloc in an independent plasma pQTL panel (UKB-PPP/deCODE); then over-expression/supplementation in relevant primary cells	Prioritize: obtain plasma pQTL to upgrade to protein-level
25	Diabetic retinopathy	Metabolic/Endocrine	Complement factor H	CFH	Cancer-related genes, Disease related genes, Human disease related genes, Plasma proteins, Predicted intracellular proteins, Predicted secreted proteins	Complement/Coagulation	High (secreted to blood)	NA (train PIRS)	NA	NA (train PIRS)	NA (train PIRS)	NA (train PIRS)	NA (train PIRS)	0.358	3.06e-11	yes	0.833	yes (PP.H4>=0.8)	yes (concordant, protein-level)	yes	not tested	not an approved target	Low-moderate	5.666	4	Prioritized causal target (transcript-level)	Causal-only (PIRS not trained)	Agonize / recombinant-protein replacement (protective, secreted)	Therapeutic target (protein-level)	Panel E (novelty-priority map)	Protein-level pQTL-MR + coloc in an independent plasma pQTL panel (UKB-PPP/deCODE); then over-expression/supplementation in relevant primary cells	Prioritize: obtain plasma pQTL to upgrade to protein-level
26	Other degenerative diseases of the nervous system	Gastrointestinal	Angiotensin-converting enzyme	ACE	Candidate cardiovascular disease genes, CD markers, Disease related genes, Enzymes, FDA approved drug targets, Human disease related genes, Metabolic proteins, Plasma proteins, Predicted intracellular proteins, Predicted membrane proteins, Predicted secreted proteins	Immune-cell-enriched	High (secreted to blood)	NA (train PIRS)	NA	NA (train PIRS)	NA (train PIRS)	NA (train PIRS)	NA (train PIRS)	0.444	8.19e-04	yes	0.988	yes (PP.H4>=0.8)	no	no	not tested	not an approved target	High (FDA-precedented class, tractable)	5.605	4	Prioritized causal target (transcript-level)	Causal-only (PIRS not trained)	Agonize / recombinant-protein replacement (protective, secreted)	Prioritized target (transcript-level)	Panel E (novelty-priority map)	Protein-level pQTL-MR + coloc in an independent plasma pQTL panel (UKB-PPP/deCODE); then over-expression/supplementation in relevant primary cells	Prioritize: obtain plasma pQTL to upgrade to protein-level
27	Alzheimer disease	Neurological/Psychiatric	Angiotensin-converting enzyme	ACE	Candidate cardiovascular disease genes, CD markers, Disease related genes, Enzymes, FDA approved drug targets, Human disease related genes, Metabolic proteins, Plasma proteins, Predicted intracellular proteins, Predicted membrane proteins, Predicted secreted proteins	Immune-cell-enriched	High (secreted to blood)	NA (train PIRS)	NA	NA (train PIRS)	NA (train PIRS)	NA (train PIRS)	NA (train PIRS)	0.397	1.21e-03	yes	0.991	yes (PP.H4>=0.8)	no	no	not tested	not an approved target	High (FDA-precedented class, tractable)	5.574	4	Prioritized causal target (transcript-level)	Causal-only (PIRS not trained)	Agonize / recombinant-protein replacement (protective, secreted)	Prioritized target (transcript-level)	Panel E (novelty-priority map)	Protein-level pQTL-MR + coloc in an independent plasma pQTL panel (UKB-PPP/deCODE); then over-expression/supplementation in relevant primary cells	Prioritize: obtain plasma pQTL to upgrade to protein-level
28	First line medication for Crohn's disease	Medication/Other	CD226 antigen	CD226	CD markers, Human disease related genes, Predicted intracellular proteins, Predicted membrane proteins	CD/Leukocyte surface	Measured (Olink Explore panel)	NA (train PIRS)	NA	NA (train PIRS)	NA (train PIRS)	NA (train PIRS)	NA (train PIRS)	0.909	2.93e-07	yes	0.915	yes (PP.H4>=0.8)	no	no	not tested	not an approved target	Low-moderate	5.555	4	Prioritized causal target (transcript-level)	Causal-only (PIRS not trained)	Agonize (protective; intracellular route caution)	Prioritized target (transcript-level)	Panel E (novelty-priority map)	Protein-level pQTL-MR + coloc in an independent plasma pQTL panel (UKB-PPP/deCODE); then over-expression/supplementation in relevant primary cells	Prioritize: obtain plasma pQTL to upgrade to protein-level
29	Diabetic retinopathy (more control exclusions)	Metabolic/Endocrine	Complement factor H	CFH	Cancer-related genes, Disease related genes, Human disease related genes, Plasma proteins, Predicted intracellular proteins, Predicted secreted proteins	Complement/Coagulation	High (secreted to blood)	NA (train PIRS)	NA	NA (train PIRS)	NA (train PIRS)	NA (train PIRS)	NA (train PIRS)	0.368	1.26e-09	yes	0.92	yes (PP.H4>=0.8)	yes (concordant, protein-level)	yes	not tested	not an approved target	Low-moderate	5.533	4	Prioritized causal target (transcript-level)	Causal-only (PIRS not trained)	Agonize / recombinant-protein replacement (protective, secreted)	Therapeutic target (protein-level)	Panel E (novelty-priority map)	Protein-level pQTL-MR + coloc in an independent plasma pQTL panel (UKB-PPP/deCODE); then over-expression/supplementation in relevant primary cells	Prioritize: obtain plasma pQTL to upgrade to protein-level
30	Basal cell carcinoma, including avohilmo, excluding all cancers (controls excluding all cancers)	Neoplasm	Receptor tyrosine-protein kinase erbB-3	ERBB3	Cancer-related genes, Disease related genes, Enzymes, Human disease related genes, Plasma proteins, Potential drug targets, Predicted intracellular proteins, Predicted membrane proteins, Predicted secreted proteins, Transporters	Immune-cell-enriched	High (secreted to blood)	NA (train PIRS)	NA	NA (train PIRS)	NA (train PIRS)	NA (train PIRS)	NA (train PIRS)	1.303	1.39e-02	yes	0.982	yes (PP.H4>=0.8)	no	no	not tested	not an approved target	Moderate	5.52	4	Prioritized causal target (transcript-level)	Causal-only (PIRS not trained)	Block (antagonist / neutralizing antibody / small molecule)	Prioritized target (transcript-level)	Panel E (novelty-priority map)	Protein-level pQTL-MR + coloc in an independent plasma pQTL panel (UKB-PPP/deCODE); then neutralization/knockdown in relevant primary cells	Prioritize: obtain plasma pQTL to upgrade to protein-level
31	Diseases of veins, lymphatic vessels and lymph nodes, not elsewhere classified	Cardiovascular	Solute carrier family 12 member 2	SLC12A2	Disease related genes, FDA approved drug targets, Human disease related genes, Metabolic proteins, Predicted membrane proteins, Transporters	Immune-cell-enriched	Measured (Olink Explore panel)	NA (train PIRS)	NA	NA (train PIRS)	NA (train PIRS)	NA (train PIRS)	NA (train PIRS)	0.603	2.77e-35	yes	0.997	yes (PP.H4>=0.8)	no	no	replicated (FinnGen + UK Biobank)	not an approved target	High (FDA-precedented class, tractable)	5.497	4	Prioritized causal target (transcript-level)	Causal-only (PIRS not trained)	Agonize (protective; intracellular route caution)	Prioritized target (transcript-level)	Panel E (novelty-priority map)	Protein-level pQTL-MR + coloc in an independent plasma pQTL panel (UKB-PPP/deCODE); then over-expression/supplementation in relevant primary cells	Prioritize: obtain plasma pQTL to upgrade to protein-level
32	Varicose veins	Cardiovascular	Solute carrier family 12 member 2	SLC12A2	Disease related genes, FDA approved drug targets, Human disease related genes, Metabolic proteins, Predicted membrane proteins, Transporters	Immune-cell-enriched	Measured (Olink Explore panel)	NA (train PIRS)	NA	NA (train PIRS)	NA (train PIRS)	NA (train PIRS)	NA (train PIRS)	0.53	2.46e-32	yes	0.997	yes (PP.H4>=0.8)	no	no	replicated (FinnGen + UK Biobank)	not an approved target	High (FDA-precedented class, tractable)	5.497	4	Prioritized causal target (transcript-level)	Causal-only (PIRS not trained)	Agonize (protective; intracellular route caution)	Prioritized target (transcript-level)	Panel E (novelty-priority map)	Protein-level pQTL-MR + coloc in an independent plasma pQTL panel (UKB-PPP/deCODE); then over-expression/supplementation in relevant primary cells	Prioritize: obtain plasma pQTL to upgrade to protein-level
33	Other disorders of veins	Cardiovascular	Solute carrier family 12 member 2	SLC12A2	Disease related genes, FDA approved drug targets, Human disease related genes, Metabolic proteins, Predicted membrane proteins, Transporters	Immune-cell-enriched	Measured (Olink Explore panel)	NA (train PIRS)	NA	NA (train PIRS)	NA (train PIRS)	NA (train PIRS)	NA (train PIRS)	0.517	5.09e-18	yes	0.997	yes (PP.H4>=0.8)	no	no	not tested	not an approved target	High (FDA-precedented class, tractable)	5.497	4	Prioritized causal target (transcript-level)	Causal-only (PIRS not trained)	Agonize (protective; intracellular route caution)	Prioritized target (transcript-level)	Panel E (novelty-priority map)	Protein-level pQTL-MR + coloc in an independent plasma pQTL panel (UKB-PPP/deCODE); then over-expression/supplementation in relevant primary cells	Prioritize: obtain plasma pQTL to upgrade to protein-level
34	Hypertension	Cardiovascular	Tyrosine-protein kinase Fes/Fps	FES	Cancer-related genes, Disease related genes, Enzymes, Potential drug targets, Predicted intracellular proteins	Immune-cell-enriched	Measured (Olink Explore panel)	NA (train PIRS)	NA	NA (train PIRS)	NA (train PIRS)	NA (train PIRS)	NA (train PIRS)	0.847	1.30e-28	yes	0.978	yes (PP.H4>=0.8)	no	no	not tested	not an approved target	Uncertain	5.478	4	Prioritized causal target (transcript-level)	Causal-only (PIRS not trained)	Agonize (protective; intracellular route caution)	Prioritized target (transcript-level)	Panel E (novelty-priority map)	Protein-level pQTL-MR + coloc in an independent plasma pQTL panel (UKB-PPP/deCODE); then over-expression/supplementation in relevant primary cells	Prioritize: obtain plasma pQTL to upgrade to protein-level
35	Hypertension, essential	Cardiovascular	Tyrosine-protein kinase Fes/Fps	FES	Cancer-related genes, Disease related genes, Enzymes, Potential drug targets, Predicted intracellular proteins	Immune-cell-enriched	Measured (Olink Explore panel)	NA (train PIRS)	NA	NA (train PIRS)	NA (train PIRS)	NA (train PIRS)	NA (train PIRS)	0.846	5.51e-26	yes	0.977	yes (PP.H4>=0.8)	no	no	not tested	not an approved target	Uncertain	5.477	4	Prioritized causal target (transcript-level)	Causal-only (PIRS not trained)	Agonize (protective; intracellular route caution)	Prioritized target (transcript-level)	Panel E (novelty-priority map)	Protein-level pQTL-MR + coloc in an independent plasma pQTL panel (UKB-PPP/deCODE); then over-expression/supplementation in relevant primary cells	Prioritize: obtain plasma pQTL to upgrade to protein-level
36	Malignant neoplasm of skin, excluding all cancers (controls excluding all cancers)	Neoplasm	Receptor tyrosine-protein kinase erbB-3	ERBB3	Cancer-related genes, Disease related genes, Enzymes, Human disease related genes, Plasma proteins, Potential drug targets, Predicted intracellular proteins, Predicted membrane proteins, Predicted secreted proteins, Transporters	Immune-cell-enriched	High (secreted to blood)	NA (train PIRS)	NA	NA (train PIRS)	NA (train PIRS)	NA (train PIRS)	NA (train PIRS)	1.267	1.49e-02	yes	0.94	yes (PP.H4>=0.8)	no	no	not tested	not an approved target	Moderate	5.472	4	Prioritized causal target (transcript-level)	Causal-only (PIRS not trained)	Block (antagonist / neutralizing antibody / small molecule)	Prioritized target (transcript-level)	Panel E (novelty-priority map)	Protein-level pQTL-MR + coloc in an independent plasma pQTL panel (UKB-PPP/deCODE); then neutralization/knockdown in relevant primary cells	Prioritize: obtain plasma pQTL to upgrade to protein-level
37	Autoimmune diseases	Haematological/Immune	CD226 antigen	CD226	CD markers, Human disease related genes, Predicted intracellular proteins, Predicted membrane proteins	CD/Leukocyte surface	Measured (Olink Explore panel)	NA (train PIRS)	NA	NA (train PIRS)	NA (train PIRS)	NA (train PIRS)	NA (train PIRS)	0.917	1.61e-06	yes	0.96	yes (PP.H4>=0.8)	no	no	not tested	not an approved target	Low-moderate	5.452	4	Prioritized causal target (transcript-level)	Causal-only (PIRS not trained)	Agonize (protective; intracellular route caution)	Prioritized target (transcript-level)	Panel E (novelty-priority map)	Protein-level pQTL-MR + coloc in an independent plasma pQTL panel (UKB-PPP/deCODE); then over-expression/supplementation in relevant primary cells	Prioritize: obtain plasma pQTL to upgrade to protein-level
38	Asthma (only as main-diagnosis) (more control exclusions)	Respiratory	Receptor tyrosine-protein kinase erbB-3	ERBB3	Cancer-related genes, Disease related genes, Enzymes, Human disease related genes, Plasma proteins, Potential drug targets, Predicted intracellular proteins, Predicted membrane proteins, Predicted secreted proteins, Transporters	Immune-cell-enriched	High (secreted to blood)	NA (train PIRS)	NA	NA (train PIRS)	NA (train PIRS)	NA (train PIRS)	NA (train PIRS)	0.815	7.67e-03	yes	0.857	yes (PP.H4>=0.8)	no	no	replicated (FinnGen + UK Biobank)	not an approved target	Moderate	5.447	4	Prioritized causal target (transcript-level)	Causal-only (PIRS not trained)	Replace / decoy-receptor or agonist (protective, soluble)	Prioritized target (transcript-level)	Panel E (novelty-priority map)	Protein-level pQTL-MR + coloc in an independent plasma pQTL panel (UKB-PPP/deCODE); then over-expression/supplementation in relevant primary cells	Prioritize: obtain plasma pQTL to upgrade to protein-level
39	Basal cell carcinoma, excluding all cancers (controls excluding all cancers)	Neoplasm	Receptor tyrosine-protein kinase erbB-3	ERBB3	Cancer-related genes, Disease related genes, Enzymes, Human disease related genes, Plasma proteins, Potential drug targets, Predicted intracellular proteins, Predicted membrane proteins, Predicted secreted proteins, Transporters	Immune-cell-enriched	High (secreted to blood)	NA (train PIRS)	NA	NA (train PIRS)	NA (train PIRS)	NA (train PIRS)	NA (train PIRS)	1.291	3.02e-02	yes	0.957	yes (PP.H4>=0.8)	no	no	not tested	not an approved target	Moderate	5.428	4	Prioritized causal target (transcript-level)	Causal-only (PIRS not trained)	Block (antagonist / neutralizing antibody / small molecule)	Prioritized target (transcript-level)	Panel E (novelty-priority map)	Protein-level pQTL-MR + coloc in an independent plasma pQTL panel (UKB-PPP/deCODE); then neutralization/knockdown in relevant primary cells	Prioritize: obtain plasma pQTL to upgrade to protein-level
40	Other heart diseases	Cardiovascular	Angiotensin-converting enzyme	ACE	Candidate cardiovascular disease genes, CD markers, Disease related genes, Enzymes, FDA approved drug targets, Human disease related genes, Metabolic proteins, Plasma proteins, Predicted intracellular proteins, Predicted membrane proteins, Predicted secreted proteins	Immune-cell-enriched	High (secreted to blood)	NA (train PIRS)	NA	NA (train PIRS)	NA (train PIRS)	NA (train PIRS)	NA (train PIRS)	1.528	8.81e-03	yes	0.982	yes (PP.H4>=0.8)	no	no	not tested	not an approved target	High (FDA-precedented class, tractable)	5.393	4	Prioritized causal target (transcript-level)	Causal-only (PIRS not trained)	Block (antagonist / neutralizing antibody / small molecule)	Prioritized target (transcript-level)	Panel E (novelty-priority map)	Protein-level pQTL-MR + coloc in an independent plasma pQTL panel (UKB-PPP/deCODE); then neutralization/knockdown in relevant primary cells	Prioritize: obtain plasma pQTL to upgrade to protein-level
41	Other malignant neoplasms of skin (=non-melanoma skin cancer), excluding all cancers (controls excluding all cancers)	Neoplasm	Receptor tyrosine-protein kinase erbB-3	ERBB3	Cancer-related genes, Disease related genes, Enzymes, Human disease related genes, Plasma proteins, Potential drug targets, Predicted intracellular proteins, Predicted membrane proteins, Predicted secreted proteins, Transporters	Immune-cell-enriched	High (secreted to blood)	NA (train PIRS)	NA	NA (train PIRS)	NA (train PIRS)	NA (train PIRS)	NA (train PIRS)	1.28	2.95e-02	yes	0.919	yes (PP.H4>=0.8)	no	no	not tested	not an approved target	Moderate	5.391	4	Prioritized causal target (transcript-level)	Causal-only (PIRS not trained)	Block (antagonist / neutralizing antibody / small molecule)	Prioritized target (transcript-level)	Panel E (novelty-priority map)	Protein-level pQTL-MR + coloc in an independent plasma pQTL panel (UKB-PPP/deCODE); then neutralization/knockdown in relevant primary cells	Prioritize: obtain plasma pQTL to upgrade to protein-level
42	Pulmonary eosinophilia, not elsewhere classified	Respiratory	Angiotensin-converting enzyme	ACE	Candidate cardiovascular disease genes, CD markers, Disease related genes, Enzymes, FDA approved drug targets, Human disease related genes, Metabolic proteins, Plasma proteins, Predicted intracellular proteins, Predicted membrane proteins, Predicted secreted proteins	Immune-cell-enriched	High (secreted to blood)	NA (train PIRS)	NA	NA (train PIRS)	NA (train PIRS)	NA (train PIRS)	NA (train PIRS)	0.014	1.80e-02	yes	0.987	yes (PP.H4>=0.8)	no	no	not tested	not an approved target	High (FDA-precedented class, tractable)	5.336	4	Prioritized causal target (transcript-level)	Causal-only (PIRS not trained)	Agonize / recombinant-protein replacement (protective, secreted)	Prioritized target (transcript-level)	Panel E (novelty-priority map)	Protein-level pQTL-MR + coloc in an independent plasma pQTL panel (UKB-PPP/deCODE); then over-expression/supplementation in relevant primary cells	Prioritize: obtain plasma pQTL to upgrade to protein-level
43	Visual impairment including blindness (binocular or monocular)	Ophthalmological	Complement factor H	CFH	Cancer-related genes, Disease related genes, Human disease related genes, Plasma proteins, Predicted intracellular proteins, Predicted secreted proteins	Complement/Coagulation	High (secreted to blood)	NA (train PIRS)	NA	NA (train PIRS)	NA (train PIRS)	NA (train PIRS)	NA (train PIRS)	0.144	1.71e-08	yes	0.943	yes (PP.H4>=0.8)	yes (concordant, protein-level)	yes	not tested	not an approved target	Low-moderate	5.33	4	Prioritized causal target (transcript-level)	Causal-only (PIRS not trained)	Agonize / recombinant-protein replacement (protective, secreted)	Therapeutic target (protein-level)	Panel E (novelty-priority map)	Protein-level pQTL-MR + coloc in an independent plasma pQTL panel (UKB-PPP/deCODE); then over-expression/supplementation in relevant primary cells	Prioritize: obtain plasma pQTL to upgrade to protein-level
44	Acute sinusitis	Respiratory	Receptor tyrosine-protein kinase erbB-2	ERBB2	Cancer-related genes, CD markers, Disease related genes, Enzymes, FDA approved drug targets, Human disease related genes, Plasma proteins, Predicted intracellular proteins, Predicted membrane proteins, Transporters	Immune-cell-enriched	High (soluble receptor / shed)	NA (train PIRS)	NA	NA (train PIRS)	NA (train PIRS)	NA (train PIRS)	NA (train PIRS)	2.239	8.54e-06	yes	0.813	yes (PP.H4>=0.8)	no	no	not tested	not an approved target	High (FDA-precedented class, tractable)	5.326	4	Prioritized causal target (transcript-level)	Causal-only (PIRS not trained)	Block (antagonist / neutralizing antibody / small molecule)	Prioritized target (transcript-level)	Panel E (novelty-priority map)	Protein-level pQTL-MR + coloc in an independent plasma pQTL panel (UKB-PPP/deCODE); then neutralization/knockdown in relevant primary cells	Prioritize: obtain plasma pQTL to upgrade to protein-level
45	Atrial fibrillation and flutter	Cardiovascular	Angiotensin-converting enzyme	ACE	Candidate cardiovascular disease genes, CD markers, Disease related genes, Enzymes, FDA approved drug targets, Human disease related genes, Metabolic proteins, Plasma proteins, Predicted intracellular proteins, Predicted membrane proteins, Predicted secreted proteins	Immune-cell-enriched	High (secreted to blood)	NA (train PIRS)	NA	NA (train PIRS)	NA (train PIRS)	NA (train PIRS)	NA (train PIRS)	1.724	1.06e-02	yes	0.878	yes (PP.H4>=0.8)	no	no	not tested	not an approved target	High (FDA-precedented class, tractable)	5.273	4	Prioritized causal target (transcript-level)	Causal-only (PIRS not trained)	Block (antagonist / neutralizing antibody / small molecule)	Prioritized target (transcript-level)	Panel E (novelty-priority map)	Protein-level pQTL-MR + coloc in an independent plasma pQTL panel (UKB-PPP/deCODE); then neutralization/knockdown in relevant primary cells	Prioritize: obtain plasma pQTL to upgrade to protein-level
46	Peritonsillar abscess	Respiratory	Tumor necrosis factor receptor superfamily member 3	LTBR	Cancer-related genes, Plasma proteins, Predicted intracellular proteins, Predicted membrane proteins	Cytokine/Interleukin	High (soluble receptor / shed)	NA (train PIRS)	NA	NA (train PIRS)	NA (train PIRS)	NA (train PIRS)	NA (train PIRS)	1.562	1.44e-11	yes	0.928	yes (PP.H4>=0.8)	no	no	not tested	not an approved target	Low-moderate	5.262	4	Prioritized causal target (transcript-level)	Causal-only (PIRS not trained)	Block (antagonist / neutralizing antibody / small molecule)	Prioritized target (transcript-level)	Panel E (novelty-priority map)	Protein-level pQTL-MR + coloc in an independent plasma pQTL panel (UKB-PPP/deCODE); then neutralization/knockdown in relevant primary cells	Prioritize: obtain plasma pQTL to upgrade to protein-level
47	Hypothyroidism, strict autoimmune	Metabolic/Endocrine	CD226 antigen	CD226	CD markers, Human disease related genes, Predicted intracellular proteins, Predicted membrane proteins	CD/Leukocyte surface	Measured (Olink Explore panel)	NA (train PIRS)	NA	NA (train PIRS)	NA (train PIRS)	NA (train PIRS)	NA (train PIRS)	0.887	7.33e-06	yes	0.901	yes (PP.H4>=0.8)	no	no	not tested	not an approved target	Low-moderate	5.261	4	Prioritized causal target (transcript-level)	Causal-only (PIRS not trained)	Agonize (protective; intracellular route caution)	Prioritized target (transcript-level)	Panel E (novelty-priority map)	Protein-level pQTL-MR + coloc in an independent plasma pQTL panel (UKB-PPP/deCODE); then over-expression/supplementation in relevant primary cells	Prioritize: obtain plasma pQTL to upgrade to protein-level
48	Infective dermatitis	Dermatological	Interleukin-2 receptor subunit alpha	IL2RA	Cancer-related genes, CD markers, Disease related genes, FDA approved drug targets, Human disease related genes, Plasma proteins, Predicted membrane proteins	Cytokine/Interleukin	High (soluble receptor / shed)	NA (train PIRS)	NA	NA (train PIRS)	NA (train PIRS)	NA (train PIRS)	NA (train PIRS)	2.678	5.04e-07	yes	1.0	yes (PP.H4>=0.8)	no	no	not tested	not an approved target	High (FDA-precedented class, tractable)	5.259	4	Prioritized causal target (transcript-level)	Causal-only (PIRS not trained)	Block (antagonist / neutralizing antibody / small molecule)	Prioritized target (transcript-level)	Panel E (novelty-priority map)	Protein-level pQTL-MR + coloc in an independent plasma pQTL panel (UKB-PPP/deCODE); then neutralization/knockdown in relevant primary cells	Prioritize: obtain plasma pQTL to upgrade to protein-level
49	Alzheimer’s disease, wide definition	Neurological/Psychiatric	Angiotensin-converting enzyme	ACE	Candidate cardiovascular disease genes, CD markers, Disease related genes, Enzymes, FDA approved drug targets, Human disease related genes, Metabolic proteins, Plasma proteins, Predicted intracellular proteins, Predicted membrane proteins, Predicted secreted proteins	Immune-cell-enriched	High (secreted to blood)	NA (train PIRS)	NA	NA (train PIRS)	NA (train PIRS)	NA (train PIRS)	NA (train PIRS)	0.43	4.77e-02	yes	0.978	yes (PP.H4>=0.8)	no	no	not tested	not an approved target	High (FDA-precedented class, tractable)	5.242	4	Prioritized causal target (transcript-level)	Causal-only (PIRS not trained)	Agonize / recombinant-protein replacement (protective, secreted)	Prioritized target (transcript-level)	Panel E (novelty-priority map)	Protein-level pQTL-MR + coloc in an independent plasma pQTL panel (UKB-PPP/deCODE); then over-expression/supplementation in relevant primary cells	Prioritize: obtain plasma pQTL to upgrade to protein-level
50	Autoimmune diseases	Haematological/Immune	Switch-associated protein 70	SWAP70	Predicted intracellular proteins	Immune-cell-enriched	Measured (Olink Explore panel)	NA (train PIRS)	NA	NA (train PIRS)	NA (train PIRS)	NA (train PIRS)	NA (train PIRS)	0.91	2.96e-04	yes	0.984	yes (PP.H4>=0.8)	yes (concordant, protein-level)	yes	not tested	not an approved target	Uncertain	5.189	4	Prioritized causal target (transcript-level)	Causal-only (PIRS not trained)	Agonize (protective; intracellular route caution)	Therapeutic target (protein-level)	Panel E (novelty-priority map)	Protein-level pQTL-MR + coloc in an independent plasma pQTL panel (UKB-PPP/deCODE); then over-expression/supplementation in relevant primary cells	Prioritize: obtain plasma pQTL to upgrade to protein-level
51	Cardiovascular diseases (excluding rheumatic etc)	Cardiovascular	Tyrosine-protein kinase Fes/Fps	FES	Cancer-related genes, Disease related genes, Enzymes, Potential drug targets, Predicted intracellular proteins	Immune-cell-enriched	Measured (Olink Explore panel)	NA (train PIRS)	NA	NA (train PIRS)	NA (train PIRS)	NA (train PIRS)	NA (train PIRS)	0.906	4.89e-09	yes	0.996	yes (PP.H4>=0.8)	no	no	not tested	not an approved target	Uncertain	5.159	4	Prioritized causal target (transcript-level)	Causal-only (PIRS not trained)	Agonize (protective; intracellular route caution)	Prioritized target (transcript-level)	Panel E (novelty-priority map)	Protein-level pQTL-MR + coloc in an independent plasma pQTL panel (UKB-PPP/deCODE); then over-expression/supplementation in relevant primary cells	Prioritize: obtain plasma pQTL to upgrade to protein-level
52	Alcohol use disorder, Swedish definition	Other	Receptor tyrosine-protein kinase erbB-2	ERBB2	Cancer-related genes, CD markers, Disease related genes, Enzymes, FDA approved drug targets, Human disease related genes, Plasma proteins, Predicted intracellular proteins, Predicted membrane proteins, Transporters	Immune-cell-enriched	High (soluble receptor / shed)	NA (train PIRS)	NA	NA (train PIRS)	NA (train PIRS)	NA (train PIRS)	NA (train PIRS)	2.02	6.81e-04	yes	0.985	yes (PP.H4>=0.8)	no	no	not tested	not an approved target	High (FDA-precedented class, tractable)	5.119	4	Prioritized causal target (transcript-level)	Causal-only (PIRS not trained)	Block (antagonist / neutralizing antibody / small molecule)	Prioritized target (transcript-level)	Panel E (novelty-priority map)	Protein-level pQTL-MR + coloc in an independent plasma pQTL panel (UKB-PPP/deCODE); then neutralization/knockdown in relevant primary cells	Prioritize: obtain plasma pQTL to upgrade to protein-level
53	Dermatitis and eczema	Dermatological	Interleukin-1 receptor-like 1	IL1RL1	Candidate cardiovascular disease genes, Enzymes, Plasma proteins, Predicted intracellular proteins, Predicted membrane proteins, Predicted secreted proteins	Cytokine/Interleukin	High (secreted to blood)	NA (train PIRS)	NA	NA (train PIRS)	NA (train PIRS)	NA (train PIRS)	NA (train PIRS)	0.743	2.79e-21	yes	0.917	yes (PP.H4>=0.8)	no	no	not tested	not an approved target	Moderate	5.084	4	Prioritized causal target (transcript-level)	Causal-only (PIRS not trained)	Replace / decoy-receptor or agonist (protective, soluble)	Prioritized target (transcript-level)	Panel E (novelty-priority map)	Protein-level pQTL-MR + coloc in an independent plasma pQTL panel (UKB-PPP/deCODE); then over-expression/supplementation in relevant primary cells	Prioritize: obtain plasma pQTL to upgrade to protein-level
54	Acute appendicitis, no complications	Gastrointestinal	Tumor necrosis factor receptor superfamily member 3	LTBR	Cancer-related genes, Plasma proteins, Predicted intracellular proteins, Predicted membrane proteins	Cytokine/Interleukin	High (soluble receptor / shed)	NA (train PIRS)	NA	NA (train PIRS)	NA (train PIRS)	NA (train PIRS)	NA (train PIRS)	0.774	1.09e-09	yes	0.891	yes (PP.H4>=0.8)	no	no	not tested	not an approved target	Low-moderate	5.017	4	Prioritized causal target (transcript-level)	Causal-only (PIRS not trained)	Replace / decoy-receptor or agonist (protective, soluble)	Prioritized target (transcript-level)	Panel E (novelty-priority map)	Protein-level pQTL-MR + coloc in an independent plasma pQTL panel (UKB-PPP/deCODE); then over-expression/supplementation in relevant primary cells	Prioritize: obtain plasma pQTL to upgrade to protein-level
55	Acute bronchiolitis	Respiratory	Receptor tyrosine-protein kinase erbB-2	ERBB2	Cancer-related genes, CD markers, Disease related genes, Enzymes, FDA approved drug targets, Human disease related genes, Plasma proteins, Predicted intracellular proteins, Predicted membrane proteins, Transporters	Immune-cell-enriched	High (soluble receptor / shed)	NA (train PIRS)	NA	NA (train PIRS)	NA (train PIRS)	NA (train PIRS)	NA (train PIRS)	9.338	3.76e-04	yes	0.83	yes (PP.H4>=0.8)	no	no	not tested	not an approved target	High (FDA-precedented class, tractable)	5.015	4	Prioritized causal target (transcript-level)	Causal-only (PIRS not trained)	Block (antagonist / neutralizing antibody / small molecule)	Prioritized target (transcript-level)	Panel E (novelty-priority map)	Protein-level pQTL-MR + coloc in an independent plasma pQTL panel (UKB-PPP/deCODE); then neutralization/knockdown in relevant primary cells	Prioritize: obtain plasma pQTL to upgrade to protein-level
56	Autoimmune diseases excluding thyroid diseases	Haematological/Immune	Switch-associated protein 70	SWAP70	Predicted intracellular proteins	Immune-cell-enriched	Measured (Olink Explore panel)	NA (train PIRS)	NA	NA (train PIRS)	NA (train PIRS)	NA (train PIRS)	NA (train PIRS)	0.9	4.37e-03	yes	0.98	yes (PP.H4>=0.8)	yes (concordant, protein-level)	yes	not tested	not an approved target	Uncertain	4.952	4	Prioritized causal target (transcript-level)	Causal-only (PIRS not trained)	Agonize (protective; intracellular route caution)	Therapeutic target (protein-level)	Panel E (novelty-priority map)	Protein-level pQTL-MR + coloc in an independent plasma pQTL panel (UKB-PPP/deCODE); then over-expression/supplementation in relevant primary cells	Prioritize: obtain plasma pQTL to upgrade to protein-level
57	Acute upper respiratory infections	Respiratory	Receptor tyrosine-protein kinase erbB-2	ERBB2	Cancer-related genes, CD markers, Disease related genes, Enzymes, FDA approved drug targets, Human disease related genes, Plasma proteins, Predicted intracellular proteins, Predicted membrane proteins, Transporters	Immune-cell-enriched	High (soluble receptor / shed)	NA (train PIRS)	NA	NA (train PIRS)	NA (train PIRS)	NA (train PIRS)	NA (train PIRS)	1.492	1.60e-03	yes	0.854	yes (PP.H4>=0.8)	no	no	not tested	not an approved target	High (FDA-precedented class, tractable)	4.914	4	Prioritized causal target (transcript-level)	Causal-only (PIRS not trained)	Block (antagonist / neutralizing antibody / small molecule)	Prioritized target (transcript-level)	Panel E (novelty-priority map)	Protein-level pQTL-MR + coloc in an independent plasma pQTL panel (UKB-PPP/deCODE); then neutralization/knockdown in relevant primary cells	Prioritize: obtain plasma pQTL to upgrade to protein-level
58	Asthma (more control exclusions)	Respiratory	CD226 antigen	CD226	CD markers, Human disease related genes, Predicted intracellular proteins, Predicted membrane proteins	CD/Leukocyte surface	Measured (Olink Explore panel)	NA (train PIRS)	NA	NA (train PIRS)	NA (train PIRS)	NA (train PIRS)	NA (train PIRS)	0.91	1.91e-03	yes	0.951	yes (PP.H4>=0.8)	no	no	replicated (FinnGen + UK Biobank)	not an approved target	Low-moderate	4.828	4	Prioritized causal target (transcript-level)	Causal-only (PIRS not trained)	Agonize (protective; intracellular route caution)	Prioritized target (transcript-level)	Panel E (novelty-priority map)	Protein-level pQTL-MR + coloc in an independent plasma pQTL panel (UKB-PPP/deCODE); then over-expression/supplementation in relevant primary cells	Prioritize: obtain plasma pQTL to upgrade to protein-level
59	Inflammatory bowel disease, strict (require KELA)	Gastrointestinal	Receptor tyrosine-protein kinase erbB-2	ERBB2	Cancer-related genes, CD markers, Disease related genes, Enzymes, FDA approved drug targets, Human disease related genes, Plasma proteins, Predicted intracellular proteins, Predicted membrane proteins, Transporters	Immune-cell-enriched	High (soluble receptor / shed)	NA (train PIRS)	NA	NA (train PIRS)	NA (train PIRS)	NA (train PIRS)	NA (train PIRS)	0.358	4.31e-03	yes	0.803	yes (PP.H4>=0.8)	no	no	not tested	not an approved target	High (FDA-precedented class, tractable)	4.776	4	Prioritized causal target (transcript-level)	Causal-only (PIRS not trained)	Replace / decoy-receptor or agonist (protective, soluble)	Prioritized target (transcript-level)	Panel E (novelty-priority map)	Protein-level pQTL-MR + coloc in an independent plasma pQTL panel (UKB-PPP/deCODE); then over-expression/supplementation in relevant primary cells	Prioritize: obtain plasma pQTL to upgrade to protein-level
60	Rheumatoid arthritis	Musculoskeletal	Switch-associated protein 70	SWAP70	Predicted intracellular proteins	Immune-cell-enriched	Measured (Olink Explore panel)	NA (train PIRS)	NA	NA (train PIRS)	NA (train PIRS)	NA (train PIRS)	NA (train PIRS)	0.829	3.30e-02	yes	0.966	yes (PP.H4>=0.8)	yes (concordant, protein-level)	yes	replicated (FinnGen + UK Biobank)	not an approved target	Uncertain	4.762	4	Prioritized causal target (transcript-level)	Causal-only (PIRS not trained)	Agonize (protective; intracellular route caution)	Therapeutic target (protein-level)	Panel E (novelty-priority map)	Protein-level pQTL-MR + coloc in an independent plasma pQTL panel (UKB-PPP/deCODE); then over-expression/supplementation in relevant primary cells	Prioritize: obtain plasma pQTL to upgrade to protein-level
61	Diseases of middle ear and mastoid	Other	Tumor necrosis factor receptor superfamily member 3	LTBR	Cancer-related genes, Plasma proteins, Predicted intracellular proteins, Predicted membrane proteins	Cytokine/Interleukin	High (soluble receptor / shed)	NA (train PIRS)	NA	NA (train PIRS)	NA (train PIRS)	NA (train PIRS)	NA (train PIRS)	1.247	4.97e-08	yes	0.963	yes (PP.H4>=0.8)	no	no	not tested	not an approved target	Low-moderate	4.757	4	Prioritized causal target (transcript-level)	Causal-only (PIRS not trained)	Block (antagonist / neutralizing antibody / small molecule)	Prioritized target (transcript-level)	Panel E (novelty-priority map)	Protein-level pQTL-MR + coloc in an independent plasma pQTL panel (UKB-PPP/deCODE); then neutralization/knockdown in relevant primary cells	Prioritize: obtain plasma pQTL to upgrade to protein-level
62	Fracture of forearm	Other	Latent-transforming growth factor beta-binding protein 3	LTBP3	Disease related genes, Human disease related genes, Predicted intracellular proteins, Predicted secreted proteins	Cytokine/Interleukin	High (secreted to blood)	NA (train PIRS)	NA	NA (train PIRS)	NA (train PIRS)	NA (train PIRS)	NA (train PIRS)	0.879	1.11e-02	yes	0.979	yes (PP.H4>=0.8)	no	no	not tested	not an approved target	Low-moderate	4.703	4	Prioritized causal target (transcript-level)	Causal-only (PIRS not trained)	Agonize / recombinant-protein replacement (protective, secreted)	Prioritized target (transcript-level)	Panel E (novelty-priority map)	Protein-level pQTL-MR + coloc in an independent plasma pQTL panel (UKB-PPP/deCODE); then over-expression/supplementation in relevant primary cells	Prioritize: obtain plasma pQTL to upgrade to protein-level
63	Pterygium	Ophthalmological	Latent-transforming growth factor beta-binding protein 3	LTBP3	Disease related genes, Human disease related genes, Predicted intracellular proteins, Predicted secreted proteins	Cytokine/Interleukin	High (secreted to blood)	NA (train PIRS)	NA	NA (train PIRS)	NA (train PIRS)	NA (train PIRS)	NA (train PIRS)	0.501	1.33e-02	yes	0.99	yes (PP.H4>=0.8)	no	no	not tested	not an approved target	Low-moderate	4.699	4	Prioritized causal target (transcript-level)	Causal-only (PIRS not trained)	Agonize / recombinant-protein replacement (protective, secreted)	Prioritized target (transcript-level)	Panel E (novelty-priority map)	Protein-level pQTL-MR + coloc in an independent plasma pQTL panel (UKB-PPP/deCODE); then over-expression/supplementation in relevant primary cells	Prioritize: obtain plasma pQTL to upgrade to protein-level
64	Obesity	Metabolic/Endocrine	Latent-transforming growth factor beta-binding protein 3	LTBP3	Disease related genes, Human disease related genes, Predicted intracellular proteins, Predicted secreted proteins	Cytokine/Interleukin	High (secreted to blood)	NA (train PIRS)	NA	NA (train PIRS)	NA (train PIRS)	NA (train PIRS)	NA (train PIRS)	1.127	8.44e-03	yes	0.947	yes (PP.H4>=0.8)	no	no	not tested	not an approved target	Low-moderate	4.695	4	Prioritized causal target (transcript-level)	Causal-only (PIRS not trained)	Block (antagonist / neutralizing antibody / small molecule)	Prioritized target (transcript-level)	Panel E (novelty-priority map)	Protein-level pQTL-MR + coloc in an independent plasma pQTL panel (UKB-PPP/deCODE); then neutralization/knockdown in relevant primary cells	Prioritize: obtain plasma pQTL to upgrade to protein-level
65	Pain (limb, back, neck, head abdominally)	Other	Microtubule-associated protein RP/EB family member 3	MAPRE3	Predicted intracellular proteins	Immune-cell-enriched	Measured (Olink Explore panel)	NA (train PIRS)	NA	NA (train PIRS)	NA (train PIRS)	NA (train PIRS)	NA (train PIRS)	0.862	2.26e-04	yes	0.952	yes (PP.H4>=0.8)	no	no	not tested	not an approved target	Uncertain	4.681	4	Prioritized causal target (transcript-level)	Causal-only (PIRS not trained)	Agonize (protective; intracellular route caution)	Prioritized target (transcript-level)	Panel E (novelty-priority map)	Protein-level pQTL-MR + coloc in an independent plasma pQTL panel (UKB-PPP/deCODE); then over-expression/supplementation in relevant primary cells	Prioritize: obtain plasma pQTL to upgrade to protein-level
66	Arthrosis	Musculoskeletal	Microtubule-associated protein RP/EB family member 3	MAPRE3	Predicted intracellular proteins	Immune-cell-enriched	Measured (Olink Explore panel)	NA (train PIRS)	NA	NA (train PIRS)	NA (train PIRS)	NA (train PIRS)	NA (train PIRS)	0.815	1.48e-04	yes	0.908	yes (PP.H4>=0.8)	no	no	not tested	not an approved target	Uncertain	4.674	4	Prioritized causal target (transcript-level)	Causal-only (PIRS not trained)	Agonize (protective; intracellular route caution)	Prioritized target (transcript-level)	Panel E (novelty-priority map)	Protein-level pQTL-MR + coloc in an independent plasma pQTL panel (UKB-PPP/deCODE); then over-expression/supplementation in relevant primary cells	Prioritize: obtain plasma pQTL to upgrade to protein-level
67	Biological medication for rheuma	Medication/Other	Receptor tyrosine-protein kinase erbB-2	ERBB2	Cancer-related genes, CD markers, Disease related genes, Enzymes, FDA approved drug targets, Human disease related genes, Plasma proteins, Predicted intracellular proteins, Predicted membrane proteins, Transporters	Immune-cell-enriched	High (soluble receptor / shed)	NA (train PIRS)	NA	NA (train PIRS)	NA (train PIRS)	NA (train PIRS)	NA (train PIRS)	0.316	3.65e-02	yes	0.866	yes (PP.H4>=0.8)	no	no	not tested	not an approved target	High (FDA-precedented class, tractable)	4.653	4	Prioritized causal target (transcript-level)	Causal-only (PIRS not trained)	Replace / decoy-receptor or agonist (protective, soluble)	Prioritized target (transcript-level)	Panel E (novelty-priority map)	Protein-level pQTL-MR + coloc in an independent plasma pQTL panel (UKB-PPP/deCODE); then over-expression/supplementation in relevant primary cells	Prioritize: obtain plasma pQTL to upgrade to protein-level
68	Bronchitis	Respiratory	Receptor tyrosine-protein kinase erbB-2	ERBB2	Cancer-related genes, CD markers, Disease related genes, Enzymes, FDA approved drug targets, Human disease related genes, Plasma proteins, Predicted intracellular proteins, Predicted membrane proteins, Transporters	Immune-cell-enriched	High (soluble receptor / shed)	NA (train PIRS)	NA	NA (train PIRS)	NA (train PIRS)	NA (train PIRS)	NA (train PIRS)	1.432	4.54e-02	yes	0.851	yes (PP.H4>=0.8)	no	no	not tested	not an approved target	High (FDA-precedented class, tractable)	4.619	4	Prioritized causal target (transcript-level)	Causal-only (PIRS not trained)	Block (antagonist / neutralizing antibody / small molecule)	Prioritized target (transcript-level)	Panel E (novelty-priority map)	Protein-level pQTL-MR + coloc in an independent plasma pQTL panel (UKB-PPP/deCODE); then neutralization/knockdown in relevant primary cells	Prioritize: obtain plasma pQTL to upgrade to protein-level
69	Eustachian salpingitis and obstruction	Other	Tumor necrosis factor receptor superfamily member 3	LTBR	Cancer-related genes, Plasma proteins, Predicted intracellular proteins, Predicted membrane proteins	Cytokine/Interleukin	High (soluble receptor / shed)	NA (train PIRS)	NA	NA (train PIRS)	NA (train PIRS)	NA (train PIRS)	NA (train PIRS)	1.525	2.59e-02	yes	0.963	yes (PP.H4>=0.8)	yes (concordant, protein-level)	yes	not tested	not an approved target	Low-moderate	4.614	4	Prioritized causal target (transcript-level)	Causal-only (PIRS not trained)	Block (antagonist / neutralizing antibody / small molecule)	Therapeutic target (protein-level)	Panel E (novelty-priority map)	Protein-level pQTL-MR + coloc in an independent plasma pQTL panel (UKB-PPP/deCODE); then neutralization/knockdown in relevant primary cells	Prioritize: obtain plasma pQTL to upgrade to protein-level
70	Asthma (only as main-diagnosis) (more control exclusions)	Respiratory	CD226 antigen	CD226	CD markers, Human disease related genes, Predicted intracellular proteins, Predicted membrane proteins	CD/Leukocyte surface	Measured (Olink Explore panel)	NA (train PIRS)	NA	NA (train PIRS)	NA (train PIRS)	NA (train PIRS)	NA (train PIRS)	0.911	1.54e-02	yes	0.902	yes (PP.H4>=0.8)	no	no	replicated (FinnGen + UK Biobank)	not an approved target	Low-moderate	4.598	4	Prioritized causal target (transcript-level)	Causal-only (PIRS not trained)	Agonize (protective; intracellular route caution)	Prioritized target (transcript-level)	Panel E (novelty-priority map)	Protein-level pQTL-MR + coloc in an independent plasma pQTL panel (UKB-PPP/deCODE); then over-expression/supplementation in relevant primary cells	Prioritize: obtain plasma pQTL to upgrade to protein-level
71	Asthma, unspecified (mode)	Respiratory	CD226 antigen	CD226	CD markers, Human disease related genes, Predicted intracellular proteins, Predicted membrane proteins	CD/Leukocyte surface	Measured (Olink Explore panel)	NA (train PIRS)	NA	NA (train PIRS)	NA (train PIRS)	NA (train PIRS)	NA (train PIRS)	0.897	2.62e-02	yes	0.936	yes (PP.H4>=0.8)	no	no	not tested	not an approved target	Low-moderate	4.585	4	Prioritized causal target (transcript-level)	Causal-only (PIRS not trained)	Agonize (protective; intracellular route caution)	Prioritized target (transcript-level)	Panel E (novelty-priority map)	Protein-level pQTL-MR + coloc in an independent plasma pQTL panel (UKB-PPP/deCODE); then over-expression/supplementation in relevant primary cells	Prioritize: obtain plasma pQTL to upgrade to protein-level
72	Gestational diabetes (for exclusion)	Metabolic/Endocrine	Latent-transforming growth factor beta-binding protein 3	LTBP3	Disease related genes, Human disease related genes, Predicted intracellular proteins, Predicted secreted proteins	Cytokine/Interleukin	High (secreted to blood)	NA (train PIRS)	NA	NA (train PIRS)	NA (train PIRS)	NA (train PIRS)	NA (train PIRS)	1.155	3.83e-02	yes	0.957	yes (PP.H4>=0.8)	no	no	not tested	not an approved target	Low-moderate	4.574	4	Prioritized causal target (transcript-level)	Causal-only (PIRS not trained)	Block (antagonist / neutralizing antibody / small molecule)	Prioritized target (transcript-level)	Panel E (novelty-priority map)	Protein-level pQTL-MR + coloc in an independent plasma pQTL panel (UKB-PPP/deCODE); then neutralization/knockdown in relevant primary cells	Prioritize: obtain plasma pQTL to upgrade to protein-level
73	Erysipelas	Infection	Solute carrier family 12 member 2	SLC12A2	Disease related genes, FDA approved drug targets, Human disease related genes, Metabolic proteins, Predicted membrane proteins, Transporters	Immune-cell-enriched	Measured (Olink Explore panel)	NA (train PIRS)	NA	NA (train PIRS)	NA (train PIRS)	NA (train PIRS)	NA (train PIRS)	0.705	4.01e-06	yes	0.991	yes (PP.H4>=0.8)	no	no	not tested	not an approved target	High (FDA-precedented class, tractable)	4.57	4	Prioritized causal target (transcript-level)	Causal-only (PIRS not trained)	Agonize (protective; intracellular route caution)	Prioritized target (transcript-level)	Panel E (novelty-priority map)	Protein-level pQTL-MR + coloc in an independent plasma pQTL panel (UKB-PPP/deCODE); then over-expression/supplementation in relevant primary cells	Prioritize: obtain plasma pQTL to upgrade to protein-level
74	Allergic rhinitis	Respiratory	Receptor tyrosine-protein kinase erbB-2	ERBB2	Cancer-related genes, CD markers, Disease related genes, Enzymes, FDA approved drug targets, Human disease related genes, Plasma proteins, Predicted intracellular proteins, Predicted membrane proteins, Transporters	Immune-cell-enriched	High (soluble receptor / shed)	NA (train PIRS)	NA	NA (train PIRS)	NA (train PIRS)	NA (train PIRS)	NA (train PIRS)	2.098	4.99e-02	yes	0.807	yes (PP.H4>=0.8)	no	no	not tested	not an approved target	High (FDA-precedented class, tractable)	4.567	4	Prioritized causal target (transcript-level)	Causal-only (PIRS not trained)	Block (antagonist / neutralizing antibody / small molecule)	Prioritized target (transcript-level)	Panel E (novelty-priority map)	Protein-level pQTL-MR + coloc in an independent plasma pQTL panel (UKB-PPP/deCODE); then neutralization/knockdown in relevant primary cells	Prioritize: obtain plasma pQTL to upgrade to protein-level
75	Soft tissue disorders	Musculoskeletal	Microtubule-associated protein RP/EB family member 3	MAPRE3	Predicted intracellular proteins	Immune-cell-enriched	Measured (Olink Explore panel)	NA (train PIRS)	NA	NA (train PIRS)	NA (train PIRS)	NA (train PIRS)	NA (train PIRS)	0.855	6.97e-04	yes	0.925	yes (PP.H4>=0.8)	no	no	not tested	not an approved target	Uncertain	4.556	4	Prioritized causal target (transcript-level)	Causal-only (PIRS not trained)	Agonize (protective; intracellular route caution)	Prioritized target (transcript-level)	Panel E (novelty-priority map)	Protein-level pQTL-MR + coloc in an independent plasma pQTL panel (UKB-PPP/deCODE); then over-expression/supplementation in relevant primary cells	Prioritize: obtain plasma pQTL to upgrade to protein-level
76	Other disorders of veins	Cardiovascular	Calcineurin subunit B type 1	PPP3R1	FDA approved drug targets, Predicted intracellular proteins	Immune-cell-enriched	Measured (Olink Explore panel)	NA (train PIRS)	NA	NA (train PIRS)	NA (train PIRS)	NA (train PIRS)	NA (train PIRS)	1.346	6.41e-13	yes	0.882	yes (PP.H4>=0.8)	no	no	not tested	not an approved target	Moderate	4.549	4	Prioritized causal target (transcript-level)	Causal-only (PIRS not trained)	Block (antagonist / neutralizing antibody / small molecule)	Prioritized target (transcript-level)	Panel E (novelty-priority map)	Protein-level pQTL-MR + coloc in an independent plasma pQTL panel (UKB-PPP/deCODE); then neutralization/knockdown in relevant primary cells	Prioritize: obtain plasma pQTL to upgrade to protein-level
77	Lesion of femoral nerve	Neurological/Psychiatric	CD226 antigen	CD226	CD markers, Human disease related genes, Predicted intracellular proteins, Predicted membrane proteins	CD/Leukocyte surface	Measured (Olink Explore panel)	NA (train PIRS)	NA	NA (train PIRS)	NA (train PIRS)	NA (train PIRS)	NA (train PIRS)	2.85	2.81e-02	yes	0.906	yes (PP.H4>=0.8)	no	no	not tested	not an approved target	Low-moderate	4.549	4	Prioritized causal target (transcript-level)	Causal-only (PIRS not trained)	Block (antagonist / neutralizing antibody / small molecule)	Prioritized target (transcript-level)	Panel E (novelty-priority map)	Protein-level pQTL-MR + coloc in an independent plasma pQTL panel (UKB-PPP/deCODE); then neutralization/knockdown in relevant primary cells	Prioritize: obtain plasma pQTL to upgrade to protein-level
78	Autoimmune diseases excluding thyroid diseases	Haematological/Immune	CD226 antigen	CD226	CD markers, Human disease related genes, Predicted intracellular proteins, Predicted membrane proteins	CD/Leukocyte surface	Measured (Olink Explore panel)	NA (train PIRS)	NA	NA (train PIRS)	NA (train PIRS)	NA (train PIRS)	NA (train PIRS)	0.931	3.80e-02	yes	0.926	yes (PP.H4>=0.8)	no	no	not tested	not an approved target	Low-moderate	4.543	4	Prioritized causal target (transcript-level)	Causal-only (PIRS not trained)	Agonize (protective; intracellular route caution)	Prioritized target (transcript-level)	Panel E (novelty-priority map)	Protein-level pQTL-MR + coloc in an independent plasma pQTL panel (UKB-PPP/deCODE); then over-expression/supplementation in relevant primary cells	Prioritize: obtain plasma pQTL to upgrade to protein-level
79	Disorders of the thyroid gland	Metabolic/Endocrine	CD226 antigen	CD226	CD markers, Human disease related genes, Predicted intracellular proteins, Predicted membrane proteins	CD/Leukocyte surface	Measured (Olink Explore panel)	NA (train PIRS)	NA	NA (train PIRS)	NA (train PIRS)	NA (train PIRS)	NA (train PIRS)	0.93	2.82e-02	yes	0.884	yes (PP.H4>=0.8)	no	no	not tested	not an approved target	Low-moderate	4.528	4	Prioritized causal target (transcript-level)	Causal-only (PIRS not trained)	Agonize (protective; intracellular route caution)	Prioritized target (transcript-level)	Panel E (novelty-priority map)	Protein-level pQTL-MR + coloc in an independent plasma pQTL panel (UKB-PPP/deCODE); then over-expression/supplementation in relevant primary cells	Prioritize: obtain plasma pQTL to upgrade to protein-level
80	Pain in joint	Musculoskeletal	Microtubule-associated protein RP/EB family member 3	MAPRE3	Predicted intracellular proteins	Immune-cell-enriched	Measured (Olink Explore panel)	NA (train PIRS)	NA	NA (train PIRS)	NA (train PIRS)	NA (train PIRS)	NA (train PIRS)	0.764	7.89e-04	yes	0.903	yes (PP.H4>=0.8)	no	no	not tested	not an approved target	Uncertain	4.524	4	Prioritized causal target (transcript-level)	Causal-only (PIRS not trained)	Agonize (protective; intracellular route caution)	Prioritized target (transcript-level)	Panel E (novelty-priority map)	Protein-level pQTL-MR + coloc in an independent plasma pQTL panel (UKB-PPP/deCODE); then over-expression/supplementation in relevant primary cells	Prioritize: obtain plasma pQTL to upgrade to protein-level
81	Acute appendicitis, with complications	Gastrointestinal	Tumor necrosis factor receptor superfamily member 3	LTBR	Cancer-related genes, Plasma proteins, Predicted intracellular proteins, Predicted membrane proteins	Cytokine/Interleukin	High (soluble receptor / shed)	NA (train PIRS)	NA	NA (train PIRS)	NA (train PIRS)	NA (train PIRS)	NA (train PIRS)	0.673	1.23e-06	yes	0.986	yes (PP.H4>=0.8)	no	no	not tested	not an approved target	Low-moderate	4.502	4	Prioritized causal target (transcript-level)	Causal-only (PIRS not trained)	Replace / decoy-receptor or agonist (protective, soluble)	Prioritized target (transcript-level)	Panel E (novelty-priority map)	Protein-level pQTL-MR + coloc in an independent plasma pQTL panel (UKB-PPP/deCODE); then over-expression/supplementation in relevant primary cells	Prioritize: obtain plasma pQTL to upgrade to protein-level
82	Statin medication	Cardiovascular	Proline/serine-rich coiled-coil protein 1	PSRC1	Predicted intracellular proteins	Immune-cell-enriched	Measured (Olink Explore panel)	NA (train PIRS)	NA	NA (train PIRS)	NA (train PIRS)	NA (train PIRS)	NA (train PIRS)	0.704	7.01e-169	yes	0.997	yes (PP.H4>=0.8)	no	no	not tested	not an approved target	Uncertain	4.497	4	Prioritized causal target (transcript-level)	Causal-only (PIRS not trained)	Agonize (protective; intracellular route caution)	Prioritized target (transcript-level)	Panel E (novelty-priority map)	Protein-level pQTL-MR + coloc in an independent plasma pQTL panel (UKB-PPP/deCODE); then over-expression/supplementation in relevant primary cells	Prioritize: obtain plasma pQTL to upgrade to protein-level
83	Hyperlipidaemia, other/unspecified	Metabolic/Endocrine	Proline/serine-rich coiled-coil protein 1	PSRC1	Predicted intracellular proteins	Immune-cell-enriched	Measured (Olink Explore panel)	NA (train PIRS)	NA	NA (train PIRS)	NA (train PIRS)	NA (train PIRS)	NA (train PIRS)	0.742	4.87e-21	yes	0.996	yes (PP.H4>=0.8)	no	no	not tested	not an approved target	Uncertain	4.496	4	Prioritized causal target (transcript-level)	Causal-only (PIRS not trained)	Agonize (protective; intracellular route caution)	Prioritized target (transcript-level)	Panel E (novelty-priority map)	Protein-level pQTL-MR + coloc in an independent plasma pQTL panel (UKB-PPP/deCODE); then over-expression/supplementation in relevant primary cells	Prioritize: obtain plasma pQTL to upgrade to protein-level
84	Metabolic disorders	Metabolic/Endocrine	Proline/serine-rich coiled-coil protein 1	PSRC1	Predicted intracellular proteins	Immune-cell-enriched	Measured (Olink Explore panel)	NA (train PIRS)	NA	NA (train PIRS)	NA (train PIRS)	NA (train PIRS)	NA (train PIRS)	0.835	5.14e-31	yes	0.995	yes (PP.H4>=0.8)	no	no	not tested	not an approved target	Uncertain	4.495	4	Prioritized causal target (transcript-level)	Causal-only (PIRS not trained)	Agonize (protective; intracellular route caution)	Prioritized target (transcript-level)	Panel E (novelty-priority map)	Protein-level pQTL-MR + coloc in an independent plasma pQTL panel (UKB-PPP/deCODE); then over-expression/supplementation in relevant primary cells	Prioritize: obtain plasma pQTL to upgrade to protein-level
85	Coronary angioplasty	Cardiovascular	Proline/serine-rich coiled-coil protein 1	PSRC1	Predicted intracellular proteins	Immune-cell-enriched	Measured (Olink Explore panel)	NA (train PIRS)	NA	NA (train PIRS)	NA (train PIRS)	NA (train PIRS)	NA (train PIRS)	0.792	8.68e-11	yes	0.995	yes (PP.H4>=0.8)	no	no	not tested	not an approved target	Uncertain	4.495	4	Prioritized causal target (transcript-level)	Causal-only (PIRS not trained)	Agonize (protective; intracellular route caution)	Prioritized target (transcript-level)	Panel E (novelty-priority map)	Protein-level pQTL-MR + coloc in an independent plasma pQTL panel (UKB-PPP/deCODE); then over-expression/supplementation in relevant primary cells	Prioritize: obtain plasma pQTL to upgrade to protein-level
86	Coronary atherosclerosis	Cardiovascular	Proline/serine-rich coiled-coil protein 1	PSRC1	Predicted intracellular proteins	Immune-cell-enriched	Measured (Olink Explore panel)	NA (train PIRS)	NA	NA (train PIRS)	NA (train PIRS)	NA (train PIRS)	NA (train PIRS)	0.827	9.23e-23	yes	0.994	yes (PP.H4>=0.8)	no	no	replicated (FinnGen + UK Biobank)	not an approved target	Uncertain	4.494	4	Prioritized causal target (transcript-level)	Causal-only (PIRS not trained)	Agonize (protective; intracellular route caution)	Prioritized target (transcript-level)	Panel E (novelty-priority map)	Protein-level pQTL-MR + coloc in an independent plasma pQTL panel (UKB-PPP/deCODE); then over-expression/supplementation in relevant primary cells	Prioritize: obtain plasma pQTL to upgrade to protein-level
87	Disorders of lipoprotein metabolism and other lipidaemias	Metabolic/Endocrine	Proline/serine-rich coiled-coil protein 1	PSRC1	Predicted intracellular proteins	Immune-cell-enriched	Measured (Olink Explore panel)	NA (train PIRS)	NA	NA (train PIRS)	NA (train PIRS)	NA (train PIRS)	NA (train PIRS)	0.768	1.59e-51	yes	0.993	yes (PP.H4>=0.8)	no	no	not tested	not an approved target	Uncertain	4.493	4	Prioritized causal target (transcript-level)	Causal-only (PIRS not trained)	Agonize (protective; intracellular route caution)	Prioritized target (transcript-level)	Panel E (novelty-priority map)	Protein-level pQTL-MR + coloc in an independent plasma pQTL panel (UKB-PPP/deCODE); then over-expression/supplementation in relevant primary cells	Prioritize: obtain plasma pQTL to upgrade to protein-level
88	Coronary revascularization (ANGIO or CABG)	Cardiovascular	Proline/serine-rich coiled-coil protein 1	PSRC1	Predicted intracellular proteins	Immune-cell-enriched	Measured (Olink Explore panel)	NA (train PIRS)	NA	NA (train PIRS)	NA (train PIRS)	NA (train PIRS)	NA (train PIRS)	0.764	9.71e-23	yes	0.993	yes (PP.H4>=0.8)	no	no	not tested	not an approved target	Uncertain	4.493	4	Prioritized causal target (transcript-level)	Causal-only (PIRS not trained)	Agonize (protective; intracellular route caution)	Prioritized target (transcript-level)	Panel E (novelty-priority map)	Protein-level pQTL-MR + coloc in an independent plasma pQTL panel (UKB-PPP/deCODE); then over-expression/supplementation in relevant primary cells	Prioritize: obtain plasma pQTL to upgrade to protein-level
89	Chronic lower respiratory diseases	Respiratory	CD226 antigen	CD226	CD markers, Human disease related genes, Predicted intracellular proteins, Predicted membrane proteins	CD/Leukocyte surface	Measured (Olink Explore panel)	NA (train PIRS)	NA	NA (train PIRS)	NA (train PIRS)	NA (train PIRS)	NA (train PIRS)	0.936	2.48e-02	yes	0.839	yes (PP.H4>=0.8)	no	no	not tested	not an approved target	Low-moderate	4.493	4	Prioritized causal target (transcript-level)	Causal-only (PIRS not trained)	Agonize (protective; intracellular route caution)	Prioritized target (transcript-level)	Panel E (novelty-priority map)	Protein-level pQTL-MR + coloc in an independent plasma pQTL panel (UKB-PPP/deCODE); then over-expression/supplementation in relevant primary cells	Prioritize: obtain plasma pQTL to upgrade to protein-level
90	Pure hypercholesterolaemia	Metabolic/Endocrine	Proline/serine-rich coiled-coil protein 1	PSRC1	Predicted intracellular proteins	Immune-cell-enriched	Measured (Olink Explore panel)	NA (train PIRS)	NA	NA (train PIRS)	NA (train PIRS)	NA (train PIRS)	NA (train PIRS)	0.776	1.53e-35	yes	0.992	yes (PP.H4>=0.8)	no	no	not tested	not an approved target	Uncertain	4.492	4	Prioritized causal target (transcript-level)	Causal-only (PIRS not trained)	Agonize (protective; intracellular route caution)	Prioritized target (transcript-level)	Panel E (novelty-priority map)	Protein-level pQTL-MR + coloc in an independent plasma pQTL panel (UKB-PPP/deCODE); then over-expression/supplementation in relevant primary cells	Prioritize: obtain plasma pQTL to upgrade to protein-level
91	Ischaemic heart disease, wide definition	Cardiovascular	Proline/serine-rich coiled-coil protein 1	PSRC1	Predicted intracellular proteins	Immune-cell-enriched	Measured (Olink Explore panel)	NA (train PIRS)	NA	NA (train PIRS)	NA (train PIRS)	NA (train PIRS)	NA (train PIRS)	0.856	2.33e-19	yes	0.991	yes (PP.H4>=0.8)	no	no	replicated (FinnGen + UK Biobank)	not an approved target	Uncertain	4.491	4	Prioritized causal target (transcript-level)	Causal-only (PIRS not trained)	Agonize (protective; intracellular route caution)	Prioritized target (transcript-level)	Panel E (novelty-priority map)	Protein-level pQTL-MR + coloc in an independent plasma pQTL panel (UKB-PPP/deCODE); then over-expression/supplementation in relevant primary cells	Prioritize: obtain plasma pQTL to upgrade to protein-level
92	Angina pectoris	Cardiovascular	Proline/serine-rich coiled-coil protein 1	PSRC1	Predicted intracellular proteins	Immune-cell-enriched	Measured (Olink Explore panel)	NA (train PIRS)	NA	NA (train PIRS)	NA (train PIRS)	NA (train PIRS)	NA (train PIRS)	0.835	3.57e-15	yes	0.991	yes (PP.H4>=0.8)	no	no	not tested	not an approved target	Uncertain	4.491	4	Prioritized causal target (transcript-level)	Causal-only (PIRS not trained)	Agonize (protective; intracellular route caution)	Prioritized target (transcript-level)	Panel E (novelty-priority map)	Protein-level pQTL-MR + coloc in an independent plasma pQTL panel (UKB-PPP/deCODE); then over-expression/supplementation in relevant primary cells	Prioritize: obtain plasma pQTL to upgrade to protein-level
93	Coronary artery bypass grafting	Cardiovascular	Proline/serine-rich coiled-coil protein 1	PSRC1	Predicted intracellular proteins	Immune-cell-enriched	Measured (Olink Explore panel)	NA (train PIRS)	NA	NA (train PIRS)	NA (train PIRS)	NA (train PIRS)	NA (train PIRS)	0.716	1.37e-17	yes	0.989	yes (PP.H4>=0.8)	no	no	not tested	not an approved target	Uncertain	4.489	4	Prioritized causal target (transcript-level)	Causal-only (PIRS not trained)	Agonize (protective; intracellular route caution)	Prioritized target (transcript-level)	Panel E (novelty-priority map)	Protein-level pQTL-MR + coloc in an independent plasma pQTL panel (UKB-PPP/deCODE); then over-expression/supplementation in relevant primary cells	Prioritize: obtain plasma pQTL to upgrade to protein-level
94	Major coronary heart disease event	Cardiovascular	Proline/serine-rich coiled-coil protein 1	PSRC1	Predicted intracellular proteins	Immune-cell-enriched	Measured (Olink Explore panel)	NA (train PIRS)	NA	NA (train PIRS)	NA (train PIRS)	NA (train PIRS)	NA (train PIRS)	0.85	1.89e-15	yes	0.988	yes (PP.H4>=0.8)	no	no	replicated (FinnGen + UK Biobank)	not an approved target	Uncertain	4.488	4	Prioritized causal target (transcript-level)	Causal-only (PIRS not trained)	Agonize (protective; intracellular route caution)	Prioritized target (transcript-level)	Panel E (novelty-priority map)	Protein-level pQTL-MR + coloc in an independent plasma pQTL panel (UKB-PPP/deCODE); then over-expression/supplementation in relevant primary cells	Prioritize: obtain plasma pQTL to upgrade to protein-level
95	Hard cardiovascular diseases	Cardiovascular	Proline/serine-rich coiled-coil protein 1	PSRC1	Predicted intracellular proteins	Immune-cell-enriched	Measured (Olink Explore panel)	NA (train PIRS)	NA	NA (train PIRS)	NA (train PIRS)	NA (train PIRS)	NA (train PIRS)	0.883	2.02e-11	yes	0.985	yes (PP.H4>=0.8)	no	no	not tested	not an approved target	Uncertain	4.485	4	Prioritized causal target (transcript-level)	Causal-only (PIRS not trained)	Agonize (protective; intracellular route caution)	Prioritized target (transcript-level)	Panel E (novelty-priority map)	Protein-level pQTL-MR + coloc in an independent plasma pQTL panel (UKB-PPP/deCODE); then over-expression/supplementation in relevant primary cells	Prioritize: obtain plasma pQTL to upgrade to protein-level
96	Hypothyroidism, strict autoimmune	Metabolic/Endocrine	Latent-transforming growth factor beta-binding protein 3	LTBP3	Disease related genes, Human disease related genes, Predicted intracellular proteins, Predicted secreted proteins	Cytokine/Interleukin	High (secreted to blood)	NA (train PIRS)	NA	NA (train PIRS)	NA (train PIRS)	NA (train PIRS)	NA (train PIRS)	1.097	2.44e-02	yes	0.814	yes (PP.H4>=0.8)	no	no	not tested	not an approved target	Low-moderate	4.47	4	Prioritized causal target (transcript-level)	Causal-only (PIRS not trained)	Block (antagonist / neutralizing antibody / small molecule)	Prioritized target (transcript-level)	Panel E (novelty-priority map)	Protein-level pQTL-MR + coloc in an independent plasma pQTL panel (UKB-PPP/deCODE); then neutralization/knockdown in relevant primary cells	Prioritize: obtain plasma pQTL to upgrade to protein-level
97	Other otitis externa (chronic)	Other	Interleukin-2 receptor subunit alpha	IL2RA	Cancer-related genes, CD markers, Disease related genes, FDA approved drug targets, Human disease related genes, Plasma proteins, Predicted membrane proteins	Cytokine/Interleukin	High (soluble receptor / shed)	NA (train PIRS)	NA	NA (train PIRS)	NA (train PIRS)	NA (train PIRS)	NA (train PIRS)	2.704	4.42e-03	yes	0.99	yes (PP.H4>=0.8)	no	no	not tested	not an approved target	High (FDA-precedented class, tractable)	4.461	4	Prioritized causal target (transcript-level)	Causal-only (PIRS not trained)	Block (antagonist / neutralizing antibody / small molecule)	Prioritized target (transcript-level)	Panel E (novelty-priority map)	Protein-level pQTL-MR + coloc in an independent plasma pQTL panel (UKB-PPP/deCODE); then neutralization/knockdown in relevant primary cells	Prioritize: obtain plasma pQTL to upgrade to protein-level
98	Systemic connective tissue disorders	Musculoskeletal	CD226 antigen	CD226	CD markers, Human disease related genes, Predicted intracellular proteins, Predicted membrane proteins	CD/Leukocyte surface	Measured (Olink Explore panel)	NA (train PIRS)	NA	NA (train PIRS)	NA (train PIRS)	NA (train PIRS)	NA (train PIRS)	0.869	3.62e-02	yes	0.83	yes (PP.H4>=0.8)	no	no	not tested	not an approved target	Low-moderate	4.451	4	Prioritized causal target (transcript-level)	Causal-only (PIRS not trained)	Agonize (protective; intracellular route caution)	Prioritized target (transcript-level)	Panel E (novelty-priority map)	Protein-level pQTL-MR + coloc in an independent plasma pQTL panel (UKB-PPP/deCODE); then over-expression/supplementation in relevant primary cells	Prioritize: obtain plasma pQTL to upgrade to protein-level
99	Diseases of arteries, arterioles and capillaries (FINNGEN)	Cardiovascular	Tyrosine-protein kinase Fes/Fps	FES	Cancer-related genes, Disease related genes, Enzymes, Potential drug targets, Predicted intracellular proteins	Immune-cell-enriched	Measured (Olink Explore panel)	NA (train PIRS)	NA	NA (train PIRS)	NA (train PIRS)	NA (train PIRS)	NA (train PIRS)	0.832	4.62e-06	yes	0.847	yes (PP.H4>=0.8)	no	no	not tested	not an approved target	Uncertain	4.414	4	Prioritized causal target (transcript-level)	Causal-only (PIRS not trained)	Agonize (protective; intracellular route caution)	Prioritized target (transcript-level)	Panel E (novelty-priority map)	Protein-level pQTL-MR + coloc in an independent plasma pQTL panel (UKB-PPP/deCODE); then over-expression/supplementation in relevant primary cells	Prioritize: obtain plasma pQTL to upgrade to protein-level
100	Diseases of veins, lymphatic vessels and lymph nodes, not elsewhere classified	Cardiovascular	Cysteine-rich motor neuron 1 protein	CRIM1	Predicted intracellular proteins, Predicted membrane proteins, Transporters	Immune-cell-enriched	Measured (Olink Explore panel)	NA (train PIRS)	NA	NA (train PIRS)	NA (train PIRS)	NA (train PIRS)	NA (train PIRS)	0.78	2.28e-06	yes	0.951	yes (PP.H4>=0.8)	no	no	not tested	not an approved target	Low-moderate	4.413	4	Prioritized causal target (transcript-level)	Causal-only (PIRS not trained)	Agonize (protective; intracellular route caution)	Prioritized target (transcript-level)	Panel E (novelty-priority map)	Protein-level pQTL-MR + coloc in an independent plasma pQTL panel (UKB-PPP/deCODE); then over-expression/supplementation in relevant primary cells	Prioritize: obtain plasma pQTL to upgrade to protein-level
101	Spondylopathies	Musculoskeletal	Microtubule-associated protein RP/EB family member 3	MAPRE3	Predicted intracellular proteins	Immune-cell-enriched	Measured (Olink Explore panel)	NA (train PIRS)	NA	NA (train PIRS)	NA (train PIRS)	NA (train PIRS)	NA (train PIRS)	0.801	3.79e-03	yes	0.926	yes (PP.H4>=0.8)	no	no	not tested	not an approved target	Uncertain	4.41	4	Prioritized causal target (transcript-level)	Causal-only (PIRS not trained)	Agonize (protective; intracellular route caution)	Prioritized target (transcript-level)	Panel E (novelty-priority map)	Protein-level pQTL-MR + coloc in an independent plasma pQTL panel (UKB-PPP/deCODE); then over-expression/supplementation in relevant primary cells	Prioritize: obtain plasma pQTL to upgrade to protein-level
102	Phlebitis and thrombophlebitis (not including DVT)	Cardiovascular	Solute carrier family 12 member 2	SLC12A2	Disease related genes, FDA approved drug targets, Human disease related genes, Metabolic proteins, Predicted membrane proteins, Transporters	Immune-cell-enriched	Measured (Olink Explore panel)	NA (train PIRS)	NA	NA (train PIRS)	NA (train PIRS)	NA (train PIRS)	NA (train PIRS)	0.588	3.08e-05	yes	0.995	yes (PP.H4>=0.8)	no	no	not tested	not an approved target	High (FDA-precedented class, tractable)	4.397	4	Prioritized causal target (transcript-level)	Causal-only (PIRS not trained)	Agonize (protective; intracellular route caution)	Prioritized target (transcript-level)	Panel E (novelty-priority map)	Protein-level pQTL-MR + coloc in an independent plasma pQTL panel (UKB-PPP/deCODE); then over-expression/supplementation in relevant primary cells	Prioritize: obtain plasma pQTL to upgrade to protein-level
103	Nummular dermatitis	Dermatological	Interleukin-2 receptor subunit alpha	IL2RA	Cancer-related genes, CD markers, Disease related genes, FDA approved drug targets, Human disease related genes, Plasma proteins, Predicted membrane proteins	Cytokine/Interleukin	High (soluble receptor / shed)	NA (train PIRS)	NA	NA (train PIRS)	NA (train PIRS)	NA (train PIRS)	NA (train PIRS)	2.372	9.89e-03	yes	0.996	yes (PP.H4>=0.8)	no	no	not tested	not an approved target	High (FDA-precedented class, tractable)	4.397	4	Prioritized causal target (transcript-level)	Causal-only (PIRS not trained)	Block (antagonist / neutralizing antibody / small molecule)	Prioritized target (transcript-level)	Panel E (novelty-priority map)	Protein-level pQTL-MR + coloc in an independent plasma pQTL panel (UKB-PPP/deCODE); then neutralization/knockdown in relevant primary cells	Prioritize: obtain plasma pQTL to upgrade to protein-level
104	Crohn's disease of small intestine	Gastrointestinal	Interleukin-2 receptor subunit alpha	IL2RA	Cancer-related genes, CD markers, Disease related genes, FDA approved drug targets, Human disease related genes, Plasma proteins, Predicted membrane proteins	Cytokine/Interleukin	High (soluble receptor / shed)	NA (train PIRS)	NA	NA (train PIRS)	NA (train PIRS)	NA (train PIRS)	NA (train PIRS)	2.446	1.30e-02	yes	0.995	yes (PP.H4>=0.8)	no	no	not tested	not an approved target	High (FDA-precedented class, tractable)	4.372	4	Prioritized causal target (transcript-level)	Causal-only (PIRS not trained)	Block (antagonist / neutralizing antibody / small molecule)	Prioritized target (transcript-level)	Panel E (novelty-priority map)	Protein-level pQTL-MR + coloc in an independent plasma pQTL panel (UKB-PPP/deCODE); then neutralization/knockdown in relevant primary cells	Prioritize: obtain plasma pQTL to upgrade to protein-level
105	Gonarthrosis	Musculoskeletal	Microtubule-associated protein RP/EB family member 3	MAPRE3	Predicted intracellular proteins	Immune-cell-enriched	Measured (Olink Explore panel)	NA (train PIRS)	NA	NA (train PIRS)	NA (train PIRS)	NA (train PIRS)	NA (train PIRS)	0.811	7.80e-03	yes	0.925	yes (PP.H4>=0.8)	no	no	not tested	not an approved target	Uncertain	4.347	4	Prioritized causal target (transcript-level)	Causal-only (PIRS not trained)	Agonize (protective; intracellular route caution)	Prioritized target (transcript-level)	Panel E (novelty-priority map)	Protein-level pQTL-MR + coloc in an independent plasma pQTL panel (UKB-PPP/deCODE); then over-expression/supplementation in relevant primary cells	Prioritize: obtain plasma pQTL to upgrade to protein-level
106	Benign neoplasm: Cerebral meninges	Neoplasm	Microtubule-associated protein tau	MAPT	Candidate cardiovascular disease genes, Disease related genes, FDA approved drug targets, Human disease related genes, Plasma proteins, Predicted intracellular proteins, Predicted secreted proteins	Immune-cell-enriched	High (secreted to blood)	NA (train PIRS)	NA	NA (train PIRS)	NA (train PIRS)	NA (train PIRS)	NA (train PIRS)	8.123	1.74e-02	yes	0.993	yes (PP.H4>=0.8)	no	no	not tested	not an approved target	High (FDA-precedented class, tractable)	4.345	4	Prioritized causal target (transcript-level)	Causal-only (PIRS not trained)	Block (antagonist / neutralizing antibody / small molecule)	Prioritized target (transcript-level)	Panel E (novelty-priority map)	Protein-level pQTL-MR + coloc in an independent plasma pQTL panel (UKB-PPP/deCODE); then neutralization/knockdown in relevant primary cells	Prioritize: obtain plasma pQTL to upgrade to protein-level
107	Lichen simplex chronicus and prurigo	Dermatological	Interleukin-2 receptor subunit alpha	IL2RA	Cancer-related genes, CD markers, Disease related genes, FDA approved drug targets, Human disease related genes, Plasma proteins, Predicted membrane proteins	Cytokine/Interleukin	High (soluble receptor / shed)	NA (train PIRS)	NA	NA (train PIRS)	NA (train PIRS)	NA (train PIRS)	NA (train PIRS)	2.549	1.83e-02	yes	0.993	yes (PP.H4>=0.8)	no	no	not tested	not an approved target	High (FDA-precedented class, tractable)	4.341	4	Prioritized causal target (transcript-level)	Causal-only (PIRS not trained)	Block (antagonist / neutralizing antibody / small molecule)	Prioritized target (transcript-level)	Panel E (novelty-priority map)	Protein-level pQTL-MR + coloc in an independent plasma pQTL panel (UKB-PPP/deCODE); then neutralization/knockdown in relevant primary cells	Prioritize: obtain plasma pQTL to upgrade to protein-level
108	Female genital prolapse	Renal/Genitourinary	Solute carrier family 12 member 2	SLC12A2	Disease related genes, FDA approved drug targets, Human disease related genes, Metabolic proteins, Predicted membrane proteins, Transporters	Immune-cell-enriched	Measured (Olink Explore panel)	NA (train PIRS)	NA	NA (train PIRS)	NA (train PIRS)	NA (train PIRS)	NA (train PIRS)	1.505	5.10e-05	yes	0.98	yes (PP.H4>=0.8)	no	no	not tested	not an approved target	High (FDA-precedented class, tractable)	4.338	4	Prioritized causal target (transcript-level)	Causal-only (PIRS not trained)	Block (antagonist / neutralizing antibody / small molecule)	Prioritized target (transcript-level)	Panel E (novelty-priority map)	Protein-level pQTL-MR + coloc in an independent plasma pQTL panel (UKB-PPP/deCODE); then neutralization/knockdown in relevant primary cells	Prioritize: obtain plasma pQTL to upgrade to protein-level
109	Atrial fibrillation and flutter with reimbursement	Cardiovascular	Tyrosine-protein kinase Fes/Fps	FES	Cancer-related genes, Disease related genes, Enzymes, Potential drug targets, Predicted intracellular proteins	Immune-cell-enriched	Measured (Olink Explore panel)	NA (train PIRS)	NA	NA (train PIRS)	NA (train PIRS)	NA (train PIRS)	NA (train PIRS)	0.852	6.87e-05	yes	0.987	yes (PP.H4>=0.8)	no	no	not tested	not an approved target	Uncertain	4.32	4	Prioritized causal target (transcript-level)	Causal-only (PIRS not trained)	Agonize (protective; intracellular route caution)	Prioritized target (transcript-level)	Panel E (novelty-priority map)	Protein-level pQTL-MR + coloc in an independent plasma pQTL panel (UKB-PPP/deCODE); then over-expression/supplementation in relevant primary cells	Prioritize: obtain plasma pQTL to upgrade to protein-level
110	Benign neoplasm of meninges	Neoplasm	Microtubule-associated protein tau	MAPT	Candidate cardiovascular disease genes, Disease related genes, FDA approved drug targets, Human disease related genes, Plasma proteins, Predicted intracellular proteins, Predicted secreted proteins	Immune-cell-enriched	High (secreted to blood)	NA (train PIRS)	NA	NA (train PIRS)	NA (train PIRS)	NA (train PIRS)	NA (train PIRS)	7.025	2.44e-02	yes	0.99	yes (PP.H4>=0.8)	no	no	not tested	not an approved target	High (FDA-precedented class, tractable)	4.313	4	Prioritized causal target (transcript-level)	Causal-only (PIRS not trained)	Block (antagonist / neutralizing antibody / small molecule)	Prioritized target (transcript-level)	Panel E (novelty-priority map)	Protein-level pQTL-MR + coloc in an independent plasma pQTL panel (UKB-PPP/deCODE); then neutralization/knockdown in relevant primary cells	Prioritize: obtain plasma pQTL to upgrade to protein-level
111	Fracture of forearm	Other	Microtubule-associated protein tau	MAPT	Candidate cardiovascular disease genes, Disease related genes, FDA approved drug targets, Human disease related genes, Plasma proteins, Predicted intracellular proteins, Predicted secreted proteins	Immune-cell-enriched	High (secreted to blood)	NA (train PIRS)	NA	NA (train PIRS)	NA (train PIRS)	NA (train PIRS)	NA (train PIRS)	0.476	2.76e-02	yes	0.988	yes (PP.H4>=0.8)	no	no	not tested	not an approved target	High (FDA-precedented class, tractable)	4.3	4	Prioritized causal target (transcript-level)	Causal-only (PIRS not trained)	Agonize / recombinant-protein replacement (protective, secreted)	Prioritized target (transcript-level)	Panel E (novelty-priority map)	Protein-level pQTL-MR + coloc in an independent plasma pQTL panel (UKB-PPP/deCODE); then over-expression/supplementation in relevant primary cells	Prioritize: obtain plasma pQTL to upgrade to protein-level
112	Allergic contact dermatitis	Dermatological	Interleukin-2 receptor subunit alpha	IL2RA	Cancer-related genes, CD markers, Disease related genes, FDA approved drug targets, Human disease related genes, Plasma proteins, Predicted membrane proteins	Cytokine/Interleukin	High (soluble receptor / shed)	NA (train PIRS)	NA	NA (train PIRS)	NA (train PIRS)	NA (train PIRS)	NA (train PIRS)	1.821	2.63e-02	yes	0.98	yes (PP.H4>=0.8)	no	no	not tested	not an approved target	High (FDA-precedented class, tractable)	4.296	4	Prioritized causal target (transcript-level)	Causal-only (PIRS not trained)	Block (antagonist / neutralizing antibody / small molecule)	Prioritized target (transcript-level)	Panel E (novelty-priority map)	Protein-level pQTL-MR + coloc in an independent plasma pQTL panel (UKB-PPP/deCODE); then neutralization/knockdown in relevant primary cells	Prioritize: obtain plasma pQTL to upgrade to protein-level
113	Artrosis, including avohilmo	Musculoskeletal	Microtubule-associated protein RP/EB family member 3	MAPRE3	Predicted intracellular proteins	Immune-cell-enriched	Measured (Olink Explore panel)	NA (train PIRS)	NA	NA (train PIRS)	NA (train PIRS)	NA (train PIRS)	NA (train PIRS)	0.86	9.70e-03	yes	0.878	yes (PP.H4>=0.8)	no	no	not tested	not an approved target	Uncertain	4.281	4	Prioritized causal target (transcript-level)	Causal-only (PIRS not trained)	Agonize (protective; intracellular route caution)	Prioritized target (transcript-level)	Panel E (novelty-priority map)	Protein-level pQTL-MR + coloc in an independent plasma pQTL panel (UKB-PPP/deCODE); then over-expression/supplementation in relevant primary cells	Prioritize: obtain plasma pQTL to upgrade to protein-level
114	Type1 diabetes, definitions combined, early onset	Metabolic/Endocrine	Interleukin-2 receptor subunit alpha	IL2RA	Cancer-related genes, CD markers, Disease related genes, FDA approved drug targets, Human disease related genes, Plasma proteins, Predicted membrane proteins	Cytokine/Interleukin	High (soluble receptor / shed)	NA (train PIRS)	NA	NA (train PIRS)	NA (train PIRS)	NA (train PIRS)	NA (train PIRS)	0.351	1.41e-02	yes	0.911	yes (PP.H4>=0.8)	no	no	not tested	not an approved target	High (FDA-precedented class, tractable)	4.281	4	Prioritized causal target (transcript-level)	Causal-only (PIRS not trained)	Replace / decoy-receptor or agonist (protective, soluble)	Prioritized target (transcript-level)	Panel E (novelty-priority map)	Protein-level pQTL-MR + coloc in an independent plasma pQTL panel (UKB-PPP/deCODE); then over-expression/supplementation in relevant primary cells	Prioritize: obtain plasma pQTL to upgrade to protein-level
115	Chronic lower respiratory diseases	Respiratory	Plasma protease C1 inhibitor	SERPING1	Candidate cardiovascular disease genes, Disease related genes, Human disease related genes, Plasma proteins, Predicted intracellular proteins, Predicted secreted proteins	Complement/Coagulation	High (secreted to blood)	NA (train PIRS)	NA	NA (train PIRS)	NA (train PIRS)	NA (train PIRS)	NA (train PIRS)	1.13	3.42e-06	yes	0.851	yes (PP.H4>=0.8)	no	no	not tested	not an approved target	Low-moderate	4.278	4	Prioritized causal target (transcript-level)	Causal-only (PIRS not trained)	Block (antagonist / neutralizing antibody / small molecule)	Prioritized target (transcript-level)	Panel E (novelty-priority map)	Protein-level pQTL-MR + coloc in an independent plasma pQTL panel (UKB-PPP/deCODE); then neutralization/knockdown in relevant primary cells	Prioritize: obtain plasma pQTL to upgrade to protein-level
116	Asthma/COPD (KELA code 203)	Respiratory	Plasma protease C1 inhibitor	SERPING1	Candidate cardiovascular disease genes, Disease related genes, Human disease related genes, Plasma proteins, Predicted intracellular proteins, Predicted secreted proteins	Complement/Coagulation	High (secreted to blood)	NA (train PIRS)	NA	NA (train PIRS)	NA (train PIRS)	NA (train PIRS)	NA (train PIRS)	1.153	9.12e-06	yes	0.925	yes (PP.H4>=0.8)	no	no	not tested	not an approved target	Low-moderate	4.266	4	Prioritized causal target (transcript-level)	Causal-only (PIRS not trained)	Block (antagonist / neutralizing antibody / small molecule)	Prioritized target (transcript-level)	Panel E (novelty-priority map)	Protein-level pQTL-MR + coloc in an independent plasma pQTL panel (UKB-PPP/deCODE); then neutralization/knockdown in relevant primary cells	Prioritize: obtain plasma pQTL to upgrade to protein-level
117	Asthma (more control exclusions)	Respiratory	Plasma protease C1 inhibitor	SERPING1	Candidate cardiovascular disease genes, Disease related genes, Human disease related genes, Plasma proteins, Predicted intracellular proteins, Predicted secreted proteins	Complement/Coagulation	High (secreted to blood)	NA (train PIRS)	NA	NA (train PIRS)	NA (train PIRS)	NA (train PIRS)	NA (train PIRS)	1.163	5.18e-06	yes	0.866	yes (PP.H4>=0.8)	no	no	replicated (FinnGen + UK Biobank)	not an approved target	Low-moderate	4.256	4	Prioritized causal target (transcript-level)	Causal-only (PIRS not trained)	Block (antagonist / neutralizing antibody / small molecule)	Prioritized target (transcript-level)	Panel E (novelty-priority map)	Protein-level pQTL-MR + coloc in an independent plasma pQTL panel (UKB-PPP/deCODE); then neutralization/knockdown in relevant primary cells	Prioritize: obtain plasma pQTL to upgrade to protein-level
118	Myocardial infarction, strict	Cardiovascular	Proline/serine-rich coiled-coil protein 1	PSRC1	Predicted intracellular proteins	Immune-cell-enriched	Measured (Olink Explore panel)	NA (train PIRS)	NA	NA (train PIRS)	NA (train PIRS)	NA (train PIRS)	NA (train PIRS)	0.842	1.77e-09	yes	0.994	yes (PP.H4>=0.8)	no	no	replicated (FinnGen + UK Biobank)	not an approved target	Uncertain	4.244	4	Prioritized causal target (transcript-level)	Causal-only (PIRS not trained)	Agonize (protective; intracellular route caution)	Prioritized target (transcript-level)	Panel E (novelty-priority map)	Protein-level pQTL-MR + coloc in an independent plasma pQTL panel (UKB-PPP/deCODE); then over-expression/supplementation in relevant primary cells	Prioritize: obtain plasma pQTL to upgrade to protein-level
119	Prurigo nodularis	Dermatological	Interleukin-2 receptor subunit alpha	IL2RA	Cancer-related genes, CD markers, Disease related genes, FDA approved drug targets, Human disease related genes, Plasma proteins, Predicted membrane proteins	Cytokine/Interleukin	High (soluble receptor / shed)	NA (train PIRS)	NA	NA (train PIRS)	NA (train PIRS)	NA (train PIRS)	NA (train PIRS)	4.096	4.47e-02	yes	0.959	yes (PP.H4>=0.8)	no	no	not tested	not an approved target	High (FDA-precedented class, tractable)	4.229	4	Prioritized causal target (transcript-level)	Causal-only (PIRS not trained)	Block (antagonist / neutralizing antibody / small molecule)	Prioritized target (transcript-level)	Panel E (novelty-priority map)	Protein-level pQTL-MR + coloc in an independent plasma pQTL panel (UKB-PPP/deCODE); then neutralization/knockdown in relevant primary cells	Prioritize: obtain plasma pQTL to upgrade to protein-level
120	Atrial fibrillation and flutter	Cardiovascular	Tyrosine-protein kinase Fes/Fps	FES	Cancer-related genes, Disease related genes, Enzymes, Potential drug targets, Predicted intracellular proteins	Immune-cell-enriched	Measured (Olink Explore panel)	NA (train PIRS)	NA	NA (train PIRS)	NA (train PIRS)	NA (train PIRS)	NA (train PIRS)	0.878	2.20e-04	yes	0.991	yes (PP.H4>=0.8)	no	no	not tested	not an approved target	Uncertain	4.223	4	Prioritized causal target (transcript-level)	Causal-only (PIRS not trained)	Agonize (protective; intracellular route caution)	Prioritized target (transcript-level)	Panel E (novelty-priority map)	Protein-level pQTL-MR + coloc in an independent plasma pQTL panel (UKB-PPP/deCODE); then over-expression/supplementation in relevant primary cells	Prioritize: obtain plasma pQTL to upgrade to protein-level
121	Cholelithiasis	Gastrointestinal	Probable JmjC domain-containing histone demethylation protein 2C	JMJD1C	Predicted intracellular proteins	Immune-cell-enriched	Measured (Olink Explore panel)	NA (train PIRS)	NA	NA (train PIRS)	NA (train PIRS)	NA (train PIRS)	NA (train PIRS)	0.414	3.07e-07	yes	0.914	yes (PP.H4>=0.8)	no	no	not tested	not an approved target	Uncertain	4.217	4	Prioritized causal target (transcript-level)	Causal-only (PIRS not trained)	Agonize (protective; intracellular route caution)	Prioritized target (transcript-level)	Panel E (novelty-priority map)	Protein-level pQTL-MR + coloc in an independent plasma pQTL panel (UKB-PPP/deCODE); then over-expression/supplementation in relevant primary cells	Prioritize: obtain plasma pQTL to upgrade to protein-level
122	Other heart diseases	Cardiovascular	Tyrosine-protein kinase Fes/Fps	FES	Cancer-related genes, Disease related genes, Enzymes, Potential drug targets, Predicted intracellular proteins	Immune-cell-enriched	Measured (Olink Explore panel)	NA (train PIRS)	NA	NA (train PIRS)	NA (train PIRS)	NA (train PIRS)	NA (train PIRS)	0.905	2.50e-04	yes	0.992	yes (PP.H4>=0.8)	no	no	not tested	not an approved target	Uncertain	4.212	4	Prioritized causal target (transcript-level)	Causal-only (PIRS not trained)	Agonize (protective; intracellular route caution)	Prioritized target (transcript-level)	Panel E (novelty-priority map)	Protein-level pQTL-MR + coloc in an independent plasma pQTL panel (UKB-PPP/deCODE); then over-expression/supplementation in relevant primary cells	Prioritize: obtain plasma pQTL to upgrade to protein-level
123	First line medication for Crohn's disease	Medication/Other	Interleukin-18 receptor accessory protein	IL18RAP	CD markers, Enzymes, Predicted intracellular proteins, Predicted membrane proteins	Cytokine/Interleukin	High (soluble receptor / shed)	NA (train PIRS)	NA	NA (train PIRS)	NA (train PIRS)	NA (train PIRS)	NA (train PIRS)	0.971	7.51e-03	yes	0.937	yes (PP.H4>=0.8)	no	no	not tested	not an approved target	Low-moderate	4.195	4	Prioritized causal target (transcript-level)	Causal-only (PIRS not trained)	Replace / decoy-receptor or agonist (protective, soluble)	Prioritized target (transcript-level)	Panel E (novelty-priority map)	Protein-level pQTL-MR + coloc in an independent plasma pQTL panel (UKB-PPP/deCODE); then over-expression/supplementation in relevant primary cells	Prioritize: obtain plasma pQTL to upgrade to protein-level
124	Gestational [pregnancy-induced] hypertension	Other	Tyrosine-protein kinase Fes/Fps	FES	Cancer-related genes, Disease related genes, Enzymes, Potential drug targets, Predicted intracellular proteins	Immune-cell-enriched	Measured (Olink Explore panel)	NA (train PIRS)	NA	NA (train PIRS)	NA (train PIRS)	NA (train PIRS)	NA (train PIRS)	0.822	2.77e-04	yes	0.981	yes (PP.H4>=0.8)	no	no	not tested	not an approved target	Uncertain	4.192	4	Prioritized causal target (transcript-level)	Causal-only (PIRS not trained)	Agonize (protective; intracellular route caution)	Prioritized target (transcript-level)	Panel E (novelty-priority map)	Protein-level pQTL-MR + coloc in an independent plasma pQTL panel (UKB-PPP/deCODE); then over-expression/supplementation in relevant primary cells	Prioritize: obtain plasma pQTL to upgrade to protein-level
125	Macular pucker	Ophthalmological	Complement factor H	CFH	Cancer-related genes, Disease related genes, Human disease related genes, Plasma proteins, Predicted intracellular proteins, Predicted secreted proteins	Complement/Coagulation	High (secreted to blood)	NA (train PIRS)	NA	NA (train PIRS)	NA (train PIRS)	NA (train PIRS)	NA (train PIRS)	0.407	1.03e-02	yes	0.941	yes (PP.H4>=0.8)	yes (concordant, protein-level)	yes	not tested	not an approved target	Low-moderate	4.172	4	Prioritized causal target (transcript-level)	Causal-only (PIRS not trained)	Agonize / recombinant-protein replacement (protective, secreted)	Therapeutic target (protein-level)	Panel E (novelty-priority map)	Protein-level pQTL-MR + coloc in an independent plasma pQTL panel (UKB-PPP/deCODE); then over-expression/supplementation in relevant primary cells	Prioritize: obtain plasma pQTL to upgrade to protein-level
126	Hypertension, essential	Cardiovascular	Serine protease inhibitor Kazal-type 8	SPINK8	Predicted secreted proteins	Immune-cell-enriched	High (secreted to blood)	NA (train PIRS)	NA	NA (train PIRS)	NA (train PIRS)	NA (train PIRS)	NA (train PIRS)	0.866	2.36e-03	yes	0.809	yes (PP.H4>=0.8)	yes (concordant, protein-level)	yes	not tested	not an approved target	Low-moderate	4.168	4	Prioritized causal target (transcript-level)	Causal-only (PIRS not trained)	Agonize / recombinant-protein replacement (protective, secreted)	Therapeutic target (protein-level)	Panel E (novelty-priority map)	Protein-level pQTL-MR + coloc in an independent plasma pQTL panel (UKB-PPP/deCODE); then over-expression/supplementation in relevant primary cells	Prioritize: obtain plasma pQTL to upgrade to protein-level
127	Acute suppurative otitis media	Other	Interleukin-18 receptor accessory protein	IL18RAP	CD markers, Enzymes, Predicted intracellular proteins, Predicted membrane proteins	Cytokine/Interleukin	High (soluble receptor / shed)	NA (train PIRS)	NA	NA (train PIRS)	NA (train PIRS)	NA (train PIRS)	NA (train PIRS)	0.931	1.70e-02	yes	0.946	yes (PP.H4>=0.8)	no	no	not tested	not an approved target	Low-moderate	4.133	4	Prioritized causal target (transcript-level)	Causal-only (PIRS not trained)	Replace / decoy-receptor or agonist (protective, soluble)	Prioritized target (transcript-level)	Panel E (novelty-priority map)	Protein-level pQTL-MR + coloc in an independent plasma pQTL panel (UKB-PPP/deCODE); then over-expression/supplementation in relevant primary cells	Prioritize: obtain plasma pQTL to upgrade to protein-level
128	Other disorders of veins	Cardiovascular	Cysteine-rich motor neuron 1 protein	CRIM1	Predicted intracellular proteins, Predicted membrane proteins, Transporters	Immune-cell-enriched	Measured (Olink Explore panel)	NA (train PIRS)	NA	NA (train PIRS)	NA (train PIRS)	NA (train PIRS)	NA (train PIRS)	0.663	3.81e-05	yes	0.885	yes (PP.H4>=0.8)	no	no	not tested	not an approved target	Low-moderate	4.102	4	Prioritized causal target (transcript-level)	Causal-only (PIRS not trained)	Agonize (protective; intracellular route caution)	Prioritized target (transcript-level)	Panel E (novelty-priority map)	Protein-level pQTL-MR + coloc in an independent plasma pQTL panel (UKB-PPP/deCODE); then over-expression/supplementation in relevant primary cells	Prioritize: obtain plasma pQTL to upgrade to protein-level
129	Asthma, unspecified (mode)	Respiratory	Plasma protease C1 inhibitor	SERPING1	Candidate cardiovascular disease genes, Disease related genes, Human disease related genes, Plasma proteins, Predicted intracellular proteins, Predicted secreted proteins	Complement/Coagulation	High (secreted to blood)	NA (train PIRS)	NA	NA (train PIRS)	NA (train PIRS)	NA (train PIRS)	NA (train PIRS)	1.202	5.91e-05	yes	0.923	yes (PP.H4>=0.8)	no	no	not tested	not an approved target	Low-moderate	4.102	4	Prioritized causal target (transcript-level)	Causal-only (PIRS not trained)	Block (antagonist / neutralizing antibody / small molecule)	Prioritized target (transcript-level)	Panel E (novelty-priority map)	Protein-level pQTL-MR + coloc in an independent plasma pQTL panel (UKB-PPP/deCODE); then neutralization/knockdown in relevant primary cells	Prioritize: obtain plasma pQTL to upgrade to protein-level
130	Asthma (only as main-diagnosis) (more control exclusions)	Respiratory	Plasma protease C1 inhibitor	SERPING1	Candidate cardiovascular disease genes, Disease related genes, Human disease related genes, Plasma proteins, Predicted intracellular proteins, Predicted secreted proteins	Complement/Coagulation	High (secreted to blood)	NA (train PIRS)	NA	NA (train PIRS)	NA (train PIRS)	NA (train PIRS)	NA (train PIRS)	1.163	8.25e-05	yes	0.949	yes (PP.H4>=0.8)	no	no	replicated (FinnGen + UK Biobank)	not an approved target	Low-moderate	4.099	4	Prioritized causal target (transcript-level)	Causal-only (PIRS not trained)	Block (antagonist / neutralizing antibody / small molecule)	Prioritized target (transcript-level)	Panel E (novelty-priority map)	Protein-level pQTL-MR + coloc in an independent plasma pQTL panel (UKB-PPP/deCODE); then neutralization/knockdown in relevant primary cells	Prioritize: obtain plasma pQTL to upgrade to protein-level
131	Asthma-related infections	Respiratory	Plasma protease C1 inhibitor	SERPING1	Candidate cardiovascular disease genes, Disease related genes, Human disease related genes, Plasma proteins, Predicted intracellular proteins, Predicted secreted proteins	Complement/Coagulation	High (secreted to blood)	NA (train PIRS)	NA	NA (train PIRS)	NA (train PIRS)	NA (train PIRS)	NA (train PIRS)	1.2	2.70e-05	yes	0.819	yes (PP.H4>=0.8)	no	no	not tested	not an approved target	Low-moderate	4.066	4	Prioritized causal target (transcript-level)	Causal-only (PIRS not trained)	Block (antagonist / neutralizing antibody / small molecule)	Prioritized target (transcript-level)	Panel E (novelty-priority map)	Protein-level pQTL-MR + coloc in an independent plasma pQTL panel (UKB-PPP/deCODE); then neutralization/knockdown in relevant primary cells	Prioritize: obtain plasma pQTL to upgrade to protein-level
132	Lichen ruber planus, wide definition including periferal and oral lichen planus	Gastrointestinal	Interleukin-1 receptor-like 1	IL1RL1	Candidate cardiovascular disease genes, Enzymes, Plasma proteins, Predicted intracellular proteins, Predicted membrane proteins, Predicted secreted proteins	Cytokine/Interleukin	High (secreted to blood)	NA (train PIRS)	NA	NA (train PIRS)	NA (train PIRS)	NA (train PIRS)	NA (train PIRS)	0.646	2.06e-05	yes	0.944	yes (PP.H4>=0.8)	no	no	not tested	not an approved target	Moderate	4.048	4	Prioritized causal target (transcript-level)	Causal-only (PIRS not trained)	Replace / decoy-receptor or agonist (protective, soluble)	Prioritized target (transcript-level)	Panel E (novelty-priority map)	Protein-level pQTL-MR + coloc in an independent plasma pQTL panel (UKB-PPP/deCODE); then over-expression/supplementation in relevant primary cells	Prioritize: obtain plasma pQTL to upgrade to protein-level
133	Otitis externa	Other	Interleukin-18 receptor accessory protein	IL18RAP	CD markers, Enzymes, Predicted intracellular proteins, Predicted membrane proteins	Cytokine/Interleukin	High (soluble receptor / shed)	NA (train PIRS)	NA	NA (train PIRS)	NA (train PIRS)	NA (train PIRS)	NA (train PIRS)	0.923	3.77e-02	yes	0.907	yes (PP.H4>=0.8)	no	no	not tested	not an approved target	Low-moderate	4.025	4	Prioritized causal target (transcript-level)	Causal-only (PIRS not trained)	Replace / decoy-receptor or agonist (protective, soluble)	Prioritized target (transcript-level)	Panel E (novelty-priority map)	Protein-level pQTL-MR + coloc in an independent plasma pQTL panel (UKB-PPP/deCODE); then over-expression/supplementation in relevant primary cells	Prioritize: obtain plasma pQTL to upgrade to protein-level
134	Coeliac disease	Gastrointestinal	Hepatitis A virus cellular receptor 1	HAVCR1	CD markers, Predicted membrane proteins	Immune-cell-enriched	High (soluble receptor / shed)	NA (train PIRS)	NA	NA (train PIRS)	NA (train PIRS)	NA (train PIRS)	NA (train PIRS)	2.414	4.58e-02	yes	0.912	yes (PP.H4>=0.8)	yes (concordant, protein-level)	yes	not covered	not an approved target	Low-moderate	4.014	4	Prioritized causal target (transcript-level)	Causal-only (PIRS not trained)	Block (antagonist / neutralizing antibody / small molecule)	Therapeutic target (protein-level)	Panel E (novelty-priority map)	Protein-level pQTL-MR + coloc in an independent plasma pQTL panel (UKB-PPP/deCODE); then neutralization/knockdown in relevant primary cells	Prioritize: obtain plasma pQTL to upgrade to protein-level
135	Gonarthrosis, primary, with knee surgery	Musculoskeletal	Complement factor H	CFH	Cancer-related genes, Disease related genes, Human disease related genes, Plasma proteins, Predicted intracellular proteins, Predicted secreted proteins	Complement/Coagulation	High (secreted to blood)	NA (train PIRS)	NA	NA (train PIRS)	NA (train PIRS)	NA (train PIRS)	NA (train PIRS)	1.485	3.29e-02	yes	0.881	yes (PP.H4>=0.8)	yes (concordant, protein-level)	yes	not tested	not an approved target	Low-moderate	4.011	4	Prioritized causal target (transcript-level)	Causal-only (PIRS not trained)	Block (antagonist / neutralizing antibody / small molecule)	Therapeutic target (protein-level)	Panel E (novelty-priority map)	Protein-level pQTL-MR + coloc in an independent plasma pQTL panel (UKB-PPP/deCODE); then neutralization/knockdown in relevant primary cells	Prioritize: obtain plasma pQTL to upgrade to protein-level
136	Unspecific neurodegenerative disorder	Neurological/Psychiatric	Paired immunoglobulin-like type 2 receptor alpha	PILRA	Predicted membrane proteins, Predicted secreted proteins	Immune-cell-enriched	High (secreted to blood)	NA (train PIRS)	NA	NA (train PIRS)	NA (train PIRS)	NA (train PIRS)	NA (train PIRS)	1.848	2.46e-03	yes	0.819	yes (PP.H4>=0.8)	no	no	not tested	not an approved target	Moderate	4.008	4	Prioritized causal target (transcript-level)	Causal-only (PIRS not trained)	Block (antagonist / neutralizing antibody / small molecule)	Prioritized target (transcript-level)	Panel E (novelty-priority map)	Protein-level pQTL-MR + coloc in an independent plasma pQTL panel (UKB-PPP/deCODE); then neutralization/knockdown in relevant primary cells	Prioritize: obtain plasma pQTL to upgrade to protein-level
137	Degenerative macular diseases	Ophthalmological	Complement factor H	CFH	Cancer-related genes, Disease related genes, Human disease related genes, Plasma proteins, Predicted intracellular proteins, Predicted secreted proteins	Complement/Coagulation	High (secreted to blood)	NA (train PIRS)	NA	NA (train PIRS)	NA (train PIRS)	NA (train PIRS)	NA (train PIRS)	0.394	1.61e-02	yes	0.803	yes (PP.H4>=0.8)	yes (concordant, protein-level)	yes	not tested	not an approved target	Low-moderate	3.995	4	Prioritized causal target (transcript-level)	Causal-only (PIRS not trained)	Agonize / recombinant-protein replacement (protective, secreted)	Therapeutic target (protein-level)	Panel E (novelty-priority map)	Protein-level pQTL-MR + coloc in an independent plasma pQTL panel (UKB-PPP/deCODE); then over-expression/supplementation in relevant primary cells	Prioritize: obtain plasma pQTL to upgrade to protein-level
138	Atherosclerosis, excluding cerebral and coronary sclerosis	Cardiovascular	Urokinase-type plasminogen activator	PLAU	Cancer-related genes, Disease related genes, Enzymes, Plasma proteins, Potential drug targets, Predicted intracellular proteins, Predicted secreted proteins	Immune-cell-enriched	High (secreted to blood)	NA (train PIRS)	NA	NA (train PIRS)	NA (train PIRS)	NA (train PIRS)	NA (train PIRS)	1.298	4.83e-04	yes	0.976	yes (PP.H4>=0.8)	no	no	not tested	not an approved target	Low-moderate	3.973	4	Prioritized causal target (transcript-level)	Causal-only (PIRS not trained)	Block (antagonist / neutralizing antibody / small molecule)	Prioritized target (transcript-level)	Panel E (novelty-priority map)	Protein-level pQTL-MR + coloc in an independent plasma pQTL panel (UKB-PPP/deCODE); then neutralization/knockdown in relevant primary cells	Prioritize: obtain plasma pQTL to upgrade to protein-level
139	Antihypertensive medication - note that there are other indications	Medication/Other	Nodal modulator 1	NOMO1	Plasma proteins, Predicted intracellular proteins, Predicted membrane proteins	Immune-cell-enriched	Measured (Olink Explore panel)	NA (train PIRS)	NA	NA (train PIRS)	NA (train PIRS)	NA (train PIRS)	NA (train PIRS)	1.084	5.08e-04	yes	0.97	yes (PP.H4>=0.8)	no	no	not tested	not an approved target	Low-moderate	3.962	4	Prioritized causal target (transcript-level)	Causal-only (PIRS not trained)	Block (antagonist / neutralizing antibody / small molecule)	Prioritized target (transcript-level)	Panel E (novelty-priority map)	Protein-level pQTL-MR + coloc in an independent plasma pQTL panel (UKB-PPP/deCODE); then neutralization/knockdown in relevant primary cells	Prioritize: obtain plasma pQTL to upgrade to protein-level
140	Familial hypercholesterolemia	Metabolic/Endocrine	Proline/serine-rich coiled-coil protein 1	PSRC1	Predicted intracellular proteins	Immune-cell-enriched	Measured (Olink Explore panel)	NA (train PIRS)	NA	NA (train PIRS)	NA (train PIRS)	NA (train PIRS)	NA (train PIRS)	0.731	6.53e-08	yes	0.995	yes (PP.H4>=0.8)	no	no	not tested	not an approved target	Uncertain	3.932	4	Prioritized causal target (transcript-level)	Causal-only (PIRS not trained)	Agonize (protective; intracellular route caution)	Prioritized target (transcript-level)	Panel E (novelty-priority map)	Protein-level pQTL-MR + coloc in an independent plasma pQTL panel (UKB-PPP/deCODE); then over-expression/supplementation in relevant primary cells	Prioritize: obtain plasma pQTL to upgrade to protein-level
141	Mixed hyperlipidaemia	Metabolic/Endocrine	Proline/serine-rich coiled-coil protein 1	PSRC1	Predicted intracellular proteins	Immune-cell-enriched	Measured (Olink Explore panel)	NA (train PIRS)	NA	NA (train PIRS)	NA (train PIRS)	NA (train PIRS)	NA (train PIRS)	0.519	9.57e-08	yes	0.997	yes (PP.H4>=0.8)	no	no	not tested	not an approved target	Uncertain	3.901	4	Prioritized causal target (transcript-level)	Causal-only (PIRS not trained)	Agonize (protective; intracellular route caution)	Prioritized target (transcript-level)	Panel E (novelty-priority map)	Protein-level pQTL-MR + coloc in an independent plasma pQTL panel (UKB-PPP/deCODE); then over-expression/supplementation in relevant primary cells	Prioritize: obtain plasma pQTL to upgrade to protein-level
142	Calcific aortic valvular stenosis, operated	Cardiovascular	Tyrosine-protein kinase Fes/Fps	FES	Cancer-related genes, Disease related genes, Enzymes, Potential drug targets, Predicted intracellular proteins	Immune-cell-enriched	Measured (Olink Explore panel)	NA (train PIRS)	NA	NA (train PIRS)	NA (train PIRS)	NA (train PIRS)	NA (train PIRS)	0.847	1.06e-02	yes	0.993	yes (PP.H4>=0.8)	no	no	not tested	not an approved target	Uncertain	3.888	4	Prioritized causal target (transcript-level)	Causal-only (PIRS not trained)	Agonize (protective; intracellular route caution)	Prioritized target (transcript-level)	Panel E (novelty-priority map)	Protein-level pQTL-MR + coloc in an independent plasma pQTL panel (UKB-PPP/deCODE); then over-expression/supplementation in relevant primary cells	Prioritize: obtain plasma pQTL to upgrade to protein-level
143	Hypertension	Cardiovascular	Interferon gamma receptor 2	IFNGR2	Disease related genes, FDA approved drug targets, Human disease related genes, Predicted membrane proteins	Interferon axis	High (soluble receptor / shed)	NA (train PIRS)	NA	NA (train PIRS)	NA (train PIRS)	NA (train PIRS)	NA (train PIRS)	1.066	3.54e-05	yes	0.985	yes (PP.H4>=0.8)	no	no	not tested	not an approved target	High (FDA-precedented class, tractable)	3.875	4	Prioritized causal target (transcript-level)	Causal-only (PIRS not trained)	Block (antagonist / neutralizing antibody / small molecule)	Prioritized target (transcript-level)	Panel E (novelty-priority map)	Protein-level pQTL-MR + coloc in an independent plasma pQTL panel (UKB-PPP/deCODE); then neutralization/knockdown in relevant primary cells	Prioritize: obtain plasma pQTL to upgrade to protein-level
144	COPD	Respiratory	Paired immunoglobulin-like type 2 receptor alpha	PILRA	Predicted membrane proteins, Predicted secreted proteins	Immune-cell-enriched	High (secreted to blood)	NA (train PIRS)	NA	NA (train PIRS)	NA (train PIRS)	NA (train PIRS)	NA (train PIRS)	0.631	3.76e-02	yes	0.909	yes (PP.H4>=0.8)	no	no	not tested	not an approved target	Moderate	3.86	4	Prioritized causal target (transcript-level)	Causal-only (PIRS not trained)	Replace / decoy-receptor or agonist (protective, soluble)	Prioritized target (transcript-level)	Panel E (novelty-priority map)	Protein-level pQTL-MR + coloc in an independent plasma pQTL panel (UKB-PPP/deCODE); then over-expression/supplementation in relevant primary cells	Prioritize: obtain plasma pQTL to upgrade to protein-level
145	Dorsopathies	Musculoskeletal	B-cell antigen receptor complex-associated protein beta chain	CD79B	Cancer-related genes, CD markers, Disease related genes, FDA approved drug targets, Human disease related genes, Predicted membrane proteins	Ig/B-cell/Fc	High (soluble receptor / shed)	NA (train PIRS)	NA	NA (train PIRS)	NA (train PIRS)	NA (train PIRS)	NA (train PIRS)	0.822	1.03e-02	yes	0.96	yes (PP.H4>=0.8)	no	no	not tested	not an approved target	High (FDA-precedented class, tractable)	3.858	4	Prioritized causal target (transcript-level)	Causal-only (PIRS not trained)	Replace / decoy-receptor or agonist (protective, soluble)	Prioritized target (transcript-level)	Panel E (novelty-priority map)	Protein-level pQTL-MR + coloc in an independent plasma pQTL panel (UKB-PPP/deCODE); then over-expression/supplementation in relevant primary cells	Prioritize: obtain plasma pQTL to upgrade to protein-level
146	Statin medication	Cardiovascular	Paired immunoglobulin-like type 2 receptor alpha	PILRA	Predicted membrane proteins, Predicted secreted proteins	Immune-cell-enriched	High (secreted to blood)	NA (train PIRS)	NA	NA (train PIRS)	NA (train PIRS)	NA (train PIRS)	NA (train PIRS)	0.785	1.95e-02	yes	0.838	yes (PP.H4>=0.8)	no	no	not tested	not an approved target	Moderate	3.847	4	Prioritized causal target (transcript-level)	Causal-only (PIRS not trained)	Replace / decoy-receptor or agonist (protective, soluble)	Prioritized target (transcript-level)	Panel E (novelty-priority map)	Protein-level pQTL-MR + coloc in an independent plasma pQTL panel (UKB-PPP/deCODE); then over-expression/supplementation in relevant primary cells	Prioritize: obtain plasma pQTL to upgrade to protein-level
147	Appendectomy	Gastrointestinal	Tumor necrosis factor receptor superfamily member 3	LTBR	Cancer-related genes, Plasma proteins, Predicted intracellular proteins, Predicted membrane proteins	Cytokine/Interleukin	High (soluble receptor / shed)	NA (train PIRS)	NA	NA (train PIRS)	NA (train PIRS)	NA (train PIRS)	NA (train PIRS)	0.853	1.82e-03	yes	0.965	yes (PP.H4>=0.8)	no	no	not tested	not an approved target	Low-moderate	3.846	4	Prioritized causal target (transcript-level)	Causal-only (PIRS not trained)	Replace / decoy-receptor or agonist (protective, soluble)	Prioritized target (transcript-level)	Panel E (novelty-priority map)	Protein-level pQTL-MR + coloc in an independent plasma pQTL panel (UKB-PPP/deCODE); then over-expression/supplementation in relevant primary cells	Prioritize: obtain plasma pQTL to upgrade to protein-level
148	Inflammatory bowel disease, strict (require KELA)	Gastrointestinal	Urokinase-type plasminogen activator	PLAU	Cancer-related genes, Disease related genes, Enzymes, Plasma proteins, Potential drug targets, Predicted intracellular proteins, Predicted secreted proteins	Immune-cell-enriched	High (secreted to blood)	NA (train PIRS)	NA	NA (train PIRS)	NA (train PIRS)	NA (train PIRS)	NA (train PIRS)	0.726	1.86e-03	yes	0.941	yes (PP.H4>=0.8)	no	no	not tested	not an approved target	Low-moderate	3.82	4	Prioritized causal target (transcript-level)	Causal-only (PIRS not trained)	Agonize / recombinant-protein replacement (protective, secreted)	Prioritized target (transcript-level)	Panel E (novelty-priority map)	Protein-level pQTL-MR + coloc in an independent plasma pQTL panel (UKB-PPP/deCODE); then over-expression/supplementation in relevant primary cells	Prioritize: obtain plasma pQTL to upgrade to protein-level
149	Asthma-related infections	Respiratory	CD70 antigen	CD70	Cancer-related genes, CD markers, Disease related genes, Human disease related genes, Predicted intracellular proteins, Predicted membrane proteins	CD/Leukocyte surface	Measured (Olink Explore panel)	NA (train PIRS)	NA	NA (train PIRS)	NA (train PIRS)	NA (train PIRS)	NA (train PIRS)	0.658	4.49e-03	yes	0.995	yes (PP.H4>=0.8)	yes (concordant, protein-level)	yes	not tested	not an approved target	Low-moderate	3.798	4	Prioritized causal target (transcript-level)	Causal-only (PIRS not trained)	Agonize (protective; intracellular route caution)	Therapeutic target (protein-level)	Panel E (novelty-priority map)	Protein-level pQTL-MR + coloc in an independent plasma pQTL panel (UKB-PPP/deCODE); then over-expression/supplementation in relevant primary cells	Prioritize: obtain plasma pQTL to upgrade to protein-level
150	COPD-related respiratory insufficiency	Respiratory	Paired immunoglobulin-like type 2 receptor alpha	PILRA	Predicted membrane proteins, Predicted secreted proteins	Immune-cell-enriched	High (secreted to blood)	NA (train PIRS)	NA	NA (train PIRS)	NA (train PIRS)	NA (train PIRS)	NA (train PIRS)	0.365	3.18e-02	yes	0.831	yes (PP.H4>=0.8)	no	no	not tested	not an approved target	Moderate	3.797	4	Prioritized causal target (transcript-level)	Causal-only (PIRS not trained)	Replace / decoy-receptor or agonist (protective, soluble)	Prioritized target (transcript-level)	Panel E (novelty-priority map)	Protein-level pQTL-MR + coloc in an independent plasma pQTL panel (UKB-PPP/deCODE); then over-expression/supplementation in relevant primary cells	Prioritize: obtain plasma pQTL to upgrade to protein-level
151	Other disorders of eyelid	Ophthalmological	Tumor necrosis factor ligand superfamily member 12	TNFSF12	Predicted intracellular proteins, Predicted secreted proteins	TNF superfamily	High (secreted to blood)	NA (train PIRS)	NA	NA (train PIRS)	NA (train PIRS)	NA (train PIRS)	NA (train PIRS)	1.113	1.22e-03	yes	0.879	yes (PP.H4>=0.8)	yes (concordant, protein-level)	yes	not tested	not an approved target	Low-moderate	3.795	4	Prioritized causal target (transcript-level)	Causal-only (PIRS not trained)	Block (antagonist / neutralizing antibody / small molecule)	Therapeutic target (protein-level)	Panel E (novelty-priority map)	Protein-level pQTL-MR + coloc in an independent plasma pQTL panel (UKB-PPP/deCODE); then neutralization/knockdown in relevant primary cells	Prioritize: obtain plasma pQTL to upgrade to protein-level
152	Asthma-related acute respiratory infections	Respiratory	CD70 antigen	CD70	Cancer-related genes, CD markers, Disease related genes, Human disease related genes, Predicted intracellular proteins, Predicted membrane proteins	CD/Leukocyte surface	Measured (Olink Explore panel)	NA (train PIRS)	NA	NA (train PIRS)	NA (train PIRS)	NA (train PIRS)	NA (train PIRS)	0.617	4.68e-03	yes	0.996	yes (PP.H4>=0.8)	yes (concordant, protein-level)	yes	not tested	not an approved target	Low-moderate	3.795	4	Prioritized causal target (transcript-level)	Causal-only (PIRS not trained)	Agonize (protective; intracellular route caution)	Therapeutic target (protein-level)	Panel E (novelty-priority map)	Protein-level pQTL-MR + coloc in an independent plasma pQTL panel (UKB-PPP/deCODE); then over-expression/supplementation in relevant primary cells	Prioritize: obtain plasma pQTL to upgrade to protein-level
153	Benign neoplasm: Stomach	Neoplasm	Ephrin-A1	EFNA1	Cancer-related genes, Predicted secreted proteins, RAS pathway related proteins	Immune-cell-enriched	High (secreted to blood)	NA (train PIRS)	NA	NA (train PIRS)	NA (train PIRS)	NA (train PIRS)	NA (train PIRS)	6.811	6.09e-03	yes	0.987	yes (PP.H4>=0.8)	no	no	not tested	not an approved target	Low-moderate	3.764	4	Prioritized causal target (transcript-level)	Causal-only (PIRS not trained)	Block (antagonist / neutralizing antibody / small molecule)	Prioritized target (transcript-level)	Panel E (novelty-priority map)	Protein-level pQTL-MR + coloc in an independent plasma pQTL panel (UKB-PPP/deCODE); then neutralization/knockdown in relevant primary cells	Prioritize: obtain plasma pQTL to upgrade to protein-level
154	Acute tubulo-interstitial nephritis	Renal/Genitourinary	Toll-like receptor 1	TLR1	CD markers, Predicted intracellular proteins, Predicted membrane proteins, Transporters	Immune-cell-enriched	High (soluble receptor / shed)	NA (train PIRS)	NA	NA (train PIRS)	NA (train PIRS)	NA (train PIRS)	NA (train PIRS)	1.117	6.71e-03	yes	0.996	yes (PP.H4>=0.8)	no	no	not tested	not an approved target	Low-moderate	3.763	4	Prioritized causal target (transcript-level)	Causal-only (PIRS not trained)	Block (antagonist / neutralizing antibody / small molecule)	Prioritized target (transcript-level)	Panel E (novelty-priority map)	Protein-level pQTL-MR + coloc in an independent plasma pQTL panel (UKB-PPP/deCODE); then neutralization/knockdown in relevant primary cells	Prioritize: obtain plasma pQTL to upgrade to protein-level
155	Suppurative and unspecified otitis media	Other	Tumor necrosis factor receptor superfamily member 3	LTBR	Cancer-related genes, Plasma proteins, Predicted intracellular proteins, Predicted membrane proteins	Cytokine/Interleukin	High (soluble receptor / shed)	NA (train PIRS)	NA	NA (train PIRS)	NA (train PIRS)	NA (train PIRS)	NA (train PIRS)	1.216	6.25e-03	yes	0.981	yes (PP.H4>=0.8)	no	no	not tested	not an approved target	Low-moderate	3.756	4	Prioritized causal target (transcript-level)	Causal-only (PIRS not trained)	Block (antagonist / neutralizing antibody / small molecule)	Prioritized target (transcript-level)	Panel E (novelty-priority map)	Protein-level pQTL-MR + coloc in an independent plasma pQTL panel (UKB-PPP/deCODE); then neutralization/knockdown in relevant primary cells	Prioritize: obtain plasma pQTL to upgrade to protein-level
156	Thyrotoxicosis	Gastrointestinal	Fc receptor-like protein 3	FCRL3	CD markers, Disease related genes, Predicted intracellular proteins, Predicted membrane proteins	Ig/B-cell/Fc	High (soluble receptor / shed)	NA (train PIRS)	NA	NA (train PIRS)	NA (train PIRS)	NA (train PIRS)	NA (train PIRS)	1.098	3.23e-03	yes	0.924	yes (PP.H4>=0.8)	yes (concordant, protein-level)	yes	not tested	not an approved target	Low-moderate	3.755	4	Prioritized causal target (transcript-level)	Causal-only (PIRS not trained)	Block (antagonist / neutralizing antibody / small molecule)	Therapeutic target (protein-level)	Panel E (novelty-priority map)	Protein-level pQTL-MR + coloc in an independent plasma pQTL panel (UKB-PPP/deCODE); then neutralization/knockdown in relevant primary cells	Prioritize: obtain plasma pQTL to upgrade to protein-level
157	Familial hypercholesterolemia, with ischemic heart disease	Metabolic/Endocrine	Proline/serine-rich coiled-coil protein 1	PSRC1	Predicted intracellular proteins	Immune-cell-enriched	Measured (Olink Explore panel)	NA (train PIRS)	NA	NA (train PIRS)	NA (train PIRS)	NA (train PIRS)	NA (train PIRS)	0.662	6.16e-07	yes	0.994	yes (PP.H4>=0.8)	no	no	not tested	not an approved target	Uncertain	3.736	4	Prioritized causal target (transcript-level)	Causal-only (PIRS not trained)	Agonize (protective; intracellular route caution)	Prioritized target (transcript-level)	Panel E (novelty-priority map)	Protein-level pQTL-MR + coloc in an independent plasma pQTL panel (UKB-PPP/deCODE); then over-expression/supplementation in relevant primary cells	Prioritize: obtain plasma pQTL to upgrade to protein-level
158	Hypothyroidism, strict autoimmune	Metabolic/Endocrine	Carbonic anhydrase-related protein	CA8	Cancer-related genes, Disease related genes, Human disease related genes, Predicted intracellular proteins	Immune-cell-enriched	Measured (Olink Explore panel)	NA (train PIRS)	NA	NA (train PIRS)	NA (train PIRS)	NA (train PIRS)	NA (train PIRS)	0.782	3.09e-07	yes	0.928	yes (PP.H4>=0.8)	no	no	not tested	not an approved target	Uncertain	3.731	4	Prioritized causal target (transcript-level)	Causal-only (PIRS not trained)	Agonize (protective; intracellular route caution)	Prioritized target (transcript-level)	Panel E (novelty-priority map)	Protein-level pQTL-MR + coloc in an independent plasma pQTL panel (UKB-PPP/deCODE); then over-expression/supplementation in relevant primary cells	Prioritize: obtain plasma pQTL to upgrade to protein-level
159	Bipolar affective disorders	Neurological/Psychiatric	Phosphoinositide-3-kinase-interacting protein 1	PIK3IP1	Plasma proteins, Predicted intracellular proteins, Predicted membrane proteins	Immune-cell-enriched	Measured (Olink Explore panel)	NA (train PIRS)	NA	NA (train PIRS)	NA (train PIRS)	NA (train PIRS)	NA (train PIRS)	0.85	6.35e-03	yes	0.936	yes (PP.H4>=0.8)	no	no	not tested	not an approved target	Low-moderate	3.709	4	Prioritized causal target (transcript-level)	Causal-only (PIRS not trained)	Agonize (protective; intracellular route caution)	Prioritized target (transcript-level)	Panel E (novelty-priority map)	Protein-level pQTL-MR + coloc in an independent plasma pQTL panel (UKB-PPP/deCODE); then over-expression/supplementation in relevant primary cells	Prioritize: obtain plasma pQTL to upgrade to protein-level
160	Diabetes, insulin treatment (Kela reimbursement) (more control exclusions)	Metabolic/Endocrine	Nodal modulator 1	NOMO1	Plasma proteins, Predicted intracellular proteins, Predicted membrane proteins	Immune-cell-enriched	Measured (Olink Explore panel)	NA (train PIRS)	NA	NA (train PIRS)	NA (train PIRS)	NA (train PIRS)	NA (train PIRS)	1.096	4.42e-03	yes	0.902	yes (PP.H4>=0.8)	no	no	not tested	not an approved target	Low-moderate	3.707	4	Prioritized causal target (transcript-level)	Causal-only (PIRS not trained)	Block (antagonist / neutralizing antibody / small molecule)	Prioritized target (transcript-level)	Panel E (novelty-priority map)	Protein-level pQTL-MR + coloc in an independent plasma pQTL panel (UKB-PPP/deCODE); then neutralization/knockdown in relevant primary cells	Prioritize: obtain plasma pQTL to upgrade to protein-level
161	Other hammer toe(s) (acquired)	Musculoskeletal	Transforming growth factor beta-2 proprotein	TGFB2	Cancer-related genes, Disease related genes, Human disease related genes, Predicted secreted proteins	Cytokine/Interleukin	High (secreted to blood)	NA (train PIRS)	NA	NA (train PIRS)	NA (train PIRS)	NA (train PIRS)	NA (train PIRS)	4.042	9.42e-03	yes	0.967	yes (PP.H4>=0.8)	yes (concordant, protein-level)	yes	not tested	not an approved target	Low-moderate	3.706	4	Prioritized causal target (transcript-level)	Causal-only (PIRS not trained)	Block (antagonist / neutralizing antibody / small molecule)	Therapeutic target (protein-level)	Panel E (novelty-priority map)	Protein-level pQTL-MR + coloc in an independent plasma pQTL panel (UKB-PPP/deCODE); then neutralization/knockdown in relevant primary cells	Prioritize: obtain plasma pQTL to upgrade to protein-level
162	Obesity related asthma	Respiratory	Plasma protease C1 inhibitor	SERPING1	Candidate cardiovascular disease genes, Disease related genes, Human disease related genes, Plasma proteins, Predicted intracellular proteins, Predicted secreted proteins	Complement/Coagulation	High (secreted to blood)	NA (train PIRS)	NA	NA (train PIRS)	NA (train PIRS)	NA (train PIRS)	NA (train PIRS)	1.235	4.45e-03	yes	0.901	yes (PP.H4>=0.8)	no	no	not tested	not an approved target	Low-moderate	3.704	4	Prioritized causal target (transcript-level)	Causal-only (PIRS not trained)	Block (antagonist / neutralizing antibody / small molecule)	Prioritized target (transcript-level)	Panel E (novelty-priority map)	Protein-level pQTL-MR + coloc in an independent plasma pQTL panel (UKB-PPP/deCODE); then neutralization/knockdown in relevant primary cells	Prioritize: obtain plasma pQTL to upgrade to protein-level
163	Asthma (more control exclusions)	Respiratory	CD70 antigen	CD70	Cancer-related genes, CD markers, Disease related genes, Human disease related genes, Predicted intracellular proteins, Predicted membrane proteins	CD/Leukocyte surface	Measured (Olink Explore panel)	NA (train PIRS)	NA	NA (train PIRS)	NA (train PIRS)	NA (train PIRS)	NA (train PIRS)	0.732	1.22e-02	yes	0.98	yes (PP.H4>=0.8)	yes (concordant, protein-level)	yes	replicated (FinnGen + UK Biobank)	not an approved target	Low-moderate	3.696	4	Prioritized causal target (transcript-level)	Causal-only (PIRS not trained)	Agonize (protective; intracellular route caution)	Therapeutic target (protein-level)	Panel E (novelty-priority map)	Protein-level pQTL-MR + coloc in an independent plasma pQTL panel (UKB-PPP/deCODE); then over-expression/supplementation in relevant primary cells	Prioritize: obtain plasma pQTL to upgrade to protein-level
164	Abdominal aortic aneurysm (AAA)	Cardiovascular	Urokinase-type plasminogen activator	PLAU	Cancer-related genes, Disease related genes, Enzymes, Plasma proteins, Potential drug targets, Predicted intracellular proteins, Predicted secreted proteins	Immune-cell-enriched	High (secreted to blood)	NA (train PIRS)	NA	NA (train PIRS)	NA (train PIRS)	NA (train PIRS)	NA (train PIRS)	1.57	1.54e-02	yes	0.983	yes (PP.H4>=0.8)	no	no	not tested	not an approved target	Low-moderate	3.679	4	Prioritized causal target (transcript-level)	Causal-only (PIRS not trained)	Block (antagonist / neutralizing antibody / small molecule)	Prioritized target (transcript-level)	Panel E (novelty-priority map)	Protein-level pQTL-MR + coloc in an independent plasma pQTL panel (UKB-PPP/deCODE); then neutralization/knockdown in relevant primary cells	Prioritize: obtain plasma pQTL to upgrade to protein-level
165	Nerve, nerve root and plexus disorders	Neurological/Psychiatric	Nodal modulator 1	NOMO1	Plasma proteins, Predicted intracellular proteins, Predicted membrane proteins	Immune-cell-enriched	Measured (Olink Explore panel)	NA (train PIRS)	NA	NA (train PIRS)	NA (train PIRS)	NA (train PIRS)	NA (train PIRS)	1.091	1.30e-02	yes	0.965	yes (PP.H4>=0.8)	no	no	not tested	not an approved target	Low-moderate	3.675	4	Prioritized causal target (transcript-level)	Causal-only (PIRS not trained)	Block (antagonist / neutralizing antibody / small molecule)	Prioritized target (transcript-level)	Panel E (novelty-priority map)	Protein-level pQTL-MR + coloc in an independent plasma pQTL panel (UKB-PPP/deCODE); then neutralization/knockdown in relevant primary cells	Prioritize: obtain plasma pQTL to upgrade to protein-level
166	Antihypertensive medication - note that there are other indications	Medication/Other	Ephrin-A1	EFNA1	Cancer-related genes, Predicted secreted proteins, RAS pathway related proteins	Immune-cell-enriched	High (secreted to blood)	NA (train PIRS)	NA	NA (train PIRS)	NA (train PIRS)	NA (train PIRS)	NA (train PIRS)	0.705	1.65e-02	yes	0.978	yes (PP.H4>=0.8)	no	no	not tested	not an approved target	Low-moderate	3.667	4	Prioritized causal target (transcript-level)	Causal-only (PIRS not trained)	Agonize / recombinant-protein replacement (protective, secreted)	Prioritized target (transcript-level)	Panel E (novelty-priority map)	Protein-level pQTL-MR + coloc in an independent plasma pQTL panel (UKB-PPP/deCODE); then over-expression/supplementation in relevant primary cells	Prioritize: obtain plasma pQTL to upgrade to protein-level
167	Coronary revascularization (ANGIO or CABG)	Cardiovascular	Urokinase plasminogen activator surface receptor	PLAUR	Cancer-related genes, CD markers, FDA approved drug targets, Predicted intracellular proteins, Predicted membrane proteins	Immune-cell-enriched	High (soluble receptor / shed)	NA (train PIRS)	NA	NA (train PIRS)	NA (train PIRS)	NA (train PIRS)	NA (train PIRS)	1.939	1.53e-06	yes	0.999	yes (PP.H4>=0.8)	no	no	not tested	not an approved target	High (FDA-precedented class, tractable)	3.662	4	Prioritized causal target (transcript-level)	Causal-only (PIRS not trained)	Block (antagonist / neutralizing antibody / small molecule)	Prioritized target (transcript-level)	Panel E (novelty-priority map)	Protein-level pQTL-MR + coloc in an independent plasma pQTL panel (UKB-PPP/deCODE); then neutralization/knockdown in relevant primary cells	Prioritize: obtain plasma pQTL to upgrade to protein-level
168	Sicca syndrome [Sjögren]	Musculoskeletal	Urokinase-type plasminogen activator	PLAU	Cancer-related genes, Disease related genes, Enzymes, Plasma proteins, Potential drug targets, Predicted intracellular proteins, Predicted secreted proteins	Immune-cell-enriched	High (secreted to blood)	NA (train PIRS)	NA	NA (train PIRS)	NA (train PIRS)	NA (train PIRS)	NA (train PIRS)	1.656	1.77e-02	yes	0.977	yes (PP.H4>=0.8)	no	no	not tested	not an approved target	Low-moderate	3.661	4	Prioritized causal target (transcript-level)	Causal-only (PIRS not trained)	Block (antagonist / neutralizing antibody / small molecule)	Prioritized target (transcript-level)	Panel E (novelty-priority map)	Protein-level pQTL-MR + coloc in an independent plasma pQTL panel (UKB-PPP/deCODE); then neutralization/knockdown in relevant primary cells	Prioritize: obtain plasma pQTL to upgrade to protein-level
169	STROKE	Metabolic/Endocrine	Tyrosine-protein kinase Fes/Fps	FES	Cancer-related genes, Disease related genes, Enzymes, Potential drug targets, Predicted intracellular proteins	Immune-cell-enriched	Measured (Olink Explore panel)	NA (train PIRS)	NA	NA (train PIRS)	NA (train PIRS)	NA (train PIRS)	NA (train PIRS)	0.918	3.63e-02	yes	0.872	yes (PP.H4>=0.8)	no	no	replicated (FinnGen + UK Biobank)	not an approved target	Uncertain	3.66	4	Prioritized causal target (transcript-level)	Causal-only (PIRS not trained)	Agonize (protective; intracellular route caution)	Prioritized target (transcript-level)	Panel E (novelty-priority map)	Protein-level pQTL-MR + coloc in an independent plasma pQTL panel (UKB-PPP/deCODE); then over-expression/supplementation in relevant primary cells	Prioritize: obtain plasma pQTL to upgrade to protein-level
170	Hernia	Gastrointestinal	Phosphoinositide-3-kinase-interacting protein 1	PIK3IP1	Plasma proteins, Predicted intracellular proteins, Predicted membrane proteins	Immune-cell-enriched	Measured (Olink Explore panel)	NA (train PIRS)	NA	NA (train PIRS)	NA (train PIRS)	NA (train PIRS)	NA (train PIRS)	0.944	1.28e-02	yes	0.947	yes (PP.H4>=0.8)	no	no	not tested	not an approved target	Low-moderate	3.659	4	Prioritized causal target (transcript-level)	Causal-only (PIRS not trained)	Agonize (protective; intracellular route caution)	Prioritized target (transcript-level)	Panel E (novelty-priority map)	Protein-level pQTL-MR + coloc in an independent plasma pQTL panel (UKB-PPP/deCODE); then over-expression/supplementation in relevant primary cells	Prioritize: obtain plasma pQTL to upgrade to protein-level
171	Non-Hodgkin lymphoma, all, excluding all cancers (controls excluding all cancers)	Neoplasm	CD70 antigen	CD70	Cancer-related genes, CD markers, Disease related genes, Human disease related genes, Predicted intracellular proteins, Predicted membrane proteins	CD/Leukocyte surface	Measured (Olink Explore panel)	NA (train PIRS)	NA	NA (train PIRS)	NA (train PIRS)	NA (train PIRS)	NA (train PIRS)	0.253	2.48e-07	yes	0.999	yes (PP.H4>=0.8)	no	no	not tested	not an approved target	Low-moderate	3.653	4	Prioritized causal target (transcript-level)	Causal-only (PIRS not trained)	Agonize (protective; intracellular route caution)	Prioritized target (transcript-level)	Panel E (novelty-priority map)	Protein-level pQTL-MR + coloc in an independent plasma pQTL panel (UKB-PPP/deCODE); then over-expression/supplementation in relevant primary cells	Prioritize: obtain plasma pQTL to upgrade to protein-level
172	Hyperplasia of prostate	Renal/Genitourinary	Cysteine-rich motor neuron 1 protein	CRIM1	Predicted intracellular proteins, Predicted membrane proteins, Transporters	Immune-cell-enriched	Measured (Olink Explore panel)	NA (train PIRS)	NA	NA (train PIRS)	NA (train PIRS)	NA (train PIRS)	NA (train PIRS)	0.768	1.21e-02	yes	0.925	yes (PP.H4>=0.8)	no	no	not tested	not an approved target	Low-moderate	3.642	4	Prioritized causal target (transcript-level)	Causal-only (PIRS not trained)	Agonize (protective; intracellular route caution)	Prioritized target (transcript-level)	Panel E (novelty-priority map)	Protein-level pQTL-MR + coloc in an independent plasma pQTL panel (UKB-PPP/deCODE); then over-expression/supplementation in relevant primary cells	Prioritize: obtain plasma pQTL to upgrade to protein-level
173	Varicose veins	Cardiovascular	Cysteine-rich motor neuron 1 protein	CRIM1	Predicted intracellular proteins, Predicted membrane proteins, Transporters	Immune-cell-enriched	Measured (Olink Explore panel)	NA (train PIRS)	NA	NA (train PIRS)	NA (train PIRS)	NA (train PIRS)	NA (train PIRS)	0.779	4.46e-03	yes	0.827	yes (PP.H4>=0.8)	no	no	not tested	not an approved target	Low-moderate	3.63	4	Prioritized causal target (transcript-level)	Causal-only (PIRS not trained)	Agonize (protective; intracellular route caution)	Prioritized target (transcript-level)	Panel E (novelty-priority map)	Protein-level pQTL-MR + coloc in an independent plasma pQTL panel (UKB-PPP/deCODE); then over-expression/supplementation in relevant primary cells	Prioritize: obtain plasma pQTL to upgrade to protein-level
174	Type 2 diabetes, definitions combined	Metabolic/Endocrine	Serine protease inhibitor Kazal-type 8	SPINK8	Predicted secreted proteins	Immune-cell-enriched	High (secreted to blood)	NA (train PIRS)	NA	NA (train PIRS)	NA (train PIRS)	NA (train PIRS)	NA (train PIRS)	0.834	8.25e-05	yes	0.974	yes (PP.H4>=0.8)	no	no	not tested	not an approved target	Low-moderate	3.625	4	Prioritized causal target (transcript-level)	Causal-only (PIRS not trained)	Agonize / recombinant-protein replacement (protective, secreted)	Prioritized target (transcript-level)	Panel E (novelty-priority map)	Protein-level pQTL-MR + coloc in an independent plasma pQTL panel (UKB-PPP/deCODE); then over-expression/supplementation in relevant primary cells	Prioritize: obtain plasma pQTL to upgrade to protein-level
175	Cholecystectomy	Gastrointestinal	Probable JmjC domain-containing histone demethylation protein 2C	JMJD1C	Predicted intracellular proteins	Immune-cell-enriched	Measured (Olink Explore panel)	NA (train PIRS)	NA	NA (train PIRS)	NA (train PIRS)	NA (train PIRS)	NA (train PIRS)	0.449	4.42e-04	yes	0.949	yes (PP.H4>=0.8)	no	no	not tested	not an approved target	Uncertain	3.62	4	Prioritized causal target (transcript-level)	Causal-only (PIRS not trained)	Agonize (protective; intracellular route caution)	Prioritized target (transcript-level)	Panel E (novelty-priority map)	Protein-level pQTL-MR + coloc in an independent plasma pQTL panel (UKB-PPP/deCODE); then over-expression/supplementation in relevant primary cells	Prioritize: obtain plasma pQTL to upgrade to protein-level
176	Thyrotoxicosis with diffuse goitre	Metabolic/Endocrine	Fc receptor-like protein 3	FCRL3	CD markers, Disease related genes, Predicted intracellular proteins, Predicted membrane proteins	Ig/B-cell/Fc	High (soluble receptor / shed)	NA (train PIRS)	NA	NA (train PIRS)	NA (train PIRS)	NA (train PIRS)	NA (train PIRS)	1.126	9.88e-03	yes	0.882	yes (PP.H4>=0.8)	yes (concordant, protein-level)	yes	not tested	not an approved target	Low-moderate	3.616	4	Prioritized causal target (transcript-level)	Causal-only (PIRS not trained)	Block (antagonist / neutralizing antibody / small molecule)	Therapeutic target (protein-level)	Panel E (novelty-priority map)	Protein-level pQTL-MR + coloc in an independent plasma pQTL panel (UKB-PPP/deCODE); then neutralization/knockdown in relevant primary cells	Prioritize: obtain plasma pQTL to upgrade to protein-level
177	Primary_lymphoid and hematopoietic malignant neoplasms (controls excluding all cancers)	Neoplasm	CD70 antigen	CD70	Cancer-related genes, CD markers, Disease related genes, Human disease related genes, Predicted intracellular proteins, Predicted membrane proteins	CD/Leukocyte surface	Measured (Olink Explore panel)	NA (train PIRS)	NA	NA (train PIRS)	NA (train PIRS)	NA (train PIRS)	NA (train PIRS)	0.37	4.33e-07	yes	0.999	yes (PP.H4>=0.8)	no	no	not tested	not an approved target	Low-moderate	3.605	4	Prioritized causal target (transcript-level)	Causal-only (PIRS not trained)	Agonize (protective; intracellular route caution)	Prioritized target (transcript-level)	Panel E (novelty-priority map)	Protein-level pQTL-MR + coloc in an independent plasma pQTL panel (UKB-PPP/deCODE); then over-expression/supplementation in relevant primary cells	Prioritize: obtain plasma pQTL to upgrade to protein-level
178	Asthma-related acute respiratory infections	Respiratory	Plasma protease C1 inhibitor	SERPING1	Candidate cardiovascular disease genes, Disease related genes, Human disease related genes, Plasma proteins, Predicted intracellular proteins, Predicted secreted proteins	Complement/Coagulation	High (secreted to blood)	NA (train PIRS)	NA	NA (train PIRS)	NA (train PIRS)	NA (train PIRS)	NA (train PIRS)	1.175	1.73e-02	yes	0.911	yes (PP.H4>=0.8)	no	no	not tested	not an approved target	Low-moderate	3.597	4	Prioritized causal target (transcript-level)	Causal-only (PIRS not trained)	Block (antagonist / neutralizing antibody / small molecule)	Prioritized target (transcript-level)	Panel E (novelty-priority map)	Protein-level pQTL-MR + coloc in an independent plasma pQTL panel (UKB-PPP/deCODE); then neutralization/knockdown in relevant primary cells	Prioritize: obtain plasma pQTL to upgrade to protein-level
179	Diseases of male genital organs	Renal/Genitourinary	Cysteine-rich motor neuron 1 protein	CRIM1	Predicted intracellular proteins, Predicted membrane proteins, Transporters	Immune-cell-enriched	Measured (Olink Explore panel)	NA (train PIRS)	NA	NA (train PIRS)	NA (train PIRS)	NA (train PIRS)	NA (train PIRS)	0.823	2.98e-02	yes	0.946	yes (PP.H4>=0.8)	no	no	not tested	not an approved target	Low-moderate	3.585	4	Prioritized causal target (transcript-level)	Causal-only (PIRS not trained)	Agonize (protective; intracellular route caution)	Prioritized target (transcript-level)	Panel E (novelty-priority map)	Protein-level pQTL-MR + coloc in an independent plasma pQTL panel (UKB-PPP/deCODE); then over-expression/supplementation in relevant primary cells	Prioritize: obtain plasma pQTL to upgrade to protein-level
180	Hypertension, essential	Cardiovascular	Interferon gamma receptor 2	IFNGR2	Disease related genes, FDA approved drug targets, Human disease related genes, Predicted membrane proteins	Interferon axis	High (soluble receptor / shed)	NA (train PIRS)	NA	NA (train PIRS)	NA (train PIRS)	NA (train PIRS)	NA (train PIRS)	1.062	1.02e-03	yes	0.984	yes (PP.H4>=0.8)	no	no	not tested	not an approved target	High (FDA-precedented class, tractable)	3.582	4	Prioritized causal target (transcript-level)	Causal-only (PIRS not trained)	Block (antagonist / neutralizing antibody / small molecule)	Prioritized target (transcript-level)	Panel E (novelty-priority map)	Protein-level pQTL-MR + coloc in an independent plasma pQTL panel (UKB-PPP/deCODE); then neutralization/knockdown in relevant primary cells	Prioritize: obtain plasma pQTL to upgrade to protein-level
181	Thyrotoxicosis	Gastrointestinal	Plasma protease C1 inhibitor	SERPING1	Candidate cardiovascular disease genes, Disease related genes, Human disease related genes, Plasma proteins, Predicted intracellular proteins, Predicted secreted proteins	Complement/Coagulation	High (secreted to blood)	NA (train PIRS)	NA	NA (train PIRS)	NA (train PIRS)	NA (train PIRS)	NA (train PIRS)	0.8	3.22e-02	yes	0.949	yes (PP.H4>=0.8)	no	no	not tested	not an approved target	Low-moderate	3.581	4	Prioritized causal target (transcript-level)	Causal-only (PIRS not trained)	Agonize / recombinant-protein replacement (protective, secreted)	Prioritized target (transcript-level)	Panel E (novelty-priority map)	Protein-level pQTL-MR + coloc in an independent plasma pQTL panel (UKB-PPP/deCODE); then over-expression/supplementation in relevant primary cells	Prioritize: obtain plasma pQTL to upgrade to protein-level
182	Alzheimer disease	Neurological/Psychiatric	Cysteine-rich motor neuron 1 protein	CRIM1	Predicted intracellular proteins, Predicted membrane proteins, Transporters	Immune-cell-enriched	Measured (Olink Explore panel)	NA (train PIRS)	NA	NA (train PIRS)	NA (train PIRS)	NA (train PIRS)	NA (train PIRS)	1.453	2.57e-02	yes	0.926	yes (PP.H4>=0.8)	no	no	not tested	not an approved target	Low-moderate	3.578	4	Prioritized causal target (transcript-level)	Causal-only (PIRS not trained)	Block (antagonist / neutralizing antibody / small molecule)	Prioritized target (transcript-level)	Panel E (novelty-priority map)	Protein-level pQTL-MR + coloc in an independent plasma pQTL panel (UKB-PPP/deCODE); then neutralization/knockdown in relevant primary cells	Prioritize: obtain plasma pQTL to upgrade to protein-level
183	Fracture of skull and facial bones	Other	Nodal modulator 1	NOMO1	Plasma proteins, Predicted intracellular proteins, Predicted membrane proteins	Immune-cell-enriched	Measured (Olink Explore panel)	NA (train PIRS)	NA	NA (train PIRS)	NA (train PIRS)	NA (train PIRS)	NA (train PIRS)	1.213	4.18e-02	yes	0.966	yes (PP.H4>=0.8)	no	no	not tested	not an approved target	Low-moderate	3.575	4	Prioritized causal target (transcript-level)	Causal-only (PIRS not trained)	Block (antagonist / neutralizing antibody / small molecule)	Prioritized target (transcript-level)	Panel E (novelty-priority map)	Protein-level pQTL-MR + coloc in an independent plasma pQTL panel (UKB-PPP/deCODE); then neutralization/knockdown in relevant primary cells	Prioritize: obtain plasma pQTL to upgrade to protein-level
184	Phlebitis and thrombophlebitis (not including DVT)	Cardiovascular	Cysteine-rich motor neuron 1 protein	CRIM1	Predicted intracellular proteins, Predicted membrane proteins, Transporters	Immune-cell-enriched	Measured (Olink Explore panel)	NA (train PIRS)	NA	NA (train PIRS)	NA (train PIRS)	NA (train PIRS)	NA (train PIRS)	0.667	3.40e-02	yes	0.941	yes (PP.H4>=0.8)	no	no	not tested	not an approved target	Low-moderate	3.569	4	Prioritized causal target (transcript-level)	Causal-only (PIRS not trained)	Agonize (protective; intracellular route caution)	Prioritized target (transcript-level)	Panel E (novelty-priority map)	Protein-level pQTL-MR + coloc in an independent plasma pQTL panel (UKB-PPP/deCODE); then over-expression/supplementation in relevant primary cells	Prioritize: obtain plasma pQTL to upgrade to protein-level
185	Acute appendicitis, no complications	Gastrointestinal	Urokinase-type plasminogen activator	PLAU	Cancer-related genes, Disease related genes, Enzymes, Plasma proteins, Potential drug targets, Predicted intracellular proteins, Predicted secreted proteins	Immune-cell-enriched	High (secreted to blood)	NA (train PIRS)	NA	NA (train PIRS)	NA (train PIRS)	NA (train PIRS)	NA (train PIRS)	1.179	3.96e-02	yes	0.955	yes (PP.H4>=0.8)	no	no	not tested	not an approved target	Low-moderate	3.569	4	Prioritized causal target (transcript-level)	Causal-only (PIRS not trained)	Block (antagonist / neutralizing antibody / small molecule)	Prioritized target (transcript-level)	Panel E (novelty-priority map)	Protein-level pQTL-MR + coloc in an independent plasma pQTL panel (UKB-PPP/deCODE); then neutralization/knockdown in relevant primary cells	Prioritize: obtain plasma pQTL to upgrade to protein-level
186	Hypertension	Cardiovascular	Tyrosine-protein kinase Mer	MERTK	Disease related genes, Enzymes, Human disease related genes, Plasma proteins, Potential drug targets, Predicted intracellular proteins, Predicted membrane proteins	Immune-cell-enriched	Measured (Olink Explore panel)	NA (train PIRS)	NA	NA (train PIRS)	NA (train PIRS)	NA (train PIRS)	NA (train PIRS)	1.062	4.90e-05	yes	0.872	yes (PP.H4>=0.8)	no	no	not tested	not an approved target	Low-moderate	3.567	4	Prioritized causal target (transcript-level)	Causal-only (PIRS not trained)	Block (antagonist / neutralizing antibody / small molecule)	Prioritized target (transcript-level)	Panel E (novelty-priority map)	Protein-level pQTL-MR + coloc in an independent plasma pQTL panel (UKB-PPP/deCODE); then neutralization/knockdown in relevant primary cells	Prioritize: obtain plasma pQTL to upgrade to protein-level
187	Nontoxic goitre/thyroid nodule	Metabolic/Endocrine	Plasma protease C1 inhibitor	SERPING1	Candidate cardiovascular disease genes, Disease related genes, Human disease related genes, Plasma proteins, Predicted intracellular proteins, Predicted secreted proteins	Complement/Coagulation	High (secreted to blood)	NA (train PIRS)	NA	NA (train PIRS)	NA (train PIRS)	NA (train PIRS)	NA (train PIRS)	0.811	3.22e-02	yes	0.917	yes (PP.H4>=0.8)	no	no	not tested	not an approved target	Low-moderate	3.549	4	Prioritized causal target (transcript-level)	Causal-only (PIRS not trained)	Agonize / recombinant-protein replacement (protective, secreted)	Prioritized target (transcript-level)	Panel E (novelty-priority map)	Protein-level pQTL-MR + coloc in an independent plasma pQTL panel (UKB-PPP/deCODE); then over-expression/supplementation in relevant primary cells	Prioritize: obtain plasma pQTL to upgrade to protein-level
188	Migraine, single triptan purchase ok & required. ICD-code if available is included	Neurological/Psychiatric	Urokinase-type plasminogen activator	PLAU	Cancer-related genes, Disease related genes, Enzymes, Plasma proteins, Potential drug targets, Predicted intracellular proteins, Predicted secreted proteins	Immune-cell-enriched	High (secreted to blood)	NA (train PIRS)	NA	NA (train PIRS)	NA (train PIRS)	NA (train PIRS)	NA (train PIRS)	1.138	4.61e-02	yes	0.931	yes (PP.H4>=0.8)	no	no	not tested	not an approved target	Low-moderate	3.532	4	Prioritized causal target (transcript-level)	Causal-only (PIRS not trained)	Block (antagonist / neutralizing antibody / small molecule)	Prioritized target (transcript-level)	Panel E (novelty-priority map)	Protein-level pQTL-MR + coloc in an independent plasma pQTL panel (UKB-PPP/deCODE); then neutralization/knockdown in relevant primary cells	Prioritize: obtain plasma pQTL to upgrade to protein-level
189	Coronary atherosclerosis	Cardiovascular	Phosphoinositide-3-kinase-interacting protein 1	PIK3IP1	Plasma proteins, Predicted intracellular proteins, Predicted membrane proteins	Immune-cell-enriched	Measured (Olink Explore panel)	NA (train PIRS)	NA	NA (train PIRS)	NA (train PIRS)	NA (train PIRS)	NA (train PIRS)	1.069	1.90e-02	yes	0.839	yes (PP.H4>=0.8)	no	no	not tested	not an approved target	Low-moderate	3.517	4	Prioritized causal target (transcript-level)	Causal-only (PIRS not trained)	Block (antagonist / neutralizing antibody / small molecule)	Prioritized target (transcript-level)	Panel E (novelty-priority map)	Protein-level pQTL-MR + coloc in an independent plasma pQTL panel (UKB-PPP/deCODE); then neutralization/knockdown in relevant primary cells	Prioritize: obtain plasma pQTL to upgrade to protein-level
190	Sleep apnoea, including avohilmo	Neurological/Psychiatric	Cysteine-rich motor neuron 1 protein	CRIM1	Predicted intracellular proteins, Predicted membrane proteins, Transporters	Immune-cell-enriched	Measured (Olink Explore panel)	NA (train PIRS)	NA	NA (train PIRS)	NA (train PIRS)	NA (train PIRS)	NA (train PIRS)	0.837	1.86e-02	yes	0.824	yes (PP.H4>=0.8)	no	no	not tested	not an approved target	Low-moderate	3.503	4	Prioritized causal target (transcript-level)	Causal-only (PIRS not trained)	Agonize (protective; intracellular route caution)	Prioritized target (transcript-level)	Panel E (novelty-priority map)	Protein-level pQTL-MR + coloc in an independent plasma pQTL panel (UKB-PPP/deCODE); then over-expression/supplementation in relevant primary cells	Prioritize: obtain plasma pQTL to upgrade to protein-level
191	Dermatitis	Dermatological	Interleukin-1 receptor-like 1	IL1RL1	Candidate cardiovascular disease genes, Enzymes, Plasma proteins, Predicted intracellular proteins, Predicted membrane proteins, Predicted secreted proteins	Cytokine/Interleukin	High (secreted to blood)	NA (train PIRS)	NA	NA (train PIRS)	NA (train PIRS)	NA (train PIRS)	NA (train PIRS)	0.83	9.52e-03	yes	0.93	yes (PP.H4>=0.8)	no	no	not tested	not an approved target	Moderate	3.5	4	Prioritized causal target (transcript-level)	Causal-only (PIRS not trained)	Replace / decoy-receptor or agonist (protective, soluble)	Prioritized target (transcript-level)	Panel E (novelty-priority map)	Protein-level pQTL-MR + coloc in an independent plasma pQTL panel (UKB-PPP/deCODE); then over-expression/supplementation in relevant primary cells	Prioritize: obtain plasma pQTL to upgrade to protein-level
192	Non-follicular lymphoma (controls excluding all cancers)	Neoplasm	CD70 antigen	CD70	Cancer-related genes, CD markers, Disease related genes, Human disease related genes, Predicted intracellular proteins, Predicted membrane proteins	CD/Leukocyte surface	Measured (Olink Explore panel)	NA (train PIRS)	NA	NA (train PIRS)	NA (train PIRS)	NA (train PIRS)	NA (train PIRS)	0.204	1.67e-06	yes	0.999	yes (PP.H4>=0.8)	no	no	not tested	not an approved target	Low-moderate	3.488	4	Prioritized causal target (transcript-level)	Causal-only (PIRS not trained)	Agonize (protective; intracellular route caution)	Prioritized target (transcript-level)	Panel E (novelty-priority map)	Protein-level pQTL-MR + coloc in an independent plasma pQTL panel (UKB-PPP/deCODE); then over-expression/supplementation in relevant primary cells	Prioritize: obtain plasma pQTL to upgrade to protein-level
193	Disorder of lipoprotein metabolism, unspecified	Metabolic/Endocrine	Proline/serine-rich coiled-coil protein 1	PSRC1	Predicted intracellular proteins	Immune-cell-enriched	Measured (Olink Explore panel)	NA (train PIRS)	NA	NA (train PIRS)	NA (train PIRS)	NA (train PIRS)	NA (train PIRS)	0.742	1.18e-05	yes	0.996	yes (PP.H4>=0.8)	no	no	not tested	not an approved target	Uncertain	3.481	4	Prioritized causal target (transcript-level)	Causal-only (PIRS not trained)	Agonize (protective; intracellular route caution)	Prioritized target (transcript-level)	Panel E (novelty-priority map)	Protein-level pQTL-MR + coloc in an independent plasma pQTL panel (UKB-PPP/deCODE); then over-expression/supplementation in relevant primary cells	Prioritize: obtain plasma pQTL to upgrade to protein-level
194	Hypertension, essential	Cardiovascular	Tyrosine-protein kinase Mer	MERTK	Disease related genes, Enzymes, Human disease related genes, Plasma proteins, Potential drug targets, Predicted intracellular proteins, Predicted membrane proteins	Immune-cell-enriched	Measured (Olink Explore panel)	NA (train PIRS)	NA	NA (train PIRS)	NA (train PIRS)	NA (train PIRS)	NA (train PIRS)	1.062	2.80e-04	yes	0.914	yes (PP.H4>=0.8)	no	no	not tested	not an approved target	Low-moderate	3.458	4	Prioritized causal target (transcript-level)	Causal-only (PIRS not trained)	Block (antagonist / neutralizing antibody / small molecule)	Prioritized target (transcript-level)	Panel E (novelty-priority map)	Protein-level pQTL-MR + coloc in an independent plasma pQTL panel (UKB-PPP/deCODE); then neutralization/knockdown in relevant primary cells	Prioritize: obtain plasma pQTL to upgrade to protein-level
195	Major coronary heart disease event	Cardiovascular	Urokinase plasminogen activator surface receptor	PLAUR	Cancer-related genes, CD markers, FDA approved drug targets, Predicted intracellular proteins, Predicted membrane proteins	Immune-cell-enriched	High (soluble receptor / shed)	NA (train PIRS)	NA	NA (train PIRS)	NA (train PIRS)	NA (train PIRS)	NA (train PIRS)	1.587	6.30e-06	yes	0.899	yes (PP.H4>=0.8)	no	no	replicated (FinnGen + UK Biobank)	not an approved target	High (FDA-precedented class, tractable)	3.439	4	Prioritized causal target (transcript-level)	Causal-only (PIRS not trained)	Block (antagonist / neutralizing antibody / small molecule)	Prioritized target (transcript-level)	Panel E (novelty-priority map)	Protein-level pQTL-MR + coloc in an independent plasma pQTL panel (UKB-PPP/deCODE); then neutralization/knockdown in relevant primary cells	Prioritize: obtain plasma pQTL to upgrade to protein-level
196	Sleep apnoea	Neurological/Psychiatric	Cysteine-rich motor neuron 1 protein	CRIM1	Predicted intracellular proteins, Predicted membrane proteins, Transporters	Immune-cell-enriched	Measured (Olink Explore panel)	NA (train PIRS)	NA	NA (train PIRS)	NA (train PIRS)	NA (train PIRS)	NA (train PIRS)	0.836	3.52e-02	yes	0.802	yes (PP.H4>=0.8)	no	no	not tested	not an approved target	Low-moderate	3.426	4	Prioritized causal target (transcript-level)	Causal-only (PIRS not trained)	Agonize (protective; intracellular route caution)	Prioritized target (transcript-level)	Panel E (novelty-priority map)	Protein-level pQTL-MR + coloc in an independent plasma pQTL panel (UKB-PPP/deCODE); then over-expression/supplementation in relevant primary cells	Prioritize: obtain plasma pQTL to upgrade to protein-level
197	Type1 diabetes, definitions combined, early onset	Metabolic/Endocrine	Pro-cathepsin H	CTSH	Cancer-related genes, Enzymes, Human disease related genes, Metabolic proteins, Plasma proteins, Predicted intracellular proteins	Immune-cell-enriched	Measured (Olink Explore panel)	NA (train PIRS)	NA	NA (train PIRS)	NA (train PIRS)	NA (train PIRS)	NA (train PIRS)	1.342	3.03e-05	yes	0.998	yes (PP.H4>=0.8)	yes (concordant, protein-level)	yes	not tested	not an approved target	Uncertain	3.402	4	Prioritized causal target (transcript-level)	Causal-only (PIRS not trained)	Block (antagonist / neutralizing antibody / small molecule)	Therapeutic target (protein-level)	Panel E (novelty-priority map)	Protein-level pQTL-MR + coloc in an independent plasma pQTL panel (UKB-PPP/deCODE); then neutralization/knockdown in relevant primary cells	Prioritize: obtain plasma pQTL to upgrade to protein-level
198	Angina pectoris	Cardiovascular	Urokinase plasminogen activator surface receptor	PLAUR	Cancer-related genes, CD markers, FDA approved drug targets, Predicted intracellular proteins, Predicted membrane proteins	Immune-cell-enriched	High (soluble receptor / shed)	NA (train PIRS)	NA	NA (train PIRS)	NA (train PIRS)	NA (train PIRS)	NA (train PIRS)	1.634	3.54e-05	yes	0.994	yes (PP.H4>=0.8)	no	no	not tested	not an approved target	High (FDA-precedented class, tractable)	3.384	4	Prioritized causal target (transcript-level)	Causal-only (PIRS not trained)	Block (antagonist / neutralizing antibody / small molecule)	Prioritized target (transcript-level)	Panel E (novelty-priority map)	Protein-level pQTL-MR + coloc in an independent plasma pQTL panel (UKB-PPP/deCODE); then neutralization/knockdown in relevant primary cells	Prioritize: obtain plasma pQTL to upgrade to protein-level
199	Psoriasis	Dermatological	Interferon gamma receptor 2	IFNGR2	Disease related genes, FDA approved drug targets, Human disease related genes, Predicted membrane proteins	Interferon axis	High (soluble receptor / shed)	NA (train PIRS)	NA	NA (train PIRS)	NA (train PIRS)	NA (train PIRS)	NA (train PIRS)	0.876	9.61e-03	yes	0.974	yes (PP.H4>=0.8)	no	no	replicated (FinnGen + UK Biobank)	not an approved target	High (FDA-precedented class, tractable)	3.377	4	Prioritized causal target (transcript-level)	Causal-only (PIRS not trained)	Replace / decoy-receptor or agonist (protective, soluble)	Prioritized target (transcript-level)	Panel E (novelty-priority map)	Protein-level pQTL-MR + coloc in an independent plasma pQTL panel (UKB-PPP/deCODE); then over-expression/supplementation in relevant primary cells	Prioritize: obtain plasma pQTL to upgrade to protein-level
200	Cardiovascular diseases (excluding rheumatic etc)	Cardiovascular	Interferon gamma receptor 2	IFNGR2	Disease related genes, FDA approved drug targets, Human disease related genes, Predicted membrane proteins	Interferon axis	High (soluble receptor / shed)	NA (train PIRS)	NA	NA (train PIRS)	NA (train PIRS)	NA (train PIRS)	NA (train PIRS)	1.051	9.78e-03	yes	0.974	yes (PP.H4>=0.8)	no	no	not tested	not an approved target	High (FDA-precedented class, tractable)	3.376	4	Prioritized causal target (transcript-level)	Causal-only (PIRS not trained)	Block (antagonist / neutralizing antibody / small molecule)	Prioritized target (transcript-level)	Panel E (novelty-priority map)	Protein-level pQTL-MR + coloc in an independent plasma pQTL panel (UKB-PPP/deCODE); then neutralization/knockdown in relevant primary cells	Prioritize: obtain plasma pQTL to upgrade to protein-level
201	Myocardial infarction, strict	Cardiovascular	Urokinase plasminogen activator surface receptor	PLAUR	Cancer-related genes, CD markers, FDA approved drug targets, Predicted intracellular proteins, Predicted membrane proteins	Immune-cell-enriched	High (soluble receptor / shed)	NA (train PIRS)	NA	NA (train PIRS)	NA (train PIRS)	NA (train PIRS)	NA (train PIRS)	1.767	3.65e-05	yes	0.987	yes (PP.H4>=0.8)	no	no	replicated (FinnGen + UK Biobank)	not an approved target	High (FDA-precedented class, tractable)	3.374	4	Prioritized causal target (transcript-level)	Causal-only (PIRS not trained)	Block (antagonist / neutralizing antibody / small molecule)	Prioritized target (transcript-level)	Panel E (novelty-priority map)	Protein-level pQTL-MR + coloc in an independent plasma pQTL panel (UKB-PPP/deCODE); then neutralization/knockdown in relevant primary cells	Prioritize: obtain plasma pQTL to upgrade to protein-level
202	Type 1 diabetes, definitions combined	Metabolic/Endocrine	T-cell surface antigen CD2	CD2	CD markers, FDA approved drug targets, Predicted intracellular proteins, Predicted membrane proteins	CD/Leukocyte surface	Measured (Olink Explore panel)	NA (train PIRS)	NA	NA (train PIRS)	NA (train PIRS)	NA (train PIRS)	NA (train PIRS)	4.076	1.78e-02	yes	0.979	yes (PP.H4>=0.8)	no	no	not tested	not an approved target	High (FDA-precedented class, tractable)	3.329	4	Prioritized causal target (transcript-level)	Causal-only (PIRS not trained)	Block (antagonist / neutralizing antibody / small molecule)	Prioritized target (transcript-level)	Panel E (novelty-priority map)	Protein-level pQTL-MR + coloc in an independent plasma pQTL panel (UKB-PPP/deCODE); then neutralization/knockdown in relevant primary cells	Prioritize: obtain plasma pQTL to upgrade to protein-level
203	Coronary artery bypass grafting	Cardiovascular	Scavenger receptor class B member 1	SCARB1	Metabolic proteins, Predicted intracellular proteins, Predicted membrane proteins, Transporters	Immune-cell-enriched	High (soluble receptor / shed)	NA (train PIRS)	NA	NA (train PIRS)	NA (train PIRS)	NA (train PIRS)	NA (train PIRS)	0.739	3.35e-08	yes	0.993	yes (PP.H4>=0.8)	no	no	not tested	not an approved target	Low-moderate	3.321	4	Prioritized causal target (transcript-level)	Causal-only (PIRS not trained)	Replace / decoy-receptor or agonist (protective, soluble)	Prioritized target (transcript-level)	Panel E (novelty-priority map)	Protein-level pQTL-MR + coloc in an independent plasma pQTL panel (UKB-PPP/deCODE); then over-expression/supplementation in relevant primary cells	Prioritize: obtain plasma pQTL to upgrade to protein-level
204	Intrahepatic Cholestasis of Pregnancy (ICP)  (more control exclusions)	Other	Probable JmjC domain-containing histone demethylation protein 2C	JMJD1C	Predicted intracellular proteins	Immune-cell-enriched	Measured (Olink Explore panel)	NA (train PIRS)	NA	NA (train PIRS)	NA (train PIRS)	NA (train PIRS)	NA (train PIRS)	0.079	3.02e-03	yes	0.806	yes (PP.H4>=0.8)	no	no	not tested	not an approved target	Uncertain	3.31	4	Prioritized causal target (transcript-level)	Causal-only (PIRS not trained)	Agonize (protective; intracellular route caution)	Prioritized target (transcript-level)	Panel E (novelty-priority map)	Protein-level pQTL-MR + coloc in an independent plasma pQTL panel (UKB-PPP/deCODE); then over-expression/supplementation in relevant primary cells	Prioritize: obtain plasma pQTL to upgrade to protein-level
205	Nasal polyp	Respiratory	Interleukin-2 receptor subunit beta	IL2RB	Cancer-related genes, CD markers, Disease related genes, FDA approved drug targets, Human disease related genes, Predicted membrane proteins, Transporters	Cytokine/Interleukin	High (soluble receptor / shed)	NA (train PIRS)	NA	NA (train PIRS)	NA (train PIRS)	NA (train PIRS)	NA (train PIRS)	3.888	2.65e-05	yes	0.888	yes (PP.H4>=0.8)	no	no	not tested	not an approved target	High (FDA-precedented class, tractable)	3.304	4	Prioritized causal target (transcript-level)	Causal-only (PIRS not trained)	Block (antagonist / neutralizing antibody / small molecule)	Prioritized target (transcript-level)	Panel E (novelty-priority map)	Protein-level pQTL-MR + coloc in an independent plasma pQTL panel (UKB-PPP/deCODE); then neutralization/knockdown in relevant primary cells	Prioritize: obtain plasma pQTL to upgrade to protein-level
206	Papulosquamous disorders	Dermatological	Interleukin-1 receptor-like 1	IL1RL1	Candidate cardiovascular disease genes, Enzymes, Plasma proteins, Predicted intracellular proteins, Predicted membrane proteins, Predicted secreted proteins	Cytokine/Interleukin	High (secreted to blood)	NA (train PIRS)	NA	NA (train PIRS)	NA (train PIRS)	NA (train PIRS)	NA (train PIRS)	0.804	4.13e-02	yes	0.831	yes (PP.H4>=0.8)	no	no	not tested	not an approved target	Moderate	3.275	4	Prioritized causal target (transcript-level)	Causal-only (PIRS not trained)	Replace / decoy-receptor or agonist (protective, soluble)	Prioritized target (transcript-level)	Panel E (novelty-priority map)	Protein-level pQTL-MR + coloc in an independent plasma pQTL panel (UKB-PPP/deCODE); then over-expression/supplementation in relevant primary cells	Prioritize: obtain plasma pQTL to upgrade to protein-level
207	Suggestive for eosinophilic asthma	Respiratory	Tyrosine-protein kinase receptor UFO	AXL	Disease related genes, Enzymes, FDA approved drug targets, Plasma proteins, Predicted membrane proteins	Immune-cell-enriched	High (soluble receptor / shed)	NA (train PIRS)	NA	NA (train PIRS)	NA (train PIRS)	NA (train PIRS)	NA (train PIRS)	2.755	8.27e-05	yes	0.952	yes (PP.H4>=0.8)	no	no	replicated (FinnGen + UK Biobank)	not an approved target	High (FDA-precedented class, tractable)	3.268	4	Prioritized causal target (transcript-level)	Causal-only (PIRS not trained)	Block (antagonist / neutralizing antibody / small molecule)	Prioritized target (transcript-level)	Panel E (novelty-priority map)	Protein-level pQTL-MR + coloc in an independent plasma pQTL panel (UKB-PPP/deCODE); then neutralization/knockdown in relevant primary cells	Prioritize: obtain plasma pQTL to upgrade to protein-level
208	Ulcerative colitis (strict definition, require KELA, min 2 HDR)	Gastrointestinal	Hepatitis A virus cellular receptor 1	HAVCR1	CD markers, Predicted membrane proteins	Immune-cell-enriched	High (soluble receptor / shed)	NA (train PIRS)	NA	NA (train PIRS)	NA (train PIRS)	NA (train PIRS)	NA (train PIRS)	0.432	6.90e-03	yes	0.98	yes (PP.H4>=0.8)	no	no	not tested	not an approved target	Low-moderate	3.246	4	Prioritized causal target (transcript-level)	Causal-only (PIRS not trained)	Replace / decoy-receptor or agonist (protective, soluble)	Prioritized target (transcript-level)	Panel E (novelty-priority map)	Protein-level pQTL-MR + coloc in an independent plasma pQTL panel (UKB-PPP/deCODE); then over-expression/supplementation in relevant primary cells	Prioritize: obtain plasma pQTL to upgrade to protein-level
209	Other diseases of anus and rectum	Gastrointestinal	SLAM family member 5	CD84	CD markers, Predicted membrane proteins	CD/Leukocyte surface	Measured (Olink Explore panel)	NA (train PIRS)	NA	NA (train PIRS)	NA (train PIRS)	NA (train PIRS)	NA (train PIRS)	1.204	6.33e-03	yes	0.971	yes (PP.H4>=0.8)	yes (concordant, protein-level)	yes	not tested	not an approved target	Low-moderate	3.245	4	Prioritized causal target (transcript-level)	Causal-only (PIRS not trained)	Block (antagonist / neutralizing antibody / small molecule)	Therapeutic target (protein-level)	Panel E (novelty-priority map)	Protein-level pQTL-MR + coloc in an independent plasma pQTL panel (UKB-PPP/deCODE); then neutralization/knockdown in relevant primary cells	Prioritize: obtain plasma pQTL to upgrade to protein-level
210	Ischaemic heart disease, wide definition	Cardiovascular	Urokinase plasminogen activator surface receptor	PLAUR	Cancer-related genes, CD markers, FDA approved drug targets, Predicted intracellular proteins, Predicted membrane proteins	Immune-cell-enriched	High (soluble receptor / shed)	NA (train PIRS)	NA	NA (train PIRS)	NA (train PIRS)	NA (train PIRS)	NA (train PIRS)	1.435	2.04e-04	yes	0.999	yes (PP.H4>=0.8)	no	no	replicated (FinnGen + UK Biobank)	not an approved target	High (FDA-precedented class, tractable)	3.237	4	Prioritized causal target (transcript-level)	Causal-only (PIRS not trained)	Block (antagonist / neutralizing antibody / small molecule)	Prioritized target (transcript-level)	Panel E (novelty-priority map)	Protein-level pQTL-MR + coloc in an independent plasma pQTL panel (UKB-PPP/deCODE); then neutralization/knockdown in relevant primary cells	Prioritize: obtain plasma pQTL to upgrade to protein-level
211	Papulosquamous disorders	Dermatological	Interferon gamma receptor 2	IFNGR2	Disease related genes, FDA approved drug targets, Human disease related genes, Predicted membrane proteins	Interferon axis	High (soluble receptor / shed)	NA (train PIRS)	NA	NA (train PIRS)	NA (train PIRS)	NA (train PIRS)	NA (train PIRS)	0.903	3.81e-02	yes	0.933	yes (PP.H4>=0.8)	no	no	not tested	not an approved target	High (FDA-precedented class, tractable)	3.217	4	Prioritized causal target (transcript-level)	Causal-only (PIRS not trained)	Replace / decoy-receptor or agonist (protective, soluble)	Prioritized target (transcript-level)	Panel E (novelty-priority map)	Protein-level pQTL-MR + coloc in an independent plasma pQTL panel (UKB-PPP/deCODE); then over-expression/supplementation in relevant primary cells	Prioritize: obtain plasma pQTL to upgrade to protein-level
212	Codeine or tramadol medication	Medication/Other	Toll-like receptor 4	TLR4	CD markers, FDA approved drug targets, Human disease related genes, Predicted intracellular proteins, Predicted membrane proteins, Transporters	Immune-cell-enriched	High (soluble receptor / shed)	NA (train PIRS)	NA	NA (train PIRS)	NA (train PIRS)	NA (train PIRS)	NA (train PIRS)	0.958	3.76e-02	yes	0.928	yes (PP.H4>=0.8)	no	no	not tested	not an approved target	High (FDA-precedented class, tractable)	3.213	4	Prioritized causal target (transcript-level)	Causal-only (PIRS not trained)	Replace / decoy-receptor or agonist (protective, soluble)	Prioritized target (transcript-level)	Panel E (novelty-priority map)	Protein-level pQTL-MR + coloc in an independent plasma pQTL panel (UKB-PPP/deCODE); then over-expression/supplementation in relevant primary cells	Prioritize: obtain plasma pQTL to upgrade to protein-level
213	Separation of retinal layers (serosa)	Ophthalmological	Membrane cofactor protein	CD46	Cancer-related genes, CD markers, Disease related genes, Human disease related genes, Plasma proteins, Predicted intracellular proteins, Predicted membrane proteins	Complement/Coagulation	Measured (Olink Explore panel)	NA (train PIRS)	NA	NA (train PIRS)	NA (train PIRS)	NA (train PIRS)	NA (train PIRS)	37.451	3.30e-05	yes	0.971	yes (PP.H4>=0.8)	no	no	not tested	not an approved target	Low-moderate	3.201	4	Prioritized causal target (transcript-level)	Causal-only (PIRS not trained)	Block (antagonist / neutralizing antibody / small molecule)	Prioritized target (transcript-level)	Panel E (novelty-priority map)	Protein-level pQTL-MR + coloc in an independent plasma pQTL panel (UKB-PPP/deCODE); then neutralization/knockdown in relevant primary cells	Prioritize: obtain plasma pQTL to upgrade to protein-level
214	Asthma-related infections	Respiratory	Granzyme B	GZMB	Enzymes, Plasma proteins, Predicted intracellular proteins, Predicted secreted proteins	Immune-cell-enriched	High (secreted to blood)	NA (train PIRS)	NA	NA (train PIRS)	NA (train PIRS)	NA (train PIRS)	NA (train PIRS)	1.106	1.90e-02	yes	0.953	yes (PP.H4>=0.8)	yes (concordant, protein-level)	yes	not tested	not an approved target	Low-moderate	3.131	4	Prioritized causal target (transcript-level)	Causal-only (PIRS not trained)	Block (antagonist / neutralizing antibody / small molecule)	Therapeutic target (protein-level)	Panel E (novelty-priority map)	Protein-level pQTL-MR + coloc in an independent plasma pQTL panel (UKB-PPP/deCODE); then neutralization/knockdown in relevant primary cells	Prioritize: obtain plasma pQTL to upgrade to protein-level
215	Migraine, single triptan purchase ok & required. ICD-code if available is included	Neurological/Psychiatric	Toll-like receptor 4	TLR4	CD markers, FDA approved drug targets, Human disease related genes, Predicted intracellular proteins, Predicted membrane proteins, Transporters	Immune-cell-enriched	High (soluble receptor / shed)	NA (train PIRS)	NA	NA (train PIRS)	NA (train PIRS)	NA (train PIRS)	NA (train PIRS)	0.949	4.52e-02	yes	0.857	yes (PP.H4>=0.8)	no	no	not tested	not an approved target	High (FDA-precedented class, tractable)	3.126	4	Prioritized causal target (transcript-level)	Causal-only (PIRS not trained)	Replace / decoy-receptor or agonist (protective, soluble)	Prioritized target (transcript-level)	Panel E (novelty-priority map)	Protein-level pQTL-MR + coloc in an independent plasma pQTL panel (UKB-PPP/deCODE); then over-expression/supplementation in relevant primary cells	Prioritize: obtain plasma pQTL to upgrade to protein-level
216	Disorders of the thyroid gland	Metabolic/Endocrine	Carbonic anhydrase-related protein	CA8	Cancer-related genes, Disease related genes, Human disease related genes, Predicted intracellular proteins	Immune-cell-enriched	Measured (Olink Explore panel)	NA (train PIRS)	NA	NA (train PIRS)	NA (train PIRS)	NA (train PIRS)	NA (train PIRS)	0.844	4.15e-04	yes	0.931	yes (PP.H4>=0.8)	no	no	not tested	not an approved target	Uncertain	3.108	4	Prioritized causal target (transcript-level)	Causal-only (PIRS not trained)	Agonize (protective; intracellular route caution)	Prioritized target (transcript-level)	Panel E (novelty-priority map)	Protein-level pQTL-MR + coloc in an independent plasma pQTL panel (UKB-PPP/deCODE); then over-expression/supplementation in relevant primary cells	Prioritize: obtain plasma pQTL to upgrade to protein-level
217	Statin medication	Cardiovascular	Neutrophil gelatinase-associated lipocalin	LCN2	Candidate cardiovascular disease genes, Plasma proteins, Predicted secreted proteins	Immune-cell-enriched	High (secreted to blood)	NA (train PIRS)	NA	NA (train PIRS)	NA (train PIRS)	NA (train PIRS)	NA (train PIRS)	0.853	1.24e-04	yes	0.991	yes (PP.H4>=0.8)	no	no	not tested	not an approved target	Low-moderate	3.106	4	Prioritized causal target (transcript-level)	Causal-only (PIRS not trained)	Agonize / recombinant-protein replacement (protective, secreted)	Prioritized target (transcript-level)	Panel E (novelty-priority map)	Protein-level pQTL-MR + coloc in an independent plasma pQTL panel (UKB-PPP/deCODE); then over-expression/supplementation in relevant primary cells	Prioritize: obtain plasma pQTL to upgrade to protein-level
218	Sudden idiopathic hearing loss	Other	Myeloblastin	PRTN3	Candidate cardiovascular disease genes, Disease related genes, Enzymes, Plasma proteins, Potential drug targets, Predicted intracellular proteins, Predicted secreted proteins	Immune-cell-enriched	High (secreted to blood)	NA (train PIRS)	NA	NA (train PIRS)	NA (train PIRS)	NA (train PIRS)	NA (train PIRS)	1.485	3.63e-02	yes	0.978	yes (PP.H4>=0.8)	yes (concordant, protein-level)	yes	not tested	not an approved target	Low-moderate	3.1	4	Prioritized causal target (transcript-level)	Causal-only (PIRS not trained)	Block (antagonist / neutralizing antibody / small molecule)	Therapeutic target (protein-level)	Panel E (novelty-priority map)	Protein-level pQTL-MR + coloc in an independent plasma pQTL panel (UKB-PPP/deCODE); then neutralization/knockdown in relevant primary cells	Prioritize: obtain plasma pQTL to upgrade to protein-level
219	Hallux rigidus	Musculoskeletal	Latent-transforming growth factor beta-binding protein 2	LTBP2	Disease related genes, Human disease related genes, Plasma proteins, Predicted intracellular proteins, Predicted secreted proteins	Cytokine/Interleukin	High (secreted to blood)	NA (train PIRS)	NA	NA (train PIRS)	NA (train PIRS)	NA (train PIRS)	NA (train PIRS)	1.765	2.98e-02	yes	0.957	yes (PP.H4>=0.8)	no	no	not tested	not an approved target	Low-moderate	3.096	4	Prioritized causal target (transcript-level)	Causal-only (PIRS not trained)	Block (antagonist / neutralizing antibody / small molecule)	Prioritized target (transcript-level)	Panel E (novelty-priority map)	Protein-level pQTL-MR + coloc in an independent plasma pQTL panel (UKB-PPP/deCODE); then neutralization/knockdown in relevant primary cells	Prioritize: obtain plasma pQTL to upgrade to protein-level
220	Abdominal aortic aneurysm (AAA)	Cardiovascular	Proline/serine-rich coiled-coil protein 1	PSRC1	Predicted intracellular proteins	Immune-cell-enriched	Measured (Olink Explore panel)	NA (train PIRS)	NA	NA (train PIRS)	NA (train PIRS)	NA (train PIRS)	NA (train PIRS)	0.75	1.04e-03	yes	0.993	yes (PP.H4>=0.8)	no	no	not tested	not an approved target	Uncertain	3.09	4	Prioritized causal target (transcript-level)	Causal-only (PIRS not trained)	Agonize (protective; intracellular route caution)	Prioritized target (transcript-level)	Panel E (novelty-priority map)	Protein-level pQTL-MR + coloc in an independent plasma pQTL panel (UKB-PPP/deCODE); then over-expression/supplementation in relevant primary cells	Prioritize: obtain plasma pQTL to upgrade to protein-level
221	Type 1 diabetes, definitions combined	Metabolic/Endocrine	Pro-cathepsin H	CTSH	Cancer-related genes, Enzymes, Human disease related genes, Metabolic proteins, Plasma proteins, Predicted intracellular proteins	Immune-cell-enriched	Measured (Olink Explore panel)	NA (train PIRS)	NA	NA (train PIRS)	NA (train PIRS)	NA (train PIRS)	NA (train PIRS)	1.228	1.13e-03	yes	0.998	yes (PP.H4>=0.8)	yes (concordant, protein-level)	yes	not tested	not an approved target	Uncertain	3.088	4	Prioritized causal target (transcript-level)	Causal-only (PIRS not trained)	Block (antagonist / neutralizing antibody / small molecule)	Therapeutic target (protein-level)	Panel E (novelty-priority map)	Protein-level pQTL-MR + coloc in an independent plasma pQTL panel (UKB-PPP/deCODE); then neutralization/knockdown in relevant primary cells	Prioritize: obtain plasma pQTL to upgrade to protein-level
222	Unstable angina pectoris	Cardiovascular	Proline/serine-rich coiled-coil protein 1	PSRC1	Predicted intracellular proteins	Immune-cell-enriched	Measured (Olink Explore panel)	NA (train PIRS)	NA	NA (train PIRS)	NA (train PIRS)	NA (train PIRS)	NA (train PIRS)	0.86	1.10e-03	yes	0.992	yes (PP.H4>=0.8)	no	no	replicated (FinnGen + UK Biobank)	not an approved target	Uncertain	3.084	4	Prioritized causal target (transcript-level)	Causal-only (PIRS not trained)	Agonize (protective; intracellular route caution)	Prioritized target (transcript-level)	Panel E (novelty-priority map)	Protein-level pQTL-MR + coloc in an independent plasma pQTL panel (UKB-PPP/deCODE); then over-expression/supplementation in relevant primary cells	Prioritize: obtain plasma pQTL to upgrade to protein-level
223	Primary angle-closure glaucoma	Ophthalmological	Death-associated protein kinase 2	DAPK2	Enzymes, Predicted intracellular proteins, Predicted membrane proteins	Immune-cell-enriched	Measured (Olink Explore panel)	NA (train PIRS)	NA	NA (train PIRS)	NA (train PIRS)	NA (train PIRS)	NA (train PIRS)	2.66	3.36e-02	yes	0.954	yes (PP.H4>=0.8)	yes (concordant, protein-level)	yes	not tested	not an approved target	Low-moderate	3.083	4	Prioritized causal target (transcript-level)	Causal-only (PIRS not trained)	Block (antagonist / neutralizing antibody / small molecule)	Therapeutic target (protein-level)	Panel E (novelty-priority map)	Protein-level pQTL-MR + coloc in an independent plasma pQTL panel (UKB-PPP/deCODE); then neutralization/knockdown in relevant primary cells	Prioritize: obtain plasma pQTL to upgrade to protein-level
224	Diseases of arteries, arterioles and capillaries (FINNGEN)	Cardiovascular	Proline/serine-rich coiled-coil protein 1	PSRC1	Predicted intracellular proteins	Immune-cell-enriched	Measured (Olink Explore panel)	NA (train PIRS)	NA	NA (train PIRS)	NA (train PIRS)	NA (train PIRS)	NA (train PIRS)	0.87	1.18e-03	yes	0.987	yes (PP.H4>=0.8)	no	no	not tested	not an approved target	Uncertain	3.073	4	Prioritized causal target (transcript-level)	Causal-only (PIRS not trained)	Agonize (protective; intracellular route caution)	Prioritized target (transcript-level)	Panel E (novelty-priority map)	Protein-level pQTL-MR + coloc in an independent plasma pQTL panel (UKB-PPP/deCODE); then over-expression/supplementation in relevant primary cells	Prioritize: obtain plasma pQTL to upgrade to protein-level
225	Carcinoma in situ of skin (controls excluding all cancers)	Neoplasm	Interleukin-18 receptor 1	IL18R1	CD markers, Enzymes, Plasma proteins, Predicted membrane proteins	Cytokine/Interleukin	High (soluble receptor / shed)	NA (train PIRS)	NA	NA (train PIRS)	NA (train PIRS)	NA (train PIRS)	NA (train PIRS)	1.457	4.89e-02	yes	0.97	yes (PP.H4>=0.8)	no	no	not tested	not an approved target	Low-moderate	3.066	4	Prioritized causal target (transcript-level)	Causal-only (PIRS not trained)	Block (antagonist / neutralizing antibody / small molecule)	Prioritized target (transcript-level)	Panel E (novelty-priority map)	Protein-level pQTL-MR + coloc in an independent plasma pQTL panel (UKB-PPP/deCODE); then neutralization/knockdown in relevant primary cells	Prioritize: obtain plasma pQTL to upgrade to protein-level
226	Allergic asthma (mode)	Respiratory	Protein kinase C theta type	PRKCQ	Cancer-related genes, Enzymes, FDA approved drug targets, Plasma proteins, Predicted intracellular proteins	Immune-cell-enriched	Measured (Olink Explore panel)	NA (train PIRS)	NA	NA (train PIRS)	NA (train PIRS)	NA (train PIRS)	NA (train PIRS)	0.668	9.69e-03	yes	0.958	yes (PP.H4>=0.8)	no	no	not tested	not an approved target	Moderate	3.027	4	Prioritized causal target (transcript-level)	Causal-only (PIRS not trained)	Agonize (protective; intracellular route caution)	Prioritized target (transcript-level)	Panel E (novelty-priority map)	Protein-level pQTL-MR + coloc in an independent plasma pQTL panel (UKB-PPP/deCODE); then over-expression/supplementation in relevant primary cells	Prioritize: obtain plasma pQTL to upgrade to protein-level
227	Antihypertensive medication - note that there are other indications	Medication/Other	Tyrosine-protein kinase Mer	MERTK	Disease related genes, Enzymes, Human disease related genes, Plasma proteins, Potential drug targets, Predicted intracellular proteins, Predicted membrane proteins	Immune-cell-enriched	Measured (Olink Explore panel)	NA (train PIRS)	NA	NA (train PIRS)	NA (train PIRS)	NA (train PIRS)	NA (train PIRS)	1.044	3.16e-02	yes	0.881	yes (PP.H4>=0.8)	no	no	not tested	not an approved target	Low-moderate	3.014	4	Prioritized causal target (transcript-level)	Causal-only (PIRS not trained)	Block (antagonist / neutralizing antibody / small molecule)	Prioritized target (transcript-level)	Panel E (novelty-priority map)	Protein-level pQTL-MR + coloc in an independent plasma pQTL panel (UKB-PPP/deCODE); then neutralization/knockdown in relevant primary cells	Prioritize: obtain plasma pQTL to upgrade to protein-level
228	Other obstructive and reflux uropathy	Renal/Genitourinary	Hepatocyte growth factor	HGF	Cancer-related genes, Candidate cardiovascular disease genes, Disease related genes, Enzymes, Human disease related genes, Plasma proteins, Potential drug targets, Predicted secreted proteins, RAS pathway related proteins	Immune-cell-enriched	High (secreted to blood)	NA (train PIRS)	NA	NA (train PIRS)	NA (train PIRS)	NA (train PIRS)	NA (train PIRS)	0.091	4.46e-02	yes	0.903	yes (PP.H4>=0.8)	yes (concordant, protein-level)	yes	not tested	not an approved target	Low-moderate	3.006	4	Prioritized causal target (transcript-level)	Causal-only (PIRS not trained)	Agonize / recombinant-protein replacement (protective, secreted)	Therapeutic target (protein-level)	Panel E (novelty-priority map)	Protein-level pQTL-MR + coloc in an independent plasma pQTL panel (UKB-PPP/deCODE); then over-expression/supplementation in relevant primary cells	Prioritize: obtain plasma pQTL to upgrade to protein-level
229	Coronary artery bypass grafting	Cardiovascular	Urokinase plasminogen activator surface receptor	PLAUR	Cancer-related genes, CD markers, FDA approved drug targets, Predicted intracellular proteins, Predicted membrane proteins	Immune-cell-enriched	High (soluble receptor / shed)	NA (train PIRS)	NA	NA (train PIRS)	NA (train PIRS)	NA (train PIRS)	NA (train PIRS)	2.061	1.82e-03	yes	0.949	yes (PP.H4>=0.8)	no	no	not tested	not an approved target	High (FDA-precedented class, tractable)	2.997	4	Prioritized causal target (transcript-level)	Causal-only (PIRS not trained)	Block (antagonist / neutralizing antibody / small molecule)	Prioritized target (transcript-level)	Panel E (novelty-priority map)	Protein-level pQTL-MR + coloc in an independent plasma pQTL panel (UKB-PPP/deCODE); then neutralization/knockdown in relevant primary cells	Prioritize: obtain plasma pQTL to upgrade to protein-level
230	Gender identity disorders	Neurological/Psychiatric	Programmed cell death protein 1	PDCD1	CD markers, Disease related genes, FDA approved drug targets, Human disease related genes, Predicted intracellular proteins, Predicted membrane proteins, Transporters	Immune checkpoint	Measured (Olink Explore panel)	NA (train PIRS)	NA	NA (train PIRS)	NA (train PIRS)	NA (train PIRS)	NA (train PIRS)	0.194	2.36e-03	yes	0.967	yes (PP.H4>=0.8)	no	no	not tested	not an approved target	High (FDA-precedented class, tractable)	2.992	4	Prioritized causal target (transcript-level)	Causal-only (PIRS not trained)	Agonize (protective; intracellular route caution)	Prioritized target (transcript-level)	Panel E (novelty-priority map)	Protein-level pQTL-MR + coloc in an independent plasma pQTL panel (UKB-PPP/deCODE); then over-expression/supplementation in relevant primary cells	Prioritize: obtain plasma pQTL to upgrade to protein-level
231	Dermatitis and eczema	Dermatological	DNA-binding protein SATB1	SATB1	Disease related genes, Plasma proteins, Predicted intracellular proteins, Transcription factors	Immune-cell-enriched	Measured (Olink Explore panel)	NA (train PIRS)	NA	NA (train PIRS)	NA (train PIRS)	NA (train PIRS)	NA (train PIRS)	1.3	2.54e-08	yes	0.971	yes (PP.H4>=0.8)	no	no	not tested	not an approved target	Uncertain	2.99	4	Prioritized causal target (transcript-level)	Causal-only (PIRS not trained)	Block (antagonist / neutralizing antibody / small molecule)	Prioritized target (transcript-level)	Panel E (novelty-priority map)	Protein-level pQTL-MR + coloc in an independent plasma pQTL panel (UKB-PPP/deCODE); then neutralization/knockdown in relevant primary cells	Prioritize: obtain plasma pQTL to upgrade to protein-level
232	STROKE	Metabolic/Endocrine	Proline/serine-rich coiled-coil protein 1	PSRC1	Predicted intracellular proteins	Immune-cell-enriched	Measured (Olink Explore panel)	NA (train PIRS)	NA	NA (train PIRS)	NA (train PIRS)	NA (train PIRS)	NA (train PIRS)	0.915	3.75e-03	yes	0.99	yes (PP.H4>=0.8)	no	no	replicated (FinnGen + UK Biobank)	not an approved target	Uncertain	2.976	4	Prioritized causal target (transcript-level)	Causal-only (PIRS not trained)	Agonize (protective; intracellular route caution)	Prioritized target (transcript-level)	Panel E (novelty-priority map)	Protein-level pQTL-MR + coloc in an independent plasma pQTL panel (UKB-PPP/deCODE); then over-expression/supplementation in relevant primary cells	Prioritize: obtain plasma pQTL to upgrade to protein-level
233	Shoulder lesions	Musculoskeletal	Transmembrane protein 106A	TMEM106A	Predicted membrane proteins, Transporters	Immune-cell-enriched	Measured (Olink Explore panel)	NA (train PIRS)	NA	NA (train PIRS)	NA (train PIRS)	NA (train PIRS)	NA (train PIRS)	0.846	2.76e-02	yes	0.826	yes (PP.H4>=0.8)	no	no	not tested	not an approved target	Low-moderate	2.971	4	Prioritized causal target (transcript-level)	Causal-only (PIRS not trained)	Agonize (protective; intracellular route caution)	Prioritized target (transcript-level)	Panel E (novelty-priority map)	Protein-level pQTL-MR + coloc in an independent plasma pQTL panel (UKB-PPP/deCODE); then over-expression/supplementation in relevant primary cells	Prioritize: obtain plasma pQTL to upgrade to protein-level
234	Coronary atherosclerosis	Cardiovascular	Urokinase plasminogen activator surface receptor	PLAUR	Cancer-related genes, CD markers, FDA approved drug targets, Predicted intracellular proteins, Predicted membrane proteins	Immune-cell-enriched	High (soluble receptor / shed)	NA (train PIRS)	NA	NA (train PIRS)	NA (train PIRS)	NA (train PIRS)	NA (train PIRS)	1.434	3.98e-03	yes	0.987	yes (PP.H4>=0.8)	no	no	replicated (FinnGen + UK Biobank)	not an approved target	High (FDA-precedented class, tractable)	2.967	4	Prioritized causal target (transcript-level)	Causal-only (PIRS not trained)	Block (antagonist / neutralizing antibody / small molecule)	Prioritized target (transcript-level)	Panel E (novelty-priority map)	Protein-level pQTL-MR + coloc in an independent plasma pQTL panel (UKB-PPP/deCODE); then neutralization/knockdown in relevant primary cells	Prioritize: obtain plasma pQTL to upgrade to protein-level
235	Disorders of skin appendages	Dermatological	Interleukin-1 receptor antagonist protein	IL1RN	Cancer-related genes, Candidate cardiovascular disease genes, Disease related genes, Human disease related genes, Plasma proteins, Predicted intracellular proteins, Predicted secreted proteins	Cytokine/Interleukin	High (secreted to blood)	NA (train PIRS)	NA	NA (train PIRS)	NA (train PIRS)	NA (train PIRS)	NA (train PIRS)	0.702	3.70e-02	yes	0.837	yes (PP.H4>=0.8)	no	no	not tested	not an approved target	Low-moderate	2.956	4	Prioritized causal target (transcript-level)	Causal-only (PIRS not trained)	Replace / decoy-receptor or agonist (protective, soluble)	Prioritized target (transcript-level)	Panel E (novelty-priority map)	Protein-level pQTL-MR + coloc in an independent plasma pQTL panel (UKB-PPP/deCODE); then over-expression/supplementation in relevant primary cells	Prioritize: obtain plasma pQTL to upgrade to protein-level
236	Anaemias	Haematological/Immune	Calcineurin subunit B type 1	PPP3R1	FDA approved drug targets, Predicted intracellular proteins	Immune-cell-enriched	Measured (Olink Explore panel)	NA (train PIRS)	NA	NA (train PIRS)	NA (train PIRS)	NA (train PIRS)	NA (train PIRS)	1.162	1.67e-02	yes	0.924	yes (PP.H4>=0.8)	no	no	not tested	not an approved target	Moderate	2.946	4	Prioritized causal target (transcript-level)	Causal-only (PIRS not trained)	Block (antagonist / neutralizing antibody / small molecule)	Prioritized target (transcript-level)	Panel E (novelty-priority map)	Protein-level pQTL-MR + coloc in an independent plasma pQTL panel (UKB-PPP/deCODE); then neutralization/knockdown in relevant primary cells	Prioritize: obtain plasma pQTL to upgrade to protein-level
237	Cardiovascular diseases (excluding rheumatic etc)	Cardiovascular	Tumor necrosis factor receptor superfamily member 16	NGFR	Cancer-related genes, CD markers, Predicted intracellular proteins, Predicted membrane proteins, RAS pathway related proteins, Transporters	Immune-cell-enriched	High (soluble receptor / shed)	NA (train PIRS)	NA	NA (train PIRS)	NA (train PIRS)	NA (train PIRS)	NA (train PIRS)	0.653	4.03e-04	yes	0.932	yes (PP.H4>=0.8)	no	no	not tested	not an approved target	Low-moderate	2.944	4	Prioritized causal target (transcript-level)	Causal-only (PIRS not trained)	Replace / decoy-receptor or agonist (protective, soluble)	Prioritized target (transcript-level)	Panel E (novelty-priority map)	Protein-level pQTL-MR + coloc in an independent plasma pQTL panel (UKB-PPP/deCODE); then over-expression/supplementation in relevant primary cells	Prioritize: obtain plasma pQTL to upgrade to protein-level
238	Abdominal aortic aneurysm (AAA)	Cardiovascular	Urokinase plasminogen activator surface receptor	PLAUR	Cancer-related genes, CD markers, FDA approved drug targets, Predicted intracellular proteins, Predicted membrane proteins	Immune-cell-enriched	High (soluble receptor / shed)	NA (train PIRS)	NA	NA (train PIRS)	NA (train PIRS)	NA (train PIRS)	NA (train PIRS)	2.948	7.80e-03	yes	0.998	yes (PP.H4>=0.8)	no	no	not tested	not an approved target	High (FDA-precedented class, tractable)	2.919	4	Prioritized causal target (transcript-level)	Causal-only (PIRS not trained)	Block (antagonist / neutralizing antibody / small molecule)	Prioritized target (transcript-level)	Panel E (novelty-priority map)	Protein-level pQTL-MR + coloc in an independent plasma pQTL panel (UKB-PPP/deCODE); then neutralization/knockdown in relevant primary cells	Prioritize: obtain plasma pQTL to upgrade to protein-level
239	Coronary revascularization (ANGIO or CABG)	Cardiovascular	Scavenger receptor class B member 1	SCARB1	Metabolic proteins, Predicted intracellular proteins, Predicted membrane proteins, Transporters	Immune-cell-enriched	High (soluble receptor / shed)	NA (train PIRS)	NA	NA (train PIRS)	NA (train PIRS)	NA (train PIRS)	NA (train PIRS)	0.824	4.16e-06	yes	0.996	yes (PP.H4>=0.8)	no	no	not tested	not an approved target	Low-moderate	2.905	4	Prioritized causal target (transcript-level)	Causal-only (PIRS not trained)	Replace / decoy-receptor or agonist (protective, soluble)	Prioritized target (transcript-level)	Panel E (novelty-priority map)	Protein-level pQTL-MR + coloc in an independent plasma pQTL panel (UKB-PPP/deCODE); then over-expression/supplementation in relevant primary cells	Prioritize: obtain plasma pQTL to upgrade to protein-level
240	Other hammer toe(s) (acquired)	Musculoskeletal	Vitamin K-dependent protein C	PROC	Cancer-related genes, Candidate cardiovascular disease genes, Disease related genes, Enzymes, FDA approved drug targets, Human disease related genes, Plasma proteins, Predicted intracellular proteins, Predicted secreted proteins	Immune-cell-enriched	High (secreted to blood)	NA (train PIRS)	NA	NA (train PIRS)	NA (train PIRS)	NA (train PIRS)	NA (train PIRS)	0.615	7.77e-03	yes	0.983	yes (PP.H4>=0.8)	no	no	not tested	not an approved target	High (FDA-precedented class, tractable)	2.905	4	Prioritized causal target (transcript-level)	Causal-only (PIRS not trained)	Agonize / recombinant-protein replacement (protective, secreted)	Prioritized target (transcript-level)	Panel E (novelty-priority map)	Protein-level pQTL-MR + coloc in an independent plasma pQTL panel (UKB-PPP/deCODE); then over-expression/supplementation in relevant primary cells	Prioritize: obtain plasma pQTL to upgrade to protein-level
241	Colorectal adenocarcinoma, excluding all cancers (controls excluding all cancers)	Neoplasm	Caspase-3	CASP3	Cancer-related genes, Enzymes, FDA approved drug targets, Plasma proteins, Predicted intracellular proteins	Immune-cell-enriched	Measured (Olink Explore panel)	NA (train PIRS)	NA	NA (train PIRS)	NA (train PIRS)	NA (train PIRS)	NA (train PIRS)	0.795	1.33e-02	yes	0.859	yes (PP.H4>=0.8)	no	no	not tested	not an approved target	Moderate	2.901	4	Prioritized causal target (transcript-level)	Causal-only (PIRS not trained)	Agonize (protective; intracellular route caution)	Prioritized target (transcript-level)	Panel E (novelty-priority map)	Protein-level pQTL-MR + coloc in an independent plasma pQTL panel (UKB-PPP/deCODE); then over-expression/supplementation in relevant primary cells	Prioritize: obtain plasma pQTL to upgrade to protein-level
242	Autoimmune diseases	Haematological/Immune	Thyroglobulin	TG	Cancer-related genes, Disease related genes, Human disease related genes, Plasma proteins, Predicted intracellular proteins, Predicted secreted proteins	Immune-cell-enriched	High (secreted to blood)	NA (train PIRS)	NA	NA (train PIRS)	NA (train PIRS)	NA (train PIRS)	NA (train PIRS)	1.101	1.50e-03	yes	0.979	yes (PP.H4>=0.8)	no	no	not tested	not an approved target	Low-moderate	2.877	4	Prioritized causal target (transcript-level)	Causal-only (PIRS not trained)	Block (antagonist / neutralizing antibody / small molecule)	Prioritized target (transcript-level)	Panel E (novelty-priority map)	Protein-level pQTL-MR + coloc in an independent plasma pQTL panel (UKB-PPP/deCODE); then neutralization/knockdown in relevant primary cells	Prioritize: obtain plasma pQTL to upgrade to protein-level
243	Immunodeficiencies	Haematological/Immune	Clathrin interactor 1	CLINT1	Plasma proteins, Predicted intracellular proteins, Transporters	Immune-cell-enriched	Measured (Olink Explore panel)	NA (train PIRS)	NA	NA (train PIRS)	NA (train PIRS)	NA (train PIRS)	NA (train PIRS)	0.096	1.26e-02	yes	0.993	yes (PP.H4>=0.8)	no	no	not tested	not an approved target	Uncertain	2.873	4	Prioritized causal target (transcript-level)	Causal-only (PIRS not trained)	Agonize (protective; intracellular route caution)	Prioritized target (transcript-level)	Panel E (novelty-priority map)	Protein-level pQTL-MR + coloc in an independent plasma pQTL panel (UKB-PPP/deCODE); then over-expression/supplementation in relevant primary cells	Prioritize: obtain plasma pQTL to upgrade to protein-level
244	Coronary angioplasty	Cardiovascular	Urokinase plasminogen activator surface receptor	PLAUR	Cancer-related genes, CD markers, FDA approved drug targets, Predicted intracellular proteins, Predicted membrane proteins	Immune-cell-enriched	High (soluble receptor / shed)	NA (train PIRS)	NA	NA (train PIRS)	NA (train PIRS)	NA (train PIRS)	NA (train PIRS)	1.761	1.51e-02	yes	0.99	yes (PP.H4>=0.8)	no	no	not tested	not an approved target	High (FDA-precedented class, tractable)	2.854	4	Prioritized causal target (transcript-level)	Causal-only (PIRS not trained)	Block (antagonist / neutralizing antibody / small molecule)	Prioritized target (transcript-level)	Panel E (novelty-priority map)	Protein-level pQTL-MR + coloc in an independent plasma pQTL panel (UKB-PPP/deCODE); then neutralization/knockdown in relevant primary cells	Prioritize: obtain plasma pQTL to upgrade to protein-level
245	Allergic rhinitis	Respiratory	Tumor necrosis factor receptor superfamily member 4	TNFRSF4	Cancer-related genes, CD markers, Disease related genes, Human disease related genes, Predicted intracellular proteins, Predicted membrane proteins	Immune checkpoint	High (soluble receptor / shed)	NA (train PIRS)	NA	NA (train PIRS)	NA (train PIRS)	NA (train PIRS)	NA (train PIRS)	0.771	3.06e-03	yes	0.987	yes (PP.H4>=0.8)	no	no	not tested	not an approved target	Low-moderate	2.823	4	Prioritized causal target (transcript-level)	Causal-only (PIRS not trained)	Replace / decoy-receptor or agonist (protective, soluble)	Prioritized target (transcript-level)	Panel E (novelty-priority map)	Protein-level pQTL-MR + coloc in an independent plasma pQTL panel (UKB-PPP/deCODE); then over-expression/supplementation in relevant primary cells	Prioritize: obtain plasma pQTL to upgrade to protein-level
246	Diabetic retinopathy (more control exclusions)	Metabolic/Endocrine	Cadherin-2	CDH2	CD markers, Disease related genes, Human disease related genes, Plasma proteins, Predicted intracellular proteins, Predicted membrane proteins	Immune-cell-enriched	Measured (Olink Explore panel)	NA (train PIRS)	NA	NA (train PIRS)	NA (train PIRS)	NA (train PIRS)	NA (train PIRS)	1.174	3.11e-03	yes	0.979	yes (PP.H4>=0.8)	no	no	not tested	not an approved target	Low-moderate	2.813	4	Prioritized causal target (transcript-level)	Causal-only (PIRS not trained)	Block (antagonist / neutralizing antibody / small molecule)	Prioritized target (transcript-level)	Panel E (novelty-priority map)	Protein-level pQTL-MR + coloc in an independent plasma pQTL panel (UKB-PPP/deCODE); then neutralization/knockdown in relevant primary cells	Prioritize: obtain plasma pQTL to upgrade to protein-level
247	Atopic dermatitis	Dermatological	Myosin light chain 6B	MYL6B	Plasma proteins, Predicted intracellular proteins	Immune-cell-enriched	Measured (Olink Explore panel)	NA (train PIRS)	NA	NA (train PIRS)	NA (train PIRS)	NA (train PIRS)	NA (train PIRS)	0.775	2.04e-02	yes	0.971	yes (PP.H4>=0.8)	no	no	not tested	not an approved target	Uncertain	2.809	4	Prioritized causal target (transcript-level)	Causal-only (PIRS not trained)	Agonize (protective; intracellular route caution)	Prioritized target (transcript-level)	Panel E (novelty-priority map)	Protein-level pQTL-MR + coloc in an independent plasma pQTL panel (UKB-PPP/deCODE); then over-expression/supplementation in relevant primary cells	Prioritize: obtain plasma pQTL to upgrade to protein-level
248	Chronic sinusitis	Respiratory	Tyrosine-protein kinase receptor UFO	AXL	Disease related genes, Enzymes, FDA approved drug targets, Plasma proteins, Predicted membrane proteins	Immune-cell-enriched	High (soluble receptor / shed)	NA (train PIRS)	NA	NA (train PIRS)	NA (train PIRS)	NA (train PIRS)	NA (train PIRS)	1.395	1.70e-02	yes	0.939	yes (PP.H4>=0.8)	no	no	not tested	not an approved target	High (FDA-precedented class, tractable)	2.793	4	Prioritized causal target (transcript-level)	Causal-only (PIRS not trained)	Block (antagonist / neutralizing antibody / small molecule)	Prioritized target (transcript-level)	Panel E (novelty-priority map)	Protein-level pQTL-MR + coloc in an independent plasma pQTL panel (UKB-PPP/deCODE); then neutralization/knockdown in relevant primary cells	Prioritize: obtain plasma pQTL to upgrade to protein-level
249	Cardiovascular diseases (excluding rheumatic etc)	Cardiovascular	Calcineurin subunit B type 1	PPP3R1	FDA approved drug targets, Predicted intracellular proteins	Immune-cell-enriched	Measured (Olink Explore panel)	NA (train PIRS)	NA	NA (train PIRS)	NA (train PIRS)	NA (train PIRS)	NA (train PIRS)	1.07	3.22e-02	yes	0.826	yes (PP.H4>=0.8)	no	no	not tested	not an approved target	Moderate	2.791	4	Prioritized causal target (transcript-level)	Causal-only (PIRS not trained)	Block (antagonist / neutralizing antibody / small molecule)	Prioritized target (transcript-level)	Panel E (novelty-priority map)	Protein-level pQTL-MR + coloc in an independent plasma pQTL panel (UKB-PPP/deCODE); then neutralization/knockdown in relevant primary cells	Prioritize: obtain plasma pQTL to upgrade to protein-level
250	Other Crohn's disease	Gastrointestinal	Annexin A11	ANXA11	Cancer-related genes, Disease related genes, Human disease related genes, Plasma proteins, Potential drug targets, Predicted intracellular proteins, Transporters	Immune-cell-enriched	Measured (Olink Explore panel)	NA (train PIRS)	NA	NA (train PIRS)	NA (train PIRS)	NA (train PIRS)	NA (train PIRS)	1.532	2.98e-02	yes	0.978	yes (PP.H4>=0.8)	no	no	not tested	not an approved target	Uncertain	2.783	4	Prioritized causal target (transcript-level)	Causal-only (PIRS not trained)	Block (antagonist / neutralizing antibody / small molecule)	Prioritized target (transcript-level)	Panel E (novelty-priority map)	Protein-level pQTL-MR + coloc in an independent plasma pQTL panel (UKB-PPP/deCODE); then neutralization/knockdown in relevant primary cells	Prioritize: obtain plasma pQTL to upgrade to protein-level
251	Rheumatoid arthritis	Musculoskeletal	Carbonic anhydrase-related protein	CA8	Cancer-related genes, Disease related genes, Human disease related genes, Predicted intracellular proteins	Immune-cell-enriched	Measured (Olink Explore panel)	NA (train PIRS)	NA	NA (train PIRS)	NA (train PIRS)	NA (train PIRS)	NA (train PIRS)	0.746	1.01e-02	yes	0.883	yes (PP.H4>=0.8)	no	no	replicated (FinnGen + UK Biobank)	not an approved target	Uncertain	2.782	4	Prioritized causal target (transcript-level)	Causal-only (PIRS not trained)	Agonize (protective; intracellular route caution)	Prioritized target (transcript-level)	Panel E (novelty-priority map)	Protein-level pQTL-MR + coloc in an independent plasma pQTL panel (UKB-PPP/deCODE); then over-expression/supplementation in relevant primary cells	Prioritize: obtain plasma pQTL to upgrade to protein-level
252	Chronic diseases of tonsils and adenoids	Respiratory	Reticulon-4 receptor	RTN4R	Disease related genes, Human disease related genes, Predicted membrane proteins	Immune-cell-enriched	High (soluble receptor / shed)	NA (train PIRS)	NA	NA (train PIRS)	NA (train PIRS)	NA (train PIRS)	NA (train PIRS)	1.803	4.42e-03	yes	0.975	yes (PP.H4>=0.8)	no	no	not tested	not an approved target	Low-moderate	2.779	4	Prioritized causal target (transcript-level)	Causal-only (PIRS not trained)	Block (antagonist / neutralizing antibody / small molecule)	Prioritized target (transcript-level)	Panel E (novelty-priority map)	Protein-level pQTL-MR + coloc in an independent plasma pQTL panel (UKB-PPP/deCODE); then neutralization/knockdown in relevant primary cells	Prioritize: obtain plasma pQTL to upgrade to protein-level
253	Congenital obstructive defects of renal pelvis and congenital malformations of ureter	Other	Proline/serine-rich coiled-coil protein 1	PSRC1	Predicted intracellular proteins	Immune-cell-enriched	Measured (Olink Explore panel)	NA (train PIRS)	NA	NA (train PIRS)	NA (train PIRS)	NA (train PIRS)	NA (train PIRS)	1.699	3.46e-02	yes	0.981	yes (PP.H4>=0.8)	no	no	not tested	not an approved target	Uncertain	2.773	4	Prioritized causal target (transcript-level)	Causal-only (PIRS not trained)	Block (antagonist / neutralizing antibody / small molecule)	Prioritized target (transcript-level)	Panel E (novelty-priority map)	Protein-level pQTL-MR + coloc in an independent plasma pQTL panel (UKB-PPP/deCODE); then neutralization/knockdown in relevant primary cells	Prioritize: obtain plasma pQTL to upgrade to protein-level
254	Heart failure and coronary heart disease	Cardiovascular	Proline/serine-rich coiled-coil protein 1	PSRC1	Predicted intracellular proteins	Immune-cell-enriched	Measured (Olink Explore panel)	NA (train PIRS)	NA	NA (train PIRS)	NA (train PIRS)	NA (train PIRS)	NA (train PIRS)	0.879	2.95e-02	yes	0.964	yes (PP.H4>=0.8)	no	no	not tested	not an approved target	Uncertain	2.77	4	Prioritized causal target (transcript-level)	Causal-only (PIRS not trained)	Agonize (protective; intracellular route caution)	Prioritized target (transcript-level)	Panel E (novelty-priority map)	Protein-level pQTL-MR + coloc in an independent plasma pQTL panel (UKB-PPP/deCODE); then over-expression/supplementation in relevant primary cells	Prioritize: obtain plasma pQTL to upgrade to protein-level
255	Irregular menses	Renal/Genitourinary	Carbonic anhydrase 4	CA4	Disease related genes, Enzymes, FDA approved drug targets, Human disease related genes, Metabolic proteins, Predicted intracellular proteins, Predicted membrane proteins	Immune-cell-enriched	Measured (Olink Explore panel)	NA (train PIRS)	NA	NA (train PIRS)	NA (train PIRS)	NA (train PIRS)	NA (train PIRS)	1.27	1.67e-02	yes	0.909	yes (PP.H4>=0.8)	no	no	not tested	not an approved target	High (FDA-precedented class, tractable)	2.765	4	Prioritized causal target (transcript-level)	Causal-only (PIRS not trained)	Block (antagonist / neutralizing antibody / small molecule)	Prioritized target (transcript-level)	Panel E (novelty-priority map)	Protein-level pQTL-MR + coloc in an independent plasma pQTL panel (UKB-PPP/deCODE); then neutralization/knockdown in relevant primary cells	Prioritize: obtain plasma pQTL to upgrade to protein-level
256	Immunodeficiency with predominantly antibody defects	Haematological/Immune	Clathrin interactor 1	CLINT1	Plasma proteins, Predicted intracellular proteins, Transporters	Immune-cell-enriched	Measured (Olink Explore panel)	NA (train PIRS)	NA	NA (train PIRS)	NA (train PIRS)	NA (train PIRS)	NA (train PIRS)	0.051	3.98e-02	yes	0.974	yes (PP.H4>=0.8)	no	no	not tested	not an approved target	Uncertain	2.754	4	Prioritized causal target (transcript-level)	Causal-only (PIRS not trained)	Agonize (protective; intracellular route caution)	Prioritized target (transcript-level)	Panel E (novelty-priority map)	Protein-level pQTL-MR + coloc in an independent plasma pQTL panel (UKB-PPP/deCODE); then over-expression/supplementation in relevant primary cells	Prioritize: obtain plasma pQTL to upgrade to protein-level
257	Androgenic alopecia	Dermatological	Cytokine receptor common subunit beta	CSF2RB	CD markers, Disease related genes, FDA approved drug targets, Human disease related genes, Plasma proteins, Predicted intracellular proteins, Predicted membrane proteins	Cytokine/Interleukin	High (soluble receptor / shed)	NA (train PIRS)	NA	NA (train PIRS)	NA (train PIRS)	NA (train PIRS)	NA (train PIRS)	0.063	3.99e-02	yes	0.97	yes (PP.H4>=0.8)	no	no	not tested	not an approved target	High (FDA-precedented class, tractable)	2.75	4	Prioritized causal target (transcript-level)	Causal-only (PIRS not trained)	Replace / decoy-receptor or agonist (protective, soluble)	Prioritized target (transcript-level)	Panel E (novelty-priority map)	Protein-level pQTL-MR + coloc in an independent plasma pQTL panel (UKB-PPP/deCODE); then over-expression/supplementation in relevant primary cells	Prioritize: obtain plasma pQTL to upgrade to protein-level
258	Seropositive rheumatoid arthritis, wide	Musculoskeletal	Myosin light chain 6B	MYL6B	Plasma proteins, Predicted intracellular proteins	Immune-cell-enriched	Measured (Olink Explore panel)	NA (train PIRS)	NA	NA (train PIRS)	NA (train PIRS)	NA (train PIRS)	NA (train PIRS)	1.476	2.98e-02	yes	0.94	yes (PP.H4>=0.8)	no	no	not tested	not an approved target	Uncertain	2.745	4	Prioritized causal target (transcript-level)	Causal-only (PIRS not trained)	Block (antagonist / neutralizing antibody / small molecule)	Prioritized target (transcript-level)	Panel E (novelty-priority map)	Protein-level pQTL-MR + coloc in an independent plasma pQTL panel (UKB-PPP/deCODE); then neutralization/knockdown in relevant primary cells	Prioritize: obtain plasma pQTL to upgrade to protein-level
259	Acute laryngitis and tracheitis	Respiratory	Insulin-like growth factor 1 receptor	IGF1R	Cancer-related genes, CD markers, Disease related genes, Enzymes, FDA approved drug targets, Human disease related genes, Plasma proteins, Predicted intracellular proteins, Predicted membrane proteins, RAS pathway related proteins	Immune-cell-enriched	High (soluble receptor / shed)	NA (train PIRS)	NA	NA (train PIRS)	NA (train PIRS)	NA (train PIRS)	NA (train PIRS)	0.634	4.94e-02	yes	0.973	yes (PP.H4>=0.8)	no	no	not tested	not an approved target	High (FDA-precedented class, tractable)	2.734	4	Prioritized causal target (transcript-level)	Causal-only (PIRS not trained)	Replace / decoy-receptor or agonist (protective, soluble)	Prioritized target (transcript-level)	Panel E (novelty-priority map)	Protein-level pQTL-MR + coloc in an independent plasma pQTL panel (UKB-PPP/deCODE); then over-expression/supplementation in relevant primary cells	Prioritize: obtain plasma pQTL to upgrade to protein-level
260	Hypothyroidism, strict autoimmune	Metabolic/Endocrine	Neutrophil gelatinase-associated lipocalin	LCN2	Candidate cardiovascular disease genes, Plasma proteins, Predicted secreted proteins	Immune-cell-enriched	High (secreted to blood)	NA (train PIRS)	NA	NA (train PIRS)	NA (train PIRS)	NA (train PIRS)	NA (train PIRS)	0.831	8.81e-03	yes	0.987	yes (PP.H4>=0.8)	no	no	not tested	not an approved target	Low-moderate	2.731	4	Prioritized causal target (transcript-level)	Causal-only (PIRS not trained)	Agonize / recombinant-protein replacement (protective, secreted)	Prioritized target (transcript-level)	Panel E (novelty-priority map)	Protein-level pQTL-MR + coloc in an independent plasma pQTL panel (UKB-PPP/deCODE); then over-expression/supplementation in relevant primary cells	Prioritize: obtain plasma pQTL to upgrade to protein-level
261	Obesity, other/unspecified	Metabolic/Endocrine	Coagulation factor XII	F12	Candidate cardiovascular disease genes, Disease related genes, Enzymes, FDA approved drug targets, Human disease related genes, Plasma proteins, Predicted secreted proteins	Immune-cell-enriched	High (secreted to blood)	NA (train PIRS)	NA	NA (train PIRS)	NA (train PIRS)	NA (train PIRS)	NA (train PIRS)	1.728	4.46e-02	yes	0.96	yes (PP.H4>=0.8)	no	no	not tested	not an approved target	High (FDA-precedented class, tractable)	2.73	4	Prioritized causal target (transcript-level)	Causal-only (PIRS not trained)	Block (antagonist / neutralizing antibody / small molecule)	Prioritized target (transcript-level)	Panel E (novelty-priority map)	Protein-level pQTL-MR + coloc in an independent plasma pQTL panel (UKB-PPP/deCODE); then neutralization/knockdown in relevant primary cells	Prioritize: obtain plasma pQTL to upgrade to protein-level
262	Coronary atherosclerosis	Cardiovascular	Prolow-density lipoprotein receptor-related protein 1	LRP1	Candidate cardiovascular disease genes, CD markers, Disease related genes, Human disease related genes, Plasma proteins, Potential drug targets, Predicted intracellular proteins, Predicted membrane proteins, Transporters	Immune-cell-enriched	High (soluble receptor / shed)	NA (train PIRS)	NA	NA (train PIRS)	NA (train PIRS)	NA (train PIRS)	NA (train PIRS)	0.548	8.06e-03	yes	0.968	yes (PP.H4>=0.8)	no	no	replicated (FinnGen + UK Biobank)	not an approved target	Low-moderate	2.72	4	Prioritized causal target (transcript-level)	Causal-only (PIRS not trained)	Replace / decoy-receptor or agonist (protective, soluble)	Prioritized target (transcript-level)	Panel E (novelty-priority map)	Protein-level pQTL-MR + coloc in an independent plasma pQTL panel (UKB-PPP/deCODE); then over-expression/supplementation in relevant primary cells	Prioritize: obtain plasma pQTL to upgrade to protein-level
263	Other puerperal infections	Other	Monocyte differentiation antigen CD14	CD14	Cancer-related genes, CD markers, Human disease related genes, Plasma proteins, Predicted secreted proteins, Transporters	HLA/Antigen presentation	High (secreted to blood)	NA (train PIRS)	NA	NA (train PIRS)	NA (train PIRS)	NA (train PIRS)	NA (train PIRS)	1.496	1.56e-02	yes	0.985	yes (PP.H4>=0.8)	no	no	not tested	not an approved target	Low-moderate	2.679	4	Prioritized causal target (transcript-level)	Causal-only (PIRS not trained)	Block (antagonist / neutralizing antibody / small molecule)	Prioritized target (transcript-level)	Panel E (novelty-priority map)	Protein-level pQTL-MR + coloc in an independent plasma pQTL panel (UKB-PPP/deCODE); then neutralization/knockdown in relevant primary cells	Prioritize: obtain plasma pQTL to upgrade to protein-level
264	Primary biliary cholangitis (PBC)	Gastrointestinal	Interleukin-12 receptor subunit beta-2	IL12RB2	Human disease related genes, Predicted intracellular proteins, Predicted membrane proteins	Cytokine/Interleukin	High (soluble receptor / shed)	NA (train PIRS)	NA	NA (train PIRS)	NA (train PIRS)	NA (train PIRS)	NA (train PIRS)	2.101	5.30e-05	yes	0.986	yes (PP.H4>=0.8)	no	no	not tested	not an approved target	Low-moderate	2.674	4	Prioritized causal target (transcript-level)	Causal-only (PIRS not trained)	Block (antagonist / neutralizing antibody / small molecule)	Prioritized target (transcript-level)	Panel E (novelty-priority map)	Protein-level pQTL-MR + coloc in an independent plasma pQTL panel (UKB-PPP/deCODE); then neutralization/knockdown in relevant primary cells	Prioritize: obtain plasma pQTL to upgrade to protein-level
265	Hypothyroidism, drug reimbursement	Metabolic/Endocrine	Tumor necrosis factor receptor superfamily member 4	TNFRSF4	Cancer-related genes, CD markers, Disease related genes, Human disease related genes, Predicted intracellular proteins, Predicted membrane proteins	Immune checkpoint	High (soluble receptor / shed)	NA (train PIRS)	NA	NA (train PIRS)	NA (train PIRS)	NA (train PIRS)	NA (train PIRS)	1.36	1.17e-02	yes	0.952	yes (PP.H4>=0.8)	no	no	not tested	not an approved target	Low-moderate	2.672	4	Prioritized causal target (transcript-level)	Causal-only (PIRS not trained)	Block (antagonist / neutralizing antibody / small molecule)	Prioritized target (transcript-level)	Panel E (novelty-priority map)	Protein-level pQTL-MR + coloc in an independent plasma pQTL panel (UKB-PPP/deCODE); then neutralization/knockdown in relevant primary cells	Prioritize: obtain plasma pQTL to upgrade to protein-level
266	Paraplegia, diplegia of upper limbs	Neurological/Psychiatric	Microtubule-associated proteins 1A/1B light chain 3A	MAP1LC3A	Predicted intracellular proteins	Immune-cell-enriched	Measured (Olink Explore panel)	NA (train PIRS)	NA	NA (train PIRS)	NA (train PIRS)	NA (train PIRS)	NA (train PIRS)	0.638	4.68e-02	yes	0.901	yes (PP.H4>=0.8)	no	no	not tested	not an approved target	Uncertain	2.667	4	Prioritized causal target (transcript-level)	Causal-only (PIRS not trained)	Agonize (protective; intracellular route caution)	Prioritized target (transcript-level)	Panel E (novelty-priority map)	Protein-level pQTL-MR + coloc in an independent plasma pQTL panel (UKB-PPP/deCODE); then over-expression/supplementation in relevant primary cells	Prioritize: obtain plasma pQTL to upgrade to protein-level
267	Diabetic retinopathy	Metabolic/Endocrine	Cadherin-2	CDH2	CD markers, Disease related genes, Human disease related genes, Plasma proteins, Predicted intracellular proteins, Predicted membrane proteins	Immune-cell-enriched	Measured (Olink Explore panel)	NA (train PIRS)	NA	NA (train PIRS)	NA (train PIRS)	NA (train PIRS)	NA (train PIRS)	1.151	1.64e-02	yes	0.975	yes (PP.H4>=0.8)	no	no	not tested	not an approved target	Low-moderate	2.666	4	Prioritized causal target (transcript-level)	Causal-only (PIRS not trained)	Block (antagonist / neutralizing antibody / small molecule)	Prioritized target (transcript-level)	Panel E (novelty-priority map)	Protein-level pQTL-MR + coloc in an independent plasma pQTL panel (UKB-PPP/deCODE); then neutralization/knockdown in relevant primary cells	Prioritize: obtain plasma pQTL to upgrade to protein-level
268	Hypothyroidism, drug reimbursement	Metabolic/Endocrine	Carbonic anhydrase-related protein	CA8	Cancer-related genes, Disease related genes, Human disease related genes, Predicted intracellular proteins	Immune-cell-enriched	Measured (Olink Explore panel)	NA (train PIRS)	NA	NA (train PIRS)	NA (train PIRS)	NA (train PIRS)	NA (train PIRS)	0.721	4.15e-02	yes	0.884	yes (PP.H4>=0.8)	no	no	not tested	not an approved target	Uncertain	2.66	4	Prioritized causal target (transcript-level)	Causal-only (PIRS not trained)	Agonize (protective; intracellular route caution)	Prioritized target (transcript-level)	Panel E (novelty-priority map)	Protein-level pQTL-MR + coloc in an independent plasma pQTL panel (UKB-PPP/deCODE); then over-expression/supplementation in relevant primary cells	Prioritize: obtain plasma pQTL to upgrade to protein-level
269	Calcific aortic valvular stenosis, operated	Cardiovascular	Codanin-1	CDAN1	Disease related genes, Essential proteins, Human disease related genes, Plasma proteins, Predicted intracellular proteins, Predicted membrane proteins	Immune-cell-enriched	Measured (Olink Explore panel)	NA (train PIRS)	NA	NA (train PIRS)	NA (train PIRS)	NA (train PIRS)	NA (train PIRS)	2.331	1.27e-05	yes	0.84	yes (PP.H4>=0.8)	no	no	not tested	not an approved target	Low-moderate	2.652	4	Prioritized causal target (transcript-level)	Causal-only (PIRS not trained)	Block (antagonist / neutralizing antibody / small molecule)	Prioritized target (transcript-level)	Panel E (novelty-priority map)	Protein-level pQTL-MR + coloc in an independent plasma pQTL panel (UKB-PPP/deCODE); then neutralization/knockdown in relevant primary cells	Prioritize: obtain plasma pQTL to upgrade to protein-level
270	Basal cell carcinoma, excluding all cancers (controls excluding all cancers)	Neoplasm	Paired immunoglobulin-like type 2 receptor beta	PILRB	Predicted intracellular proteins, Predicted membrane proteins	Immune-cell-enriched	High (soluble receptor / shed)	NA (train PIRS)	NA	NA (train PIRS)	NA (train PIRS)	NA (train PIRS)	NA (train PIRS)	0.93	3.08e-05	yes	0.912	yes (PP.H4>=0.8)	no	no	not tested	not an approved target	Low-moderate	2.648	4	Prioritized causal target (transcript-level)	Causal-only (PIRS not trained)	Replace / decoy-receptor or agonist (protective, soluble)	Prioritized target (transcript-level)	Panel E (novelty-priority map)	Protein-level pQTL-MR + coloc in an independent plasma pQTL panel (UKB-PPP/deCODE); then over-expression/supplementation in relevant primary cells	Prioritize: obtain plasma pQTL to upgrade to protein-level
271	Pollen allergy	Respiratory	Tumor necrosis factor receptor superfamily member 4	TNFRSF4	Cancer-related genes, CD markers, Disease related genes, Human disease related genes, Predicted intracellular proteins, Predicted membrane proteins	Immune checkpoint	High (soluble receptor / shed)	NA (train PIRS)	NA	NA (train PIRS)	NA (train PIRS)	NA (train PIRS)	NA (train PIRS)	0.729	1.40e-02	yes	0.944	yes (PP.H4>=0.8)	no	no	not tested	not an approved target	Low-moderate	2.648	4	Prioritized causal target (transcript-level)	Causal-only (PIRS not trained)	Replace / decoy-receptor or agonist (protective, soluble)	Prioritized target (transcript-level)	Panel E (novelty-priority map)	Protein-level pQTL-MR + coloc in an independent plasma pQTL panel (UKB-PPP/deCODE); then over-expression/supplementation in relevant primary cells	Prioritize: obtain plasma pQTL to upgrade to protein-level
272	Shoulder lesions	Musculoskeletal	Synaptic vesicle membrane protein VAT-1 homolog	VAT1	Plasma proteins, Predicted intracellular proteins	Immune-cell-enriched	Measured (Olink Explore panel)	NA (train PIRS)	NA	NA (train PIRS)	NA (train PIRS)	NA (train PIRS)	NA (train PIRS)	0.899	2.59e-02	yes	0.827	yes (PP.H4>=0.8)	no	no	not tested	not an approved target	Uncertain	2.644	4	Prioritized causal target (transcript-level)	Causal-only (PIRS not trained)	Agonize (protective; intracellular route caution)	Prioritized target (transcript-level)	Panel E (novelty-priority map)	Protein-level pQTL-MR + coloc in an independent plasma pQTL panel (UKB-PPP/deCODE); then over-expression/supplementation in relevant primary cells	Prioritize: obtain plasma pQTL to upgrade to protein-level
273	Dermatitis and eczema	Dermatological	Reticulon-4 receptor	RTN4R	Disease related genes, Human disease related genes, Predicted membrane proteins	Immune-cell-enriched	High (soluble receptor / shed)	NA (train PIRS)	NA	NA (train PIRS)	NA (train PIRS)	NA (train PIRS)	NA (train PIRS)	1.65	1.70e-02	yes	0.953	yes (PP.H4>=0.8)	no	no	not tested	not an approved target	Low-moderate	2.64	4	Prioritized causal target (transcript-level)	Causal-only (PIRS not trained)	Block (antagonist / neutralizing antibody / small molecule)	Prioritized target (transcript-level)	Panel E (novelty-priority map)	Protein-level pQTL-MR + coloc in an independent plasma pQTL panel (UKB-PPP/deCODE); then neutralization/knockdown in relevant primary cells	Prioritize: obtain plasma pQTL to upgrade to protein-level
274	Other diseases of upper respiratory tract	Respiratory	Interleukin-10	IL10	Cancer-related genes, Candidate cardiovascular disease genes, Human disease related genes, Plasma proteins, Predicted intracellular proteins, Predicted secreted proteins	Cytokine/Interleukin	High (secreted to blood)	NA (train PIRS)	NA	NA (train PIRS)	NA (train PIRS)	NA (train PIRS)	NA (train PIRS)	0.885	2.14e-02	yes	0.973	yes (PP.H4>=0.8)	no	no	not tested	not an approved target	Low-moderate	2.64	4	Prioritized causal target (transcript-level)	Causal-only (PIRS not trained)	Agonize / recombinant-protein replacement (protective, secreted)	Prioritized target (transcript-level)	Panel E (novelty-priority map)	Protein-level pQTL-MR + coloc in an independent plasma pQTL panel (UKB-PPP/deCODE); then over-expression/supplementation in relevant primary cells	Prioritize: obtain plasma pQTL to upgrade to protein-level
275	Hypothyroidism, drug reimbursement	Metabolic/Endocrine	Thyroglobulin	TG	Cancer-related genes, Disease related genes, Human disease related genes, Plasma proteins, Predicted intracellular proteins, Predicted secreted proteins	Immune-cell-enriched	High (secreted to blood)	NA (train PIRS)	NA	NA (train PIRS)	NA (train PIRS)	NA (train PIRS)	NA (train PIRS)	1.321	3.91e-03	yes	0.824	yes (PP.H4>=0.8)	no	no	not tested	not an approved target	Low-moderate	2.639	4	Prioritized causal target (transcript-level)	Causal-only (PIRS not trained)	Block (antagonist / neutralizing antibody / small molecule)	Prioritized target (transcript-level)	Panel E (novelty-priority map)	Protein-level pQTL-MR + coloc in an independent plasma pQTL panel (UKB-PPP/deCODE); then neutralization/knockdown in relevant primary cells	Prioritize: obtain plasma pQTL to upgrade to protein-level
276	Atopic dermatitis	Dermatological	DNA-binding protein SATB1	SATB1	Disease related genes, Plasma proteins, Predicted intracellular proteins, Transcription factors	Immune-cell-enriched	Measured (Olink Explore panel)	NA (train PIRS)	NA	NA (train PIRS)	NA (train PIRS)	NA (train PIRS)	NA (train PIRS)	1.406	1.61e-06	yes	0.976	yes (PP.H4>=0.8)	no	no	not tested	not an approved target	Uncertain	2.634	4	Prioritized causal target (transcript-level)	Causal-only (PIRS not trained)	Block (antagonist / neutralizing antibody / small molecule)	Prioritized target (transcript-level)	Panel E (novelty-priority map)	Protein-level pQTL-MR + coloc in an independent plasma pQTL panel (UKB-PPP/deCODE); then neutralization/knockdown in relevant primary cells	Prioritize: obtain plasma pQTL to upgrade to protein-level
277	Retinal detachment with retinal break	Ophthalmological	Complement decay-accelerating factor	CD55	Blood group antigen proteins, CD markers, Disease related genes, Human disease related genes, Plasma proteins, Predicted intracellular proteins, Predicted membrane proteins, Predicted secreted proteins	Complement/Coagulation	High (secreted to blood)	NA (train PIRS)	NA	NA (train PIRS)	NA (train PIRS)	NA (train PIRS)	NA (train PIRS)	0.859	5.45e-04	yes	0.81	yes (PP.H4>=0.8)	no	no	replicated (FinnGen + UK Biobank)	not an approved target	Moderate	2.629	4	Prioritized causal target (transcript-level)	Causal-only (PIRS not trained)	Agonize / recombinant-protein replacement (protective, secreted)	Prioritized target (transcript-level)	Panel E (novelty-priority map)	Protein-level pQTL-MR + coloc in an independent plasma pQTL panel (UKB-PPP/deCODE); then over-expression/supplementation in relevant primary cells	Prioritize: obtain plasma pQTL to upgrade to protein-level
278	Torsion of ovary, ovarian pedicle and fallopian tube	Renal/Genitourinary	Aminopeptidase N	ANPEP	CD markers, Enzymes, Metabolic proteins, Plasma proteins, Predicted membrane proteins	Immune-cell-enriched	Measured (Olink Explore panel)	NA (train PIRS)	NA	NA (train PIRS)	NA (train PIRS)	NA (train PIRS)	NA (train PIRS)	1.325	3.16e-02	yes	0.984	yes (PP.H4>=0.8)	no	no	not tested	not an approved target	Low-moderate	2.618	4	Prioritized causal target (transcript-level)	Causal-only (PIRS not trained)	Block (antagonist / neutralizing antibody / small molecule)	Prioritized target (transcript-level)	Panel E (novelty-priority map)	Protein-level pQTL-MR + coloc in an independent plasma pQTL panel (UKB-PPP/deCODE); then neutralization/knockdown in relevant primary cells	Prioritize: obtain plasma pQTL to upgrade to protein-level
279	Long labour	Other	Interleukin-10	IL10	Cancer-related genes, Candidate cardiovascular disease genes, Human disease related genes, Plasma proteins, Predicted intracellular proteins, Predicted secreted proteins	Cytokine/Interleukin	High (secreted to blood)	NA (train PIRS)	NA	NA (train PIRS)	NA (train PIRS)	NA (train PIRS)	NA (train PIRS)	1.432	3.56e-02	yes	0.983	yes (PP.H4>=0.8)	no	no	not tested	not an approved target	Low-moderate	2.607	4	Prioritized causal target (transcript-level)	Causal-only (PIRS not trained)	Block (antagonist / neutralizing antibody / small molecule)	Prioritized target (transcript-level)	Panel E (novelty-priority map)	Protein-level pQTL-MR + coloc in an independent plasma pQTL panel (UKB-PPP/deCODE); then neutralization/knockdown in relevant primary cells	Prioritize: obtain plasma pQTL to upgrade to protein-level
280	Diseases of the digestive system	Gastrointestinal	Protransforming growth factor alpha	TGFA	Cancer-related genes, Human disease related genes, Plasma proteins, Predicted membrane proteins, Predicted secreted proteins, RAS pathway related proteins	Immune-cell-enriched	High (secreted to blood)	NA (train PIRS)	NA	NA (train PIRS)	NA (train PIRS)	NA (train PIRS)	NA (train PIRS)	0.751	5.31e-03	yes	0.981	yes (PP.H4>=0.8)	no	no	not tested	not an approved target	Moderate	2.603	4	Prioritized causal target (transcript-level)	Causal-only (PIRS not trained)	Agonize / recombinant-protein replacement (protective, secreted)	Prioritized target (transcript-level)	Panel E (novelty-priority map)	Protein-level pQTL-MR + coloc in an independent plasma pQTL panel (UKB-PPP/deCODE); then over-expression/supplementation in relevant primary cells	Prioritize: obtain plasma pQTL to upgrade to protein-level
281	Metabolic disorders	Metabolic/Endocrine	Carbonic anhydrase-related protein	CA8	Cancer-related genes, Disease related genes, Human disease related genes, Predicted intracellular proteins	Immune-cell-enriched	Measured (Olink Explore panel)	NA (train PIRS)	NA	NA (train PIRS)	NA (train PIRS)	NA (train PIRS)	NA (train PIRS)	0.876	3.62e-02	yes	0.815	yes (PP.H4>=0.8)	no	no	not tested	not an approved target	Uncertain	2.603	4	Prioritized causal target (transcript-level)	Causal-only (PIRS not trained)	Agonize (protective; intracellular route caution)	Prioritized target (transcript-level)	Panel E (novelty-priority map)	Protein-level pQTL-MR + coloc in an independent plasma pQTL panel (UKB-PPP/deCODE); then over-expression/supplementation in relevant primary cells	Prioritize: obtain plasma pQTL to upgrade to protein-level
282	Substance use, excluding alcohol	Neurological/Psychiatric	Dual specificity protein phosphatase 13 isoform A	DUSP13	Enzymes, Predicted intracellular proteins, Predicted membrane proteins	Immune-cell-enriched	Measured (Olink Explore panel)	NA (train PIRS)	NA	NA (train PIRS)	NA (train PIRS)	NA (train PIRS)	NA (train PIRS)	4.281	2.51e-02	yes	0.943	yes (PP.H4>=0.8)	no	no	not tested	not an approved target	Low-moderate	2.596	4	Prioritized causal target (transcript-level)	Causal-only (PIRS not trained)	Block (antagonist / neutralizing antibody / small molecule)	Prioritized target (transcript-level)	Panel E (novelty-priority map)	Protein-level pQTL-MR + coloc in an independent plasma pQTL panel (UKB-PPP/deCODE); then neutralization/knockdown in relevant primary cells	Prioritize: obtain plasma pQTL to upgrade to protein-level
283	Rheumatoid arthritis	Musculoskeletal	Myosin light chain 6B	MYL6B	Plasma proteins, Predicted intracellular proteins	Immune-cell-enriched	Measured (Olink Explore panel)	NA (train PIRS)	NA	NA (train PIRS)	NA (train PIRS)	NA (train PIRS)	NA (train PIRS)	1.396	4.27e-02	yes	0.81	yes (PP.H4>=0.8)	no	no	replicated	not an approved target	Uncertain	2.584	4	Prioritized causal target (transcript-level)	Causal-only (PIRS not trained)	Block (antagonist / neutralizing antibody / small molecule)	Prioritized target (transcript-level)	Panel E (novelty-priority map)	Protein-level pQTL-MR + coloc in an independent plasma pQTL panel (UKB-PPP/deCODE); then neutralization/knockdown in relevant primary cells	Prioritize: obtain plasma pQTL to upgrade to protein-level
284	Type 1 diabetes, definitions combined	Metabolic/Endocrine	N-fatty-acyl-amino acid synthase/hydrolase PM20D1	PM20D1	Enzymes, Predicted secreted proteins	Immune-cell-enriched	High (secreted to blood)	NA (train PIRS)	NA	NA (train PIRS)	NA (train PIRS)	NA (train PIRS)	NA (train PIRS)	0.758	2.41e-02	yes	0.918	yes (PP.H4>=0.8)	no	no	not tested	not an approved target	Low-moderate	2.575	4	Prioritized causal target (transcript-level)	Causal-only (PIRS not trained)	Agonize / recombinant-protein replacement (protective, secreted)	Prioritized target (transcript-level)	Panel E (novelty-priority map)	Protein-level pQTL-MR + coloc in an independent plasma pQTL panel (UKB-PPP/deCODE); then over-expression/supplementation in relevant primary cells	Prioritize: obtain plasma pQTL to upgrade to protein-level
285	Dorsalgia	Musculoskeletal	Membrane cofactor protein	CD46	Cancer-related genes, CD markers, Disease related genes, Human disease related genes, Plasma proteins, Predicted intracellular proteins, Predicted membrane proteins	Complement/Coagulation	Measured (Olink Explore panel)	NA (train PIRS)	NA	NA (train PIRS)	NA (train PIRS)	NA (train PIRS)	NA (train PIRS)	0.681	3.30e-02	yes	0.936	yes (PP.H4>=0.8)	no	no	not tested	not an approved target	Low-moderate	2.566	4	Prioritized causal target (transcript-level)	Causal-only (PIRS not trained)	Agonize (protective; intracellular route caution)	Prioritized target (transcript-level)	Panel E (novelty-priority map)	Protein-level pQTL-MR + coloc in an independent plasma pQTL panel (UKB-PPP/deCODE); then over-expression/supplementation in relevant primary cells	Prioritize: obtain plasma pQTL to upgrade to protein-level
286	Other dorsopathies, not elsewhere classified	Musculoskeletal	Membrane cofactor protein	CD46	Cancer-related genes, CD markers, Disease related genes, Human disease related genes, Plasma proteins, Predicted intracellular proteins, Predicted membrane proteins	Complement/Coagulation	Measured (Olink Explore panel)	NA (train PIRS)	NA	NA (train PIRS)	NA (train PIRS)	NA (train PIRS)	NA (train PIRS)	0.709	3.27e-02	yes	0.933	yes (PP.H4>=0.8)	no	no	not tested	not an approved target	Low-moderate	2.564	4	Prioritized causal target (transcript-level)	Causal-only (PIRS not trained)	Agonize (protective; intracellular route caution)	Prioritized target (transcript-level)	Panel E (novelty-priority map)	Protein-level pQTL-MR + coloc in an independent plasma pQTL panel (UKB-PPP/deCODE); then over-expression/supplementation in relevant primary cells	Prioritize: obtain plasma pQTL to upgrade to protein-level
287	Disorders of choroid and retina	Ophthalmological	Cadherin-2	CDH2	CD markers, Disease related genes, Human disease related genes, Plasma proteins, Predicted intracellular proteins, Predicted membrane proteins	Immune-cell-enriched	Measured (Olink Explore panel)	NA (train PIRS)	NA	NA (train PIRS)	NA (train PIRS)	NA (train PIRS)	NA (train PIRS)	1.075	4.44e-02	yes	0.942	yes (PP.H4>=0.8)	no	no	not tested	not an approved target	Low-moderate	2.546	4	Prioritized causal target (transcript-level)	Causal-only (PIRS not trained)	Block (antagonist / neutralizing antibody / small molecule)	Prioritized target (transcript-level)	Panel E (novelty-priority map)	Protein-level pQTL-MR + coloc in an independent plasma pQTL panel (UKB-PPP/deCODE); then neutralization/knockdown in relevant primary cells	Prioritize: obtain plasma pQTL to upgrade to protein-level
288	Ulcerative proctitis	Gastrointestinal	N-fatty-acyl-amino acid synthase/hydrolase PM20D1	PM20D1	Enzymes, Predicted secreted proteins	Immune-cell-enriched	High (secreted to blood)	NA (train PIRS)	NA	NA (train PIRS)	NA (train PIRS)	NA (train PIRS)	NA (train PIRS)	0.704	4.89e-02	yes	0.913	yes (PP.H4>=0.8)	no	no	not tested	not an approved target	Low-moderate	2.508	4	Prioritized causal target (transcript-level)	Causal-only (PIRS not trained)	Agonize / recombinant-protein replacement (protective, secreted)	Prioritized target (transcript-level)	Panel E (novelty-priority map)	Protein-level pQTL-MR + coloc in an independent plasma pQTL panel (UKB-PPP/deCODE); then over-expression/supplementation in relevant primary cells	Prioritize: obtain plasma pQTL to upgrade to protein-level
289	Anogenital herpesviral [herpes simplex] infection	Infection	Layilin	LAYN	Predicted intracellular proteins, Predicted membrane proteins	Immune-cell-enriched	Measured (Olink Explore panel)	NA (train PIRS)	NA	NA (train PIRS)	NA (train PIRS)	NA (train PIRS)	NA (train PIRS)	4.205	4.42e-04	yes	0.995	yes (PP.H4>=0.8)	no	no	not tested	not an approved target	Low-moderate	2.499	4	Prioritized causal target (transcript-level)	Causal-only (PIRS not trained)	Block (antagonist / neutralizing antibody / small molecule)	Prioritized target (transcript-level)	Panel E (novelty-priority map)	Protein-level pQTL-MR + coloc in an independent plasma pQTL panel (UKB-PPP/deCODE); then neutralization/knockdown in relevant primary cells	Prioritize: obtain plasma pQTL to upgrade to protein-level
290	Other diseases of upper respiratory tract	Respiratory	Prolow-density lipoprotein receptor-related protein 1	LRP1	Candidate cardiovascular disease genes, CD markers, Disease related genes, Human disease related genes, Plasma proteins, Potential drug targets, Predicted intracellular proteins, Predicted membrane proteins, Transporters	Immune-cell-enriched	High (soluble receptor / shed)	NA (train PIRS)	NA	NA (train PIRS)	NA (train PIRS)	NA (train PIRS)	NA (train PIRS)	1.438	3.63e-02	yes	0.873	yes (PP.H4>=0.8)	no	no	not tested	not an approved target	Low-moderate	2.495	4	Prioritized causal target (transcript-level)	Causal-only (PIRS not trained)	Block (antagonist / neutralizing antibody / small molecule)	Prioritized target (transcript-level)	Panel E (novelty-priority map)	Protein-level pQTL-MR + coloc in an independent plasma pQTL panel (UKB-PPP/deCODE); then neutralization/knockdown in relevant primary cells	Prioritize: obtain plasma pQTL to upgrade to protein-level
291	Cerebral palsy	Neurological/Psychiatric	T-cell differentiation antigen CD6	CD6	CD markers, Predicted membrane proteins, Predicted secreted proteins	CD/Leukocyte surface	High (secreted to blood)	NA (train PIRS)	NA	NA (train PIRS)	NA (train PIRS)	NA (train PIRS)	NA (train PIRS)	2.908	2.18e-02	yes	0.991	yes (PP.H4>=0.8)	no	no	not tested	not an approved target	Moderate	2.489	4	Prioritized causal target (transcript-level)	Causal-only (PIRS not trained)	Block (antagonist / neutralizing antibody / small molecule)	Prioritized target (transcript-level)	Panel E (novelty-priority map)	Protein-level pQTL-MR + coloc in an independent plasma pQTL panel (UKB-PPP/deCODE); then neutralization/knockdown in relevant primary cells	Prioritize: obtain plasma pQTL to upgrade to protein-level
292	Cholelithiasis	Gastrointestinal	G-protein coupled receptor family C group 5 member C	GPRC5C	G-protein coupled receptors, Predicted intracellular proteins, Predicted membrane proteins, Transporters	Immune-cell-enriched	High (soluble receptor / shed)	NA (train PIRS)	NA	NA (train PIRS)	NA (train PIRS)	NA (train PIRS)	NA (train PIRS)	0.932	7.01e-04	yes	0.998	yes (PP.H4>=0.8)	no	no	not tested	not an approved target	Low-moderate	2.462	4	Prioritized causal target (transcript-level)	Causal-only (PIRS not trained)	Replace / decoy-receptor or agonist (protective, soluble)	Prioritized target (transcript-level)	Panel E (novelty-priority map)	Protein-level pQTL-MR + coloc in an independent plasma pQTL panel (UKB-PPP/deCODE); then over-expression/supplementation in relevant primary cells	Prioritize: obtain plasma pQTL to upgrade to protein-level
293	Malignant melanoma of skin, excluding all cancers (controls excluding all cancers)	Neoplasm	Seizure protein 6 homolog	SEZ6	Predicted intracellular proteins, Predicted membrane proteins	Immune-cell-enriched	Measured (Olink Explore panel)	NA (train PIRS)	NA	NA (train PIRS)	NA (train PIRS)	NA (train PIRS)	NA (train PIRS)	20.368	3.84e-04	yes	0.939	yes (PP.H4>=0.8)	no	no	not tested	not an approved target	Low-moderate	2.456	4	Prioritized causal target (transcript-level)	Causal-only (PIRS not trained)	Block (antagonist / neutralizing antibody / small molecule)	Prioritized target (transcript-level)	Panel E (novelty-priority map)	Protein-level pQTL-MR + coloc in an independent plasma pQTL panel (UKB-PPP/deCODE); then neutralization/knockdown in relevant primary cells	Prioritize: obtain plasma pQTL to upgrade to protein-level
294	Other cataract	Ophthalmological	Complement decay-accelerating factor	CD55	Blood group antigen proteins, CD markers, Disease related genes, Human disease related genes, Plasma proteins, Predicted intracellular proteins, Predicted membrane proteins, Predicted secreted proteins	Complement/Coagulation	High (secreted to blood)	NA (train PIRS)	NA	NA (train PIRS)	NA (train PIRS)	NA (train PIRS)	NA (train PIRS)	0.939	1.80e-02	yes	0.922	yes (PP.H4>=0.8)	no	no	not tested	not an approved target	Moderate	2.437	4	Prioritized causal target (transcript-level)	Causal-only (PIRS not trained)	Agonize / recombinant-protein replacement (protective, secreted)	Prioritized target (transcript-level)	Panel E (novelty-priority map)	Protein-level pQTL-MR + coloc in an independent plasma pQTL panel (UKB-PPP/deCODE); then over-expression/supplementation in relevant primary cells	Prioritize: obtain plasma pQTL to upgrade to protein-level
295	Soft tissue disorders	Musculoskeletal	Dual specificity protein phosphatase 13 isoform A	DUSP13	Enzymes, Predicted intracellular proteins, Predicted membrane proteins	Immune-cell-enriched	Measured (Olink Explore panel)	NA (train PIRS)	NA	NA (train PIRS)	NA (train PIRS)	NA (train PIRS)	NA (train PIRS)	1.512	3.46e-02	yes	0.811	yes (PP.H4>=0.8)	no	no	not tested	not an approved target	Low-moderate	2.436	4	Prioritized causal target (transcript-level)	Causal-only (PIRS not trained)	Block (antagonist / neutralizing antibody / small molecule)	Prioritized target (transcript-level)	Panel E (novelty-priority map)	Protein-level pQTL-MR + coloc in an independent plasma pQTL panel (UKB-PPP/deCODE); then neutralization/knockdown in relevant primary cells	Prioritize: obtain plasma pQTL to upgrade to protein-level
296	Shoulder lesions	Musculoskeletal	Dual specificity protein phosphatase 13 isoform A	DUSP13	Enzymes, Predicted intracellular proteins, Predicted membrane proteins	Immune-cell-enriched	Measured (Olink Explore panel)	NA (train PIRS)	NA	NA (train PIRS)	NA (train PIRS)	NA (train PIRS)	NA (train PIRS)	1.905	3.55e-02	yes	0.809	yes (PP.H4>=0.8)	no	no	replicated (FinnGen + UK Biobank)	not an approved target	Low-moderate	2.432	4	Prioritized causal target (transcript-level)	Causal-only (PIRS not trained)	Block (antagonist / neutralizing antibody / small molecule)	Prioritized target (transcript-level)	Panel E (novelty-priority map)	Protein-level pQTL-MR + coloc in an independent plasma pQTL panel (UKB-PPP/deCODE); then neutralization/knockdown in relevant primary cells	Prioritize: obtain plasma pQTL to upgrade to protein-level
297	nan	Other	Receptor-type tyrosine-protein phosphatase N2	PTPRN2	Disease related genes, Enzymes, Potential drug targets, Predicted intracellular proteins, Predicted membrane proteins, Transporters	Immune-cell-enriched	High (soluble receptor / shed)	NA (train PIRS)	NA	NA (train PIRS)	NA (train PIRS)	NA (train PIRS)	NA (train PIRS)	0.925	6.37e-04	yes	0.957	yes (PP.H4>=0.8)	no	no	not tested	not an approved target	Low-moderate	2.43	4	Prioritized causal target (transcript-level)	Causal-only (PIRS not trained)	Replace / decoy-receptor or agonist (protective, soluble)	Prioritized target (transcript-level)	Panel E (novelty-priority map)	Protein-level pQTL-MR + coloc in an independent plasma pQTL panel (UKB-PPP/deCODE); then over-expression/supplementation in relevant primary cells	Prioritize: obtain plasma pQTL to upgrade to protein-level
298	Haemangioma, any site	Neoplasm	Protocadherin-12	PCDH12	Disease related genes, Human disease related genes, Plasma proteins, Predicted membrane proteins, Predicted secreted proteins	Immune-cell-enriched	High (secreted to blood)	NA (train PIRS)	NA	NA (train PIRS)	NA (train PIRS)	NA (train PIRS)	NA (train PIRS)	0.457	3.72e-02	yes	0.954	yes (PP.H4>=0.8)	no	no	not tested	not an approved target	Moderate	2.407	4	Prioritized causal target (transcript-level)	Causal-only (PIRS not trained)	Agonize / recombinant-protein replacement (protective, secreted)	Prioritized target (transcript-level)	Panel E (novelty-priority map)	Protein-level pQTL-MR + coloc in an independent plasma pQTL panel (UKB-PPP/deCODE); then over-expression/supplementation in relevant primary cells	Prioritize: obtain plasma pQTL to upgrade to protein-level
299	Diseases of veins, lymphatic vessels and lymph nodes, not elsewhere classified	Cardiovascular	PDZ and LIM domain protein 7	PDLIM7	Predicted intracellular proteins	Immune-cell-enriched	Measured (Olink Explore panel)	NA (train PIRS)	NA	NA (train PIRS)	NA (train PIRS)	NA (train PIRS)	NA (train PIRS)	0.784	7.70e-03	yes	0.984	yes (PP.H4>=0.8)	no	no	not tested	not an approved target	Uncertain	2.406	4	Prioritized causal target (transcript-level)	Causal-only (PIRS not trained)	Agonize (protective; intracellular route caution)	Prioritized target (transcript-level)	Panel E (novelty-priority map)	Protein-level pQTL-MR + coloc in an independent plasma pQTL panel (UKB-PPP/deCODE); then over-expression/supplementation in relevant primary cells	Prioritize: obtain plasma pQTL to upgrade to protein-level
300	Haemangioma and lymphangioma, any site	Neoplasm	Protocadherin-12	PCDH12	Disease related genes, Human disease related genes, Plasma proteins, Predicted membrane proteins, Predicted secreted proteins	Immune-cell-enriched	High (secreted to blood)	NA (train PIRS)	NA	NA (train PIRS)	NA (train PIRS)	NA (train PIRS)	NA (train PIRS)	0.474	4.07e-02	yes	0.955	yes (PP.H4>=0.8)	no	no	not tested	not an approved target	Moderate	2.4	4	Prioritized causal target (transcript-level)	Causal-only (PIRS not trained)	Agonize / recombinant-protein replacement (protective, secreted)	Prioritized target (transcript-level)	Panel E (novelty-priority map)	Protein-level pQTL-MR + coloc in an independent plasma pQTL panel (UKB-PPP/deCODE); then over-expression/supplementation in relevant primary cells	Prioritize: obtain plasma pQTL to upgrade to protein-level
301	Varicose veins	Cardiovascular	Thrombomodulin	THBD	Candidate cardiovascular disease genes, CD markers, Disease related genes, Human disease related genes, Predicted membrane proteins	Immune-cell-enriched	Measured (Olink Explore panel)	NA (train PIRS)	NA	NA (train PIRS)	NA (train PIRS)	NA (train PIRS)	NA (train PIRS)	0.888	4.58e-04	yes	0.898	yes (PP.H4>=0.8)	no	no	not tested	not an approved target	Low-moderate	2.399	4	Prioritized causal target (transcript-level)	Causal-only (PIRS not trained)	Agonize (protective; intracellular route caution)	Prioritized target (transcript-level)	Panel E (novelty-priority map)	Protein-level pQTL-MR + coloc in an independent plasma pQTL panel (UKB-PPP/deCODE); then over-expression/supplementation in relevant primary cells	Prioritize: obtain plasma pQTL to upgrade to protein-level
302	Pre-eclampsia	Other	Protein kinase C-binding protein NELL2	NELL2	Plasma proteins, Predicted intracellular proteins, Predicted membrane proteins, Predicted secreted proteins	Immune-cell-enriched	High (secreted to blood)	NA (train PIRS)	NA	NA (train PIRS)	NA (train PIRS)	NA (train PIRS)	NA (train PIRS)	0.862	4.90e-02	yes	0.936	yes (PP.H4>=0.8)	no	no	not tested	not an approved target	Moderate	2.364	4	Prioritized causal target (transcript-level)	Causal-only (PIRS not trained)	Agonize / recombinant-protein replacement (protective, secreted)	Prioritized target (transcript-level)	Panel E (novelty-priority map)	Protein-level pQTL-MR + coloc in an independent plasma pQTL panel (UKB-PPP/deCODE); then over-expression/supplementation in relevant primary cells	Prioritize: obtain plasma pQTL to upgrade to protein-level
303	Basal cell carcinoma, including avohilmo, excluding all cancers (controls excluding all cancers)	Neoplasm	Paired immunoglobulin-like type 2 receptor beta	PILRB	Predicted intracellular proteins, Predicted membrane proteins	Immune-cell-enriched	High (soluble receptor / shed)	NA (train PIRS)	NA	NA (train PIRS)	NA (train PIRS)	NA (train PIRS)	NA (train PIRS)	0.937	4.21e-04	yes	0.842	yes (PP.H4>=0.8)	no	no	not tested	not an approved target	Low-moderate	2.351	4	Prioritized causal target (transcript-level)	Causal-only (PIRS not trained)	Replace / decoy-receptor or agonist (protective, soluble)	Prioritized target (transcript-level)	Panel E (novelty-priority map)	Protein-level pQTL-MR + coloc in an independent plasma pQTL panel (UKB-PPP/deCODE); then over-expression/supplementation in relevant primary cells	Prioritize: obtain plasma pQTL to upgrade to protein-level
304	Mucosal proctocolitis	Gastrointestinal	C-C motif chemokine 8	CCL8	Cancer-related genes, Predicted secreted proteins	Chemokine axis	High (secreted to blood)	NA (train PIRS)	NA	NA (train PIRS)	NA (train PIRS)	NA (train PIRS)	NA (train PIRS)	8.771	1.61e-03	yes	0.957	yes (PP.H4>=0.8)	no	no	not tested	not an approved target	Low-moderate	2.349	4	Prioritized causal target (transcript-level)	Causal-only (PIRS not trained)	Block (antagonist / neutralizing antibody / small molecule)	Prioritized target (transcript-level)	Panel E (novelty-priority map)	Protein-level pQTL-MR + coloc in an independent plasma pQTL panel (UKB-PPP/deCODE); then neutralization/knockdown in relevant primary cells	Prioritize: obtain plasma pQTL to upgrade to protein-level
305	Degeneration of macula and posterior pole	Ophthalmological	Protein numb homolog	NUMB	Cancer-related genes, Predicted intracellular proteins	Immune-cell-enriched	Measured (Olink Explore panel)	NA (train PIRS)	NA	NA (train PIRS)	NA (train PIRS)	NA (train PIRS)	NA (train PIRS)	0.707	3.23e-03	yes	0.85	yes (PP.H4>=0.8)	no	no	not tested	not an approved target	Uncertain	2.348	4	Prioritized causal target (transcript-level)	Causal-only (PIRS not trained)	Agonize (protective; intracellular route caution)	Prioritized target (transcript-level)	Panel E (novelty-priority map)	Protein-level pQTL-MR + coloc in an independent plasma pQTL panel (UKB-PPP/deCODE); then over-expression/supplementation in relevant primary cells	Prioritize: obtain plasma pQTL to upgrade to protein-level
306	Dementia, including avohilmo	Neurological/Psychiatric	Rap guanine nucleotide exchange factor 2	RAPGEF2	Disease related genes, Human disease related genes, Predicted intracellular proteins	Immune-cell-enriched	Measured (Olink Explore panel)	NA (train PIRS)	NA	NA (train PIRS)	NA (train PIRS)	NA (train PIRS)	NA (train PIRS)	1.115	1.34e-02	yes	0.967	yes (PP.H4>=0.8)	no	no	not tested	not an approved target	Uncertain	2.341	4	Prioritized causal target (transcript-level)	Causal-only (PIRS not trained)	Block (antagonist / neutralizing antibody / small molecule)	Prioritized target (transcript-level)	Panel E (novelty-priority map)	Protein-level pQTL-MR + coloc in an independent plasma pQTL panel (UKB-PPP/deCODE); then neutralization/knockdown in relevant primary cells	Prioritize: obtain plasma pQTL to upgrade to protein-level
307	nan	Other	Receptor-type tyrosine-protein phosphatase N2	PTPRN2	Disease related genes, Enzymes, Potential drug targets, Predicted intracellular proteins, Predicted membrane proteins, Transporters	Immune-cell-enriched	High (soluble receptor / shed)	NA (train PIRS)	NA	NA (train PIRS)	NA (train PIRS)	NA (train PIRS)	NA (train PIRS)	0.941	2.10e-03	yes	0.957	yes (PP.H4>=0.8)	no	no	not tested	not an approved target	Low-moderate	2.326	4	Prioritized causal target (transcript-level)	Causal-only (PIRS not trained)	Replace / decoy-receptor or agonist (protective, soluble)	Prioritized target (transcript-level)	Panel E (novelty-priority map)	Protein-level pQTL-MR + coloc in an independent plasma pQTL panel (UKB-PPP/deCODE); then over-expression/supplementation in relevant primary cells	Prioritize: obtain plasma pQTL to upgrade to protein-level
308	Retinal detachment with retinal break	Ophthalmological	Phosphoethanolamine/phosphocholine phosphatase	PHOSPHO1	Enzymes, Metabolic proteins, Predicted intracellular proteins	Immune-cell-enriched	Measured (Olink Explore panel)	NA (train PIRS)	NA	NA (train PIRS)	NA (train PIRS)	NA (train PIRS)	NA (train PIRS)	1.742	1.99e-02	yes	0.966	yes (PP.H4>=0.8)	no	no	not tested	not an approved target	Uncertain	2.306	4	Prioritized causal target (transcript-level)	Causal-only (PIRS not trained)	Block (antagonist / neutralizing antibody / small molecule)	Prioritized target (transcript-level)	Panel E (novelty-priority map)	Protein-level pQTL-MR + coloc in an independent plasma pQTL panel (UKB-PPP/deCODE); then neutralization/knockdown in relevant primary cells	Prioritize: obtain plasma pQTL to upgrade to protein-level
309	Cholelithiasis	Gastrointestinal	Peptidyl-prolyl cis-trans isomerase F, mitochondrial	PPIF	Enzymes, FDA approved drug targets, Metabolic proteins, Plasma proteins, Predicted intracellular proteins, Transporters	Immune-cell-enriched	Measured (Olink Explore panel)	NA (train PIRS)	NA	NA (train PIRS)	NA (train PIRS)	NA (train PIRS)	NA (train PIRS)	0.807	3.98e-02	yes	0.844	yes (PP.H4>=0.8)	no	no	not tested	not an approved target	Moderate	2.29	4	Prioritized causal target (transcript-level)	Causal-only (PIRS not trained)	Agonize (protective; intracellular route caution)	Prioritized target (transcript-level)	Panel E (novelty-priority map)	Protein-level pQTL-MR + coloc in an independent plasma pQTL panel (UKB-PPP/deCODE); then over-expression/supplementation in relevant primary cells	Prioritize: obtain plasma pQTL to upgrade to protein-level
310	Any dementia (more control exclusions)	Other	Rap guanine nucleotide exchange factor 2	RAPGEF2	Disease related genes, Human disease related genes, Predicted intracellular proteins	Immune-cell-enriched	Measured (Olink Explore panel)	NA (train PIRS)	NA	NA (train PIRS)	NA (train PIRS)	NA (train PIRS)	NA (train PIRS)	1.127	1.80e-02	yes	0.929	yes (PP.H4>=0.8)	no	no	not tested	not an approved target	Uncertain	2.278	4	Prioritized causal target (transcript-level)	Causal-only (PIRS not trained)	Block (antagonist / neutralizing antibody / small molecule)	Prioritized target (transcript-level)	Panel E (novelty-priority map)	Protein-level pQTL-MR + coloc in an independent plasma pQTL panel (UKB-PPP/deCODE); then neutralization/knockdown in relevant primary cells	Prioritize: obtain plasma pQTL to upgrade to protein-level
311	Noninfective enteritis and colitis	Gastrointestinal	C-C motif chemokine 8	CCL8	Cancer-related genes, Predicted secreted proteins	Chemokine axis	High (secreted to blood)	NA (train PIRS)	NA	NA (train PIRS)	NA (train PIRS)	NA (train PIRS)	NA (train PIRS)	2.797	4.31e-03	yes	0.952	yes (PP.H4>=0.8)	no	no	not tested	not an approved target	Low-moderate	2.258	4	Prioritized causal target (transcript-level)	Causal-only (PIRS not trained)	Block (antagonist / neutralizing antibody / small molecule)	Prioritized target (transcript-level)	Panel E (novelty-priority map)	Protein-level pQTL-MR + coloc in an independent plasma pQTL panel (UKB-PPP/deCODE); then neutralization/knockdown in relevant primary cells	Prioritize: obtain plasma pQTL to upgrade to protein-level
312	Degeneration of macula and posterior pole	Ophthalmological	Platelet-derived growth factor subunit B	PDGFB	Cancer-related genes, Candidate cardiovascular disease genes, Disease related genes, Human disease related genes, Plasma proteins, Predicted intracellular proteins, Predicted secreted proteins, RAS pathway related proteins	Immune-cell-enriched	High (secreted to blood)	NA (train PIRS)	NA	NA (train PIRS)	NA (train PIRS)	NA (train PIRS)	NA (train PIRS)	1.155	7.34e-03	yes	0.989	yes (PP.H4>=0.8)	no	no	not tested	not an approved target	Low-moderate	2.249	4	Prioritized causal target (transcript-level)	Causal-only (PIRS not trained)	Block (antagonist / neutralizing antibody / small molecule)	Prioritized target (transcript-level)	Panel E (novelty-priority map)	Protein-level pQTL-MR + coloc in an independent plasma pQTL panel (UKB-PPP/deCODE); then neutralization/knockdown in relevant primary cells	Prioritize: obtain plasma pQTL to upgrade to protein-level
313	Ulcerative colitis (strict definition, require KELA, min 2 HDR)	Gastrointestinal	C-C motif chemokine 8	CCL8	Cancer-related genes, Predicted secreted proteins	Chemokine axis	High (secreted to blood)	NA (train PIRS)	NA	NA (train PIRS)	NA (train PIRS)	NA (train PIRS)	NA (train PIRS)	6.056	5.55e-03	yes	0.957	yes (PP.H4>=0.8)	no	no	not tested	not an approved target	Low-moderate	2.241	4	Prioritized causal target (transcript-level)	Causal-only (PIRS not trained)	Block (antagonist / neutralizing antibody / small molecule)	Prioritized target (transcript-level)	Panel E (novelty-priority map)	Protein-level pQTL-MR + coloc in an independent plasma pQTL panel (UKB-PPP/deCODE); then neutralization/knockdown in relevant primary cells	Prioritize: obtain plasma pQTL to upgrade to protein-level
314	Venous thromboembolism	Cardiovascular	PDZ and LIM domain protein 7	PDLIM7	Predicted intracellular proteins	Immune-cell-enriched	Measured (Olink Explore panel)	NA (train PIRS)	NA	NA (train PIRS)	NA (train PIRS)	NA (train PIRS)	NA (train PIRS)	0.718	3.81e-02	yes	0.955	yes (PP.H4>=0.8)	no	no	not tested	not an approved target	Uncertain	2.239	4	Prioritized causal target (transcript-level)	Causal-only (PIRS not trained)	Agonize (protective; intracellular route caution)	Prioritized target (transcript-level)	Panel E (novelty-priority map)	Protein-level pQTL-MR + coloc in an independent plasma pQTL panel (UKB-PPP/deCODE); then over-expression/supplementation in relevant primary cells	Prioritize: obtain plasma pQTL to upgrade to protein-level
315	Adenomyosis (Endometriosis of uterus)	Renal/Genitourinary	Probable serine carboxypeptidase CPVL	CPVL	Enzymes, Predicted intracellular proteins	Immune-cell-enriched	Measured (Olink Explore panel)	NA (train PIRS)	NA	NA (train PIRS)	NA (train PIRS)	NA (train PIRS)	NA (train PIRS)	0.86	4.67e-02	yes	0.969	yes (PP.H4>=0.8)	no	no	not tested	not an approved target	Uncertain	2.235	4	Prioritized causal target (transcript-level)	Causal-only (PIRS not trained)	Agonize (protective; intracellular route caution)	Prioritized target (transcript-level)	Panel E (novelty-priority map)	Protein-level pQTL-MR + coloc in an independent plasma pQTL panel (UKB-PPP/deCODE); then over-expression/supplementation in relevant primary cells	Prioritize: obtain plasma pQTL to upgrade to protein-level
316	Inflammatory bowel disease, strict (require KELA)	Gastrointestinal	C-C motif chemokine 8	CCL8	Cancer-related genes, Predicted secreted proteins	Chemokine axis	High (secreted to blood)	NA (train PIRS)	NA	NA (train PIRS)	NA (train PIRS)	NA (train PIRS)	NA (train PIRS)	4.247	7.89e-03	yes	0.955	yes (PP.H4>=0.8)	no	no	not tested	not an approved target	Low-moderate	2.208	4	Prioritized causal target (transcript-level)	Causal-only (PIRS not trained)	Block (antagonist / neutralizing antibody / small molecule)	Prioritized target (transcript-level)	Panel E (novelty-priority map)	Protein-level pQTL-MR + coloc in an independent plasma pQTL panel (UKB-PPP/deCODE); then neutralization/knockdown in relevant primary cells	Prioritize: obtain plasma pQTL to upgrade to protein-level
317	Corneal scars and opacities	Ophthalmological	C-X-C motif chemokine 6	CXCL6	Predicted secreted proteins	Chemokine axis	High (secreted to blood)	NA (train PIRS)	NA	NA (train PIRS)	NA (train PIRS)	NA (train PIRS)	NA (train PIRS)	15.162	9.63e-03	yes	0.964	yes (PP.H4>=0.8)	no	no	not tested	not an approved target	Low-moderate	2.201	4	Prioritized causal target (transcript-level)	Causal-only (PIRS not trained)	Block (antagonist / neutralizing antibody / small molecule)	Prioritized target (transcript-level)	Panel E (novelty-priority map)	Protein-level pQTL-MR + coloc in an independent plasma pQTL panel (UKB-PPP/deCODE); then neutralization/knockdown in relevant primary cells	Prioritize: obtain plasma pQTL to upgrade to protein-level
318	Diseases of veins, lymphatic vessels and lymph nodes, not elsewhere classified	Cardiovascular	Monocarboxylate transporter 1	SLC16A1	Disease related genes, Human disease related genes, Metabolic proteins, Potential drug targets, Predicted membrane proteins, Transporters	Immune-cell-enriched	Measured (Olink Explore panel)	NA (train PIRS)	NA	NA (train PIRS)	NA (train PIRS)	NA (train PIRS)	NA (train PIRS)	0.798	1.03e-02	yes	0.966	yes (PP.H4>=0.8)	no	no	not tested	not an approved target	Low-moderate	2.196	4	Prioritized causal target (transcript-level)	Causal-only (PIRS not trained)	Agonize (protective; intracellular route caution)	Prioritized target (transcript-level)	Panel E (novelty-priority map)	Protein-level pQTL-MR + coloc in an independent plasma pQTL panel (UKB-PPP/deCODE); then over-expression/supplementation in relevant primary cells	Prioritize: obtain plasma pQTL to upgrade to protein-level
319	Coeliac disease	Gastrointestinal	Protein numb homolog	NUMB	Cancer-related genes, Predicted intracellular proteins	Immune-cell-enriched	Measured (Olink Explore panel)	NA (train PIRS)	NA	NA (train PIRS)	NA (train PIRS)	NA (train PIRS)	NA (train PIRS)	0.565	4.33e-02	yes	0.902	yes (PP.H4>=0.8)	no	no	not covered	not an approved target	Uncertain	2.174	4	Prioritized causal target (transcript-level)	Causal-only (PIRS not trained)	Agonize (protective; intracellular route caution)	Prioritized target (transcript-level)	Panel E (novelty-priority map)	Protein-level pQTL-MR + coloc in an independent plasma pQTL panel (UKB-PPP/deCODE); then over-expression/supplementation in relevant primary cells	Prioritize: obtain plasma pQTL to upgrade to protein-level
320	Cholecystectomy	Gastrointestinal	C-type lectin domain family 10 member A	CLEC10A	CD markers, Predicted intracellular proteins, Predicted membrane proteins	Immune-cell-enriched	Measured (Olink Explore panel)	NA (train PIRS)	NA	NA (train PIRS)	NA (train PIRS)	NA (train PIRS)	NA (train PIRS)	0.882	1.68e-02	yes	0.985	yes (PP.H4>=0.8)	no	no	not tested	not an approved target	Low-moderate	2.173	4	Prioritized causal target (transcript-level)	Causal-only (PIRS not trained)	Agonize (protective; intracellular route caution)	Prioritized target (transcript-level)	Panel E (novelty-priority map)	Protein-level pQTL-MR + coloc in an independent plasma pQTL panel (UKB-PPP/deCODE); then over-expression/supplementation in relevant primary cells	Prioritize: obtain plasma pQTL to upgrade to protein-level
321	Medical abortion	Other	PDZ and LIM domain protein 7	PDLIM7	Predicted intracellular proteins	Immune-cell-enriched	Measured (Olink Explore panel)	NA (train PIRS)	NA	NA (train PIRS)	NA (train PIRS)	NA (train PIRS)	NA (train PIRS)	0.772	4.94e-02	yes	0.909	yes (PP.H4>=0.8)	no	no	not tested	not an approved target	Uncertain	2.171	4	Prioritized causal target (transcript-level)	Causal-only (PIRS not trained)	Agonize (protective; intracellular route caution)	Prioritized target (transcript-level)	Panel E (novelty-priority map)	Protein-level pQTL-MR + coloc in an independent plasma pQTL panel (UKB-PPP/deCODE); then over-expression/supplementation in relevant primary cells	Prioritize: obtain plasma pQTL to upgrade to protein-level
322	Somatoform disorder	Neurological/Psychiatric	Integrin alpha-6	ITGA6	Cancer-related genes, CD markers, Disease related genes, Human disease related genes, Plasma proteins, Potential drug targets, Predicted intracellular proteins, Predicted membrane proteins, Transporters	Immune-cell-enriched	Measured (Olink Explore panel)	NA (train PIRS)	NA	NA (train PIRS)	NA (train PIRS)	NA (train PIRS)	NA (train PIRS)	0.358	1.55e-02	yes	0.969	yes (PP.H4>=0.8)	no	no	not tested	not an approved target	Low-moderate	2.165	4	Prioritized causal target (transcript-level)	Causal-only (PIRS not trained)	Agonize (protective; intracellular route caution)	Prioritized target (transcript-level)	Panel E (novelty-priority map)	Protein-level pQTL-MR + coloc in an independent plasma pQTL panel (UKB-PPP/deCODE); then over-expression/supplementation in relevant primary cells	Prioritize: obtain plasma pQTL to upgrade to protein-level
323	Disorders of the thyroid gland	Metabolic/Endocrine	C-type lectin domain family 4 member C	CLEC4C	CD markers, Predicted intracellular proteins, Predicted membrane proteins	Immune-cell-enriched	Measured (Olink Explore panel)	NA (train PIRS)	NA	NA (train PIRS)	NA (train PIRS)	NA (train PIRS)	NA (train PIRS)	0.969	1.70e-02	yes	0.974	yes (PP.H4>=0.8)	no	no	not tested	not an approved target	Low-moderate	2.161	4	Prioritized causal target (transcript-level)	Causal-only (PIRS not trained)	Agonize (protective; intracellular route caution)	Prioritized target (transcript-level)	Panel E (novelty-priority map)	Protein-level pQTL-MR + coloc in an independent plasma pQTL panel (UKB-PPP/deCODE); then over-expression/supplementation in relevant primary cells	Prioritize: obtain plasma pQTL to upgrade to protein-level
324	Coronary atherosclerosis	Cardiovascular	Scavenger receptor class B member 1	SCARB1	Metabolic proteins, Predicted intracellular proteins, Predicted membrane proteins, Transporters	Immune-cell-enriched	High (soluble receptor / shed)	NA (train PIRS)	NA	NA (train PIRS)	NA (train PIRS)	NA (train PIRS)	NA (train PIRS)	0.898	3.47e-03	yes	0.82	yes (PP.H4>=0.8)	no	no	replicated (FinnGen + UK Biobank)	not an approved target	Low-moderate	2.146	4	Prioritized causal target (transcript-level)	Causal-only (PIRS not trained)	Replace / decoy-receptor or agonist (protective, soluble)	Prioritized target (transcript-level)	Panel E (novelty-priority map)	Protein-level pQTL-MR + coloc in an independent plasma pQTL panel (UKB-PPP/deCODE); then over-expression/supplementation in relevant primary cells	Prioritize: obtain plasma pQTL to upgrade to protein-level
325	Other secondary gonarthrosis	Musculoskeletal	Tumor necrosis factor receptor superfamily member 9	TNFRSF9	Cancer-related genes, CD markers, Predicted intracellular proteins, Predicted membrane proteins, Transporters	Immune checkpoint	High (soluble receptor / shed)	NA (train PIRS)	NA	NA (train PIRS)	NA (train PIRS)	NA (train PIRS)	NA (train PIRS)	0.355	7.93e-03	yes	0.889	yes (PP.H4>=0.8)	no	no	not tested	not an approved target	Low-moderate	2.142	4	Prioritized causal target (transcript-level)	Causal-only (PIRS not trained)	Replace / decoy-receptor or agonist (protective, soluble)	Prioritized target (transcript-level)	Panel E (novelty-priority map)	Protein-level pQTL-MR + coloc in an independent plasma pQTL panel (UKB-PPP/deCODE); then over-expression/supplementation in relevant primary cells	Prioritize: obtain plasma pQTL to upgrade to protein-level
326	Cerebral palsy	Neurological/Psychiatric	T-cell surface glycoprotein CD5	CD5	CD markers, Predicted intracellular proteins, Predicted membrane proteins	CD/Leukocyte surface	Measured (Olink Explore panel)	NA (train PIRS)	NA	NA (train PIRS)	NA (train PIRS)	NA (train PIRS)	NA (train PIRS)	3.592	2.76e-02	yes	0.989	yes (PP.H4>=0.8)	no	no	not tested	not an approved target	Low-moderate	2.134	4	Prioritized causal target (transcript-level)	Causal-only (PIRS not trained)	Block (antagonist / neutralizing antibody / small molecule)	Prioritized target (transcript-level)	Panel E (novelty-priority map)	Protein-level pQTL-MR + coloc in an independent plasma pQTL panel (UKB-PPP/deCODE); then neutralization/knockdown in relevant primary cells	Prioritize: obtain plasma pQTL to upgrade to protein-level
327	Asthma/COPD (KELA code 203)	Respiratory	TGF-beta receptor type-1	TGFBR1	Disease related genes, Enzymes, Human disease related genes, Potential drug targets, Predicted intracellular proteins, Predicted membrane proteins	Cytokine/Interleukin	High (soluble receptor / shed)	NA (train PIRS)	NA	NA (train PIRS)	NA (train PIRS)	NA (train PIRS)	NA (train PIRS)	0.828	2.84e-02	yes	0.984	yes (PP.H4>=0.8)	no	no	not tested	not an approved target	Low-moderate	2.126	4	Prioritized causal target (transcript-level)	Causal-only (PIRS not trained)	Replace / decoy-receptor or agonist (protective, soluble)	Prioritized target (transcript-level)	Panel E (novelty-priority map)	Protein-level pQTL-MR + coloc in an independent plasma pQTL panel (UKB-PPP/deCODE); then over-expression/supplementation in relevant primary cells	Prioritize: obtain plasma pQTL to upgrade to protein-level
328	Hypertrophy of breast in women and men	Renal/Genitourinary	Metalloreductase STEAP4	STEAP4	Enzymes, Predicted membrane proteins, Transporters	Immune-cell-enriched	Measured (Olink Explore panel)	NA (train PIRS)	NA	NA (train PIRS)	NA (train PIRS)	NA (train PIRS)	NA (train PIRS)	0.906	1.97e-02	yes	0.946	yes (PP.H4>=0.8)	no	no	not tested	not an approved target	Low-moderate	2.121	4	Prioritized causal target (transcript-level)	Causal-only (PIRS not trained)	Agonize (protective; intracellular route caution)	Prioritized target (transcript-level)	Panel E (novelty-priority map)	Protein-level pQTL-MR + coloc in an independent plasma pQTL panel (UKB-PPP/deCODE); then over-expression/supplementation in relevant primary cells	Prioritize: obtain plasma pQTL to upgrade to protein-level
329	Contact urticaria	Dermatological	Interleukin-18	IL18	Cancer-related genes, Candidate cardiovascular disease genes, Human disease related genes, Plasma proteins, Predicted intracellular proteins, Predicted secreted proteins	Cytokine/Interleukin	High (secreted to blood)	NA (train PIRS)	NA	NA (train PIRS)	NA (train PIRS)	NA (train PIRS)	NA (train PIRS)	6.087	2.25e-02	yes	0.948	yes (PP.H4>=0.8)	no	no	not tested	not an approved target	Low-moderate	2.111	4	Prioritized causal target (transcript-level)	Causal-only (PIRS not trained)	Block (antagonist / neutralizing antibody / small molecule)	Prioritized target (transcript-level)	Panel E (novelty-priority map)	Protein-level pQTL-MR + coloc in an independent plasma pQTL panel (UKB-PPP/deCODE); then neutralization/knockdown in relevant primary cells	Prioritize: obtain plasma pQTL to upgrade to protein-level
330	Malignant melanoma, excluding all cancers (controls excluding all cancers)	Neoplasm	Seizure protein 6 homolog	SEZ6	Predicted intracellular proteins, Predicted membrane proteins	Immune-cell-enriched	Measured (Olink Explore panel)	NA (train PIRS)	NA	NA (train PIRS)	NA (train PIRS)	NA (train PIRS)	NA (train PIRS)	10.031	1.52e-02	yes	0.913	yes (PP.H4>=0.8)	no	no	not tested	not an approved target	Low-moderate	2.11	4	Prioritized causal target (transcript-level)	Causal-only (PIRS not trained)	Block (antagonist / neutralizing antibody / small molecule)	Prioritized target (transcript-level)	Panel E (novelty-priority map)	Protein-level pQTL-MR + coloc in an independent plasma pQTL panel (UKB-PPP/deCODE); then neutralization/knockdown in relevant primary cells	Prioritize: obtain plasma pQTL to upgrade to protein-level
331	Circumscribed brain atrophy	Neurological/Psychiatric	Fibroblast growth factor-binding protein 3	FGFBP3	Predicted secreted proteins	Immune-cell-enriched	High (secreted to blood)	NA (train PIRS)	NA	NA (train PIRS)	NA (train PIRS)	NA (train PIRS)	NA (train PIRS)	0.007	1.83e-02	yes	0.929	yes (PP.H4>=0.8)	no	no	not tested	not an approved target	Low-moderate	2.11	4	Prioritized causal target (transcript-level)	Causal-only (PIRS not trained)	Agonize / recombinant-protein replacement (protective, secreted)	Prioritized target (transcript-level)	Panel E (novelty-priority map)	Protein-level pQTL-MR + coloc in an independent plasma pQTL panel (UKB-PPP/deCODE); then over-expression/supplementation in relevant primary cells	Prioritize: obtain plasma pQTL to upgrade to protein-level
332	Persistent delusional disorders	Neurological/Psychiatric	Tumor necrosis factor ligand superfamily member 13	TNFSF13	Cancer-related genes, CD markers, Plasma proteins, Predicted intracellular proteins, Predicted secreted proteins	TNF superfamily	High (secreted to blood)	NA (train PIRS)	NA	NA (train PIRS)	NA (train PIRS)	NA (train PIRS)	NA (train PIRS)	0.699	3.02e-02	yes	0.972	yes (PP.H4>=0.8)	no	no	not tested	not an approved target	Low-moderate	2.109	4	Prioritized causal target (transcript-level)	Causal-only (PIRS not trained)	Agonize / recombinant-protein replacement (protective, secreted)	Prioritized target (transcript-level)	Panel E (novelty-priority map)	Protein-level pQTL-MR + coloc in an independent plasma pQTL panel (UKB-PPP/deCODE); then over-expression/supplementation in relevant primary cells	Prioritize: obtain plasma pQTL to upgrade to protein-level
333	Lumbar disc prolapse	Musculoskeletal	Desmoglein-2	DSG2	Disease related genes, Human disease related genes, Plasma proteins, Predicted intracellular proteins, Predicted membrane proteins	Immune-cell-enriched	Measured (Olink Explore panel)	NA (train PIRS)	NA	NA (train PIRS)	NA (train PIRS)	NA (train PIRS)	NA (train PIRS)	0.508	2.50e-02	yes	0.954	yes (PP.H4>=0.8)	no	no	not tested	not an approved target	Low-moderate	2.107	4	Prioritized causal target (transcript-level)	Causal-only (PIRS not trained)	Agonize (protective; intracellular route caution)	Prioritized target (transcript-level)	Panel E (novelty-priority map)	Protein-level pQTL-MR + coloc in an independent plasma pQTL panel (UKB-PPP/deCODE); then over-expression/supplementation in relevant primary cells	Prioritize: obtain plasma pQTL to upgrade to protein-level
334	Atopic dermatitis	Dermatological	Interleukin-18	IL18	Cancer-related genes, Candidate cardiovascular disease genes, Human disease related genes, Plasma proteins, Predicted intracellular proteins, Predicted secreted proteins	Cytokine/Interleukin	High (secreted to blood)	NA (train PIRS)	NA	NA (train PIRS)	NA (train PIRS)	NA (train PIRS)	NA (train PIRS)	0.87	2.98e-02	yes	0.965	yes (PP.H4>=0.8)	no	no	not tested	not an approved target	Low-moderate	2.104	4	Prioritized causal target (transcript-level)	Causal-only (PIRS not trained)	Agonize / recombinant-protein replacement (protective, secreted)	Prioritized target (transcript-level)	Panel E (novelty-priority map)	Protein-level pQTL-MR + coloc in an independent plasma pQTL panel (UKB-PPP/deCODE); then over-expression/supplementation in relevant primary cells	Prioritize: obtain plasma pQTL to upgrade to protein-level
335	All pneumoniae	Respiratory	Tumor necrosis factor receptor superfamily member 13C	TNFRSF13C	CD markers, Disease related genes, Human disease related genes, Predicted membrane proteins	TNF superfamily	High (soluble receptor / shed)	NA (train PIRS)	NA	NA (train PIRS)	NA (train PIRS)	NA (train PIRS)	NA (train PIRS)	0.848	3.54e-02	yes	0.981	yes (PP.H4>=0.8)	no	no	not tested	not an approved target	Low-moderate	2.104	4	Prioritized causal target (transcript-level)	Causal-only (PIRS not trained)	Replace / decoy-receptor or agonist (protective, soluble)	Prioritized target (transcript-level)	Panel E (novelty-priority map)	Protein-level pQTL-MR + coloc in an independent plasma pQTL panel (UKB-PPP/deCODE); then over-expression/supplementation in relevant primary cells	Prioritize: obtain plasma pQTL to upgrade to protein-level
336	Major coronary heart disease event	Cardiovascular	Scavenger receptor class B member 1	SCARB1	Metabolic proteins, Predicted intracellular proteins, Predicted membrane proteins, Transporters	Immune-cell-enriched	High (soluble receptor / shed)	NA (train PIRS)	NA	NA (train PIRS)	NA (train PIRS)	NA (train PIRS)	NA (train PIRS)	0.907	2.99e-02	yes	0.956	yes (PP.H4>=0.8)	no	no	replicated (FinnGen + UK Biobank)	not an approved target	Low-moderate	2.094	4	Prioritized causal target (transcript-level)	Causal-only (PIRS not trained)	Replace / decoy-receptor or agonist (protective, soluble)	Prioritized target (transcript-level)	Panel E (novelty-priority map)	Protein-level pQTL-MR + coloc in an independent plasma pQTL panel (UKB-PPP/deCODE); then over-expression/supplementation in relevant primary cells	Prioritize: obtain plasma pQTL to upgrade to protein-level
337	Seropositive rheumatoid arthritis, strict definition	Musculoskeletal	Dipeptidase 2	DPEP2	Enzymes, Metabolic proteins, Plasma proteins, Predicted intracellular proteins, Predicted membrane proteins	Immune-cell-enriched	Measured (Olink Explore panel)	NA (train PIRS)	NA	NA (train PIRS)	NA (train PIRS)	NA (train PIRS)	NA (train PIRS)	0.724	3.83e-02	yes	0.97	yes (PP.H4>=0.8)	no	no	not tested	not an approved target	Low-moderate	2.087	4	Prioritized causal target (transcript-level)	Causal-only (PIRS not trained)	Agonize (protective; intracellular route caution)	Prioritized target (transcript-level)	Panel E (novelty-priority map)	Protein-level pQTL-MR + coloc in an independent plasma pQTL panel (UKB-PPP/deCODE); then over-expression/supplementation in relevant primary cells	Prioritize: obtain plasma pQTL to upgrade to protein-level
338	Cardiomyopathy	Cardiovascular	Receptor-type tyrosine-protein phosphatase mu	PTPRM	Enzymes, Plasma proteins, Predicted intracellular proteins, Predicted membrane proteins	Immune-cell-enriched	High (soluble receptor / shed)	NA (train PIRS)	NA	NA (train PIRS)	NA (train PIRS)	NA (train PIRS)	NA (train PIRS)	1.217	4.33e-02	yes	0.979	yes (PP.H4>=0.8)	no	no	not tested	not an approved target	Low-moderate	2.085	4	Prioritized causal target (transcript-level)	Causal-only (PIRS not trained)	Block (antagonist / neutralizing antibody / small molecule)	Prioritized target (transcript-level)	Panel E (novelty-priority map)	Protein-level pQTL-MR + coloc in an independent plasma pQTL panel (UKB-PPP/deCODE); then neutralization/knockdown in relevant primary cells	Prioritize: obtain plasma pQTL to upgrade to protein-level
339	Dyshidrosis [pompholyx]	Dermatological	Kallikrein-1	KLK1	Enzymes, Metabolic proteins, Predicted secreted proteins	Immune-cell-enriched	High (secreted to blood)	NA (train PIRS)	NA	NA (train PIRS)	NA (train PIRS)	NA (train PIRS)	NA (train PIRS)	4.265	4.16e-02	yes	0.974	yes (PP.H4>=0.8)	no	no	not tested	not an approved target	Low-moderate	2.084	4	Prioritized causal target (transcript-level)	Causal-only (PIRS not trained)	Block (antagonist / neutralizing antibody / small molecule)	Prioritized target (transcript-level)	Panel E (novelty-priority map)	Protein-level pQTL-MR + coloc in an independent plasma pQTL panel (UKB-PPP/deCODE); then neutralization/knockdown in relevant primary cells	Prioritize: obtain plasma pQTL to upgrade to protein-level
340	Hyperplasia of prostate	Renal/Genitourinary	Occludin	OCLN	Disease related genes, Human disease related genes, Potential drug targets, Predicted intracellular proteins, Predicted membrane proteins, Transporters	Immune-cell-enriched	Measured (Olink Explore panel)	NA (train PIRS)	NA	NA (train PIRS)	NA (train PIRS)	NA (train PIRS)	NA (train PIRS)	0.737	3.98e-02	yes	0.964	yes (PP.H4>=0.8)	no	no	not tested	not an approved target	Low-moderate	2.077	4	Prioritized causal target (transcript-level)	Causal-only (PIRS not trained)	Agonize (protective; intracellular route caution)	Prioritized target (transcript-level)	Panel E (novelty-priority map)	Protein-level pQTL-MR + coloc in an independent plasma pQTL panel (UKB-PPP/deCODE); then over-expression/supplementation in relevant primary cells	Prioritize: obtain plasma pQTL to upgrade to protein-level
341	Other diseases of pleura	Respiratory	Carcinoembryonic antigen-related cell adhesion molecule 1	CEACAM1	CD markers, Plasma proteins, Predicted intracellular proteins, Predicted membrane proteins	Immune-cell-enriched	Measured (Olink Explore panel)	NA (train PIRS)	NA	NA (train PIRS)	NA (train PIRS)	NA (train PIRS)	NA (train PIRS)	0.324	2.86e-02	yes	0.933	yes (PP.H4>=0.8)	no	no	not tested	not an approved target	Low-moderate	2.075	4	Prioritized causal target (transcript-level)	Causal-only (PIRS not trained)	Agonize (protective; intracellular route caution)	Prioritized target (transcript-level)	Panel E (novelty-priority map)	Protein-level pQTL-MR + coloc in an independent plasma pQTL panel (UKB-PPP/deCODE); then over-expression/supplementation in relevant primary cells	Prioritize: obtain plasma pQTL to upgrade to protein-level
342	Substance abuse (more control exclusions)	Other	Vitelline membrane outer layer protein 1 homolog	VMO1	Predicted secreted proteins	Immune-cell-enriched	High (secreted to blood)	NA (train PIRS)	NA	NA (train PIRS)	NA (train PIRS)	NA (train PIRS)	NA (train PIRS)	1.147	4.99e-02	yes	0.958	yes (PP.H4>=0.8)	no	no	not tested	not an approved target	Low-moderate	2.052	4	Prioritized causal target (transcript-level)	Causal-only (PIRS not trained)	Block (antagonist / neutralizing antibody / small molecule)	Prioritized target (transcript-level)	Panel E (novelty-priority map)	Protein-level pQTL-MR + coloc in an independent plasma pQTL panel (UKB-PPP/deCODE); then neutralization/knockdown in relevant primary cells	Prioritize: obtain plasma pQTL to upgrade to protein-level
343	AV-block	Cardiovascular	BAG family molecular chaperone regulator 3	BAG3	Disease related genes, Human disease related genes, Plasma proteins, Predicted intracellular proteins	Immune-cell-enriched	Measured (Olink Explore panel)	NA (train PIRS)	NA	NA (train PIRS)	NA (train PIRS)	NA (train PIRS)	NA (train PIRS)	1.697	1.25e-03	yes	0.952	yes (PP.H4>=0.8)	no	no	not tested	not an approved target	Uncertain	2.033	4	Prioritized causal target (transcript-level)	Causal-only (PIRS not trained)	Block (antagonist / neutralizing antibody / small molecule)	Prioritized target (transcript-level)	Panel E (novelty-priority map)	Protein-level pQTL-MR + coloc in an independent plasma pQTL panel (UKB-PPP/deCODE); then neutralization/knockdown in relevant primary cells	Prioritize: obtain plasma pQTL to upgrade to protein-level
344	Diseases of veins, lymphatic vessels and lymph nodes, not elsewhere classified	Cardiovascular	Thrombomodulin	THBD	Candidate cardiovascular disease genes, CD markers, Disease related genes, Human disease related genes, Predicted membrane proteins	Immune-cell-enriched	Measured (Olink Explore panel)	NA (train PIRS)	NA	NA (train PIRS)	NA (train PIRS)	NA (train PIRS)	NA (train PIRS)	0.929	3.34e-02	yes	0.896	yes (PP.H4>=0.8)	no	no	replicated (FinnGen + UK Biobank)	not an approved target	Low-moderate	2.024	4	Prioritized causal target (transcript-level)	Causal-only (PIRS not trained)	Agonize (protective; intracellular route caution)	Prioritized target (transcript-level)	Panel E (novelty-priority map)	Protein-level pQTL-MR + coloc in an independent plasma pQTL panel (UKB-PPP/deCODE); then over-expression/supplementation in relevant primary cells	Prioritize: obtain plasma pQTL to upgrade to protein-level
345	Alzheimer disease	Neurological/Psychiatric	Scavenger receptor class F member 1	SCARF1	Predicted membrane proteins	Immune-cell-enriched	High (soluble receptor / shed)	NA (train PIRS)	NA	NA (train PIRS)	NA (train PIRS)	NA (train PIRS)	NA (train PIRS)	2.635	4.25e-02	yes	0.913	yes (PP.H4>=0.8)	no	no	not tested	not an approved target	Low-moderate	2.021	4	Prioritized causal target (transcript-level)	Causal-only (PIRS not trained)	Block (antagonist / neutralizing antibody / small molecule)	Prioritized target (transcript-level)	Panel E (novelty-priority map)	Protein-level pQTL-MR + coloc in an independent plasma pQTL panel (UKB-PPP/deCODE); then neutralization/knockdown in relevant primary cells	Prioritize: obtain plasma pQTL to upgrade to protein-level
346	Chronic tubulo-interstitial nephritis	Renal/Genitourinary	Folate receptor gamma	FOLR3	Metabolic proteins, Predicted secreted proteins	Immune-cell-enriched	High (secreted to blood)	NA (train PIRS)	NA	NA (train PIRS)	NA (train PIRS)	NA (train PIRS)	NA (train PIRS)	0.795	3.56e-02	yes	0.838	yes (PP.H4>=0.8)	no	no	not tested	not an approved target	Low-moderate	1.962	4	Prioritized causal target (transcript-level)	Causal-only (PIRS not trained)	Replace / decoy-receptor or agonist (protective, soluble)	Prioritized target (transcript-level)	Panel E (novelty-priority map)	Protein-level pQTL-MR + coloc in an independent plasma pQTL panel (UKB-PPP/deCODE); then over-expression/supplementation in relevant primary cells	Prioritize: obtain plasma pQTL to upgrade to protein-level
347	Atrial fibrillation and flutter	Cardiovascular	6-phosphofructo-2-kinase/fructose-2,6-bisphosphatase 2	PFKFB2	Enzymes, Metabolic proteins, Predicted intracellular proteins	Immune-cell-enriched	Measured (Olink Explore panel)	NA (train PIRS)	NA	NA (train PIRS)	NA (train PIRS)	NA (train PIRS)	NA (train PIRS)	0.561	5.32e-03	yes	0.99	yes (PP.H4>=0.8)	no	no	not tested	not an approved target	Uncertain	1.945	4	Prioritized causal target (transcript-level)	Causal-only (PIRS not trained)	Agonize (protective; intracellular route caution)	Prioritized target (transcript-level)	Panel E (novelty-priority map)	Protein-level pQTL-MR + coloc in an independent plasma pQTL panel (UKB-PPP/deCODE); then over-expression/supplementation in relevant primary cells	Prioritize: obtain plasma pQTL to upgrade to protein-level
348	Infective dermatitis	Dermatological	DNA-binding protein SATB1	SATB1	Disease related genes, Plasma proteins, Predicted intracellular proteins, Transcription factors	Immune-cell-enriched	Measured (Olink Explore panel)	NA (train PIRS)	NA	NA (train PIRS)	NA (train PIRS)	NA (train PIRS)	NA (train PIRS)	1.878	4.61e-03	yes	0.96	yes (PP.H4>=0.8)	no	no	not tested	not an approved target	Uncertain	1.927	4	Prioritized causal target (transcript-level)	Causal-only (PIRS not trained)	Block (antagonist / neutralizing antibody / small molecule)	Prioritized target (transcript-level)	Panel E (novelty-priority map)	Protein-level pQTL-MR + coloc in an independent plasma pQTL panel (UKB-PPP/deCODE); then neutralization/knockdown in relevant primary cells	Prioritize: obtain plasma pQTL to upgrade to protein-level
349	Heart failure and bmi 25plus	Cardiovascular	Myosin light chain 4	MYL4	Disease related genes, Human disease related genes, Plasma proteins, Predicted intracellular proteins	Immune-cell-enriched	Measured (Olink Explore panel)	NA (train PIRS)	NA	NA (train PIRS)	NA (train PIRS)	NA (train PIRS)	NA (train PIRS)	2.918	1.07e-02	yes	0.966	yes (PP.H4>=0.8)	no	no	not tested	not an approved target	Uncertain	1.86	4	Prioritized causal target (transcript-level)	Causal-only (PIRS not trained)	Block (antagonist / neutralizing antibody / small molecule)	Prioritized target (transcript-level)	Panel E (novelty-priority map)	Protein-level pQTL-MR + coloc in an independent plasma pQTL panel (UKB-PPP/deCODE); then neutralization/knockdown in relevant primary cells	Prioritize: obtain plasma pQTL to upgrade to protein-level
350	Hypertension	Cardiovascular	6-phosphofructo-2-kinase/fructose-2,6-bisphosphatase 2	PFKFB2	Enzymes, Metabolic proteins, Predicted intracellular proteins	Immune-cell-enriched	Measured (Olink Explore panel)	NA (train PIRS)	NA	NA (train PIRS)	NA (train PIRS)	NA (train PIRS)	NA (train PIRS)	0.725	1.30e-02	yes	0.968	yes (PP.H4>=0.8)	no	no	not tested	not an approved target	Uncertain	1.845	4	Prioritized causal target (transcript-level)	Causal-only (PIRS not trained)	Agonize (protective; intracellular route caution)	Prioritized target (transcript-level)	Panel E (novelty-priority map)	Protein-level pQTL-MR + coloc in an independent plasma pQTL panel (UKB-PPP/deCODE); then over-expression/supplementation in relevant primary cells	Prioritize: obtain plasma pQTL to upgrade to protein-level
351	Other and unspecified rosacea	Dermatological	DNA-binding protein SATB1	SATB1	Disease related genes, Plasma proteins, Predicted intracellular proteins, Transcription factors	Immune-cell-enriched	Measured (Olink Explore panel)	NA (train PIRS)	NA	NA (train PIRS)	NA (train PIRS)	NA (train PIRS)	NA (train PIRS)	2.04	1.45e-02	yes	0.976	yes (PP.H4>=0.8)	no	no	not tested	not an approved target	Uncertain	1.844	4	Prioritized causal target (transcript-level)	Causal-only (PIRS not trained)	Block (antagonist / neutralizing antibody / small molecule)	Prioritized target (transcript-level)	Panel E (novelty-priority map)	Protein-level pQTL-MR + coloc in an independent plasma pQTL panel (UKB-PPP/deCODE); then neutralization/knockdown in relevant primary cells	Prioritize: obtain plasma pQTL to upgrade to protein-level
352	Chronic pancreatitis	Gastrointestinal	Phosphofurin acidic cluster sorting protein 2	PACS2	Disease related genes, Human disease related genes, Potential drug targets, Predicted intracellular proteins, Transporters	Immune-cell-enriched	Measured (Olink Explore panel)	NA (train PIRS)	NA	NA (train PIRS)	NA (train PIRS)	NA (train PIRS)	NA (train PIRS)	4.055	2.17e-02	yes	0.954	yes (PP.H4>=0.8)	no	no	not tested	not an approved target	Uncertain	1.787	4	Prioritized causal target (transcript-level)	Causal-only (PIRS not trained)	Block (antagonist / neutralizing antibody / small molecule)	Prioritized target (transcript-level)	Panel E (novelty-priority map)	Protein-level pQTL-MR + coloc in an independent plasma pQTL panel (UKB-PPP/deCODE); then neutralization/knockdown in relevant primary cells	Prioritize: obtain plasma pQTL to upgrade to protein-level
353	Peritonsillar abscess	Respiratory	Epidermal growth factor receptor kinase substrate 8-like protein 2	EPS8L2	Disease related genes, Human disease related genes, Predicted intracellular proteins	Immune-cell-enriched	High (soluble receptor / shed)	NA (train PIRS)	NA	NA (train PIRS)	NA (train PIRS)	NA (train PIRS)	NA (train PIRS)	1.316	2.86e-02	yes	0.978	yes (PP.H4>=0.8)	no	no	not tested	not an approved target	Uncertain	1.787	4	Prioritized causal target (transcript-level)	Causal-only (PIRS not trained)	Block (antagonist / neutralizing antibody / small molecule)	Prioritized target (transcript-level)	Panel E (novelty-priority map)	Protein-level pQTL-MR + coloc in an independent plasma pQTL panel (UKB-PPP/deCODE); then neutralization/knockdown in relevant primary cells	Prioritize: obtain plasma pQTL to upgrade to protein-level
354	Atrial fibrillation and flutter with reimbursement	Cardiovascular	6-phosphofructo-2-kinase/fructose-2,6-bisphosphatase 2	PFKFB2	Enzymes, Metabolic proteins, Predicted intracellular proteins	Immune-cell-enriched	Measured (Olink Explore panel)	NA (train PIRS)	NA	NA (train PIRS)	NA (train PIRS)	NA (train PIRS)	NA (train PIRS)	0.537	2.76e-02	yes	0.975	yes (PP.H4>=0.8)	no	no	not tested	not an approved target	Uncertain	1.786	4	Prioritized causal target (transcript-level)	Causal-only (PIRS not trained)	Agonize (protective; intracellular route caution)	Prioritized target (transcript-level)	Panel E (novelty-priority map)	Protein-level pQTL-MR + coloc in an independent plasma pQTL panel (UKB-PPP/deCODE); then over-expression/supplementation in relevant primary cells	Prioritize: obtain plasma pQTL to upgrade to protein-level
355	Reimbursement for rheumatic diseases	Gastrointestinal	Tyrosine-protein kinase TXK	TXK	Enzymes, Predicted intracellular proteins	Immune-cell-enriched	Measured (Olink Explore panel)	NA (train PIRS)	NA	NA (train PIRS)	NA (train PIRS)	NA (train PIRS)	NA (train PIRS)	0.878	2.48e-02	yes	0.962	yes (PP.H4>=0.8)	no	no	not tested	not an approved target	Uncertain	1.783	4	Prioritized causal target (transcript-level)	Causal-only (PIRS not trained)	Agonize (protective; intracellular route caution)	Prioritized target (transcript-level)	Panel E (novelty-priority map)	Protein-level pQTL-MR + coloc in an independent plasma pQTL panel (UKB-PPP/deCODE); then over-expression/supplementation in relevant primary cells	Prioritize: obtain plasma pQTL to upgrade to protein-level
356	Viral warts	Infection	Signal transducing adapter molecule 1	STAM	Predicted intracellular proteins	Immune-cell-enriched	Measured (Olink Explore panel)	NA (train PIRS)	NA	NA (train PIRS)	NA (train PIRS)	NA (train PIRS)	NA (train PIRS)	0.614	3.59e-02	yes	0.968	yes (PP.H4>=0.8)	no	no	not tested	not an approved target	Uncertain	1.757	4	Prioritized causal target (transcript-level)	Causal-only (PIRS not trained)	Agonize (protective; intracellular route caution)	Prioritized target (transcript-level)	Panel E (novelty-priority map)	Protein-level pQTL-MR + coloc in an independent plasma pQTL panel (UKB-PPP/deCODE); then over-expression/supplementation in relevant primary cells	Prioritize: obtain plasma pQTL to upgrade to protein-level
357	Disorders of the thyroid gland	Metabolic/Endocrine	Tubulin polymerization-promoting protein family member 3	TPPP3	Predicted intracellular proteins	Immune-cell-enriched	Measured (Olink Explore panel)	NA (train PIRS)	NA	NA (train PIRS)	NA (train PIRS)	NA (train PIRS)	NA (train PIRS)	1.223	1.40e-02	yes	0.883	yes (PP.H4>=0.8)	no	no	not tested	not an approved target	Uncertain	1.754	4	Prioritized causal target (transcript-level)	Causal-only (PIRS not trained)	Block (antagonist / neutralizing antibody / small molecule)	Prioritized target (transcript-level)	Panel E (novelty-priority map)	Protein-level pQTL-MR + coloc in an independent plasma pQTL panel (UKB-PPP/deCODE); then neutralization/knockdown in relevant primary cells	Prioritize: obtain plasma pQTL to upgrade to protein-level
358	Benign neoplasm: Cerebral meninges	Neoplasm	Calbindin	CALB1	Predicted intracellular proteins	Immune-cell-enriched	Measured (Olink Explore panel)	NA (train PIRS)	NA	NA (train PIRS)	NA (train PIRS)	NA (train PIRS)	NA (train PIRS)	0.439	2.26e-02	yes	0.913	yes (PP.H4>=0.8)	no	no	not tested	not an approved target	Uncertain	1.743	4	Prioritized causal target (transcript-level)	Causal-only (PIRS not trained)	Agonize (protective; intracellular route caution)	Prioritized target (transcript-level)	Panel E (novelty-priority map)	Protein-level pQTL-MR + coloc in an independent plasma pQTL panel (UKB-PPP/deCODE); then over-expression/supplementation in relevant primary cells	Prioritize: obtain plasma pQTL to upgrade to protein-level
359	Malignant melanoma of skin, excluding all cancers (controls excluding all cancers)	Neoplasm	COX assembly mitochondrial protein homolog	CMC1	Predicted intracellular proteins	Immune-cell-enriched	Measured (Olink Explore panel)	NA (train PIRS)	NA	NA (train PIRS)	NA (train PIRS)	NA (train PIRS)	NA (train PIRS)	0.698	4.47e-02	yes	0.959	yes (PP.H4>=0.8)	no	no	not tested	not an approved target	Uncertain	1.729	4	Prioritized causal target (transcript-level)	Causal-only (PIRS not trained)	Agonize (protective; intracellular route caution)	Prioritized target (transcript-level)	Panel E (novelty-priority map)	Protein-level pQTL-MR + coloc in an independent plasma pQTL panel (UKB-PPP/deCODE); then over-expression/supplementation in relevant primary cells	Prioritize: obtain plasma pQTL to upgrade to protein-level
360	Other and unspecified degenerative diseases of nervous system	Neurological/Psychiatric	Alpha-synuclein	SNCA	Disease related genes, Human disease related genes, Plasma proteins, Potential drug targets, Predicted intracellular proteins, Transporters	Immune-cell-enriched	Measured (Olink Explore panel)	NA (train PIRS)	NA	NA (train PIRS)	NA (train PIRS)	NA (train PIRS)	NA (train PIRS)	0.362	4.60e-02	yes	0.934	yes (PP.H4>=0.8)	no	no	not tested	not an approved target	Uncertain	1.701	4	Prioritized causal target (transcript-level)	Causal-only (PIRS not trained)	Agonize (protective; intracellular route caution)	Prioritized target (transcript-level)	Panel E (novelty-priority map)	Protein-level pQTL-MR + coloc in an independent plasma pQTL panel (UKB-PPP/deCODE); then over-expression/supplementation in relevant primary cells	Prioritize: obtain plasma pQTL to upgrade to protein-level
361	Chronic lymphocytic leukaemia and small lyphocytis leukaemia, excluding all cancers (controls excluding all cancers)	Neoplasm	Actin, aortic smooth muscle	ACTA2	Disease related genes, Human disease related genes, Plasma proteins, Predicted intracellular proteins	Immune-cell-enriched	Measured (Olink Explore panel)	NA (train PIRS)	NA	NA (train PIRS)	NA (train PIRS)	NA (train PIRS)	NA (train PIRS)	1.269	1.10e-02	yes	0.805	yes (PP.H4>=0.8)	no	no	not tested	not an approved target	Uncertain	1.697	4	Prioritized causal target (transcript-level)	Causal-only (PIRS not trained)	Block (antagonist / neutralizing antibody / small molecule)	Prioritized target (transcript-level)	Panel E (novelty-priority map)	Protein-level pQTL-MR + coloc in an independent plasma pQTL panel (UKB-PPP/deCODE); then neutralization/knockdown in relevant primary cells	Prioritize: obtain plasma pQTL to upgrade to protein-level
362	Other neurological diseases	Neurological/Psychiatric	Mothers against decapentaplegic homolog 5	SMAD5	Predicted intracellular proteins, Transcription factors	Immune-cell-enriched	Measured (Olink Explore panel)	NA (train PIRS)	NA	NA (train PIRS)	NA (train PIRS)	NA (train PIRS)	NA (train PIRS)	1.056	4.54e-02	yes	0.907	yes (PP.H4>=0.8)	no	no	not tested	not an approved target	Uncertain	1.676	4	Prioritized causal target (transcript-level)	Causal-only (PIRS not trained)	Block (antagonist / neutralizing antibody / small molecule)	Prioritized target (transcript-level)	Panel E (novelty-priority map)	Protein-level pQTL-MR + coloc in an independent plasma pQTL panel (UKB-PPP/deCODE); then neutralization/knockdown in relevant primary cells	Prioritize: obtain plasma pQTL to upgrade to protein-level
363	Hypothyroidism, strict autoimmune	Metabolic/Endocrine	Tubulin polymerization-promoting protein family member 3	TPPP3	Predicted intracellular proteins	Immune-cell-enriched	Measured (Olink Explore panel)	NA (train PIRS)	NA	NA (train PIRS)	NA (train PIRS)	NA (train PIRS)	NA (train PIRS)	1.247	4.13e-02	yes	0.858	yes (PP.H4>=0.8)	no	no	not tested	not an approved target	Uncertain	1.635	4	Prioritized causal target (transcript-level)	Causal-only (PIRS not trained)	Block (antagonist / neutralizing antibody / small molecule)	Prioritized target (transcript-level)	Panel E (novelty-priority map)	Protein-level pQTL-MR + coloc in an independent plasma pQTL panel (UKB-PPP/deCODE); then neutralization/knockdown in relevant primary cells	Prioritize: obtain plasma pQTL to upgrade to protein-level
364	Acute sinusitis	Respiratory	E3 ubiquitin/ISG15 ligase TRIM25	TRIM25	Cancer-related genes, Enzymes, Plasma proteins, Predicted intracellular proteins	Immune-cell-enriched	Measured (Olink Explore panel)	NA (train PIRS)	NA	NA (train PIRS)	NA (train PIRS)	NA (train PIRS)	NA (train PIRS)	0.443	3.92e-02	yes	0.803	yes (PP.H4>=0.8)	no	no	not tested	not an approved target	Uncertain	1.585	4	Prioritized causal target (transcript-level)	Causal-only (PIRS not trained)	Agonize (protective; intracellular route caution)	Prioritized target (transcript-level)	Panel E (novelty-priority map)	Protein-level pQTL-MR + coloc in an independent plasma pQTL panel (UKB-PPP/deCODE); then over-expression/supplementation in relevant primary cells	Prioritize: obtain plasma pQTL to upgrade to protein-level
365	Hypertension	Cardiovascular	Angiotensin-converting enzyme	ACE	Candidate cardiovascular disease genes, CD markers, Disease related genes, Enzymes, FDA approved drug targets, Human disease related genes, Metabolic proteins, Plasma proteins, Predicted intracellular proteins, Predicted membrane proteins, Predicted secreted proteins	Immune-cell-enriched	High (secreted to blood)	NA (train PIRS)	NA	NA (train PIRS)	NA (train PIRS)	NA (train PIRS)	NA (train PIRS)	1.611	5.32e-08	yes	0.735	no	no	no	not tested	not an approved target	High (FDA-precedented class, tractable)	6.19	3	Causal nomination (MR only)	Causal-only (PIRS not trained)	Block (antagonist / neutralizing antibody / small molecule)	Target nomination (causal, needs coloc)	Panel B/C (performance + signature)	Transcript-to-protein bridge: acquire cis-pQTL, test colocalization	Nominate: causal but needs colocalization before resourcing
366	Type1 diabetes, definitions combined, early onset	Metabolic/Endocrine	Receptor tyrosine-protein kinase erbB-3	ERBB3	Cancer-related genes, Disease related genes, Enzymes, Human disease related genes, Plasma proteins, Potential drug targets, Predicted intracellular proteins, Predicted membrane proteins, Predicted secreted proteins, Transporters	Immune-cell-enriched	High (secreted to blood)	NA (train PIRS)	NA	NA (train PIRS)	NA (train PIRS)	NA (train PIRS)	NA (train PIRS)	0.333	6.45e-08	yes	0.585	no	no	no	not tested	not an approved target	Moderate	6.19	3	Causal nomination (MR only)	Causal-only (PIRS not trained)	Replace / decoy-receptor or agonist (protective, soluble)	Target nomination (causal, needs coloc)	Panel B/C (performance + signature)	Transcript-to-protein bridge: acquire cis-pQTL, test colocalization	Nominate: causal but needs colocalization before resourcing
367	Hypothyroidism, strict autoimmune	Metabolic/Endocrine	Receptor tyrosine-protein kinase erbB-3	ERBB3	Cancer-related genes, Disease related genes, Enzymes, Human disease related genes, Plasma proteins, Potential drug targets, Predicted intracellular proteins, Predicted membrane proteins, Predicted secreted proteins, Transporters	Immune-cell-enriched	High (secreted to blood)	NA (train PIRS)	NA	NA (train PIRS)	NA (train PIRS)	NA (train PIRS)	NA (train PIRS)	0.68	2.41e-16	yes	0.001	no	no	no	not tested	not an approved target	Moderate	6.168	3	Causal nomination (MR only)	Causal-only (PIRS not trained)	Replace / decoy-receptor or agonist (protective, soluble)	Target nomination (causal, needs coloc)	Panel B/C (performance + signature)	Transcript-to-protein bridge: acquire cis-pQTL, test colocalization	Nominate: causal but needs colocalization before resourcing
368	Autoimmune diseases	Haematological/Immune	Receptor tyrosine-protein kinase erbB-3	ERBB3	Cancer-related genes, Disease related genes, Enzymes, Human disease related genes, Plasma proteins, Potential drug targets, Predicted intracellular proteins, Predicted membrane proteins, Predicted secreted proteins, Transporters	Immune-cell-enriched	High (secreted to blood)	NA (train PIRS)	NA	NA (train PIRS)	NA (train PIRS)	NA (train PIRS)	NA (train PIRS)	0.796	1.96e-11	yes	0.0	no	no	no	not tested	not an approved target	Moderate	6.167	3	Causal nomination (MR only)	Causal-only (PIRS not trained)	Replace / decoy-receptor or agonist (protective, soluble)	Target nomination (causal, needs coloc)	Panel B/C (performance + signature)	Transcript-to-protein bridge: acquire cis-pQTL, test colocalization	Nominate: causal but needs colocalization before resourcing
369	Asthma-related acute respiratory infections	Respiratory	Receptor tyrosine-protein kinase erbB-2	ERBB2	Cancer-related genes, CD markers, Disease related genes, Enzymes, FDA approved drug targets, Human disease related genes, Plasma proteins, Predicted intracellular proteins, Predicted membrane proteins, Transporters	Immune-cell-enriched	High (soluble receptor / shed)	NA (train PIRS)	NA	NA (train PIRS)	NA (train PIRS)	NA (train PIRS)	NA (train PIRS)	3.751	4.54e-15	yes	0.591	no	no	no	not tested	not an approved target	High (FDA-precedented class, tractable)	6.091	3	Causal nomination (MR only)	Causal-only (PIRS not trained)	Block (antagonist / neutralizing antibody / small molecule)	Target nomination (causal, needs coloc)	Panel B/C (performance + signature)	Transcript-to-protein bridge: acquire cis-pQTL, test colocalization	Nominate: causal but needs colocalization before resourcing
370	Asthma-related infections	Respiratory	Receptor tyrosine-protein kinase erbB-2	ERBB2	Cancer-related genes, CD markers, Disease related genes, Enzymes, FDA approved drug targets, Human disease related genes, Plasma proteins, Predicted intracellular proteins, Predicted membrane proteins, Transporters	Immune-cell-enriched	High (soluble receptor / shed)	NA (train PIRS)	NA	NA (train PIRS)	NA (train PIRS)	NA (train PIRS)	NA (train PIRS)	2.977	1.69e-13	yes	0.373	no	no	no	not tested	not an approved target	High (FDA-precedented class, tractable)	5.873	3	Causal nomination (MR only)	Causal-only (PIRS not trained)	Block (antagonist / neutralizing antibody / small molecule)	Target nomination (causal, needs coloc)	Panel B/C (performance + signature)	Transcript-to-protein bridge: acquire cis-pQTL, test colocalization	Nominate: causal but needs colocalization before resourcing
371	Asthma (only as main-diagnosis) (more control exclusions)	Respiratory	Receptor tyrosine-protein kinase erbB-2	ERBB2	Cancer-related genes, CD markers, Disease related genes, Enzymes, FDA approved drug targets, Human disease related genes, Plasma proteins, Predicted intracellular proteins, Predicted membrane proteins, Transporters	Immune-cell-enriched	High (soluble receptor / shed)	NA (train PIRS)	NA	NA (train PIRS)	NA (train PIRS)	NA (train PIRS)	NA (train PIRS)	2.512	6.41e-13	yes	0.355	no	no	no	replicated (FinnGen + UK Biobank)	not an approved target	High (FDA-precedented class, tractable)	5.855	3	Causal nomination (MR only)	Causal-only (PIRS not trained)	Block (antagonist / neutralizing antibody / small molecule)	Target nomination (causal, needs coloc)	Panel B/C (performance + signature)	Transcript-to-protein bridge: acquire cis-pQTL, test colocalization	Nominate: causal but needs colocalization before resourcing
372	Allergic asthma (mode)	Respiratory	Receptor tyrosine-protein kinase erbB-2	ERBB2	Cancer-related genes, CD markers, Disease related genes, Enzymes, FDA approved drug targets, Human disease related genes, Plasma proteins, Predicted intracellular proteins, Predicted membrane proteins, Transporters	Immune-cell-enriched	High (soluble receptor / shed)	NA (train PIRS)	NA	NA (train PIRS)	NA (train PIRS)	NA (train PIRS)	NA (train PIRS)	4.072	3.78e-09	yes	0.545	no	no	no	not tested	not an approved target	High (FDA-precedented class, tractable)	5.729	3	Causal nomination (MR only)	Causal-only (PIRS not trained)	Block (antagonist / neutralizing antibody / small molecule)	Target nomination (causal, needs coloc)	Panel B/C (performance + signature)	Transcript-to-protein bridge: acquire cis-pQTL, test colocalization	Nominate: causal but needs colocalization before resourcing
373	Childhood asthma (age<16) (more control exclusions)	Respiratory	Receptor tyrosine-protein kinase erbB-2	ERBB2	Cancer-related genes, CD markers, Disease related genes, Enzymes, FDA approved drug targets, Human disease related genes, Plasma proteins, Predicted intracellular proteins, Predicted membrane proteins, Transporters	Immune-cell-enriched	High (soluble receptor / shed)	NA (train PIRS)	NA	NA (train PIRS)	NA (train PIRS)	NA (train PIRS)	NA (train PIRS)	26.544	2.00e-33	yes	0.182	no	no	no	not tested	not an approved target	High (FDA-precedented class, tractable)	5.682	3	Causal nomination (MR only)	Causal-only (PIRS not trained)	Block (antagonist / neutralizing antibody / small molecule)	Target nomination (causal, needs coloc)	Panel B/C (performance + signature)	Transcript-to-protein bridge: acquire cis-pQTL, test colocalization	Nominate: causal but needs colocalization before resourcing
374	Chronic lower respiratory diseases	Respiratory	Receptor tyrosine-protein kinase erbB-2	ERBB2	Cancer-related genes, CD markers, Disease related genes, Enzymes, FDA approved drug targets, Human disease related genes, Plasma proteins, Predicted intracellular proteins, Predicted membrane proteins, Transporters	Immune-cell-enriched	High (soluble receptor / shed)	NA (train PIRS)	NA	NA (train PIRS)	NA (train PIRS)	NA (train PIRS)	NA (train PIRS)	2.166	1.68e-17	yes	0.042	no	no	no	not tested	not an approved target	High (FDA-precedented class, tractable)	5.542	3	Causal nomination (MR only)	Causal-only (PIRS not trained)	Block (antagonist / neutralizing antibody / small molecule)	Target nomination (causal, needs coloc)	Panel B/C (performance + signature)	Transcript-to-protein bridge: acquire cis-pQTL, test colocalization	Nominate: causal but needs colocalization before resourcing
375	Asthma (more control exclusions)	Respiratory	Receptor tyrosine-protein kinase erbB-2	ERBB2	Cancer-related genes, CD markers, Disease related genes, Enzymes, FDA approved drug targets, Human disease related genes, Plasma proteins, Predicted intracellular proteins, Predicted membrane proteins, Transporters	Immune-cell-enriched	High (soluble receptor / shed)	NA (train PIRS)	NA	NA (train PIRS)	NA (train PIRS)	NA (train PIRS)	NA (train PIRS)	2.449	7.47e-15	yes	0.01	no	no	no	replicated (FinnGen + UK Biobank)	not an approved target	High (FDA-precedented class, tractable)	5.51	3	Causal nomination (MR only)	Causal-only (PIRS not trained)	Block (antagonist / neutralizing antibody / small molecule)	Target nomination (causal, needs coloc)	Panel B/C (performance + signature)	Transcript-to-protein bridge: acquire cis-pQTL, test colocalization	Nominate: causal but needs colocalization before resourcing
376	Diabetic retinopathy (more control exclusions)	Metabolic/Endocrine	Receptor tyrosine-protein kinase erbB-3	ERBB3	Cancer-related genes, Disease related genes, Enzymes, Human disease related genes, Plasma proteins, Potential drug targets, Predicted intracellular proteins, Predicted membrane proteins, Predicted secreted proteins, Transporters	Immune-cell-enriched	High (secreted to blood)	NA (train PIRS)	NA	NA (train PIRS)	NA (train PIRS)	NA (train PIRS)	NA (train PIRS)	0.659	1.84e-03	yes	0.527	no	no	no	not tested	not an approved target	Moderate	5.241	3	Causal nomination (MR only)	Causal-only (PIRS not trained)	Replace / decoy-receptor or agonist (protective, soluble)	Target nomination (causal, needs coloc)	Panel B/C (performance + signature)	Transcript-to-protein bridge: acquire cis-pQTL, test colocalization	Nominate: causal but needs colocalization before resourcing
377	Diabetic retinopathy	Metabolic/Endocrine	Receptor tyrosine-protein kinase erbB-3	ERBB3	Cancer-related genes, Disease related genes, Enzymes, Human disease related genes, Plasma proteins, Potential drug targets, Predicted intracellular proteins, Predicted membrane proteins, Predicted secreted proteins, Transporters	Immune-cell-enriched	High (secreted to blood)	NA (train PIRS)	NA	NA (train PIRS)	NA (train PIRS)	NA (train PIRS)	NA (train PIRS)	0.689	8.36e-03	yes	0.653	no	no	no	not tested	not an approved target	Moderate	5.235	3	Causal nomination (MR only)	Causal-only (PIRS not trained)	Replace / decoy-receptor or agonist (protective, soluble)	Target nomination (causal, needs coloc)	Panel B/C (performance + signature)	Transcript-to-protein bridge: acquire cis-pQTL, test colocalization	Nominate: causal but needs colocalization before resourcing
378	Allergic rhinitis	Respiratory	Toll-like receptor 1	TLR1	CD markers, Predicted intracellular proteins, Predicted membrane proteins, Transporters	Immune-cell-enriched	High (soluble receptor / shed)	NA (train PIRS)	NA	NA (train PIRS)	NA (train PIRS)	NA (train PIRS)	NA (train PIRS)	1.296	8.35e-10	yes	0.014	no	yes (concordant, protein-level)	no	not tested	not an approved target	Low-moderate	5.163	3	Causal nomination (MR only)	Causal-only (PIRS not trained)	Block (antagonist / neutralizing antibody / small molecule)	Target nomination (causal, needs coloc)	Panel B/C (performance + signature)	Transcript-to-protein bridge: acquire cis-pQTL, test colocalization	Nominate: causal but needs colocalization before resourcing
379	Asthma (more control exclusions)	Respiratory	Receptor tyrosine-protein kinase erbB-3	ERBB3	Cancer-related genes, Disease related genes, Enzymes, Human disease related genes, Plasma proteins, Potential drug targets, Predicted intracellular proteins, Predicted membrane proteins, Predicted secreted proteins, Transporters	Immune-cell-enriched	High (secreted to blood)	NA (train PIRS)	NA	NA (train PIRS)	NA (train PIRS)	NA (train PIRS)	NA (train PIRS)	0.838	1.99e-02	yes	0.654	no	no	no	replicated (FinnGen + UK Biobank)	not an approved target	Moderate	5.161	3	Causal nomination (MR only)	Causal-only (PIRS not trained)	Replace / decoy-receptor or agonist (protective, soluble)	Target nomination (causal, needs coloc)	Panel B/C (performance + signature)	Transcript-to-protein bridge: acquire cis-pQTL, test colocalization	Nominate: causal but needs colocalization before resourcing
380	Chronic lower respiratory diseases	Respiratory	Receptor tyrosine-protein kinase erbB-3	ERBB3	Cancer-related genes, Disease related genes, Enzymes, Human disease related genes, Plasma proteins, Potential drug targets, Predicted intracellular proteins, Predicted membrane proteins, Predicted secreted proteins, Transporters	Immune-cell-enriched	High (secreted to blood)	NA (train PIRS)	NA	NA (train PIRS)	NA (train PIRS)	NA (train PIRS)	NA (train PIRS)	0.85	1.27e-03	yes	0.405	no	no	no	not tested	not an approved target	Moderate	5.151	3	Causal nomination (MR only)	Causal-only (PIRS not trained)	Replace / decoy-receptor or agonist (protective, soluble)	Target nomination (causal, needs coloc)	Panel B/C (performance + signature)	Transcript-to-protein bridge: acquire cis-pQTL, test colocalization	Nominate: causal but needs colocalization before resourcing
381	Other retinal disorders	Ophthalmological	Receptor tyrosine-protein kinase erbB-3	ERBB3	Cancer-related genes, Disease related genes, Enzymes, Human disease related genes, Plasma proteins, Potential drug targets, Predicted intracellular proteins, Predicted membrane proteins, Predicted secreted proteins, Transporters	Immune-cell-enriched	High (secreted to blood)	NA (train PIRS)	NA	NA (train PIRS)	NA (train PIRS)	NA (train PIRS)	NA (train PIRS)	0.809	4.96e-02	yes	0.703	no	no	no	not tested	not an approved target	Moderate	5.131	3	Causal nomination (MR only)	Causal-only (PIRS not trained)	Replace / decoy-receptor or agonist (protective, soluble)	Target nomination (causal, needs coloc)	Panel B/C (performance + signature)	Transcript-to-protein bridge: acquire cis-pQTL, test colocalization	Nominate: causal but needs colocalization before resourcing
382	Wet age-related macular degeneration	Ophthalmological	Complement factor H	CFH	Cancer-related genes, Disease related genes, Human disease related genes, Plasma proteins, Predicted intracellular proteins, Predicted secreted proteins	Complement/Coagulation	High (secreted to blood)	NA (train PIRS)	NA	NA (train PIRS)	NA (train PIRS)	NA (train PIRS)	NA (train PIRS)	0.003	4.90e-235	yes	0.273	no	yes (concordant, protein-level)	no	not tested	not an approved target	Low-moderate	5.107	3	Causal nomination (MR only)	Causal-only (PIRS not trained)	Agonize / recombinant-protein replacement (protective, secreted)	Target nomination (causal, needs coloc)	Panel B/C (performance + signature)	Transcript-to-protein bridge: acquire cis-pQTL, test colocalization	Nominate: causal but needs colocalization before resourcing
383	Cholelithiasis	Gastrointestinal	Receptor tyrosine-protein kinase erbB-2	ERBB2	Cancer-related genes, CD markers, Disease related genes, Enzymes, FDA approved drug targets, Human disease related genes, Plasma proteins, Predicted intracellular proteins, Predicted membrane proteins, Transporters	Immune-cell-enriched	High (soluble receptor / shed)	NA (train PIRS)	NA	NA (train PIRS)	NA (train PIRS)	NA (train PIRS)	NA (train PIRS)	1.791	1.86e-04	yes	0.777	no	no	no	not tested	not an approved target	High (FDA-precedented class, tractable)	5.023	3	Causal nomination (MR only)	Causal-only (PIRS not trained)	Block (antagonist / neutralizing antibody / small molecule)	Target nomination (causal, needs coloc)	Panel B/C (performance + signature)	Transcript-to-protein bridge: acquire cis-pQTL, test colocalization	Nominate: causal but needs colocalization before resourcing
384	Acute appendicitis	Gastrointestinal	Tumor necrosis factor receptor superfamily member 3	LTBR	Cancer-related genes, Plasma proteins, Predicted intracellular proteins, Predicted membrane proteins	Cytokine/Interleukin	High (soluble receptor / shed)	NA (train PIRS)	NA	NA (train PIRS)	NA (train PIRS)	NA (train PIRS)	NA (train PIRS)	0.751	1.48e-16	yes	0.649	no	no	no	not tested	not an approved target	Low-moderate	4.982	3	Causal nomination (MR only)	Causal-only (PIRS not trained)	Replace / decoy-receptor or agonist (protective, soluble)	Target nomination (causal, needs coloc)	Panel B/C (performance + signature)	Transcript-to-protein bridge: acquire cis-pQTL, test colocalization	Nominate: causal but needs colocalization before resourcing
385	Disorders of choroid and retina	Ophthalmological	Receptor tyrosine-protein kinase erbB-3	ERBB3	Cancer-related genes, Disease related genes, Enzymes, Human disease related genes, Plasma proteins, Potential drug targets, Predicted intracellular proteins, Predicted membrane proteins, Predicted secreted proteins, Transporters	Immune-cell-enriched	High (secreted to blood)	NA (train PIRS)	NA	NA (train PIRS)	NA (train PIRS)	NA (train PIRS)	NA (train PIRS)	0.832	4.64e-02	yes	0.492	no	no	no	not tested	not an approved target	Moderate	4.925	3	Causal nomination (MR only)	Causal-only (PIRS not trained)	Replace / decoy-receptor or agonist (protective, soluble)	Target nomination (causal, needs coloc)	Panel B/C (performance + signature)	Transcript-to-protein bridge: acquire cis-pQTL, test colocalization	Nominate: causal but needs colocalization before resourcing
386	Nasal polyp	Respiratory	Receptor tyrosine-protein kinase erbB-3	ERBB3	Cancer-related genes, Disease related genes, Enzymes, Human disease related genes, Plasma proteins, Potential drug targets, Predicted intracellular proteins, Predicted membrane proteins, Predicted secreted proteins, Transporters	Immune-cell-enriched	High (secreted to blood)	NA (train PIRS)	NA	NA (train PIRS)	NA (train PIRS)	NA (train PIRS)	NA (train PIRS)	0.598	2.65e-04	yes	0.003	no	no	no	not tested	not an approved target	Moderate	4.885	3	Causal nomination (MR only)	Causal-only (PIRS not trained)	Replace / decoy-receptor or agonist (protective, soluble)	Target nomination (causal, needs coloc)	Panel B/C (performance + signature)	Transcript-to-protein bridge: acquire cis-pQTL, test colocalization	Nominate: causal but needs colocalization before resourcing
387	Asthma-related infections	Respiratory	Interleukin-18 receptor accessory protein	IL18RAP	CD markers, Enzymes, Predicted intracellular proteins, Predicted membrane proteins	Cytokine/Interleukin	High (soluble receptor / shed)	NA (train PIRS)	NA	NA (train PIRS)	NA (train PIRS)	NA (train PIRS)	NA (train PIRS)	0.918	1.68e-11	yes	0.007	no	no	no	not tested	not an approved target	Low-moderate	4.84	3	Causal nomination (MR only)	Causal-only (PIRS not trained)	Replace / decoy-receptor or agonist (protective, soluble)	Target nomination (causal, needs coloc)	Panel B/C (performance + signature)	Transcript-to-protein bridge: acquire cis-pQTL, test colocalization	Nominate: causal but needs colocalization before resourcing
388	Dry age-related macular degeneration (includes geographic atrophy)	Ophthalmological	Complement factor H	CFH	Cancer-related genes, Disease related genes, Human disease related genes, Plasma proteins, Predicted intracellular proteins, Predicted secreted proteins	Complement/Coagulation	High (secreted to blood)	NA (train PIRS)	NA	NA (train PIRS)	NA (train PIRS)	NA (train PIRS)	NA (train PIRS)	0.004	6.23e-274	yes	0.0	no	yes (concordant, protein-level)	no	not tested	not an approved target	Low-moderate	4.833	3	Causal nomination (MR only)	Causal-only (PIRS not trained)	Agonize / recombinant-protein replacement (protective, secreted)	Target nomination (causal, needs coloc)	Panel B/C (performance + signature)	Transcript-to-protein bridge: acquire cis-pQTL, test colocalization	Nominate: causal but needs colocalization before resourcing
389	Asthma/COPD (KELA code 203)	Respiratory	Interleukin-18 receptor accessory protein	IL18RAP	CD markers, Enzymes, Predicted intracellular proteins, Predicted membrane proteins	Cytokine/Interleukin	High (soluble receptor / shed)	NA (train PIRS)	NA	NA (train PIRS)	NA (train PIRS)	NA (train PIRS)	NA (train PIRS)	0.918	8.11e-22	yes	0.0	no	no	no	not tested	not an approved target	Low-moderate	4.833	3	Causal nomination (MR only)	Causal-only (PIRS not trained)	Replace / decoy-receptor or agonist (protective, soluble)	Target nomination (causal, needs coloc)	Panel B/C (performance + signature)	Transcript-to-protein bridge: acquire cis-pQTL, test colocalization	Nominate: causal but needs colocalization before resourcing
390	Chronic lower respiratory diseases	Respiratory	Interleukin-18 receptor accessory protein	IL18RAP	CD markers, Enzymes, Predicted intracellular proteins, Predicted membrane proteins	Cytokine/Interleukin	High (soluble receptor / shed)	NA (train PIRS)	NA	NA (train PIRS)	NA (train PIRS)	NA (train PIRS)	NA (train PIRS)	0.932	1.12e-21	yes	0.0	no	no	no	not tested	not an approved target	Low-moderate	4.833	3	Causal nomination (MR only)	Causal-only (PIRS not trained)	Replace / decoy-receptor or agonist (protective, soluble)	Target nomination (causal, needs coloc)	Panel B/C (performance + signature)	Transcript-to-protein bridge: acquire cis-pQTL, test colocalization	Nominate: causal but needs colocalization before resourcing
391	Asthma (more control exclusions)	Respiratory	Interleukin-18 receptor accessory protein	IL18RAP	CD markers, Enzymes, Predicted intracellular proteins, Predicted membrane proteins	Cytokine/Interleukin	High (soluble receptor / shed)	NA (train PIRS)	NA	NA (train PIRS)	NA (train PIRS)	NA (train PIRS)	NA (train PIRS)	0.922	1.17e-17	yes	0.0	no	no	no	replicated (FinnGen + UK Biobank)	not an approved target	Low-moderate	4.833	3	Causal nomination (MR only)	Causal-only (PIRS not trained)	Replace / decoy-receptor or agonist (protective, soluble)	Target nomination (causal, needs coloc)	Panel B/C (performance + signature)	Transcript-to-protein bridge: acquire cis-pQTL, test colocalization	Nominate: causal but needs colocalization before resourcing
392	Atopic dermatitis	Dermatological	Interleukin-18 receptor accessory protein	IL18RAP	CD markers, Enzymes, Predicted intracellular proteins, Predicted membrane proteins	Cytokine/Interleukin	High (soluble receptor / shed)	NA (train PIRS)	NA	NA (train PIRS)	NA (train PIRS)	NA (train PIRS)	NA (train PIRS)	0.906	1.04e-15	yes	0.0	no	no	no	not tested	not an approved target	Low-moderate	4.833	3	Causal nomination (MR only)	Causal-only (PIRS not trained)	Replace / decoy-receptor or agonist (protective, soluble)	Target nomination (causal, needs coloc)	Panel B/C (performance + signature)	Transcript-to-protein bridge: acquire cis-pQTL, test colocalization	Nominate: causal but needs colocalization before resourcing
393	Asthma (only as main-diagnosis) (more control exclusions)	Respiratory	Interleukin-18 receptor accessory protein	IL18RAP	CD markers, Enzymes, Predicted intracellular proteins, Predicted membrane proteins	Cytokine/Interleukin	High (soluble receptor / shed)	NA (train PIRS)	NA	NA (train PIRS)	NA (train PIRS)	NA (train PIRS)	NA (train PIRS)	0.921	3.73e-15	yes	0.0	no	no	no	replicated (FinnGen + UK Biobank)	not an approved target	Low-moderate	4.833	3	Causal nomination (MR only)	Causal-only (PIRS not trained)	Replace / decoy-receptor or agonist (protective, soluble)	Target nomination (causal, needs coloc)	Panel B/C (performance + signature)	Transcript-to-protein bridge: acquire cis-pQTL, test colocalization	Nominate: causal but needs colocalization before resourcing
394	Nasal polyp	Respiratory	Interleukin-18 receptor accessory protein	IL18RAP	CD markers, Enzymes, Predicted intracellular proteins, Predicted membrane proteins	Cytokine/Interleukin	High (soluble receptor / shed)	NA (train PIRS)	NA	NA (train PIRS)	NA (train PIRS)	NA (train PIRS)	NA (train PIRS)	0.853	1.91e-11	yes	0.0	no	no	no	not tested	not an approved target	Low-moderate	4.833	3	Causal nomination (MR only)	Causal-only (PIRS not trained)	Replace / decoy-receptor or agonist (protective, soluble)	Target nomination (causal, needs coloc)	Panel B/C (performance + signature)	Transcript-to-protein bridge: acquire cis-pQTL, test colocalization	Nominate: causal but needs colocalization before resourcing
395	Childhood asthma (age<16) (more control exclusions)	Respiratory	Interleukin-18 receptor accessory protein	IL18RAP	CD markers, Enzymes, Predicted intracellular proteins, Predicted membrane proteins	Cytokine/Interleukin	High (soluble receptor / shed)	NA (train PIRS)	NA	NA (train PIRS)	NA (train PIRS)	NA (train PIRS)	NA (train PIRS)	0.842	2.26e-11	yes	0.0	no	no	no	replicated (FinnGen + UK Biobank)	not an approved target	Low-moderate	4.833	3	Causal nomination (MR only)	Causal-only (PIRS not trained)	Replace / decoy-receptor or agonist (protective, soluble)	Target nomination (causal, needs coloc)	Panel B/C (performance + signature)	Transcript-to-protein bridge: acquire cis-pQTL, test colocalization	Nominate: causal but needs colocalization before resourcing
396	Other acute lower respiratory infections	Respiratory	Receptor tyrosine-protein kinase erbB-2	ERBB2	Cancer-related genes, CD markers, Disease related genes, Enzymes, FDA approved drug targets, Human disease related genes, Plasma proteins, Predicted intracellular proteins, Predicted membrane proteins, Transporters	Immune-cell-enriched	High (soluble receptor / shed)	NA (train PIRS)	NA	NA (train PIRS)	NA (train PIRS)	NA (train PIRS)	NA (train PIRS)	1.939	1.94e-03	yes	0.786	no	no	no	not tested	not an approved target	High (FDA-precedented class, tractable)	4.829	3	Causal nomination (MR only)	Causal-only (PIRS not trained)	Block (antagonist / neutralizing antibody / small molecule)	Target nomination (causal, needs coloc)	Panel B/C (performance + signature)	Transcript-to-protein bridge: acquire cis-pQTL, test colocalization	Nominate: causal but needs colocalization before resourcing
397	Atopic dermatitis	Dermatological	Interleukin-1 receptor-like 1	IL1RL1	Candidate cardiovascular disease genes, Enzymes, Plasma proteins, Predicted intracellular proteins, Predicted membrane proteins, Predicted secreted proteins	Cytokine/Interleukin	High (secreted to blood)	NA (train PIRS)	NA	NA (train PIRS)	NA (train PIRS)	NA (train PIRS)	NA (train PIRS)	0.609	2.37e-30	yes	0.633	no	no	no	not tested	not an approved target	Moderate	4.8	3	Causal nomination (MR only)	Causal-only (PIRS not trained)	Replace / decoy-receptor or agonist (protective, soluble)	Target nomination (causal, needs coloc)	Panel B/C (performance + signature)	Transcript-to-protein bridge: acquire cis-pQTL, test colocalization	Nominate: causal but needs colocalization before resourcing
398	nan	Other	Receptor tyrosine-protein kinase erbB-2	ERBB2	Cancer-related genes, CD markers, Disease related genes, Enzymes, FDA approved drug targets, Human disease related genes, Plasma proteins, Predicted intracellular proteins, Predicted membrane proteins, Transporters	Immune-cell-enriched	High (soluble receptor / shed)	NA (train PIRS)	NA	NA (train PIRS)	NA (train PIRS)	NA (train PIRS)	NA (train PIRS)	1.501	4.28e-03	yes	0.791	no	no	no	not tested	not an approved target	High (FDA-precedented class, tractable)	4.765	3	Causal nomination (MR only)	Causal-only (PIRS not trained)	Block (antagonist / neutralizing antibody / small molecule)	Target nomination (causal, needs coloc)	Panel B/C (performance + signature)	Transcript-to-protein bridge: acquire cis-pQTL, test colocalization	Nominate: causal but needs colocalization before resourcing
399	COPD/asthma/ILD related infections	Other	Receptor tyrosine-protein kinase erbB-2	ERBB2	Cancer-related genes, CD markers, Disease related genes, Enzymes, FDA approved drug targets, Human disease related genes, Plasma proteins, Predicted intracellular proteins, Predicted membrane proteins, Transporters	Immune-cell-enriched	High (soluble receptor / shed)	NA (train PIRS)	NA	NA (train PIRS)	NA (train PIRS)	NA (train PIRS)	NA (train PIRS)	1.372	5.59e-03	yes	0.784	no	no	no	not tested	not an approved target	High (FDA-precedented class, tractable)	4.735	3	Causal nomination (MR only)	Causal-only (PIRS not trained)	Block (antagonist / neutralizing antibody / small molecule)	Target nomination (causal, needs coloc)	Panel B/C (performance + signature)	Transcript-to-protein bridge: acquire cis-pQTL, test colocalization	Nominate: causal but needs colocalization before resourcing
400	Reimbursement for rheumatic diseases	Gastrointestinal	Receptor tyrosine-protein kinase erbB-2	ERBB2	Cancer-related genes, CD markers, Disease related genes, Enzymes, FDA approved drug targets, Human disease related genes, Plasma proteins, Predicted intracellular proteins, Predicted membrane proteins, Transporters	Immune-cell-enriched	High (soluble receptor / shed)	NA (train PIRS)	NA	NA (train PIRS)	NA (train PIRS)	NA (train PIRS)	NA (train PIRS)	0.531	5.53e-03	yes	0.767	no	no	no	not tested	not an approved target	High (FDA-precedented class, tractable)	4.719	3	Causal nomination (MR only)	Causal-only (PIRS not trained)	Replace / decoy-receptor or agonist (protective, soluble)	Target nomination (causal, needs coloc)	Panel B/C (performance + signature)	Transcript-to-protein bridge: acquire cis-pQTL, test colocalization	Nominate: causal but needs colocalization before resourcing
401	Antihypertensive medication - note that there are other indications	Medication/Other	Serine protease inhibitor Kazal-type 8	SPINK8	Predicted secreted proteins	Immune-cell-enriched	High (secreted to blood)	NA (train PIRS)	NA	NA (train PIRS)	NA (train PIRS)	NA (train PIRS)	NA (train PIRS)	0.836	8.82e-08	yes	0.421	no	yes (concordant, protein-level)	no	not tested	not an approved target	Low-moderate	4.666	3	Causal nomination (MR only)	Causal-only (PIRS not trained)	Agonize / recombinant-protein replacement (protective, secreted)	Target nomination (causal, needs coloc)	Panel B/C (performance + signature)	Transcript-to-protein bridge: acquire cis-pQTL, test colocalization	Nominate: causal but needs colocalization before resourcing
402	Allergic conjunctivitis	Ophthalmological	Interleukin-18 receptor accessory protein	IL18RAP	CD markers, Enzymes, Predicted intracellular proteins, Predicted membrane proteins	Cytokine/Interleukin	High (soluble receptor / shed)	NA (train PIRS)	NA	NA (train PIRS)	NA (train PIRS)	NA (train PIRS)	NA (train PIRS)	0.921	7.19e-10	yes	0.0	no	no	no	not tested	not an approved target	Low-moderate	4.662	3	Causal nomination (MR only)	Causal-only (PIRS not trained)	Replace / decoy-receptor or agonist (protective, soluble)	Target nomination (causal, needs coloc)	Panel B/C (performance + signature)	Transcript-to-protein bridge: acquire cis-pQTL, test colocalization	Nominate: causal but needs colocalization before resourcing
403	Antihypertensive medication - note that there are other indications	Medication/Other	Tyrosine-protein kinase Fes/Fps	FES	Cancer-related genes, Disease related genes, Enzymes, Potential drug targets, Predicted intracellular proteins	Immune-cell-enriched	Measured (Olink Explore panel)	NA (train PIRS)	NA	NA (train PIRS)	NA (train PIRS)	NA (train PIRS)	NA (train PIRS)	0.871	4.00e-21	yes	0.128	no	no	no	not tested	not an approved target	Uncertain	4.628	3	Causal nomination (MR only)	Causal-only (PIRS not trained)	Agonize (protective; intracellular route caution)	Target nomination (causal, needs coloc)	Panel B/C (performance + signature)	Transcript-to-protein bridge: acquire cis-pQTL, test colocalization	Nominate: causal but needs colocalization before resourcing
404	Unspecified acute lower respiratory infection	Respiratory	Receptor tyrosine-protein kinase erbB-2	ERBB2	Cancer-related genes, CD markers, Disease related genes, Enzymes, FDA approved drug targets, Human disease related genes, Plasma proteins, Predicted intracellular proteins, Predicted membrane proteins, Transporters	Immune-cell-enriched	High (soluble receptor / shed)	NA (train PIRS)	NA	NA (train PIRS)	NA (train PIRS)	NA (train PIRS)	NA (train PIRS)	3.191	3.29e-02	yes	0.778	no	no	no	not tested	not an approved target	High (FDA-precedented class, tractable)	4.574	3	Causal nomination (MR only)	Causal-only (PIRS not trained)	Block (antagonist / neutralizing antibody / small molecule)	Target nomination (causal, needs coloc)	Panel B/C (performance + signature)	Transcript-to-protein bridge: acquire cis-pQTL, test colocalization	Nominate: causal but needs colocalization before resourcing
405	Ulcerative colitis (strict definition, require KELA, min 2 HDR)	Gastrointestinal	Receptor tyrosine-protein kinase erbB-2	ERBB2	Cancer-related genes, CD markers, Disease related genes, Enzymes, FDA approved drug targets, Human disease related genes, Plasma proteins, Predicted intracellular proteins, Predicted membrane proteins, Transporters	Immune-cell-enriched	High (soluble receptor / shed)	NA (train PIRS)	NA	NA (train PIRS)	NA (train PIRS)	NA (train PIRS)	NA (train PIRS)	0.336	4.77e-02	yes	0.798	no	no	no	replicated (FinnGen + UK Biobank)	not an approved target	High (FDA-precedented class, tractable)	4.562	3	Causal nomination (MR only)	Causal-only (PIRS not trained)	Replace / decoy-receptor or agonist (protective, soluble)	Target nomination (causal, needs coloc)	Panel B/C (performance + signature)	Transcript-to-protein bridge: acquire cis-pQTL, test colocalization	Nominate: causal but needs colocalization before resourcing
406	Asthma, unspecified (mode)	Respiratory	Interleukin-18 receptor accessory protein	IL18RAP	CD markers, Enzymes, Predicted intracellular proteins, Predicted membrane proteins	Cytokine/Interleukin	High (soluble receptor / shed)	NA (train PIRS)	NA	NA (train PIRS)	NA (train PIRS)	NA (train PIRS)	NA (train PIRS)	0.927	7.18e-08	yes	0.28	no	no	no	not tested	not an approved target	Low-moderate	4.542	3	Causal nomination (MR only)	Causal-only (PIRS not trained)	Replace / decoy-receptor or agonist (protective, soluble)	Target nomination (causal, needs coloc)	Panel B/C (performance + signature)	Transcript-to-protein bridge: acquire cis-pQTL, test colocalization	Nominate: causal but needs colocalization before resourcing
407	Asthma-related acute respiratory infections	Respiratory	Interleukin-18 receptor accessory protein	IL18RAP	CD markers, Enzymes, Predicted intracellular proteins, Predicted membrane proteins	Cytokine/Interleukin	High (soluble receptor / shed)	NA (train PIRS)	NA	NA (train PIRS)	NA (train PIRS)	NA (train PIRS)	NA (train PIRS)	0.914	3.27e-09	yes	0.001	no	no	no	not tested	not an approved target	Low-moderate	4.531	3	Causal nomination (MR only)	Causal-only (PIRS not trained)	Replace / decoy-receptor or agonist (protective, soluble)	Target nomination (causal, needs coloc)	Panel B/C (performance + signature)	Transcript-to-protein bridge: acquire cis-pQTL, test colocalization	Nominate: causal but needs colocalization before resourcing
408	HSIL lesion of the cervix uteri	Renal/Genitourinary	Receptor tyrosine-protein kinase erbB-2	ERBB2	Cancer-related genes, CD markers, Disease related genes, Enzymes, FDA approved drug targets, Human disease related genes, Plasma proteins, Predicted intracellular proteins, Predicted membrane proteins, Transporters	Immune-cell-enriched	High (soluble receptor / shed)	NA (train PIRS)	NA	NA (train PIRS)	NA (train PIRS)	NA (train PIRS)	NA (train PIRS)	0.327	2.06e-02	yes	0.69	no	no	no	not tested	not an approved target	High (FDA-precedented class, tractable)	4.528	3	Causal nomination (MR only)	Causal-only (PIRS not trained)	Replace / decoy-receptor or agonist (protective, soluble)	Target nomination (causal, needs coloc)	Panel B/C (performance + signature)	Transcript-to-protein bridge: acquire cis-pQTL, test colocalization	Nominate: causal but needs colocalization before resourcing
409	Pregnancy hypertension	Other	Switch-associated protein 70	SWAP70	Predicted intracellular proteins	Immune-cell-enriched	Measured (Olink Explore panel)	NA (train PIRS)	NA	NA (train PIRS)	NA (train PIRS)	NA (train PIRS)	NA (train PIRS)	0.844	2.39e-02	yes	0.683	no	yes (concordant, protein-level)	no	not tested	not an approved target	Uncertain	4.507	3	Causal nomination (MR only)	Causal-only (PIRS not trained)	Agonize (protective; intracellular route caution)	Target nomination (causal, needs coloc)	Panel B/C (performance + signature)	Transcript-to-protein bridge: acquire cis-pQTL, test colocalization	Nominate: causal but needs colocalization before resourcing
410	Migraine, single triptan purchase ok & required. ICD-code if available is included	Neurological/Psychiatric	Receptor tyrosine-protein kinase erbB-3	ERBB3	Cancer-related genes, Disease related genes, Enzymes, Human disease related genes, Plasma proteins, Potential drug targets, Predicted intracellular proteins, Predicted membrane proteins, Predicted secreted proteins, Transporters	Immune-cell-enriched	High (secreted to blood)	NA (train PIRS)	NA	NA (train PIRS)	NA (train PIRS)	NA (train PIRS)	NA (train PIRS)	1.197	2.02e-02	yes	0.0	no	no	no	not tested	not an approved target	Moderate	4.505	3	Causal nomination (MR only)	Causal-only (PIRS not trained)	Block (antagonist / neutralizing antibody / small molecule)	Target nomination (causal, needs coloc)	Panel B/C (performance + signature)	Transcript-to-protein bridge: acquire cis-pQTL, test colocalization	Nominate: causal but needs colocalization before resourcing
411	Asthma/COPD (KELA code 203)	Respiratory	Interleukin-4 receptor subunit alpha	IL4R	Cancer-related genes, CD markers, FDA approved drug targets, Human disease related genes, Plasma proteins, Predicted intracellular proteins, Predicted membrane proteins, Predicted secreted proteins, Transporters	Cytokine/Interleukin	High (secreted to blood)	NA (train PIRS)	NA	NA (train PIRS)	NA (train PIRS)	NA (train PIRS)	NA (train PIRS)	0.787	2.70e-14	yes	0.0	no	yes (concordant, protein-level)	no	not tested	not an approved target	High (FDA-precedented class, tractable)	4.5	3	Causal nomination (MR only)	Causal-only (PIRS not trained)	Replace / decoy-receptor or agonist (protective, soluble)	Target nomination (causal, needs coloc)	Panel B/C (performance + signature)	Transcript-to-protein bridge: acquire cis-pQTL, test colocalization	Nominate: causal but needs colocalization before resourcing
412	Chronic lower respiratory diseases	Respiratory	Interleukin-4 receptor subunit alpha	IL4R	Cancer-related genes, CD markers, FDA approved drug targets, Human disease related genes, Plasma proteins, Predicted intracellular proteins, Predicted membrane proteins, Predicted secreted proteins, Transporters	Cytokine/Interleukin	High (secreted to blood)	NA (train PIRS)	NA	NA (train PIRS)	NA (train PIRS)	NA (train PIRS)	NA (train PIRS)	0.833	1.19e-11	yes	0.0	no	yes (concordant, protein-level)	no	not tested	not an approved target	High (FDA-precedented class, tractable)	4.5	3	Causal nomination (MR only)	Causal-only (PIRS not trained)	Replace / decoy-receptor or agonist (protective, soluble)	Target nomination (causal, needs coloc)	Panel B/C (performance + signature)	Transcript-to-protein bridge: acquire cis-pQTL, test colocalization	Nominate: causal but needs colocalization before resourcing
413	Antihypertensive medication - note that there are other indications	Medication/Other	Switch-associated protein 70	SWAP70	Predicted intracellular proteins	Immune-cell-enriched	Measured (Olink Explore panel)	NA (train PIRS)	NA	NA (train PIRS)	NA (train PIRS)	NA (train PIRS)	NA (train PIRS)	0.899	1.42e-05	yes	0.0	no	yes (concordant, protein-level)	no	not tested	not an approved target	Uncertain	4.469	3	Causal nomination (MR only)	Causal-only (PIRS not trained)	Agonize (protective; intracellular route caution)	Target nomination (causal, needs coloc)	Panel B/C (performance + signature)	Transcript-to-protein bridge: acquire cis-pQTL, test colocalization	Nominate: causal but needs colocalization before resourcing
414	Atopic dermatitis	Dermatological	Interleukin-2 receptor subunit alpha	IL2RA	Cancer-related genes, CD markers, Disease related genes, FDA approved drug targets, Human disease related genes, Plasma proteins, Predicted membrane proteins	Cytokine/Interleukin	High (soluble receptor / shed)	NA (train PIRS)	NA	NA (train PIRS)	NA (train PIRS)	NA (train PIRS)	NA (train PIRS)	1.538	3.18e-07	yes	0.15	no	no	no	not tested	not an approved target	High (FDA-precedented class, tractable)	4.449	3	Causal nomination (MR only)	Causal-only (PIRS not trained)	Block (antagonist / neutralizing antibody / small molecule)	Target nomination (causal, needs coloc)	Panel B/C (performance + signature)	Transcript-to-protein bridge: acquire cis-pQTL, test colocalization	Nominate: causal but needs colocalization before resourcing
415	Psoriasis vulgaris	Dermatological	Receptor tyrosine-protein kinase erbB-3	ERBB3	Cancer-related genes, Disease related genes, Enzymes, Human disease related genes, Plasma proteins, Potential drug targets, Predicted intracellular proteins, Predicted membrane proteins, Predicted secreted proteins, Transporters	Immune-cell-enriched	High (secreted to blood)	NA (train PIRS)	NA	NA (train PIRS)	NA (train PIRS)	NA (train PIRS)	NA (train PIRS)	0.665	4.67e-02	yes	0.0	no	no	no	not tested	not an approved target	Moderate	4.433	3	Causal nomination (MR only)	Causal-only (PIRS not trained)	Replace / decoy-receptor or agonist (protective, soluble)	Target nomination (causal, needs coloc)	Panel B/C (performance + signature)	Transcript-to-protein bridge: acquire cis-pQTL, test colocalization	Nominate: causal but needs colocalization before resourcing
416	Sarcoidosis	Haematological/Immune	Tumor necrosis factor receptor superfamily member 3	LTBR	Cancer-related genes, Plasma proteins, Predicted intracellular proteins, Predicted membrane proteins	Cytokine/Interleukin	High (soluble receptor / shed)	NA (train PIRS)	NA	NA (train PIRS)	NA (train PIRS)	NA (train PIRS)	NA (train PIRS)	1.391	2.97e-02	yes	0.793	no	yes (concordant, protein-level)	no	replicated	not an approved target	Low-moderate	4.431	3	Causal nomination (MR only)	Causal-only (PIRS not trained)	Block (antagonist / neutralizing antibody / small molecule)	Target nomination (causal, needs coloc)	Panel B/C (performance + signature)	Transcript-to-protein bridge: acquire cis-pQTL, test colocalization	Nominate: causal but needs colocalization before resourcing
417	Hypertension	Cardiovascular	Serine protease inhibitor Kazal-type 8	SPINK8	Predicted secreted proteins	Immune-cell-enriched	High (secreted to blood)	NA (train PIRS)	NA	NA (train PIRS)	NA (train PIRS)	NA (train PIRS)	NA (train PIRS)	0.848	1.39e-05	yes	0.62	no	yes (concordant, protein-level)	no	not tested	not an approved target	Low-moderate	4.425	3	Causal nomination (MR only)	Causal-only (PIRS not trained)	Agonize / recombinant-protein replacement (protective, secreted)	Target nomination (causal, needs coloc)	Panel B/C (performance + signature)	Transcript-to-protein bridge: acquire cis-pQTL, test colocalization	Nominate: causal but needs colocalization before resourcing
418	Asthma and allergy	Respiratory	Receptor tyrosine-protein kinase erbB-2	ERBB2	Cancer-related genes, CD markers, Disease related genes, Enzymes, FDA approved drug targets, Human disease related genes, Plasma proteins, Predicted intracellular proteins, Predicted membrane proteins, Transporters	Immune-cell-enriched	High (soluble receptor / shed)	NA (train PIRS)	NA	NA (train PIRS)	NA (train PIRS)	NA (train PIRS)	NA (train PIRS)	3.504	7.31e-03	yes	0.498	no	no	no	not tested	not an approved target	High (FDA-precedented class, tractable)	4.425	3	Causal nomination (MR only)	Causal-only (PIRS not trained)	Block (antagonist / neutralizing antibody / small molecule)	Target nomination (causal, needs coloc)	Panel B/C (performance + signature)	Transcript-to-protein bridge: acquire cis-pQTL, test colocalization	Nominate: causal but needs colocalization before resourcing
419	Other diseases of upper respiratory tract	Respiratory	Tumor necrosis factor receptor superfamily member 3	LTBR	Cancer-related genes, Plasma proteins, Predicted intracellular proteins, Predicted membrane proteins	Cytokine/Interleukin	High (soluble receptor / shed)	NA (train PIRS)	NA	NA (train PIRS)	NA (train PIRS)	NA (train PIRS)	NA (train PIRS)	1.178	1.49e-14	yes	0.066	no	no	no	not tested	not an approved target	Low-moderate	4.399	3	Causal nomination (MR only)	Causal-only (PIRS not trained)	Block (antagonist / neutralizing antibody / small molecule)	Target nomination (causal, needs coloc)	Panel B/C (performance + signature)	Transcript-to-protein bridge: acquire cis-pQTL, test colocalization	Nominate: causal but needs colocalization before resourcing
420	Antihypertensive medication - note that there are other indications	Medication/Other	Microtubule-associated protein tau	MAPT	Candidate cardiovascular disease genes, Disease related genes, FDA approved drug targets, Human disease related genes, Plasma proteins, Predicted intracellular proteins, Predicted secreted proteins	Immune-cell-enriched	High (secreted to blood)	NA (train PIRS)	NA	NA (train PIRS)	NA (train PIRS)	NA (train PIRS)	NA (train PIRS)	1.876	1.05e-07	yes	0.0	no	no	no	not tested	not an approved target	High (FDA-precedented class, tractable)	4.395	3	Causal nomination (MR only)	Causal-only (PIRS not trained)	Block (antagonist / neutralizing antibody / small molecule)	Target nomination (causal, needs coloc)	Panel B/C (performance + signature)	Transcript-to-protein bridge: acquire cis-pQTL, test colocalization	Nominate: causal but needs colocalization before resourcing
421	Hypertension	Cardiovascular	Switch-associated protein 70	SWAP70	Predicted intracellular proteins	Immune-cell-enriched	Measured (Olink Explore panel)	NA (train PIRS)	NA	NA (train PIRS)	NA (train PIRS)	NA (train PIRS)	NA (train PIRS)	0.898	4.82e-05	yes	0.0	no	yes (concordant, protein-level)	no	not tested	not an approved target	Uncertain	4.363	3	Causal nomination (MR only)	Causal-only (PIRS not trained)	Agonize (protective; intracellular route caution)	Target nomination (causal, needs coloc)	Panel B/C (performance + signature)	Transcript-to-protein bridge: acquire cis-pQTL, test colocalization	Nominate: causal but needs colocalization before resourcing
422	Other soft tissue disorders, not elsewhere classified	Musculoskeletal	Microtubule-associated protein RP/EB family member 3	MAPRE3	Predicted intracellular proteins	Immune-cell-enriched	Measured (Olink Explore panel)	NA (train PIRS)	NA	NA (train PIRS)	NA (train PIRS)	NA (train PIRS)	NA (train PIRS)	0.801	3.21e-04	yes	0.655	no	no	no	not tested	not an approved target	Uncertain	4.353	3	Causal nomination (MR only)	Causal-only (PIRS not trained)	Agonize (protective; intracellular route caution)	Target nomination (causal, needs coloc)	Panel B/C (performance + signature)	Transcript-to-protein bridge: acquire cis-pQTL, test colocalization	Nominate: causal but needs colocalization before resourcing
423	Tonsillectomy and adenotomy	Respiratory	Tumor necrosis factor receptor superfamily member 3	LTBR	Cancer-related genes, Plasma proteins, Predicted intracellular proteins, Predicted membrane proteins	Cytokine/Interleukin	High (soluble receptor / shed)	NA (train PIRS)	NA	NA (train PIRS)	NA (train PIRS)	NA (train PIRS)	NA (train PIRS)	1.38	1.59e-20	yes	0.005	no	no	no	not tested	not an approved target	Low-moderate	4.338	3	Causal nomination (MR only)	Causal-only (PIRS not trained)	Block (antagonist / neutralizing antibody / small molecule)	Target nomination (causal, needs coloc)	Panel B/C (performance + signature)	Transcript-to-protein bridge: acquire cis-pQTL, test colocalization	Nominate: causal but needs colocalization before resourcing
424	Chronic diseases of tonsils and adenoids	Respiratory	Tumor necrosis factor receptor superfamily member 3	LTBR	Cancer-related genes, Plasma proteins, Predicted intracellular proteins, Predicted membrane proteins	Cytokine/Interleukin	High (soluble receptor / shed)	NA (train PIRS)	NA	NA (train PIRS)	NA (train PIRS)	NA (train PIRS)	NA (train PIRS)	1.373	9.51e-31	yes	0.001	no	no	no	not tested	not an approved target	Low-moderate	4.334	3	Causal nomination (MR only)	Causal-only (PIRS not trained)	Block (antagonist / neutralizing antibody / small molecule)	Target nomination (causal, needs coloc)	Panel B/C (performance + signature)	Transcript-to-protein bridge: acquire cis-pQTL, test colocalization	Nominate: causal but needs colocalization before resourcing
425	Unspecific neurodegenerative disorder	Neurological/Psychiatric	Ly6/PLAUR domain-containing protein 3	LYPD3	Predicted membrane proteins	Immune-cell-enriched	Measured (Olink Explore panel)	NA (train PIRS)	NA	NA (train PIRS)	NA (train PIRS)	NA (train PIRS)	NA (train PIRS)	0.292	4.08e-21	yes	0.0	no	no	no	not tested	not an approved target	Low-moderate	4.333	3	Causal nomination (MR only)	Causal-only (PIRS not trained)	Agonize (protective; intracellular route caution)	Target nomination (causal, needs coloc)	Panel B/C (performance + signature)	Transcript-to-protein bridge: acquire cis-pQTL, test colocalization	Nominate: causal but needs colocalization before resourcing
426	Dementia, including avohilmo	Neurological/Psychiatric	Ly6/PLAUR domain-containing protein 3	LYPD3	Predicted membrane proteins	Immune-cell-enriched	Measured (Olink Explore panel)	NA (train PIRS)	NA	NA (train PIRS)	NA (train PIRS)	NA (train PIRS)	NA (train PIRS)	0.365	2.69e-17	yes	0.0	no	no	no	not tested	not an approved target	Low-moderate	4.333	3	Causal nomination (MR only)	Causal-only (PIRS not trained)	Agonize (protective; intracellular route caution)	Target nomination (causal, needs coloc)	Panel B/C (performance + signature)	Transcript-to-protein bridge: acquire cis-pQTL, test colocalization	Nominate: causal but needs colocalization before resourcing
427	Dementia	Neurological/Psychiatric	Ly6/PLAUR domain-containing protein 3	LYPD3	Predicted membrane proteins	Immune-cell-enriched	Measured (Olink Explore panel)	NA (train PIRS)	NA	NA (train PIRS)	NA (train PIRS)	NA (train PIRS)	NA (train PIRS)	0.355	3.70e-17	yes	0.0	no	no	no	not tested	not an approved target	Low-moderate	4.333	3	Causal nomination (MR only)	Causal-only (PIRS not trained)	Agonize (protective; intracellular route caution)	Target nomination (causal, needs coloc)	Panel B/C (performance + signature)	Transcript-to-protein bridge: acquire cis-pQTL, test colocalization	Nominate: causal but needs colocalization before resourcing
428	Alzheimer disease	Neurological/Psychiatric	Ly6/PLAUR domain-containing protein 3	LYPD3	Predicted membrane proteins	Immune-cell-enriched	Measured (Olink Explore panel)	NA (train PIRS)	NA	NA (train PIRS)	NA (train PIRS)	NA (train PIRS)	NA (train PIRS)	0.267	5.35e-17	yes	0.0	no	no	no	not tested	not an approved target	Low-moderate	4.333	3	Causal nomination (MR only)	Causal-only (PIRS not trained)	Agonize (protective; intracellular route caution)	Target nomination (causal, needs coloc)	Panel B/C (performance + signature)	Transcript-to-protein bridge: acquire cis-pQTL, test colocalization	Nominate: causal but needs colocalization before resourcing
429	Alzheimer’s disease, wide definition	Neurological/Psychiatric	Ly6/PLAUR domain-containing protein 3	LYPD3	Predicted membrane proteins	Immune-cell-enriched	Measured (Olink Explore panel)	NA (train PIRS)	NA	NA (train PIRS)	NA (train PIRS)	NA (train PIRS)	NA (train PIRS)	0.24	1.17e-15	yes	0.0	no	no	no	not tested	not an approved target	Low-moderate	4.333	3	Causal nomination (MR only)	Causal-only (PIRS not trained)	Agonize (protective; intracellular route caution)	Target nomination (causal, needs coloc)	Panel B/C (performance + signature)	Transcript-to-protein bridge: acquire cis-pQTL, test colocalization	Nominate: causal but needs colocalization before resourcing
430	Any dementia (more control exclusions)	Other	Ly6/PLAUR domain-containing protein 3	LYPD3	Predicted membrane proteins	Immune-cell-enriched	Measured (Olink Explore panel)	NA (train PIRS)	NA	NA (train PIRS)	NA (train PIRS)	NA (train PIRS)	NA (train PIRS)	0.36	6.67e-14	yes	0.0	no	no	no	not tested	not an approved target	Low-moderate	4.333	3	Causal nomination (MR only)	Causal-only (PIRS not trained)	Agonize (protective; intracellular route caution)	Target nomination (causal, needs coloc)	Panel B/C (performance + signature)	Transcript-to-protein bridge: acquire cis-pQTL, test colocalization	Nominate: causal but needs colocalization before resourcing
431	Alzheimer’s disease (Late onset) (more control exclusions)	Neurological/Psychiatric	Ly6/PLAUR domain-containing protein 3	LYPD3	Predicted membrane proteins	Immune-cell-enriched	Measured (Olink Explore panel)	NA (train PIRS)	NA	NA (train PIRS)	NA (train PIRS)	NA (train PIRS)	NA (train PIRS)	0.222	1.25e-12	yes	0.0	no	no	no	not tested	not an approved target	Low-moderate	4.333	3	Causal nomination (MR only)	Causal-only (PIRS not trained)	Agonize (protective; intracellular route caution)	Target nomination (causal, needs coloc)	Panel B/C (performance + signature)	Transcript-to-protein bridge: acquire cis-pQTL, test colocalization	Nominate: causal but needs colocalization before resourcing
432	Hypertension, essential	Cardiovascular	Switch-associated protein 70	SWAP70	Predicted intracellular proteins	Immune-cell-enriched	Measured (Olink Explore panel)	NA (train PIRS)	NA	NA (train PIRS)	NA (train PIRS)	NA (train PIRS)	NA (train PIRS)	0.895	8.11e-05	yes	0.0	no	yes (concordant, protein-level)	no	not tested	not an approved target	Uncertain	4.318	3	Causal nomination (MR only)	Causal-only (PIRS not trained)	Agonize (protective; intracellular route caution)	Target nomination (causal, needs coloc)	Panel B/C (performance + signature)	Transcript-to-protein bridge: acquire cis-pQTL, test colocalization	Nominate: causal but needs colocalization before resourcing
433	Pain in limb	Musculoskeletal	Microtubule-associated protein RP/EB family member 3	MAPRE3	Predicted intracellular proteins	Immune-cell-enriched	Measured (Olink Explore panel)	NA (train PIRS)	NA	NA (train PIRS)	NA (train PIRS)	NA (train PIRS)	NA (train PIRS)	0.789	2.09e-03	yes	0.774	no	no	no	not tested	not an approved target	Uncertain	4.31	3	Causal nomination (MR only)	Causal-only (PIRS not trained)	Agonize (protective; intracellular route caution)	Target nomination (causal, needs coloc)	Panel B/C (performance + signature)	Transcript-to-protein bridge: acquire cis-pQTL, test colocalization	Nominate: causal but needs colocalization before resourcing
434	Statin medication	Cardiovascular	Angiotensin-converting enzyme	ACE	Candidate cardiovascular disease genes, CD markers, Disease related genes, Enzymes, FDA approved drug targets, Human disease related genes, Metabolic proteins, Plasma proteins, Predicted intracellular proteins, Predicted membrane proteins, Predicted secreted proteins	Immune-cell-enriched	High (secreted to blood)	NA (train PIRS)	NA	NA (train PIRS)	NA (train PIRS)	NA (train PIRS)	NA (train PIRS)	1.329	4.28e-02	yes	0.026	no	no	no	not tested	not an approved target	High (FDA-precedented class, tractable)	4.299	3	Causal nomination (MR only)	Causal-only (PIRS not trained)	Block (antagonist / neutralizing antibody / small molecule)	Target nomination (causal, needs coloc)	Panel B/C (performance + signature)	Transcript-to-protein bridge: acquire cis-pQTL, test colocalization	Nominate: causal but needs colocalization before resourcing
435	Diseases of arteries, arterioles and capillaries (FINNGEN)	Cardiovascular	Switch-associated protein 70	SWAP70	Predicted intracellular proteins	Immune-cell-enriched	Measured (Olink Explore panel)	NA (train PIRS)	NA	NA (train PIRS)	NA (train PIRS)	NA (train PIRS)	NA (train PIRS)	0.821	2.89e-03	yes	0.259	no	yes (concordant, protein-level)	no	not tested	not an approved target	Uncertain	4.266	3	Causal nomination (MR only)	Causal-only (PIRS not trained)	Agonize (protective; intracellular route caution)	Target nomination (causal, needs coloc)	Panel B/C (performance + signature)	Transcript-to-protein bridge: acquire cis-pQTL, test colocalization	Nominate: causal but needs colocalization before resourcing
436	Rheumatism, unspecified	Musculoskeletal	Microtubule-associated protein RP/EB family member 3	MAPRE3	Predicted intracellular proteins	Immune-cell-enriched	Measured (Olink Explore panel)	NA (train PIRS)	NA	NA (train PIRS)	NA (train PIRS)	NA (train PIRS)	NA (train PIRS)	0.539	2.48e-03	yes	0.736	no	no	no	not tested	not an approved target	Uncertain	4.258	3	Causal nomination (MR only)	Causal-only (PIRS not trained)	Agonize (protective; intracellular route caution)	Target nomination (causal, needs coloc)	Panel B/C (performance + signature)	Transcript-to-protein bridge: acquire cis-pQTL, test colocalization	Nominate: causal but needs colocalization before resourcing
437	Dementia in Alzheimer disease	Neurological/Psychiatric	Ly6/PLAUR domain-containing protein 3	LYPD3	Predicted membrane proteins	Immune-cell-enriched	Measured (Olink Explore panel)	NA (train PIRS)	NA	NA (train PIRS)	NA (train PIRS)	NA (train PIRS)	NA (train PIRS)	0.251	3.68e-10	yes	0.0	no	no	no	not tested	not an approved target	Low-moderate	4.22	3	Causal nomination (MR only)	Causal-only (PIRS not trained)	Agonize (protective; intracellular route caution)	Target nomination (causal, needs coloc)	Panel B/C (performance + signature)	Transcript-to-protein bridge: acquire cis-pQTL, test colocalization	Nominate: causal but needs colocalization before resourcing
438	Nasal polyp	Respiratory	Receptor tyrosine-protein kinase erbB-2	ERBB2	Cancer-related genes, CD markers, Disease related genes, Enzymes, FDA approved drug targets, Human disease related genes, Plasma proteins, Predicted intracellular proteins, Predicted membrane proteins, Transporters	Immune-cell-enriched	High (soluble receptor / shed)	NA (train PIRS)	NA	NA (train PIRS)	NA (train PIRS)	NA (train PIRS)	NA (train PIRS)	2.785	3.13e-02	yes	0.389	no	no	no	not tested	not an approved target	High (FDA-precedented class, tractable)	4.19	3	Causal nomination (MR only)	Causal-only (PIRS not trained)	Block (antagonist / neutralizing antibody / small molecule)	Target nomination (causal, needs coloc)	Panel B/C (performance + signature)	Transcript-to-protein bridge: acquire cis-pQTL, test colocalization	Nominate: causal but needs colocalization before resourcing
439	Statin medication	Cardiovascular	Ly6/PLAUR domain-containing protein 3	LYPD3	Predicted membrane proteins	Immune-cell-enriched	Measured (Olink Explore panel)	NA (train PIRS)	NA	NA (train PIRS)	NA (train PIRS)	NA (train PIRS)	NA (train PIRS)	0.676	8.12e-10	yes	0.0	no	no	no	not tested	not an approved target	Low-moderate	4.151	3	Causal nomination (MR only)	Causal-only (PIRS not trained)	Agonize (protective; intracellular route caution)	Target nomination (causal, needs coloc)	Panel B/C (performance + signature)	Transcript-to-protein bridge: acquire cis-pQTL, test colocalization	Nominate: causal but needs colocalization before resourcing
440	Pollen allergy	Respiratory	Toll-like receptor 1	TLR1	CD markers, Predicted intracellular proteins, Predicted membrane proteins, Transporters	Immune-cell-enriched	High (soluble receptor / shed)	NA (train PIRS)	NA	NA (train PIRS)	NA (train PIRS)	NA (train PIRS)	NA (train PIRS)	1.415	8.26e-10	yes	0.001	no	no	no	not tested	not an approved target	Low-moderate	4.151	3	Causal nomination (MR only)	Causal-only (PIRS not trained)	Block (antagonist / neutralizing antibody / small molecule)	Target nomination (causal, needs coloc)	Panel B/C (performance + signature)	Transcript-to-protein bridge: acquire cis-pQTL, test colocalization	Nominate: causal but needs colocalization before resourcing
441	Arthropathies	Musculoskeletal	Microtubule-associated protein RP/EB family member 3	MAPRE3	Predicted intracellular proteins	Immune-cell-enriched	Measured (Olink Explore panel)	NA (train PIRS)	NA	NA (train PIRS)	NA (train PIRS)	NA (train PIRS)	NA (train PIRS)	0.859	5.88e-04	yes	0.482	no	no	no	not tested	not an approved target	Uncertain	4.128	3	Causal nomination (MR only)	Causal-only (PIRS not trained)	Agonize (protective; intracellular route caution)	Target nomination (causal, needs coloc)	Panel B/C (performance + signature)	Transcript-to-protein bridge: acquire cis-pQTL, test colocalization	Nominate: causal but needs colocalization before resourcing
442	Anaemias	Haematological/Immune	Microtubule-associated protein RP/EB family member 3	MAPRE3	Predicted intracellular proteins	Immune-cell-enriched	Measured (Olink Explore panel)	NA (train PIRS)	NA	NA (train PIRS)	NA (train PIRS)	NA (train PIRS)	NA (train PIRS)	0.736	2.02e-02	yes	0.784	no	no	no	not tested	not an approved target	Uncertain	4.123	3	Causal nomination (MR only)	Causal-only (PIRS not trained)	Agonize (protective; intracellular route caution)	Target nomination (causal, needs coloc)	Panel B/C (performance + signature)	Transcript-to-protein bridge: acquire cis-pQTL, test colocalization	Nominate: causal but needs colocalization before resourcing
443	Polyarthrosis	Musculoskeletal	Microtubule-associated protein RP/EB family member 3	MAPRE3	Predicted intracellular proteins	Immune-cell-enriched	Measured (Olink Explore panel)	NA (train PIRS)	NA	NA (train PIRS)	NA (train PIRS)	NA (train PIRS)	NA (train PIRS)	0.627	2.08e-02	yes	0.726	no	no	no	not tested	not an approved target	Uncertain	4.062	3	Causal nomination (MR only)	Causal-only (PIRS not trained)	Agonize (protective; intracellular route caution)	Target nomination (causal, needs coloc)	Panel B/C (performance + signature)	Transcript-to-protein bridge: acquire cis-pQTL, test colocalization	Nominate: causal but needs colocalization before resourcing
444	Asthma (more control exclusions)	Respiratory	Interleukin-4 receptor subunit alpha	IL4R	Cancer-related genes, CD markers, FDA approved drug targets, Human disease related genes, Plasma proteins, Predicted intracellular proteins, Predicted membrane proteins, Predicted secreted proteins, Transporters	Cytokine/Interleukin	High (secreted to blood)	NA (train PIRS)	NA	NA (train PIRS)	NA (train PIRS)	NA (train PIRS)	NA (train PIRS)	0.819	2.04e-08	yes	0.0	no	yes (concordant, protein-level)	no	replicated (FinnGen + UK Biobank)	not an approved target	High (FDA-precedented class, tractable)	4.038	3	Causal nomination (MR only)	Causal-only (PIRS not trained)	Replace / decoy-receptor or agonist (protective, soluble)	Target nomination (causal, needs coloc)	Panel B/C (performance + signature)	Transcript-to-protein bridge: acquire cis-pQTL, test colocalization	Nominate: causal but needs colocalization before resourcing
445	Asthma-related pneumonia	Respiratory	Receptor tyrosine-protein kinase erbB-2	ERBB2	Cancer-related genes, CD markers, Disease related genes, Enzymes, FDA approved drug targets, Human disease related genes, Plasma proteins, Predicted intracellular proteins, Predicted membrane proteins, Transporters	Immune-cell-enriched	High (soluble receptor / shed)	NA (train PIRS)	NA	NA (train PIRS)	NA (train PIRS)	NA (train PIRS)	NA (train PIRS)	2.08	3.20e-02	yes	0.23	no	no	no	not tested	not an approved target	High (FDA-precedented class, tractable)	4.029	3	Causal nomination (MR only)	Causal-only (PIRS not trained)	Block (antagonist / neutralizing antibody / small molecule)	Target nomination (causal, needs coloc)	Panel B/C (performance + signature)	Transcript-to-protein bridge: acquire cis-pQTL, test colocalization	Nominate: causal but needs colocalization before resourcing
446	Acne	Dermatological	Latent-transforming growth factor beta-binding protein 3	LTBP3	Disease related genes, Human disease related genes, Predicted intracellular proteins, Predicted secreted proteins	Cytokine/Interleukin	High (secreted to blood)	NA (train PIRS)	NA	NA (train PIRS)	NA (train PIRS)	NA (train PIRS)	NA (train PIRS)	1.31	4.97e-02	yes	0.419	no	no	no	not tested	not an approved target	Low-moderate	4.013	3	Causal nomination (MR only)	Causal-only (PIRS not trained)	Block (antagonist / neutralizing antibody / small molecule)	Target nomination (causal, needs coloc)	Panel B/C (performance + signature)	Transcript-to-protein bridge: acquire cis-pQTL, test colocalization	Nominate: causal but needs colocalization before resourcing
447	Allergic conjunctivitis	Ophthalmological	Toll-like receptor 1	TLR1	CD markers, Predicted intracellular proteins, Predicted membrane proteins, Transporters	Immune-cell-enriched	High (soluble receptor / shed)	NA (train PIRS)	NA	NA (train PIRS)	NA (train PIRS)	NA (train PIRS)	NA (train PIRS)	1.2	4.04e-09	yes	0.0	no	no	no	not tested	not an approved target	Low-moderate	4.012	3	Causal nomination (MR only)	Causal-only (PIRS not trained)	Block (antagonist / neutralizing antibody / small molecule)	Target nomination (causal, needs coloc)	Panel B/C (performance + signature)	Transcript-to-protein bridge: acquire cis-pQTL, test colocalization	Nominate: causal but needs colocalization before resourcing
448	Hallux valgus (acquired)	Musculoskeletal	Endothelial protein C receptor	PROCR	Candidate cardiovascular disease genes, CD markers, FDA approved drug targets, Plasma proteins, Predicted intracellular proteins, Predicted membrane proteins	Immune-cell-enriched	High (soluble receptor / shed)	NA (train PIRS)	NA	NA (train PIRS)	NA (train PIRS)	NA (train PIRS)	NA (train PIRS)	2.131	1.81e-17	yes	0.0	no	no	no	not tested	not an approved target	High (FDA-precedented class, tractable)	4.0	3	Causal nomination (MR only)	Causal-only (PIRS not trained)	Block (antagonist / neutralizing antibody / small molecule)	Target nomination (causal, needs coloc)	Panel B/C (performance + signature)	Transcript-to-protein bridge: acquire cis-pQTL, test colocalization	Nominate: causal but needs colocalization before resourcing
449	Venous thromboembolism	Cardiovascular	Endothelial protein C receptor	PROCR	Candidate cardiovascular disease genes, CD markers, FDA approved drug targets, Plasma proteins, Predicted intracellular proteins, Predicted membrane proteins	Immune-cell-enriched	High (soluble receptor / shed)	NA (train PIRS)	NA	NA (train PIRS)	NA (train PIRS)	NA (train PIRS)	NA (train PIRS)	0.547	4.32e-17	yes	0.0	no	no	no	not tested	not an approved target	High (FDA-precedented class, tractable)	4.0	3	Causal nomination (MR only)	Causal-only (PIRS not trained)	Replace / decoy-receptor or agonist (protective, soluble)	Target nomination (causal, needs coloc)	Panel B/C (performance + signature)	Transcript-to-protein bridge: acquire cis-pQTL, test colocalization	Nominate: causal but needs colocalization before resourcing
450	Statin medication	Cardiovascular	Lipoprotein lipase	LPL	Candidate cardiovascular disease genes, Disease related genes, Enzymes, FDA approved drug targets, Human disease related genes, Metabolic proteins, Plasma proteins, Predicted intracellular proteins, Predicted secreted proteins	Immune-cell-enriched	High (secreted to blood)	NA (train PIRS)	NA	NA (train PIRS)	NA (train PIRS)	NA (train PIRS)	NA (train PIRS)	0.907	2.61e-14	yes	0.0	no	no	no	not tested	not an approved target	High (FDA-precedented class, tractable)	4.0	3	Causal nomination (MR only)	Causal-only (PIRS not trained)	Agonize / recombinant-protein replacement (protective, secreted)	Target nomination (causal, needs coloc)	Panel B/C (performance + signature)	Transcript-to-protein bridge: acquire cis-pQTL, test colocalization	Nominate: causal but needs colocalization before resourcing
451	Coxarthrosis, primary, with hip surgery	Musculoskeletal	Latent-transforming growth factor beta-binding protein 3	LTBP3	Disease related genes, Human disease related genes, Predicted intracellular proteins, Predicted secreted proteins	Cytokine/Interleukin	High (secreted to blood)	NA (train PIRS)	NA	NA (train PIRS)	NA (train PIRS)	NA (train PIRS)	NA (train PIRS)	0.84	5.46e-04	yes	0.0	no	no	no	not tested	not an approved target	Low-moderate	3.986	3	Causal nomination (MR only)	Causal-only (PIRS not trained)	Agonize / recombinant-protein replacement (protective, secreted)	Target nomination (causal, needs coloc)	Panel B/C (performance + signature)	Transcript-to-protein bridge: acquire cis-pQTL, test colocalization	Nominate: causal but needs colocalization before resourcing
452	Hard cardiovascular diseases	Cardiovascular	Tyrosine-protein kinase Fes/Fps	FES	Cancer-related genes, Disease related genes, Enzymes, Potential drug targets, Predicted intracellular proteins	Immune-cell-enriched	Measured (Olink Explore panel)	NA (train PIRS)	NA	NA (train PIRS)	NA (train PIRS)	NA (train PIRS)	NA (train PIRS)	0.909	1.03e-04	yes	0.675	no	no	no	not tested	not an approved target	Uncertain	3.973	3	Causal nomination (MR only)	Causal-only (PIRS not trained)	Agonize (protective; intracellular route caution)	Target nomination (causal, needs coloc)	Panel B/C (performance + signature)	Transcript-to-protein bridge: acquire cis-pQTL, test colocalization	Nominate: causal but needs colocalization before resourcing
453	Dorsopathies	Musculoskeletal	Microtubule-associated protein RP/EB family member 3	MAPRE3	Predicted intracellular proteins	Immune-cell-enriched	Measured (Olink Explore panel)	NA (train PIRS)	NA	NA (train PIRS)	NA (train PIRS)	NA (train PIRS)	NA (train PIRS)	0.869	6.80e-03	yes	0.539	no	no	no	not tested	not an approved target	Uncertain	3.973	3	Causal nomination (MR only)	Causal-only (PIRS not trained)	Agonize (protective; intracellular route caution)	Target nomination (causal, needs coloc)	Panel B/C (performance + signature)	Transcript-to-protein bridge: acquire cis-pQTL, test colocalization	Nominate: causal but needs colocalization before resourcing
454	Nonsuppurative otitis media	Other	Tumor necrosis factor receptor superfamily member 3	LTBR	Cancer-related genes, Plasma proteins, Predicted intracellular proteins, Predicted membrane proteins	Cytokine/Interleukin	High (soluble receptor / shed)	NA (train PIRS)	NA	NA (train PIRS)	NA (train PIRS)	NA (train PIRS)	NA (train PIRS)	1.374	1.01e-05	yes	0.636	no	no	no	not tested	not an approved target	Low-moderate	3.969	3	Causal nomination (MR only)	Causal-only (PIRS not trained)	Block (antagonist / neutralizing antibody / small molecule)	Target nomination (causal, needs coloc)	Panel B/C (performance + signature)	Transcript-to-protein bridge: acquire cis-pQTL, test colocalization	Nominate: causal but needs colocalization before resourcing
455	Diabetes, insulin treatment (Kela reimbursement) (more control exclusions)	Metabolic/Endocrine	Latent-transforming growth factor beta-binding protein 3	LTBP3	Disease related genes, Human disease related genes, Predicted intracellular proteins, Predicted secreted proteins	Cytokine/Interleukin	High (secreted to blood)	NA (train PIRS)	NA	NA (train PIRS)	NA (train PIRS)	NA (train PIRS)	NA (train PIRS)	1.085	2.18e-02	yes	0.299	no	no	no	not tested	not an approved target	Low-moderate	3.965	3	Causal nomination (MR only)	Causal-only (PIRS not trained)	Block (antagonist / neutralizing antibody / small molecule)	Target nomination (causal, needs coloc)	Panel B/C (performance + signature)	Transcript-to-protein bridge: acquire cis-pQTL, test colocalization	Nominate: causal but needs colocalization before resourcing
456	Type 2 diabetes, wide definition	Metabolic/Endocrine	Serine protease inhibitor Kazal-type 8	SPINK8	Predicted secreted proteins	Immune-cell-enriched	High (secreted to blood)	NA (train PIRS)	NA	NA (train PIRS)	NA (train PIRS)	NA (train PIRS)	NA (train PIRS)	0.838	1.03e-02	yes	0.731	no	yes (concordant, protein-level)	no	not tested	not an approved target	Low-moderate	3.962	3	Causal nomination (MR only)	Causal-only (PIRS not trained)	Agonize / recombinant-protein replacement (protective, secreted)	Target nomination (causal, needs coloc)	Panel B/C (performance + signature)	Transcript-to-protein bridge: acquire cis-pQTL, test colocalization	Nominate: causal but needs colocalization before resourcing
457	Antihypertensive medication - note that there are other indications	Medication/Other	Paired immunoglobulin-like type 2 receptor alpha	PILRA	Predicted membrane proteins, Predicted secreted proteins	Immune-cell-enriched	High (secreted to blood)	NA (train PIRS)	NA	NA (train PIRS)	NA (train PIRS)	NA (train PIRS)	NA (train PIRS)	0.759	7.98e-04	yes	0.666	no	no	no	not tested	not an approved target	Moderate	3.952	3	Causal nomination (MR only)	Causal-only (PIRS not trained)	Replace / decoy-receptor or agonist (protective, soluble)	Target nomination (causal, needs coloc)	Panel B/C (performance + signature)	Transcript-to-protein bridge: acquire cis-pQTL, test colocalization	Nominate: causal but needs colocalization before resourcing
458	DVT of lower extremities	Cardiovascular	Endothelial protein C receptor	PROCR	Candidate cardiovascular disease genes, CD markers, FDA approved drug targets, Plasma proteins, Predicted intracellular proteins, Predicted membrane proteins	Immune-cell-enriched	High (soluble receptor / shed)	NA (train PIRS)	NA	NA (train PIRS)	NA (train PIRS)	NA (train PIRS)	NA (train PIRS)	0.428	2.25e-10	yes	0.0	no	no	no	not tested	not an approved target	High (FDA-precedented class, tractable)	3.93	3	Causal nomination (MR only)	Causal-only (PIRS not trained)	Replace / decoy-receptor or agonist (protective, soluble)	Target nomination (causal, needs coloc)	Panel B/C (performance + signature)	Transcript-to-protein bridge: acquire cis-pQTL, test colocalization	Nominate: causal but needs colocalization before resourcing
459	Other dorsopathies, not elsewhere classified	Musculoskeletal	Microtubule-associated protein RP/EB family member 3	MAPRE3	Predicted intracellular proteins	Immune-cell-enriched	Measured (Olink Explore panel)	NA (train PIRS)	NA	NA (train PIRS)	NA (train PIRS)	NA (train PIRS)	NA (train PIRS)	0.858	9.61e-03	yes	0.525	no	no	no	not tested	not an approved target	Uncertain	3.928	3	Causal nomination (MR only)	Causal-only (PIRS not trained)	Agonize (protective; intracellular route caution)	Target nomination (causal, needs coloc)	Panel B/C (performance + signature)	Transcript-to-protein bridge: acquire cis-pQTL, test colocalization	Nominate: causal but needs colocalization before resourcing
460	Conjunctivitis	Ophthalmological	Interleukin-18 receptor accessory protein	IL18RAP	CD markers, Enzymes, Predicted intracellular proteins, Predicted membrane proteins	Cytokine/Interleukin	High (soluble receptor / shed)	NA (train PIRS)	NA	NA (train PIRS)	NA (train PIRS)	NA (train PIRS)	NA (train PIRS)	0.944	5.78e-06	yes	0.0	no	no	no	not tested	not an approved target	Low-moderate	3.881	3	Causal nomination (MR only)	Causal-only (PIRS not trained)	Replace / decoy-receptor or agonist (protective, soluble)	Target nomination (causal, needs coloc)	Panel B/C (performance + signature)	Transcript-to-protein bridge: acquire cis-pQTL, test colocalization	Nominate: causal but needs colocalization before resourcing
461	Senile cataract	Ophthalmological	Complement factor H	CFH	Cancer-related genes, Disease related genes, Human disease related genes, Plasma proteins, Predicted intracellular proteins, Predicted secreted proteins	Complement/Coagulation	High (secreted to blood)	NA (train PIRS)	NA	NA (train PIRS)	NA (train PIRS)	NA (train PIRS)	NA (train PIRS)	0.745	1.40e-02	yes	0.668	no	yes (concordant, protein-level)	no	not tested	not an approved target	Low-moderate	3.872	3	Causal nomination (MR only)	Causal-only (PIRS not trained)	Agonize / recombinant-protein replacement (protective, secreted)	Target nomination (causal, needs coloc)	Panel B/C (performance + signature)	Transcript-to-protein bridge: acquire cis-pQTL, test colocalization	Nominate: causal but needs colocalization before resourcing
462	Cardiovascular diseases (excluding rheumatic etc)	Cardiovascular	Switch-associated protein 70	SWAP70	Predicted intracellular proteins	Immune-cell-enriched	Measured (Olink Explore panel)	NA (train PIRS)	NA	NA (train PIRS)	NA (train PIRS)	NA (train PIRS)	NA (train PIRS)	0.921	1.62e-02	yes	0.001	no	yes (concordant, protein-level)	no	not tested	not an approved target	Uncertain	3.859	3	Causal nomination (MR only)	Causal-only (PIRS not trained)	Agonize (protective; intracellular route caution)	Target nomination (causal, needs coloc)	Panel B/C (performance + signature)	Transcript-to-protein bridge: acquire cis-pQTL, test colocalization	Nominate: causal but needs colocalization before resourcing
463	Coxarthrosis, primary	Musculoskeletal	Latent-transforming growth factor beta-binding protein 3	LTBP3	Disease related genes, Human disease related genes, Predicted intracellular proteins, Predicted secreted proteins	Cytokine/Interleukin	High (secreted to blood)	NA (train PIRS)	NA	NA (train PIRS)	NA (train PIRS)	NA (train PIRS)	NA (train PIRS)	0.867	2.59e-03	yes	0.0	no	no	no	not tested	not an approved target	Low-moderate	3.851	3	Causal nomination (MR only)	Causal-only (PIRS not trained)	Agonize / recombinant-protein replacement (protective, secreted)	Target nomination (causal, needs coloc)	Panel B/C (performance + signature)	Transcript-to-protein bridge: acquire cis-pQTL, test colocalization	Nominate: causal but needs colocalization before resourcing
464	Statin medication	Cardiovascular	Hepatitis A virus cellular receptor 1	HAVCR1	CD markers, Predicted membrane proteins	Immune-cell-enriched	High (soluble receptor / shed)	NA (train PIRS)	NA	NA (train PIRS)	NA (train PIRS)	NA (train PIRS)	NA (train PIRS)	1.616	2.93e-16	yes	0.0	no	no	no	not tested	not an approved target	Low-moderate	3.833	3	Causal nomination (MR only)	Causal-only (PIRS not trained)	Block (antagonist / neutralizing antibody / small molecule)	Target nomination (causal, needs coloc)	Panel B/C (performance + signature)	Transcript-to-protein bridge: acquire cis-pQTL, test colocalization	Nominate: causal but needs colocalization before resourcing
465	Allergic asthma (mode)	Respiratory	Interleukin-18 receptor accessory protein	IL18RAP	CD markers, Enzymes, Predicted intracellular proteins, Predicted membrane proteins	Cytokine/Interleukin	High (soluble receptor / shed)	NA (train PIRS)	NA	NA (train PIRS)	NA (train PIRS)	NA (train PIRS)	NA (train PIRS)	0.907	1.09e-05	yes	0.0	no	no	no	not tested	not an approved target	Low-moderate	3.826	3	Causal nomination (MR only)	Causal-only (PIRS not trained)	Replace / decoy-receptor or agonist (protective, soluble)	Target nomination (causal, needs coloc)	Panel B/C (performance + signature)	Transcript-to-protein bridge: acquire cis-pQTL, test colocalization	Nominate: causal but needs colocalization before resourcing
466	Coronary artery bypass grafting	Cardiovascular	Tyrosine-protein kinase Fes/Fps	FES	Cancer-related genes, Disease related genes, Enzymes, Potential drug targets, Predicted intracellular proteins	Immune-cell-enriched	Measured (Olink Explore panel)	NA (train PIRS)	NA	NA (train PIRS)	NA (train PIRS)	NA (train PIRS)	NA (train PIRS)	0.832	2.53e-03	yes	0.787	no	no	no	not tested	not an approved target	Uncertain	3.807	3	Causal nomination (MR only)	Causal-only (PIRS not trained)	Agonize (protective; intracellular route caution)	Target nomination (causal, needs coloc)	Panel B/C (performance + signature)	Transcript-to-protein bridge: acquire cis-pQTL, test colocalization	Nominate: causal but needs colocalization before resourcing
467	Type 1 diabetes, definitions combined	Metabolic/Endocrine	Leukemia inhibitory factor	LIF	Cancer-related genes, Plasma proteins, Predicted intracellular proteins, Predicted secreted proteins	Cytokine/Interleukin	High (secreted to blood)	NA (train PIRS)	NA	NA (train PIRS)	NA (train PIRS)	NA (train PIRS)	NA (train PIRS)	53.925	3.86e-07	yes	0.634	no	no	no	not tested	not an approved target	Low-moderate	3.75	3	Causal nomination (MR only)	Causal-only (PIRS not trained)	Block (antagonist / neutralizing antibody / small molecule)	Target nomination (causal, needs coloc)	Panel B/C (performance + signature)	Transcript-to-protein bridge: acquire cis-pQTL, test colocalization	Nominate: causal but needs colocalization before resourcing
468	Carpal tunnel syndrome	Neurological/Psychiatric	Latent-transforming growth factor beta-binding protein 3	LTBP3	Disease related genes, Human disease related genes, Predicted intracellular proteins, Predicted secreted proteins	Cytokine/Interleukin	High (secreted to blood)	NA (train PIRS)	NA	NA (train PIRS)	NA (train PIRS)	NA (train PIRS)	NA (train PIRS)	1.12	3.09e-02	yes	0.07	no	no	no	not tested	not an approved target	Low-moderate	3.706	3	Causal nomination (MR only)	Causal-only (PIRS not trained)	Block (antagonist / neutralizing antibody / small molecule)	Target nomination (causal, needs coloc)	Panel B/C (performance + signature)	Transcript-to-protein bridge: acquire cis-pQTL, test colocalization	Nominate: causal but needs colocalization before resourcing
469	Coronary atherosclerosis	Cardiovascular	Tyrosine-protein kinase Fes/Fps	FES	Cancer-related genes, Disease related genes, Enzymes, Potential drug targets, Predicted intracellular proteins	Immune-cell-enriched	Measured (Olink Explore panel)	NA (train PIRS)	NA	NA (train PIRS)	NA (train PIRS)	NA (train PIRS)	NA (train PIRS)	0.889	5.18e-06	yes	0.12	no	no	no	replicated (FinnGen + UK Biobank)	not an approved target	Uncertain	3.677	3	Causal nomination (MR only)	Causal-only (PIRS not trained)	Agonize (protective; intracellular route caution)	Target nomination (causal, needs coloc)	Panel B/C (performance + signature)	Transcript-to-protein bridge: acquire cis-pQTL, test colocalization	Nominate: causal but needs colocalization before resourcing
470	Dermatitis and eczema	Dermatological	Interleukin-18 receptor accessory protein	IL18RAP	CD markers, Enzymes, Predicted intracellular proteins, Predicted membrane proteins	Cytokine/Interleukin	High (soluble receptor / shed)	NA (train PIRS)	NA	NA (train PIRS)	NA (train PIRS)	NA (train PIRS)	NA (train PIRS)	0.958	6.05e-05	yes	0.0	no	no	no	not tested	not an approved target	Low-moderate	3.677	3	Causal nomination (MR only)	Causal-only (PIRS not trained)	Replace / decoy-receptor or agonist (protective, soluble)	Target nomination (causal, needs coloc)	Panel B/C (performance + signature)	Transcript-to-protein bridge: acquire cis-pQTL, test colocalization	Nominate: causal but needs colocalization before resourcing
471	Childhood allergy (age < 16)	Respiratory	Toll-like receptor 1	TLR1	CD markers, Predicted intracellular proteins, Predicted membrane proteins, Transporters	Immune-cell-enriched	High (soluble receptor / shed)	NA (train PIRS)	NA	NA (train PIRS)	NA (train PIRS)	NA (train PIRS)	NA (train PIRS)	1.318	2.63e-04	yes	0.612	no	no	no	not tested	not an approved target	Low-moderate	3.661	3	Causal nomination (MR only)	Causal-only (PIRS not trained)	Block (antagonist / neutralizing antibody / small molecule)	Target nomination (causal, needs coloc)	Panel B/C (performance + signature)	Transcript-to-protein bridge: acquire cis-pQTL, test colocalization	Nominate: causal but needs colocalization before resourcing
472	Asthma (only as main-diagnosis) (more control exclusions)	Respiratory	Interleukin-4 receptor subunit alpha	IL4R	Cancer-related genes, CD markers, FDA approved drug targets, Human disease related genes, Plasma proteins, Predicted intracellular proteins, Predicted membrane proteins, Predicted secreted proteins, Transporters	Cytokine/Interleukin	High (secreted to blood)	NA (train PIRS)	NA	NA (train PIRS)	NA (train PIRS)	NA (train PIRS)	NA (train PIRS)	0.821	1.72e-06	yes	0.0	no	yes (concordant, protein-level)	no	replicated (FinnGen + UK Biobank)	not an approved target	High (FDA-precedented class, tractable)	3.653	3	Causal nomination (MR only)	Causal-only (PIRS not trained)	Replace / decoy-receptor or agonist (protective, soluble)	Target nomination (causal, needs coloc)	Panel B/C (performance + signature)	Transcript-to-protein bridge: acquire cis-pQTL, test colocalization	Nominate: causal but needs colocalization before resourcing
473	Hypertension	Cardiovascular	Microtubule-associated protein RP/EB family member 3	MAPRE3	Predicted intracellular proteins	Immune-cell-enriched	Measured (Olink Explore panel)	NA (train PIRS)	NA	NA (train PIRS)	NA (train PIRS)	NA (train PIRS)	NA (train PIRS)	0.838	5.45e-04	yes	0.0	no	no	no	not tested	not an approved target	Uncertain	3.653	3	Causal nomination (MR only)	Causal-only (PIRS not trained)	Agonize (protective; intracellular route caution)	Target nomination (causal, needs coloc)	Panel B/C (performance + signature)	Transcript-to-protein bridge: acquire cis-pQTL, test colocalization	Nominate: causal but needs colocalization before resourcing
474	Type1 diabetes, definitions combined, early onset	Metabolic/Endocrine	Leukemia inhibitory factor	LIF	Cancer-related genes, Plasma proteins, Predicted intracellular proteins, Predicted secreted proteins	Cytokine/Interleukin	High (secreted to blood)	NA (train PIRS)	NA	NA (train PIRS)	NA (train PIRS)	NA (train PIRS)	NA (train PIRS)	93.426	7.76e-06	yes	0.785	no	no	no	not tested	not an approved target	Low-moderate	3.64	3	Causal nomination (MR only)	Causal-only (PIRS not trained)	Block (antagonist / neutralizing antibody / small molecule)	Target nomination (causal, needs coloc)	Panel B/C (performance + signature)	Transcript-to-protein bridge: acquire cis-pQTL, test colocalization	Nominate: causal but needs colocalization before resourcing
475	Asthma-related pneumonia	Respiratory	Interleukin-18 receptor accessory protein	IL18RAP	CD markers, Enzymes, Predicted intracellular proteins, Predicted membrane proteins	Cytokine/Interleukin	High (soluble receptor / shed)	NA (train PIRS)	NA	NA (train PIRS)	NA (train PIRS)	NA (train PIRS)	NA (train PIRS)	0.925	2.00e-04	yes	0.064	no	no	no	not tested	not an approved target	Low-moderate	3.637	3	Causal nomination (MR only)	Causal-only (PIRS not trained)	Replace / decoy-receptor or agonist (protective, soluble)	Target nomination (causal, needs coloc)	Panel B/C (performance + signature)	Transcript-to-protein bridge: acquire cis-pQTL, test colocalization	Nominate: causal but needs colocalization before resourcing
476	Asthma-related pneumonia	Respiratory	Plasma protease C1 inhibitor	SERPING1	Candidate cardiovascular disease genes, Disease related genes, Human disease related genes, Plasma proteins, Predicted intracellular proteins, Predicted secreted proteins	Complement/Coagulation	High (secreted to blood)	NA (train PIRS)	NA	NA (train PIRS)	NA (train PIRS)	NA (train PIRS)	NA (train PIRS)	1.233	1.76e-03	yes	0.753	no	no	no	replicated (FinnGen + UK Biobank)	not an approved target	Low-moderate	3.637	3	Causal nomination (MR only)	Causal-only (PIRS not trained)	Block (antagonist / neutralizing antibody / small molecule)	Target nomination (causal, needs coloc)	Panel B/C (performance + signature)	Transcript-to-protein bridge: acquire cis-pQTL, test colocalization	Nominate: causal but needs colocalization before resourcing
477	Other degenerative diseases of the nervous system	Gastrointestinal	Ly6/PLAUR domain-containing protein 3	LYPD3	Predicted membrane proteins	Immune-cell-enriched	Measured (Olink Explore panel)	NA (train PIRS)	NA	NA (train PIRS)	NA (train PIRS)	NA (train PIRS)	NA (train PIRS)	0.453	4.64e-07	yes	0.0	no	no	no	not tested	not an approved target	Low-moderate	3.6	3	Causal nomination (MR only)	Causal-only (PIRS not trained)	Agonize (protective; intracellular route caution)	Target nomination (causal, needs coloc)	Panel B/C (performance + signature)	Transcript-to-protein bridge: acquire cis-pQTL, test colocalization	Nominate: causal but needs colocalization before resourcing
478	Hallux valgus (acquired)	Musculoskeletal	Transforming growth factor beta-2 proprotein	TGFB2	Cancer-related genes, Disease related genes, Human disease related genes, Predicted secreted proteins	Cytokine/Interleukin	High (secreted to blood)	NA (train PIRS)	NA	NA (train PIRS)	NA (train PIRS)	NA (train PIRS)	NA (train PIRS)	2.697	1.88e-03	yes	0.712	no	yes (concordant, protein-level)	no	not tested	not an approved target	Low-moderate	3.591	3	Causal nomination (MR only)	Causal-only (PIRS not trained)	Block (antagonist / neutralizing antibody / small molecule)	Target nomination (causal, needs coloc)	Panel B/C (performance + signature)	Transcript-to-protein bridge: acquire cis-pQTL, test colocalization	Nominate: causal but needs colocalization before resourcing
479	Hypertension, essential	Cardiovascular	Microtubule-associated protein RP/EB family member 3	MAPRE3	Predicted intracellular proteins	Immune-cell-enriched	Measured (Olink Explore panel)	NA (train PIRS)	NA	NA (train PIRS)	NA (train PIRS)	NA (train PIRS)	NA (train PIRS)	0.837	1.48e-03	yes	0.0	no	no	no	not tested	not an approved target	Uncertain	3.566	3	Causal nomination (MR only)	Causal-only (PIRS not trained)	Agonize (protective; intracellular route caution)	Target nomination (causal, needs coloc)	Panel B/C (performance + signature)	Transcript-to-protein bridge: acquire cis-pQTL, test colocalization	Nominate: causal but needs colocalization before resourcing
480	Chronic lower respiratory diseases	Respiratory	Toll-like receptor 1	TLR1	CD markers, Predicted intracellular proteins, Predicted membrane proteins, Transporters	Immune-cell-enriched	High (soluble receptor / shed)	NA (train PIRS)	NA	NA (train PIRS)	NA (train PIRS)	NA (train PIRS)	NA (train PIRS)	1.086	2.37e-04	yes	0.504	no	no	no	not tested	not an approved target	Low-moderate	3.562	3	Causal nomination (MR only)	Causal-only (PIRS not trained)	Block (antagonist / neutralizing antibody / small molecule)	Target nomination (causal, needs coloc)	Panel B/C (performance + signature)	Transcript-to-protein bridge: acquire cis-pQTL, test colocalization	Nominate: causal but needs colocalization before resourcing
481	Statin medication	Cardiovascular	Poliovirus receptor	PVR	CD markers, Plasma proteins, Predicted intracellular proteins, Predicted membrane proteins, Predicted secreted proteins	Immune-cell-enriched	High (secreted to blood)	NA (train PIRS)	NA	NA (train PIRS)	NA (train PIRS)	NA (train PIRS)	NA (train PIRS)	0.759	1.45e-07	yes	0.0	no	no	no	not tested	not an approved target	Moderate	3.534	3	Causal nomination (MR only)	Causal-only (PIRS not trained)	Replace / decoy-receptor or agonist (protective, soluble)	Target nomination (causal, needs coloc)	Panel B/C (performance + signature)	Transcript-to-protein bridge: acquire cis-pQTL, test colocalization	Nominate: causal but needs colocalization before resourcing
482	Chronic sinusitis	Respiratory	Interleukin-18 receptor accessory protein	IL18RAP	CD markers, Enzymes, Predicted intracellular proteins, Predicted membrane proteins	Cytokine/Interleukin	High (soluble receptor / shed)	NA (train PIRS)	NA	NA (train PIRS)	NA (train PIRS)	NA (train PIRS)	NA (train PIRS)	0.938	1.26e-03	yes	0.109	no	no	no	not tested	not an approved target	Low-moderate	3.522	3	Causal nomination (MR only)	Causal-only (PIRS not trained)	Replace / decoy-receptor or agonist (protective, soluble)	Target nomination (causal, needs coloc)	Panel B/C (performance + signature)	Transcript-to-protein bridge: acquire cis-pQTL, test colocalization	Nominate: causal but needs colocalization before resourcing
483	Major coronary heart disease event	Cardiovascular	Tyrosine-protein kinase Fes/Fps	FES	Cancer-related genes, Disease related genes, Enzymes, Potential drug targets, Predicted intracellular proteins	Immune-cell-enriched	Measured (Olink Explore panel)	NA (train PIRS)	NA	NA (train PIRS)	NA (train PIRS)	NA (train PIRS)	NA (train PIRS)	0.89	1.28e-05	yes	0.033	no	no	no	replicated (FinnGen + UK Biobank)	not an approved target	Uncertain	3.512	3	Causal nomination (MR only)	Causal-only (PIRS not trained)	Agonize (protective; intracellular route caution)	Target nomination (causal, needs coloc)	Panel B/C (performance + signature)	Transcript-to-protein bridge: acquire cis-pQTL, test colocalization	Nominate: causal but needs colocalization before resourcing
484	Pain (limb, back, neck, head abdominally)	Other	B-cell antigen receptor complex-associated protein beta chain	CD79B	Cancer-related genes, CD markers, Disease related genes, FDA approved drug targets, Human disease related genes, Predicted membrane proteins	Ig/B-cell/Fc	High (soluble receptor / shed)	NA (train PIRS)	NA	NA (train PIRS)	NA (train PIRS)	NA (train PIRS)	NA (train PIRS)	0.847	3.46e-02	yes	0.714	no	no	no	not tested	not an approved target	High (FDA-precedented class, tractable)	3.506	3	Causal nomination (MR only)	Causal-only (PIRS not trained)	Replace / decoy-receptor or agonist (protective, soluble)	Target nomination (causal, needs coloc)	Panel B/C (performance + signature)	Transcript-to-protein bridge: acquire cis-pQTL, test colocalization	Nominate: causal but needs colocalization before resourcing
485	Statin medication	Cardiovascular	Tyrosine-protein kinase Fes/Fps	FES	Cancer-related genes, Disease related genes, Enzymes, Potential drug targets, Predicted intracellular proteins	Immune-cell-enriched	Measured (Olink Explore panel)	NA (train PIRS)	NA	NA (train PIRS)	NA (train PIRS)	NA (train PIRS)	NA (train PIRS)	0.939	1.03e-02	yes	0.595	no	no	no	not tested	not an approved target	Uncertain	3.493	3	Causal nomination (MR only)	Causal-only (PIRS not trained)	Agonize (protective; intracellular route caution)	Target nomination (causal, needs coloc)	Panel B/C (performance + signature)	Transcript-to-protein bridge: acquire cis-pQTL, test colocalization	Nominate: causal but needs colocalization before resourcing
486	Childhood allergy (age < 16)	Respiratory	Interleukin-18 receptor accessory protein	IL18RAP	CD markers, Enzymes, Predicted intracellular proteins, Predicted membrane proteins	Cytokine/Interleukin	High (soluble receptor / shed)	NA (train PIRS)	NA	NA (train PIRS)	NA (train PIRS)	NA (train PIRS)	NA (train PIRS)	0.891	5.46e-04	yes	0.004	no	no	no	not tested	not an approved target	Low-moderate	3.489	3	Causal nomination (MR only)	Causal-only (PIRS not trained)	Replace / decoy-receptor or agonist (protective, soluble)	Target nomination (causal, needs coloc)	Panel B/C (performance + signature)	Transcript-to-protein bridge: acquire cis-pQTL, test colocalization	Nominate: causal but needs colocalization before resourcing
487	Disorders of lipoprotein metabolism and other lipidaemias	Metabolic/Endocrine	Hepatitis A virus cellular receptor 1	HAVCR1	CD markers, Predicted membrane proteins	Immune-cell-enriched	High (soluble receptor / shed)	NA (train PIRS)	NA	NA (train PIRS)	NA (train PIRS)	NA (train PIRS)	NA (train PIRS)	1.561	6.69e-07	yes	0.409	no	no	no	not tested	not an approved target	Low-moderate	3.477	3	Causal nomination (MR only)	Causal-only (PIRS not trained)	Block (antagonist / neutralizing antibody / small molecule)	Target nomination (causal, needs coloc)	Panel B/C (performance + signature)	Transcript-to-protein bridge: acquire cis-pQTL, test colocalization	Nominate: causal but needs colocalization before resourcing
488	Obesity related asthma	Respiratory	Interleukin-18 receptor accessory protein	IL18RAP	CD markers, Enzymes, Predicted intracellular proteins, Predicted membrane proteins	Cytokine/Interleukin	High (soluble receptor / shed)	NA (train PIRS)	NA	NA (train PIRS)	NA (train PIRS)	NA (train PIRS)	NA (train PIRS)	0.929	3.23e-03	yes	0.134	no	no	no	not tested	not an approved target	Low-moderate	3.466	3	Causal nomination (MR only)	Causal-only (PIRS not trained)	Replace / decoy-receptor or agonist (protective, soluble)	Target nomination (causal, needs coloc)	Panel B/C (performance + signature)	Transcript-to-protein bridge: acquire cis-pQTL, test colocalization	Nominate: causal but needs colocalization before resourcing
489	Nasal polyp	Respiratory	Tyrosine-protein kinase receptor UFO	AXL	Disease related genes, Enzymes, FDA approved drug targets, Plasma proteins, Predicted membrane proteins	Immune-cell-enriched	High (soluble receptor / shed)	NA (train PIRS)	NA	NA (train PIRS)	NA (train PIRS)	NA (train PIRS)	NA (train PIRS)	2.48	1.59e-10	yes	0.0	no	no	no	not tested	not an approved target	High (FDA-precedented class, tractable)	3.46	3	Causal nomination (MR only)	Causal-only (PIRS not trained)	Block (antagonist / neutralizing antibody / small molecule)	Target nomination (causal, needs coloc)	Panel B/C (performance + signature)	Transcript-to-protein bridge: acquire cis-pQTL, test colocalization	Nominate: causal but needs colocalization before resourcing
490	Pregnancy hypertension	Other	Tyrosine-protein kinase Fes/Fps	FES	Cancer-related genes, Disease related genes, Enzymes, Potential drug targets, Predicted intracellular proteins	Immune-cell-enriched	Measured (Olink Explore panel)	NA (train PIRS)	NA	NA (train PIRS)	NA (train PIRS)	NA (train PIRS)	NA (train PIRS)	0.856	2.01e-04	yes	0.219	no	no	no	not tested	not an approved target	Uncertain	3.458	3	Causal nomination (MR only)	Causal-only (PIRS not trained)	Agonize (protective; intracellular route caution)	Target nomination (causal, needs coloc)	Panel B/C (performance + signature)	Transcript-to-protein bridge: acquire cis-pQTL, test colocalization	Nominate: causal but needs colocalization before resourcing
491	Other joint disorders	Musculoskeletal	Endothelial protein C receptor	PROCR	Candidate cardiovascular disease genes, CD markers, FDA approved drug targets, Plasma proteins, Predicted intracellular proteins, Predicted membrane proteins	Immune-cell-enriched	High (soluble receptor / shed)	NA (train PIRS)	NA	NA (train PIRS)	NA (train PIRS)	NA (train PIRS)	NA (train PIRS)	1.28	5.24e-08	yes	0.0	no	no	no	not tested	not an approved target	High (FDA-precedented class, tractable)	3.456	3	Causal nomination (MR only)	Causal-only (PIRS not trained)	Block (antagonist / neutralizing antibody / small molecule)	Target nomination (causal, needs coloc)	Panel B/C (performance + signature)	Transcript-to-protein bridge: acquire cis-pQTL, test colocalization	Nominate: causal but needs colocalization before resourcing
492	Obesity	Metabolic/Endocrine	Microtubule-associated protein RP/EB family member 3	MAPRE3	Predicted intracellular proteins	Immune-cell-enriched	Measured (Olink Explore panel)	NA (train PIRS)	NA	NA (train PIRS)	NA (train PIRS)	NA (train PIRS)	NA (train PIRS)	0.768	5.59e-03	yes	0.005	no	no	no	not tested	not an approved target	Uncertain	3.456	3	Causal nomination (MR only)	Causal-only (PIRS not trained)	Agonize (protective; intracellular route caution)	Target nomination (causal, needs coloc)	Panel B/C (performance + signature)	Transcript-to-protein bridge: acquire cis-pQTL, test colocalization	Nominate: causal but needs colocalization before resourcing
493	Ischaemic heart disease, wide definition	Cardiovascular	Tyrosine-protein kinase Fes/Fps	FES	Cancer-related genes, Disease related genes, Enzymes, Potential drug targets, Predicted intracellular proteins	Immune-cell-enriched	Measured (Olink Explore panel)	NA (train PIRS)	NA	NA (train PIRS)	NA (train PIRS)	NA (train PIRS)	NA (train PIRS)	0.909	8.45e-05	yes	0.137	no	no	no	replicated (FinnGen + UK Biobank)	not an approved target	Uncertain	3.452	3	Causal nomination (MR only)	Causal-only (PIRS not trained)	Agonize (protective; intracellular route caution)	Target nomination (causal, needs coloc)	Panel B/C (performance + signature)	Transcript-to-protein bridge: acquire cis-pQTL, test colocalization	Nominate: causal but needs colocalization before resourcing
494	Other intervertebral disc disorders	Musculoskeletal	Microtubule-associated protein RP/EB family member 3	MAPRE3	Predicted intracellular proteins	Immune-cell-enriched	Measured (Olink Explore panel)	NA (train PIRS)	NA	NA (train PIRS)	NA (train PIRS)	NA (train PIRS)	NA (train PIRS)	0.825	3.93e-02	yes	0.171	no	no	no	not tested	not an approved target	Uncertain	3.452	3	Causal nomination (MR only)	Causal-only (PIRS not trained)	Agonize (protective; intracellular route caution)	Target nomination (causal, needs coloc)	Panel B/C (performance + signature)	Transcript-to-protein bridge: acquire cis-pQTL, test colocalization	Nominate: causal but needs colocalization before resourcing
495	Glaucoma	Ophthalmological	Latent-transforming growth factor beta-binding protein 2	LTBP2	Disease related genes, Human disease related genes, Plasma proteins, Predicted intracellular proteins, Predicted secreted proteins	Cytokine/Interleukin	High (secreted to blood)	NA (train PIRS)	NA	NA (train PIRS)	NA (train PIRS)	NA (train PIRS)	NA (train PIRS)	0.667	1.76e-06	yes	0.455	no	no	no	replicated (FinnGen + UK Biobank)	not an approved target	Low-moderate	3.439	3	Causal nomination (MR only)	Causal-only (PIRS not trained)	Agonize / recombinant-protein replacement (protective, secreted)	Target nomination (causal, needs coloc)	Panel B/C (performance + signature)	Transcript-to-protein bridge: acquire cis-pQTL, test colocalization	Nominate: causal but needs colocalization before resourcing
496	Other embolism and thrombosis	Cardiovascular	Endothelial protein C receptor	PROCR	Candidate cardiovascular disease genes, CD markers, FDA approved drug targets, Plasma proteins, Predicted intracellular proteins, Predicted membrane proteins	Immune-cell-enriched	High (soluble receptor / shed)	NA (train PIRS)	NA	NA (train PIRS)	NA (train PIRS)	NA (train PIRS)	NA (train PIRS)	0.394	6.66e-08	yes	0.0	no	no	no	not tested	not an approved target	High (FDA-precedented class, tractable)	3.436	3	Causal nomination (MR only)	Causal-only (PIRS not trained)	Replace / decoy-receptor or agonist (protective, soluble)	Target nomination (causal, needs coloc)	Panel B/C (performance + signature)	Transcript-to-protein bridge: acquire cis-pQTL, test colocalization	Nominate: causal but needs colocalization before resourcing
497	Statin medication	Cardiovascular	Asialoglycoprotein receptor 1	ASGR1	Predicted intracellular proteins, Predicted secreted proteins	Immune-cell-enriched	High (secreted to blood)	NA (train PIRS)	NA	NA (train PIRS)	NA (train PIRS)	NA (train PIRS)	NA (train PIRS)	1.275	5.65e-06	yes	0.049	no	yes (concordant, protein-level)	no	not tested	not an approved target	Low-moderate	3.432	3	Causal nomination (MR only)	Causal-only (PIRS not trained)	Block (antagonist / neutralizing antibody / small molecule)	Target nomination (causal, needs coloc)	Panel B/C (performance + signature)	Transcript-to-protein bridge: acquire cis-pQTL, test colocalization	Nominate: causal but needs colocalization before resourcing
498	Hypertension	Cardiovascular	Microtubule-associated protein tau	MAPT	Candidate cardiovascular disease genes, Disease related genes, FDA approved drug targets, Human disease related genes, Plasma proteins, Predicted intracellular proteins, Predicted secreted proteins	Immune-cell-enriched	High (secreted to blood)	NA (train PIRS)	NA	NA (train PIRS)	NA (train PIRS)	NA (train PIRS)	NA (train PIRS)	1.574	8.44e-03	yes	0.0	no	no	no	not tested	not an approved target	High (FDA-precedented class, tractable)	3.415	3	Causal nomination (MR only)	Causal-only (PIRS not trained)	Block (antagonist / neutralizing antibody / small molecule)	Target nomination (causal, needs coloc)	Panel B/C (performance + signature)	Transcript-to-protein bridge: acquire cis-pQTL, test colocalization	Nominate: causal but needs colocalization before resourcing
499	Type 2 diabetes, definitions combined	Metabolic/Endocrine	Nodal modulator 1	NOMO1	Plasma proteins, Predicted intracellular proteins, Predicted membrane proteins	Immune-cell-enriched	Measured (Olink Explore panel)	NA (train PIRS)	NA	NA (train PIRS)	NA (train PIRS)	NA (train PIRS)	NA (train PIRS)	1.097	2.09e-03	yes	0.535	no	no	no	not tested	not an approved target	Low-moderate	3.405	3	Causal nomination (MR only)	Causal-only (PIRS not trained)	Block (antagonist / neutralizing antibody / small molecule)	Target nomination (causal, needs coloc)	Panel B/C (performance + signature)	Transcript-to-protein bridge: acquire cis-pQTL, test colocalization	Nominate: causal but needs colocalization before resourcing
500	Type 2 diabetes, wide definition	Metabolic/Endocrine	Nodal modulator 1	NOMO1	Plasma proteins, Predicted intracellular proteins, Predicted membrane proteins	Immune-cell-enriched	Measured (Olink Explore panel)	NA (train PIRS)	NA	NA (train PIRS)	NA (train PIRS)	NA (train PIRS)	NA (train PIRS)	1.105	1.38e-02	yes	0.695	no	no	no	not tested	not an approved target	Low-moderate	3.4	3	Causal nomination (MR only)	Causal-only (PIRS not trained)	Block (antagonist / neutralizing antibody / small molecule)	Target nomination (causal, needs coloc)	Panel B/C (performance + signature)	Transcript-to-protein bridge: acquire cis-pQTL, test colocalization	Nominate: causal but needs colocalization before resourcing
501	Allergic asthma (mode)	Respiratory	Toll-like receptor 1	TLR1	CD markers, Predicted intracellular proteins, Predicted membrane proteins, Transporters	Immune-cell-enriched	High (soluble receptor / shed)	NA (train PIRS)	NA	NA (train PIRS)	NA (train PIRS)	NA (train PIRS)	NA (train PIRS)	1.196	5.11e-03	yes	0.585	no	no	no	not tested	not an approved target	Low-moderate	3.377	3	Causal nomination (MR only)	Causal-only (PIRS not trained)	Block (antagonist / neutralizing antibody / small molecule)	Target nomination (causal, needs coloc)	Panel B/C (performance + signature)	Transcript-to-protein bridge: acquire cis-pQTL, test colocalization	Nominate: causal but needs colocalization before resourcing
502	Suggestive for eosinophilic asthma	Respiratory	Interleukin-18 receptor accessory protein	IL18RAP	CD markers, Enzymes, Predicted intracellular proteins, Predicted membrane proteins	Cytokine/Interleukin	High (soluble receptor / shed)	NA (train PIRS)	NA	NA (train PIRS)	NA (train PIRS)	NA (train PIRS)	NA (train PIRS)	0.86	2.08e-03	yes	0.0	no	no	no	replicated (FinnGen + UK Biobank)	not an approved target	Low-moderate	3.37	3	Causal nomination (MR only)	Causal-only (PIRS not trained)	Replace / decoy-receptor or agonist (protective, soluble)	Target nomination (causal, needs coloc)	Panel B/C (performance + signature)	Transcript-to-protein bridge: acquire cis-pQTL, test colocalization	Nominate: causal but needs colocalization before resourcing
503	Dermatitis and eczema	Dermatological	Interleukin-7 receptor subunit alpha	IL7R	Cancer-related genes, CD markers, Disease related genes, Human disease related genes, Predicted intracellular proteins, Predicted membrane proteins	Cytokine/Interleukin	High (soluble receptor / shed)	NA (train PIRS)	NA	NA (train PIRS)	NA (train PIRS)	NA (train PIRS)	NA (train PIRS)	1.163	2.22e-08	yes	0.0	no	yes (concordant, protein-level)	no	not tested	not an approved target	Low-moderate	3.364	3	Causal nomination (MR only)	Causal-only (PIRS not trained)	Block (antagonist / neutralizing antibody / small molecule)	Target nomination (causal, needs coloc)	Panel B/C (performance + signature)	Transcript-to-protein bridge: acquire cis-pQTL, test colocalization	Nominate: causal but needs colocalization before resourcing
504	Myocardial infarction, strict	Cardiovascular	Tyrosine-protein kinase Fes/Fps	FES	Cancer-related genes, Disease related genes, Enzymes, Potential drug targets, Predicted intracellular proteins	Immune-cell-enriched	Measured (Olink Explore panel)	NA (train PIRS)	NA	NA (train PIRS)	NA (train PIRS)	NA (train PIRS)	NA (train PIRS)	0.878	9.28e-04	yes	0.234	no	no	no	replicated (FinnGen + UK Biobank)	not an approved target	Uncertain	3.341	3	Causal nomination (MR only)	Causal-only (PIRS not trained)	Agonize (protective; intracellular route caution)	Target nomination (causal, needs coloc)	Panel B/C (performance + signature)	Transcript-to-protein bridge: acquire cis-pQTL, test colocalization	Nominate: causal but needs colocalization before resourcing
505	Statin medication	Cardiovascular	Platelet factor 4	PF4	Cancer-related genes, Candidate cardiovascular disease genes, Plasma proteins, Predicted secreted proteins	Chemokine axis	High (secreted to blood)	NA (train PIRS)	NA	NA (train PIRS)	NA (train PIRS)	NA (train PIRS)	NA (train PIRS)	0.207	6.09e-88	yes	0.0	no	no	no	not tested	not an approved target	Low-moderate	3.333	3	Causal nomination (MR only)	Causal-only (PIRS not trained)	Agonize / recombinant-protein replacement (protective, secreted)	Target nomination (causal, needs coloc)	Panel B/C (performance + signature)	Transcript-to-protein bridge: acquire cis-pQTL, test colocalization	Nominate: causal but needs colocalization before resourcing
506	Statin medication	Cardiovascular	Sortilin	SORT1	Disease related genes, Potential drug targets, Predicted intracellular proteins, Predicted membrane proteins, Transporters	Immune-cell-enriched	Measured (Olink Explore panel)	NA (train PIRS)	NA	NA (train PIRS)	NA (train PIRS)	NA (train PIRS)	NA (train PIRS)	0.434	7.97e-40	yes	0.0	no	no	no	not tested	not an approved target	Low-moderate	3.333	3	Causal nomination (MR only)	Causal-only (PIRS not trained)	Agonize (protective; intracellular route caution)	Target nomination (causal, needs coloc)	Panel B/C (performance + signature)	Transcript-to-protein bridge: acquire cis-pQTL, test colocalization	Nominate: causal but needs colocalization before resourcing
507	Disorders of lipoprotein metabolism and other lipidaemias	Metabolic/Endocrine	Platelet factor 4	PF4	Cancer-related genes, Candidate cardiovascular disease genes, Plasma proteins, Predicted secreted proteins	Chemokine axis	High (secreted to blood)	NA (train PIRS)	NA	NA (train PIRS)	NA (train PIRS)	NA (train PIRS)	NA (train PIRS)	0.387	4.19e-16	yes	0.0	no	no	no	not tested	not an approved target	Low-moderate	3.333	3	Causal nomination (MR only)	Causal-only (PIRS not trained)	Agonize / recombinant-protein replacement (protective, secreted)	Target nomination (causal, needs coloc)	Panel B/C (performance + signature)	Transcript-to-protein bridge: acquire cis-pQTL, test colocalization	Nominate: causal but needs colocalization before resourcing
508	Pure hypercholesterolaemia	Metabolic/Endocrine	Platelet factor 4	PF4	Cancer-related genes, Candidate cardiovascular disease genes, Plasma proteins, Predicted secreted proteins	Chemokine axis	High (secreted to blood)	NA (train PIRS)	NA	NA (train PIRS)	NA (train PIRS)	NA (train PIRS)	NA (train PIRS)	0.375	7.71e-13	yes	0.0	no	no	no	not tested	not an approved target	Low-moderate	3.333	3	Causal nomination (MR only)	Causal-only (PIRS not trained)	Agonize / recombinant-protein replacement (protective, secreted)	Target nomination (causal, needs coloc)	Panel B/C (performance + signature)	Transcript-to-protein bridge: acquire cis-pQTL, test colocalization	Nominate: causal but needs colocalization before resourcing
509	Inflammatory bowel disease, strict (require KELA)	Gastrointestinal	MAP kinase-activated protein kinase 2	MAPKAPK2	Cancer-related genes, Enzymes, Predicted membrane proteins	Immune-cell-enriched	Measured (Olink Explore panel)	NA (train PIRS)	NA	NA (train PIRS)	NA (train PIRS)	NA (train PIRS)	NA (train PIRS)	2.365	3.14e-11	yes	0.0	no	no	no	not tested	not an approved target	Low-moderate	3.333	3	Causal nomination (MR only)	Causal-only (PIRS not trained)	Block (antagonist / neutralizing antibody / small molecule)	Target nomination (causal, needs coloc)	Panel B/C (performance + signature)	Transcript-to-protein bridge: acquire cis-pQTL, test colocalization	Nominate: causal but needs colocalization before resourcing
510	Obesity due to excess calories	Metabolic/Endocrine	Plasma protease C1 inhibitor	SERPING1	Candidate cardiovascular disease genes, Disease related genes, Human disease related genes, Plasma proteins, Predicted intracellular proteins, Predicted secreted proteins	Complement/Coagulation	High (secreted to blood)	NA (train PIRS)	NA	NA (train PIRS)	NA (train PIRS)	NA (train PIRS)	NA (train PIRS)	1.173	2.49e-02	yes	0.676	no	no	no	not tested	not an approved target	Low-moderate	3.33	3	Causal nomination (MR only)	Causal-only (PIRS not trained)	Block (antagonist / neutralizing antibody / small molecule)	Target nomination (causal, needs coloc)	Panel B/C (performance + signature)	Transcript-to-protein bridge: acquire cis-pQTL, test colocalization	Nominate: causal but needs colocalization before resourcing
511	Pulmonary embolism	Cardiovascular	Endothelial protein C receptor	PROCR	Candidate cardiovascular disease genes, CD markers, FDA approved drug targets, Plasma proteins, Predicted intracellular proteins, Predicted membrane proteins	Immune-cell-enriched	High (soluble receptor / shed)	NA (train PIRS)	NA	NA (train PIRS)	NA (train PIRS)	NA (train PIRS)	NA (train PIRS)	0.552	2.55e-07	yes	0.006	no	no	no	not tested	not an approved target	High (FDA-precedented class, tractable)	3.325	3	Causal nomination (MR only)	Causal-only (PIRS not trained)	Replace / decoy-receptor or agonist (protective, soluble)	Target nomination (causal, needs coloc)	Panel B/C (performance + signature)	Transcript-to-protein bridge: acquire cis-pQTL, test colocalization	Nominate: causal but needs colocalization before resourcing
512	Dementia	Neurological/Psychiatric	Poliovirus receptor	PVR	CD markers, Plasma proteins, Predicted intracellular proteins, Predicted membrane proteins, Predicted secreted proteins	Immune-cell-enriched	High (secreted to blood)	NA (train PIRS)	NA	NA (train PIRS)	NA (train PIRS)	NA (train PIRS)	NA (train PIRS)	0.588	1.85e-06	yes	0.0	no	no	no	not tested	not an approved target	Moderate	3.313	3	Causal nomination (MR only)	Causal-only (PIRS not trained)	Replace / decoy-receptor or agonist (protective, soluble)	Target nomination (causal, needs coloc)	Panel B/C (performance + signature)	Transcript-to-protein bridge: acquire cis-pQTL, test colocalization	Nominate: causal but needs colocalization before resourcing
513	Antihypertensive medication - note that there are other indications	Medication/Other	Microtubule-associated protein RP/EB family member 3	MAPRE3	Predicted intracellular proteins	Immune-cell-enriched	Measured (Olink Explore panel)	NA (train PIRS)	NA	NA (train PIRS)	NA (train PIRS)	NA (train PIRS)	NA (train PIRS)	0.872	2.95e-02	yes	0.0	no	no	no	not tested	not an approved target	Uncertain	3.306	3	Causal nomination (MR only)	Causal-only (PIRS not trained)	Agonize (protective; intracellular route caution)	Target nomination (causal, needs coloc)	Panel B/C (performance + signature)	Transcript-to-protein bridge: acquire cis-pQTL, test colocalization	Nominate: causal but needs colocalization before resourcing
514	Coronary revascularization (ANGIO or CABG)	Cardiovascular	Tyrosine-protein kinase Fes/Fps	FES	Cancer-related genes, Disease related genes, Enzymes, Potential drug targets, Predicted intracellular proteins	Immune-cell-enriched	Measured (Olink Explore panel)	NA (train PIRS)	NA	NA (train PIRS)	NA (train PIRS)	NA (train PIRS)	NA (train PIRS)	0.861	1.02e-04	yes	0.005	no	no	no	not tested	not an approved target	Uncertain	3.304	3	Causal nomination (MR only)	Causal-only (PIRS not trained)	Agonize (protective; intracellular route caution)	Target nomination (causal, needs coloc)	Panel B/C (performance + signature)	Transcript-to-protein bridge: acquire cis-pQTL, test colocalization	Nominate: causal but needs colocalization before resourcing
515	Other diseases of upper respiratory tract	Respiratory	Interleukin-18 receptor accessory protein	IL18RAP	CD markers, Enzymes, Predicted intracellular proteins, Predicted membrane proteins	Cytokine/Interleukin	High (soluble receptor / shed)	NA (train PIRS)	NA	NA (train PIRS)	NA (train PIRS)	NA (train PIRS)	NA (train PIRS)	0.973	1.05e-02	yes	0.073	no	no	no	not tested	not an approved target	Low-moderate	3.302	3	Causal nomination (MR only)	Causal-only (PIRS not trained)	Replace / decoy-receptor or agonist (protective, soluble)	Target nomination (causal, needs coloc)	Panel B/C (performance + signature)	Transcript-to-protein bridge: acquire cis-pQTL, test colocalization	Nominate: causal but needs colocalization before resourcing
516	Tonsillectomy and adenotomy	Respiratory	Leukemia inhibitory factor	LIF	Cancer-related genes, Plasma proteins, Predicted intracellular proteins, Predicted secreted proteins	Cytokine/Interleukin	High (secreted to blood)	NA (train PIRS)	NA	NA (train PIRS)	NA (train PIRS)	NA (train PIRS)	NA (train PIRS)	4.146	1.61e-06	yes	0.293	no	no	no	not tested	not an approved target	Low-moderate	3.285	3	Causal nomination (MR only)	Causal-only (PIRS not trained)	Block (antagonist / neutralizing antibody / small molecule)	Target nomination (causal, needs coloc)	Panel B/C (performance + signature)	Transcript-to-protein bridge: acquire cis-pQTL, test colocalization	Nominate: causal but needs colocalization before resourcing
517	Atopic dermatitis	Dermatological	Interleukin-18 receptor 1	IL18R1	CD markers, Enzymes, Plasma proteins, Predicted membrane proteins	Cytokine/Interleukin	High (soluble receptor / shed)	NA (train PIRS)	NA	NA (train PIRS)	NA (train PIRS)	NA (train PIRS)	NA (train PIRS)	0.828	7.18e-08	yes	0.0	no	no	no	not tested	not an approved target	Low-moderate	3.262	3	Causal nomination (MR only)	Causal-only (PIRS not trained)	Replace / decoy-receptor or agonist (protective, soluble)	Target nomination (causal, needs coloc)	Panel B/C (performance + signature)	Transcript-to-protein bridge: acquire cis-pQTL, test colocalization	Nominate: causal but needs colocalization before resourcing
518	Hypertension	Cardiovascular	Phosphoinositide-3-kinase-interacting protein 1	PIK3IP1	Plasma proteins, Predicted intracellular proteins, Predicted membrane proteins	Immune-cell-enriched	Measured (Olink Explore panel)	NA (train PIRS)	NA	NA (train PIRS)	NA (train PIRS)	NA (train PIRS)	NA (train PIRS)	1.048	2.84e-02	yes	0.618	no	no	no	not tested	not an approved target	Low-moderate	3.261	3	Causal nomination (MR only)	Causal-only (PIRS not trained)	Block (antagonist / neutralizing antibody / small molecule)	Target nomination (causal, needs coloc)	Panel B/C (performance + signature)	Transcript-to-protein bridge: acquire cis-pQTL, test colocalization	Nominate: causal but needs colocalization before resourcing
519	Alzheimer’s disease (Early onset) (more control exclusions)	Neurological/Psychiatric	Ly6/PLAUR domain-containing protein 3	LYPD3	Predicted membrane proteins	Immune-cell-enriched	Measured (Olink Explore panel)	NA (train PIRS)	NA	NA (train PIRS)	NA (train PIRS)	NA (train PIRS)	NA (train PIRS)	0.116	2.43e-05	yes	0.0	no	no	no	not tested	not an approved target	Low-moderate	3.257	3	Causal nomination (MR only)	Causal-only (PIRS not trained)	Agonize (protective; intracellular route caution)	Target nomination (causal, needs coloc)	Panel B/C (performance + signature)	Transcript-to-protein bridge: acquire cis-pQTL, test colocalization	Nominate: causal but needs colocalization before resourcing
520	Metabolic disorders	Metabolic/Endocrine	Platelet factor 4	PF4	Cancer-related genes, Candidate cardiovascular disease genes, Plasma proteins, Predicted secreted proteins	Chemokine axis	High (secreted to blood)	NA (train PIRS)	NA	NA (train PIRS)	NA (train PIRS)	NA (train PIRS)	NA (train PIRS)	0.501	2.64e-10	yes	0.0	no	no	no	not tested	not an approved target	Low-moderate	3.249	3	Causal nomination (MR only)	Causal-only (PIRS not trained)	Agonize / recombinant-protein replacement (protective, secreted)	Target nomination (causal, needs coloc)	Panel B/C (performance + signature)	Transcript-to-protein bridge: acquire cis-pQTL, test colocalization	Nominate: causal but needs colocalization before resourcing
521	Lyme disease	Infection	Toll-like receptor 1	TLR1	CD markers, Predicted intracellular proteins, Predicted membrane proteins, Transporters	Immune-cell-enriched	High (soluble receptor / shed)	NA (train PIRS)	NA	NA (train PIRS)	NA (train PIRS)	NA (train PIRS)	NA (train PIRS)	1.246	2.44e-04	yes	0.175	no	no	no	not tested	not an approved target	Low-moderate	3.23	3	Causal nomination (MR only)	Causal-only (PIRS not trained)	Block (antagonist / neutralizing antibody / small molecule)	Target nomination (causal, needs coloc)	Panel B/C (performance + signature)	Transcript-to-protein bridge: acquire cis-pQTL, test colocalization	Nominate: causal but needs colocalization before resourcing
522	Asthma/COPD (KELA code 203)	Respiratory	Toll-like receptor 1	TLR1	CD markers, Predicted intracellular proteins, Predicted membrane proteins, Transporters	Immune-cell-enriched	High (soluble receptor / shed)	NA (train PIRS)	NA	NA (train PIRS)	NA (train PIRS)	NA (train PIRS)	NA (train PIRS)	1.102	4.06e-04	yes	0.207	no	no	no	not tested	not an approved target	Low-moderate	3.219	3	Causal nomination (MR only)	Causal-only (PIRS not trained)	Block (antagonist / neutralizing antibody / small molecule)	Target nomination (causal, needs coloc)	Panel B/C (performance + signature)	Transcript-to-protein bridge: acquire cis-pQTL, test colocalization	Nominate: causal but needs colocalization before resourcing
523	Obesity	Metabolic/Endocrine	Plasma protease C1 inhibitor	SERPING1	Candidate cardiovascular disease genes, Disease related genes, Human disease related genes, Plasma proteins, Predicted intracellular proteins, Predicted secreted proteins	Complement/Coagulation	High (secreted to blood)	NA (train PIRS)	NA	NA (train PIRS)	NA (train PIRS)	NA (train PIRS)	NA (train PIRS)	1.155	9.73e-03	yes	0.484	no	no	no	not tested	not an approved target	Low-moderate	3.219	3	Causal nomination (MR only)	Causal-only (PIRS not trained)	Block (antagonist / neutralizing antibody / small molecule)	Target nomination (causal, needs coloc)	Panel B/C (performance + signature)	Transcript-to-protein bridge: acquire cis-pQTL, test colocalization	Nominate: causal but needs colocalization before resourcing
524	Gonarthrosis	Musculoskeletal	Endothelial protein C receptor	PROCR	Candidate cardiovascular disease genes, CD markers, FDA approved drug targets, Plasma proteins, Predicted intracellular proteins, Predicted membrane proteins	Immune-cell-enriched	High (soluble receptor / shed)	NA (train PIRS)	NA	NA (train PIRS)	NA (train PIRS)	NA (train PIRS)	NA (train PIRS)	1.358	8.38e-07	yes	0.0	no	no	no	not tested	not an approved target	High (FDA-precedented class, tractable)	3.215	3	Causal nomination (MR only)	Causal-only (PIRS not trained)	Block (antagonist / neutralizing antibody / small molecule)	Target nomination (causal, needs coloc)	Panel B/C (performance + signature)	Transcript-to-protein bridge: acquire cis-pQTL, test colocalization	Nominate: causal but needs colocalization before resourcing
525	Hypothyroidism, strict autoimmune	Metabolic/Endocrine	Leukemia inhibitory factor	LIF	Cancer-related genes, Plasma proteins, Predicted intracellular proteins, Predicted secreted proteins	Cytokine/Interleukin	High (secreted to blood)	NA (train PIRS)	NA	NA (train PIRS)	NA (train PIRS)	NA (train PIRS)	NA (train PIRS)	3.315	4.50e-06	yes	0.312	no	no	no	not tested	not an approved target	Low-moderate	3.215	3	Causal nomination (MR only)	Causal-only (PIRS not trained)	Block (antagonist / neutralizing antibody / small molecule)	Target nomination (causal, needs coloc)	Panel B/C (performance + signature)	Transcript-to-protein bridge: acquire cis-pQTL, test colocalization	Nominate: causal but needs colocalization before resourcing
526	Diabetes, insulin treatment (Kela reimbursement) (more control exclusions)	Metabolic/Endocrine	Serine protease inhibitor Kazal-type 8	SPINK8	Predicted secreted proteins	Immune-cell-enriched	High (secreted to blood)	NA (train PIRS)	NA	NA (train PIRS)	NA (train PIRS)	NA (train PIRS)	NA (train PIRS)	0.846	1.22e-03	yes	0.797	no	no	no	not tested	not an approved target	Low-moderate	3.214	3	Causal nomination (MR only)	Causal-only (PIRS not trained)	Agonize / recombinant-protein replacement (protective, secreted)	Target nomination (causal, needs coloc)	Panel B/C (performance + signature)	Transcript-to-protein bridge: acquire cis-pQTL, test colocalization	Nominate: causal but needs colocalization before resourcing
527	Autoimmune diseases	Haematological/Immune	Carbonic anhydrase-related protein	CA8	Cancer-related genes, Disease related genes, Human disease related genes, Predicted intracellular proteins	Immune-cell-enriched	Measured (Olink Explore panel)	NA (train PIRS)	NA	NA (train PIRS)	NA (train PIRS)	NA (train PIRS)	NA (train PIRS)	0.853	4.41e-06	yes	0.626	no	no	no	not tested	not an approved target	Uncertain	3.197	3	Causal nomination (MR only)	Causal-only (PIRS not trained)	Agonize (protective; intracellular route caution)	Target nomination (causal, needs coloc)	Panel B/C (performance + signature)	Transcript-to-protein bridge: acquire cis-pQTL, test colocalization	Nominate: causal but needs colocalization before resourcing
528	Artrosis, including avohilmo	Musculoskeletal	Protein EVI2B	EVI2B	CD markers, Predicted membrane proteins	Immune-cell-enriched	Measured (Olink Explore panel)	NA (train PIRS)	NA	NA (train PIRS)	NA (train PIRS)	NA (train PIRS)	NA (train PIRS)	0.771	2.86e-05	yes	0.453	no	no	no	not tested	not an approved target	Low-moderate	3.195	3	Causal nomination (MR only)	Causal-only (PIRS not trained)	Agonize (protective; intracellular route caution)	Target nomination (causal, needs coloc)	Panel B/C (performance + signature)	Transcript-to-protein bridge: acquire cis-pQTL, test colocalization	Nominate: causal but needs colocalization before resourcing
529	Gonarthrosis, primary, with knee surgery	Musculoskeletal	Tyrosine-protein kinase Fes/Fps	FES	Cancer-related genes, Disease related genes, Enzymes, Potential drug targets, Predicted intracellular proteins	Immune-cell-enriched	Measured (Olink Explore panel)	NA (train PIRS)	NA	NA (train PIRS)	NA (train PIRS)	NA (train PIRS)	NA (train PIRS)	1.128	8.19e-03	yes	0.274	no	no	no	not tested	not an approved target	Uncertain	3.191	3	Causal nomination (MR only)	Causal-only (PIRS not trained)	Block (antagonist / neutralizing antibody / small molecule)	Target nomination (causal, needs coloc)	Panel B/C (performance + signature)	Transcript-to-protein bridge: acquire cis-pQTL, test colocalization	Nominate: causal but needs colocalization before resourcing
530	Primary open-angle glaucoma, strict	Ophthalmological	Latent-transforming growth factor beta-binding protein 2	LTBP2	Disease related genes, Human disease related genes, Plasma proteins, Predicted intracellular proteins, Predicted secreted proteins	Cytokine/Interleukin	High (secreted to blood)	NA (train PIRS)	NA	NA (train PIRS)	NA (train PIRS)	NA (train PIRS)	NA (train PIRS)	0.577	9.68e-05	yes	0.548	no	no	no	not tested	not an approved target	Low-moderate	3.184	3	Causal nomination (MR only)	Causal-only (PIRS not trained)	Agonize / recombinant-protein replacement (protective, secreted)	Target nomination (causal, needs coloc)	Panel B/C (performance + signature)	Transcript-to-protein bridge: acquire cis-pQTL, test colocalization	Nominate: causal but needs colocalization before resourcing
531	Metabolic disorders	Metabolic/Endocrine	Hepatitis A virus cellular receptor 1	HAVCR1	CD markers, Predicted membrane proteins	Immune-cell-enriched	High (soluble receptor / shed)	NA (train PIRS)	NA	NA (train PIRS)	NA (train PIRS)	NA (train PIRS)	NA (train PIRS)	1.353	1.58e-03	yes	0.779	no	no	no	not tested	not an approved target	Low-moderate	3.172	3	Causal nomination (MR only)	Causal-only (PIRS not trained)	Block (antagonist / neutralizing antibody / small molecule)	Target nomination (causal, needs coloc)	Panel B/C (performance + signature)	Transcript-to-protein bridge: acquire cis-pQTL, test colocalization	Nominate: causal but needs colocalization before resourcing
532	Allergic conjunctivitis	Ophthalmological	Interleukin-1 receptor-like 1	IL1RL1	Candidate cardiovascular disease genes, Enzymes, Plasma proteins, Predicted intracellular proteins, Predicted membrane proteins, Predicted secreted proteins	Cytokine/Interleukin	High (secreted to blood)	NA (train PIRS)	NA	NA (train PIRS)	NA (train PIRS)	NA (train PIRS)	NA (train PIRS)	0.781	1.07e-05	yes	0.0	no	no	no	not tested	not an approved target	Moderate	3.161	3	Causal nomination (MR only)	Causal-only (PIRS not trained)	Replace / decoy-receptor or agonist (protective, soluble)	Target nomination (causal, needs coloc)	Panel B/C (performance + signature)	Transcript-to-protein bridge: acquire cis-pQTL, test colocalization	Nominate: causal but needs colocalization before resourcing
533	Varicose veins	Cardiovascular	Pro-adrenomedullin	ADM	Cancer-related genes, Plasma proteins, Predicted intracellular proteins, Predicted secreted proteins	Immune-cell-enriched	High (secreted to blood)	NA (train PIRS)	NA	NA (train PIRS)	NA (train PIRS)	NA (train PIRS)	NA (train PIRS)	1.17	2.88e-07	yes	0.007	no	no	no	not tested	not an approved target	Low-moderate	3.148	3	Causal nomination (MR only)	Causal-only (PIRS not trained)	Block (antagonist / neutralizing antibody / small molecule)	Target nomination (causal, needs coloc)	Panel B/C (performance + signature)	Transcript-to-protein bridge: acquire cis-pQTL, test colocalization	Nominate: causal but needs colocalization before resourcing
534	Hypertension	Cardiovascular	Tumor necrosis factor ligand superfamily member 12	TNFSF12	Predicted intracellular proteins, Predicted secreted proteins	TNF superfamily	High (secreted to blood)	NA (train PIRS)	NA	NA (train PIRS)	NA (train PIRS)	NA (train PIRS)	NA (train PIRS)	1.059	9.38e-05	yes	0.0	no	yes (concordant, protein-level)	no	replicated (FinnGen + UK Biobank)	not an approved target	Low-moderate	3.139	3	Causal nomination (MR only)	Causal-only (PIRS not trained)	Block (antagonist / neutralizing antibody / small molecule)	Target nomination (causal, needs coloc)	Panel B/C (performance + signature)	Transcript-to-protein bridge: acquire cis-pQTL, test colocalization	Nominate: causal but needs colocalization before resourcing
535	Dementia, including avohilmo	Neurological/Psychiatric	Poliovirus receptor	PVR	CD markers, Plasma proteins, Predicted intracellular proteins, Predicted membrane proteins, Predicted secreted proteins	Immune-cell-enriched	High (secreted to blood)	NA (train PIRS)	NA	NA (train PIRS)	NA (train PIRS)	NA (train PIRS)	NA (train PIRS)	0.615	1.39e-05	yes	0.0	no	no	no	not tested	not an approved target	Moderate	3.138	3	Causal nomination (MR only)	Causal-only (PIRS not trained)	Replace / decoy-receptor or agonist (protective, soluble)	Target nomination (causal, needs coloc)	Panel B/C (performance + signature)	Transcript-to-protein bridge: acquire cis-pQTL, test colocalization	Nominate: causal but needs colocalization before resourcing
536	Disorders of lipoprotein metabolism and other lipidaemias	Metabolic/Endocrine	Asialoglycoprotein receptor 1	ASGR1	Predicted intracellular proteins, Predicted secreted proteins	Immune-cell-enriched	High (secreted to blood)	NA (train PIRS)	NA	NA (train PIRS)	NA (train PIRS)	NA (train PIRS)	NA (train PIRS)	1.319	6.11e-04	yes	0.161	no	yes (concordant, protein-level)	no	not tested	not an approved target	Low-moderate	3.137	3	Causal nomination (MR only)	Causal-only (PIRS not trained)	Block (antagonist / neutralizing antibody / small molecule)	Target nomination (causal, needs coloc)	Panel B/C (performance + signature)	Transcript-to-protein bridge: acquire cis-pQTL, test colocalization	Nominate: causal but needs colocalization before resourcing
537	Other spirochaetal diseases	Infection	Toll-like receptor 1	TLR1	CD markers, Predicted intracellular proteins, Predicted membrane proteins, Transporters	Immune-cell-enriched	High (soluble receptor / shed)	NA (train PIRS)	NA	NA (train PIRS)	NA (train PIRS)	NA (train PIRS)	NA (train PIRS)	1.239	4.18e-04	yes	0.122	no	no	no	not tested	not an approved target	Low-moderate	3.131	3	Causal nomination (MR only)	Causal-only (PIRS not trained)	Block (antagonist / neutralizing antibody / small molecule)	Target nomination (causal, needs coloc)	Panel B/C (performance + signature)	Transcript-to-protein bridge: acquire cis-pQTL, test colocalization	Nominate: causal but needs colocalization before resourcing
538	Varicose veins	Cardiovascular	Ephrin-A1	EFNA1	Cancer-related genes, Predicted secreted proteins, RAS pathway related proteins	Immune-cell-enriched	High (secreted to blood)	NA (train PIRS)	NA	NA (train PIRS)	NA (train PIRS)	NA (train PIRS)	NA (train PIRS)	0.489	1.18e-04	yes	0.0	no	no	no	not tested	not an approved target	Low-moderate	3.119	3	Causal nomination (MR only)	Causal-only (PIRS not trained)	Agonize / recombinant-protein replacement (protective, secreted)	Target nomination (causal, needs coloc)	Panel B/C (performance + signature)	Transcript-to-protein bridge: acquire cis-pQTL, test colocalization	Nominate: causal but needs colocalization before resourcing
539	Arthrosis	Musculoskeletal	Endothelial protein C receptor	PROCR	Candidate cardiovascular disease genes, CD markers, FDA approved drug targets, Plasma proteins, Predicted intracellular proteins, Predicted membrane proteins	Immune-cell-enriched	High (soluble receptor / shed)	NA (train PIRS)	NA	NA (train PIRS)	NA (train PIRS)	NA (train PIRS)	NA (train PIRS)	1.276	3.09e-06	yes	0.0	no	no	no	not tested	not an approved target	High (FDA-precedented class, tractable)	3.102	3	Causal nomination (MR only)	Causal-only (PIRS not trained)	Block (antagonist / neutralizing antibody / small molecule)	Target nomination (causal, needs coloc)	Panel B/C (performance + signature)	Transcript-to-protein bridge: acquire cis-pQTL, test colocalization	Nominate: causal but needs colocalization before resourcing
540	Conjunctivitis	Ophthalmological	Toll-like receptor 1	TLR1	CD markers, Predicted intracellular proteins, Predicted membrane proteins, Transporters	Immune-cell-enriched	High (soluble receptor / shed)	NA (train PIRS)	NA	NA (train PIRS)	NA (train PIRS)	NA (train PIRS)	NA (train PIRS)	1.124	2.08e-04	yes	0.018	no	no	no	not tested	not an approved target	Low-moderate	3.087	3	Causal nomination (MR only)	Causal-only (PIRS not trained)	Block (antagonist / neutralizing antibody / small molecule)	Target nomination (causal, needs coloc)	Panel B/C (performance + signature)	Transcript-to-protein bridge: acquire cis-pQTL, test colocalization	Nominate: causal but needs colocalization before resourcing
541	Any dementia (more control exclusions)	Other	Poliovirus receptor	PVR	CD markers, Plasma proteins, Predicted intracellular proteins, Predicted membrane proteins, Predicted secreted proteins	Immune-cell-enriched	High (secreted to blood)	NA (train PIRS)	NA	NA (train PIRS)	NA (train PIRS)	NA (train PIRS)	NA (train PIRS)	0.587	2.62e-05	yes	0.0	no	no	no	not tested	not an approved target	Moderate	3.083	3	Causal nomination (MR only)	Causal-only (PIRS not trained)	Replace / decoy-receptor or agonist (protective, soluble)	Target nomination (causal, needs coloc)	Panel B/C (performance + signature)	Transcript-to-protein bridge: acquire cis-pQTL, test colocalization	Nominate: causal but needs colocalization before resourcing
542	Pure hyperglyceridaemia	Metabolic/Endocrine	Lipoprotein lipase	LPL	Candidate cardiovascular disease genes, Disease related genes, Enzymes, FDA approved drug targets, Human disease related genes, Metabolic proteins, Plasma proteins, Predicted intracellular proteins, Predicted secreted proteins	Immune-cell-enriched	High (secreted to blood)	NA (train PIRS)	NA	NA (train PIRS)	NA (train PIRS)	NA (train PIRS)	NA (train PIRS)	0.534	5.63e-03	yes	0.632	no	no	no	not tested	not an approved target	High (FDA-precedented class, tractable)	3.082	3	Causal nomination (MR only)	Causal-only (PIRS not trained)	Agonize / recombinant-protein replacement (protective, secreted)	Target nomination (causal, needs coloc)	Panel B/C (performance + signature)	Transcript-to-protein bridge: acquire cis-pQTL, test colocalization	Nominate: causal but needs colocalization before resourcing
543	Unspecific neurodegenerative disorder	Neurological/Psychiatric	Poliovirus receptor	PVR	CD markers, Plasma proteins, Predicted intracellular proteins, Predicted membrane proteins, Predicted secreted proteins	Immune-cell-enriched	High (secreted to blood)	NA (train PIRS)	NA	NA (train PIRS)	NA (train PIRS)	NA (train PIRS)	NA (train PIRS)	0.588	2.92e-05	yes	0.0	no	no	no	not tested	not an approved target	Moderate	3.073	3	Causal nomination (MR only)	Causal-only (PIRS not trained)	Replace / decoy-receptor or agonist (protective, soluble)	Target nomination (causal, needs coloc)	Panel B/C (performance + signature)	Transcript-to-protein bridge: acquire cis-pQTL, test colocalization	Nominate: causal but needs colocalization before resourcing
544	Iron deficiency anaemia	Haematological/Immune	Probable JmjC domain-containing histone demethylation protein 2C	JMJD1C	Predicted intracellular proteins	Immune-cell-enriched	Measured (Olink Explore panel)	NA (train PIRS)	NA	NA (train PIRS)	NA (train PIRS)	NA (train PIRS)	NA (train PIRS)	2.509	1.14e-02	yes	0.68	no	no	no	not tested	not an approved target	Uncertain	3.069	3	Causal nomination (MR only)	Causal-only (PIRS not trained)	Block (antagonist / neutralizing antibody / small molecule)	Target nomination (causal, needs coloc)	Panel B/C (performance + signature)	Transcript-to-protein bridge: acquire cis-pQTL, test colocalization	Nominate: causal but needs colocalization before resourcing
545	Asthma-related infections	Respiratory	Interleukin-4 receptor subunit alpha	IL4R	Cancer-related genes, CD markers, FDA approved drug targets, Human disease related genes, Plasma proteins, Predicted intracellular proteins, Predicted membrane proteins, Predicted secreted proteins, Transporters	Cytokine/Interleukin	High (secreted to blood)	NA (train PIRS)	NA	NA (train PIRS)	NA (train PIRS)	NA (train PIRS)	NA (train PIRS)	0.833	1.46e-03	yes	0.001	no	yes (concordant, protein-level)	no	not tested	not an approved target	High (FDA-precedented class, tractable)	3.068	3	Causal nomination (MR only)	Causal-only (PIRS not trained)	Replace / decoy-receptor or agonist (protective, soluble)	Target nomination (causal, needs coloc)	Panel B/C (performance + signature)	Transcript-to-protein bridge: acquire cis-pQTL, test colocalization	Nominate: causal but needs colocalization before resourcing
546	Diseases of veins, lymphatic vessels and lymph nodes, not elsewhere classified	Cardiovascular	Ephrin-A1	EFNA1	Cancer-related genes, Predicted secreted proteins, RAS pathway related proteins	Immune-cell-enriched	High (secreted to blood)	NA (train PIRS)	NA	NA (train PIRS)	NA (train PIRS)	NA (train PIRS)	NA (train PIRS)	0.589	2.99e-04	yes	0.003	no	no	no	replicated (FinnGen + UK Biobank)	not an approved target	Low-moderate	3.041	3	Causal nomination (MR only)	Causal-only (PIRS not trained)	Agonize / recombinant-protein replacement (protective, secreted)	Target nomination (causal, needs coloc)	Panel B/C (performance + signature)	Transcript-to-protein bridge: acquire cis-pQTL, test colocalization	Nominate: causal but needs colocalization before resourcing
547	Dermatitis and eczema	Dermatological	Interleukin-18 receptor 1	IL18R1	CD markers, Enzymes, Plasma proteins, Predicted membrane proteins	Cytokine/Interleukin	High (soluble receptor / shed)	NA (train PIRS)	NA	NA (train PIRS)	NA (train PIRS)	NA (train PIRS)	NA (train PIRS)	0.883	9.46e-07	yes	0.0	no	no	no	not tested	not an approved target	Low-moderate	3.038	3	Causal nomination (MR only)	Causal-only (PIRS not trained)	Replace / decoy-receptor or agonist (protective, soluble)	Target nomination (causal, needs coloc)	Panel B/C (performance + signature)	Transcript-to-protein bridge: acquire cis-pQTL, test colocalization	Nominate: causal but needs colocalization before resourcing
548	Chronic diseases of tonsils and adenoids	Respiratory	Leukemia inhibitory factor	LIF	Cancer-related genes, Plasma proteins, Predicted intracellular proteins, Predicted secreted proteins	Cytokine/Interleukin	High (secreted to blood)	NA (train PIRS)	NA	NA (train PIRS)	NA (train PIRS)	NA (train PIRS)	NA (train PIRS)	2.918	3.08e-05	yes	0.296	no	no	no	not tested	not an approved target	Low-moderate	3.032	3	Causal nomination (MR only)	Causal-only (PIRS not trained)	Block (antagonist / neutralizing antibody / small molecule)	Target nomination (causal, needs coloc)	Panel B/C (performance + signature)	Transcript-to-protein bridge: acquire cis-pQTL, test colocalization	Nominate: causal but needs colocalization before resourcing
549	Phlebitis and thrombophlebitis (not including DVT)	Cardiovascular	Endothelial protein C receptor	PROCR	Candidate cardiovascular disease genes, CD markers, FDA approved drug targets, Plasma proteins, Predicted intracellular proteins, Predicted membrane proteins	Immune-cell-enriched	High (soluble receptor / shed)	NA (train PIRS)	NA	NA (train PIRS)	NA (train PIRS)	NA (train PIRS)	NA (train PIRS)	0.539	7.33e-06	yes	0.0	no	no	no	not tested	not an approved target	High (FDA-precedented class, tractable)	3.027	3	Causal nomination (MR only)	Causal-only (PIRS not trained)	Replace / decoy-receptor or agonist (protective, soluble)	Target nomination (causal, needs coloc)	Panel B/C (performance + signature)	Transcript-to-protein bridge: acquire cis-pQTL, test colocalization	Nominate: causal but needs colocalization before resourcing
550	Ulcerative colitis (strict definition, require KELA, min 2 HDR)	Gastrointestinal	MAP kinase-activated protein kinase 2	MAPKAPK2	Cancer-related genes, Enzymes, Predicted membrane proteins	Immune-cell-enriched	Measured (Olink Explore panel)	NA (train PIRS)	NA	NA (train PIRS)	NA (train PIRS)	NA (train PIRS)	NA (train PIRS)	2.637	3.46e-09	yes	0.0	no	no	no	not tested	not an approved target	Low-moderate	3.025	3	Causal nomination (MR only)	Causal-only (PIRS not trained)	Block (antagonist / neutralizing antibody / small molecule)	Target nomination (causal, needs coloc)	Panel B/C (performance + signature)	Transcript-to-protein bridge: acquire cis-pQTL, test colocalization	Nominate: causal but needs colocalization before resourcing
551	Diverticular disease of intestine	Gastrointestinal	Cysteine-rich motor neuron 1 protein	CRIM1	Predicted intracellular proteins, Predicted membrane proteins, Transporters	Immune-cell-enriched	Measured (Olink Explore panel)	NA (train PIRS)	NA	NA (train PIRS)	NA (train PIRS)	NA (train PIRS)	NA (train PIRS)	0.771	4.42e-04	yes	0.018	no	no	no	not tested	not an approved target	Low-moderate	3.022	3	Causal nomination (MR only)	Causal-only (PIRS not trained)	Agonize (protective; intracellular route caution)	Target nomination (causal, needs coloc)	Panel B/C (performance + signature)	Transcript-to-protein bridge: acquire cis-pQTL, test colocalization	Nominate: causal but needs colocalization before resourcing
552	Arthropathies	Musculoskeletal	Endothelial protein C receptor	PROCR	Candidate cardiovascular disease genes, CD markers, FDA approved drug targets, Plasma proteins, Predicted intracellular proteins, Predicted membrane proteins	Immune-cell-enriched	High (soluble receptor / shed)	NA (train PIRS)	NA	NA (train PIRS)	NA (train PIRS)	NA (train PIRS)	NA (train PIRS)	1.202	9.12e-06	yes	0.0	no	no	no	not tested	not an approved target	High (FDA-precedented class, tractable)	3.008	3	Causal nomination (MR only)	Causal-only (PIRS not trained)	Block (antagonist / neutralizing antibody / small molecule)	Target nomination (causal, needs coloc)	Panel B/C (performance + signature)	Transcript-to-protein bridge: acquire cis-pQTL, test colocalization	Nominate: causal but needs colocalization before resourcing
553	Disorders of the thyroid gland	Metabolic/Endocrine	Leukemia inhibitory factor	LIF	Cancer-related genes, Plasma proteins, Predicted intracellular proteins, Predicted secreted proteins	Cytokine/Interleukin	High (secreted to blood)	NA (train PIRS)	NA	NA (train PIRS)	NA (train PIRS)	NA (train PIRS)	NA (train PIRS)	2.591	4.90e-05	yes	0.311	no	no	no	not tested	not an approved target	Low-moderate	3.006	3	Causal nomination (MR only)	Causal-only (PIRS not trained)	Block (antagonist / neutralizing antibody / small molecule)	Target nomination (causal, needs coloc)	Panel B/C (performance + signature)	Transcript-to-protein bridge: acquire cis-pQTL, test colocalization	Nominate: causal but needs colocalization before resourcing
554	Atherosclerosis, excluding cerebral and coronary sclerosis	Cardiovascular	Tyrosine-protein kinase Fes/Fps	FES	Cancer-related genes, Disease related genes, Enzymes, Potential drug targets, Predicted intracellular proteins	Immune-cell-enriched	Measured (Olink Explore panel)	NA (train PIRS)	NA	NA (train PIRS)	NA (train PIRS)	NA (train PIRS)	NA (train PIRS)	0.874	1.04e-02	yes	0.105	no	no	no	not tested	not an approved target	Uncertain	3.002	3	Causal nomination (MR only)	Causal-only (PIRS not trained)	Agonize (protective; intracellular route caution)	Target nomination (causal, needs coloc)	Panel B/C (performance + signature)	Transcript-to-protein bridge: acquire cis-pQTL, test colocalization	Nominate: causal but needs colocalization before resourcing
555	Diabetes, insulin treatment (Kela reimbursement) (more control exclusions)	Metabolic/Endocrine	Phosphoinositide-3-kinase-interacting protein 1	PIK3IP1	Plasma proteins, Predicted intracellular proteins, Predicted membrane proteins	Immune-cell-enriched	Measured (Olink Explore panel)	NA (train PIRS)	NA	NA (train PIRS)	NA (train PIRS)	NA (train PIRS)	NA (train PIRS)	1.062	8.36e-03	yes	0.249	no	no	no	not tested	not an approved target	Low-moderate	2.998	3	Causal nomination (MR only)	Causal-only (PIRS not trained)	Block (antagonist / neutralizing antibody / small molecule)	Target nomination (causal, needs coloc)	Panel B/C (performance + signature)	Transcript-to-protein bridge: acquire cis-pQTL, test colocalization	Nominate: causal but needs colocalization before resourcing
556	Metabolic disorders	Metabolic/Endocrine	Asialoglycoprotein receptor 1	ASGR1	Predicted intracellular proteins, Predicted secreted proteins	Immune-cell-enriched	High (secreted to blood)	NA (train PIRS)	NA	NA (train PIRS)	NA (train PIRS)	NA (train PIRS)	NA (train PIRS)	1.231	1.44e-02	yes	0.294	no	yes (concordant, protein-level)	no	not tested	not an approved target	Low-moderate	2.996	3	Causal nomination (MR only)	Causal-only (PIRS not trained)	Block (antagonist / neutralizing antibody / small molecule)	Target nomination (causal, needs coloc)	Panel B/C (performance + signature)	Transcript-to-protein bridge: acquire cis-pQTL, test colocalization	Nominate: causal but needs colocalization before resourcing
557	Angina pectoris	Cardiovascular	Tyrosine-protein kinase Fes/Fps	FES	Cancer-related genes, Disease related genes, Enzymes, Potential drug targets, Predicted intracellular proteins	Immune-cell-enriched	Measured (Olink Explore panel)	NA (train PIRS)	NA	NA (train PIRS)	NA (train PIRS)	NA (train PIRS)	NA (train PIRS)	0.899	3.54e-03	yes	0.002	no	no	no	not tested	not an approved target	Uncertain	2.992	3	Causal nomination (MR only)	Causal-only (PIRS not trained)	Agonize (protective; intracellular route caution)	Target nomination (causal, needs coloc)	Panel B/C (performance + signature)	Transcript-to-protein bridge: acquire cis-pQTL, test colocalization	Nominate: causal but needs colocalization before resourcing
558	Coxarthrosis	Musculoskeletal	Protein EVI2B	EVI2B	CD markers, Predicted membrane proteins	Immune-cell-enriched	Measured (Olink Explore panel)	NA (train PIRS)	NA	NA (train PIRS)	NA (train PIRS)	NA (train PIRS)	NA (train PIRS)	0.681	6.30e-03	yes	0.71	no	no	no	not tested	not an approved target	Low-moderate	2.983	3	Causal nomination (MR only)	Causal-only (PIRS not trained)	Agonize (protective; intracellular route caution)	Target nomination (causal, needs coloc)	Panel B/C (performance + signature)	Transcript-to-protein bridge: acquire cis-pQTL, test colocalization	Nominate: causal but needs colocalization before resourcing
559	Childhood asthma (age<16) (more control exclusions)	Respiratory	Toll-like receptor 1	TLR1	CD markers, Predicted intracellular proteins, Predicted membrane proteins, Transporters	Immune-cell-enriched	High (soluble receptor / shed)	NA (train PIRS)	NA	NA (train PIRS)	NA (train PIRS)	NA (train PIRS)	NA (train PIRS)	1.256	1.06e-02	yes	0.252	no	no	no	replicated (FinnGen + UK Biobank)	not an approved target	Low-moderate	2.98	3	Causal nomination (MR only)	Causal-only (PIRS not trained)	Block (antagonist / neutralizing antibody / small molecule)	Target nomination (causal, needs coloc)	Panel B/C (performance + signature)	Transcript-to-protein bridge: acquire cis-pQTL, test colocalization	Nominate: causal but needs colocalization before resourcing
560	Pure hypercholesterolaemia	Metabolic/Endocrine	Hepatitis A virus cellular receptor 1	HAVCR1	CD markers, Predicted membrane proteins	Immune-cell-enriched	High (soluble receptor / shed)	NA (train PIRS)	NA	NA (train PIRS)	NA (train PIRS)	NA (train PIRS)	NA (train PIRS)	1.534	2.15e-04	yes	0.39	no	no	no	not tested	not an approved target	Low-moderate	2.956	3	Causal nomination (MR only)	Causal-only (PIRS not trained)	Block (antagonist / neutralizing antibody / small molecule)	Target nomination (causal, needs coloc)	Panel B/C (performance + signature)	Transcript-to-protein bridge: acquire cis-pQTL, test colocalization	Nominate: causal but needs colocalization before resourcing
561	Dermatitis	Dermatological	Cytokine receptor common subunit beta	CSF2RB	CD markers, Disease related genes, FDA approved drug targets, Human disease related genes, Plasma proteins, Predicted intracellular proteins, Predicted membrane proteins	Cytokine/Interleukin	High (soluble receptor / shed)	NA (train PIRS)	NA	NA (train PIRS)	NA (train PIRS)	NA (train PIRS)	NA (train PIRS)	0.736	5.36e-03	yes	0.0	no	yes (concordant, protein-level)	no	not tested	not an approved target	High (FDA-precedented class, tractable)	2.954	3	Causal nomination (MR only)	Causal-only (PIRS not trained)	Replace / decoy-receptor or agonist (protective, soluble)	Target nomination (causal, needs coloc)	Panel B/C (performance + signature)	Transcript-to-protein bridge: acquire cis-pQTL, test colocalization	Nominate: causal but needs colocalization before resourcing
562	Coxarthrosis, primary	Musculoskeletal	Protein EVI2B	EVI2B	CD markers, Predicted membrane proteins	Immune-cell-enriched	Measured (Olink Explore panel)	NA (train PIRS)	NA	NA (train PIRS)	NA (train PIRS)	NA (train PIRS)	NA (train PIRS)	0.688	1.20e-02	yes	0.694	no	no	no	not tested	not an approved target	Low-moderate	2.911	3	Causal nomination (MR only)	Causal-only (PIRS not trained)	Agonize (protective; intracellular route caution)	Target nomination (causal, needs coloc)	Panel B/C (performance + signature)	Transcript-to-protein bridge: acquire cis-pQTL, test colocalization	Nominate: causal but needs colocalization before resourcing
563	Gonarthrosis	Musculoskeletal	Tyrosine-protein kinase Fes/Fps	FES	Cancer-related genes, Disease related genes, Enzymes, Potential drug targets, Predicted intracellular proteins	Immune-cell-enriched	Measured (Olink Explore panel)	NA (train PIRS)	NA	NA (train PIRS)	NA (train PIRS)	NA (train PIRS)	NA (train PIRS)	1.09	1.06e-02	yes	0.002	no	no	no	not tested	not an approved target	Uncertain	2.897	3	Causal nomination (MR only)	Causal-only (PIRS not trained)	Block (antagonist / neutralizing antibody / small molecule)	Target nomination (causal, needs coloc)	Panel B/C (performance + signature)	Transcript-to-protein bridge: acquire cis-pQTL, test colocalization	Nominate: causal but needs colocalization before resourcing
564	Rotator cuff syndrome	Musculoskeletal	Transmembrane protein 106A	TMEM106A	Predicted membrane proteins, Transporters	Immune-cell-enriched	Measured (Olink Explore panel)	NA (train PIRS)	NA	NA (train PIRS)	NA (train PIRS)	NA (train PIRS)	NA (train PIRS)	0.824	3.39e-02	yes	0.769	no	no	no	replicated (FinnGen + UK Biobank)	not an approved target	Low-moderate	2.897	3	Causal nomination (MR only)	Causal-only (PIRS not trained)	Agonize (protective; intracellular route caution)	Target nomination (causal, needs coloc)	Panel B/C (performance + signature)	Transcript-to-protein bridge: acquire cis-pQTL, test colocalization	Nominate: causal but needs colocalization before resourcing
565	Asthma-related acute respiratory infections	Respiratory	Interleukin-4 receptor subunit alpha	IL4R	Cancer-related genes, CD markers, FDA approved drug targets, Human disease related genes, Plasma proteins, Predicted intracellular proteins, Predicted membrane proteins, Predicted secreted proteins, Transporters	Cytokine/Interleukin	High (secreted to blood)	NA (train PIRS)	NA	NA (train PIRS)	NA (train PIRS)	NA (train PIRS)	NA (train PIRS)	0.829	1.54e-02	yes	0.005	no	yes (concordant, protein-level)	no	not tested	not an approved target	High (FDA-precedented class, tractable)	2.867	3	Causal nomination (MR only)	Causal-only (PIRS not trained)	Replace / decoy-receptor or agonist (protective, soluble)	Target nomination (causal, needs coloc)	Panel B/C (performance + signature)	Transcript-to-protein bridge: acquire cis-pQTL, test colocalization	Nominate: causal but needs colocalization before resourcing
566	Coxarthrosis, primary, with hip surgery	Musculoskeletal	Protein EVI2B	EVI2B	CD markers, Predicted membrane proteins	Immune-cell-enriched	Measured (Olink Explore panel)	NA (train PIRS)	NA	NA (train PIRS)	NA (train PIRS)	NA (train PIRS)	NA (train PIRS)	0.644	7.49e-03	yes	0.605	no	no	no	not tested	not an approved target	Low-moderate	2.864	3	Causal nomination (MR only)	Causal-only (PIRS not trained)	Agonize (protective; intracellular route caution)	Target nomination (causal, needs coloc)	Panel B/C (performance + signature)	Transcript-to-protein bridge: acquire cis-pQTL, test colocalization	Nominate: causal but needs colocalization before resourcing
567	Polyarthropathies	Musculoskeletal	Carbonic anhydrase-related protein	CA8	Cancer-related genes, Disease related genes, Human disease related genes, Predicted intracellular proteins	Immune-cell-enriched	Measured (Olink Explore panel)	NA (train PIRS)	NA	NA (train PIRS)	NA (train PIRS)	NA (train PIRS)	NA (train PIRS)	0.812	9.55e-04	yes	0.757	no	no	no	not tested	not an approved target	Uncertain	2.861	3	Causal nomination (MR only)	Causal-only (PIRS not trained)	Agonize (protective; intracellular route caution)	Target nomination (causal, needs coloc)	Panel B/C (performance + signature)	Transcript-to-protein bridge: acquire cis-pQTL, test colocalization	Nominate: causal but needs colocalization before resourcing
568	Hypothyroidism, strict autoimmune	Metabolic/Endocrine	Phosphoinositide-3-kinase-interacting protein 1	PIK3IP1	Plasma proteins, Predicted intracellular proteins, Predicted membrane proteins	Immune-cell-enriched	Measured (Olink Explore panel)	NA (train PIRS)	NA	NA (train PIRS)	NA (train PIRS)	NA (train PIRS)	NA (train PIRS)	0.939	3.23e-02	yes	0.226	no	no	no	not tested	not an approved target	Low-moderate	2.858	3	Causal nomination (MR only)	Causal-only (PIRS not trained)	Agonize (protective; intracellular route caution)	Target nomination (causal, needs coloc)	Panel B/C (performance + signature)	Transcript-to-protein bridge: acquire cis-pQTL, test colocalization	Nominate: causal but needs colocalization before resourcing
569	Primary gonarthrosis, bilateral	Musculoskeletal	Tyrosine-protein kinase Fes/Fps	FES	Cancer-related genes, Disease related genes, Enzymes, Potential drug targets, Predicted intracellular proteins	Immune-cell-enriched	Measured (Olink Explore panel)	NA (train PIRS)	NA	NA (train PIRS)	NA (train PIRS)	NA (train PIRS)	NA (train PIRS)	1.128	1.92e-02	yes	0.009	no	no	no	not tested	not an approved target	Uncertain	2.852	3	Causal nomination (MR only)	Causal-only (PIRS not trained)	Block (antagonist / neutralizing antibody / small molecule)	Target nomination (causal, needs coloc)	Panel B/C (performance + signature)	Transcript-to-protein bridge: acquire cis-pQTL, test colocalization	Nominate: causal but needs colocalization before resourcing
570	Hypertension	Cardiovascular	Probable JmjC domain-containing histone demethylation protein 2C	JMJD1C	Predicted intracellular proteins	Immune-cell-enriched	Measured (Olink Explore panel)	NA (train PIRS)	NA	NA (train PIRS)	NA (train PIRS)	NA (train PIRS)	NA (train PIRS)	1.667	5.02e-04	yes	0.189	no	no	no	not tested	not an approved target	Uncertain	2.849	3	Causal nomination (MR only)	Causal-only (PIRS not trained)	Block (antagonist / neutralizing antibody / small molecule)	Target nomination (causal, needs coloc)	Panel B/C (performance + signature)	Transcript-to-protein bridge: acquire cis-pQTL, test colocalization	Nominate: causal but needs colocalization before resourcing
571	Hypertension, essential	Cardiovascular	Tumor necrosis factor ligand superfamily member 12	TNFSF12	Predicted intracellular proteins, Predicted secreted proteins	TNF superfamily	High (secreted to blood)	NA (train PIRS)	NA	NA (train PIRS)	NA (train PIRS)	NA (train PIRS)	NA (train PIRS)	1.054	2.83e-03	yes	0.0	no	yes (concordant, protein-level)	no	not tested	not an approved target	Low-moderate	2.843	3	Causal nomination (MR only)	Causal-only (PIRS not trained)	Block (antagonist / neutralizing antibody / small molecule)	Target nomination (causal, needs coloc)	Panel B/C (performance + signature)	Transcript-to-protein bridge: acquire cis-pQTL, test colocalization	Nominate: causal but needs colocalization before resourcing
572	Other and unspecified coagulation defects	Haematological/Immune	Sodium/potassium-transporting ATPase subunit beta-1	ATP1B1	Metabolic proteins, Predicted intracellular proteins, Predicted membrane proteins, Transporters	Immune-cell-enriched	Measured (Olink Explore panel)	NA (train PIRS)	NA	NA (train PIRS)	NA (train PIRS)	NA (train PIRS)	NA (train PIRS)	0.448	1.47e-14	yes	0.0	no	no	no	not tested	not an approved target	Low-moderate	2.833	3	Causal nomination (MR only)	Causal-only (PIRS not trained)	Agonize (protective; intracellular route caution)	Target nomination (causal, needs coloc)	Panel B/C (performance + signature)	Transcript-to-protein bridge: acquire cis-pQTL, test colocalization	Nominate: causal but needs colocalization before resourcing
573	Other coagulation defects	Haematological/Immune	Sodium/potassium-transporting ATPase subunit beta-1	ATP1B1	Metabolic proteins, Predicted intracellular proteins, Predicted membrane proteins, Transporters	Immune-cell-enriched	Measured (Olink Explore panel)	NA (train PIRS)	NA	NA (train PIRS)	NA (train PIRS)	NA (train PIRS)	NA (train PIRS)	0.534	1.80e-13	yes	0.0	no	no	no	not tested	not an approved target	Low-moderate	2.833	3	Causal nomination (MR only)	Causal-only (PIRS not trained)	Agonize (protective; intracellular route caution)	Target nomination (causal, needs coloc)	Panel B/C (performance + signature)	Transcript-to-protein bridge: acquire cis-pQTL, test colocalization	Nominate: causal but needs colocalization before resourcing
574	Statin medication	Cardiovascular	Amphoterin-induced protein 1	AMIGO1	Predicted membrane proteins, Transporters	Immune-cell-enriched	Measured (Olink Explore panel)	NA (train PIRS)	NA	NA (train PIRS)	NA (train PIRS)	NA (train PIRS)	NA (train PIRS)	0.847	2.46e-11	yes	0.0	no	no	no	not tested	not an approved target	Low-moderate	2.833	3	Causal nomination (MR only)	Causal-only (PIRS not trained)	Agonize (protective; intracellular route caution)	Target nomination (causal, needs coloc)	Panel B/C (performance + signature)	Transcript-to-protein bridge: acquire cis-pQTL, test colocalization	Nominate: causal but needs colocalization before resourcing
575	Fracture of forearm	Other	Ephrin-A1	EFNA1	Cancer-related genes, Predicted secreted proteins, RAS pathway related proteins	Immune-cell-enriched	High (secreted to blood)	NA (train PIRS)	NA	NA (train PIRS)	NA (train PIRS)	NA (train PIRS)	NA (train PIRS)	1.882	2.72e-02	yes	0.185	no	no	no	not tested	not an approved target	Low-moderate	2.832	3	Causal nomination (MR only)	Causal-only (PIRS not trained)	Block (antagonist / neutralizing antibody / small molecule)	Target nomination (causal, needs coloc)	Panel B/C (performance + signature)	Transcript-to-protein bridge: acquire cis-pQTL, test colocalization	Nominate: causal but needs colocalization before resourcing
576	Autoimmune diseases	Haematological/Immune	Leukemia inhibitory factor	LIF	Cancer-related genes, Plasma proteins, Predicted intracellular proteins, Predicted secreted proteins	Cytokine/Interleukin	High (secreted to blood)	NA (train PIRS)	NA	NA (train PIRS)	NA (train PIRS)	NA (train PIRS)	NA (train PIRS)	2.044	4.17e-04	yes	0.314	no	no	no	not tested	not an approved target	Low-moderate	2.823	3	Causal nomination (MR only)	Causal-only (PIRS not trained)	Block (antagonist / neutralizing antibody / small molecule)	Target nomination (causal, needs coloc)	Panel B/C (performance + signature)	Transcript-to-protein bridge: acquire cis-pQTL, test colocalization	Nominate: causal but needs colocalization before resourcing
577	Malignant neoplasm, excluding all cancers (controls excluding all cancers)	Neoplasm	Transmembrane protein 106A	TMEM106A	Predicted membrane proteins, Transporters	Immune-cell-enriched	Measured (Olink Explore panel)	NA (train PIRS)	NA	NA (train PIRS)	NA (train PIRS)	NA (train PIRS)	NA (train PIRS)	1.124	4.53e-02	yes	0.707	no	no	no	not tested	not an approved target	Low-moderate	2.809	3	Causal nomination (MR only)	Causal-only (PIRS not trained)	Block (antagonist / neutralizing antibody / small molecule)	Target nomination (causal, needs coloc)	Panel B/C (performance + signature)	Transcript-to-protein bridge: acquire cis-pQTL, test colocalization	Nominate: causal but needs colocalization before resourcing
578	Asthma (only as main-diagnosis) (more control exclusions)	Respiratory	Toll-like receptor 1	TLR1	CD markers, Predicted intracellular proteins, Predicted membrane proteins, Transporters	Immune-cell-enriched	High (soluble receptor / shed)	NA (train PIRS)	NA	NA (train PIRS)	NA (train PIRS)	NA (train PIRS)	NA (train PIRS)	1.099	1.23e-02	yes	0.086	no	no	no	not tested	not an approved target	Low-moderate	2.802	3	Causal nomination (MR only)	Causal-only (PIRS not trained)	Block (antagonist / neutralizing antibody / small molecule)	Target nomination (causal, needs coloc)	Panel B/C (performance + signature)	Transcript-to-protein bridge: acquire cis-pQTL, test colocalization	Nominate: causal but needs colocalization before resourcing
579	Rotator cuff syndrome	Musculoskeletal	Tyrosine-protein kinase Mer	MERTK	Disease related genes, Enzymes, Human disease related genes, Plasma proteins, Potential drug targets, Predicted intracellular proteins, Predicted membrane proteins	Immune-cell-enriched	Measured (Olink Explore panel)	NA (train PIRS)	NA	NA (train PIRS)	NA (train PIRS)	NA (train PIRS)	NA (train PIRS)	1.076	4.13e-02	yes	0.681	no	no	no	not tested	not an approved target	Low-moderate	2.791	3	Causal nomination (MR only)	Causal-only (PIRS not trained)	Block (antagonist / neutralizing antibody / small molecule)	Target nomination (causal, needs coloc)	Panel B/C (performance + signature)	Transcript-to-protein bridge: acquire cis-pQTL, test colocalization	Nominate: causal but needs colocalization before resourcing
580	Cardiovascular diseases (excluding rheumatic etc)	Cardiovascular	B-cell antigen receptor complex-associated protein beta chain	CD79B	Cancer-related genes, CD markers, Disease related genes, FDA approved drug targets, Human disease related genes, Predicted membrane proteins	Ig/B-cell/Fc	High (soluble receptor / shed)	NA (train PIRS)	NA	NA (train PIRS)	NA (train PIRS)	NA (train PIRS)	NA (train PIRS)	0.82	3.63e-02	yes	0.0	no	no	no	not tested	not an approved target	High (FDA-precedented class, tractable)	2.789	3	Causal nomination (MR only)	Causal-only (PIRS not trained)	Replace / decoy-receptor or agonist (protective, soluble)	Target nomination (causal, needs coloc)	Panel B/C (performance + signature)	Transcript-to-protein bridge: acquire cis-pQTL, test colocalization	Nominate: causal but needs colocalization before resourcing
581	Arthrosis	Musculoskeletal	Tyrosine-protein kinase Fes/Fps	FES	Cancer-related genes, Disease related genes, Enzymes, Potential drug targets, Predicted intracellular proteins	Immune-cell-enriched	Measured (Olink Explore panel)	NA (train PIRS)	NA	NA (train PIRS)	NA (train PIRS)	NA (train PIRS)	NA (train PIRS)	1.068	3.76e-02	yes	0.0	no	no	no	replicated (FinnGen + UK Biobank)	not an approved target	Uncertain	2.785	3	Causal nomination (MR only)	Causal-only (PIRS not trained)	Block (antagonist / neutralizing antibody / small molecule)	Target nomination (causal, needs coloc)	Panel B/C (performance + signature)	Transcript-to-protein bridge: acquire cis-pQTL, test colocalization	Nominate: causal but needs colocalization before resourcing
582	Intrahepatic Cholestasis of Pregnancy (ICP) , incl. ICD-8	Other	Probable JmjC domain-containing histone demethylation protein 2C	JMJD1C	Predicted intracellular proteins	Immune-cell-enriched	Measured (Olink Explore panel)	NA (train PIRS)	NA	NA (train PIRS)	NA (train PIRS)	NA (train PIRS)	NA (train PIRS)	0.123	1.54e-02	yes	0.419	no	no	no	not tested	not an approved target	Uncertain	2.782	3	Causal nomination (MR only)	Causal-only (PIRS not trained)	Agonize (protective; intracellular route caution)	Target nomination (causal, needs coloc)	Panel B/C (performance + signature)	Transcript-to-protein bridge: acquire cis-pQTL, test colocalization	Nominate: causal but needs colocalization before resourcing
583	Allergic asthma (mode)	Respiratory	Interleukin-4 receptor subunit alpha	IL4R	Cancer-related genes, CD markers, FDA approved drug targets, Human disease related genes, Plasma proteins, Predicted intracellular proteins, Predicted membrane proteins, Predicted secreted proteins, Transporters	Cytokine/Interleukin	High (secreted to blood)	NA (train PIRS)	NA	NA (train PIRS)	NA (train PIRS)	NA (train PIRS)	NA (train PIRS)	0.697	4.01e-07	yes	0.0	no	no	no	not tested	not an approved target	High (FDA-precedented class, tractable)	2.779	3	Causal nomination (MR only)	Causal-only (PIRS not trained)	Replace / decoy-receptor or agonist (protective, soluble)	Target nomination (causal, needs coloc)	Panel B/C (performance + signature)	Transcript-to-protein bridge: acquire cis-pQTL, test colocalization	Nominate: causal but needs colocalization before resourcing
584	Asthma (more control exclusions)	Respiratory	Toll-like receptor 1	TLR1	CD markers, Predicted intracellular proteins, Predicted membrane proteins, Transporters	Immune-cell-enriched	High (soluble receptor / shed)	NA (train PIRS)	NA	NA (train PIRS)	NA (train PIRS)	NA (train PIRS)	NA (train PIRS)	1.087	2.21e-02	yes	0.106	no	no	no	not tested	not an approved target	Low-moderate	2.77	3	Causal nomination (MR only)	Causal-only (PIRS not trained)	Block (antagonist / neutralizing antibody / small molecule)	Target nomination (causal, needs coloc)	Panel B/C (performance + signature)	Transcript-to-protein bridge: acquire cis-pQTL, test colocalization	Nominate: causal but needs colocalization before resourcing
585	Autoimmune diseases	Haematological/Immune	T-cell surface antigen CD2	CD2	CD markers, FDA approved drug targets, Predicted intracellular proteins, Predicted membrane proteins	CD/Leukocyte surface	Measured (Olink Explore panel)	NA (train PIRS)	NA	NA (train PIRS)	NA (train PIRS)	NA (train PIRS)	NA (train PIRS)	1.408	1.49e-03	yes	0.173	no	no	no	not tested	not an approved target	High (FDA-precedented class, tractable)	2.739	3	Causal nomination (MR only)	Causal-only (PIRS not trained)	Block (antagonist / neutralizing antibody / small molecule)	Target nomination (causal, needs coloc)	Panel B/C (performance + signature)	Transcript-to-protein bridge: acquire cis-pQTL, test colocalization	Nominate: causal but needs colocalization before resourcing
586	Other disorders of veins	Cardiovascular	Pro-adrenomedullin	ADM	Cancer-related genes, Plasma proteins, Predicted intracellular proteins, Predicted secreted proteins	Immune-cell-enriched	High (secreted to blood)	NA (train PIRS)	NA	NA (train PIRS)	NA (train PIRS)	NA (train PIRS)	NA (train PIRS)	1.158	1.33e-02	yes	0.527	no	no	no	not tested	not an approved target	Low-moderate	2.736	3	Causal nomination (MR only)	Causal-only (PIRS not trained)	Block (antagonist / neutralizing antibody / small molecule)	Target nomination (causal, needs coloc)	Panel B/C (performance + signature)	Transcript-to-protein bridge: acquire cis-pQTL, test colocalization	Nominate: causal but needs colocalization before resourcing
587	Intrahepatic Cholestasis of Pregnancy (ICP) , incl. ICD-8 (more control exclusions)	Other	Probable JmjC domain-containing histone demethylation protein 2C	JMJD1C	Predicted intracellular proteins	Immune-cell-enriched	Measured (Olink Explore panel)	NA (train PIRS)	NA	NA (train PIRS)	NA (train PIRS)	NA (train PIRS)	NA (train PIRS)	0.122	1.60e-02	yes	0.376	no	no	no	not tested	not an approved target	Uncertain	2.735	3	Causal nomination (MR only)	Causal-only (PIRS not trained)	Agonize (protective; intracellular route caution)	Target nomination (causal, needs coloc)	Panel B/C (performance + signature)	Transcript-to-protein bridge: acquire cis-pQTL, test colocalization	Nominate: causal but needs colocalization before resourcing
588	Dementia, including avohilmo	Neurological/Psychiatric	Testis-expressed protein 101	TEX101	Predicted membrane proteins, Predicted secreted proteins	Immune-cell-enriched	High (secreted to blood)	NA (train PIRS)	NA	NA (train PIRS)	NA (train PIRS)	NA (train PIRS)	NA (train PIRS)	1.343	5.78e-06	yes	0.0	no	no	no	not tested	not an approved target	Moderate	2.714	3	Causal nomination (MR only)	Causal-only (PIRS not trained)	Block (antagonist / neutralizing antibody / small molecule)	Target nomination (causal, needs coloc)	Panel B/C (performance + signature)	Transcript-to-protein bridge: acquire cis-pQTL, test colocalization	Nominate: causal but needs colocalization before resourcing
589	Other disorders of veins	Cardiovascular	Ephrin-A1	EFNA1	Cancer-related genes, Predicted secreted proteins, RAS pathway related proteins	Immune-cell-enriched	High (secreted to blood)	NA (train PIRS)	NA	NA (train PIRS)	NA (train PIRS)	NA (train PIRS)	NA (train PIRS)	0.455	1.39e-02	yes	0.006	no	no	no	not tested	not an approved target	Low-moderate	2.711	3	Causal nomination (MR only)	Causal-only (PIRS not trained)	Agonize / recombinant-protein replacement (protective, secreted)	Target nomination (causal, needs coloc)	Panel B/C (performance + signature)	Transcript-to-protein bridge: acquire cis-pQTL, test colocalization	Nominate: causal but needs colocalization before resourcing
590	Disorders of the thyroid gland	Metabolic/Endocrine	Thyroglobulin	TG	Cancer-related genes, Disease related genes, Human disease related genes, Plasma proteins, Predicted intracellular proteins, Predicted secreted proteins	Immune-cell-enriched	High (secreted to blood)	NA (train PIRS)	NA	NA (train PIRS)	NA (train PIRS)	NA (train PIRS)	NA (train PIRS)	1.167	4.56e-07	yes	0.105	no	no	no	not tested	not an approved target	Low-moderate	2.706	3	Causal nomination (MR only)	Causal-only (PIRS not trained)	Block (antagonist / neutralizing antibody / small molecule)	Target nomination (causal, needs coloc)	Panel B/C (performance + signature)	Transcript-to-protein bridge: acquire cis-pQTL, test colocalization	Nominate: causal but needs colocalization before resourcing
591	Artrosis, including avohilmo	Musculoskeletal	Endothelial protein C receptor	PROCR	Candidate cardiovascular disease genes, CD markers, FDA approved drug targets, Plasma proteins, Predicted intracellular proteins, Predicted membrane proteins	Immune-cell-enriched	High (soluble receptor / shed)	NA (train PIRS)	NA	NA (train PIRS)	NA (train PIRS)	NA (train PIRS)	NA (train PIRS)	1.204	3.28e-04	yes	0.0	no	no	no	not tested	not an approved target	High (FDA-precedented class, tractable)	2.697	3	Causal nomination (MR only)	Causal-only (PIRS not trained)	Block (antagonist / neutralizing antibody / small molecule)	Target nomination (causal, needs coloc)	Panel B/C (performance + signature)	Transcript-to-protein bridge: acquire cis-pQTL, test colocalization	Nominate: causal but needs colocalization before resourcing
592	Alzheimer disease	Neurological/Psychiatric	Testis-expressed protein 101	TEX101	Predicted membrane proteins, Predicted secreted proteins	Immune-cell-enriched	High (secreted to blood)	NA (train PIRS)	NA	NA (train PIRS)	NA (train PIRS)	NA (train PIRS)	NA (train PIRS)	1.469	7.75e-06	yes	0.0	no	no	no	not tested	not an approved target	Moderate	2.689	3	Causal nomination (MR only)	Causal-only (PIRS not trained)	Block (antagonist / neutralizing antibody / small molecule)	Target nomination (causal, needs coloc)	Panel B/C (performance + signature)	Transcript-to-protein bridge: acquire cis-pQTL, test colocalization	Nominate: causal but needs colocalization before resourcing
593	Type 2 diabetes, definitions combined	Metabolic/Endocrine	Phosphoinositide-3-kinase-interacting protein 1	PIK3IP1	Plasma proteins, Predicted intracellular proteins, Predicted membrane proteins	Immune-cell-enriched	Measured (Olink Explore panel)	NA (train PIRS)	NA	NA (train PIRS)	NA (train PIRS)	NA (train PIRS)	NA (train PIRS)	1.056	3.20e-02	yes	0.051	no	no	no	not tested	not an approved target	Low-moderate	2.683	3	Causal nomination (MR only)	Causal-only (PIRS not trained)	Block (antagonist / neutralizing antibody / small molecule)	Target nomination (causal, needs coloc)	Panel B/C (performance + signature)	Transcript-to-protein bridge: acquire cis-pQTL, test colocalization	Nominate: causal but needs colocalization before resourcing
594	Blepharochalasis	Ophthalmological	Tumor necrosis factor ligand superfamily member 12	TNFSF12	Predicted intracellular proteins, Predicted secreted proteins	TNF superfamily	High (secreted to blood)	NA (train PIRS)	NA	NA (train PIRS)	NA (train PIRS)	NA (train PIRS)	NA (train PIRS)	1.122	3.34e-02	yes	0.033	no	yes (concordant, protein-level)	no	not tested	not an approved target	Low-moderate	2.662	3	Causal nomination (MR only)	Causal-only (PIRS not trained)	Block (antagonist / neutralizing antibody / small molecule)	Target nomination (causal, needs coloc)	Panel B/C (performance + signature)	Transcript-to-protein bridge: acquire cis-pQTL, test colocalization	Nominate: causal but needs colocalization before resourcing
595	Unspecific neurodegenerative disorder	Neurological/Psychiatric	Testis-expressed protein 101	TEX101	Predicted membrane proteins, Predicted secreted proteins	Immune-cell-enriched	High (secreted to blood)	NA (train PIRS)	NA	NA (train PIRS)	NA (train PIRS)	NA (train PIRS)	NA (train PIRS)	1.381	1.12e-05	yes	0.0	no	no	no	not tested	not an approved target	Moderate	2.657	3	Causal nomination (MR only)	Causal-only (PIRS not trained)	Block (antagonist / neutralizing antibody / small molecule)	Target nomination (causal, needs coloc)	Panel B/C (performance + signature)	Transcript-to-protein bridge: acquire cis-pQTL, test colocalization	Nominate: causal but needs colocalization before resourcing
596	Acne	Dermatological	Transforming growth factor beta-2 proprotein	TGFB2	Cancer-related genes, Disease related genes, Human disease related genes, Predicted secreted proteins	Cytokine/Interleukin	High (secreted to blood)	NA (train PIRS)	NA	NA (train PIRS)	NA (train PIRS)	NA (train PIRS)	NA (train PIRS)	5.067	2.74e-02	yes	0.0	no	yes (concordant, protein-level)	no	not tested	not an approved target	Low-moderate	2.646	3	Causal nomination (MR only)	Causal-only (PIRS not trained)	Block (antagonist / neutralizing antibody / small molecule)	Target nomination (causal, needs coloc)	Panel B/C (performance + signature)	Transcript-to-protein bridge: acquire cis-pQTL, test colocalization	Nominate: causal but needs colocalization before resourcing
597	Soft tissue disorders related to use, overuse and pressure	Musculoskeletal	Carbonic anhydrase-related protein	CA8	Cancer-related genes, Disease related genes, Human disease related genes, Predicted intracellular proteins	Immune-cell-enriched	Measured (Olink Explore panel)	NA (train PIRS)	NA	NA (train PIRS)	NA (train PIRS)	NA (train PIRS)	NA (train PIRS)	0.73	1.95e-02	yes	0.795	no	no	no	not tested	not an approved target	Uncertain	2.637	3	Causal nomination (MR only)	Causal-only (PIRS not trained)	Agonize (protective; intracellular route caution)	Target nomination (causal, needs coloc)	Panel B/C (performance + signature)	Transcript-to-protein bridge: acquire cis-pQTL, test colocalization	Nominate: causal but needs colocalization before resourcing
598	Varicose veins	Cardiovascular	Transmembrane protein 106A	TMEM106A	Predicted membrane proteins, Transporters	Immune-cell-enriched	Measured (Olink Explore panel)	NA (train PIRS)	NA	NA (train PIRS)	NA (train PIRS)	NA (train PIRS)	NA (train PIRS)	0.796	6.63e-04	yes	0.146	no	no	no	not tested	not an approved target	Low-moderate	2.615	3	Causal nomination (MR only)	Causal-only (PIRS not trained)	Agonize (protective; intracellular route caution)	Target nomination (causal, needs coloc)	Panel B/C (performance + signature)	Transcript-to-protein bridge: acquire cis-pQTL, test colocalization	Nominate: causal but needs colocalization before resourcing
599	Depression or dysthymia	Neurological/Psychiatric	Plasma protease C1 inhibitor	SERPING1	Candidate cardiovascular disease genes, Disease related genes, Human disease related genes, Plasma proteins, Predicted intracellular proteins, Predicted secreted proteins	Complement/Coagulation	High (secreted to blood)	NA (train PIRS)	NA	NA (train PIRS)	NA (train PIRS)	NA (train PIRS)	NA (train PIRS)	1.103	4.24e-02	yes	0.0	no	no	no	not tested	not an approved target	Low-moderate	2.608	3	Causal nomination (MR only)	Causal-only (PIRS not trained)	Block (antagonist / neutralizing antibody / small molecule)	Target nomination (causal, needs coloc)	Panel B/C (performance + signature)	Transcript-to-protein bridge: acquire cis-pQTL, test colocalization	Nominate: causal but needs colocalization before resourcing
600	Polycythaemia vera	Other	Programmed cell death 1 ligand 2	PDCD1LG2	Cancer-related genes, CD markers, Predicted membrane proteins, Predicted secreted proteins	Immune checkpoint	High (secreted to blood)	NA (train PIRS)	NA	NA (train PIRS)	NA (train PIRS)	NA (train PIRS)	NA (train PIRS)	2.04	1.02e-02	yes	0.0	no	yes (concordant, protein-level)	no	not tested	not an approved target	Moderate	2.565	3	Causal nomination (MR only)	Causal-only (PIRS not trained)	Block (antagonist / neutralizing antibody / small molecule)	Target nomination (causal, needs coloc)	Panel B/C (performance + signature)	Transcript-to-protein bridge: acquire cis-pQTL, test colocalization	Nominate: causal but needs colocalization before resourcing
601	Dementia	Neurological/Psychiatric	Testis-expressed protein 101	TEX101	Predicted membrane proteins, Predicted secreted proteins	Immune-cell-enriched	High (secreted to blood)	NA (train PIRS)	NA	NA (train PIRS)	NA (train PIRS)	NA (train PIRS)	NA (train PIRS)	1.334	3.54e-05	yes	0.0	no	no	no	not tested	not an approved target	Moderate	2.557	3	Causal nomination (MR only)	Causal-only (PIRS not trained)	Block (antagonist / neutralizing antibody / small molecule)	Target nomination (causal, needs coloc)	Panel B/C (performance + signature)	Transcript-to-protein bridge: acquire cis-pQTL, test colocalization	Nominate: causal but needs colocalization before resourcing
602	Hard cardiovascular diseases	Cardiovascular	Urokinase plasminogen activator surface receptor	PLAUR	Cancer-related genes, CD markers, FDA approved drug targets, Predicted intracellular proteins, Predicted membrane proteins	Immune-cell-enriched	High (soluble receptor / shed)	NA (train PIRS)	NA	NA (train PIRS)	NA (train PIRS)	NA (train PIRS)	NA (train PIRS)	1.38	3.75e-03	yes	0.572	no	no	no	not tested	not an approved target	High (FDA-precedented class, tractable)	2.557	3	Causal nomination (MR only)	Causal-only (PIRS not trained)	Block (antagonist / neutralizing antibody / small molecule)	Target nomination (causal, needs coloc)	Panel B/C (performance + signature)	Transcript-to-protein bridge: acquire cis-pQTL, test colocalization	Nominate: causal but needs colocalization before resourcing
603	Alzheimer disease	Neurological/Psychiatric	Poliovirus receptor	PVR	CD markers, Plasma proteins, Predicted intracellular proteins, Predicted membrane proteins, Predicted secreted proteins	Immune-cell-enriched	High (secreted to blood)	NA (train PIRS)	NA	NA (train PIRS)	NA (train PIRS)	NA (train PIRS)	NA (train PIRS)	0.611	1.14e-02	yes	0.0	no	no	no	not tested	not an approved target	Moderate	2.555	3	Causal nomination (MR only)	Causal-only (PIRS not trained)	Replace / decoy-receptor or agonist (protective, soluble)	Target nomination (causal, needs coloc)	Panel B/C (performance + signature)	Transcript-to-protein bridge: acquire cis-pQTL, test colocalization	Nominate: causal but needs colocalization before resourcing
604	Hypothyroidism, strict autoimmune	Metabolic/Endocrine	Thyroglobulin	TG	Cancer-related genes, Disease related genes, Human disease related genes, Plasma proteins, Predicted intracellular proteins, Predicted secreted proteins	Immune-cell-enriched	High (secreted to blood)	NA (train PIRS)	NA	NA (train PIRS)	NA (train PIRS)	NA (train PIRS)	NA (train PIRS)	1.195	8.40e-07	yes	0.001	no	no	no	not tested	not an approved target	Low-moderate	2.549	3	Causal nomination (MR only)	Causal-only (PIRS not trained)	Block (antagonist / neutralizing antibody / small molecule)	Target nomination (causal, needs coloc)	Panel B/C (performance + signature)	Transcript-to-protein bridge: acquire cis-pQTL, test colocalization	Nominate: causal but needs colocalization before resourcing
605	Hypertension, essential	Cardiovascular	Probable JmjC domain-containing histone demethylation protein 2C	JMJD1C	Predicted intracellular proteins	Immune-cell-enriched	Measured (Olink Explore panel)	NA (train PIRS)	NA	NA (train PIRS)	NA (train PIRS)	NA (train PIRS)	NA (train PIRS)	1.586	1.32e-02	yes	0.17	no	no	no	not tested	not an approved target	Uncertain	2.546	3	Causal nomination (MR only)	Causal-only (PIRS not trained)	Block (antagonist / neutralizing antibody / small molecule)	Target nomination (causal, needs coloc)	Panel B/C (performance + signature)	Transcript-to-protein bridge: acquire cis-pQTL, test colocalization	Nominate: causal but needs colocalization before resourcing
606	nan	Other	Integrin alpha-X	ITGAX	CD markers, FDA approved drug targets, Predicted intracellular proteins, Predicted membrane proteins	Immune-cell-enriched	Measured (Olink Explore panel)	NA (train PIRS)	NA	NA (train PIRS)	NA (train PIRS)	NA (train PIRS)	NA (train PIRS)	0.956	1.15e-02	yes	0.658	no	no	no	not tested	not an approved target	High (FDA-precedented class, tractable)	2.545	3	Causal nomination (MR only)	Causal-only (PIRS not trained)	Agonize (protective; intracellular route caution)	Target nomination (causal, needs coloc)	Panel B/C (performance + signature)	Transcript-to-protein bridge: acquire cis-pQTL, test colocalization	Nominate: causal but needs colocalization before resourcing
607	Atrial fibrillation and flutter	Cardiovascular	Pro-adrenomedullin	ADM	Cancer-related genes, Plasma proteins, Predicted intracellular proteins, Predicted secreted proteins	Immune-cell-enriched	High (secreted to blood)	NA (train PIRS)	NA	NA (train PIRS)	NA (train PIRS)	NA (train PIRS)	NA (train PIRS)	1.115	3.76e-02	yes	0.423	no	no	no	not tested	not an approved target	Low-moderate	2.541	3	Causal nomination (MR only)	Causal-only (PIRS not trained)	Block (antagonist / neutralizing antibody / small molecule)	Target nomination (causal, needs coloc)	Panel B/C (performance + signature)	Transcript-to-protein bridge: acquire cis-pQTL, test colocalization	Nominate: causal but needs colocalization before resourcing
608	Alzheimer’s disease (Late onset) (more control exclusions)	Neurological/Psychiatric	Poliovirus receptor	PVR	CD markers, Plasma proteins, Predicted intracellular proteins, Predicted membrane proteins, Predicted secreted proteins	Immune-cell-enriched	High (secreted to blood)	NA (train PIRS)	NA	NA (train PIRS)	NA (train PIRS)	NA (train PIRS)	NA (train PIRS)	0.536	1.53e-02	yes	0.0	no	no	no	not tested	not an approved target	Moderate	2.53	3	Causal nomination (MR only)	Causal-only (PIRS not trained)	Replace / decoy-receptor or agonist (protective, soluble)	Target nomination (causal, needs coloc)	Panel B/C (performance + signature)	Transcript-to-protein bridge: acquire cis-pQTL, test colocalization	Nominate: causal but needs colocalization before resourcing
609	Disorders of lipoprotein metabolism and other lipidaemias	Metabolic/Endocrine	Sortilin	SORT1	Disease related genes, Potential drug targets, Predicted intracellular proteins, Predicted membrane proteins, Transporters	Immune-cell-enriched	Measured (Olink Explore panel)	NA (train PIRS)	NA	NA (train PIRS)	NA (train PIRS)	NA (train PIRS)	NA (train PIRS)	0.601	1.08e-06	yes	0.0	no	no	no	not tested	not an approved target	Low-moderate	2.526	3	Causal nomination (MR only)	Causal-only (PIRS not trained)	Agonize (protective; intracellular route caution)	Target nomination (causal, needs coloc)	Panel B/C (performance + signature)	Transcript-to-protein bridge: acquire cis-pQTL, test colocalization	Nominate: causal but needs colocalization before resourcing
610	Conjunctivitis	Ophthalmological	Interleukin-1 receptor-like 1	IL1RL1	Candidate cardiovascular disease genes, Enzymes, Plasma proteins, Predicted intracellular proteins, Predicted membrane proteins, Predicted secreted proteins	Cytokine/Interleukin	High (secreted to blood)	NA (train PIRS)	NA	NA (train PIRS)	NA (train PIRS)	NA (train PIRS)	NA (train PIRS)	0.853	1.74e-02	yes	0.0	no	no	no	not tested	not an approved target	Moderate	2.519	3	Causal nomination (MR only)	Causal-only (PIRS not trained)	Replace / decoy-receptor or agonist (protective, soluble)	Target nomination (causal, needs coloc)	Panel B/C (performance + signature)	Transcript-to-protein bridge: acquire cis-pQTL, test colocalization	Nominate: causal but needs colocalization before resourcing
611	Malignant neoplasm, excluding all cancers (controls excluding all cancers)	Neoplasm	Synaptic vesicle membrane protein VAT-1 homolog	VAT1	Plasma proteins, Predicted intracellular proteins	Immune-cell-enriched	Measured (Olink Explore panel)	NA (train PIRS)	NA	NA (train PIRS)	NA (train PIRS)	NA (train PIRS)	NA (train PIRS)	1.077	4.31e-02	yes	0.721	no	no	no	not tested	not an approved target	Uncertain	2.494	3	Causal nomination (MR only)	Causal-only (PIRS not trained)	Block (antagonist / neutralizing antibody / small molecule)	Target nomination (causal, needs coloc)	Panel B/C (performance + signature)	Transcript-to-protein bridge: acquire cis-pQTL, test colocalization	Nominate: causal but needs colocalization before resourcing
612	Malignant neoplasm of prostate, excluding all cancers (controls excluding all cancers)	Neoplasm	Protein phosphatase 1 regulatory subunit 14A	PPP1R14A	Plasma proteins, Predicted intracellular proteins	Immune-cell-enriched	Measured (Olink Explore panel)	NA (train PIRS)	NA	NA (train PIRS)	NA (train PIRS)	NA (train PIRS)	NA (train PIRS)	1.409	3.51e-08	yes	0.0	no	no	no	not tested	not an approved target	Uncertain	2.491	3	Causal nomination (MR only)	Causal-only (PIRS not trained)	Block (antagonist / neutralizing antibody / small molecule)	Target nomination (causal, needs coloc)	Panel B/C (performance + signature)	Transcript-to-protein bridge: acquire cis-pQTL, test colocalization	Nominate: causal but needs colocalization before resourcing
613	Rotator cuff syndrome	Musculoskeletal	Synaptic vesicle membrane protein VAT-1 homolog	VAT1	Plasma proteins, Predicted intracellular proteins	Immune-cell-enriched	Measured (Olink Explore panel)	NA (train PIRS)	NA	NA (train PIRS)	NA (train PIRS)	NA (train PIRS)	NA (train PIRS)	0.886	3.58e-02	yes	0.701	no	no	no	replicated (FinnGen + UK Biobank)	not an approved target	Uncertain	2.49	3	Causal nomination (MR only)	Causal-only (PIRS not trained)	Agonize (protective; intracellular route caution)	Target nomination (causal, needs coloc)	Panel B/C (performance + signature)	Transcript-to-protein bridge: acquire cis-pQTL, test colocalization	Nominate: causal but needs colocalization before resourcing
614	Myeloproliferative diseases (CML excluded)	Other	Programmed cell death 1 ligand 2	PDCD1LG2	Cancer-related genes, CD markers, Predicted membrane proteins, Predicted secreted proteins	Immune checkpoint	High (secreted to blood)	NA (train PIRS)	NA	NA (train PIRS)	NA (train PIRS)	NA (train PIRS)	NA (train PIRS)	1.57	2.67e-02	yes	0.0	no	yes (concordant, protein-level)	no	not tested	not an approved target	Moderate	2.481	3	Causal nomination (MR only)	Causal-only (PIRS not trained)	Block (antagonist / neutralizing antibody / small molecule)	Target nomination (causal, needs coloc)	Panel B/C (performance + signature)	Transcript-to-protein bridge: acquire cis-pQTL, test colocalization	Nominate: causal but needs colocalization before resourcing
615	Childhood asthma (age<16) (more control exclusions)	Respiratory	Interleukin-4 receptor subunit alpha	IL4R	Cancer-related genes, CD markers, FDA approved drug targets, Human disease related genes, Plasma proteins, Predicted intracellular proteins, Predicted membrane proteins, Predicted secreted proteins, Transporters	Cytokine/Interleukin	High (secreted to blood)	NA (train PIRS)	NA	NA (train PIRS)	NA (train PIRS)	NA (train PIRS)	NA (train PIRS)	0.686	8.92e-04	yes	0.364	no	no	no	replicated (FinnGen + UK Biobank)	not an approved target	High (FDA-precedented class, tractable)	2.474	3	Causal nomination (MR only)	Causal-only (PIRS not trained)	Replace / decoy-receptor or agonist (protective, soluble)	Target nomination (causal, needs coloc)	Panel B/C (performance + signature)	Transcript-to-protein bridge: acquire cis-pQTL, test colocalization	Nominate: causal but needs colocalization before resourcing
616	Chronic sinusitis	Respiratory	Interleukin-2 receptor subunit beta	IL2RB	Cancer-related genes, CD markers, Disease related genes, FDA approved drug targets, Human disease related genes, Predicted membrane proteins, Transporters	Cytokine/Interleukin	High (soluble receptor / shed)	NA (train PIRS)	NA	NA (train PIRS)	NA (train PIRS)	NA (train PIRS)	NA (train PIRS)	1.851	4.25e-02	yes	0.695	no	no	no	not tested	not an approved target	High (FDA-precedented class, tractable)	2.47	3	Causal nomination (MR only)	Causal-only (PIRS not trained)	Block (antagonist / neutralizing antibody / small molecule)	Target nomination (causal, needs coloc)	Panel B/C (performance + signature)	Transcript-to-protein bridge: acquire cis-pQTL, test colocalization	Nominate: causal but needs colocalization before resourcing
617	Gonarthrosis, primary, with knee surgery	Musculoskeletal	Endothelial protein C receptor	PROCR	Candidate cardiovascular disease genes, CD markers, FDA approved drug targets, Plasma proteins, Predicted intracellular proteins, Predicted membrane proteins	Immune-cell-enriched	High (soluble receptor / shed)	NA (train PIRS)	NA	NA (train PIRS)	NA (train PIRS)	NA (train PIRS)	NA (train PIRS)	1.37	4.56e-03	yes	0.0	no	no	no	not tested	not an approved target	High (FDA-precedented class, tractable)	2.468	3	Causal nomination (MR only)	Causal-only (PIRS not trained)	Block (antagonist / neutralizing antibody / small molecule)	Target nomination (causal, needs coloc)	Panel B/C (performance + signature)	Transcript-to-protein bridge: acquire cis-pQTL, test colocalization	Nominate: causal but needs colocalization before resourcing
618	Atopic dermatitis	Dermatological	Interleukin-7 receptor subunit alpha	IL7R	Cancer-related genes, CD markers, Disease related genes, Human disease related genes, Predicted intracellular proteins, Predicted membrane proteins	Cytokine/Interleukin	High (soluble receptor / shed)	NA (train PIRS)	NA	NA (train PIRS)	NA (train PIRS)	NA (train PIRS)	NA (train PIRS)	1.174	7.57e-04	yes	0.0	no	yes (concordant, protein-level)	no	not tested	not an approved target	Low-moderate	2.458	3	Causal nomination (MR only)	Causal-only (PIRS not trained)	Block (antagonist / neutralizing antibody / small molecule)	Target nomination (causal, needs coloc)	Panel B/C (performance + signature)	Transcript-to-protein bridge: acquire cis-pQTL, test colocalization	Nominate: causal but needs colocalization before resourcing
619	Coronary atherosclerosis	Cardiovascular	Lipoprotein lipase	LPL	Candidate cardiovascular disease genes, Disease related genes, Enzymes, FDA approved drug targets, Human disease related genes, Metabolic proteins, Plasma proteins, Predicted intracellular proteins, Predicted secreted proteins	Immune-cell-enriched	High (secreted to blood)	NA (train PIRS)	NA	NA (train PIRS)	NA (train PIRS)	NA (train PIRS)	NA (train PIRS)	0.928	5.19e-03	yes	0.0	no	no	no	replicated (FinnGen + UK Biobank)	not an approved target	High (FDA-precedented class, tractable)	2.457	3	Causal nomination (MR only)	Causal-only (PIRS not trained)	Agonize / recombinant-protein replacement (protective, secreted)	Target nomination (causal, needs coloc)	Panel B/C (performance + signature)	Transcript-to-protein bridge: acquire cis-pQTL, test colocalization	Nominate: causal but needs colocalization before resourcing
620	Disorders of the thyroid gland	Metabolic/Endocrine	Interleukin-12 receptor subunit beta-1	IL12RB1	CD markers, Disease related genes, Human disease related genes, Predicted intracellular proteins, Predicted membrane proteins	Cytokine/Interleukin	High (soluble receptor / shed)	NA (train PIRS)	NA	NA (train PIRS)	NA (train PIRS)	NA (train PIRS)	NA (train PIRS)	1.077	7.89e-04	yes	0.0	no	yes (concordant, protein-level)	no	not tested	not an approved target	Low-moderate	2.454	3	Causal nomination (MR only)	Causal-only (PIRS not trained)	Block (antagonist / neutralizing antibody / small molecule)	Target nomination (causal, needs coloc)	Panel B/C (performance + signature)	Transcript-to-protein bridge: acquire cis-pQTL, test colocalization	Nominate: causal but needs colocalization before resourcing
621	Ischaemic heart disease, wide definition	Cardiovascular	Lipoprotein lipase	LPL	Candidate cardiovascular disease genes, Disease related genes, Enzymes, FDA approved drug targets, Human disease related genes, Metabolic proteins, Plasma proteins, Predicted intracellular proteins, Predicted secreted proteins	Immune-cell-enriched	High (secreted to blood)	NA (train PIRS)	NA	NA (train PIRS)	NA (train PIRS)	NA (train PIRS)	NA (train PIRS)	0.936	5.91e-03	yes	0.0	no	no	no	replicated (FinnGen + UK Biobank)	not an approved target	High (FDA-precedented class, tractable)	2.446	3	Causal nomination (MR only)	Causal-only (PIRS not trained)	Agonize / recombinant-protein replacement (protective, secreted)	Target nomination (causal, needs coloc)	Panel B/C (performance + signature)	Transcript-to-protein bridge: acquire cis-pQTL, test colocalization	Nominate: causal but needs colocalization before resourcing
622	Dementia in Alzheimer disease	Neurological/Psychiatric	Poliovirus receptor	PVR	CD markers, Plasma proteins, Predicted intracellular proteins, Predicted membrane proteins, Predicted secreted proteins	Immune-cell-enriched	High (secreted to blood)	NA (train PIRS)	NA	NA (train PIRS)	NA (train PIRS)	NA (train PIRS)	NA (train PIRS)	0.551	4.02e-02	yes	0.0	no	no	no	not tested	not an approved target	Moderate	2.446	3	Causal nomination (MR only)	Causal-only (PIRS not trained)	Replace / decoy-receptor or agonist (protective, soluble)	Target nomination (causal, needs coloc)	Panel B/C (performance + signature)	Transcript-to-protein bridge: acquire cis-pQTL, test colocalization	Nominate: causal but needs colocalization before resourcing
623	Mucosal proctocolitis	Gastrointestinal	MAP kinase-activated protein kinase 2	MAPKAPK2	Cancer-related genes, Enzymes, Predicted membrane proteins	Immune-cell-enriched	Measured (Olink Explore panel)	NA (train PIRS)	NA	NA (train PIRS)	NA (train PIRS)	NA (train PIRS)	NA (train PIRS)	2.58	2.75e-06	yes	0.0	no	no	no	not tested	not an approved target	Low-moderate	2.445	3	Causal nomination (MR only)	Causal-only (PIRS not trained)	Block (antagonist / neutralizing antibody / small molecule)	Target nomination (causal, needs coloc)	Panel B/C (performance + signature)	Transcript-to-protein bridge: acquire cis-pQTL, test colocalization	Nominate: causal but needs colocalization before resourcing
624	Atopic dermatitis	Dermatological	Protein kinase C theta type	PRKCQ	Cancer-related genes, Enzymes, FDA approved drug targets, Plasma proteins, Predicted intracellular proteins	Immune-cell-enriched	Measured (Olink Explore panel)	NA (train PIRS)	NA	NA (train PIRS)	NA (train PIRS)	NA (train PIRS)	NA (train PIRS)	0.723	1.28e-04	yes	0.0	no	no	no	not tested	not an approved target	Moderate	2.445	3	Causal nomination (MR only)	Causal-only (PIRS not trained)	Agonize (protective; intracellular route caution)	Target nomination (causal, needs coloc)	Panel B/C (performance + signature)	Transcript-to-protein bridge: acquire cis-pQTL, test colocalization	Nominate: causal but needs colocalization before resourcing
625	Thyrotoxicosis with diffuse goitre	Metabolic/Endocrine	Tumor necrosis factor receptor superfamily member 4	TNFRSF4	Cancer-related genes, CD markers, Disease related genes, Human disease related genes, Predicted intracellular proteins, Predicted membrane proteins	Immune checkpoint	High (soluble receptor / shed)	NA (train PIRS)	NA	NA (train PIRS)	NA (train PIRS)	NA (train PIRS)	NA (train PIRS)	1.472	2.43e-02	yes	0.789	no	no	no	not tested	not an approved target	Low-moderate	2.445	3	Causal nomination (MR only)	Causal-only (PIRS not trained)	Block (antagonist / neutralizing antibody / small molecule)	Target nomination (causal, needs coloc)	Panel B/C (performance + signature)	Transcript-to-protein bridge: acquire cis-pQTL, test colocalization	Nominate: causal but needs colocalization before resourcing
626	Malignant neoplasm of breast, ER-positive, excluding all cancers (controls excluding all cancers)	Neoplasm	Fibroblast growth factor receptor 2	FGFR2	Cancer-related genes, CD markers, Disease related genes, Enzymes, FDA approved drug targets, Human disease related genes, Plasma proteins, Predicted intracellular proteins, Predicted membrane proteins, Predicted secreted proteins, RAS pathway related proteins	Immune-cell-enriched	High (secreted to blood)	NA (train PIRS)	NA	NA (train PIRS)	NA (train PIRS)	NA (train PIRS)	NA (train PIRS)	1.158	6.06e-03	yes	0.0	no	no	no	not tested	not an approved target	High (FDA-precedented class, tractable)	2.444	3	Causal nomination (MR only)	Causal-only (PIRS not trained)	Block (antagonist / neutralizing antibody / small molecule)	Target nomination (causal, needs coloc)	Panel B/C (performance + signature)	Transcript-to-protein bridge: acquire cis-pQTL, test colocalization	Nominate: causal but needs colocalization before resourcing
627	Hypothyroidism, strict autoimmune	Metabolic/Endocrine	Interleukin-12 receptor subunit beta-1	IL12RB1	CD markers, Disease related genes, Human disease related genes, Predicted intracellular proteins, Predicted membrane proteins	Cytokine/Interleukin	High (soluble receptor / shed)	NA (train PIRS)	NA	NA (train PIRS)	NA (train PIRS)	NA (train PIRS)	NA (train PIRS)	1.09	8.92e-04	yes	0.0	no	yes (concordant, protein-level)	no	not tested	not an approved target	Low-moderate	2.443	3	Causal nomination (MR only)	Causal-only (PIRS not trained)	Block (antagonist / neutralizing antibody / small molecule)	Target nomination (causal, needs coloc)	Panel B/C (performance + signature)	Transcript-to-protein bridge: acquire cis-pQTL, test colocalization	Nominate: causal but needs colocalization before resourcing
628	Endometriosis of pelvic peritoneum	Renal/Genitourinary	Spondin-2	SPON2	Plasma proteins, Predicted intracellular proteins, Predicted secreted proteins	Immune-cell-enriched	High (secreted to blood)	NA (train PIRS)	NA	NA (train PIRS)	NA (train PIRS)	NA (train PIRS)	NA (train PIRS)	1.594	1.22e-02	yes	0.721	no	no	no	not tested	not an approved target	Low-moderate	2.437	3	Causal nomination (MR only)	Causal-only (PIRS not trained)	Block (antagonist / neutralizing antibody / small molecule)	Target nomination (causal, needs coloc)	Panel B/C (performance + signature)	Transcript-to-protein bridge: acquire cis-pQTL, test colocalization	Nominate: causal but needs colocalization before resourcing
629	Other and unspecified coagulation defects	Haematological/Immune	Lymphotactin	XCL1	Predicted secreted proteins	Chemokine axis	High (secreted to blood)	NA (train PIRS)	NA	NA (train PIRS)	NA (train PIRS)	NA (train PIRS)	NA (train PIRS)	1.785	1.03e-08	yes	0.0	no	no	no	not tested	not an approved target	Low-moderate	2.431	3	Causal nomination (MR only)	Causal-only (PIRS not trained)	Block (antagonist / neutralizing antibody / small molecule)	Target nomination (causal, needs coloc)	Panel B/C (performance + signature)	Transcript-to-protein bridge: acquire cis-pQTL, test colocalization	Nominate: causal but needs colocalization before resourcing
630	Alzheimer’s disease, wide definition	Neurological/Psychiatric	Testis-expressed protein 101	TEX101	Predicted membrane proteins, Predicted secreted proteins	Immune-cell-enriched	High (secreted to blood)	NA (train PIRS)	NA	NA (train PIRS)	NA (train PIRS)	NA (train PIRS)	NA (train PIRS)	1.473	1.90e-04	yes	0.0	no	no	no	not tested	not an approved target	Moderate	2.411	3	Causal nomination (MR only)	Causal-only (PIRS not trained)	Block (antagonist / neutralizing antibody / small molecule)	Target nomination (causal, needs coloc)	Panel B/C (performance + signature)	Transcript-to-protein bridge: acquire cis-pQTL, test colocalization	Nominate: causal but needs colocalization before resourcing
631	Other embolism and thrombosis	Cardiovascular	Syntaxin-3	STX3	Disease related genes, Potential drug targets, Predicted intracellular proteins, Predicted membrane proteins, Transporters	Immune-cell-enriched	Measured (Olink Explore panel)	NA (train PIRS)	NA	NA (train PIRS)	NA (train PIRS)	NA (train PIRS)	NA (train PIRS)	0.612	9.61e-03	yes	0.674	no	no	no	not tested	not an approved target	Low-moderate	2.41	3	Causal nomination (MR only)	Causal-only (PIRS not trained)	Agonize (protective; intracellular route caution)	Target nomination (causal, needs coloc)	Panel B/C (performance + signature)	Transcript-to-protein bridge: acquire cis-pQTL, test colocalization	Nominate: causal but needs colocalization before resourcing
632	Mixed hyperlipidaemia	Metabolic/Endocrine	Lipoprotein lipase	LPL	Candidate cardiovascular disease genes, Disease related genes, Enzymes, FDA approved drug targets, Human disease related genes, Metabolic proteins, Plasma proteins, Predicted intracellular proteins, Predicted secreted proteins	Immune-cell-enriched	High (secreted to blood)	NA (train PIRS)	NA	NA (train PIRS)	NA (train PIRS)	NA (train PIRS)	NA (train PIRS)	0.651	9.37e-03	yes	0.0	no	no	no	not tested	not an approved target	High (FDA-precedented class, tractable)	2.406	3	Causal nomination (MR only)	Causal-only (PIRS not trained)	Agonize / recombinant-protein replacement (protective, secreted)	Target nomination (causal, needs coloc)	Panel B/C (performance + signature)	Transcript-to-protein bridge: acquire cis-pQTL, test colocalization	Nominate: causal but needs colocalization before resourcing
633	Disorders of lipoprotein metabolism and other lipidaemias	Metabolic/Endocrine	Carbonic anhydrase-related protein	CA8	Cancer-related genes, Disease related genes, Human disease related genes, Predicted intracellular proteins	Immune-cell-enriched	Measured (Olink Explore panel)	NA (train PIRS)	NA	NA (train PIRS)	NA (train PIRS)	NA (train PIRS)	NA (train PIRS)	0.859	3.51e-02	yes	0.602	no	no	no	not tested	not an approved target	Uncertain	2.393	3	Causal nomination (MR only)	Causal-only (PIRS not trained)	Agonize (protective; intracellular route caution)	Target nomination (causal, needs coloc)	Panel B/C (performance + signature)	Transcript-to-protein bridge: acquire cis-pQTL, test colocalization	Nominate: causal but needs colocalization before resourcing
634	Type 2 diabetes, definitions combined	Metabolic/Endocrine	Protein EVI2B	EVI2B	CD markers, Predicted membrane proteins	Immune-cell-enriched	Measured (Olink Explore panel)	NA (train PIRS)	NA	NA (train PIRS)	NA (train PIRS)	NA (train PIRS)	NA (train PIRS)	0.774	4.39e-03	yes	0.077	no	no	no	not tested	not an approved target	Low-moderate	2.382	3	Causal nomination (MR only)	Causal-only (PIRS not trained)	Agonize (protective; intracellular route caution)	Target nomination (causal, needs coloc)	Panel B/C (performance + signature)	Transcript-to-protein bridge: acquire cis-pQTL, test colocalization	Nominate: causal but needs colocalization before resourcing
635	Gonarthrosis	Musculoskeletal	Protein EVI2B	EVI2B	CD markers, Predicted membrane proteins	Immune-cell-enriched	Measured (Olink Explore panel)	NA (train PIRS)	NA	NA (train PIRS)	NA (train PIRS)	NA (train PIRS)	NA (train PIRS)	0.736	1.85e-03	yes	0.0	no	no	no	not tested	not an approved target	Low-moderate	2.38	3	Causal nomination (MR only)	Causal-only (PIRS not trained)	Agonize (protective; intracellular route caution)	Target nomination (causal, needs coloc)	Panel B/C (performance + signature)	Transcript-to-protein bridge: acquire cis-pQTL, test colocalization	Nominate: causal but needs colocalization before resourcing
636	Fibroblastic disorders	Musculoskeletal	Fibroblast growth factor receptor 2	FGFR2	Cancer-related genes, CD markers, Disease related genes, Enzymes, FDA approved drug targets, Human disease related genes, Plasma proteins, Predicted intracellular proteins, Predicted membrane proteins, Predicted secreted proteins, RAS pathway related proteins	Immune-cell-enriched	High (secreted to blood)	NA (train PIRS)	NA	NA (train PIRS)	NA (train PIRS)	NA (train PIRS)	NA (train PIRS)	0.855	1.31e-02	yes	0.0	no	no	no	not tested	not an approved target	High (FDA-precedented class, tractable)	2.377	3	Causal nomination (MR only)	Causal-only (PIRS not trained)	Replace / decoy-receptor or agonist (protective, soluble)	Target nomination (causal, needs coloc)	Panel B/C (performance + signature)	Transcript-to-protein bridge: acquire cis-pQTL, test colocalization	Nominate: causal but needs colocalization before resourcing
637	Glaucoma	Ophthalmological	Spondin-2	SPON2	Plasma proteins, Predicted intracellular proteins, Predicted secreted proteins	Immune-cell-enriched	High (secreted to blood)	NA (train PIRS)	NA	NA (train PIRS)	NA (train PIRS)	NA (train PIRS)	NA (train PIRS)	1.272	3.65e-02	yes	0.75	no	no	no	not tested	not an approved target	Low-moderate	2.371	3	Causal nomination (MR only)	Causal-only (PIRS not trained)	Block (antagonist / neutralizing antibody / small molecule)	Target nomination (causal, needs coloc)	Panel B/C (performance + signature)	Transcript-to-protein bridge: acquire cis-pQTL, test colocalization	Nominate: causal but needs colocalization before resourcing
638	Other hammer toe(s) (acquired)	Musculoskeletal	Endothelial protein C receptor	PROCR	Candidate cardiovascular disease genes, CD markers, FDA approved drug targets, Plasma proteins, Predicted intracellular proteins, Predicted membrane proteins	Immune-cell-enriched	High (soluble receptor / shed)	NA (train PIRS)	NA	NA (train PIRS)	NA (train PIRS)	NA (train PIRS)	NA (train PIRS)	1.719	1.57e-02	yes	0.0	no	no	no	not tested	not an approved target	High (FDA-precedented class, tractable)	2.361	3	Causal nomination (MR only)	Causal-only (PIRS not trained)	Block (antagonist / neutralizing antibody / small molecule)	Target nomination (causal, needs coloc)	Panel B/C (performance + signature)	Transcript-to-protein bridge: acquire cis-pQTL, test colocalization	Nominate: causal but needs colocalization before resourcing
639	Any dementia (more control exclusions)	Other	Testis-expressed protein 101	TEX101	Predicted membrane proteins, Predicted secreted proteins	Immune-cell-enriched	High (secreted to blood)	NA (train PIRS)	NA	NA (train PIRS)	NA (train PIRS)	NA (train PIRS)	NA (train PIRS)	1.333	3.84e-04	yes	0.0	no	no	no	not tested	not an approved target	Moderate	2.35	3	Causal nomination (MR only)	Causal-only (PIRS not trained)	Block (antagonist / neutralizing antibody / small molecule)	Target nomination (causal, needs coloc)	Panel B/C (performance + signature)	Transcript-to-protein bridge: acquire cis-pQTL, test colocalization	Nominate: causal but needs colocalization before resourcing
640	Angina pectoris	Cardiovascular	Endothelial protein C receptor	PROCR	Candidate cardiovascular disease genes, CD markers, FDA approved drug targets, Plasma proteins, Predicted intracellular proteins, Predicted membrane proteins	Immune-cell-enriched	High (soluble receptor / shed)	NA (train PIRS)	NA	NA (train PIRS)	NA (train PIRS)	NA (train PIRS)	NA (train PIRS)	0.782	1.83e-02	yes	0.002	no	no	no	not tested	not an approved target	High (FDA-precedented class, tractable)	2.35	3	Causal nomination (MR only)	Causal-only (PIRS not trained)	Replace / decoy-receptor or agonist (protective, soluble)	Target nomination (causal, needs coloc)	Panel B/C (performance + signature)	Transcript-to-protein bridge: acquire cis-pQTL, test colocalization	Nominate: causal but needs colocalization before resourcing
641	Noninfective enteritis and colitis	Gastrointestinal	MAP kinase-activated protein kinase 2	MAPKAPK2	Cancer-related genes, Enzymes, Predicted membrane proteins	Immune-cell-enriched	Measured (Olink Explore panel)	NA (train PIRS)	NA	NA (train PIRS)	NA (train PIRS)	NA (train PIRS)	NA (train PIRS)	1.578	8.50e-06	yes	0.0	no	no	no	not tested	not an approved target	Low-moderate	2.347	3	Causal nomination (MR only)	Causal-only (PIRS not trained)	Block (antagonist / neutralizing antibody / small molecule)	Target nomination (causal, needs coloc)	Panel B/C (performance + signature)	Transcript-to-protein bridge: acquire cis-pQTL, test colocalization	Nominate: causal but needs colocalization before resourcing
642	Major coronary heart disease event	Cardiovascular	Lipoprotein lipase	LPL	Candidate cardiovascular disease genes, Disease related genes, Enzymes, FDA approved drug targets, Human disease related genes, Metabolic proteins, Plasma proteins, Predicted intracellular proteins, Predicted secreted proteins	Immune-cell-enriched	High (secreted to blood)	NA (train PIRS)	NA	NA (train PIRS)	NA (train PIRS)	NA (train PIRS)	NA (train PIRS)	0.932	1.86e-02	yes	0.0	no	no	no	replicated (FinnGen + UK Biobank)	not an approved target	High (FDA-precedented class, tractable)	2.346	3	Causal nomination (MR only)	Causal-only (PIRS not trained)	Agonize / recombinant-protein replacement (protective, secreted)	Target nomination (causal, needs coloc)	Panel B/C (performance + signature)	Transcript-to-protein bridge: acquire cis-pQTL, test colocalization	Nominate: causal but needs colocalization before resourcing
643	Diabetes, insulin treatment (Kela reimbursement) (more control exclusions)	Metabolic/Endocrine	Protein EVI2B	EVI2B	CD markers, Predicted membrane proteins	Immune-cell-enriched	Measured (Olink Explore panel)	NA (train PIRS)	NA	NA (train PIRS)	NA (train PIRS)	NA (train PIRS)	NA (train PIRS)	0.767	3.11e-03	yes	0.004	no	no	no	not tested	not an approved target	Low-moderate	2.339	3	Causal nomination (MR only)	Causal-only (PIRS not trained)	Agonize (protective; intracellular route caution)	Target nomination (causal, needs coloc)	Panel B/C (performance + signature)	Transcript-to-protein bridge: acquire cis-pQTL, test colocalization	Nominate: causal but needs colocalization before resourcing
644	Palmar fascial fibromatosis [Dupuytren]	Musculoskeletal	Fibroblast growth factor receptor 2	FGFR2	Cancer-related genes, CD markers, Disease related genes, Enzymes, FDA approved drug targets, Human disease related genes, Plasma proteins, Predicted intracellular proteins, Predicted membrane proteins, Predicted secreted proteins, RAS pathway related proteins	Immune-cell-enriched	High (secreted to blood)	NA (train PIRS)	NA	NA (train PIRS)	NA (train PIRS)	NA (train PIRS)	NA (train PIRS)	0.825	2.19e-02	yes	0.0	no	no	no	not tested	not an approved target	High (FDA-precedented class, tractable)	2.332	3	Causal nomination (MR only)	Causal-only (PIRS not trained)	Replace / decoy-receptor or agonist (protective, soluble)	Target nomination (causal, needs coloc)	Panel B/C (performance + signature)	Transcript-to-protein bridge: acquire cis-pQTL, test colocalization	Nominate: causal but needs colocalization before resourcing
645	Meniscus derangement	Musculoskeletal	Endothelial protein C receptor	PROCR	Candidate cardiovascular disease genes, CD markers, FDA approved drug targets, Plasma proteins, Predicted intracellular proteins, Predicted membrane proteins	Immune-cell-enriched	High (soluble receptor / shed)	NA (train PIRS)	NA	NA (train PIRS)	NA (train PIRS)	NA (train PIRS)	NA (train PIRS)	1.3	2.41e-02	yes	0.0	no	no	no	not tested	not an approved target	High (FDA-precedented class, tractable)	2.324	3	Causal nomination (MR only)	Causal-only (PIRS not trained)	Block (antagonist / neutralizing antibody / small molecule)	Target nomination (causal, needs coloc)	Panel B/C (performance + signature)	Transcript-to-protein bridge: acquire cis-pQTL, test colocalization	Nominate: causal but needs colocalization before resourcing
646	Primary gonarthrosis, bilateral	Musculoskeletal	Protein EVI2B	EVI2B	CD markers, Predicted membrane proteins	Immune-cell-enriched	Measured (Olink Explore panel)	NA (train PIRS)	NA	NA (train PIRS)	NA (train PIRS)	NA (train PIRS)	NA (train PIRS)	0.659	7.15e-03	yes	0.054	no	no	no	not tested	not an approved target	Low-moderate	2.317	3	Causal nomination (MR only)	Causal-only (PIRS not trained)	Agonize (protective; intracellular route caution)	Target nomination (causal, needs coloc)	Panel B/C (performance + signature)	Transcript-to-protein bridge: acquire cis-pQTL, test colocalization	Nominate: causal but needs colocalization before resourcing
647	Ulcerative colitis, NAS	Gastrointestinal	MAP kinase-activated protein kinase 2	MAPKAPK2	Cancer-related genes, Enzymes, Predicted membrane proteins	Immune-cell-enriched	Measured (Olink Explore panel)	NA (train PIRS)	NA	NA (train PIRS)	NA (train PIRS)	NA (train PIRS)	NA (train PIRS)	2.378	1.33e-05	yes	0.0	no	no	no	not tested	not an approved target	Low-moderate	2.308	3	Causal nomination (MR only)	Causal-only (PIRS not trained)	Block (antagonist / neutralizing antibody / small molecule)	Target nomination (causal, needs coloc)	Panel B/C (performance + signature)	Transcript-to-protein bridge: acquire cis-pQTL, test colocalization	Nominate: causal but needs colocalization before resourcing
648	Antihypertensive medication - note that there are other indications	Medication/Other	Tumor necrosis factor receptor superfamily member 16	NGFR	Cancer-related genes, CD markers, Predicted intracellular proteins, Predicted membrane proteins, RAS pathway related proteins, Transporters	Immune-cell-enriched	High (soluble receptor / shed)	NA (train PIRS)	NA	NA (train PIRS)	NA (train PIRS)	NA (train PIRS)	NA (train PIRS)	0.63	1.44e-05	yes	0.0	no	no	no	not tested	not an approved target	Low-moderate	2.302	3	Causal nomination (MR only)	Causal-only (PIRS not trained)	Replace / decoy-receptor or agonist (protective, soluble)	Target nomination (causal, needs coloc)	Panel B/C (performance + signature)	Transcript-to-protein bridge: acquire cis-pQTL, test colocalization	Nominate: causal but needs colocalization before resourcing
649	Diseases of veins, lymphatic vessels and lymph nodes, not elsewhere classified	Cardiovascular	Pro-adrenomedullin	ADM	Cancer-related genes, Plasma proteins, Predicted intracellular proteins, Predicted secreted proteins	Immune-cell-enriched	High (secreted to blood)	NA (train PIRS)	NA	NA (train PIRS)	NA (train PIRS)	NA (train PIRS)	NA (train PIRS)	1.089	6.12e-03	yes	0.021	no	no	no	replicated (FinnGen + UK Biobank)	not an approved target	Low-moderate	2.297	3	Causal nomination (MR only)	Causal-only (PIRS not trained)	Block (antagonist / neutralizing antibody / small molecule)	Target nomination (causal, needs coloc)	Panel B/C (performance + signature)	Transcript-to-protein bridge: acquire cis-pQTL, test colocalization	Nominate: causal but needs colocalization before resourcing
650	Nasal polyp	Respiratory	Matrix remodeling-associated protein 8	MXRA8	Predicted membrane proteins	Immune-cell-enriched	Measured (Olink Explore panel)	NA (train PIRS)	NA	NA (train PIRS)	NA (train PIRS)	NA (train PIRS)	NA (train PIRS)	2.467	2.44e-02	yes	0.641	no	no	no	not tested	not an approved target	Low-moderate	2.297	3	Causal nomination (MR only)	Causal-only (PIRS not trained)	Block (antagonist / neutralizing antibody / small molecule)	Target nomination (causal, needs coloc)	Panel B/C (performance + signature)	Transcript-to-protein bridge: acquire cis-pQTL, test colocalization	Nominate: causal but needs colocalization before resourcing
651	Arthrosis	Musculoskeletal	Protein EVI2B	EVI2B	CD markers, Predicted membrane proteins	Immune-cell-enriched	Measured (Olink Explore panel)	NA (train PIRS)	NA	NA (train PIRS)	NA (train PIRS)	NA (train PIRS)	NA (train PIRS)	0.785	4.97e-03	yes	0.001	no	no	no	replicated (FinnGen + UK Biobank)	not an approved target	Low-moderate	2.295	3	Causal nomination (MR only)	Causal-only (PIRS not trained)	Agonize (protective; intracellular route caution)	Target nomination (causal, needs coloc)	Panel B/C (performance + signature)	Transcript-to-protein bridge: acquire cis-pQTL, test colocalization	Nominate: causal but needs colocalization before resourcing
652	Varicose veins	Cardiovascular	Synaptic vesicle membrane protein VAT-1 homolog	VAT1	Plasma proteins, Predicted intracellular proteins	Immune-cell-enriched	Measured (Olink Explore panel)	NA (train PIRS)	NA	NA (train PIRS)	NA (train PIRS)	NA (train PIRS)	NA (train PIRS)	0.866	6.37e-04	yes	0.152	no	no	no	replicated (FinnGen + UK Biobank)	not an approved target	Uncertain	2.291	3	Causal nomination (MR only)	Causal-only (PIRS not trained)	Agonize (protective; intracellular route caution)	Target nomination (causal, needs coloc)	Panel B/C (performance + signature)	Transcript-to-protein bridge: acquire cis-pQTL, test colocalization	Nominate: causal but needs colocalization before resourcing
653	Flat foot [pes planus] (acquired)	Musculoskeletal	Endothelial protein C receptor	PROCR	Candidate cardiovascular disease genes, CD markers, FDA approved drug targets, Plasma proteins, Predicted intracellular proteins, Predicted membrane proteins	Immune-cell-enriched	High (soluble receptor / shed)	NA (train PIRS)	NA	NA (train PIRS)	NA (train PIRS)	NA (train PIRS)	NA (train PIRS)	1.998	3.70e-02	yes	0.0	no	no	no	not tested	not an approved target	High (FDA-precedented class, tractable)	2.286	3	Causal nomination (MR only)	Causal-only (PIRS not trained)	Block (antagonist / neutralizing antibody / small molecule)	Target nomination (causal, needs coloc)	Panel B/C (performance + signature)	Transcript-to-protein bridge: acquire cis-pQTL, test colocalization	Nominate: causal but needs colocalization before resourcing
654	Antihypertensive medication - note that there are other indications	Medication/Other	Pro-adrenomedullin	ADM	Cancer-related genes, Plasma proteins, Predicted intracellular proteins, Predicted secreted proteins	Immune-cell-enriched	High (secreted to blood)	NA (train PIRS)	NA	NA (train PIRS)	NA (train PIRS)	NA (train PIRS)	NA (train PIRS)	1.07	5.59e-03	yes	0.0	no	no	no	not tested	not an approved target	Low-moderate	2.284	3	Causal nomination (MR only)	Causal-only (PIRS not trained)	Block (antagonist / neutralizing antibody / small molecule)	Target nomination (causal, needs coloc)	Panel B/C (performance + signature)	Transcript-to-protein bridge: acquire cis-pQTL, test colocalization	Nominate: causal but needs colocalization before resourcing
655	Hypertension	Cardiovascular	Interleukin-1 receptor antagonist protein	IL1RN	Cancer-related genes, Candidate cardiovascular disease genes, Disease related genes, Human disease related genes, Plasma proteins, Predicted intracellular proteins, Predicted secreted proteins	Cytokine/Interleukin	High (secreted to blood)	NA (train PIRS)	NA	NA (train PIRS)	NA (train PIRS)	NA (train PIRS)	NA (train PIRS)	0.831	4.35e-02	yes	0.178	no	no	no	not tested	not an approved target	Low-moderate	2.284	3	Causal nomination (MR only)	Causal-only (PIRS not trained)	Replace / decoy-receptor or agonist (protective, soluble)	Target nomination (causal, needs coloc)	Panel B/C (performance + signature)	Transcript-to-protein bridge: acquire cis-pQTL, test colocalization	Nominate: causal but needs colocalization before resourcing
656	Other heart diseases	Cardiovascular	Pro-adrenomedullin	ADM	Cancer-related genes, Plasma proteins, Predicted intracellular proteins, Predicted secreted proteins	Immune-cell-enriched	High (secreted to blood)	NA (train PIRS)	NA	NA (train PIRS)	NA (train PIRS)	NA (train PIRS)	NA (train PIRS)	1.091	2.17e-02	yes	0.112	no	no	no	not tested	not an approved target	Low-moderate	2.278	3	Causal nomination (MR only)	Causal-only (PIRS not trained)	Block (antagonist / neutralizing antibody / small molecule)	Target nomination (causal, needs coloc)	Panel B/C (performance + signature)	Transcript-to-protein bridge: acquire cis-pQTL, test colocalization	Nominate: causal but needs colocalization before resourcing
657	Hernia	Gastrointestinal	Protein EVI2B	EVI2B	CD markers, Predicted membrane proteins	Immune-cell-enriched	Measured (Olink Explore panel)	NA (train PIRS)	NA	NA (train PIRS)	NA (train PIRS)	NA (train PIRS)	NA (train PIRS)	1.256	3.98e-02	yes	0.155	no	no	no	not tested	not an approved target	Low-moderate	2.269	3	Causal nomination (MR only)	Causal-only (PIRS not trained)	Block (antagonist / neutralizing antibody / small molecule)	Target nomination (causal, needs coloc)	Panel B/C (performance + signature)	Transcript-to-protein bridge: acquire cis-pQTL, test colocalization	Nominate: causal but needs colocalization before resourcing
658	Type 2 diabetes, definitions combined	Metabolic/Endocrine	Aminopeptidase N	ANPEP	CD markers, Enzymes, Metabolic proteins, Plasma proteins, Predicted membrane proteins	Immune-cell-enriched	Measured (Olink Explore panel)	NA (train PIRS)	NA	NA (train PIRS)	NA (train PIRS)	NA (train PIRS)	NA (train PIRS)	1.048	2.21e-05	yes	0.0	no	no	no	replicated (FinnGen + UK Biobank)	not an approved target	Low-moderate	2.265	3	Causal nomination (MR only)	Causal-only (PIRS not trained)	Block (antagonist / neutralizing antibody / small molecule)	Target nomination (causal, needs coloc)	Panel B/C (performance + signature)	Transcript-to-protein bridge: acquire cis-pQTL, test colocalization	Nominate: causal but needs colocalization before resourcing
659	Gonarthrosis, primary, with knee surgery	Musculoskeletal	Protein EVI2B	EVI2B	CD markers, Predicted membrane proteins	Immune-cell-enriched	Measured (Olink Explore panel)	NA (train PIRS)	NA	NA (train PIRS)	NA (train PIRS)	NA (train PIRS)	NA (train PIRS)	0.675	8.81e-03	yes	0.021	no	no	no	not tested	not an approved target	Low-moderate	2.265	3	Causal nomination (MR only)	Causal-only (PIRS not trained)	Agonize (protective; intracellular route caution)	Target nomination (causal, needs coloc)	Panel B/C (performance + signature)	Transcript-to-protein bridge: acquire cis-pQTL, test colocalization	Nominate: causal but needs colocalization before resourcing
660	Colon adenocarcinoma, excluding all cancers (controls excluding all cancers)	Neoplasm	Caspase-3	CASP3	Cancer-related genes, Enzymes, FDA approved drug targets, Plasma proteins, Predicted intracellular proteins	Immune-cell-enriched	Measured (Olink Explore panel)	NA (train PIRS)	NA	NA (train PIRS)	NA (train PIRS)	NA (train PIRS)	NA (train PIRS)	0.757	3.83e-02	yes	0.313	no	no	no	not tested	not an approved target	Moderate	2.263	3	Causal nomination (MR only)	Causal-only (PIRS not trained)	Agonize (protective; intracellular route caution)	Target nomination (causal, needs coloc)	Panel B/C (performance + signature)	Transcript-to-protein bridge: acquire cis-pQTL, test colocalization	Nominate: causal but needs colocalization before resourcing
661	Diverticular disease of intestine	Gastrointestinal	Syntaxin-3	STX3	Disease related genes, Potential drug targets, Predicted intracellular proteins, Predicted membrane proteins, Transporters	Immune-cell-enriched	Measured (Olink Explore panel)	NA (train PIRS)	NA	NA (train PIRS)	NA (train PIRS)	NA (train PIRS)	NA (train PIRS)	0.827	1.46e-02	yes	0.555	no	no	no	not tested	not an approved target	Low-moderate	2.256	3	Causal nomination (MR only)	Causal-only (PIRS not trained)	Agonize (protective; intracellular route caution)	Target nomination (causal, needs coloc)	Panel B/C (performance + signature)	Transcript-to-protein bridge: acquire cis-pQTL, test colocalization	Nominate: causal but needs colocalization before resourcing
662	Spermatocele	Renal/Genitourinary	Interleukin-1 receptor antagonist protein	IL1RN	Cancer-related genes, Candidate cardiovascular disease genes, Disease related genes, Human disease related genes, Plasma proteins, Predicted intracellular proteins, Predicted secreted proteins	Cytokine/Interleukin	High (secreted to blood)	NA (train PIRS)	NA	NA (train PIRS)	NA (train PIRS)	NA (train PIRS)	NA (train PIRS)	0.33	8.44e-03	yes	0.0	no	no	no	not tested	not an approved target	Low-moderate	2.248	3	Causal nomination (MR only)	Causal-only (PIRS not trained)	Replace / decoy-receptor or agonist (protective, soluble)	Target nomination (causal, needs coloc)	Panel B/C (performance + signature)	Transcript-to-protein bridge: acquire cis-pQTL, test colocalization	Nominate: causal but needs colocalization before resourcing
663	Cardiovascular diseases (excluding rheumatic etc)	Cardiovascular	Pro-adrenomedullin	ADM	Cancer-related genes, Plasma proteins, Predicted intracellular proteins, Predicted secreted proteins	Immune-cell-enriched	High (secreted to blood)	NA (train PIRS)	NA	NA (train PIRS)	NA (train PIRS)	NA (train PIRS)	NA (train PIRS)	1.07	8.81e-03	yes	0.001	no	no	no	not tested	not an approved target	Low-moderate	2.246	3	Causal nomination (MR only)	Causal-only (PIRS not trained)	Block (antagonist / neutralizing antibody / small molecule)	Target nomination (causal, needs coloc)	Panel B/C (performance + signature)	Transcript-to-protein bridge: acquire cis-pQTL, test colocalization	Nominate: causal but needs colocalization before resourcing
664	Pulmonary embolism	Cardiovascular	Tetraspanin-15	TSPAN15	Predicted membrane proteins, Transporters	Immune-cell-enriched	Measured (Olink Explore panel)	NA (train PIRS)	NA	NA (train PIRS)	NA (train PIRS)	NA (train PIRS)	NA (train PIRS)	0.632	9.43e-08	yes	0.0	no	no	no	not tested	not an approved target	Low-moderate	2.238	3	Causal nomination (MR only)	Causal-only (PIRS not trained)	Agonize (protective; intracellular route caution)	Target nomination (causal, needs coloc)	Panel B/C (performance + signature)	Transcript-to-protein bridge: acquire cis-pQTL, test colocalization	Nominate: causal but needs colocalization before resourcing
665	Hypertension, essential	Cardiovascular	Pro-adrenomedullin	ADM	Cancer-related genes, Plasma proteins, Predicted intracellular proteins, Predicted secreted proteins	Immune-cell-enriched	High (secreted to blood)	NA (train PIRS)	NA	NA (train PIRS)	NA (train PIRS)	NA (train PIRS)	NA (train PIRS)	1.074	1.23e-02	yes	0.0	no	no	no	not tested	not an approved target	Low-moderate	2.216	3	Causal nomination (MR only)	Causal-only (PIRS not trained)	Block (antagonist / neutralizing antibody / small molecule)	Target nomination (causal, needs coloc)	Panel B/C (performance + signature)	Transcript-to-protein bridge: acquire cis-pQTL, test colocalization	Nominate: causal but needs colocalization before resourcing
666	Other and unspecified coagulation defects	Haematological/Immune	P-selectin	SELP	Cancer-related genes, Candidate cardiovascular disease genes, CD markers, Disease related genes, FDA approved drug targets, Plasma proteins, Predicted intracellular proteins, Predicted membrane proteins	Immune-cell-enriched	Measured (Olink Explore panel)	NA (train PIRS)	NA	NA (train PIRS)	NA (train PIRS)	NA (train PIRS)	NA (train PIRS)	5.868	2.77e-04	yes	0.0	no	no	no	not tested	not an approved target	High (FDA-precedented class, tractable)	2.212	3	Causal nomination (MR only)	Causal-only (PIRS not trained)	Block (antagonist / neutralizing antibody / small molecule)	Target nomination (causal, needs coloc)	Panel B/C (performance + signature)	Transcript-to-protein bridge: acquire cis-pQTL, test colocalization	Nominate: causal but needs colocalization before resourcing
667	Hypertension	Cardiovascular	Pro-adrenomedullin	ADM	Cancer-related genes, Plasma proteins, Predicted intracellular proteins, Predicted secreted proteins	Immune-cell-enriched	High (secreted to blood)	NA (train PIRS)	NA	NA (train PIRS)	NA (train PIRS)	NA (train PIRS)	NA (train PIRS)	1.07	1.40e-02	yes	0.0	no	no	no	not tested	not an approved target	Low-moderate	2.204	3	Causal nomination (MR only)	Causal-only (PIRS not trained)	Block (antagonist / neutralizing antibody / small molecule)	Target nomination (causal, needs coloc)	Panel B/C (performance + signature)	Transcript-to-protein bridge: acquire cis-pQTL, test colocalization	Nominate: causal but needs colocalization before resourcing
668	Female genital prolapse	Renal/Genitourinary	Pro-adrenomedullin	ADM	Cancer-related genes, Plasma proteins, Predicted intracellular proteins, Predicted secreted proteins	Immune-cell-enriched	High (secreted to blood)	NA (train PIRS)	NA	NA (train PIRS)	NA (train PIRS)	NA (train PIRS)	NA (train PIRS)	1.156	1.70e-02	yes	0.012	no	no	no	not tested	not an approved target	Low-moderate	2.199	3	Causal nomination (MR only)	Causal-only (PIRS not trained)	Block (antagonist / neutralizing antibody / small molecule)	Target nomination (causal, needs coloc)	Panel B/C (performance + signature)	Transcript-to-protein bridge: acquire cis-pQTL, test colocalization	Nominate: causal but needs colocalization before resourcing
669	Chronic diseases of tonsils and adenoids	Respiratory	Prolow-density lipoprotein receptor-related protein 1	LRP1	Candidate cardiovascular disease genes, CD markers, Disease related genes, Human disease related genes, Plasma proteins, Potential drug targets, Predicted intracellular proteins, Predicted membrane proteins, Transporters	Immune-cell-enriched	High (soluble receptor / shed)	NA (train PIRS)	NA	NA (train PIRS)	NA (train PIRS)	NA (train PIRS)	NA (train PIRS)	1.92	1.37e-04	yes	0.079	no	no	no	not tested	not an approved target	Low-moderate	2.185	3	Causal nomination (MR only)	Causal-only (PIRS not trained)	Block (antagonist / neutralizing antibody / small molecule)	Target nomination (causal, needs coloc)	Panel B/C (performance + signature)	Transcript-to-protein bridge: acquire cis-pQTL, test colocalization	Nominate: causal but needs colocalization before resourcing
670	Pure hypercholesterolaemia	Metabolic/Endocrine	Sortilin	SORT1	Disease related genes, Potential drug targets, Predicted intracellular proteins, Predicted membrane proteins, Transporters	Immune-cell-enriched	Measured (Olink Explore panel)	NA (train PIRS)	NA	NA (train PIRS)	NA (train PIRS)	NA (train PIRS)	NA (train PIRS)	0.599	7.44e-05	yes	0.0	no	no	no	not tested	not an approved target	Low-moderate	2.159	3	Causal nomination (MR only)	Causal-only (PIRS not trained)	Agonize (protective; intracellular route caution)	Target nomination (causal, needs coloc)	Panel B/C (performance + signature)	Transcript-to-protein bridge: acquire cis-pQTL, test colocalization	Nominate: causal but needs colocalization before resourcing
671	Other coagulation defects	Haematological/Immune	Lymphotactin	XCL1	Predicted secreted proteins	Chemokine axis	High (secreted to blood)	NA (train PIRS)	NA	NA (train PIRS)	NA (train PIRS)	NA (train PIRS)	NA (train PIRS)	1.556	2.53e-07	yes	0.0	no	no	no	not tested	not an approved target	Low-moderate	2.153	3	Causal nomination (MR only)	Causal-only (PIRS not trained)	Block (antagonist / neutralizing antibody / small molecule)	Target nomination (causal, needs coloc)	Panel B/C (performance + signature)	Transcript-to-protein bridge: acquire cis-pQTL, test colocalization	Nominate: causal but needs colocalization before resourcing
672	Glaucoma	Ophthalmological	Annexin A11	ANXA11	Cancer-related genes, Disease related genes, Human disease related genes, Plasma proteins, Potential drug targets, Predicted intracellular proteins, Transporters	Immune-cell-enriched	Measured (Olink Explore panel)	NA (train PIRS)	NA	NA (train PIRS)	NA (train PIRS)	NA (train PIRS)	NA (train PIRS)	1.192	6.43e-04	yes	0.004	no	no	no	replicated (FinnGen + UK Biobank)	not an approved target	Uncertain	2.143	3	Causal nomination (MR only)	Causal-only (PIRS not trained)	Block (antagonist / neutralizing antibody / small molecule)	Target nomination (causal, needs coloc)	Panel B/C (performance + signature)	Transcript-to-protein bridge: acquire cis-pQTL, test colocalization	Nominate: causal but needs colocalization before resourcing
673	Hypertension	Cardiovascular	Tumor necrosis factor receptor superfamily member 16	NGFR	Cancer-related genes, CD markers, Predicted intracellular proteins, Predicted membrane proteins, RAS pathway related proteins, Transporters	Immune-cell-enriched	High (soluble receptor / shed)	NA (train PIRS)	NA	NA (train PIRS)	NA (train PIRS)	NA (train PIRS)	NA (train PIRS)	0.633	1.02e-04	yes	0.002	no	no	no	not tested	not an approved target	Low-moderate	2.134	3	Causal nomination (MR only)	Causal-only (PIRS not trained)	Replace / decoy-receptor or agonist (protective, soluble)	Target nomination (causal, needs coloc)	Panel B/C (performance + signature)	Transcript-to-protein bridge: acquire cis-pQTL, test colocalization	Nominate: causal but needs colocalization before resourcing
674	Diabetes, insulin treatment (Kela reimbursement) (more control exclusions)	Metabolic/Endocrine	Aminopeptidase N	ANPEP	CD markers, Enzymes, Metabolic proteins, Plasma proteins, Predicted membrane proteins	Immune-cell-enriched	Measured (Olink Explore panel)	NA (train PIRS)	NA	NA (train PIRS)	NA (train PIRS)	NA (train PIRS)	NA (train PIRS)	1.047	1.02e-04	yes	0.001	no	no	no	not tested	not an approved target	Low-moderate	2.132	3	Causal nomination (MR only)	Causal-only (PIRS not trained)	Block (antagonist / neutralizing antibody / small molecule)	Target nomination (causal, needs coloc)	Panel B/C (performance + signature)	Transcript-to-protein bridge: acquire cis-pQTL, test colocalization	Nominate: causal but needs colocalization before resourcing
675	Angina pectoris	Cardiovascular	Low-density lipoprotein receptor	LDLR	Disease related genes, Human disease related genes, Metabolic proteins, Plasma proteins, Predicted intracellular proteins, Predicted membrane proteins	Immune-cell-enriched	High (soluble receptor / shed)	NA (train PIRS)	NA	NA (train PIRS)	NA (train PIRS)	NA (train PIRS)	NA (train PIRS)	0.569	3.20e-02	yes	0.0	no	yes (concordant, protein-level)	no	not tested	not an approved target	Low-moderate	2.132	3	Causal nomination (MR only)	Causal-only (PIRS not trained)	Replace / decoy-receptor or agonist (protective, soluble)	Target nomination (causal, needs coloc)	Panel B/C (performance + signature)	Transcript-to-protein bridge: acquire cis-pQTL, test colocalization	Nominate: causal but needs colocalization before resourcing
676	Diabetes, insulin treatment (Kela reimbursement) (more control exclusions)	Metabolic/Endocrine	Leukemia inhibitory factor	LIF	Cancer-related genes, Plasma proteins, Predicted intracellular proteins, Predicted secreted proteins	Cytokine/Interleukin	High (secreted to blood)	NA (train PIRS)	NA	NA (train PIRS)	NA (train PIRS)	NA (train PIRS)	NA (train PIRS)	2.071	3.47e-02	yes	0.004	no	no	no	not tested	not an approved target	Low-moderate	2.129	3	Causal nomination (MR only)	Causal-only (PIRS not trained)	Block (antagonist / neutralizing antibody / small molecule)	Target nomination (causal, needs coloc)	Panel B/C (performance + signature)	Transcript-to-protein bridge: acquire cis-pQTL, test colocalization	Nominate: causal but needs colocalization before resourcing
677	Antihypertensive medication - note that there are other indications	Medication/Other	Latent-transforming growth factor beta-binding protein 2	LTBP2	Disease related genes, Human disease related genes, Plasma proteins, Predicted intracellular proteins, Predicted secreted proteins	Cytokine/Interleukin	High (secreted to blood)	NA (train PIRS)	NA	NA (train PIRS)	NA (train PIRS)	NA (train PIRS)	NA (train PIRS)	0.869	4.27e-02	yes	0.021	no	no	no	not tested	not an approved target	Low-moderate	2.128	3	Causal nomination (MR only)	Causal-only (PIRS not trained)	Agonize / recombinant-protein replacement (protective, secreted)	Target nomination (causal, needs coloc)	Panel B/C (performance + signature)	Transcript-to-protein bridge: acquire cis-pQTL, test colocalization	Nominate: causal but needs colocalization before resourcing
678	Autoimmune diseases	Haematological/Immune	Interleukin-24	IL24	Cancer-related genes, Predicted intracellular proteins, Predicted secreted proteins	Cytokine/Interleukin	High (secreted to blood)	NA (train PIRS)	NA	NA (train PIRS)	NA (train PIRS)	NA (train PIRS)	NA (train PIRS)	1.151	2.80e-02	yes	0.48	no	no	no	not tested	not an approved target	Low-moderate	2.124	3	Causal nomination (MR only)	Causal-only (PIRS not trained)	Block (antagonist / neutralizing antibody / small molecule)	Target nomination (causal, needs coloc)	Panel B/C (performance + signature)	Transcript-to-protein bridge: acquire cis-pQTL, test colocalization	Nominate: causal but needs colocalization before resourcing
679	Inflammatory bowel disease, strict (require KELA)	Gastrointestinal	Interleukin-1 receptor type 1	IL1R1	Cancer-related genes, CD markers, Enzymes, FDA approved drug targets, Human disease related genes, Predicted membrane proteins, Predicted secreted proteins, Transporters	Cytokine/Interleukin	High (secreted to blood)	NA (train PIRS)	NA	NA (train PIRS)	NA (train PIRS)	NA (train PIRS)	NA (train PIRS)	1.738	2.18e-03	yes	0.076	no	no	no	not tested	not an approved target	High (FDA-precedented class, tractable)	2.109	3	Causal nomination (MR only)	Causal-only (PIRS not trained)	Block (antagonist / neutralizing antibody / small molecule)	Target nomination (causal, needs coloc)	Panel B/C (performance + signature)	Transcript-to-protein bridge: acquire cis-pQTL, test colocalization	Nominate: causal but needs colocalization before resourcing
680	Venous thromboembolism	Cardiovascular	Tetraspanin-15	TSPAN15	Predicted membrane proteins, Transporters	Immune-cell-enriched	Measured (Olink Explore panel)	NA (train PIRS)	NA	NA (train PIRS)	NA (train PIRS)	NA (train PIRS)	NA (train PIRS)	0.732	4.33e-07	yes	0.0	no	no	no	replicated (FinnGen + UK Biobank)	not an approved target	Low-moderate	2.106	3	Causal nomination (MR only)	Causal-only (PIRS not trained)	Agonize (protective; intracellular route caution)	Target nomination (causal, needs coloc)	Panel B/C (performance + signature)	Transcript-to-protein bridge: acquire cis-pQTL, test colocalization	Nominate: causal but needs colocalization before resourcing
681	Lichen ruber planus, wide definition including periferal and oral lichen planus	Gastrointestinal	Interleukin-18 receptor 1	IL18R1	CD markers, Enzymes, Plasma proteins, Predicted membrane proteins	Cytokine/Interleukin	High (soluble receptor / shed)	NA (train PIRS)	NA	NA (train PIRS)	NA (train PIRS)	NA (train PIRS)	NA (train PIRS)	0.81	4.96e-02	yes	0.002	no	no	no	not tested	not an approved target	Low-moderate	2.097	3	Causal nomination (MR only)	Causal-only (PIRS not trained)	Replace / decoy-receptor or agonist (protective, soluble)	Target nomination (causal, needs coloc)	Panel B/C (performance + signature)	Transcript-to-protein bridge: acquire cis-pQTL, test colocalization	Nominate: causal but needs colocalization before resourcing
682	Coagulation defects, purpura and other haemorrhagic conditions	Haematological/Immune	Sodium/potassium-transporting ATPase subunit beta-1	ATP1B1	Metabolic proteins, Predicted intracellular proteins, Predicted membrane proteins, Transporters	Immune-cell-enriched	Measured (Olink Explore panel)	NA (train PIRS)	NA	NA (train PIRS)	NA (train PIRS)	NA (train PIRS)	NA (train PIRS)	0.755	6.66e-07	yes	0.0	no	no	no	not tested	not an approved target	Low-moderate	2.069	3	Causal nomination (MR only)	Causal-only (PIRS not trained)	Agonize (protective; intracellular route caution)	Target nomination (causal, needs coloc)	Panel B/C (performance + signature)	Transcript-to-protein bridge: acquire cis-pQTL, test colocalization	Nominate: causal but needs colocalization before resourcing
683	Dementia in Alzheimer disease	Neurological/Psychiatric	Testis-expressed protein 101	TEX101	Predicted membrane proteins, Predicted secreted proteins	Immune-cell-enriched	High (secreted to blood)	NA (train PIRS)	NA	NA (train PIRS)	NA (train PIRS)	NA (train PIRS)	NA (train PIRS)	1.465	1.03e-02	yes	0.0	no	no	no	not tested	not an approved target	Moderate	2.064	3	Causal nomination (MR only)	Causal-only (PIRS not trained)	Block (antagonist / neutralizing antibody / small molecule)	Target nomination (causal, needs coloc)	Panel B/C (performance + signature)	Transcript-to-protein bridge: acquire cis-pQTL, test colocalization	Nominate: causal but needs colocalization before resourcing
684	Autoimmune diseases	Haematological/Immune	Complement C5	C5	Disease related genes, FDA approved drug targets, Human disease related genes, Plasma proteins, Predicted intracellular proteins, Predicted secreted proteins	Complement/Coagulation	High (secreted to blood)	NA (train PIRS)	NA	NA (train PIRS)	NA (train PIRS)	NA (train PIRS)	NA (train PIRS)	0.958	1.93e-03	yes	0.0	no	no	no	not tested	not an approved target	High (FDA-precedented class, tractable)	2.043	3	Causal nomination (MR only)	Causal-only (PIRS not trained)	Agonize / recombinant-protein replacement (protective, secreted)	Target nomination (causal, needs coloc)	Panel B/C (performance + signature)	Transcript-to-protein bridge: acquire cis-pQTL, test colocalization	Nominate: causal but needs colocalization before resourcing
685	Dermatitis and eczema	Dermatological	Protein kinase C theta type	PRKCQ	Cancer-related genes, Enzymes, FDA approved drug targets, Plasma proteins, Predicted intracellular proteins	Immune-cell-enriched	Measured (Olink Explore panel)	NA (train PIRS)	NA	NA (train PIRS)	NA (train PIRS)	NA (train PIRS)	NA (train PIRS)	0.831	1.31e-02	yes	0.0	no	no	no	not tested	not an approved target	Moderate	2.043	3	Causal nomination (MR only)	Causal-only (PIRS not trained)	Agonize (protective; intracellular route caution)	Target nomination (causal, needs coloc)	Panel B/C (performance + signature)	Transcript-to-protein bridge: acquire cis-pQTL, test colocalization	Nominate: causal but needs colocalization before resourcing
686	Coxarthrosis	Musculoskeletal	CCAAT/enhancer-binding protein beta	CEBPB	Predicted intracellular proteins, Transcription factors	Immune-cell-enriched	Measured (Olink Explore panel)	NA (train PIRS)	NA	NA (train PIRS)	NA (train PIRS)	NA (train PIRS)	NA (train PIRS)	1.36	3.16e-02	yes	0.739	no	no	no	not tested	not an approved target	Uncertain	2.039	3	Causal nomination (MR only)	Causal-only (PIRS not trained)	Block (antagonist / neutralizing antibody / small molecule)	Target nomination (causal, needs coloc)	Panel B/C (performance + signature)	Transcript-to-protein bridge: acquire cis-pQTL, test colocalization	Nominate: causal but needs colocalization before resourcing
687	Nasal polyp	Respiratory	Tumor necrosis factor receptor superfamily member 4	TNFRSF4	Cancer-related genes, CD markers, Disease related genes, Human disease related genes, Predicted intracellular proteins, Predicted membrane proteins	Immune checkpoint	High (soluble receptor / shed)	NA (train PIRS)	NA	NA (train PIRS)	NA (train PIRS)	NA (train PIRS)	NA (train PIRS)	0.743	4.53e-02	yes	0.416	no	no	no	not tested	not an approved target	Low-moderate	2.018	3	Causal nomination (MR only)	Causal-only (PIRS not trained)	Replace / decoy-receptor or agonist (protective, soluble)	Target nomination (causal, needs coloc)	Panel B/C (performance + signature)	Transcript-to-protein bridge: acquire cis-pQTL, test colocalization	Nominate: causal but needs colocalization before resourcing
688	Type 2 diabetes, definitions combined	Metabolic/Endocrine	Caspase-3	CASP3	Cancer-related genes, Enzymes, FDA approved drug targets, Plasma proteins, Predicted intracellular proteins	Immune-cell-enriched	Measured (Olink Explore panel)	NA (train PIRS)	NA	NA (train PIRS)	NA (train PIRS)	NA (train PIRS)	NA (train PIRS)	1.085	1.98e-02	yes	0.0	no	no	no	not tested	not an approved target	Moderate	2.007	3	Causal nomination (MR only)	Causal-only (PIRS not trained)	Block (antagonist / neutralizing antibody / small molecule)	Target nomination (causal, needs coloc)	Panel B/C (performance + signature)	Transcript-to-protein bridge: acquire cis-pQTL, test colocalization	Nominate: causal but needs colocalization before resourcing
689	Chronic lower respiratory diseases	Respiratory	Programmed cell death 1 ligand 1	CD274	Cancer-related genes, CD markers, Disease related genes, FDA approved drug targets, Predicted membrane proteins, Predicted secreted proteins, Transporters	Immune checkpoint	High (secreted to blood)	NA (train PIRS)	NA	NA (train PIRS)	NA (train PIRS)	NA (train PIRS)	NA (train PIRS)	1.165	3.06e-03	yes	0.0	no	no	no	not tested	not an approved target	High (FDA-precedented class, tractable)	2.003	3	Causal nomination (MR only)	Causal-only (PIRS not trained)	Block (antagonist / neutralizing antibody / small molecule)	Target nomination (causal, needs coloc)	Panel B/C (performance + signature)	Transcript-to-protein bridge: acquire cis-pQTL, test colocalization	Nominate: causal but needs colocalization before resourcing
690	Lichen ruber planus, wide definition including periferal and oral lichen planus	Gastrointestinal	Probable serine carboxypeptidase CPVL	CPVL	Enzymes, Predicted intracellular proteins	Immune-cell-enriched	Measured (Olink Explore panel)	NA (train PIRS)	NA	NA (train PIRS)	NA (train PIRS)	NA (train PIRS)	NA (train PIRS)	0.876	1.22e-02	yes	0.612	no	no	no	not tested	not an approved target	Uncertain	1.995	3	Causal nomination (MR only)	Causal-only (PIRS not trained)	Agonize (protective; intracellular route caution)	Target nomination (causal, needs coloc)	Panel B/C (performance + signature)	Transcript-to-protein bridge: acquire cis-pQTL, test colocalization	Nominate: causal but needs colocalization before resourcing
691	Autoimmune diseases excluding thyroid diseases	Haematological/Immune	Complement C5	C5	Disease related genes, FDA approved drug targets, Human disease related genes, Plasma proteins, Predicted intracellular proteins, Predicted secreted proteins	Complement/Coagulation	High (secreted to blood)	NA (train PIRS)	NA	NA (train PIRS)	NA (train PIRS)	NA (train PIRS)	NA (train PIRS)	0.949	3.39e-03	yes	0.0	no	no	no	not tested	not an approved target	High (FDA-precedented class, tractable)	1.994	3	Causal nomination (MR only)	Causal-only (PIRS not trained)	Agonize / recombinant-protein replacement (protective, secreted)	Target nomination (causal, needs coloc)	Panel B/C (performance + signature)	Transcript-to-protein bridge: acquire cis-pQTL, test colocalization	Nominate: causal but needs colocalization before resourcing
692	Cholelithiasis	Gastrointestinal	Proteinase-activated receptor 1	F2R	FDA approved drug targets, G-protein coupled receptors, Predicted intracellular proteins, Predicted membrane proteins, Transporters	Immune-cell-enriched	High (soluble receptor / shed)	NA (train PIRS)	NA	NA (train PIRS)	NA (train PIRS)	NA (train PIRS)	NA (train PIRS)	1.108	3.66e-03	yes	0.006	no	no	no	not tested	not an approved target	High (FDA-precedented class, tractable)	1.993	3	Causal nomination (MR only)	Causal-only (PIRS not trained)	Block (antagonist / neutralizing antibody / small molecule)	Target nomination (causal, needs coloc)	Panel B/C (performance + signature)	Transcript-to-protein bridge: acquire cis-pQTL, test colocalization	Nominate: causal but needs colocalization before resourcing
693	Hypothyroidism, strict autoimmune	Metabolic/Endocrine	Myosin light chain 6B	MYL6B	Plasma proteins, Predicted intracellular proteins	Immune-cell-enriched	Measured (Olink Explore panel)	NA (train PIRS)	NA	NA (train PIRS)	NA (train PIRS)	NA (train PIRS)	NA (train PIRS)	0.799	4.15e-03	yes	0.0	no	no	no	not tested	not an approved target	Uncertain	1.976	3	Causal nomination (MR only)	Causal-only (PIRS not trained)	Agonize (protective; intracellular route caution)	Target nomination (causal, needs coloc)	Panel B/C (performance + signature)	Transcript-to-protein bridge: acquire cis-pQTL, test colocalization	Nominate: causal but needs colocalization before resourcing
694	Alzheimer’s disease (Late onset) (more control exclusions)	Neurological/Psychiatric	Testis-expressed protein 101	TEX101	Predicted membrane proteins, Predicted secreted proteins	Immune-cell-enriched	High (secreted to blood)	NA (train PIRS)	NA	NA (train PIRS)	NA (train PIRS)	NA (train PIRS)	NA (train PIRS)	1.417	3.63e-02	yes	0.0	no	no	no	not tested	not an approved target	Moderate	1.955	3	Causal nomination (MR only)	Causal-only (PIRS not trained)	Block (antagonist / neutralizing antibody / small molecule)	Target nomination (causal, needs coloc)	Panel B/C (performance + signature)	Transcript-to-protein bridge: acquire cis-pQTL, test colocalization	Nominate: causal but needs colocalization before resourcing
695	Atrophic disorders of skin	Dermatological	Sphingomyelin phosphodiesterase 3	SMPD3	Enzymes, Metabolic proteins, Predicted intracellular proteins, Predicted membrane proteins	Immune-cell-enriched	Measured (Olink Explore panel)	NA (train PIRS)	NA	NA (train PIRS)	NA (train PIRS)	NA (train PIRS)	NA (train PIRS)	2.145	1.33e-02	yes	0.732	no	no	no	not tested	not an approved target	Low-moderate	1.941	3	Causal nomination (MR only)	Causal-only (PIRS not trained)	Block (antagonist / neutralizing antibody / small molecule)	Target nomination (causal, needs coloc)	Panel B/C (performance + signature)	Transcript-to-protein bridge: acquire cis-pQTL, test colocalization	Nominate: causal but needs colocalization before resourcing
696	Arthrosis	Musculoskeletal	CCAAT/enhancer-binding protein beta	CEBPB	Predicted intracellular proteins, Transcription factors	Immune-cell-enriched	Measured (Olink Explore panel)	NA (train PIRS)	NA	NA (train PIRS)	NA (train PIRS)	NA (train PIRS)	NA (train PIRS)	1.218	1.77e-02	yes	0.587	no	no	no	not tested	not an approved target	Uncertain	1.937	3	Causal nomination (MR only)	Causal-only (PIRS not trained)	Block (antagonist / neutralizing antibody / small molecule)	Target nomination (causal, needs coloc)	Panel B/C (performance + signature)	Transcript-to-protein bridge: acquire cis-pQTL, test colocalization	Nominate: causal but needs colocalization before resourcing
697	Hypertension	Cardiovascular	Clathrin interactor 1	CLINT1	Plasma proteins, Predicted intracellular proteins, Transporters	Immune-cell-enriched	Measured (Olink Explore panel)	NA (train PIRS)	NA	NA (train PIRS)	NA (train PIRS)	NA (train PIRS)	NA (train PIRS)	1.437	7.20e-03	yes	0.0	no	no	no	not tested	not an approved target	Uncertain	1.929	3	Causal nomination (MR only)	Causal-only (PIRS not trained)	Block (antagonist / neutralizing antibody / small molecule)	Target nomination (causal, needs coloc)	Panel B/C (performance + signature)	Transcript-to-protein bridge: acquire cis-pQTL, test colocalization	Nominate: causal but needs colocalization before resourcing
698	Sarcoidosis	Haematological/Immune	Annexin A11	ANXA11	Cancer-related genes, Disease related genes, Human disease related genes, Plasma proteins, Potential drug targets, Predicted intracellular proteins, Transporters	Immune-cell-enriched	Measured (Olink Explore panel)	NA (train PIRS)	NA	NA (train PIRS)	NA (train PIRS)	NA (train PIRS)	NA (train PIRS)	0.725	7.79e-03	yes	0.0	no	no	no	not covered	not an approved target	Uncertain	1.922	3	Causal nomination (MR only)	Causal-only (PIRS not trained)	Agonize (protective; intracellular route caution)	Target nomination (causal, needs coloc)	Panel B/C (performance + signature)	Transcript-to-protein bridge: acquire cis-pQTL, test colocalization	Nominate: causal but needs colocalization before resourcing
699	Pollen allergy	Respiratory	Interleukin-4 receptor subunit alpha	IL4R	Cancer-related genes, CD markers, FDA approved drug targets, Human disease related genes, Plasma proteins, Predicted intracellular proteins, Predicted membrane proteins, Predicted secreted proteins, Transporters	Cytokine/Interleukin	High (secreted to blood)	NA (train PIRS)	NA	NA (train PIRS)	NA (train PIRS)	NA (train PIRS)	NA (train PIRS)	0.744	1.90e-02	yes	0.075	no	no	no	not tested	not an approved target	High (FDA-precedented class, tractable)	1.919	3	Causal nomination (MR only)	Causal-only (PIRS not trained)	Replace / decoy-receptor or agonist (protective, soluble)	Target nomination (causal, needs coloc)	Panel B/C (performance + signature)	Transcript-to-protein bridge: acquire cis-pQTL, test colocalization	Nominate: causal but needs colocalization before resourcing
700	Gout	Musculoskeletal	Osteopontin	SPP1	Cancer-related genes, Plasma proteins, Predicted secreted proteins	Immune-cell-enriched	High (secreted to blood)	NA (train PIRS)	NA	NA (train PIRS)	NA (train PIRS)	NA (train PIRS)	NA (train PIRS)	1.214	3.84e-06	yes	0.0	no	no	no	replicated (FinnGen + UK Biobank)	not an approved target	Low-moderate	1.917	3	Causal nomination (MR only)	Causal-only (PIRS not trained)	Block (antagonist / neutralizing antibody / small molecule)	Target nomination (causal, needs coloc)	Panel B/C (performance + signature)	Transcript-to-protein bridge: acquire cis-pQTL, test colocalization	Nominate: causal but needs colocalization before resourcing
701	Hypertension, essential	Cardiovascular	Tumor necrosis factor receptor superfamily member 16	NGFR	Cancer-related genes, CD markers, Predicted intracellular proteins, Predicted membrane proteins, RAS pathway related proteins, Transporters	Immune-cell-enriched	High (soluble receptor / shed)	NA (train PIRS)	NA	NA (train PIRS)	NA (train PIRS)	NA (train PIRS)	NA (train PIRS)	0.646	1.22e-03	yes	0.001	no	no	no	not tested	not an approved target	Low-moderate	1.917	3	Causal nomination (MR only)	Causal-only (PIRS not trained)	Replace / decoy-receptor or agonist (protective, soluble)	Target nomination (causal, needs coloc)	Panel B/C (performance + signature)	Transcript-to-protein bridge: acquire cis-pQTL, test colocalization	Nominate: causal but needs colocalization before resourcing
702	Asthma/COPD (KELA code 203)	Respiratory	Programmed cell death 1 ligand 1	CD274	Cancer-related genes, CD markers, Disease related genes, FDA approved drug targets, Predicted membrane proteins, Predicted secreted proteins, Transporters	Immune checkpoint	High (secreted to blood)	NA (train PIRS)	NA	NA (train PIRS)	NA (train PIRS)	NA (train PIRS)	NA (train PIRS)	1.188	9.63e-03	yes	0.0	no	no	no	not tested	not an approved target	High (FDA-precedented class, tractable)	1.903	3	Causal nomination (MR only)	Causal-only (PIRS not trained)	Block (antagonist / neutralizing antibody / small molecule)	Target nomination (causal, needs coloc)	Panel B/C (performance + signature)	Transcript-to-protein bridge: acquire cis-pQTL, test colocalization	Nominate: causal but needs colocalization before resourcing
703	Malignant neoplasm of skin, excluding all cancers (controls excluding all cancers)	Neoplasm	Paired immunoglobulin-like type 2 receptor beta	PILRB	Predicted intracellular proteins, Predicted membrane proteins	Immune-cell-enriched	High (soluble receptor / shed)	NA (train PIRS)	NA	NA (train PIRS)	NA (train PIRS)	NA (train PIRS)	NA (train PIRS)	0.949	5.87e-03	yes	0.616	no	no	no	not tested	not an approved target	Low-moderate	1.896	3	Causal nomination (MR only)	Causal-only (PIRS not trained)	Replace / decoy-receptor or agonist (protective, soluble)	Target nomination (causal, needs coloc)	Panel B/C (performance + signature)	Transcript-to-protein bridge: acquire cis-pQTL, test colocalization	Nominate: causal but needs colocalization before resourcing
704	Gonarthrosis	Musculoskeletal	Transforming acidic coiled-coil-containing protein 3	TACC3	Predicted intracellular proteins	Immune-cell-enriched	Measured (Olink Explore panel)	NA (train PIRS)	NA	NA (train PIRS)	NA (train PIRS)	NA (train PIRS)	NA (train PIRS)	1.076	1.05e-07	yes	0.0	no	no	no	not tested	not an approved target	Uncertain	1.895	3	Causal nomination (MR only)	Causal-only (PIRS not trained)	Block (antagonist / neutralizing antibody / small molecule)	Target nomination (causal, needs coloc)	Panel B/C (performance + signature)	Transcript-to-protein bridge: acquire cis-pQTL, test colocalization	Nominate: causal but needs colocalization before resourcing
705	Ischaemic heart disease, wide definition	Cardiovascular	Sortilin	SORT1	Disease related genes, Potential drug targets, Predicted intracellular proteins, Predicted membrane proteins, Transporters	Immune-cell-enriched	Measured (Olink Explore panel)	NA (train PIRS)	NA	NA (train PIRS)	NA (train PIRS)	NA (train PIRS)	NA (train PIRS)	0.687	1.69e-03	yes	0.0	no	no	no	replicated (FinnGen + UK Biobank)	not an approved target	Low-moderate	1.888	3	Causal nomination (MR only)	Causal-only (PIRS not trained)	Agonize (protective; intracellular route caution)	Target nomination (causal, needs coloc)	Panel B/C (performance + signature)	Transcript-to-protein bridge: acquire cis-pQTL, test colocalization	Nominate: causal but needs colocalization before resourcing
706	Coronary atherosclerosis	Cardiovascular	Sortilin	SORT1	Disease related genes, Potential drug targets, Predicted intracellular proteins, Predicted membrane proteins, Transporters	Immune-cell-enriched	Measured (Olink Explore panel)	NA (train PIRS)	NA	NA (train PIRS)	NA (train PIRS)	NA (train PIRS)	NA (train PIRS)	0.657	2.01e-03	yes	0.0	no	no	no	replicated (FinnGen + UK Biobank)	not an approved target	Low-moderate	1.873	3	Causal nomination (MR only)	Causal-only (PIRS not trained)	Agonize (protective; intracellular route caution)	Target nomination (causal, needs coloc)	Panel B/C (performance + signature)	Transcript-to-protein bridge: acquire cis-pQTL, test colocalization	Nominate: causal but needs colocalization before resourcing
707	Type 2 diabetes, wide definition	Metabolic/Endocrine	Aminopeptidase N	ANPEP	CD markers, Enzymes, Metabolic proteins, Plasma proteins, Predicted membrane proteins	Immune-cell-enriched	Measured (Olink Explore panel)	NA (train PIRS)	NA	NA (train PIRS)	NA (train PIRS)	NA (train PIRS)	NA (train PIRS)	1.049	2.15e-03	yes	0.0	no	no	no	not tested	not an approved target	Low-moderate	1.867	3	Causal nomination (MR only)	Causal-only (PIRS not trained)	Block (antagonist / neutralizing antibody / small molecule)	Target nomination (causal, needs coloc)	Panel B/C (performance + signature)	Transcript-to-protein bridge: acquire cis-pQTL, test colocalization	Nominate: causal but needs colocalization before resourcing
708	Infective dermatitis	Dermatological	Interleukin-7 receptor subunit alpha	IL7R	Cancer-related genes, CD markers, Disease related genes, Human disease related genes, Predicted intracellular proteins, Predicted membrane proteins	Cytokine/Interleukin	High (soluble receptor / shed)	NA (train PIRS)	NA	NA (train PIRS)	NA (train PIRS)	NA (train PIRS)	NA (train PIRS)	1.37	4.44e-02	yes	0.763	no	no	no	not tested	not an approved target	Low-moderate	1.867	3	Causal nomination (MR only)	Causal-only (PIRS not trained)	Block (antagonist / neutralizing antibody / small molecule)	Target nomination (causal, needs coloc)	Panel B/C (performance + signature)	Transcript-to-protein bridge: acquire cis-pQTL, test colocalization	Nominate: causal but needs colocalization before resourcing
709	Type 2 diabetes, definitions combined	Metabolic/Endocrine	Protein sprouty homolog 2	SPRY2	Disease related genes, Plasma proteins, Predicted membrane proteins	Immune-cell-enriched	Measured (Olink Explore panel)	NA (train PIRS)	NA	NA (train PIRS)	NA (train PIRS)	NA (train PIRS)	NA (train PIRS)	1.335	7.19e-06	yes	0.0	no	no	no	not tested	not an approved target	Low-moderate	1.862	3	Causal nomination (MR only)	Causal-only (PIRS not trained)	Block (antagonist / neutralizing antibody / small molecule)	Target nomination (causal, needs coloc)	Panel B/C (performance + signature)	Transcript-to-protein bridge: acquire cis-pQTL, test colocalization	Nominate: causal but needs colocalization before resourcing
710	Other malignant neoplasms of skin (=non-melanoma skin cancer), excluding all cancers (controls excluding all cancers)	Neoplasm	Paired immunoglobulin-like type 2 receptor beta	PILRB	Predicted intracellular proteins, Predicted membrane proteins	Immune-cell-enriched	High (soluble receptor / shed)	NA (train PIRS)	NA	NA (train PIRS)	NA (train PIRS)	NA (train PIRS)	NA (train PIRS)	0.946	9.04e-03	yes	0.62	no	no	no	not tested	not an approved target	Low-moderate	1.862	3	Causal nomination (MR only)	Causal-only (PIRS not trained)	Replace / decoy-receptor or agonist (protective, soluble)	Target nomination (causal, needs coloc)	Panel B/C (performance + signature)	Transcript-to-protein bridge: acquire cis-pQTL, test colocalization	Nominate: causal but needs colocalization before resourcing
711	Cardiomyopathy (excluding other)	Cardiovascular	BAG family molecular chaperone regulator 3	BAG3	Disease related genes, Human disease related genes, Plasma proteins, Predicted intracellular proteins	Immune-cell-enriched	Measured (Olink Explore panel)	NA (train PIRS)	NA	NA (train PIRS)	NA (train PIRS)	NA (train PIRS)	NA (train PIRS)	0.443	1.82e-07	yes	0.0	no	no	no	not tested	not an approved target	Uncertain	1.848	3	Causal nomination (MR only)	Causal-only (PIRS not trained)	Agonize (protective; intracellular route caution)	Target nomination (causal, needs coloc)	Panel B/C (performance + signature)	Transcript-to-protein bridge: acquire cis-pQTL, test colocalization	Nominate: causal but needs colocalization before resourcing
712	Primary open-angle glaucoma, strict	Ophthalmological	Annexin A11	ANXA11	Cancer-related genes, Disease related genes, Human disease related genes, Plasma proteins, Potential drug targets, Predicted intracellular proteins, Transporters	Immune-cell-enriched	Measured (Olink Explore panel)	NA (train PIRS)	NA	NA (train PIRS)	NA (train PIRS)	NA (train PIRS)	NA (train PIRS)	1.258	1.88e-02	yes	0.002	no	no	no	not tested	not an approved target	Uncertain	1.847	3	Causal nomination (MR only)	Causal-only (PIRS not trained)	Block (antagonist / neutralizing antibody / small molecule)	Target nomination (causal, needs coloc)	Panel B/C (performance + signature)	Transcript-to-protein bridge: acquire cis-pQTL, test colocalization	Nominate: causal but needs colocalization before resourcing
713	Metabolic disorders	Metabolic/Endocrine	Sortilin	SORT1	Disease related genes, Potential drug targets, Predicted intracellular proteins, Predicted membrane proteins, Transporters	Immune-cell-enriched	Measured (Olink Explore panel)	NA (train PIRS)	NA	NA (train PIRS)	NA (train PIRS)	NA (train PIRS)	NA (train PIRS)	0.711	2.89e-03	yes	0.0	no	no	no	not tested	not an approved target	Low-moderate	1.841	3	Causal nomination (MR only)	Causal-only (PIRS not trained)	Agonize (protective; intracellular route caution)	Target nomination (causal, needs coloc)	Panel B/C (performance + signature)	Transcript-to-protein bridge: acquire cis-pQTL, test colocalization	Nominate: causal but needs colocalization before resourcing
714	Antihypertensive medication - note that there are other indications	Medication/Other	Clathrin interactor 1	CLINT1	Plasma proteins, Predicted intracellular proteins, Transporters	Immune-cell-enriched	Measured (Olink Explore panel)	NA (train PIRS)	NA	NA (train PIRS)	NA (train PIRS)	NA (train PIRS)	NA (train PIRS)	1.384	2.00e-02	yes	0.0	no	no	no	not tested	not an approved target	Uncertain	1.84	3	Causal nomination (MR only)	Causal-only (PIRS not trained)	Block (antagonist / neutralizing antibody / small molecule)	Target nomination (causal, needs coloc)	Panel B/C (performance + signature)	Transcript-to-protein bridge: acquire cis-pQTL, test colocalization	Nominate: causal but needs colocalization before resourcing
715	Ulcerative colitis (strict definition, require KELA, min 2 HDR)	Gastrointestinal	Interleukin-24	IL24	Cancer-related genes, Predicted intracellular proteins, Predicted secreted proteins	Cytokine/Interleukin	High (secreted to blood)	NA (train PIRS)	NA	NA (train PIRS)	NA (train PIRS)	NA (train PIRS)	NA (train PIRS)	1.764	2.95e-03	yes	0.0	no	no	no	not tested	not an approved target	Low-moderate	1.839	3	Causal nomination (MR only)	Causal-only (PIRS not trained)	Block (antagonist / neutralizing antibody / small molecule)	Target nomination (causal, needs coloc)	Panel B/C (performance + signature)	Transcript-to-protein bridge: acquire cis-pQTL, test colocalization	Nominate: causal but needs colocalization before resourcing
716	Macular pucker	Ophthalmological	Protein numb homolog	NUMB	Cancer-related genes, Predicted intracellular proteins	Immune-cell-enriched	Measured (Olink Explore panel)	NA (train PIRS)	NA	NA (train PIRS)	NA (train PIRS)	NA (train PIRS)	NA (train PIRS)	0.54	1.04e-02	yes	0.443	no	no	no	not tested	not an approved target	Uncertain	1.839	3	Causal nomination (MR only)	Causal-only (PIRS not trained)	Agonize (protective; intracellular route caution)	Target nomination (causal, needs coloc)	Panel B/C (performance + signature)	Transcript-to-protein bridge: acquire cis-pQTL, test colocalization	Nominate: causal but needs colocalization before resourcing
717	Calcific aortic valvular stenosis, operated	Cardiovascular	Interleukin-6	IL6	Cancer-related genes, Candidate cardiovascular disease genes, Disease related genes, FDA approved drug targets, Human disease related genes, Plasma proteins, Predicted intracellular proteins, Predicted membrane proteins, Predicted secreted proteins	Cytokine/Interleukin	High (secreted to blood)	NA (train PIRS)	NA	NA (train PIRS)	NA (train PIRS)	NA (train PIRS)	NA (train PIRS)	0.473	2.02e-02	yes	0.0	no	no	no	not tested	not an approved target	High (FDA-precedented class, tractable)	1.839	3	Causal nomination (MR only)	Causal-only (PIRS not trained)	Agonize / recombinant-protein replacement (protective, secreted)	Target nomination (causal, needs coloc)	Panel B/C (performance + signature)	Transcript-to-protein bridge: acquire cis-pQTL, test colocalization	Nominate: causal but needs colocalization before resourcing
718	Hernia of abdominal wall	Gastrointestinal	Matrix remodeling-associated protein 8	MXRA8	Predicted membrane proteins	Immune-cell-enriched	Measured (Olink Explore panel)	NA (train PIRS)	NA	NA (train PIRS)	NA (train PIRS)	NA (train PIRS)	NA (train PIRS)	1.895	5.44e-03	yes	0.046	no	no	no	not tested	not an approved target	Low-moderate	1.833	3	Causal nomination (MR only)	Causal-only (PIRS not trained)	Block (antagonist / neutralizing antibody / small molecule)	Target nomination (causal, needs coloc)	Panel B/C (performance + signature)	Transcript-to-protein bridge: acquire cis-pQTL, test colocalization	Nominate: causal but needs colocalization before resourcing
719	Hallux valgus (acquired)	Musculoskeletal	Microtubule-associated proteins 1A/1B light chain 3A	MAP1LC3A	Predicted intracellular proteins	Immune-cell-enriched	Measured (Olink Explore panel)	NA (train PIRS)	NA	NA (train PIRS)	NA (train PIRS)	NA (train PIRS)	NA (train PIRS)	0.894	2.45e-02	yes	0.0	no	no	no	replicated (FinnGen + UK Biobank)	not an approved target	Uncertain	1.822	3	Causal nomination (MR only)	Causal-only (PIRS not trained)	Agonize (protective; intracellular route caution)	Target nomination (causal, needs coloc)	Panel B/C (performance + signature)	Transcript-to-protein bridge: acquire cis-pQTL, test colocalization	Nominate: causal but needs colocalization before resourcing
720	Other heart diseases	Cardiovascular	Huntingtin-interacting protein 1-related protein	HIP1R	Cancer-related genes, Predicted intracellular proteins	Immune-cell-enriched	Measured (Olink Explore panel)	NA (train PIRS)	NA	NA (train PIRS)	NA (train PIRS)	NA (train PIRS)	NA (train PIRS)	1.387	1.28e-02	yes	0.431	no	no	no	not tested	not an approved target	Uncertain	1.81	3	Causal nomination (MR only)	Causal-only (PIRS not trained)	Block (antagonist / neutralizing antibody / small molecule)	Target nomination (causal, needs coloc)	Panel B/C (performance + signature)	Transcript-to-protein bridge: acquire cis-pQTL, test colocalization	Nominate: causal but needs colocalization before resourcing
721	Ulcerative proctitis	Gastrointestinal	MAP kinase-activated protein kinase 2	MAPKAPK2	Cancer-related genes, Enzymes, Predicted membrane proteins	Immune-cell-enriched	Measured (Olink Explore panel)	NA (train PIRS)	NA	NA (train PIRS)	NA (train PIRS)	NA (train PIRS)	NA (train PIRS)	2.96	5.08e-03	yes	0.004	no	no	no	not tested	not an approved target	Low-moderate	1.796	3	Causal nomination (MR only)	Causal-only (PIRS not trained)	Block (antagonist / neutralizing antibody / small molecule)	Target nomination (causal, needs coloc)	Panel B/C (performance + signature)	Transcript-to-protein bridge: acquire cis-pQTL, test colocalization	Nominate: causal but needs colocalization before resourcing
722	Hallux valgus (acquired)	Musculoskeletal	Carbonic anhydrase-related protein	CA8	Cancer-related genes, Disease related genes, Human disease related genes, Predicted intracellular proteins	Immune-cell-enriched	Measured (Olink Explore panel)	NA (train PIRS)	NA	NA (train PIRS)	NA (train PIRS)	NA (train PIRS)	NA (train PIRS)	0.773	3.72e-02	yes	0.009	no	no	no	not tested	not an approved target	Uncertain	1.795	3	Causal nomination (MR only)	Causal-only (PIRS not trained)	Agonize (protective; intracellular route caution)	Target nomination (causal, needs coloc)	Panel B/C (performance + signature)	Transcript-to-protein bridge: acquire cis-pQTL, test colocalization	Nominate: causal but needs colocalization before resourcing
723	Coxarthrosis	Musculoskeletal	Density-regulated protein	DENR	Essential proteins, Plasma proteins, Predicted intracellular proteins	Immune-cell-enriched	Measured (Olink Explore panel)	NA (train PIRS)	NA	NA (train PIRS)	NA (train PIRS)	NA (train PIRS)	NA (train PIRS)	0.811	3.83e-02	yes	0.51	no	no	no	not tested	not an approved target	Uncertain	1.794	3	Causal nomination (MR only)	Causal-only (PIRS not trained)	Agonize (protective; intracellular route caution)	Target nomination (causal, needs coloc)	Panel B/C (performance + signature)	Transcript-to-protein bridge: acquire cis-pQTL, test colocalization	Nominate: causal but needs colocalization before resourcing
724	Lichen sclerosus et atrophicus	Dermatological	Sphingomyelin phosphodiesterase 3	SMPD3	Enzymes, Metabolic proteins, Predicted intracellular proteins, Predicted membrane proteins	Immune-cell-enriched	Measured (Olink Explore panel)	NA (train PIRS)	NA	NA (train PIRS)	NA (train PIRS)	NA (train PIRS)	NA (train PIRS)	2.515	1.90e-02	yes	0.608	no	no	no	not tested	not an approved target	Low-moderate	1.785	3	Causal nomination (MR only)	Causal-only (PIRS not trained)	Block (antagonist / neutralizing antibody / small molecule)	Target nomination (causal, needs coloc)	Panel B/C (performance + signature)	Transcript-to-protein bridge: acquire cis-pQTL, test colocalization	Nominate: causal but needs colocalization before resourcing
725	Allergic rhinitis	Respiratory	Interleukin-4 receptor subunit alpha	IL4R	Cancer-related genes, CD markers, FDA approved drug targets, Human disease related genes, Plasma proteins, Predicted intracellular proteins, Predicted membrane proteins, Predicted secreted proteins, Transporters	Cytokine/Interleukin	High (secreted to blood)	NA (train PIRS)	NA	NA (train PIRS)	NA (train PIRS)	NA (train PIRS)	NA (train PIRS)	0.808	3.86e-02	yes	0.0	no	no	no	not tested	not an approved target	High (FDA-precedented class, tractable)	1.783	3	Causal nomination (MR only)	Causal-only (PIRS not trained)	Replace / decoy-receptor or agonist (protective, soluble)	Target nomination (causal, needs coloc)	Panel B/C (performance + signature)	Transcript-to-protein bridge: acquire cis-pQTL, test colocalization	Nominate: causal but needs colocalization before resourcing
726	Arthropathies	Musculoskeletal	Carbonic anhydrase-related protein	CA8	Cancer-related genes, Disease related genes, Human disease related genes, Predicted intracellular proteins	Immune-cell-enriched	Measured (Olink Explore panel)	NA (train PIRS)	NA	NA (train PIRS)	NA (train PIRS)	NA (train PIRS)	NA (train PIRS)	0.906	4.47e-02	yes	0.009	no	no	no	not tested	not an approved target	Uncertain	1.779	3	Causal nomination (MR only)	Causal-only (PIRS not trained)	Agonize (protective; intracellular route caution)	Target nomination (causal, needs coloc)	Panel B/C (performance + signature)	Transcript-to-protein bridge: acquire cis-pQTL, test colocalization	Nominate: causal but needs colocalization before resourcing
727	Coronary revascularization (ANGIO or CABG)	Cardiovascular	Sortilin	SORT1	Disease related genes, Potential drug targets, Predicted intracellular proteins, Predicted membrane proteins, Transporters	Immune-cell-enriched	Measured (Olink Explore panel)	NA (train PIRS)	NA	NA (train PIRS)	NA (train PIRS)	NA (train PIRS)	NA (train PIRS)	0.571	6.12e-03	yes	0.0	no	no	no	not tested	not an approved target	Low-moderate	1.776	3	Causal nomination (MR only)	Causal-only (PIRS not trained)	Agonize (protective; intracellular route caution)	Target nomination (causal, needs coloc)	Panel B/C (performance + signature)	Transcript-to-protein bridge: acquire cis-pQTL, test colocalization	Nominate: causal but needs colocalization before resourcing
728	Hernia	Gastrointestinal	Matrix remodeling-associated protein 8	MXRA8	Predicted membrane proteins	Immune-cell-enriched	Measured (Olink Explore panel)	NA (train PIRS)	NA	NA (train PIRS)	NA (train PIRS)	NA (train PIRS)	NA (train PIRS)	1.461	7.53e-03	yes	0.008	no	no	no	replicated (FinnGen + UK Biobank)	not an approved target	Low-moderate	1.766	3	Causal nomination (MR only)	Causal-only (PIRS not trained)	Block (antagonist / neutralizing antibody / small molecule)	Target nomination (causal, needs coloc)	Panel B/C (performance + signature)	Transcript-to-protein bridge: acquire cis-pQTL, test colocalization	Nominate: causal but needs colocalization before resourcing
729	Actinic keratosis	Dermatological	Microtubule-associated proteins 1A/1B light chain 3A	MAP1LC3A	Predicted intracellular proteins	Immune-cell-enriched	Measured (Olink Explore panel)	NA (train PIRS)	NA	NA (train PIRS)	NA (train PIRS)	NA (train PIRS)	NA (train PIRS)	0.892	4.81e-02	yes	0.0	no	no	no	replicated (FinnGen + UK Biobank)	not an approved target	Uncertain	1.764	3	Causal nomination (MR only)	Causal-only (PIRS not trained)	Agonize (protective; intracellular route caution)	Target nomination (causal, needs coloc)	Panel B/C (performance + signature)	Transcript-to-protein bridge: acquire cis-pQTL, test colocalization	Nominate: causal but needs colocalization before resourcing
730	Coronary artery bypass grafting	Cardiovascular	Sortilin	SORT1	Disease related genes, Potential drug targets, Predicted intracellular proteins, Predicted membrane proteins, Transporters	Immune-cell-enriched	Measured (Olink Explore panel)	NA (train PIRS)	NA	NA (train PIRS)	NA (train PIRS)	NA (train PIRS)	NA (train PIRS)	0.462	7.15e-03	yes	0.0	no	no	no	not tested	not an approved target	Low-moderate	1.762	3	Causal nomination (MR only)	Causal-only (PIRS not trained)	Agonize (protective; intracellular route caution)	Target nomination (causal, needs coloc)	Panel B/C (performance + signature)	Transcript-to-protein bridge: acquire cis-pQTL, test colocalization	Nominate: causal but needs colocalization before resourcing
731	Angina pectoris	Cardiovascular	Sortilin	SORT1	Disease related genes, Potential drug targets, Predicted intracellular proteins, Predicted membrane proteins, Transporters	Immune-cell-enriched	Measured (Olink Explore panel)	NA (train PIRS)	NA	NA (train PIRS)	NA (train PIRS)	NA (train PIRS)	NA (train PIRS)	0.637	7.55e-03	yes	0.0	no	no	no	not tested	not an approved target	Low-moderate	1.758	3	Causal nomination (MR only)	Causal-only (PIRS not trained)	Agonize (protective; intracellular route caution)	Target nomination (causal, needs coloc)	Panel B/C (performance + signature)	Transcript-to-protein bridge: acquire cis-pQTL, test colocalization	Nominate: causal but needs colocalization before resourcing
732	Atrial fibrillation and flutter	Cardiovascular	Density-regulated protein	DENR	Essential proteins, Plasma proteins, Predicted intracellular proteins	Immune-cell-enriched	Measured (Olink Explore panel)	NA (train PIRS)	NA	NA (train PIRS)	NA (train PIRS)	NA (train PIRS)	NA (train PIRS)	1.234	1.81e-02	yes	0.378	no	no	no	not tested	not an approved target	Uncertain	1.726	3	Causal nomination (MR only)	Causal-only (PIRS not trained)	Block (antagonist / neutralizing antibody / small molecule)	Target nomination (causal, needs coloc)	Panel B/C (performance + signature)	Transcript-to-protein bridge: acquire cis-pQTL, test colocalization	Nominate: causal but needs colocalization before resourcing
733	Diabetes, insulin treatment (Kela reimbursement) (more control exclusions)	Metabolic/Endocrine	Protein sprouty homolog 2	SPRY2	Disease related genes, Plasma proteins, Predicted membrane proteins	Immune-cell-enriched	Measured (Olink Explore panel)	NA (train PIRS)	NA	NA (train PIRS)	NA (train PIRS)	NA (train PIRS)	NA (train PIRS)	1.324	3.68e-05	yes	0.0	no	no	no	not tested	not an approved target	Low-moderate	1.72	3	Causal nomination (MR only)	Causal-only (PIRS not trained)	Block (antagonist / neutralizing antibody / small molecule)	Target nomination (causal, needs coloc)	Panel B/C (performance + signature)	Transcript-to-protein bridge: acquire cis-pQTL, test colocalization	Nominate: causal but needs colocalization before resourcing
734	Gonarthrosis, primary, with knee surgery	Musculoskeletal	Transforming acidic coiled-coil-containing protein 3	TACC3	Predicted intracellular proteins	Immune-cell-enriched	Measured (Olink Explore panel)	NA (train PIRS)	NA	NA (train PIRS)	NA (train PIRS)	NA (train PIRS)	NA (train PIRS)	1.102	8.38e-07	yes	0.0	no	no	no	not tested	not an approved target	Uncertain	1.715	3	Causal nomination (MR only)	Causal-only (PIRS not trained)	Block (antagonist / neutralizing antibody / small molecule)	Target nomination (causal, needs coloc)	Panel B/C (performance + signature)	Transcript-to-protein bridge: acquire cis-pQTL, test colocalization	Nominate: causal but needs colocalization before resourcing
735	Familial hypercholesterolemia	Metabolic/Endocrine	Platelet factor 4	PF4	Cancer-related genes, Candidate cardiovascular disease genes, Plasma proteins, Predicted secreted proteins	Chemokine axis	High (secreted to blood)	NA (train PIRS)	NA	NA (train PIRS)	NA (train PIRS)	NA (train PIRS)	NA (train PIRS)	0.309	3.39e-02	yes	0.087	no	no	no	not tested	not an approved target	Low-moderate	1.714	3	Causal nomination (MR only)	Causal-only (PIRS not trained)	Agonize / recombinant-protein replacement (protective, secreted)	Target nomination (causal, needs coloc)	Panel B/C (performance + signature)	Transcript-to-protein bridge: acquire cis-pQTL, test colocalization	Nominate: causal but needs colocalization before resourcing
736	Hyperlipidaemia, other/unspecified	Metabolic/Endocrine	Platelet factor 4	PF4	Cancer-related genes, Candidate cardiovascular disease genes, Plasma proteins, Predicted secreted proteins	Chemokine axis	High (secreted to blood)	NA (train PIRS)	NA	NA (train PIRS)	NA (train PIRS)	NA (train PIRS)	NA (train PIRS)	0.451	1.36e-02	yes	0.0	no	no	no	not tested	not an approved target	Low-moderate	1.707	3	Causal nomination (MR only)	Causal-only (PIRS not trained)	Agonize / recombinant-protein replacement (protective, secreted)	Target nomination (causal, needs coloc)	Panel B/C (performance + signature)	Transcript-to-protein bridge: acquire cis-pQTL, test colocalization	Nominate: causal but needs colocalization before resourcing
737	Nonischemic cardiomyopathy	Cardiovascular	BAG family molecular chaperone regulator 3	BAG3	Disease related genes, Human disease related genes, Plasma proteins, Predicted intracellular proteins	Immune-cell-enriched	Measured (Olink Explore panel)	NA (train PIRS)	NA	NA (train PIRS)	NA (train PIRS)	NA (train PIRS)	NA (train PIRS)	0.296	1.04e-06	yes	0.0	no	no	no	not tested	not an approved target	Uncertain	1.696	3	Causal nomination (MR only)	Causal-only (PIRS not trained)	Agonize (protective; intracellular route caution)	Target nomination (causal, needs coloc)	Panel B/C (performance + signature)	Transcript-to-protein bridge: acquire cis-pQTL, test colocalization	Nominate: causal but needs colocalization before resourcing
738	Statin medication	Cardiovascular	Glutathione S-transferase Mu 4	GSTM4	Enzymes, Metabolic proteins, Predicted intracellular proteins	Immune-cell-enriched	Measured (Olink Explore panel)	NA (train PIRS)	NA	NA (train PIRS)	NA (train PIRS)	NA (train PIRS)	NA (train PIRS)	0.954	1.19e-06	yes	0.0	no	no	no	not tested	not an approved target	Uncertain	1.685	3	Causal nomination (MR only)	Causal-only (PIRS not trained)	Agonize (protective; intracellular route caution)	Target nomination (causal, needs coloc)	Panel B/C (performance + signature)	Transcript-to-protein bridge: acquire cis-pQTL, test colocalization	Nominate: causal but needs colocalization before resourcing
739	Ulcerative rectosigmoiditis	Gastrointestinal	MAP kinase-activated protein kinase 2	MAPKAPK2	Cancer-related genes, Enzymes, Predicted membrane proteins	Immune-cell-enriched	Measured (Olink Explore panel)	NA (train PIRS)	NA	NA (train PIRS)	NA (train PIRS)	NA (train PIRS)	NA (train PIRS)	2.357	1.83e-02	yes	0.0	no	no	no	not tested	not an approved target	Low-moderate	1.681	3	Causal nomination (MR only)	Causal-only (PIRS not trained)	Block (antagonist / neutralizing antibody / small molecule)	Target nomination (causal, needs coloc)	Panel B/C (performance + signature)	Transcript-to-protein bridge: acquire cis-pQTL, test colocalization	Nominate: causal but needs colocalization before resourcing
740	Angina pectoris	Cardiovascular	Tumor necrosis factor receptor superfamily member 16	NGFR	Cancer-related genes, CD markers, Predicted intracellular proteins, Predicted membrane proteins, RAS pathway related proteins, Transporters	Immune-cell-enriched	High (soluble receptor / shed)	NA (train PIRS)	NA	NA (train PIRS)	NA (train PIRS)	NA (train PIRS)	NA (train PIRS)	0.578	3.56e-02	yes	0.047	no	no	no	not tested	not an approved target	Low-moderate	1.67	3	Causal nomination (MR only)	Causal-only (PIRS not trained)	Replace / decoy-receptor or agonist (protective, soluble)	Target nomination (causal, needs coloc)	Panel B/C (performance + signature)	Transcript-to-protein bridge: acquire cis-pQTL, test colocalization	Nominate: causal but needs colocalization before resourcing
741	Atrial fibrillation and flutter with reimbursement	Cardiovascular	Monocyte differentiation antigen CD14	CD14	Cancer-related genes, CD markers, Human disease related genes, Plasma proteins, Predicted secreted proteins, Transporters	HLA/Antigen presentation	High (secreted to blood)	NA (train PIRS)	NA	NA (train PIRS)	NA (train PIRS)	NA (train PIRS)	NA (train PIRS)	0.858	2.48e-02	yes	0.008	no	no	no	not tested	not an approved target	Low-moderate	1.662	3	Causal nomination (MR only)	Causal-only (PIRS not trained)	Agonize / recombinant-protein replacement (protective, secreted)	Target nomination (causal, needs coloc)	Panel B/C (performance + signature)	Transcript-to-protein bridge: acquire cis-pQTL, test colocalization	Nominate: causal but needs colocalization before resourcing
742	Coronary revascularization (ANGIO or CABG)	Cardiovascular	Prolow-density lipoprotein receptor-related protein 1	LRP1	Candidate cardiovascular disease genes, CD markers, Disease related genes, Human disease related genes, Plasma proteins, Potential drug targets, Predicted intracellular proteins, Predicted membrane proteins, Transporters	Immune-cell-enriched	High (soluble receptor / shed)	NA (train PIRS)	NA	NA (train PIRS)	NA (train PIRS)	NA (train PIRS)	NA (train PIRS)	0.468	4.57e-02	yes	0.033	no	no	no	not tested	not an approved target	Low-moderate	1.634	3	Causal nomination (MR only)	Causal-only (PIRS not trained)	Replace / decoy-receptor or agonist (protective, soluble)	Target nomination (causal, needs coloc)	Panel B/C (performance + signature)	Transcript-to-protein bridge: acquire cis-pQTL, test colocalization	Nominate: causal but needs colocalization before resourcing
743	Second line medication for Crohn's disease	Medication/Other	MAP kinase-activated protein kinase 2	MAPKAPK2	Cancer-related genes, Enzymes, Predicted membrane proteins	Immune-cell-enriched	Measured (Olink Explore panel)	NA (train PIRS)	NA	NA (train PIRS)	NA (train PIRS)	NA (train PIRS)	NA (train PIRS)	1.347	3.34e-02	yes	0.0	no	no	no	not tested	not an approved target	Low-moderate	1.629	3	Causal nomination (MR only)	Causal-only (PIRS not trained)	Block (antagonist / neutralizing antibody / small molecule)	Target nomination (causal, needs coloc)	Panel B/C (performance + signature)	Transcript-to-protein bridge: acquire cis-pQTL, test colocalization	Nominate: causal but needs colocalization before resourcing
744	Asthma/COPD (KELA code 203)	Respiratory	Leukocyte immunoglobulin-like receptor subfamily B member 2	LILRB2	CD markers, Predicted membrane proteins	Immune-cell-enriched	High (soluble receptor / shed)	NA (train PIRS)	NA	NA (train PIRS)	NA (train PIRS)	NA (train PIRS)	NA (train PIRS)	1.172	4.24e-03	yes	0.31	no	no	no	not tested	not an approved target	Low-moderate	1.618	3	Causal nomination (MR only)	Causal-only (PIRS not trained)	Block (antagonist / neutralizing antibody / small molecule)	Target nomination (causal, needs coloc)	Panel B/C (performance + signature)	Transcript-to-protein bridge: acquire cis-pQTL, test colocalization	Nominate: causal but needs colocalization before resourcing
745	Statin medication	Cardiovascular	Tumor necrosis factor receptor superfamily member 16	NGFR	Cancer-related genes, CD markers, Predicted intracellular proteins, Predicted membrane proteins, RAS pathway related proteins, Transporters	Immune-cell-enriched	High (soluble receptor / shed)	NA (train PIRS)	NA	NA (train PIRS)	NA (train PIRS)	NA (train PIRS)	NA (train PIRS)	0.715	3.99e-02	yes	0.0	no	no	no	not tested	not an approved target	Low-moderate	1.613	3	Causal nomination (MR only)	Causal-only (PIRS not trained)	Replace / decoy-receptor or agonist (protective, soluble)	Target nomination (causal, needs coloc)	Panel B/C (performance + signature)	Transcript-to-protein bridge: acquire cis-pQTL, test colocalization	Nominate: causal but needs colocalization before resourcing
746	Dermatitis	Dermatological	Interleukin-7 receptor subunit alpha	IL7R	Cancer-related genes, CD markers, Disease related genes, Human disease related genes, Predicted intracellular proteins, Predicted membrane proteins	Cytokine/Interleukin	High (soluble receptor / shed)	NA (train PIRS)	NA	NA (train PIRS)	NA (train PIRS)	NA (train PIRS)	NA (train PIRS)	1.18	2.44e-04	yes	0.052	no	no	no	not tested	not an approved target	Low-moderate	1.608	3	Causal nomination (MR only)	Causal-only (PIRS not trained)	Block (antagonist / neutralizing antibody / small molecule)	Target nomination (causal, needs coloc)	Panel B/C (performance + signature)	Transcript-to-protein bridge: acquire cis-pQTL, test colocalization	Nominate: causal but needs colocalization before resourcing
747	Inflammatory bowel disease, strict (require KELA)	Gastrointestinal	Hematopoietically-expressed homeobox protein HHEX	HHEX	Human disease related genes, Predicted intracellular proteins, Transcription factors	Immune-cell-enriched	Measured (Olink Explore panel)	NA (train PIRS)	NA	NA (train PIRS)	NA (train PIRS)	NA (train PIRS)	NA (train PIRS)	1.35	1.30e-02	yes	0.728	no	no	no	not tested	not an approved target	Uncertain	1.605	3	Causal nomination (MR only)	Causal-only (PIRS not trained)	Block (antagonist / neutralizing antibody / small molecule)	Target nomination (causal, needs coloc)	Panel B/C (performance + signature)	Transcript-to-protein bridge: acquire cis-pQTL, test colocalization	Nominate: causal but needs colocalization before resourcing
748	Diverticular disease of intestine	Gastrointestinal	Protein phosphatase 1 regulatory subunit 14A	PPP1R14A	Plasma proteins, Predicted intracellular proteins	Immune-cell-enriched	Measured (Olink Explore panel)	NA (train PIRS)	NA	NA (train PIRS)	NA (train PIRS)	NA (train PIRS)	NA (train PIRS)	1.178	9.82e-04	yes	0.0	no	no	no	not tested	not an approved target	Uncertain	1.602	3	Causal nomination (MR only)	Causal-only (PIRS not trained)	Block (antagonist / neutralizing antibody / small molecule)	Target nomination (causal, needs coloc)	Panel B/C (performance + signature)	Transcript-to-protein bridge: acquire cis-pQTL, test colocalization	Nominate: causal but needs colocalization before resourcing
749	Dementia due to Parkinson's disease (more control exclusions)	Neurological/Psychiatric	Alpha-synuclein	SNCA	Disease related genes, Human disease related genes, Plasma proteins, Potential drug targets, Predicted intracellular proteins, Transporters	Immune-cell-enriched	Measured (Olink Explore panel)	NA (train PIRS)	NA	NA (train PIRS)	NA (train PIRS)	NA (train PIRS)	NA (train PIRS)	0.324	1.74e-02	yes	0.749	no	no	no	not tested	not an approved target	Uncertain	1.601	3	Causal nomination (MR only)	Causal-only (PIRS not trained)	Agonize (protective; intracellular route caution)	Target nomination (causal, needs coloc)	Panel B/C (performance + signature)	Transcript-to-protein bridge: acquire cis-pQTL, test colocalization	Nominate: causal but needs colocalization before resourcing
750	Gout, unspecified	Musculoskeletal	Osteopontin	SPP1	Cancer-related genes, Plasma proteins, Predicted secreted proteins	Immune-cell-enriched	High (secreted to blood)	NA (train PIRS)	NA	NA (train PIRS)	NA (train PIRS)	NA (train PIRS)	NA (train PIRS)	1.234	1.70e-04	yes	0.0	no	no	no	not tested	not an approved target	Low-moderate	1.587	3	Causal nomination (MR only)	Causal-only (PIRS not trained)	Block (antagonist / neutralizing antibody / small molecule)	Target nomination (causal, needs coloc)	Panel B/C (performance + signature)	Transcript-to-protein bridge: acquire cis-pQTL, test colocalization	Nominate: causal but needs colocalization before resourcing
751	Amyloidosis, other/unspecified	Metabolic/Endocrine	Multiple epidermal growth factor-like domains protein 9	MEGF9	Plasma proteins, Predicted membrane proteins	Immune-cell-enriched	Measured (Olink Explore panel)	NA (train PIRS)	NA	NA (train PIRS)	NA (train PIRS)	NA (train PIRS)	NA (train PIRS)	0.482	2.00e-04	yes	0.0	no	no	no	not tested	not an approved target	Low-moderate	1.573	3	Causal nomination (MR only)	Causal-only (PIRS not trained)	Agonize (protective; intracellular route caution)	Target nomination (causal, needs coloc)	Panel B/C (performance + signature)	Transcript-to-protein bridge: acquire cis-pQTL, test colocalization	Nominate: causal but needs colocalization before resourcing
752	Chronic lower respiratory diseases	Respiratory	Leukocyte immunoglobulin-like receptor subfamily B member 2	LILRB2	CD markers, Predicted membrane proteins	Immune-cell-enriched	High (soluble receptor / shed)	NA (train PIRS)	NA	NA (train PIRS)	NA (train PIRS)	NA (train PIRS)	NA (train PIRS)	1.122	4.31e-02	yes	0.456	no	no	no	not tested	not an approved target	Low-moderate	1.563	3	Causal nomination (MR only)	Causal-only (PIRS not trained)	Block (antagonist / neutralizing antibody / small molecule)	Target nomination (causal, needs coloc)	Panel B/C (performance + signature)	Transcript-to-protein bridge: acquire cis-pQTL, test colocalization	Nominate: causal but needs colocalization before resourcing
753	Malignant neoplasm of prostate, excluding all cancers (controls excluding all cancers)	Neoplasm	Keratin, type I cytoskeletal 18	KRT18	Cancer-related genes, Disease related genes, Human disease related genes, Predicted intracellular proteins	Immune-cell-enriched	Measured (Olink Explore panel)	NA (train PIRS)	NA	NA (train PIRS)	NA (train PIRS)	NA (train PIRS)	NA (train PIRS)	0.541	1.82e-03	yes	0.0	no	no	no	not tested	not an approved target	Uncertain	1.548	3	Causal nomination (MR only)	Causal-only (PIRS not trained)	Agonize (protective; intracellular route caution)	Target nomination (causal, needs coloc)	Panel B/C (performance + signature)	Transcript-to-protein bridge: acquire cis-pQTL, test colocalization	Nominate: causal but needs colocalization before resourcing
754	Basal cell carcinoma, including avohilmo, excluding all cancers (controls excluding all cancers)	Neoplasm	Inositol polyphosphate 1-phosphatase	INPP1	Enzymes, Metabolic proteins, Predicted intracellular proteins	Immune-cell-enriched	Measured (Olink Explore panel)	NA (train PIRS)	NA	NA (train PIRS)	NA (train PIRS)	NA (train PIRS)	NA (train PIRS)	0.828	8.81e-03	yes	0.628	no	no	no	not tested	not an approved target	Uncertain	1.539	3	Causal nomination (MR only)	Causal-only (PIRS not trained)	Agonize (protective; intracellular route caution)	Target nomination (causal, needs coloc)	Panel B/C (performance + signature)	Transcript-to-protein bridge: acquire cis-pQTL, test colocalization	Nominate: causal but needs colocalization before resourcing
755	Basal cell carcinoma, excluding all cancers (controls excluding all cancers)	Neoplasm	Inositol polyphosphate 1-phosphatase	INPP1	Enzymes, Metabolic proteins, Predicted intracellular proteins	Immune-cell-enriched	Measured (Olink Explore panel)	NA (train PIRS)	NA	NA (train PIRS)	NA (train PIRS)	NA (train PIRS)	NA (train PIRS)	0.827	9.53e-03	yes	0.632	no	no	no	not tested	not an approved target	Uncertain	1.536	3	Causal nomination (MR only)	Causal-only (PIRS not trained)	Agonize (protective; intracellular route caution)	Target nomination (causal, needs coloc)	Panel B/C (performance + signature)	Transcript-to-protein bridge: acquire cis-pQTL, test colocalization	Nominate: causal but needs colocalization before resourcing
756	Arthrosis	Musculoskeletal	Transforming acidic coiled-coil-containing protein 3	TACC3	Predicted intracellular proteins	Immune-cell-enriched	Measured (Olink Explore panel)	NA (train PIRS)	NA	NA (train PIRS)	NA (train PIRS)	NA (train PIRS)	NA (train PIRS)	1.056	7.48e-06	yes	0.0	no	no	no	not tested	not an approved target	Uncertain	1.525	3	Causal nomination (MR only)	Causal-only (PIRS not trained)	Block (antagonist / neutralizing antibody / small molecule)	Target nomination (causal, needs coloc)	Panel B/C (performance + signature)	Transcript-to-protein bridge: acquire cis-pQTL, test colocalization	Nominate: causal but needs colocalization before resourcing
757	Gout, strict definition	Musculoskeletal	Osteopontin	SPP1	Cancer-related genes, Plasma proteins, Predicted secreted proteins	Immune-cell-enriched	High (secreted to blood)	NA (train PIRS)	NA	NA (train PIRS)	NA (train PIRS)	NA (train PIRS)	NA (train PIRS)	1.246	3.84e-04	yes	0.0	no	no	no	not tested	not an approved target	Low-moderate	1.516	3	Causal nomination (MR only)	Causal-only (PIRS not trained)	Block (antagonist / neutralizing antibody / small molecule)	Target nomination (causal, needs coloc)	Panel B/C (performance + signature)	Transcript-to-protein bridge: acquire cis-pQTL, test colocalization	Nominate: causal but needs colocalization before resourcing
758	Disorders of breast	Renal/Genitourinary	CCAAT/enhancer-binding protein beta	CEBPB	Predicted intracellular proteins, Transcription factors	Immune-cell-enriched	Measured (Olink Explore panel)	NA (train PIRS)	NA	NA (train PIRS)	NA (train PIRS)	NA (train PIRS)	NA (train PIRS)	0.709	1.56e-02	yes	0.154	no	no	no	not tested	not an approved target	Uncertain	1.515	3	Causal nomination (MR only)	Causal-only (PIRS not trained)	Agonize (protective; intracellular route caution)	Target nomination (causal, needs coloc)	Panel B/C (performance + signature)	Transcript-to-protein bridge: acquire cis-pQTL, test colocalization	Nominate: causal but needs colocalization before resourcing
759	Type 2 diabetes, definitions combined	Metabolic/Endocrine	Neural proliferation differentiation and control protein 1	NPDC1	Predicted intracellular proteins, Predicted membrane proteins	Immune-cell-enriched	Measured (Olink Explore panel)	NA (train PIRS)	NA	NA (train PIRS)	NA (train PIRS)	NA (train PIRS)	NA (train PIRS)	1.085	4.10e-04	yes	0.0	no	no	no	not tested	not an approved target	Low-moderate	1.511	3	Causal nomination (MR only)	Causal-only (PIRS not trained)	Block (antagonist / neutralizing antibody / small molecule)	Target nomination (causal, needs coloc)	Panel B/C (performance + signature)	Transcript-to-protein bridge: acquire cis-pQTL, test colocalization	Nominate: causal but needs colocalization before resourcing
760	Hereditary deficiency of other clotting factors	Haematological/Immune	Sodium/potassium-transporting ATPase subunit beta-1	ATP1B1	Metabolic proteins, Predicted intracellular proteins, Predicted membrane proteins, Transporters	Immune-cell-enriched	Measured (Olink Explore panel)	NA (train PIRS)	NA	NA (train PIRS)	NA (train PIRS)	NA (train PIRS)	NA (train PIRS)	0.332	6.67e-04	yes	0.0	no	no	no	not tested	not an approved target	Low-moderate	1.469	3	Causal nomination (MR only)	Causal-only (PIRS not trained)	Agonize (protective; intracellular route caution)	Target nomination (causal, needs coloc)	Panel B/C (performance + signature)	Transcript-to-protein bridge: acquire cis-pQTL, test colocalization	Nominate: causal but needs colocalization before resourcing
761	Cardiomyopathy	Cardiovascular	BAG family molecular chaperone regulator 3	BAG3	Disease related genes, Human disease related genes, Plasma proteins, Predicted intracellular proteins	Immune-cell-enriched	Measured (Olink Explore panel)	NA (train PIRS)	NA	NA (train PIRS)	NA (train PIRS)	NA (train PIRS)	NA (train PIRS)	0.545	1.69e-05	yes	0.001	no	no	no	not tested	not an approved target	Uncertain	1.455	3	Causal nomination (MR only)	Causal-only (PIRS not trained)	Agonize (protective; intracellular route caution)	Target nomination (causal, needs coloc)	Panel B/C (performance + signature)	Transcript-to-protein bridge: acquire cis-pQTL, test colocalization	Nominate: causal but needs colocalization before resourcing
762	Hypertrophy of breast	Renal/Genitourinary	Ras-related protein Ral-B	RALB	Enzymes, Predicted intracellular proteins, RAS pathway related proteins	Immune-cell-enriched	Measured (Olink Explore panel)	NA (train PIRS)	NA	NA (train PIRS)	NA (train PIRS)	NA (train PIRS)	NA (train PIRS)	1.272	2.45e-05	yes	0.0	no	no	no	not tested	not an approved target	Uncertain	1.422	3	Causal nomination (MR only)	Causal-only (PIRS not trained)	Block (antagonist / neutralizing antibody / small molecule)	Target nomination (causal, needs coloc)	Panel B/C (performance + signature)	Transcript-to-protein bridge: acquire cis-pQTL, test colocalization	Nominate: causal but needs colocalization before resourcing
763	Primary_lymphoid and hematopoietic malignant neoplasms (controls excluding all cancers)	Neoplasm	Actin, aortic smooth muscle	ACTA2	Disease related genes, Human disease related genes, Plasma proteins, Predicted intracellular proteins	Immune-cell-enriched	Measured (Olink Explore panel)	NA (train PIRS)	NA	NA (train PIRS)	NA (train PIRS)	NA (train PIRS)	NA (train PIRS)	1.081	5.53e-03	yes	0.467	no	no	no	not tested	not an approved target	Uncertain	1.418	3	Causal nomination (MR only)	Causal-only (PIRS not trained)	Block (antagonist / neutralizing antibody / small molecule)	Target nomination (causal, needs coloc)	Panel B/C (performance + signature)	Transcript-to-protein bridge: acquire cis-pQTL, test colocalization	Nominate: causal but needs colocalization before resourcing
764	Asthma-related acute respiratory infections	Respiratory	Peptidyl-prolyl cis-trans isomerase FKBP1B	FKBP1B	Enzymes, Metabolic proteins, Predicted intracellular proteins	Immune-cell-enriched	Measured (Olink Explore panel)	NA (train PIRS)	NA	NA (train PIRS)	NA (train PIRS)	NA (train PIRS)	NA (train PIRS)	1.253	4.38e-02	yes	0.641	no	no	no	not tested	not an approved target	Uncertain	1.413	3	Causal nomination (MR only)	Causal-only (PIRS not trained)	Block (antagonist / neutralizing antibody / small molecule)	Target nomination (causal, needs coloc)	Panel B/C (performance + signature)	Transcript-to-protein bridge: acquire cis-pQTL, test colocalization	Nominate: causal but needs colocalization before resourcing
765	Primary gonarthrosis, bilateral	Musculoskeletal	Transforming acidic coiled-coil-containing protein 3	TACC3	Predicted intracellular proteins	Immune-cell-enriched	Measured (Olink Explore panel)	NA (train PIRS)	NA	NA (train PIRS)	NA (train PIRS)	NA (train PIRS)	NA (train PIRS)	1.096	2.86e-05	yes	0.0	no	no	no	not tested	not an approved target	Uncertain	1.409	3	Causal nomination (MR only)	Causal-only (PIRS not trained)	Block (antagonist / neutralizing antibody / small molecule)	Target nomination (causal, needs coloc)	Panel B/C (performance + signature)	Transcript-to-protein bridge: acquire cis-pQTL, test colocalization	Nominate: causal but needs colocalization before resourcing
766	Other heart diseases	Cardiovascular	Density-regulated protein	DENR	Essential proteins, Plasma proteins, Predicted intracellular proteins	Immune-cell-enriched	Measured (Olink Explore panel)	NA (train PIRS)	NA	NA (train PIRS)	NA (train PIRS)	NA (train PIRS)	NA (train PIRS)	1.168	3.63e-02	yes	0.11	no	no	no	not tested	not an approved target	Uncertain	1.398	3	Causal nomination (MR only)	Causal-only (PIRS not trained)	Block (antagonist / neutralizing antibody / small molecule)	Target nomination (causal, needs coloc)	Panel B/C (performance + signature)	Transcript-to-protein bridge: acquire cis-pQTL, test colocalization	Nominate: causal but needs colocalization before resourcing
767	Antihypertensive medication - note that there are other indications	Medication/Other	Huntingtin-interacting protein 1-related protein	HIP1R	Cancer-related genes, Predicted intracellular proteins	Immune-cell-enriched	Measured (Olink Explore panel)	NA (train PIRS)	NA	NA (train PIRS)	NA (train PIRS)	NA (train PIRS)	NA (train PIRS)	1.267	1.22e-02	yes	0.011	no	no	no	not tested	not an approved target	Uncertain	1.394	3	Causal nomination (MR only)	Causal-only (PIRS not trained)	Block (antagonist / neutralizing antibody / small molecule)	Target nomination (causal, needs coloc)	Panel B/C (performance + signature)	Transcript-to-protein bridge: acquire cis-pQTL, test colocalization	Nominate: causal but needs colocalization before resourcing
768	Atopic dermatitis	Dermatological	Phosphoethanolamine/phosphocholine phosphatase	PHOSPHO1	Enzymes, Metabolic proteins, Predicted intracellular proteins	Immune-cell-enriched	Measured (Olink Explore panel)	NA (train PIRS)	NA	NA (train PIRS)	NA (train PIRS)	NA (train PIRS)	NA (train PIRS)	0.782	1.30e-02	yes	0.0	no	no	no	not tested	not an approved target	Uncertain	1.377	3	Causal nomination (MR only)	Causal-only (PIRS not trained)	Agonize (protective; intracellular route caution)	Target nomination (causal, needs coloc)	Panel B/C (performance + signature)	Transcript-to-protein bridge: acquire cis-pQTL, test colocalization	Nominate: causal but needs colocalization before resourcing
769	Hypertrophy of breast in women and men	Renal/Genitourinary	Ras-related protein Ral-B	RALB	Enzymes, Predicted intracellular proteins, RAS pathway related proteins	Immune-cell-enriched	Measured (Olink Explore panel)	NA (train PIRS)	NA	NA (train PIRS)	NA (train PIRS)	NA (train PIRS)	NA (train PIRS)	1.244	4.30e-05	yes	0.001	no	no	no	not tested	not an approved target	Uncertain	1.374	3	Causal nomination (MR only)	Causal-only (PIRS not trained)	Block (antagonist / neutralizing antibody / small molecule)	Target nomination (causal, needs coloc)	Panel B/C (performance + signature)	Transcript-to-protein bridge: acquire cis-pQTL, test colocalization	Nominate: causal but needs colocalization before resourcing
770	Cardiovascular diseases (excluding rheumatic etc)	Cardiovascular	Monocarboxylate transporter 1	SLC16A1	Disease related genes, Human disease related genes, Metabolic proteins, Potential drug targets, Predicted membrane proteins, Transporters	Immune-cell-enriched	Measured (Olink Explore panel)	NA (train PIRS)	NA	NA (train PIRS)	NA (train PIRS)	NA (train PIRS)	NA (train PIRS)	0.819	1.97e-03	yes	0.0	no	no	no	not tested	not an approved target	Low-moderate	1.374	3	Causal nomination (MR only)	Causal-only (PIRS not trained)	Agonize (protective; intracellular route caution)	Target nomination (causal, needs coloc)	Panel B/C (performance + signature)	Transcript-to-protein bridge: acquire cis-pQTL, test colocalization	Nominate: causal but needs colocalization before resourcing
771	Diverticular disease of intestine	Gastrointestinal	Intercellular adhesion molecule 3	ICAM3	CD markers, Plasma proteins, Predicted membrane proteins	Immune-cell-enriched	Measured (Olink Explore panel)	NA (train PIRS)	NA	NA (train PIRS)	NA (train PIRS)	NA (train PIRS)	NA (train PIRS)	0.892	2.39e-03	yes	0.0	no	no	no	not tested	not an approved target	Low-moderate	1.358	3	Causal nomination (MR only)	Causal-only (PIRS not trained)	Agonize (protective; intracellular route caution)	Target nomination (causal, needs coloc)	Panel B/C (performance + signature)	Transcript-to-protein bridge: acquire cis-pQTL, test colocalization	Nominate: causal but needs colocalization before resourcing
772	Arthropathies	Musculoskeletal	Density-regulated protein	DENR	Essential proteins, Plasma proteins, Predicted intracellular proteins	Immune-cell-enriched	Measured (Olink Explore panel)	NA (train PIRS)	NA	NA (train PIRS)	NA (train PIRS)	NA (train PIRS)	NA (train PIRS)	0.899	1.74e-02	yes	0.004	no	no	no	not tested	not an approved target	Uncertain	1.356	3	Causal nomination (MR only)	Causal-only (PIRS not trained)	Agonize (protective; intracellular route caution)	Target nomination (causal, needs coloc)	Panel B/C (performance + signature)	Transcript-to-protein bridge: acquire cis-pQTL, test colocalization	Nominate: causal but needs colocalization before resourcing
773	Acute appendicitis	Gastrointestinal	Fibrillin-2	FBN2	Cancer-related genes, Disease related genes, Human disease related genes, Plasma proteins, Predicted secreted proteins	Immune-cell-enriched	High (secreted to blood)	NA (train PIRS)	NA	NA (train PIRS)	NA (train PIRS)	NA (train PIRS)	NA (train PIRS)	0.955	4.94e-02	yes	0.249	no	no	no	not tested	not an approved target	Low-moderate	1.344	3	Causal nomination (MR only)	Causal-only (PIRS not trained)	Agonize / recombinant-protein replacement (protective, secreted)	Target nomination (causal, needs coloc)	Panel B/C (performance + signature)	Transcript-to-protein bridge: acquire cis-pQTL, test colocalization	Nominate: causal but needs colocalization before resourcing
774	Other joint disorders	Musculoskeletal	Density-regulated protein	DENR	Essential proteins, Plasma proteins, Predicted intracellular proteins	Immune-cell-enriched	Measured (Olink Explore panel)	NA (train PIRS)	NA	NA (train PIRS)	NA (train PIRS)	NA (train PIRS)	NA (train PIRS)	0.884	2.16e-02	yes	0.0	no	no	no	replicated (FinnGen + UK Biobank)	not an approved target	Uncertain	1.333	3	Causal nomination (MR only)	Causal-only (PIRS not trained)	Agonize (protective; intracellular route caution)	Target nomination (causal, needs coloc)	Panel B/C (performance + signature)	Transcript-to-protein bridge: acquire cis-pQTL, test colocalization	Nominate: causal but needs colocalization before resourcing
775	Systemic connective tissue disorders	Musculoskeletal	OTU domain-containing protein 7B	OTUD7B	Enzymes, Predicted intracellular proteins	Immune-cell-enriched	Measured (Olink Explore panel)	NA (train PIRS)	NA	NA (train PIRS)	NA (train PIRS)	NA (train PIRS)	NA (train PIRS)	0.672	2.28e-02	yes	0.0	no	no	no	not tested	not an approved target	Uncertain	1.329	3	Causal nomination (MR only)	Causal-only (PIRS not trained)	Agonize (protective; intracellular route caution)	Target nomination (causal, needs coloc)	Panel B/C (performance + signature)	Transcript-to-protein bridge: acquire cis-pQTL, test colocalization	Nominate: causal but needs colocalization before resourcing
776	Dermatitis and eczema	Dermatological	Phosphoethanolamine/phosphocholine phosphatase	PHOSPHO1	Enzymes, Metabolic proteins, Predicted intracellular proteins	Immune-cell-enriched	Measured (Olink Explore panel)	NA (train PIRS)	NA	NA (train PIRS)	NA (train PIRS)	NA (train PIRS)	NA (train PIRS)	0.848	2.59e-02	yes	0.0	no	no	no	not tested	not an approved target	Uncertain	1.317	3	Causal nomination (MR only)	Causal-only (PIRS not trained)	Agonize (protective; intracellular route caution)	Target nomination (causal, needs coloc)	Panel B/C (performance + signature)	Transcript-to-protein bridge: acquire cis-pQTL, test colocalization	Nominate: causal but needs colocalization before resourcing
777	Pregnancy hypertension	Other	Keratin, type I cytoskeletal 18	KRT18	Cancer-related genes, Disease related genes, Human disease related genes, Predicted intracellular proteins	Immune-cell-enriched	Measured (Olink Explore panel)	NA (train PIRS)	NA	NA (train PIRS)	NA (train PIRS)	NA (train PIRS)	NA (train PIRS)	1.589	2.87e-02	yes	0.0	no	no	no	not tested	not an approved target	Uncertain	1.308	3	Causal nomination (MR only)	Causal-only (PIRS not trained)	Block (antagonist / neutralizing antibody / small molecule)	Target nomination (causal, needs coloc)	Panel B/C (performance + signature)	Transcript-to-protein bridge: acquire cis-pQTL, test colocalization	Nominate: causal but needs colocalization before resourcing
778	Spondylopathies	Musculoskeletal	Density-regulated protein	DENR	Essential proteins, Plasma proteins, Predicted intracellular proteins	Immune-cell-enriched	Measured (Olink Explore panel)	NA (train PIRS)	NA	NA (train PIRS)	NA (train PIRS)	NA (train PIRS)	NA (train PIRS)	0.854	4.50e-02	yes	0.02	no	no	no	not tested	not an approved target	Uncertain	1.29	3	Causal nomination (MR only)	Causal-only (PIRS not trained)	Agonize (protective; intracellular route caution)	Target nomination (causal, needs coloc)	Panel B/C (performance + signature)	Transcript-to-protein bridge: acquire cis-pQTL, test colocalization	Nominate: causal but needs colocalization before resourcing
779	Basal cell carcinoma, including avohilmo, excluding all cancers (controls excluding all cancers)	Neoplasm	OTU domain-containing protein 7B	OTUD7B	Enzymes, Predicted intracellular proteins	Immune-cell-enriched	Measured (Olink Explore panel)	NA (train PIRS)	NA	NA (train PIRS)	NA (train PIRS)	NA (train PIRS)	NA (train PIRS)	1.358	3.98e-02	yes	0.0	no	no	no	not tested	not an approved target	Uncertain	1.28	3	Causal nomination (MR only)	Causal-only (PIRS not trained)	Block (antagonist / neutralizing antibody / small molecule)	Target nomination (causal, needs coloc)	Panel B/C (performance + signature)	Transcript-to-protein bridge: acquire cis-pQTL, test colocalization	Nominate: causal but needs colocalization before resourcing
780	Cardiovascular diseases (excluding rheumatic etc)	Cardiovascular	Low-density lipoprotein receptor	LDLR	Disease related genes, Human disease related genes, Metabolic proteins, Plasma proteins, Predicted intracellular proteins, Predicted membrane proteins	Immune-cell-enriched	High (soluble receptor / shed)	NA (train PIRS)	NA	NA (train PIRS)	NA (train PIRS)	NA (train PIRS)	NA (train PIRS)	0.681	6.71e-03	yes	0.0	no	no	no	not tested	not an approved target	Low-moderate	1.268	3	Causal nomination (MR only)	Causal-only (PIRS not trained)	Replace / decoy-receptor or agonist (protective, soluble)	Target nomination (causal, needs coloc)	Panel B/C (performance + signature)	Transcript-to-protein bridge: acquire cis-pQTL, test colocalization	Nominate: causal but needs colocalization before resourcing
781	Atrial fibrillation and flutter	Cardiovascular	Disintegrin and metalloproteinase domain-containing protein 15	ADAM15	Predicted intracellular proteins, Predicted membrane proteins	Immune-cell-enriched	Measured (Olink Explore panel)	NA (train PIRS)	NA	NA (train PIRS)	NA (train PIRS)	NA (train PIRS)	NA (train PIRS)	0.93	7.71e-03	yes	0.0	no	no	no	not tested	not an approved target	Low-moderate	1.256	3	Causal nomination (MR only)	Causal-only (PIRS not trained)	Agonize (protective; intracellular route caution)	Target nomination (causal, needs coloc)	Panel B/C (performance + signature)	Transcript-to-protein bridge: acquire cis-pQTL, test colocalization	Nominate: causal but needs colocalization before resourcing
782	Hypertension	Cardiovascular	Monocarboxylate transporter 1	SLC16A1	Disease related genes, Human disease related genes, Metabolic proteins, Potential drug targets, Predicted membrane proteins, Transporters	Immune-cell-enriched	Measured (Olink Explore panel)	NA (train PIRS)	NA	NA (train PIRS)	NA (train PIRS)	NA (train PIRS)	NA (train PIRS)	0.828	8.78e-03	yes	0.0	no	no	no	not tested	not an approved target	Low-moderate	1.245	3	Causal nomination (MR only)	Causal-only (PIRS not trained)	Agonize (protective; intracellular route caution)	Target nomination (causal, needs coloc)	Panel B/C (performance + signature)	Transcript-to-protein bridge: acquire cis-pQTL, test colocalization	Nominate: causal but needs colocalization before resourcing
783	Type 2 diabetes, wide definition	Metabolic/Endocrine	Protein sprouty homolog 2	SPRY2	Disease related genes, Plasma proteins, Predicted membrane proteins	Immune-cell-enriched	Measured (Olink Explore panel)	NA (train PIRS)	NA	NA (train PIRS)	NA (train PIRS)	NA (train PIRS)	NA (train PIRS)	1.297	1.04e-02	yes	0.0	no	no	no	not tested	not an approved target	Low-moderate	1.23	3	Causal nomination (MR only)	Causal-only (PIRS not trained)	Block (antagonist / neutralizing antibody / small molecule)	Target nomination (causal, needs coloc)	Panel B/C (performance + signature)	Transcript-to-protein bridge: acquire cis-pQTL, test colocalization	Nominate: causal but needs colocalization before resourcing
784	Parkinson's disease	Neurological/Psychiatric	Alpha-synuclein	SNCA	Disease related genes, Human disease related genes, Plasma proteins, Potential drug targets, Predicted intracellular proteins, Transporters	Immune-cell-enriched	Measured (Olink Explore panel)	NA (train PIRS)	NA	NA (train PIRS)	NA (train PIRS)	NA (train PIRS)	NA (train PIRS)	0.622	4.05e-04	yes	0.013	no	no	no	not tested	not an approved target	Uncertain	1.192	3	Causal nomination (MR only)	Causal-only (PIRS not trained)	Agonize (protective; intracellular route caution)	Target nomination (causal, needs coloc)	Panel B/C (performance + signature)	Transcript-to-protein bridge: acquire cis-pQTL, test colocalization	Nominate: causal but needs colocalization before resourcing
785	Diabetes, insulin treatment (Kela reimbursement) (more control exclusions)	Metabolic/Endocrine	Neural proliferation differentiation and control protein 1	NPDC1	Predicted intracellular proteins, Predicted membrane proteins	Immune-cell-enriched	Measured (Olink Explore panel)	NA (train PIRS)	NA	NA (train PIRS)	NA (train PIRS)	NA (train PIRS)	NA (train PIRS)	1.072	1.70e-02	yes	0.0	no	no	no	not tested	not an approved target	Low-moderate	1.187	3	Causal nomination (MR only)	Causal-only (PIRS not trained)	Block (antagonist / neutralizing antibody / small molecule)	Target nomination (causal, needs coloc)	Panel B/C (performance + signature)	Transcript-to-protein bridge: acquire cis-pQTL, test colocalization	Nominate: causal but needs colocalization before resourcing
786	Statin medication	Cardiovascular	phospholipase A2 inhibitor and Ly6/PLAUR domain-containing protein	PINLYP	Predicted intracellular proteins, Predicted secreted proteins	Immune-cell-enriched	High (secreted to blood)	NA (train PIRS)	NA	NA (train PIRS)	NA (train PIRS)	NA (train PIRS)	NA (train PIRS)	1.154	1.78e-02	yes	0.0	no	no	no	not tested	not an approved target	Low-moderate	1.183	3	Causal nomination (MR only)	Causal-only (PIRS not trained)	Block (antagonist / neutralizing antibody / small molecule)	Target nomination (causal, needs coloc)	Panel B/C (performance + signature)	Transcript-to-protein bridge: acquire cis-pQTL, test colocalization	Nominate: causal but needs colocalization before resourcing
787	Phlebitis and thrombophlebitis (not including DVT)	Cardiovascular	Tetraspanin-15	TSPAN15	Predicted membrane proteins, Transporters	Immune-cell-enriched	Measured (Olink Explore panel)	NA (train PIRS)	NA	NA (train PIRS)	NA (train PIRS)	NA (train PIRS)	NA (train PIRS)	0.717	2.52e-02	yes	0.0	no	no	no	not tested	not an approved target	Low-moderate	1.153	3	Causal nomination (MR only)	Causal-only (PIRS not trained)	Agonize (protective; intracellular route caution)	Target nomination (causal, needs coloc)	Panel B/C (performance + signature)	Transcript-to-protein bridge: acquire cis-pQTL, test colocalization	Nominate: causal but needs colocalization before resourcing
788	Artrosis, including avohilmo	Musculoskeletal	Transforming acidic coiled-coil-containing protein 3	TACC3	Predicted intracellular proteins	Immune-cell-enriched	Measured (Olink Explore panel)	NA (train PIRS)	NA	NA (train PIRS)	NA (train PIRS)	NA (train PIRS)	NA (train PIRS)	1.042	6.08e-04	yes	0.0	no	no	no	not tested	not an approved target	Uncertain	1.143	3	Causal nomination (MR only)	Causal-only (PIRS not trained)	Block (antagonist / neutralizing antibody / small molecule)	Target nomination (causal, needs coloc)	Panel B/C (performance + signature)	Transcript-to-protein bridge: acquire cis-pQTL, test colocalization	Nominate: causal but needs colocalization before resourcing
789	Gonarthrosis, primary, with knee surgery	Musculoskeletal	Osteopontin	SPP1	Cancer-related genes, Plasma proteins, Predicted secreted proteins	Immune-cell-enriched	High (secreted to blood)	NA (train PIRS)	NA	NA (train PIRS)	NA (train PIRS)	NA (train PIRS)	NA (train PIRS)	0.912	3.22e-02	yes	0.0	no	no	no	not tested	not an approved target	Low-moderate	1.132	3	Causal nomination (MR only)	Causal-only (PIRS not trained)	Agonize / recombinant-protein replacement (protective, secreted)	Target nomination (causal, needs coloc)	Panel B/C (performance + signature)	Transcript-to-protein bridge: acquire cis-pQTL, test colocalization	Nominate: causal but needs colocalization before resourcing
790	Antihypertensive medication - note that there are other indications	Medication/Other	ADAMTS-like protein 4	ADAMTSL4	Disease related genes, Human disease related genes, Predicted secreted proteins	Immune-cell-enriched	High (secreted to blood)	NA (train PIRS)	NA	NA (train PIRS)	NA (train PIRS)	NA (train PIRS)	NA (train PIRS)	1.065	3.92e-02	yes	NA	no	no	no	not tested	not an approved target	Low-moderate	1.115	3	Causal nomination (MR only)	Causal-only (PIRS not trained)	Block (antagonist / neutralizing antibody / small molecule)	Target nomination (causal, needs coloc)	Panel B/C (performance + signature)	Transcript-to-protein bridge: acquire cis-pQTL, test colocalization	Nominate: causal but needs colocalization before resourcing
791	Diseases of arteries, arterioles and capillaries (FINNGEN)	Cardiovascular	Low-density lipoprotein receptor	LDLR	Disease related genes, Human disease related genes, Metabolic proteins, Plasma proteins, Predicted intracellular proteins, Predicted membrane proteins	Immune-cell-enriched	High (soluble receptor / shed)	NA (train PIRS)	NA	NA (train PIRS)	NA (train PIRS)	NA (train PIRS)	NA (train PIRS)	0.471	4.38e-02	yes	0.0	no	no	no	not tested	not an approved target	Low-moderate	1.105	3	Causal nomination (MR only)	Causal-only (PIRS not trained)	Replace / decoy-receptor or agonist (protective, soluble)	Target nomination (causal, needs coloc)	Panel B/C (performance + signature)	Transcript-to-protein bridge: acquire cis-pQTL, test colocalization	Nominate: causal but needs colocalization before resourcing
792	Dementia, including avohilmo	Neurological/Psychiatric	Transcription factor RelB	RELB	Cancer-related genes, Disease related genes, Human disease related genes, Plasma proteins, Predicted intracellular proteins, Transcription factors	Immune-cell-enriched	Measured (Olink Explore panel)	NA (train PIRS)	NA	NA (train PIRS)	NA (train PIRS)	NA (train PIRS)	NA (train PIRS)	0.365	1.44e-03	yes	0.0	no	no	no	not tested	not an approved target	Uncertain	1.068	3	Causal nomination (MR only)	Causal-only (PIRS not trained)	Agonize (protective; intracellular route caution)	Target nomination (causal, needs coloc)	Panel B/C (performance + signature)	Transcript-to-protein bridge: acquire cis-pQTL, test colocalization	Nominate: causal but needs colocalization before resourcing
793	Unspecific neurodegenerative disorder	Neurological/Psychiatric	Transcription factor RelB	RELB	Cancer-related genes, Disease related genes, Human disease related genes, Plasma proteins, Predicted intracellular proteins, Transcription factors	Immune-cell-enriched	Measured (Olink Explore panel)	NA (train PIRS)	NA	NA (train PIRS)	NA (train PIRS)	NA (train PIRS)	NA (train PIRS)	0.335	2.90e-03	yes	0.0	no	no	no	not tested	not an approved target	Uncertain	1.008	3	Causal nomination (MR only)	Causal-only (PIRS not trained)	Agonize (protective; intracellular route caution)	Target nomination (causal, needs coloc)	Panel B/C (performance + signature)	Transcript-to-protein bridge: acquire cis-pQTL, test colocalization	Nominate: causal but needs colocalization before resourcing
794	Asthma and allergy	Respiratory	Trans-acting T-cell-specific transcription factor GATA-3	GATA3	Cancer-related genes, Disease related genes, Human disease related genes, Plasma proteins, Predicted intracellular proteins, Transcription factors	Immune-cell-enriched	Measured (Olink Explore panel)	NA (train PIRS)	NA	NA (train PIRS)	NA (train PIRS)	NA (train PIRS)	NA (train PIRS)	0.222	2.24e-02	yes	0.178	no	no	no	not tested	not an approved target	Uncertain	1.008	3	Causal nomination (MR only)	Causal-only (PIRS not trained)	Agonize (protective; intracellular route caution)	Target nomination (causal, needs coloc)	Panel B/C (performance + signature)	Transcript-to-protein bridge: acquire cis-pQTL, test colocalization	Nominate: causal but needs colocalization before resourcing
795	Dementia	Neurological/Psychiatric	Transcription factor RelB	RELB	Cancer-related genes, Disease related genes, Human disease related genes, Plasma proteins, Predicted intracellular proteins, Transcription factors	Immune-cell-enriched	Measured (Olink Explore panel)	NA (train PIRS)	NA	NA (train PIRS)	NA (train PIRS)	NA (train PIRS)	NA (train PIRS)	0.371	4.15e-03	yes	0.0	no	no	no	not tested	not an approved target	Uncertain	0.976	3	Causal nomination (MR only)	Causal-only (PIRS not trained)	Agonize (protective; intracellular route caution)	Target nomination (causal, needs coloc)	Panel B/C (performance + signature)	Transcript-to-protein bridge: acquire cis-pQTL, test colocalization	Nominate: causal but needs colocalization before resourcing
796	Malignant neoplasm of skin, excluding all cancers (controls excluding all cancers)	Neoplasm	Lipoma-preferred partner	LPP	Cancer-related genes, Disease related genes, Human disease related genes, Plasma proteins, Predicted intracellular proteins	Immune-cell-enriched	Measured (Olink Explore panel)	NA (train PIRS)	NA	NA (train PIRS)	NA (train PIRS)	NA (train PIRS)	NA (train PIRS)	1.167	6.51e-03	yes	0.0	no	no	no	not tested	not an approved target	Uncertain	0.937	3	Causal nomination (MR only)	Causal-only (PIRS not trained)	Block (antagonist / neutralizing antibody / small molecule)	Target nomination (causal, needs coloc)	Panel B/C (performance + signature)	Transcript-to-protein bridge: acquire cis-pQTL, test colocalization	Nominate: causal but needs colocalization before resourcing
797	Basal cell carcinoma, excluding all cancers (controls excluding all cancers)	Neoplasm	Lipoma-preferred partner	LPP	Cancer-related genes, Disease related genes, Human disease related genes, Plasma proteins, Predicted intracellular proteins	Immune-cell-enriched	Measured (Olink Explore panel)	NA (train PIRS)	NA	NA (train PIRS)	NA (train PIRS)	NA (train PIRS)	NA (train PIRS)	1.19	6.89e-03	yes	0.0	no	no	no	not tested	not an approved target	Uncertain	0.932	3	Causal nomination (MR only)	Causal-only (PIRS not trained)	Block (antagonist / neutralizing antibody / small molecule)	Target nomination (causal, needs coloc)	Panel B/C (performance + signature)	Transcript-to-protein bridge: acquire cis-pQTL, test colocalization	Nominate: causal but needs colocalization before resourcing
798	Basal cell carcinoma, including avohilmo, excluding all cancers (controls excluding all cancers)	Neoplasm	Lipoma-preferred partner	LPP	Cancer-related genes, Disease related genes, Human disease related genes, Plasma proteins, Predicted intracellular proteins	Immune-cell-enriched	Measured (Olink Explore panel)	NA (train PIRS)	NA	NA (train PIRS)	NA (train PIRS)	NA (train PIRS)	NA (train PIRS)	1.187	6.97e-03	yes	0.0	no	no	no	not tested	not an approved target	Uncertain	0.931	3	Causal nomination (MR only)	Causal-only (PIRS not trained)	Block (antagonist / neutralizing antibody / small molecule)	Target nomination (causal, needs coloc)	Panel B/C (performance + signature)	Transcript-to-protein bridge: acquire cis-pQTL, test colocalization	Nominate: causal but needs colocalization before resourcing
799	Hypothyroidism, strict autoimmune	Metabolic/Endocrine	GTPase Hras	HRAS	Cancer-related genes, Disease related genes, Enzymes, Human disease related genes, Plasma proteins, Potential drug targets, Predicted intracellular proteins, RAS pathway related proteins	Immune-cell-enriched	Measured (Olink Explore panel)	NA (train PIRS)	NA	NA (train PIRS)	NA (train PIRS)	NA (train PIRS)	NA (train PIRS)	1.131	3.26e-02	yes	0.125	no	no	no	not tested	not an approved target	Uncertain	0.923	3	Causal nomination (MR only)	Causal-only (PIRS not trained)	Block (antagonist / neutralizing antibody / small molecule)	Target nomination (causal, needs coloc)	Panel B/C (performance + signature)	Transcript-to-protein bridge: acquire cis-pQTL, test colocalization	Nominate: causal but needs colocalization before resourcing
800	Hypertension, essential	Cardiovascular	Myosin light chain 4	MYL4	Disease related genes, Human disease related genes, Plasma proteins, Predicted intracellular proteins	Immune-cell-enriched	Measured (Olink Explore panel)	NA (train PIRS)	NA	NA (train PIRS)	NA (train PIRS)	NA (train PIRS)	NA (train PIRS)	1.702	8.60e-03	yes	0.0	no	no	no	not tested	not an approved target	Uncertain	0.913	3	Causal nomination (MR only)	Causal-only (PIRS not trained)	Block (antagonist / neutralizing antibody / small molecule)	Target nomination (causal, needs coloc)	Panel B/C (performance + signature)	Transcript-to-protein bridge: acquire cis-pQTL, test colocalization	Nominate: causal but needs colocalization before resourcing
801	Hypertension	Cardiovascular	Myosin light chain 4	MYL4	Disease related genes, Human disease related genes, Plasma proteins, Predicted intracellular proteins	Immune-cell-enriched	Measured (Olink Explore panel)	NA (train PIRS)	NA	NA (train PIRS)	NA (train PIRS)	NA (train PIRS)	NA (train PIRS)	1.657	8.85e-03	yes	0.0	no	no	no	not tested	not an approved target	Uncertain	0.911	3	Causal nomination (MR only)	Causal-only (PIRS not trained)	Block (antagonist / neutralizing antibody / small molecule)	Target nomination (causal, needs coloc)	Panel B/C (performance + signature)	Transcript-to-protein bridge: acquire cis-pQTL, test colocalization	Nominate: causal but needs colocalization before resourcing
802	Arthropathies	Musculoskeletal	Transforming acidic coiled-coil-containing protein 3	TACC3	Predicted intracellular proteins	Immune-cell-enriched	Measured (Olink Explore panel)	NA (train PIRS)	NA	NA (train PIRS)	NA (train PIRS)	NA (train PIRS)	NA (train PIRS)	1.033	1.03e-02	yes	0.0	no	no	no	not tested	not an approved target	Uncertain	0.898	3	Causal nomination (MR only)	Causal-only (PIRS not trained)	Block (antagonist / neutralizing antibody / small molecule)	Target nomination (causal, needs coloc)	Panel B/C (performance + signature)	Transcript-to-protein bridge: acquire cis-pQTL, test colocalization	Nominate: causal but needs colocalization before resourcing
803	Alzheimer disease	Neurological/Psychiatric	Transcription factor RelB	RELB	Cancer-related genes, Disease related genes, Human disease related genes, Plasma proteins, Predicted intracellular proteins, Transcription factors	Immune-cell-enriched	Measured (Olink Explore panel)	NA (train PIRS)	NA	NA (train PIRS)	NA (train PIRS)	NA (train PIRS)	NA (train PIRS)	0.301	1.17e-02	yes	0.0	no	no	no	not tested	not an approved target	Uncertain	0.886	3	Causal nomination (MR only)	Causal-only (PIRS not trained)	Agonize (protective; intracellular route caution)	Target nomination (causal, needs coloc)	Panel B/C (performance + signature)	Transcript-to-protein bridge: acquire cis-pQTL, test colocalization	Nominate: causal but needs colocalization before resourcing
804	Hypothyroidism, strict autoimmune	Metabolic/Endocrine	Ubiquitin-conjugating enzyme E2 B	UBE2B	Enzymes, Metabolic proteins, Predicted intracellular proteins	Immune-cell-enriched	Measured (Olink Explore panel)	NA (train PIRS)	NA	NA (train PIRS)	NA (train PIRS)	NA (train PIRS)	NA (train PIRS)	0.865	1.33e-02	yes	0.0	no	no	no	not tested	not an approved target	Uncertain	0.875	3	Causal nomination (MR only)	Causal-only (PIRS not trained)	Agonize (protective; intracellular route caution)	Target nomination (causal, needs coloc)	Panel B/C (performance + signature)	Transcript-to-protein bridge: acquire cis-pQTL, test colocalization	Nominate: causal but needs colocalization before resourcing
805	Other malignant neoplasms of skin (=non-melanoma skin cancer), excluding all cancers (controls excluding all cancers)	Neoplasm	Lipoma-preferred partner	LPP	Cancer-related genes, Disease related genes, Human disease related genes, Plasma proteins, Predicted intracellular proteins	Immune-cell-enriched	Measured (Olink Explore panel)	NA (train PIRS)	NA	NA (train PIRS)	NA (train PIRS)	NA (train PIRS)	NA (train PIRS)	1.172	1.76e-02	yes	0.0	no	no	no	not tested	not an approved target	Uncertain	0.851	3	Causal nomination (MR only)	Causal-only (PIRS not trained)	Block (antagonist / neutralizing antibody / small molecule)	Target nomination (causal, needs coloc)	Panel B/C (performance + signature)	Transcript-to-protein bridge: acquire cis-pQTL, test colocalization	Nominate: causal but needs colocalization before resourcing
806	Disorders of the thyroid gland	Metabolic/Endocrine	Ubiquitin-conjugating enzyme E2 B	UBE2B	Enzymes, Metabolic proteins, Predicted intracellular proteins	Immune-cell-enriched	Measured (Olink Explore panel)	NA (train PIRS)	NA	NA (train PIRS)	NA (train PIRS)	NA (train PIRS)	NA (train PIRS)	0.886	2.14e-02	yes	0.0	no	no	no	not tested	not an approved target	Uncertain	0.834	3	Causal nomination (MR only)	Causal-only (PIRS not trained)	Agonize (protective; intracellular route caution)	Target nomination (causal, needs coloc)	Panel B/C (performance + signature)	Transcript-to-protein bridge: acquire cis-pQTL, test colocalization	Nominate: causal but needs colocalization before resourcing
807	Atopic dermatitis	Dermatological	GDNF family receptor alpha-2	GFRA2	Predicted intracellular proteins	Immune-cell-enriched	High (soluble receptor / shed)	NA (train PIRS)	NA	NA (train PIRS)	NA (train PIRS)	NA (train PIRS)	NA (train PIRS)	1.088	2.48e-02	yes	0.0	no	no	no	not tested	not an approved target	Uncertain	0.821	3	Causal nomination (MR only)	Causal-only (PIRS not trained)	Block (antagonist / neutralizing antibody / small molecule)	Target nomination (causal, needs coloc)	Panel B/C (performance + signature)	Transcript-to-protein bridge: acquire cis-pQTL, test colocalization	Nominate: causal but needs colocalization before resourcing
808	Other diseases of upper respiratory tract	Respiratory	Trans-acting T-cell-specific transcription factor GATA-3	GATA3	Cancer-related genes, Disease related genes, Human disease related genes, Plasma proteins, Predicted intracellular proteins, Transcription factors	Immune-cell-enriched	Measured (Olink Explore panel)	NA (train PIRS)	NA	NA (train PIRS)	NA (train PIRS)	NA (train PIRS)	NA (train PIRS)	0.679	3.52e-02	yes	0.026	no	no	no	not tested	not an approved target	Uncertain	0.816	3	Causal nomination (MR only)	Causal-only (PIRS not trained)	Agonize (protective; intracellular route caution)	Target nomination (causal, needs coloc)	Panel B/C (performance + signature)	Transcript-to-protein bridge: acquire cis-pQTL, test colocalization	Nominate: causal but needs colocalization before resourcing
809	Atopic dermatitis	Dermatological	Docking protein 2	DOK2	Predicted intracellular proteins	Immune-cell-enriched	Measured (Olink Explore panel)	NA (train PIRS)	NA	NA (train PIRS)	NA (train PIRS)	NA (train PIRS)	NA (train PIRS)	1.098	2.74e-02	yes	0.0	no	no	no	not tested	not an approved target	Uncertain	0.812	3	Causal nomination (MR only)	Causal-only (PIRS not trained)	Block (antagonist / neutralizing antibody / small molecule)	Target nomination (causal, needs coloc)	Panel B/C (performance + signature)	Transcript-to-protein bridge: acquire cis-pQTL, test colocalization	Nominate: causal but needs colocalization before resourcing
810	Myotonic disorders	Neurological/Psychiatric	Ras-related protein Rab-6B	RAB6B	Enzymes, Predicted intracellular proteins	Immune-cell-enriched	Measured (Olink Explore panel)	NA (train PIRS)	NA	NA (train PIRS)	NA (train PIRS)	NA (train PIRS)	NA (train PIRS)	0.277	2.81e-02	yes	0.0	no	no	no	not tested	not an approved target	Uncertain	0.81	3	Causal nomination (MR only)	Causal-only (PIRS not trained)	Agonize (protective; intracellular route caution)	Target nomination (causal, needs coloc)	Panel B/C (performance + signature)	Transcript-to-protein bridge: acquire cis-pQTL, test colocalization	Nominate: causal but needs colocalization before resourcing
811	Diseases of veins, lymphatic vessels and lymph nodes, not elsewhere classified	Cardiovascular	Myosin light chain 4	MYL4	Disease related genes, Human disease related genes, Plasma proteins, Predicted intracellular proteins	Immune-cell-enriched	Measured (Olink Explore panel)	NA (train PIRS)	NA	NA (train PIRS)	NA (train PIRS)	NA (train PIRS)	NA (train PIRS)	0.575	3.49e-02	yes	0.0	no	no	no	not tested	not an approved target	Uncertain	0.792	3	Causal nomination (MR only)	Causal-only (PIRS not trained)	Agonize (protective; intracellular route caution)	Target nomination (causal, needs coloc)	Panel B/C (performance + signature)	Transcript-to-protein bridge: acquire cis-pQTL, test colocalization	Nominate: causal but needs colocalization before resourcing
812	Autoimmune diseases excluding thyroid diseases	Haematological/Immune	Complement C2	C2	Disease related genes, Enzymes, Human disease related genes, Plasma proteins, Potential drug targets, Predicted intracellular proteins, Predicted secreted proteins	Complement/Coagulation	High (secreted to blood)	NA (train PIRS)	NA	NA (train PIRS)	NA (train PIRS)	NA (train PIRS)	NA (train PIRS)	2.278	7.96e-47	yes	NA	no	no	no	not tested	not an approved target	Low-moderate	5.833	2	MHC/LD — held at nomination	Causal-only (PIRS not trained)	Block (antagonist/neutralizing Ab) — held (MHC/LD caution)	Biomarker (predictive) — not yet a target	Panel D (concordance, MHC-flagged)	Fine-map MHC / condition on classical HLA alleles before any claim	Hold: MHC/LD confounding must be excluded
813	Autoimmune diseases	Haematological/Immune	Complement C2	C2	Disease related genes, Enzymes, Human disease related genes, Plasma proteins, Potential drug targets, Predicted intracellular proteins, Predicted secreted proteins	Complement/Coagulation	High (secreted to blood)	NA (train PIRS)	NA	NA (train PIRS)	NA (train PIRS)	NA (train PIRS)	NA (train PIRS)	1.894	1.50e-45	yes	NA	no	no	no	not tested	not an approved target	Low-moderate	5.833	2	MHC/LD — held at nomination	Causal-only (PIRS not trained)	Block (antagonist/neutralizing Ab) — held (MHC/LD caution)	Biomarker (predictive) — not yet a target	Panel D (concordance, MHC-flagged)	Fine-map MHC / condition on classical HLA alleles before any claim	Hold: MHC/LD confounding must be excluded
814	Reimbursement for rheumatic diseases	Gastrointestinal	Complement C2	C2	Disease related genes, Enzymes, Human disease related genes, Plasma proteins, Potential drug targets, Predicted intracellular proteins, Predicted secreted proteins	Complement/Coagulation	High (secreted to blood)	NA (train PIRS)	NA	NA (train PIRS)	NA (train PIRS)	NA (train PIRS)	NA (train PIRS)	3.212	1.09e-40	yes	NA	no	no	no	not tested	not an approved target	Low-moderate	5.833	2	MHC/LD — held at nomination	Causal-only (PIRS not trained)	Block (antagonist/neutralizing Ab) — held (MHC/LD caution)	Biomarker (predictive) — not yet a target	Panel D (concordance, MHC-flagged)	Fine-map MHC / condition on classical HLA alleles before any claim	Hold: MHC/LD confounding must be excluded
815	Type 1 diabetes, definitions combined	Metabolic/Endocrine	Complement C2	C2	Disease related genes, Enzymes, Human disease related genes, Plasma proteins, Potential drug targets, Predicted intracellular proteins, Predicted secreted proteins	Complement/Coagulation	High (secreted to blood)	NA (train PIRS)	NA	NA (train PIRS)	NA (train PIRS)	NA (train PIRS)	NA (train PIRS)	25.667	6.85e-37	yes	NA	no	no	no	not tested	not an approved target	Low-moderate	5.833	2	MHC/LD — held at nomination	Causal-only (PIRS not trained)	Block (antagonist/neutralizing Ab) — held (MHC/LD caution)	Biomarker (predictive) — not yet a target	Panel D (concordance, MHC-flagged)	Fine-map MHC / condition on classical HLA alleles before any claim	Hold: MHC/LD confounding must be excluded
816	Seropositive rheumatoid arthritis, wide	Musculoskeletal	Complement C2	C2	Disease related genes, Enzymes, Human disease related genes, Plasma proteins, Potential drug targets, Predicted intracellular proteins, Predicted secreted proteins	Complement/Coagulation	High (secreted to blood)	NA (train PIRS)	NA	NA (train PIRS)	NA (train PIRS)	NA (train PIRS)	NA (train PIRS)	5.984	7.40e-36	yes	NA	no	no	no	not tested	not an approved target	Low-moderate	5.833	2	MHC/LD — held at nomination	Causal-only (PIRS not trained)	Block (antagonist/neutralizing Ab) — held (MHC/LD caution)	Biomarker (predictive) — not yet a target	Panel D (concordance, MHC-flagged)	Fine-map MHC / condition on classical HLA alleles before any claim	Hold: MHC/LD confounding must be excluded
817	Type1 diabetes, definitions combined, early onset	Metabolic/Endocrine	Complement C2	C2	Disease related genes, Enzymes, Human disease related genes, Plasma proteins, Potential drug targets, Predicted intracellular proteins, Predicted secreted proteins	Complement/Coagulation	High (secreted to blood)	NA (train PIRS)	NA	NA (train PIRS)	NA (train PIRS)	NA (train PIRS)	NA (train PIRS)	65.315	2.13e-34	yes	NA	no	no	no	not tested	not an approved target	Low-moderate	5.833	2	MHC/LD — held at nomination	Causal-only (PIRS not trained)	Block (antagonist/neutralizing Ab) — held (MHC/LD caution)	Biomarker (predictive) — not yet a target	Panel D (concordance, MHC-flagged)	Fine-map MHC / condition on classical HLA alleles before any claim	Hold: MHC/LD confounding must be excluded
818	Rheumatoid arthritis	Musculoskeletal	Complement C2	C2	Disease related genes, Enzymes, Human disease related genes, Plasma proteins, Potential drug targets, Predicted intracellular proteins, Predicted secreted proteins	Complement/Coagulation	High (secreted to blood)	NA (train PIRS)	NA	NA (train PIRS)	NA (train PIRS)	NA (train PIRS)	NA (train PIRS)	4.412	7.64e-34	yes	NA	no	no	no	replicated (FinnGen + UK Biobank)	not an approved target	Low-moderate	5.833	2	MHC/LD — held at nomination	Causal-only (PIRS not trained)	Block (antagonist/neutralizing Ab) — held (MHC/LD caution)	Biomarker (predictive) — not yet a target	Panel D (concordance, MHC-flagged)	Fine-map MHC / condition on classical HLA alleles before any claim	Hold: MHC/LD confounding must be excluded
819	Seropositive rheumatoid arthritis, strict definition	Musculoskeletal	Complement C2	C2	Disease related genes, Enzymes, Human disease related genes, Plasma proteins, Potential drug targets, Predicted intracellular proteins, Predicted secreted proteins	Complement/Coagulation	High (secreted to blood)	NA (train PIRS)	NA	NA (train PIRS)	NA (train PIRS)	NA (train PIRS)	NA (train PIRS)	9.41	3.51e-27	yes	NA	no	no	no	not tested	not an approved target	Low-moderate	5.833	2	MHC/LD — held at nomination	Causal-only (PIRS not trained)	Block (antagonist/neutralizing Ab) — held (MHC/LD caution)	Biomarker (predictive) — not yet a target	Panel D (concordance, MHC-flagged)	Fine-map MHC / condition on classical HLA alleles before any claim	Hold: MHC/LD confounding must be excluded
820	Age-related macular degeneration (whether dry or wet)	Ophthalmological	Complement C2	C2	Disease related genes, Enzymes, Human disease related genes, Plasma proteins, Potential drug targets, Predicted intracellular proteins, Predicted secreted proteins	Complement/Coagulation	High (secreted to blood)	NA (train PIRS)	NA	NA (train PIRS)	NA (train PIRS)	NA (train PIRS)	NA (train PIRS)	4.44	1.40e-25	yes	NA	no	no	no	not tested	not an approved target	Low-moderate	5.833	2	MHC/LD — held at nomination	Causal-only (PIRS not trained)	Block (antagonist/neutralizing Ab) — held (MHC/LD caution)	Biomarker (predictive) — not yet a target	Panel D (concordance, MHC-flagged)	Fine-map MHC / condition on classical HLA alleles before any claim	Hold: MHC/LD confounding must be excluded
821	Second line medication for Crohn's disease	Medication/Other	Complement C2	C2	Disease related genes, Enzymes, Human disease related genes, Plasma proteins, Potential drug targets, Predicted intracellular proteins, Predicted secreted proteins	Complement/Coagulation	High (secreted to blood)	NA (train PIRS)	NA	NA (train PIRS)	NA (train PIRS)	NA (train PIRS)	NA (train PIRS)	2.427	9.21e-23	yes	NA	no	no	no	not tested	not an approved target	Low-moderate	5.833	2	MHC/LD — held at nomination	Causal-only (PIRS not trained)	Block (antagonist/neutralizing Ab) — held (MHC/LD caution)	Biomarker (predictive) — not yet a target	Panel D (concordance, MHC-flagged)	Fine-map MHC / condition on classical HLA alleles before any claim	Hold: MHC/LD confounding must be excluded
822	Polyarthropathies	Musculoskeletal	Complement C2	C2	Disease related genes, Enzymes, Human disease related genes, Plasma proteins, Potential drug targets, Predicted intracellular proteins, Predicted secreted proteins	Complement/Coagulation	High (secreted to blood)	NA (train PIRS)	NA	NA (train PIRS)	NA (train PIRS)	NA (train PIRS)	NA (train PIRS)	2.076	5.65e-22	yes	NA	no	no	no	replicated (FinnGen + UK Biobank)	not an approved target	Low-moderate	5.833	2	MHC/LD — held at nomination	Causal-only (PIRS not trained)	Block (antagonist/neutralizing Ab) — held (MHC/LD caution)	Biomarker (predictive) — not yet a target	Panel D (concordance, MHC-flagged)	Fine-map MHC / condition on classical HLA alleles before any claim	Hold: MHC/LD confounding must be excluded
823	Other retinal disorders	Ophthalmological	Complement C2	C2	Disease related genes, Enzymes, Human disease related genes, Plasma proteins, Potential drug targets, Predicted intracellular proteins, Predicted secreted proteins	Complement/Coagulation	High (secreted to blood)	NA (train PIRS)	NA	NA (train PIRS)	NA (train PIRS)	NA (train PIRS)	NA (train PIRS)	2.142	9.16e-19	yes	NA	no	no	no	not tested	not an approved target	Low-moderate	5.833	2	MHC/LD — held at nomination	Causal-only (PIRS not trained)	Block (antagonist/neutralizing Ab) — held (MHC/LD caution)	Biomarker (predictive) — not yet a target	Panel D (concordance, MHC-flagged)	Fine-map MHC / condition on classical HLA alleles before any claim	Hold: MHC/LD confounding must be excluded
824	Wet age-related macular degeneration	Ophthalmological	Complement C2	C2	Disease related genes, Enzymes, Human disease related genes, Plasma proteins, Potential drug targets, Predicted intracellular proteins, Predicted secreted proteins	Complement/Coagulation	High (secreted to blood)	NA (train PIRS)	NA	NA (train PIRS)	NA (train PIRS)	NA (train PIRS)	NA (train PIRS)	5.648	4.75e-18	yes	NA	no	no	no	not tested	not an approved target	Low-moderate	5.833	2	MHC/LD — held at nomination	Causal-only (PIRS not trained)	Block (antagonist/neutralizing Ab) — held (MHC/LD caution)	Biomarker (predictive) — not yet a target	Panel D (concordance, MHC-flagged)	Fine-map MHC / condition on classical HLA alleles before any claim	Hold: MHC/LD confounding must be excluded
825	Dry age-related macular degeneration (includes geographic atrophy)	Ophthalmological	Complement C2	C2	Disease related genes, Enzymes, Human disease related genes, Plasma proteins, Potential drug targets, Predicted intracellular proteins, Predicted secreted proteins	Complement/Coagulation	High (secreted to blood)	NA (train PIRS)	NA	NA (train PIRS)	NA (train PIRS)	NA (train PIRS)	NA (train PIRS)	4.048	3.36e-15	yes	NA	no	no	no	not tested	not an approved target	Low-moderate	5.833	2	MHC/LD — held at nomination	Causal-only (PIRS not trained)	Block (antagonist/neutralizing Ab) — held (MHC/LD caution)	Biomarker (predictive) — not yet a target	Panel D (concordance, MHC-flagged)	Fine-map MHC / condition on classical HLA alleles before any claim	Hold: MHC/LD confounding must be excluded
826	Other (seronegative) rheumatoid arthritis, wide	Musculoskeletal	Complement C2	C2	Disease related genes, Enzymes, Human disease related genes, Plasma proteins, Potential drug targets, Predicted intracellular proteins, Predicted secreted proteins	Complement/Coagulation	High (secreted to blood)	NA (train PIRS)	NA	NA (train PIRS)	NA (train PIRS)	NA (train PIRS)	NA (train PIRS)	3.759	3.04e-13	yes	NA	no	no	no	not tested	not an approved target	Low-moderate	5.833	2	MHC/LD — held at nomination	Causal-only (PIRS not trained)	Block (antagonist/neutralizing Ab) — held (MHC/LD caution)	Biomarker (predictive) — not yet a target	Panel D (concordance, MHC-flagged)	Fine-map MHC / condition on classical HLA alleles before any claim	Hold: MHC/LD confounding must be excluded
827	Degeneration of macula and posterior pole	Ophthalmological	Complement C2	C2	Disease related genes, Enzymes, Human disease related genes, Plasma proteins, Potential drug targets, Predicted intracellular proteins, Predicted secreted proteins	Complement/Coagulation	High (secreted to blood)	NA (train PIRS)	NA	NA (train PIRS)	NA (train PIRS)	NA (train PIRS)	NA (train PIRS)	2.178	4.91e-12	yes	NA	no	no	no	not tested	not an approved target	Low-moderate	5.833	2	MHC/LD — held at nomination	Causal-only (PIRS not trained)	Block (antagonist/neutralizing Ab) — held (MHC/LD caution)	Biomarker (predictive) — not yet a target	Panel D (concordance, MHC-flagged)	Fine-map MHC / condition on classical HLA alleles before any claim	Hold: MHC/LD confounding must be excluded
828	Other/unspecified rheumatoid arthritis	Musculoskeletal	Complement C2	C2	Disease related genes, Enzymes, Human disease related genes, Plasma proteins, Potential drug targets, Predicted intracellular proteins, Predicted secreted proteins	Complement/Coagulation	High (secreted to blood)	NA (train PIRS)	NA	NA (train PIRS)	NA (train PIRS)	NA (train PIRS)	NA (train PIRS)	4.758	7.68e-11	yes	NA	no	no	no	replicated (FinnGen + UK Biobank)	not an approved target	Low-moderate	5.833	2	MHC/LD — held at nomination	Causal-only (PIRS not trained)	Block (antagonist/neutralizing Ab) — held (MHC/LD caution)	Biomarker (predictive) — not yet a target	Panel D (concordance, MHC-flagged)	Fine-map MHC / condition on classical HLA alleles before any claim	Hold: MHC/LD confounding must be excluded
829	Disorders of choroid and retina	Ophthalmological	Complement C2	C2	Disease related genes, Enzymes, Human disease related genes, Plasma proteins, Potential drug targets, Predicted intracellular proteins, Predicted secreted proteins	Complement/Coagulation	High (secreted to blood)	NA (train PIRS)	NA	NA (train PIRS)	NA (train PIRS)	NA (train PIRS)	NA (train PIRS)	1.637	3.64e-10	yes	NA	no	no	no	not tested	not an approved target	Low-moderate	5.721	2	MHC/LD — held at nomination	Causal-only (PIRS not trained)	Block (antagonist/neutralizing Ab) — held (MHC/LD caution)	Biomarker (predictive) — not yet a target	Panel D (concordance, MHC-flagged)	Fine-map MHC / condition on classical HLA alleles before any claim	Hold: MHC/LD confounding must be excluded
830	First line medication for Crohn's disease	Medication/Other	Complement C2	C2	Disease related genes, Enzymes, Human disease related genes, Plasma proteins, Potential drug targets, Predicted intracellular proteins, Predicted secreted proteins	Complement/Coagulation	High (secreted to blood)	NA (train PIRS)	NA	NA (train PIRS)	NA (train PIRS)	NA (train PIRS)	NA (train PIRS)	1.381	4.89e-09	yes	NA	no	no	no	not tested	not an approved target	Low-moderate	5.495	2	MHC/LD — held at nomination	Causal-only (PIRS not trained)	Block (antagonist/neutralizing Ab) — held (MHC/LD caution)	Biomarker (predictive) — not yet a target	Panel D (concordance, MHC-flagged)	Fine-map MHC / condition on classical HLA alleles before any claim	Hold: MHC/LD confounding must be excluded
831	Biological medication for rheuma	Medication/Other	Complement C2	C2	Disease related genes, Enzymes, Human disease related genes, Plasma proteins, Potential drug targets, Predicted intracellular proteins, Predicted secreted proteins	Complement/Coagulation	High (secreted to blood)	NA (train PIRS)	NA	NA (train PIRS)	NA (train PIRS)	NA (train PIRS)	NA (train PIRS)	3.379	9.04e-09	yes	NA	no	no	no	not tested	not an approved target	Low-moderate	5.442	2	MHC/LD — held at nomination	Causal-only (PIRS not trained)	Block (antagonist/neutralizing Ab) — held (MHC/LD caution)	Biomarker (predictive) — not yet a target	Panel D (concordance, MHC-flagged)	Fine-map MHC / condition on classical HLA alleles before any claim	Hold: MHC/LD confounding must be excluded
832	Diabetic retinopathy (more control exclusions)	Metabolic/Endocrine	Complement C2	C2	Disease related genes, Enzymes, Human disease related genes, Plasma proteins, Potential drug targets, Predicted intracellular proteins, Predicted secreted proteins	Complement/Coagulation	High (secreted to blood)	NA (train PIRS)	NA	NA (train PIRS)	NA (train PIRS)	NA (train PIRS)	NA (train PIRS)	2.396	2.72e-08	yes	NA	no	no	no	not tested	not an approved target	Low-moderate	5.346	2	MHC/LD — held at nomination	Causal-only (PIRS not trained)	Block (antagonist/neutralizing Ab) — held (MHC/LD caution)	Biomarker (predictive) — not yet a target	Panel D (concordance, MHC-flagged)	Fine-map MHC / condition on classical HLA alleles before any claim	Hold: MHC/LD confounding must be excluded
833	Diabetic retinopathy, strict definition	Metabolic/Endocrine	Complement C2	C2	Disease related genes, Enzymes, Human disease related genes, Plasma proteins, Potential drug targets, Predicted intracellular proteins, Predicted secreted proteins	Complement/Coagulation	High (secreted to blood)	NA (train PIRS)	NA	NA (train PIRS)	NA (train PIRS)	NA (train PIRS)	NA (train PIRS)	3.36	1.01e-07	yes	NA	no	no	no	not tested	not an approved target	Low-moderate	5.232	2	MHC/LD — held at nomination	Causal-only (PIRS not trained)	Block (antagonist/neutralizing Ab) — held (MHC/LD caution)	Biomarker (predictive) — not yet a target	Panel D (concordance, MHC-flagged)	Fine-map MHC / condition on classical HLA alleles before any claim	Hold: MHC/LD confounding must be excluded
834	Diabetic retinopathy	Metabolic/Endocrine	Complement C2	C2	Disease related genes, Enzymes, Human disease related genes, Plasma proteins, Potential drug targets, Predicted intracellular proteins, Predicted secreted proteins	Complement/Coagulation	High (secreted to blood)	NA (train PIRS)	NA	NA (train PIRS)	NA (train PIRS)	NA (train PIRS)	NA (train PIRS)	2.271	1.11e-07	yes	NA	no	no	no	not tested	not an approved target	Low-moderate	5.224	2	MHC/LD — held at nomination	Causal-only (PIRS not trained)	Block (antagonist/neutralizing Ab) — held (MHC/LD caution)	Biomarker (predictive) — not yet a target	Panel D (concordance, MHC-flagged)	Fine-map MHC / condition on classical HLA alleles before any claim	Hold: MHC/LD confounding must be excluded
835	Hypothyroidism, strict autoimmune	Metabolic/Endocrine	Complement C2	C2	Disease related genes, Enzymes, Human disease related genes, Plasma proteins, Potential drug targets, Predicted intracellular proteins, Predicted secreted proteins	Complement/Coagulation	High (secreted to blood)	NA (train PIRS)	NA	NA (train PIRS)	NA (train PIRS)	NA (train PIRS)	NA (train PIRS)	1.51	1.21e-07	yes	NA	no	no	no	not tested	not an approved target	Low-moderate	5.217	2	MHC/LD — held at nomination	Causal-only (PIRS not trained)	Block (antagonist/neutralizing Ab) — held (MHC/LD caution)	Biomarker (predictive) — not yet a target	Panel D (concordance, MHC-flagged)	Fine-map MHC / condition on classical HLA alleles before any claim	Hold: MHC/LD confounding must be excluded
836	Coeliac disease	Gastrointestinal	Complement C2	C2	Disease related genes, Enzymes, Human disease related genes, Plasma proteins, Potential drug targets, Predicted intracellular proteins, Predicted secreted proteins	Complement/Coagulation	High (secreted to blood)	NA (train PIRS)	NA	NA (train PIRS)	NA (train PIRS)	NA (train PIRS)	NA (train PIRS)	3.676	1.21e-07	yes	NA	no	no	no	not covered	not an approved target	Low-moderate	5.216	2	MHC/LD — held at nomination	Causal-only (PIRS not trained)	Block (antagonist/neutralizing Ab) — held (MHC/LD caution)	Biomarker (predictive) — not yet a target	Panel D (concordance, MHC-flagged)	Fine-map MHC / condition on classical HLA alleles before any claim	Hold: MHC/LD confounding must be excluded
837	Systemic connective tissue disorders	Musculoskeletal	Complement C2	C2	Disease related genes, Enzymes, Human disease related genes, Plasma proteins, Potential drug targets, Predicted intracellular proteins, Predicted secreted proteins	Complement/Coagulation	High (secreted to blood)	NA (train PIRS)	NA	NA (train PIRS)	NA (train PIRS)	NA (train PIRS)	NA (train PIRS)	1.898	7.22e-06	yes	NA	no	no	no	not tested	not an approved target	Low-moderate	4.862	2	MHC/LD — held at nomination	Causal-only (PIRS not trained)	Block (antagonist/neutralizing Ab) — held (MHC/LD caution)	Biomarker (predictive) — not yet a target	Panel D (concordance, MHC-flagged)	Fine-map MHC / condition on classical HLA alleles before any claim	Hold: MHC/LD confounding must be excluded
838	Other predominantly sexually transmitted diseases, not elsewhere classified	Infection	Complement C2	C2	Disease related genes, Enzymes, Human disease related genes, Plasma proteins, Potential drug targets, Predicted intracellular proteins, Predicted secreted proteins	Complement/Coagulation	High (secreted to blood)	NA (train PIRS)	NA	NA (train PIRS)	NA (train PIRS)	NA (train PIRS)	NA (train PIRS)	2.526	7.87e-06	yes	NA	no	no	no	not tested	not an approved target	Low-moderate	4.854	2	MHC/LD — held at nomination	Causal-only (PIRS not trained)	Block (antagonist/neutralizing Ab) — held (MHC/LD caution)	Biomarker (predictive) — not yet a target	Panel D (concordance, MHC-flagged)	Fine-map MHC / condition on classical HLA alleles before any claim	Hold: MHC/LD confounding must be excluded
839	Infections with a predominantly sexual mode of transmission	Infection	Complement C2	C2	Disease related genes, Enzymes, Human disease related genes, Plasma proteins, Potential drug targets, Predicted intracellular proteins, Predicted secreted proteins	Complement/Coagulation	High (secreted to blood)	NA (train PIRS)	NA	NA (train PIRS)	NA (train PIRS)	NA (train PIRS)	NA (train PIRS)	1.946	8.20e-06	yes	NA	no	no	no	not tested	not an approved target	Low-moderate	4.851	2	MHC/LD — held at nomination	Causal-only (PIRS not trained)	Block (antagonist/neutralizing Ab) — held (MHC/LD caution)	Biomarker (predictive) — not yet a target	Panel D (concordance, MHC-flagged)	Fine-map MHC / condition on classical HLA alleles before any claim	Hold: MHC/LD confounding must be excluded
840	Seronegative rheumatoid arthritis	Musculoskeletal	Complement C2	C2	Disease related genes, Enzymes, Human disease related genes, Plasma proteins, Potential drug targets, Predicted intracellular proteins, Predicted secreted proteins	Complement/Coagulation	High (secreted to blood)	NA (train PIRS)	NA	NA (train PIRS)	NA (train PIRS)	NA (train PIRS)	NA (train PIRS)	3.236	9.51e-06	yes	NA	no	no	no	not tested	not an approved target	Low-moderate	4.838	2	MHC/LD — held at nomination	Causal-only (PIRS not trained)	Block (antagonist/neutralizing Ab) — held (MHC/LD caution)	Biomarker (predictive) — not yet a target	Panel D (concordance, MHC-flagged)	Fine-map MHC / condition on classical HLA alleles before any claim	Hold: MHC/LD confounding must be excluded
841	Spondylopathies (FG)	Musculoskeletal	Complement C2	C2	Disease related genes, Enzymes, Human disease related genes, Plasma proteins, Potential drug targets, Predicted intracellular proteins, Predicted secreted proteins	Complement/Coagulation	High (secreted to blood)	NA (train PIRS)	NA	NA (train PIRS)	NA (train PIRS)	NA (train PIRS)	NA (train PIRS)	2.632	7.40e-05	yes	NA	no	no	no	not tested	not an approved target	Low-moderate	4.66	2	MHC/LD — held at nomination	Causal-only (PIRS not trained)	Block (antagonist/neutralizing Ab) — held (MHC/LD caution)	Biomarker (predictive) — not yet a target	Panel D (concordance, MHC-flagged)	Fine-map MHC / condition on classical HLA alleles before any claim	Hold: MHC/LD confounding must be excluded
842	Ankylosing spondylitis	Musculoskeletal	Complement C2	C2	Disease related genes, Enzymes, Human disease related genes, Plasma proteins, Potential drug targets, Predicted intracellular proteins, Predicted secreted proteins	Complement/Coagulation	High (secreted to blood)	NA (train PIRS)	NA	NA (train PIRS)	NA (train PIRS)	NA (train PIRS)	NA (train PIRS)	3.348	2.70e-04	yes	NA	no	no	no	not covered	not an approved target	Low-moderate	4.547	2	MHC/LD — held at nomination	Causal-only (PIRS not trained)	Block (antagonist/neutralizing Ab) — held (MHC/LD caution)	Biomarker (predictive) — not yet a target	Panel D (concordance, MHC-flagged)	Fine-map MHC / condition on classical HLA alleles before any claim	Hold: MHC/LD confounding must be excluded
843	Other systemic involvement of connective tissue (FG)	Musculoskeletal	Complement C2	C2	Disease related genes, Enzymes, Human disease related genes, Plasma proteins, Potential drug targets, Predicted intracellular proteins, Predicted secreted proteins	Complement/Coagulation	High (secreted to blood)	NA (train PIRS)	NA	NA (train PIRS)	NA (train PIRS)	NA (train PIRS)	NA (train PIRS)	1.922	3.68e-04	yes	NA	no	no	no	not tested	not an approved target	Low-moderate	4.52	2	MHC/LD — held at nomination	Causal-only (PIRS not trained)	Block (antagonist/neutralizing Ab) — held (MHC/LD caution)	Biomarker (predictive) — not yet a target	Panel D (concordance, MHC-flagged)	Fine-map MHC / condition on classical HLA alleles before any claim	Hold: MHC/LD confounding must be excluded
844	Diabetes, insulin treatment (Kela reimbursement) (more control exclusions)	Metabolic/Endocrine	Complement C2	C2	Disease related genes, Enzymes, Human disease related genes, Plasma proteins, Potential drug targets, Predicted intracellular proteins, Predicted secreted proteins	Complement/Coagulation	High (secreted to blood)	NA (train PIRS)	NA	NA (train PIRS)	NA (train PIRS)	NA (train PIRS)	NA (train PIRS)	1.318	6.65e-04	yes	NA	no	no	no	not tested	not an approved target	Low-moderate	4.469	2	MHC/LD — held at nomination	Causal-only (PIRS not trained)	Block (antagonist/neutralizing Ab) — held (MHC/LD caution)	Biomarker (predictive) — not yet a target	Panel D (concordance, MHC-flagged)	Fine-map MHC / condition on classical HLA alleles before any claim	Hold: MHC/LD confounding must be excluded
845	All dysplastic lesions of the cervix uteri, vagina or vulva	Renal/Genitourinary	Complement C2	C2	Disease related genes, Enzymes, Human disease related genes, Plasma proteins, Potential drug targets, Predicted intracellular proteins, Predicted secreted proteins	Complement/Coagulation	High (secreted to blood)	NA (train PIRS)	NA	NA (train PIRS)	NA (train PIRS)	NA (train PIRS)	NA (train PIRS)	1.836	7.32e-04	yes	NA	no	no	no	not tested	not an approved target	Low-moderate	4.46	2	MHC/LD — held at nomination	Causal-only (PIRS not trained)	Block (antagonist/neutralizing Ab) — held (MHC/LD caution)	Biomarker (predictive) — not yet a target	Panel D (concordance, MHC-flagged)	Fine-map MHC / condition on classical HLA alleles before any claim	Hold: MHC/LD confounding must be excluded
846	Papulosquamous disorders	Dermatological	Complement C2	C2	Disease related genes, Enzymes, Human disease related genes, Plasma proteins, Potential drug targets, Predicted intracellular proteins, Predicted secreted proteins	Complement/Coagulation	High (secreted to blood)	NA (train PIRS)	NA	NA (train PIRS)	NA (train PIRS)	NA (train PIRS)	NA (train PIRS)	1.657	8.55e-04	yes	NA	no	no	no	not tested	not an approved target	Low-moderate	4.447	2	MHC/LD — held at nomination	Causal-only (PIRS not trained)	Block (antagonist/neutralizing Ab) — held (MHC/LD caution)	Biomarker (predictive) — not yet a target	Panel D (concordance, MHC-flagged)	Fine-map MHC / condition on classical HLA alleles before any claim	Hold: MHC/LD confounding must be excluded
847	Acute and subacute iridocyclitis	Ophthalmological	Complement C2	C2	Disease related genes, Enzymes, Human disease related genes, Plasma proteins, Potential drug targets, Predicted intracellular proteins, Predicted secreted proteins	Complement/Coagulation	High (secreted to blood)	NA (train PIRS)	NA	NA (train PIRS)	NA (train PIRS)	NA (train PIRS)	NA (train PIRS)	2.122	9.67e-04	yes	NA	no	no	no	not tested	not an approved target	Low-moderate	4.436	2	MHC/LD — held at nomination	Causal-only (PIRS not trained)	Block (antagonist/neutralizing Ab) — held (MHC/LD caution)	Biomarker (predictive) — not yet a target	Panel D (concordance, MHC-flagged)	Fine-map MHC / condition on classical HLA alleles before any claim	Hold: MHC/LD confounding must be excluded
848	Chronic sinusitis	Respiratory	Complement C2	C2	Disease related genes, Enzymes, Human disease related genes, Plasma proteins, Potential drug targets, Predicted intracellular proteins, Predicted secreted proteins	Complement/Coagulation	High (secreted to blood)	NA (train PIRS)	NA	NA (train PIRS)	NA (train PIRS)	NA (train PIRS)	NA (train PIRS)	1.582	1.09e-03	yes	NA	no	no	no	not tested	not an approved target	Low-moderate	4.426	2	MHC/LD — held at nomination	Causal-only (PIRS not trained)	Block (antagonist/neutralizing Ab) — held (MHC/LD caution)	Biomarker (predictive) — not yet a target	Panel D (concordance, MHC-flagged)	Fine-map MHC / condition on classical HLA alleles before any claim	Hold: MHC/LD confounding must be excluded
849	All dysplastic lesions of the cervix uteri	Renal/Genitourinary	Complement C2	C2	Disease related genes, Enzymes, Human disease related genes, Plasma proteins, Potential drug targets, Predicted intracellular proteins, Predicted secreted proteins	Complement/Coagulation	High (secreted to blood)	NA (train PIRS)	NA	NA (train PIRS)	NA (train PIRS)	NA (train PIRS)	NA (train PIRS)	1.869	1.83e-03	yes	NA	no	no	no	not tested	not an approved target	Low-moderate	4.381	2	MHC/LD — held at nomination	Causal-only (PIRS not trained)	Block (antagonist/neutralizing Ab) — held (MHC/LD caution)	Biomarker (predictive) — not yet a target	Panel D (concordance, MHC-flagged)	Fine-map MHC / condition on classical HLA alleles before any claim	Hold: MHC/LD confounding must be excluded
850	Disorders of sclera, cornea, iris and ciliary body	Ophthalmological	Complement C2	C2	Disease related genes, Enzymes, Human disease related genes, Plasma proteins, Potential drug targets, Predicted intracellular proteins, Predicted secreted proteins	Complement/Coagulation	High (secreted to blood)	NA (train PIRS)	NA	NA (train PIRS)	NA (train PIRS)	NA (train PIRS)	NA (train PIRS)	1.492	1.95e-03	yes	NA	no	no	no	not tested	not an approved target	Low-moderate	4.375	2	MHC/LD — held at nomination	Causal-only (PIRS not trained)	Block (antagonist/neutralizing Ab) — held (MHC/LD caution)	Biomarker (predictive) — not yet a target	Panel D (concordance, MHC-flagged)	Fine-map MHC / condition on classical HLA alleles before any claim	Hold: MHC/LD confounding must be excluded
851	Iridocyclitis	Ophthalmological	Complement C2	C2	Disease related genes, Enzymes, Human disease related genes, Plasma proteins, Potential drug targets, Predicted intracellular proteins, Predicted secreted proteins	Complement/Coagulation	High (secreted to blood)	NA (train PIRS)	NA	NA (train PIRS)	NA (train PIRS)	NA (train PIRS)	NA (train PIRS)	1.943	2.00e-03	yes	NA	no	no	no	not tested	not an approved target	Low-moderate	4.373	2	MHC/LD — held at nomination	Causal-only (PIRS not trained)	Block (antagonist/neutralizing Ab) — held (MHC/LD caution)	Biomarker (predictive) — not yet a target	Panel D (concordance, MHC-flagged)	Fine-map MHC / condition on classical HLA alleles before any claim	Hold: MHC/LD confounding must be excluded
852	Ankylosing spondylitis, strict definition	Musculoskeletal	Complement C2	C2	Disease related genes, Enzymes, Human disease related genes, Plasma proteins, Potential drug targets, Predicted intracellular proteins, Predicted secreted proteins	Complement/Coagulation	High (secreted to blood)	NA (train PIRS)	NA	NA (train PIRS)	NA (train PIRS)	NA (train PIRS)	NA (train PIRS)	5.497	3.04e-03	yes	NA	no	no	no	not tested	not an approved target	Low-moderate	4.337	2	MHC/LD — held at nomination	Causal-only (PIRS not trained)	Block (antagonist/neutralizing Ab) — held (MHC/LD caution)	Biomarker (predictive) — not yet a target	Panel D (concordance, MHC-flagged)	Fine-map MHC / condition on classical HLA alleles before any claim	Hold: MHC/LD confounding must be excluded
853	Anterior Iridocyclitis	Ophthalmological	Complement C2	C2	Disease related genes, Enzymes, Human disease related genes, Plasma proteins, Potential drug targets, Predicted intracellular proteins, Predicted secreted proteins	Complement/Coagulation	High (secreted to blood)	NA (train PIRS)	NA	NA (train PIRS)	NA (train PIRS)	NA (train PIRS)	NA (train PIRS)	1.994	3.36e-03	yes	NA	no	no	no	not tested	not an approved target	Low-moderate	4.328	2	MHC/LD — held at nomination	Causal-only (PIRS not trained)	Block (antagonist/neutralizing Ab) — held (MHC/LD caution)	Biomarker (predictive) — not yet a target	Panel D (concordance, MHC-flagged)	Fine-map MHC / condition on classical HLA alleles before any claim	Hold: MHC/LD confounding must be excluded
854	Early onset COPD	Respiratory	Complement C2	C2	Disease related genes, Enzymes, Human disease related genes, Plasma proteins, Potential drug targets, Predicted intracellular proteins, Predicted secreted proteins	Complement/Coagulation	High (secreted to blood)	NA (train PIRS)	NA	NA (train PIRS)	NA (train PIRS)	NA (train PIRS)	NA (train PIRS)	0.556	4.28e-03	yes	NA	no	no	no	not tested	not an approved target	Low-moderate	4.307	2	MHC/LD — held at nomination	Causal-only (PIRS not trained)	Agonize / replace — held (MHC/LD caution)	Biomarker (predictive) — not yet a target	Panel D (concordance, MHC-flagged)	Fine-map MHC / condition on classical HLA alleles before any claim	Hold: MHC/LD confounding must be excluded
855	COPD	Respiratory	Complement C2	C2	Disease related genes, Enzymes, Human disease related genes, Plasma proteins, Potential drug targets, Predicted intracellular proteins, Predicted secreted proteins	Complement/Coagulation	High (secreted to blood)	NA (train PIRS)	NA	NA (train PIRS)	NA (train PIRS)	NA (train PIRS)	NA (train PIRS)	0.674	4.42e-03	yes	NA	no	no	no	not tested	not an approved target	Low-moderate	4.304	2	MHC/LD — held at nomination	Causal-only (PIRS not trained)	Agonize / replace — held (MHC/LD caution)	Biomarker (predictive) — not yet a target	Panel D (concordance, MHC-flagged)	Fine-map MHC / condition on classical HLA alleles before any claim	Hold: MHC/LD confounding must be excluded
856	Acute sinusitis	Respiratory	Complement C2	C2	Disease related genes, Enzymes, Human disease related genes, Plasma proteins, Potential drug targets, Predicted intracellular proteins, Predicted secreted proteins	Complement/Coagulation	High (secreted to blood)	NA (train PIRS)	NA	NA (train PIRS)	NA (train PIRS)	NA (train PIRS)	NA (train PIRS)	1.455	5.44e-03	yes	NA	no	no	no	not tested	not an approved target	Low-moderate	4.286	2	MHC/LD — held at nomination	Causal-only (PIRS not trained)	Block (antagonist/neutralizing Ab) — held (MHC/LD caution)	Biomarker (predictive) — not yet a target	Panel D (concordance, MHC-flagged)	Fine-map MHC / condition on classical HLA alleles before any claim	Hold: MHC/LD confounding must be excluded
857	Spondyloarthritis	Medication/Other	Complement C2	C2	Disease related genes, Enzymes, Human disease related genes, Plasma proteins, Potential drug targets, Predicted intracellular proteins, Predicted secreted proteins	Complement/Coagulation	High (secreted to blood)	NA (train PIRS)	NA	NA (train PIRS)	NA (train PIRS)	NA (train PIRS)	NA (train PIRS)	1.974	6.22e-03	yes	NA	no	no	no	not tested	not an approved target	Low-moderate	4.275	2	MHC/LD — held at nomination	Causal-only (PIRS not trained)	Block (antagonist/neutralizing Ab) — held (MHC/LD caution)	Biomarker (predictive) — not yet a target	Panel D (concordance, MHC-flagged)	Fine-map MHC / condition on classical HLA alleles before any claim	Hold: MHC/LD confounding must be excluded
858	Disorders of the thyroid gland	Metabolic/Endocrine	Complement C2	C2	Disease related genes, Enzymes, Human disease related genes, Plasma proteins, Potential drug targets, Predicted intracellular proteins, Predicted secreted proteins	Complement/Coagulation	High (secreted to blood)	NA (train PIRS)	NA	NA (train PIRS)	NA (train PIRS)	NA (train PIRS)	NA (train PIRS)	1.274	7.46e-03	yes	NA	no	no	no	not tested	not an approved target	Low-moderate	4.259	2	MHC/LD — held at nomination	Causal-only (PIRS not trained)	Block (antagonist/neutralizing Ab) — held (MHC/LD caution)	Biomarker (predictive) — not yet a target	Panel D (concordance, MHC-flagged)	Fine-map MHC / condition on classical HLA alleles before any claim	Hold: MHC/LD confounding must be excluded
859	Corneal ulcer	Ophthalmological	Complement C2	C2	Disease related genes, Enzymes, Human disease related genes, Plasma proteins, Potential drug targets, Predicted intracellular proteins, Predicted secreted proteins	Complement/Coagulation	High (secreted to blood)	NA (train PIRS)	NA	NA (train PIRS)	NA (train PIRS)	NA (train PIRS)	NA (train PIRS)	1.985	1.04e-02	yes	NA	no	no	no	not tested	not an approved target	Low-moderate	4.23	2	MHC/LD — held at nomination	Causal-only (PIRS not trained)	Block (antagonist/neutralizing Ab) — held (MHC/LD caution)	Biomarker (predictive) — not yet a target	Panel D (concordance, MHC-flagged)	Fine-map MHC / condition on classical HLA alleles before any claim	Hold: MHC/LD confounding must be excluded
860	Follicular lymphoma, hilmo (controls excluding all cancers)	Neoplasm	Complement C2	C2	Disease related genes, Enzymes, Human disease related genes, Plasma proteins, Potential drug targets, Predicted intracellular proteins, Predicted secreted proteins	Complement/Coagulation	High (secreted to blood)	NA (train PIRS)	NA	NA (train PIRS)	NA (train PIRS)	NA (train PIRS)	NA (train PIRS)	5.447	1.30e-02	yes	NA	no	no	no	not tested	not an approved target	Low-moderate	4.21	2	MHC/LD — held at nomination	Causal-only (PIRS not trained)	Block (antagonist/neutralizing Ab) — held (MHC/LD caution)	Biomarker (predictive) — not yet a target	Panel D (concordance, MHC-flagged)	Fine-map MHC / condition on classical HLA alleles before any claim	Hold: MHC/LD confounding must be excluded
861	Hypothyroidism, drug reimbursement	Metabolic/Endocrine	Complement C2	C2	Disease related genes, Enzymes, Human disease related genes, Plasma proteins, Potential drug targets, Predicted intracellular proteins, Predicted secreted proteins	Complement/Coagulation	High (secreted to blood)	NA (train PIRS)	NA	NA (train PIRS)	NA (train PIRS)	NA (train PIRS)	NA (train PIRS)	1.722	3.63e-02	yes	NA	no	no	no	not tested	not an approved target	Low-moderate	4.121	2	MHC/LD — held at nomination	Causal-only (PIRS not trained)	Block (antagonist/neutralizing Ab) — held (MHC/LD caution)	Biomarker (predictive) — not yet a target	Panel D (concordance, MHC-flagged)	Fine-map MHC / condition on classical HLA alleles before any claim	Hold: MHC/LD confounding must be excluded
862	Psoriasis	Dermatological	Complement C2	C2	Disease related genes, Enzymes, Human disease related genes, Plasma proteins, Potential drug targets, Predicted intracellular proteins, Predicted secreted proteins	Complement/Coagulation	High (secreted to blood)	NA (train PIRS)	NA	NA (train PIRS)	NA (train PIRS)	NA (train PIRS)	NA (train PIRS)	1.62	4.67e-02	yes	NA	no	no	no	replicated (FinnGen + UK Biobank)	not an approved target	Low-moderate	4.099	2	MHC/LD — held at nomination	Causal-only (PIRS not trained)	Block (antagonist/neutralizing Ab) — held (MHC/LD caution)	Biomarker (predictive) — not yet a target	Panel D (concordance, MHC-flagged)	Fine-map MHC / condition on classical HLA alleles before any claim	Hold: MHC/LD confounding must be excluded
863	Non-Hodgkin lymphoma, all, excluding all cancers (controls excluding all cancers)	Neoplasm	Complement C2	C2	Disease related genes, Enzymes, Human disease related genes, Plasma proteins, Potential drug targets, Predicted intracellular proteins, Predicted secreted proteins	Complement/Coagulation	High (secreted to blood)	NA (train PIRS)	NA	NA (train PIRS)	NA (train PIRS)	NA (train PIRS)	NA (train PIRS)	2.154	4.68e-02	yes	NA	no	no	no	not tested	not an approved target	Low-moderate	4.099	2	MHC/LD — held at nomination	Causal-only (PIRS not trained)	Block (antagonist/neutralizing Ab) — held (MHC/LD caution)	Biomarker (predictive) — not yet a target	Panel D (concordance, MHC-flagged)	Fine-map MHC / condition on classical HLA alleles before any claim	Hold: MHC/LD confounding must be excluded
864	HSIL lesion of the cervix uteri, vagina or vulva	Renal/Genitourinary	Complement C2	C2	Disease related genes, Enzymes, Human disease related genes, Plasma proteins, Potential drug targets, Predicted intracellular proteins, Predicted secreted proteins	Complement/Coagulation	High (secreted to blood)	NA (train PIRS)	NA	NA (train PIRS)	NA (train PIRS)	NA (train PIRS)	NA (train PIRS)	1.815	5.00e-02	yes	NA	no	no	no	not tested	not an approved target	Low-moderate	4.094	2	MHC/LD — held at nomination	Causal-only (PIRS not trained)	Block (antagonist/neutralizing Ab) — held (MHC/LD caution)	Biomarker (predictive) — not yet a target	Panel D (concordance, MHC-flagged)	Fine-map MHC / condition on classical HLA alleles before any claim	Hold: MHC/LD confounding must be excluded
865	Hernia	Gastrointestinal	Bone morphogenetic protein 6	BMP6	Predicted secreted proteins	Immune-cell-enriched	High (secreted to blood)	NA (train PIRS)	NA	NA (train PIRS)	NA (train PIRS)	NA (train PIRS)	NA (train PIRS)	0.717	1.05e-07	yes	NA	no	yes (concordant, protein-level)	no	replicated (FinnGen + UK Biobank)	not an approved target	Low-moderate	3.229	2	MHC/LD — held at nomination	Causal-only (PIRS not trained)	Agonize / replace — held (MHC/LD caution)	Biomarker (predictive) — not yet a target	Panel D (concordance, MHC-flagged)	Fine-map MHC / condition on classical HLA alleles before any claim	Hold: MHC/LD confounding must be excluded
866	Lumbar disc prolapse	Musculoskeletal	Bone morphogenetic protein 6	BMP6	Predicted secreted proteins	Immune-cell-enriched	High (secreted to blood)	NA (train PIRS)	NA	NA (train PIRS)	NA (train PIRS)	NA (train PIRS)	NA (train PIRS)	1.42	5.17e-04	yes	NA	no	yes (concordant, protein-level)	no	not tested	not an approved target	Low-moderate	2.491	2	MHC/LD — held at nomination	Causal-only (PIRS not trained)	Block (antagonist/neutralizing Ab) — held (MHC/LD caution)	Biomarker (predictive) — not yet a target	Panel D (concordance, MHC-flagged)	Fine-map MHC / condition on classical HLA alleles before any claim	Hold: MHC/LD confounding must be excluded
867	Inguinal hernia	Gastrointestinal	Bone morphogenetic protein 6	BMP6	Predicted secreted proteins	Immune-cell-enriched	High (secreted to blood)	NA (train PIRS)	NA	NA (train PIRS)	NA (train PIRS)	NA (train PIRS)	NA (train PIRS)	0.718	6.59e-04	yes	NA	no	yes (concordant, protein-level)	no	not tested	not an approved target	Low-moderate	2.47	2	MHC/LD — held at nomination	Causal-only (PIRS not trained)	Agonize / replace — held (MHC/LD caution)	Biomarker (predictive) — not yet a target	Panel D (concordance, MHC-flagged)	Fine-map MHC / condition on classical HLA alleles before any claim	Hold: MHC/LD confounding must be excluded
868	Hernia of abdominal wall	Gastrointestinal	Bone morphogenetic protein 6	BMP6	Predicted secreted proteins	Immune-cell-enriched	High (secreted to blood)	NA (train PIRS)	NA	NA (train PIRS)	NA (train PIRS)	NA (train PIRS)	NA (train PIRS)	0.651	8.74e-04	yes	NA	no	yes (concordant, protein-level)	no	not tested	not an approved target	Low-moderate	2.445	2	MHC/LD — held at nomination	Causal-only (PIRS not trained)	Agonize / replace — held (MHC/LD caution)	Biomarker (predictive) — not yet a target	Panel D (concordance, MHC-flagged)	Fine-map MHC / condition on classical HLA alleles before any claim	Hold: MHC/LD confounding must be excluded
869	Meniscus derangement	Musculoskeletal	Bone morphogenetic protein 6	BMP6	Predicted secreted proteins	Immune-cell-enriched	High (secreted to blood)	NA (train PIRS)	NA	NA (train PIRS)	NA (train PIRS)	NA (train PIRS)	NA (train PIRS)	0.718	7.53e-03	yes	NA	no	yes (concordant, protein-level)	no	replicated (FinnGen + UK Biobank)	not an approved target	Low-moderate	2.258	2	MHC/LD — held at nomination	Causal-only (PIRS not trained)	Agonize / replace — held (MHC/LD caution)	Biomarker (predictive) — not yet a target	Panel D (concordance, MHC-flagged)	Fine-map MHC / condition on classical HLA alleles before any claim	Hold: MHC/LD confounding must be excluded
870	Umbilical hernia	Gastrointestinal	Bone morphogenetic protein 6	BMP6	Predicted secreted proteins	Immune-cell-enriched	High (secreted to blood)	NA (train PIRS)	NA	NA (train PIRS)	NA (train PIRS)	NA (train PIRS)	NA (train PIRS)	0.602	1.03e-02	yes	NA	no	yes (concordant, protein-level)	no	not tested	not an approved target	Low-moderate	2.231	2	MHC/LD — held at nomination	Causal-only (PIRS not trained)	Agonize / replace — held (MHC/LD caution)	Biomarker (predictive) — not yet a target	Panel D (concordance, MHC-flagged)	Fine-map MHC / condition on classical HLA alleles before any claim	Hold: MHC/LD confounding must be excluded
871	Other and unspecified nerve root and plexus disorders, also in other diseases	Neurological/Psychiatric	Bone morphogenetic protein 6	BMP6	Predicted secreted proteins	Immune-cell-enriched	High (secreted to blood)	NA (train PIRS)	NA	NA (train PIRS)	NA (train PIRS)	NA (train PIRS)	NA (train PIRS)	1.837	1.16e-02	yes	NA	no	yes (concordant, protein-level)	no	not tested	not an approved target	Low-moderate	2.221	2	MHC/LD — held at nomination	Causal-only (PIRS not trained)	Block (antagonist/neutralizing Ab) — held (MHC/LD caution)	Biomarker (predictive) — not yet a target	Panel D (concordance, MHC-flagged)	Fine-map MHC / condition on classical HLA alleles before any claim	Hold: MHC/LD confounding must be excluded
872	Other dorsopathies, not elsewhere classified	Musculoskeletal	Bone morphogenetic protein 6	BMP6	Predicted secreted proteins	Immune-cell-enriched	High (secreted to blood)	NA (train PIRS)	NA	NA (train PIRS)	NA (train PIRS)	NA (train PIRS)	NA (train PIRS)	1.207	1.21e-02	yes	NA	no	yes (concordant, protein-level)	no	not tested	not an approved target	Low-moderate	2.217	2	MHC/LD — held at nomination	Causal-only (PIRS not trained)	Block (antagonist/neutralizing Ab) — held (MHC/LD caution)	Biomarker (predictive) — not yet a target	Panel D (concordance, MHC-flagged)	Fine-map MHC / condition on classical HLA alleles before any claim	Hold: MHC/LD confounding must be excluded
873	Spinal stenosis	Musculoskeletal	Bone morphogenetic protein 6	BMP6	Predicted secreted proteins	Immune-cell-enriched	High (secreted to blood)	NA (train PIRS)	NA	NA (train PIRS)	NA (train PIRS)	NA (train PIRS)	NA (train PIRS)	1.555	8.70e-05	yes	NA	no	no	no	not tested	not an approved target	Low-moderate	1.645	2	MHC/LD — held at nomination	Causal-only (PIRS not trained)	Block (antagonist/neutralizing Ab) — held (MHC/LD caution)	Biomarker (predictive) — not yet a target	Panel D (concordance, MHC-flagged)	Fine-map MHC / condition on classical HLA alleles before any claim	Hold: MHC/LD confounding must be excluded
874	Type 2 diabetes, definitions combined	Metabolic/Endocrine	Arginase-1	ARG1	Disease related genes, Enzymes, Human disease related genes, Metabolic proteins, Plasma proteins, Potential drug targets, Predicted intracellular proteins	Immune-cell-enriched	Measured (Olink Explore panel)	NA (train PIRS)	NA	NA (train PIRS)	NA (train PIRS)	NA (train PIRS)	NA (train PIRS)	0.922	2.30e-08	yes	NA	no	no	no	replicated (FinnGen + UK Biobank)	not an approved target	Uncertain	1.528	2	MHC/LD — held at nomination	Causal-only (PIRS not trained)	Agonize / replace — held (MHC/LD caution)	Biomarker (predictive) — not yet a target	Panel D (concordance, MHC-flagged)	Fine-map MHC / condition on classical HLA alleles before any claim	Hold: MHC/LD confounding must be excluded
875	Heart failure, strict	Cardiovascular	Cyclin-dependent kinase inhibitor 1	CDKN1A	Cancer-related genes, Human disease related genes, Predicted intracellular proteins	Immune-cell-enriched	Measured (Olink Explore panel)	NA (train PIRS)	NA	NA (train PIRS)	NA (train PIRS)	NA (train PIRS)	NA (train PIRS)	1.48	3.22e-13	yes	NA	no	no	no	not tested	not an approved target	Uncertain	1.5	2	MHC/LD — held at nomination	Causal-only (PIRS not trained)	Block (antagonist/neutralizing Ab) — held (MHC/LD caution)	Biomarker (predictive) — not yet a target	Panel D (concordance, MHC-flagged)	Fine-map MHC / condition on classical HLA alleles before any claim	Hold: MHC/LD confounding must be excluded
876	Cardiac arrhythmias	Respiratory	Cyclin-dependent kinase inhibitor 1	CDKN1A	Cancer-related genes, Human disease related genes, Predicted intracellular proteins	Immune-cell-enriched	Measured (Olink Explore panel)	NA (train PIRS)	NA	NA (train PIRS)	NA (train PIRS)	NA (train PIRS)	NA (train PIRS)	1.328	7.12e-12	yes	NA	no	no	no	not tested	not an approved target	Uncertain	1.5	2	MHC/LD — held at nomination	Causal-only (PIRS not trained)	Block (antagonist/neutralizing Ab) — held (MHC/LD caution)	Biomarker (predictive) — not yet a target	Panel D (concordance, MHC-flagged)	Fine-map MHC / condition on classical HLA alleles before any claim	Hold: MHC/LD confounding must be excluded
877	Other intervertebral disc disorders	Musculoskeletal	Bone morphogenetic protein 6	BMP6	Predicted secreted proteins	Immune-cell-enriched	High (secreted to blood)	NA (train PIRS)	NA	NA (train PIRS)	NA (train PIRS)	NA (train PIRS)	NA (train PIRS)	1.309	5.16e-03	yes	NA	no	no	no	not tested	not an approved target	Low-moderate	1.291	2	MHC/LD — held at nomination	Causal-only (PIRS not trained)	Block (antagonist/neutralizing Ab) — held (MHC/LD caution)	Biomarker (predictive) — not yet a target	Panel D (concordance, MHC-flagged)	Fine-map MHC / condition on classical HLA alleles before any claim	Hold: MHC/LD confounding must be excluded
878	Gonarthrosis, primary, with knee surgery	Musculoskeletal	Bone morphogenetic protein 6	BMP6	Predicted secreted proteins	Immune-cell-enriched	High (secreted to blood)	NA (train PIRS)	NA	NA (train PIRS)	NA (train PIRS)	NA (train PIRS)	NA (train PIRS)	0.7	9.92e-03	yes	NA	no	no	no	not tested	not an approved target	Low-moderate	1.234	2	MHC/LD — held at nomination	Causal-only (PIRS not trained)	Agonize / replace — held (MHC/LD caution)	Biomarker (predictive) — not yet a target	Panel D (concordance, MHC-flagged)	Fine-map MHC / condition on classical HLA alleles before any claim	Hold: MHC/LD confounding must be excluded
879	Viral haemorrhagic fevers, not elsewhere classified/unspecified	Infection	Bone morphogenetic protein 6	BMP6	Predicted secreted proteins	Immune-cell-enriched	High (secreted to blood)	NA (train PIRS)	NA	NA (train PIRS)	NA (train PIRS)	NA (train PIRS)	NA (train PIRS)	2.57	1.94e-02	yes	NA	no	no	no	not tested	not an approved target	Low-moderate	1.176	2	MHC/LD — held at nomination	Causal-only (PIRS not trained)	Block (antagonist/neutralizing Ab) — held (MHC/LD caution)	Biomarker (predictive) — not yet a target	Panel D (concordance, MHC-flagged)	Fine-map MHC / condition on classical HLA alleles before any claim	Hold: MHC/LD confounding must be excluded
880	Type 2 diabetes, wide definition	Metabolic/Endocrine	Arginase-1	ARG1	Disease related genes, Enzymes, Human disease related genes, Metabolic proteins, Plasma proteins, Potential drug targets, Predicted intracellular proteins	Immune-cell-enriched	Measured (Olink Explore panel)	NA (train PIRS)	NA	NA (train PIRS)	NA (train PIRS)	NA (train PIRS)	NA (train PIRS)	0.916	1.60e-06	yes	NA	no	no	no	not tested	not an approved target	Uncertain	1.159	2	MHC/LD — held at nomination	Causal-only (PIRS not trained)	Agonize / replace — held (MHC/LD caution)	Biomarker (predictive) — not yet a target	Panel D (concordance, MHC-flagged)	Fine-map MHC / condition on classical HLA alleles before any claim	Hold: MHC/LD confounding must be excluded
881	Dorsopathies	Musculoskeletal	Bone morphogenetic protein 6	BMP6	Predicted secreted proteins	Immune-cell-enriched	High (secreted to blood)	NA (train PIRS)	NA	NA (train PIRS)	NA (train PIRS)	NA (train PIRS)	NA (train PIRS)	1.173	3.47e-02	yes	NA	no	no	no	not tested	not an approved target	Low-moderate	1.125	2	MHC/LD — held at nomination	Causal-only (PIRS not trained)	Block (antagonist/neutralizing Ab) — held (MHC/LD caution)	Biomarker (predictive) — not yet a target	Panel D (concordance, MHC-flagged)	Fine-map MHC / condition on classical HLA alleles before any claim	Hold: MHC/LD confounding must be excluded
882	Inguinal hernia, bilateral	Gastrointestinal	Bone morphogenetic protein 6	BMP6	Predicted secreted proteins	Immune-cell-enriched	High (secreted to blood)	NA (train PIRS)	NA	NA (train PIRS)	NA (train PIRS)	NA (train PIRS)	NA (train PIRS)	0.452	3.69e-02	yes	NA	no	no	no	not tested	not an approved target	Low-moderate	1.12	2	MHC/LD — held at nomination	Causal-only (PIRS not trained)	Agonize / replace — held (MHC/LD caution)	Biomarker (predictive) — not yet a target	Panel D (concordance, MHC-flagged)	Fine-map MHC / condition on classical HLA alleles before any claim	Hold: MHC/LD confounding must be excluded
883	Female genital prolapse	Renal/Genitourinary	Bone morphogenetic protein 6	BMP6	Predicted secreted proteins	Immune-cell-enriched	High (secreted to blood)	NA (train PIRS)	NA	NA (train PIRS)	NA (train PIRS)	NA (train PIRS)	NA (train PIRS)	0.682	3.98e-02	yes	NA	no	no	no	not tested	not an approved target	Low-moderate	1.113	2	MHC/LD — held at nomination	Causal-only (PIRS not trained)	Agonize / replace — held (MHC/LD caution)	Biomarker (predictive) — not yet a target	Panel D (concordance, MHC-flagged)	Fine-map MHC / condition on classical HLA alleles before any claim	Hold: MHC/LD confounding must be excluded
884	Spondylopathies (FG)	Musculoskeletal	Dyslexia-associated protein KIAA0319	KIAA0319	Disease related genes, Human disease related genes, Predicted membrane proteins, Predicted secreted proteins	Immune-cell-enriched	High (secreted to blood)	NA (train PIRS)	NA	NA (train PIRS)	NA (train PIRS)	NA (train PIRS)	NA (train PIRS)	0.708	4.27e-05	yes	NA	no	no	no	not tested	not an approved target	Moderate	1.041	2	MHC/LD — held at nomination	Causal-only (PIRS not trained)	Agonize / replace — held (MHC/LD caution)	Biomarker (predictive) — not yet a target	Panel D (concordance, MHC-flagged)	Fine-map MHC / condition on classical HLA alleles before any claim	Hold: MHC/LD confounding must be excluded
885	Reimbursement for rheumatic diseases	Gastrointestinal	Dyslexia-associated protein KIAA0319	KIAA0319	Disease related genes, Human disease related genes, Predicted membrane proteins, Predicted secreted proteins	Immune-cell-enriched	High (secreted to blood)	NA (train PIRS)	NA	NA (train PIRS)	NA (train PIRS)	NA (train PIRS)	NA (train PIRS)	0.851	6.26e-05	yes	NA	no	no	no	not tested	not an approved target	Moderate	1.007	2	MHC/LD — held at nomination	Causal-only (PIRS not trained)	Agonize / replace — held (MHC/LD caution)	Biomarker (predictive) — not yet a target	Panel D (concordance, MHC-flagged)	Fine-map MHC / condition on classical HLA alleles before any claim	Hold: MHC/LD confounding must be excluded
886	Ankylosing spondylitis	Musculoskeletal	Dyslexia-associated protein KIAA0319	KIAA0319	Disease related genes, Human disease related genes, Predicted membrane proteins, Predicted secreted proteins	Immune-cell-enriched	High (secreted to blood)	NA (train PIRS)	NA	NA (train PIRS)	NA (train PIRS)	NA (train PIRS)	NA (train PIRS)	0.648	7.52e-05	yes	NA	no	no	no	not covered	not an approved target	Moderate	0.991	2	MHC/LD — held at nomination	Causal-only (PIRS not trained)	Agonize / replace — held (MHC/LD caution)	Biomarker (predictive) — not yet a target	Panel D (concordance, MHC-flagged)	Fine-map MHC / condition on classical HLA alleles before any claim	Hold: MHC/LD confounding must be excluded
887	Diabetes, insulin treatment (Kela reimbursement) (more control exclusions)	Metabolic/Endocrine	Arginase-1	ARG1	Disease related genes, Enzymes, Human disease related genes, Metabolic proteins, Plasma proteins, Potential drug targets, Predicted intracellular proteins	Immune-cell-enriched	Measured (Olink Explore panel)	NA (train PIRS)	NA	NA (train PIRS)	NA (train PIRS)	NA (train PIRS)	NA (train PIRS)	0.935	4.65e-05	yes	NA	no	no	no	not tested	not an approved target	Uncertain	0.867	2	MHC/LD — held at nomination	Causal-only (PIRS not trained)	Agonize / replace — held (MHC/LD caution)	Biomarker (predictive) — not yet a target	Panel D (concordance, MHC-flagged)	Fine-map MHC / condition on classical HLA alleles before any claim	Hold: MHC/LD confounding must be excluded
888	Other arrhythmias	Cardiovascular	Cyclin-dependent kinase inhibitor 1	CDKN1A	Cancer-related genes, Human disease related genes, Predicted intracellular proteins	Immune-cell-enriched	Measured (Olink Explore panel)	NA (train PIRS)	NA	NA (train PIRS)	NA (train PIRS)	NA (train PIRS)	NA (train PIRS)	1.318	1.77e-06	yes	NA	no	no	no	not tested	not an approved target	Uncertain	0.65	2	MHC/LD — held at nomination	Causal-only (PIRS not trained)	Block (antagonist/neutralizing Ab) — held (MHC/LD caution)	Biomarker (predictive) — not yet a target	Panel D (concordance, MHC-flagged)	Fine-map MHC / condition on classical HLA alleles before any claim	Hold: MHC/LD confounding must be excluded
889	Heart failure and bmi 25plus	Cardiovascular	Cyclin-dependent kinase inhibitor 1	CDKN1A	Cancer-related genes, Human disease related genes, Predicted intracellular proteins	Immune-cell-enriched	Measured (Olink Explore panel)	NA (train PIRS)	NA	NA (train PIRS)	NA (train PIRS)	NA (train PIRS)	NA (train PIRS)	1.451	4.87e-06	yes	NA	no	no	no	not tested	not an approved target	Uncertain	0.562	2	MHC/LD — held at nomination	Causal-only (PIRS not trained)	Block (antagonist/neutralizing Ab) — held (MHC/LD caution)	Biomarker (predictive) — not yet a target	Panel D (concordance, MHC-flagged)	Fine-map MHC / condition on classical HLA alleles before any claim	Hold: MHC/LD confounding must be excluded
890	Spondyloarthritis	Medication/Other	Dyslexia-associated protein KIAA0319	KIAA0319	Disease related genes, Human disease related genes, Predicted membrane proteins, Predicted secreted proteins	Immune-cell-enriched	High (secreted to blood)	NA (train PIRS)	NA	NA (train PIRS)	NA (train PIRS)	NA (train PIRS)	NA (train PIRS)	0.797	2.11e-02	yes	NA	no	no	no	not tested	not an approved target	Moderate	0.502	2	MHC/LD — held at nomination	Causal-only (PIRS not trained)	Agonize / replace — held (MHC/LD caution)	Biomarker (predictive) — not yet a target	Panel D (concordance, MHC-flagged)	Fine-map MHC / condition on classical HLA alleles before any claim	Hold: MHC/LD confounding must be excluded
891	Non-ischemic cardiomyopathy	Cardiovascular	Cyclin-dependent kinase inhibitor 1	CDKN1A	Cancer-related genes, Human disease related genes, Predicted intracellular proteins	Immune-cell-enriched	Measured (Olink Explore panel)	NA (train PIRS)	NA	NA (train PIRS)	NA (train PIRS)	NA (train PIRS)	NA (train PIRS)	1.533	1.37e-05	yes	NA	no	no	no	not tested	not an approved target	Uncertain	0.473	2	MHC/LD — held at nomination	Causal-only (PIRS not trained)	Block (antagonist/neutralizing Ab) — held (MHC/LD caution)	Biomarker (predictive) — not yet a target	Panel D (concordance, MHC-flagged)	Fine-map MHC / condition on classical HLA alleles before any claim	Hold: MHC/LD confounding must be excluded
892	Other diseases of upper respiratory tract	Respiratory	Arginase-1	ARG1	Disease related genes, Enzymes, Human disease related genes, Metabolic proteins, Plasma proteins, Potential drug targets, Predicted intracellular proteins	Immune-cell-enriched	Measured (Olink Explore panel)	NA (train PIRS)	NA	NA (train PIRS)	NA (train PIRS)	NA (train PIRS)	NA (train PIRS)	0.957	4.42e-03	yes	NA	no	no	no	not tested	not an approved target	Uncertain	0.471	2	MHC/LD — held at nomination	Causal-only (PIRS not trained)	Agonize / replace — held (MHC/LD caution)	Biomarker (predictive) — not yet a target	Panel D (concordance, MHC-flagged)	Fine-map MHC / condition on classical HLA alleles before any claim	Hold: MHC/LD confounding must be excluded
893	Atrial fibrillation and flutter	Cardiovascular	Cyclin-dependent kinase inhibitor 1	CDKN1A	Cancer-related genes, Human disease related genes, Predicted intracellular proteins	Immune-cell-enriched	Measured (Olink Explore panel)	NA (train PIRS)	NA	NA (train PIRS)	NA (train PIRS)	NA (train PIRS)	NA (train PIRS)	1.332	1.94e-05	yes	NA	no	no	no	not tested	not an approved target	Uncertain	0.443	2	MHC/LD — held at nomination	Causal-only (PIRS not trained)	Block (antagonist/neutralizing Ab) — held (MHC/LD caution)	Biomarker (predictive) — not yet a target	Panel D (concordance, MHC-flagged)	Fine-map MHC / condition on classical HLA alleles before any claim	Hold: MHC/LD confounding must be excluded
894	Chronic diseases of tonsils and adenoids	Respiratory	Arginase-1	ARG1	Disease related genes, Enzymes, Human disease related genes, Metabolic proteins, Plasma proteins, Potential drug targets, Predicted intracellular proteins	Immune-cell-enriched	Measured (Olink Explore panel)	NA (train PIRS)	NA	NA (train PIRS)	NA (train PIRS)	NA (train PIRS)	NA (train PIRS)	0.945	1.86e-02	yes	NA	no	no	no	not tested	not an approved target	Uncertain	0.346	2	MHC/LD — held at nomination	Causal-only (PIRS not trained)	Agonize / replace — held (MHC/LD caution)	Biomarker (predictive) — not yet a target	Panel D (concordance, MHC-flagged)	Fine-map MHC / condition on classical HLA alleles before any claim	Hold: MHC/LD confounding must be excluded
895	Antihypertensive medication - note that there are other indications	Medication/Other	Arginase-1	ARG1	Disease related genes, Enzymes, Human disease related genes, Metabolic proteins, Plasma proteins, Potential drug targets, Predicted intracellular proteins	Immune-cell-enriched	Measured (Olink Explore panel)	NA (train PIRS)	NA	NA (train PIRS)	NA (train PIRS)	NA (train PIRS)	NA (train PIRS)	0.959	2.21e-02	yes	NA	no	no	no	not tested	not an approved target	Uncertain	0.331	2	MHC/LD — held at nomination	Causal-only (PIRS not trained)	Agonize / replace — held (MHC/LD caution)	Biomarker (predictive) — not yet a target	Panel D (concordance, MHC-flagged)	Fine-map MHC / condition on classical HLA alleles before any claim	Hold: MHC/LD confounding must be excluded
896	Seborrhoeic keratosis	Dermatological	Arginase-1	ARG1	Disease related genes, Enzymes, Human disease related genes, Metabolic proteins, Plasma proteins, Potential drug targets, Predicted intracellular proteins	Immune-cell-enriched	Measured (Olink Explore panel)	NA (train PIRS)	NA	NA (train PIRS)	NA (train PIRS)	NA (train PIRS)	NA (train PIRS)	0.882	3.98e-02	yes	NA	no	no	no	not tested	not an approved target	Uncertain	0.28	2	MHC/LD — held at nomination	Causal-only (PIRS not trained)	Agonize / replace — held (MHC/LD caution)	Biomarker (predictive) — not yet a target	Panel D (concordance, MHC-flagged)	Fine-map MHC / condition on classical HLA alleles before any claim	Hold: MHC/LD confounding must be excluded
897	Atrial fibrillation and flutter with reimbursement	Cardiovascular	Cyclin-dependent kinase inhibitor 1	CDKN1A	Cancer-related genes, Human disease related genes, Predicted intracellular proteins	Immune-cell-enriched	Measured (Olink Explore panel)	NA (train PIRS)	NA	NA (train PIRS)	NA (train PIRS)	NA (train PIRS)	NA (train PIRS)	1.367	2.19e-04	yes	NA	no	no	no	not tested	not an approved target	Uncertain	0.232	2	MHC/LD — held at nomination	Causal-only (PIRS not trained)	Block (antagonist/neutralizing Ab) — held (MHC/LD caution)	Biomarker (predictive) — not yet a target	Panel D (concordance, MHC-flagged)	Fine-map MHC / condition on classical HLA alleles before any claim	Hold: MHC/LD confounding must be excluded
898	Nonischemic cardiomyopathy	Cardiovascular	Cyclin-dependent kinase inhibitor 1	CDKN1A	Cancer-related genes, Human disease related genes, Predicted intracellular proteins	Immune-cell-enriched	Measured (Olink Explore panel)	NA (train PIRS)	NA	NA (train PIRS)	NA (train PIRS)	NA (train PIRS)	NA (train PIRS)	2.637	2.89e-04	yes	NA	no	no	no	not tested	not an approved target	Uncertain	0.208	2	MHC/LD — held at nomination	Causal-only (PIRS not trained)	Block (antagonist/neutralizing Ab) — held (MHC/LD caution)	Biomarker (predictive) — not yet a target	Panel D (concordance, MHC-flagged)	Fine-map MHC / condition on classical HLA alleles before any claim	Hold: MHC/LD confounding must be excluded
899	Cardiomyopathy	Cardiovascular	Cyclin-dependent kinase inhibitor 1	CDKN1A	Cancer-related genes, Human disease related genes, Predicted intracellular proteins	Immune-cell-enriched	Measured (Olink Explore panel)	NA (train PIRS)	NA	NA (train PIRS)	NA (train PIRS)	NA (train PIRS)	NA (train PIRS)	1.655	3.97e-04	yes	NA	no	no	no	not tested	not an approved target	Uncertain	0.18	2	MHC/LD — held at nomination	Causal-only (PIRS not trained)	Block (antagonist/neutralizing Ab) — held (MHC/LD caution)	Biomarker (predictive) — not yet a target	Panel D (concordance, MHC-flagged)	Fine-map MHC / condition on classical HLA alleles before any claim	Hold: MHC/LD confounding must be excluded
900	Vitamin B12 deficiency anaemia	Haematological/Immune	Vascular non-inflammatory molecule 2	VNN2	Enzymes, Metabolic proteins, Predicted intracellular proteins, Predicted membrane proteins	Immune-cell-enriched	Measured (Olink Explore panel)	NA (train PIRS)	NA	NA (train PIRS)	NA (train PIRS)	NA (train PIRS)	NA (train PIRS)	1.19	1.19e-04	yes	NA	no	no	no	not tested	not an approved target	Low-moderate	0.118	2	MHC/LD — held at nomination	Causal-only (PIRS not trained)	Block (antagonist/neutralizing Ab) — held (MHC/LD caution)	Biomarker (predictive) — not yet a target	Panel D (concordance, MHC-flagged)	Fine-map MHC / condition on classical HLA alleles before any claim	Hold: MHC/LD confounding must be excluded
901	Cardiomyopathy (excluding other)	Cardiovascular	Cyclin-dependent kinase inhibitor 1	CDKN1A	Cancer-related genes, Human disease related genes, Predicted intracellular proteins	Immune-cell-enriched	Measured (Olink Explore panel)	NA (train PIRS)	NA	NA (train PIRS)	NA (train PIRS)	NA (train PIRS)	NA (train PIRS)	1.751	2.10e-03	yes	NA	no	no	no	not tested	not an approved target	Uncertain	0.036	2	MHC/LD — held at nomination	Causal-only (PIRS not trained)	Block (antagonist/neutralizing Ab) — held (MHC/LD caution)	Biomarker (predictive) — not yet a target	Panel D (concordance, MHC-flagged)	Fine-map MHC / condition on classical HLA alleles before any claim	Hold: MHC/LD confounding must be excluded
902	Atherosclerosis, excluding cerebral and coronary sclerosis	Cardiovascular	Cyclin-dependent kinase inhibitor 1	CDKN1A	Cancer-related genes, Human disease related genes, Predicted intracellular proteins	Immune-cell-enriched	Measured (Olink Explore panel)	NA (train PIRS)	NA	NA (train PIRS)	NA (train PIRS)	NA (train PIRS)	NA (train PIRS)	1.345	3.05e-03	yes	NA	no	no	no	not tested	not an approved target	Uncertain	0.003	2	MHC/LD — held at nomination	Causal-only (PIRS not trained)	Block (antagonist/neutralizing Ab) — held (MHC/LD caution)	Biomarker (predictive) — not yet a target	Panel D (concordance, MHC-flagged)	Fine-map MHC / condition on classical HLA alleles before any claim	Hold: MHC/LD confounding must be excluded
903	Colorectal adenocarcinoma, excluding all cancers (controls excluding all cancers)	Neoplasm	Cyclin-dependent kinase inhibitor 1	CDKN1A	Cancer-related genes, Human disease related genes, Predicted intracellular proteins	Immune-cell-enriched	Measured (Olink Explore panel)	NA (train PIRS)	NA	NA (train PIRS)	NA (train PIRS)	NA (train PIRS)	NA (train PIRS)	0.644	3.19e-03	yes	NA	no	no	no	not tested	not an approved target	Uncertain	0.0	2	MHC/LD — held at nomination	Causal-only (PIRS not trained)	Agonize / replace — held (MHC/LD caution)	Biomarker (predictive) — not yet a target	Panel D (concordance, MHC-flagged)	Fine-map MHC / condition on classical HLA alleles before any claim	Hold: MHC/LD confounding must be excluded
904	Depression or dysthymia	Neurological/Psychiatric	Cysteine-rich secretory protein 3	CRISP3	Metabolic proteins, Plasma proteins, Predicted intracellular proteins, Predicted secreted proteins	Immune-cell-enriched	High (secreted to blood)	NA (train PIRS)	NA	NA (train PIRS)	NA (train PIRS)	NA (train PIRS)	NA (train PIRS)	1.235	3.63e-03	yes	NA	no	no	no	not tested	not an approved target	Low-moderate	0.0	2	MHC/LD — held at nomination	Causal-only (PIRS not trained)	Block (antagonist/neutralizing Ab) — held (MHC/LD caution)	Biomarker (predictive) — not yet a target	Panel D (concordance, MHC-flagged)	Fine-map MHC / condition on classical HLA alleles before any claim	Hold: MHC/LD confounding must be excluded
905	Coronary atherosclerosis	Cardiovascular	Cyclin-dependent kinase inhibitor 1	CDKN1A	Cancer-related genes, Human disease related genes, Predicted intracellular proteins	Immune-cell-enriched	Measured (Olink Explore panel)	NA (train PIRS)	NA	NA (train PIRS)	NA (train PIRS)	NA (train PIRS)	NA (train PIRS)	1.208	3.74e-03	yes	NA	no	no	no	not tested	not an approved target	Uncertain	0.0	2	MHC/LD — held at nomination	Causal-only (PIRS not trained)	Block (antagonist/neutralizing Ab) — held (MHC/LD caution)	Biomarker (predictive) — not yet a target	Panel D (concordance, MHC-flagged)	Fine-map MHC / condition on classical HLA alleles before any claim	Hold: MHC/LD confounding must be excluded
906	Pain (limb, back, neck, head abdominally)	Other	Inactive tyrosine-protein kinase 7	PTK7	Enzymes, Plasma proteins, Predicted intracellular proteins, Predicted membrane proteins, Predicted secreted proteins	Immune-cell-enriched	High (secreted to blood)	NA (train PIRS)	NA	NA (train PIRS)	NA (train PIRS)	NA (train PIRS)	NA (train PIRS)	0.878	4.15e-03	yes	NA	no	no	no	not tested	not an approved target	Moderate	0.0	2	MHC/LD — held at nomination	Causal-only (PIRS not trained)	Agonize / replace — held (MHC/LD caution)	Biomarker (predictive) — not yet a target	Panel D (concordance, MHC-flagged)	Fine-map MHC / condition on classical HLA alleles before any claim	Hold: MHC/LD confounding must be excluded
907	Adenocarcinoma, papilloma adenocarcinoma and mucinous carcinomas of rectum, excluding all cancers (controls excluding all cancers)	Neoplasm	Cyclin-dependent kinase inhibitor 1	CDKN1A	Cancer-related genes, Human disease related genes, Predicted intracellular proteins	Immune-cell-enriched	Measured (Olink Explore panel)	NA (train PIRS)	NA	NA (train PIRS)	NA (train PIRS)	NA (train PIRS)	NA (train PIRS)	0.542	4.15e-03	yes	NA	no	no	no	not tested	not an approved target	Uncertain	0.0	2	MHC/LD — held at nomination	Causal-only (PIRS not trained)	Agonize / replace — held (MHC/LD caution)	Biomarker (predictive) — not yet a target	Panel D (concordance, MHC-flagged)	Fine-map MHC / condition on classical HLA alleles before any claim	Hold: MHC/LD confounding must be excluded
908	Statin medication	Cardiovascular	Cation-independent mannose-6-phosphate receptor	IGF2R	Cancer-related genes, CD markers, Human disease related genes, Plasma proteins, Predicted intracellular proteins, Predicted membrane proteins, Transporters	Immune-cell-enriched	High (soluble receptor / shed)	NA (train PIRS)	NA	NA (train PIRS)	NA (train PIRS)	NA (train PIRS)	NA (train PIRS)	0.75	4.28e-03	yes	NA	no	no	no	not tested	not an approved target	Low-moderate	0.0	2	MHC/LD — held at nomination	Causal-only (PIRS not trained)	Agonize / replace — held (MHC/LD caution)	Biomarker (predictive) — not yet a target	Panel D (concordance, MHC-flagged)	Fine-map MHC / condition on classical HLA alleles before any claim	Hold: MHC/LD confounding must be excluded
909	Heart failure and coronary heart disease	Cardiovascular	Cyclin-dependent kinase inhibitor 1	CDKN1A	Cancer-related genes, Human disease related genes, Predicted intracellular proteins	Immune-cell-enriched	Measured (Olink Explore panel)	NA (train PIRS)	NA	NA (train PIRS)	NA (train PIRS)	NA (train PIRS)	NA (train PIRS)	1.377	5.22e-03	yes	NA	no	no	no	not tested	not an approved target	Uncertain	0.0	2	MHC/LD — held at nomination	Causal-only (PIRS not trained)	Block (antagonist/neutralizing Ab) — held (MHC/LD caution)	Biomarker (predictive) — not yet a target	Panel D (concordance, MHC-flagged)	Fine-map MHC / condition on classical HLA alleles before any claim	Hold: MHC/LD confounding must be excluded
910	Use of disulfiram, acamprosate or naltrexone	Other	Endothelin-1	EDN1	Cancer-related genes, Candidate cardiovascular disease genes, Disease related genes, Human disease related genes, Plasma proteins, Predicted secreted proteins	Immune-cell-enriched	High (secreted to blood)	NA (train PIRS)	NA	NA (train PIRS)	NA (train PIRS)	NA (train PIRS)	NA (train PIRS)	2.582	9.88e-03	yes	NA	no	no	no	not tested	not an approved target	Low-moderate	0.0	2	MHC/LD — held at nomination	Causal-only (PIRS not trained)	Block (antagonist/neutralizing Ab) — held (MHC/LD caution)	Biomarker (predictive) — not yet a target	Panel D (concordance, MHC-flagged)	Fine-map MHC / condition on classical HLA alleles before any claim	Hold: MHC/LD confounding must be excluded
911	Angina pectoris	Cardiovascular	Cyclin-dependent kinase inhibitor 1	CDKN1A	Cancer-related genes, Human disease related genes, Predicted intracellular proteins	Immune-cell-enriched	Measured (Olink Explore panel)	NA (train PIRS)	NA	NA (train PIRS)	NA (train PIRS)	NA (train PIRS)	NA (train PIRS)	1.228	1.04e-02	yes	NA	no	no	no	not tested	not an approved target	Uncertain	0.0	2	MHC/LD — held at nomination	Causal-only (PIRS not trained)	Block (antagonist/neutralizing Ab) — held (MHC/LD caution)	Biomarker (predictive) — not yet a target	Panel D (concordance, MHC-flagged)	Fine-map MHC / condition on classical HLA alleles before any claim	Hold: MHC/LD confounding must be excluded
912	Coronary artery bypass grafting	Cardiovascular	Cation-independent mannose-6-phosphate receptor	IGF2R	Cancer-related genes, CD markers, Human disease related genes, Plasma proteins, Predicted intracellular proteins, Predicted membrane proteins, Transporters	Immune-cell-enriched	High (soluble receptor / shed)	NA (train PIRS)	NA	NA (train PIRS)	NA (train PIRS)	NA (train PIRS)	NA (train PIRS)	0.472	1.11e-02	yes	NA	no	no	no	not tested	not an approved target	Low-moderate	0.0	2	MHC/LD — held at nomination	Causal-only (PIRS not trained)	Agonize / replace — held (MHC/LD caution)	Biomarker (predictive) — not yet a target	Panel D (concordance, MHC-flagged)	Fine-map MHC / condition on classical HLA alleles before any claim	Hold: MHC/LD confounding must be excluded
913	Ankylosing spondylitis	Musculoskeletal	Ras-related protein Rab-44	RAB44	Predicted intracellular proteins	Immune-cell-enriched	Measured (Olink Explore panel)	NA (train PIRS)	NA	NA (train PIRS)	NA (train PIRS)	NA (train PIRS)	NA (train PIRS)	0.812	1.57e-02	yes	NA	no	no	no	not covered	not an approved target	Uncertain	0.0	2	MHC/LD — held at nomination	Causal-only (PIRS not trained)	Agonize / replace — held (MHC/LD caution)	Biomarker (predictive) — not yet a target	Panel D (concordance, MHC-flagged)	Fine-map MHC / condition on classical HLA alleles before any claim	Hold: MHC/LD confounding must be excluded
914	Ischaemic heart disease, wide definition	Cardiovascular	Cyclin-dependent kinase inhibitor 1	CDKN1A	Cancer-related genes, Human disease related genes, Predicted intracellular proteins	Immune-cell-enriched	Measured (Olink Explore panel)	NA (train PIRS)	NA	NA (train PIRS)	NA (train PIRS)	NA (train PIRS)	NA (train PIRS)	1.165	1.95e-02	yes	NA	no	no	no	replicated (FinnGen + UK Biobank)	not an approved target	Uncertain	0.0	2	MHC/LD — held at nomination	Causal-only (PIRS not trained)	Block (antagonist/neutralizing Ab) — held (MHC/LD caution)	Biomarker (predictive) — not yet a target	Panel D (concordance, MHC-flagged)	Fine-map MHC / condition on classical HLA alleles before any claim	Hold: MHC/LD confounding must be excluded
915	Malignant neoplasm of rectum, excluding all cancers (controls excluding all cancers)	Neoplasm	Cyclin-dependent kinase inhibitor 1	CDKN1A	Cancer-related genes, Human disease related genes, Predicted intracellular proteins	Immune-cell-enriched	Measured (Olink Explore panel)	NA (train PIRS)	NA	NA (train PIRS)	NA (train PIRS)	NA (train PIRS)	NA (train PIRS)	0.607	1.98e-02	yes	NA	no	no	no	not tested	not an approved target	Uncertain	0.0	2	MHC/LD — held at nomination	Causal-only (PIRS not trained)	Agonize / replace — held (MHC/LD caution)	Biomarker (predictive) — not yet a target	Panel D (concordance, MHC-flagged)	Fine-map MHC / condition on classical HLA alleles before any claim	Hold: MHC/LD confounding must be excluded
916	Adenocarcinoma and papilloma adenocarcinoma of rectum	Neoplasm	Cyclin-dependent kinase inhibitor 1	CDKN1A	Cancer-related genes, Human disease related genes, Predicted intracellular proteins	Immune-cell-enriched	Measured (Olink Explore panel)	NA (train PIRS)	NA	NA (train PIRS)	NA (train PIRS)	NA (train PIRS)	NA (train PIRS)	0.561	2.18e-02	yes	NA	no	no	no	not tested	not an approved target	Uncertain	0.0	2	MHC/LD — held at nomination	Causal-only (PIRS not trained)	Agonize / replace — held (MHC/LD caution)	Biomarker (predictive) — not yet a target	Panel D (concordance, MHC-flagged)	Fine-map MHC / condition on classical HLA alleles before any claim	Hold: MHC/LD confounding must be excluded
917	Major coronary heart disease event	Cardiovascular	Vascular non-inflammatory molecule 2	VNN2	Enzymes, Metabolic proteins, Predicted intracellular proteins, Predicted membrane proteins	Immune-cell-enriched	Measured (Olink Explore panel)	NA (train PIRS)	NA	NA (train PIRS)	NA (train PIRS)	NA (train PIRS)	NA (train PIRS)	1.045	2.41e-02	yes	NA	no	no	no	not tested	not an approved target	Low-moderate	0.0	2	MHC/LD — held at nomination	Causal-only (PIRS not trained)	Block (antagonist/neutralizing Ab) — held (MHC/LD caution)	Biomarker (predictive) — not yet a target	Panel D (concordance, MHC-flagged)	Fine-map MHC / condition on classical HLA alleles before any claim	Hold: MHC/LD confounding must be excluded
918	Leiomyoma of uterus	Neoplasm	Ras-related protein Rab-44	RAB44	Predicted intracellular proteins	Immune-cell-enriched	Measured (Olink Explore panel)	NA (train PIRS)	NA	NA (train PIRS)	NA (train PIRS)	NA (train PIRS)	NA (train PIRS)	0.934	2.61e-02	yes	NA	no	no	no	not tested	not an approved target	Uncertain	0.0	2	MHC/LD — held at nomination	Causal-only (PIRS not trained)	Agonize / replace — held (MHC/LD caution)	Biomarker (predictive) — not yet a target	Panel D (concordance, MHC-flagged)	Fine-map MHC / condition on classical HLA alleles before any claim	Hold: MHC/LD confounding must be excluded
919	Lower back pain or/and sciatica	Musculoskeletal	5'-nucleotidase	NT5E	CD markers, Disease related genes, Enzymes, Human disease related genes, Metabolic proteins, Potential drug targets, Predicted intracellular proteins, Predicted membrane proteins	Immune-cell-enriched	Measured (Olink Explore panel)	NA (train PIRS)	NA	NA (train PIRS)	NA (train PIRS)	NA (train PIRS)	NA (train PIRS)	0.952	2.61e-02	yes	NA	no	no	no	not tested	not an approved target	Low-moderate	0.0	2	MHC/LD — held at nomination	Causal-only (PIRS not trained)	Agonize / replace — held (MHC/LD caution)	Biomarker (predictive) — not yet a target	Panel D (concordance, MHC-flagged)	Fine-map MHC / condition on classical HLA alleles before any claim	Hold: MHC/LD confounding must be excluded
920	Glaucoma	Ophthalmological	Cysteine-rich secretory protein 3	CRISP3	Metabolic proteins, Plasma proteins, Predicted intracellular proteins, Predicted secreted proteins	Immune-cell-enriched	High (secreted to blood)	NA (train PIRS)	NA	NA (train PIRS)	NA (train PIRS)	NA (train PIRS)	NA (train PIRS)	1.32	3.02e-02	yes	NA	no	no	no	not tested	not an approved target	Low-moderate	0.0	2	MHC/LD — held at nomination	Causal-only (PIRS not trained)	Block (antagonist/neutralizing Ab) — held (MHC/LD caution)	Biomarker (predictive) — not yet a target	Panel D (concordance, MHC-flagged)	Fine-map MHC / condition on classical HLA alleles before any claim	Hold: MHC/LD confounding must be excluded
921	Hard cardiovascular diseases	Cardiovascular	Cyclin-dependent kinase inhibitor 1	CDKN1A	Cancer-related genes, Human disease related genes, Predicted intracellular proteins	Immune-cell-enriched	Measured (Olink Explore panel)	NA (train PIRS)	NA	NA (train PIRS)	NA (train PIRS)	NA (train PIRS)	NA (train PIRS)	1.159	3.70e-02	yes	NA	no	no	no	not tested	not an approved target	Uncertain	0.0	2	MHC/LD — held at nomination	Causal-only (PIRS not trained)	Block (antagonist/neutralizing Ab) — held (MHC/LD caution)	Biomarker (predictive) — not yet a target	Panel D (concordance, MHC-flagged)	Fine-map MHC / condition on classical HLA alleles before any claim	Hold: MHC/LD confounding must be excluded
922	Low back pain	Musculoskeletal	5'-nucleotidase	NT5E	CD markers, Disease related genes, Enzymes, Human disease related genes, Metabolic proteins, Potential drug targets, Predicted intracellular proteins, Predicted membrane proteins	Immune-cell-enriched	Measured (Olink Explore panel)	NA (train PIRS)	NA	NA (train PIRS)	NA (train PIRS)	NA (train PIRS)	NA (train PIRS)	0.945	3.73e-02	yes	NA	no	no	no	not tested	not an approved target	Low-moderate	0.0	2	MHC/LD — held at nomination	Causal-only (PIRS not trained)	Agonize / replace — held (MHC/LD caution)	Biomarker (predictive) — not yet a target	Panel D (concordance, MHC-flagged)	Fine-map MHC / condition on classical HLA alleles before any claim	Hold: MHC/LD confounding must be excluded
923	Other disorders of ear	Other	Inactive tyrosine-protein kinase 7	PTK7	Enzymes, Plasma proteins, Predicted intracellular proteins, Predicted membrane proteins, Predicted secreted proteins	Immune-cell-enriched	High (secreted to blood)	NA (train PIRS)	NA	NA (train PIRS)	NA (train PIRS)	NA (train PIRS)	NA (train PIRS)	0.841	3.98e-02	yes	NA	no	no	no	not tested	not an approved target	Moderate	0.0	2	MHC/LD — held at nomination	Causal-only (PIRS not trained)	Agonize / replace — held (MHC/LD caution)	Biomarker (predictive) — not yet a target	Panel D (concordance, MHC-flagged)	Fine-map MHC / condition on classical HLA alleles before any claim	Hold: MHC/LD confounding must be excluded
924	Coronary revascularization (ANGIO or CABG)	Cardiovascular	Cyclin-dependent kinase inhibitor 1	CDKN1A	Cancer-related genes, Human disease related genes, Predicted intracellular proteins	Immune-cell-enriched	Measured (Olink Explore panel)	NA (train PIRS)	NA	NA (train PIRS)	NA (train PIRS)	NA (train PIRS)	NA (train PIRS)	1.261	4.25e-02	yes	NA	no	no	no	not tested	not an approved target	Uncertain	0.0	2	MHC/LD — held at nomination	Causal-only (PIRS not trained)	Block (antagonist/neutralizing Ab) — held (MHC/LD caution)	Biomarker (predictive) — not yet a target	Panel D (concordance, MHC-flagged)	Fine-map MHC / condition on classical HLA alleles before any claim	Hold: MHC/LD confounding must be excluded
925	Disorders of eyelid, lacrimal system and orbit	Ophthalmological	Cysteine-rich secretory protein 3	CRISP3	Metabolic proteins, Plasma proteins, Predicted intracellular proteins, Predicted secreted proteins	Immune-cell-enriched	High (secreted to blood)	NA (train PIRS)	NA	NA (train PIRS)	NA (train PIRS)	NA (train PIRS)	NA (train PIRS)	1.229	4.47e-02	yes	NA	no	no	no	not tested	not an approved target	Low-moderate	0.0	2	MHC/LD — held at nomination	Causal-only (PIRS not trained)	Block (antagonist/neutralizing Ab) — held (MHC/LD caution)	Biomarker (predictive) — not yet a target	Panel D (concordance, MHC-flagged)	Fine-map MHC / condition on classical HLA alleles before any claim	Hold: MHC/LD confounding must be excluded
926	Other heart diseases	Cardiovascular	Cyclin-dependent kinase inhibitor 1	CDKN1A	Cancer-related genes, Human disease related genes, Predicted intracellular proteins	Immune-cell-enriched	Measured (Olink Explore panel)	NA (train PIRS)	NA	NA (train PIRS)	NA (train PIRS)	NA (train PIRS)	NA (train PIRS)	1.168	4.50e-02	yes	NA	no	no	no	not tested	not an approved target	Uncertain	0.0	2	MHC/LD — held at nomination	Causal-only (PIRS not trained)	Block (antagonist/neutralizing Ab) — held (MHC/LD caution)	Biomarker (predictive) — not yet a target	Panel D (concordance, MHC-flagged)	Fine-map MHC / condition on classical HLA alleles before any claim	Hold: MHC/LD confounding must be excluded
927	Seropositive rheumatoid arthritis, wide	Musculoskeletal	Cytotoxic T-lymphocyte protein 4	CTLA4	CD markers, Disease related genes, FDA approved drug targets, Human disease related genes, Predicted intracellular proteins, Predicted membrane proteins	Immune checkpoint	Measured (Olink Explore panel)	NA (train PIRS)	NA	NA (train PIRS)	NA (train PIRS)	NA (train PIRS)	NA (train PIRS)	0.449	1.32e-12	yes	0.987	yes (PP.H4>=0.8)	no	no	not tested	known drug target	High (FDA-precedented class, tractable)	5.987	1	Known-drug positive control	Causal-only (PIRS not trained)	Agonize / replace — positive control	Prioritized target (transcript-level)	Panel B (performance — positive control)	Confirm as positive control; benchmark against approved agent	Reference/positive control: validates the pipeline
928	Rheumatoid arthritis	Musculoskeletal	Cytotoxic T-lymphocyte protein 4	CTLA4	CD markers, Disease related genes, FDA approved drug targets, Human disease related genes, Predicted intracellular proteins, Predicted membrane proteins	Immune checkpoint	Measured (Olink Explore panel)	NA (train PIRS)	NA	NA (train PIRS)	NA (train PIRS)	NA (train PIRS)	NA (train PIRS)	0.511	2.08e-11	yes	0.985	yes (PP.H4>=0.8)	no	no	replicated (FinnGen + UK Biobank)	known drug target	High (FDA-precedented class, tractable)	5.985	1	Known-drug positive control	Causal-only (PIRS not trained)	Agonize / replace — positive control	Prioritized target (transcript-level)	Panel B (performance — positive control)	Confirm as positive control; benchmark against approved agent	Reference/positive control: validates the pipeline
929	Autoimmune diseases excluding thyroid diseases	Haematological/Immune	Cytotoxic T-lymphocyte protein 4	CTLA4	CD markers, Disease related genes, FDA approved drug targets, Human disease related genes, Predicted intracellular proteins, Predicted membrane proteins	Immune checkpoint	Measured (Olink Explore panel)	NA (train PIRS)	NA	NA (train PIRS)	NA (train PIRS)	NA (train PIRS)	NA (train PIRS)	0.723	2.20e-10	yes	0.947	yes (PP.H4>=0.8)	no	no	not tested	known drug target	High (FDA-precedented class, tractable)	5.878	1	Known-drug positive control	Causal-only (PIRS not trained)	Agonize / replace — positive control	Prioritized target (transcript-level)	Panel B (performance — positive control)	Confirm as positive control; benchmark against approved agent	Reference/positive control: validates the pipeline
930	Thyrotoxicosis	Gastrointestinal	Cytotoxic T-lymphocyte protein 4	CTLA4	CD markers, Disease related genes, FDA approved drug targets, Human disease related genes, Predicted intracellular proteins, Predicted membrane proteins	Immune checkpoint	Measured (Olink Explore panel)	NA (train PIRS)	NA	NA (train PIRS)	NA (train PIRS)	NA (train PIRS)	NA (train PIRS)	0.327	1.29e-24	yes	0.871	yes (PP.H4>=0.8)	no	no	not tested	known drug target	High (FDA-precedented class, tractable)	5.871	1	Known-drug positive control	Causal-only (PIRS not trained)	Agonize / replace — positive control	Prioritized target (transcript-level)	Panel B (performance — positive control)	Confirm as positive control; benchmark against approved agent	Reference/positive control: validates the pipeline
931	Autoimmune hyperthyroidism	Metabolic/Endocrine	Cytotoxic T-lymphocyte protein 4	CTLA4	CD markers, Disease related genes, FDA approved drug targets, Human disease related genes, Predicted intracellular proteins, Predicted membrane proteins	Immune checkpoint	Measured (Olink Explore panel)	NA (train PIRS)	NA	NA (train PIRS)	NA (train PIRS)	NA (train PIRS)	NA (train PIRS)	0.154	6.48e-15	yes	0.845	yes (PP.H4>=0.8)	no	no	replicated	known drug target	High (FDA-precedented class, tractable)	5.845	1	Known-drug positive control	Causal-only (PIRS not trained)	Agonize / replace — positive control	Prioritized target (transcript-level)	Panel B (performance — positive control)	Confirm as positive control; benchmark against approved agent	Reference/positive control: validates the pipeline
932	Autoimmune diseases	Haematological/Immune	Cytotoxic T-lymphocyte protein 4	CTLA4	CD markers, Disease related genes, FDA approved drug targets, Human disease related genes, Predicted intracellular proteins, Predicted membrane proteins	Immune checkpoint	Measured (Olink Explore panel)	NA (train PIRS)	NA	NA (train PIRS)	NA (train PIRS)	NA (train PIRS)	NA (train PIRS)	0.581	7.68e-53	yes	0.79	no	no	no	not tested	known drug target	High (FDA-precedented class, tractable)	5.79	1	Known-drug positive control	Causal-only (PIRS not trained)	Agonize / replace — positive control	Biomarker (predictive) — not yet a target	Panel B (performance — positive control)	Confirm as positive control; benchmark against approved agent	Reference/positive control: validates the pipeline
933	Hypothyroidism, drug reimbursement	Metabolic/Endocrine	Cytotoxic T-lymphocyte protein 4	CTLA4	CD markers, Disease related genes, FDA approved drug targets, Human disease related genes, Predicted intracellular proteins, Predicted membrane proteins	Immune checkpoint	Measured (Olink Explore panel)	NA (train PIRS)	NA	NA (train PIRS)	NA (train PIRS)	NA (train PIRS)	NA (train PIRS)	0.305	6.50e-26	yes	0.781	no	no	no	not tested	known drug target	High (FDA-precedented class, tractable)	5.781	1	Known-drug positive control	Causal-only (PIRS not trained)	Agonize / replace — positive control	Biomarker (predictive) — not yet a target	Panel B (performance — positive control)	Confirm as positive control; benchmark against approved agent	Reference/positive control: validates the pipeline
934	Reimbursement for rheumatic diseases	Gastrointestinal	Interleukin-6 receptor subunit beta	IL6ST	Cancer-related genes, Candidate cardiovascular disease genes, CD markers, Disease related genes, Human disease related genes, Plasma proteins, Predicted membrane proteins, Predicted secreted proteins	Cytokine/Interleukin	High (secreted to blood)	NA (train PIRS)	NA	NA (train PIRS)	NA (train PIRS)	NA (train PIRS)	NA (train PIRS)	2.142	8.12e-16	yes	1.0	yes (PP.H4>=0.8)	no	no	not tested	known drug target	Moderate	5.667	1	Known-drug positive control	Causal-only (PIRS not trained)	Block (antagonist/neutralizing Ab) — positive control	Prioritized target (transcript-level)	Panel B (performance — positive control)	Confirm as positive control; benchmark against approved agent	Reference/positive control: validates the pipeline
935	Second line medication for Crohn's disease	Medication/Other	Interleukin-6 receptor subunit beta	IL6ST	Cancer-related genes, Candidate cardiovascular disease genes, CD markers, Disease related genes, Human disease related genes, Plasma proteins, Predicted membrane proteins, Predicted secreted proteins	Cytokine/Interleukin	High (secreted to blood)	NA (train PIRS)	NA	NA (train PIRS)	NA (train PIRS)	NA (train PIRS)	NA (train PIRS)	2.133	2.91e-15	yes	1.0	yes (PP.H4>=0.8)	no	no	not tested	known drug target	Moderate	5.667	1	Known-drug positive control	Causal-only (PIRS not trained)	Block (antagonist/neutralizing Ab) — positive control	Prioritized target (transcript-level)	Panel B (performance — positive control)	Confirm as positive control; benchmark against approved agent	Reference/positive control: validates the pipeline
936	Rheumatoid arthritis	Musculoskeletal	Interleukin-6 receptor subunit beta	IL6ST	Cancer-related genes, Candidate cardiovascular disease genes, CD markers, Disease related genes, Human disease related genes, Plasma proteins, Predicted membrane proteins, Predicted secreted proteins	Cytokine/Interleukin	High (secreted to blood)	NA (train PIRS)	NA	NA (train PIRS)	NA (train PIRS)	NA (train PIRS)	NA (train PIRS)	2.632	1.59e-13	yes	1.0	yes (PP.H4>=0.8)	no	no	replicated (FinnGen + UK Biobank)	known drug target	Moderate	5.667	1	Known-drug positive control	Causal-only (PIRS not trained)	Block (antagonist/neutralizing Ab) — positive control	Prioritized target (transcript-level)	Panel B (performance — positive control)	Confirm as positive control; benchmark against approved agent	Reference/positive control: validates the pipeline
937	Polyarthropathies	Musculoskeletal	Interleukin-6 receptor subunit beta	IL6ST	Cancer-related genes, Candidate cardiovascular disease genes, CD markers, Disease related genes, Human disease related genes, Plasma proteins, Predicted membrane proteins, Predicted secreted proteins	Cytokine/Interleukin	High (secreted to blood)	NA (train PIRS)	NA	NA (train PIRS)	NA (train PIRS)	NA (train PIRS)	NA (train PIRS)	1.748	6.64e-11	yes	1.0	yes (PP.H4>=0.8)	no	no	replicated (FinnGen + UK Biobank)	known drug target	Moderate	5.667	1	Known-drug positive control	Causal-only (PIRS not trained)	Block (antagonist/neutralizing Ab) — positive control	Prioritized target (transcript-level)	Panel B (performance — positive control)	Confirm as positive control; benchmark against approved agent	Reference/positive control: validates the pipeline
938	Seropositive rheumatoid arthritis, strict definition	Musculoskeletal	Cytotoxic T-lymphocyte protein 4	CTLA4	CD markers, Disease related genes, FDA approved drug targets, Human disease related genes, Predicted intracellular proteins, Predicted membrane proteins	Immune checkpoint	Measured (Olink Explore panel)	NA (train PIRS)	NA	NA (train PIRS)	NA (train PIRS)	NA (train PIRS)	NA (train PIRS)	0.386	7.84e-09	yes	0.989	yes (PP.H4>=0.8)	no	no	not tested	known drug target	High (FDA-precedented class, tractable)	5.61	1	Known-drug positive control	Causal-only (PIRS not trained)	Agonize / replace — positive control	Prioritized target (transcript-level)	Panel B (performance — positive control)	Confirm as positive control; benchmark against approved agent	Reference/positive control: validates the pipeline
939	Polymyalgia rheumatica	Musculoskeletal	Interleukin-6 receptor subunit beta	IL6ST	Cancer-related genes, Candidate cardiovascular disease genes, CD markers, Disease related genes, Human disease related genes, Plasma proteins, Predicted membrane proteins, Predicted secreted proteins	Cytokine/Interleukin	High (secreted to blood)	NA (train PIRS)	NA	NA (train PIRS)	NA (train PIRS)	NA (train PIRS)	NA (train PIRS)	4.343	1.70e-09	yes	1.0	yes (PP.H4>=0.8)	no	no	not tested	known drug target	Moderate	5.421	1	Known-drug positive control	Causal-only (PIRS not trained)	Block (antagonist/neutralizing Ab) — positive control	Prioritized target (transcript-level)	Panel B (performance — positive control)	Confirm as positive control; benchmark against approved agent	Reference/positive control: validates the pipeline
940	Graves disease, strict definition	Metabolic/Endocrine	Cytotoxic T-lymphocyte protein 4	CTLA4	CD markers, Disease related genes, FDA approved drug targets, Human disease related genes, Predicted intracellular proteins, Predicted membrane proteins	Immune checkpoint	Measured (Olink Explore panel)	NA (train PIRS)	NA	NA (train PIRS)	NA (train PIRS)	NA (train PIRS)	NA (train PIRS)	0.173	8.11e-22	yes	0.245	no	no	no	not tested	known drug target	High (FDA-precedented class, tractable)	5.245	1	Known-drug positive control	Causal-only (PIRS not trained)	Agonize / replace — positive control	Biomarker (predictive) — not yet a target	Panel B (performance — positive control)	Confirm as positive control; benchmark against approved agent	Reference/positive control: validates the pipeline
941	Seropositive rheumatoid arthritis, wide	Musculoskeletal	Interleukin-6 receptor subunit beta	IL6ST	Cancer-related genes, Candidate cardiovascular disease genes, CD markers, Disease related genes, Human disease related genes, Plasma proteins, Predicted membrane proteins, Predicted secreted proteins	Cytokine/Interleukin	High (secreted to blood)	NA (train PIRS)	NA	NA (train PIRS)	NA (train PIRS)	NA (train PIRS)	NA (train PIRS)	2.475	1.74e-08	yes	1.0	yes (PP.H4>=0.8)	no	no	not tested	known drug target	Moderate	5.218	1	Known-drug positive control	Causal-only (PIRS not trained)	Block (antagonist/neutralizing Ab) — positive control	Prioritized target (transcript-level)	Panel B (performance — positive control)	Confirm as positive control; benchmark against approved agent	Reference/positive control: validates the pipeline
942	Autoimmune diseases excluding thyroid diseases	Haematological/Immune	Interleukin-6 receptor subunit beta	IL6ST	Cancer-related genes, Candidate cardiovascular disease genes, CD markers, Disease related genes, Human disease related genes, Plasma proteins, Predicted membrane proteins, Predicted secreted proteins	Cytokine/Interleukin	High (secreted to blood)	NA (train PIRS)	NA	NA (train PIRS)	NA (train PIRS)	NA (train PIRS)	NA (train PIRS)	1.487	2.04e-08	yes	1.0	yes (PP.H4>=0.8)	no	no	not tested	known drug target	Moderate	5.205	1	Known-drug positive control	Causal-only (PIRS not trained)	Block (antagonist/neutralizing Ab) — positive control	Prioritized target (transcript-level)	Panel B (performance — positive control)	Confirm as positive control; benchmark against approved agent	Reference/positive control: validates the pipeline
943	Polyarthropathies	Musculoskeletal	Cytotoxic T-lymphocyte protein 4	CTLA4	CD markers, Disease related genes, FDA approved drug targets, Human disease related genes, Predicted intracellular proteins, Predicted membrane proteins	Immune checkpoint	Measured (Olink Explore panel)	NA (train PIRS)	NA	NA (train PIRS)	NA (train PIRS)	NA (train PIRS)	NA (train PIRS)	0.71	9.86e-07	yes	0.984	yes (PP.H4>=0.8)	no	no	not tested	known drug target	High (FDA-precedented class, tractable)	5.185	1	Known-drug positive control	Causal-only (PIRS not trained)	Agonize / replace — positive control	Prioritized target (transcript-level)	Panel B (performance — positive control)	Confirm as positive control; benchmark against approved agent	Reference/positive control: validates the pipeline
944	First line medication for Crohn's disease	Medication/Other	Interleukin-6 receptor subunit beta	IL6ST	Cancer-related genes, Candidate cardiovascular disease genes, CD markers, Disease related genes, Human disease related genes, Plasma proteins, Predicted membrane proteins, Predicted secreted proteins	Cytokine/Interleukin	High (secreted to blood)	NA (train PIRS)	NA	NA (train PIRS)	NA (train PIRS)	NA (train PIRS)	NA (train PIRS)	1.39	5.47e-08	yes	1.0	yes (PP.H4>=0.8)	no	no	not tested	known drug target	Moderate	5.119	1	Known-drug positive control	Causal-only (PIRS not trained)	Block (antagonist/neutralizing Ab) — positive control	Prioritized target (transcript-level)	Panel B (performance — positive control)	Confirm as positive control; benchmark against approved agent	Reference/positive control: validates the pipeline
945	Other systemic involvement of connective tissue (FG)	Musculoskeletal	Interleukin-6 receptor subunit beta	IL6ST	Cancer-related genes, Candidate cardiovascular disease genes, CD markers, Disease related genes, Human disease related genes, Plasma proteins, Predicted membrane proteins, Predicted secreted proteins	Cytokine/Interleukin	High (secreted to blood)	NA (train PIRS)	NA	NA (train PIRS)	NA (train PIRS)	NA (train PIRS)	NA (train PIRS)	2.392	9.94e-08	yes	1.0	yes (PP.H4>=0.8)	no	no	not tested	known drug target	Moderate	5.067	1	Known-drug positive control	Causal-only (PIRS not trained)	Block (antagonist/neutralizing Ab) — positive control	Prioritized target (transcript-level)	Panel B (performance — positive control)	Confirm as positive control; benchmark against approved agent	Reference/positive control: validates the pipeline
946	Hypothyroidism, strict autoimmune	Metabolic/Endocrine	Cytotoxic T-lymphocyte protein 4	CTLA4	CD markers, Disease related genes, FDA approved drug targets, Human disease related genes, Predicted intracellular proteins, Predicted membrane proteins	Immune checkpoint	Measured (Olink Explore panel)	NA (train PIRS)	NA	NA (train PIRS)	NA (train PIRS)	NA (train PIRS)	NA (train PIRS)	0.445	8.38e-56	yes	0.016	no	no	no	not tested	known drug target	High (FDA-precedented class, tractable)	5.016	1	Known-drug positive control	Causal-only (PIRS not trained)	Agonize / replace — positive control	Biomarker (predictive) — not yet a target	Panel B (performance — positive control)	Confirm as positive control; benchmark against approved agent	Reference/positive control: validates the pipeline
947	Thyrotoxicosis with diffuse goitre	Metabolic/Endocrine	Cytotoxic T-lymphocyte protein 4	CTLA4	CD markers, Disease related genes, FDA approved drug targets, Human disease related genes, Predicted intracellular proteins, Predicted membrane proteins	Immune checkpoint	Measured (Olink Explore panel)	NA (train PIRS)	NA	NA (train PIRS)	NA (train PIRS)	NA (train PIRS)	NA (train PIRS)	0.169	1.10e-34	yes	0.007	no	no	no	not tested	known drug target	High (FDA-precedented class, tractable)	5.007	1	Known-drug positive control	Causal-only (PIRS not trained)	Agonize / replace — positive control	Biomarker (predictive) — not yet a target	Panel B (performance — positive control)	Confirm as positive control; benchmark against approved agent	Reference/positive control: validates the pipeline
948	Disorders of the thyroid gland	Metabolic/Endocrine	Cytotoxic T-lymphocyte protein 4	CTLA4	CD markers, Disease related genes, FDA approved drug targets, Human disease related genes, Predicted intracellular proteins, Predicted membrane proteins	Immune checkpoint	Measured (Olink Explore panel)	NA (train PIRS)	NA	NA (train PIRS)	NA (train PIRS)	NA (train PIRS)	NA (train PIRS)	0.522	4.86e-49	yes	0.005	no	no	no	not tested	known drug target	High (FDA-precedented class, tractable)	5.005	1	Known-drug positive control	Causal-only (PIRS not trained)	Agonize / replace — positive control	Biomarker (predictive) — not yet a target	Panel B (performance — positive control)	Confirm as positive control; benchmark against approved agent	Reference/positive control: validates the pipeline
949	Reimbursement for rheumatic diseases	Gastrointestinal	Cytotoxic T-lymphocyte protein 4	CTLA4	CD markers, Disease related genes, FDA approved drug targets, Human disease related genes, Predicted intracellular proteins, Predicted membrane proteins	Immune checkpoint	Measured (Olink Explore panel)	NA (train PIRS)	NA	NA (train PIRS)	NA (train PIRS)	NA (train PIRS)	NA (train PIRS)	0.687	7.84e-06	yes	0.984	yes (PP.H4>=0.8)	no	no	not tested	known drug target	High (FDA-precedented class, tractable)	5.005	1	Known-drug positive control	Causal-only (PIRS not trained)	Agonize / replace — positive control	Prioritized target (transcript-level)	Panel B (performance — positive control)	Confirm as positive control; benchmark against approved agent	Reference/positive control: validates the pipeline
950	Asthma/COPD (KELA code 203)	Respiratory	Interleukin-4	IL4	Cancer-related genes, Disease related genes, FDA approved drug targets, Human disease related genes, Plasma proteins, Predicted secreted proteins	Cytokine/Interleukin	High (secreted to blood)	NA (train PIRS)	NA	NA (train PIRS)	NA (train PIRS)	NA (train PIRS)	NA (train PIRS)	0.675	2.14e-12	yes	0.0	no	yes (concordant, protein-level)	no	not tested	known drug target	High (FDA-precedented class, tractable)	5.0	1	Known-drug positive control	Causal-only (PIRS not trained)	Agonize / replace — positive control	Biomarker (predictive) — not yet a target	Panel B (performance — positive control)	Confirm as positive control; benchmark against approved agent	Reference/positive control: validates the pipeline
951	Type 1 diabetes, definitions combined	Metabolic/Endocrine	Cytotoxic T-lymphocyte protein 4	CTLA4	CD markers, Disease related genes, FDA approved drug targets, Human disease related genes, Predicted intracellular proteins, Predicted membrane proteins	Immune checkpoint	Measured (Olink Explore panel)	NA (train PIRS)	NA	NA (train PIRS)	NA (train PIRS)	NA (train PIRS)	NA (train PIRS)	0.389	8.48e-06	yes	0.961	yes (PP.H4>=0.8)	no	no	not tested	known drug target	High (FDA-precedented class, tractable)	4.975	1	Known-drug positive control	Causal-only (PIRS not trained)	Agonize / replace — positive control	Prioritized target (transcript-level)	Panel B (performance — positive control)	Confirm as positive control; benchmark against approved agent	Reference/positive control: validates the pipeline
952	Other (seronegative) rheumatoid arthritis, wide	Musculoskeletal	Interleukin-6 receptor subunit beta	IL6ST	Cancer-related genes, Candidate cardiovascular disease genes, CD markers, Disease related genes, Human disease related genes, Plasma proteins, Predicted membrane proteins, Predicted secreted proteins	Cytokine/Interleukin	High (secreted to blood)	NA (train PIRS)	NA	NA (train PIRS)	NA (train PIRS)	NA (train PIRS)	NA (train PIRS)	2.738	6.21e-07	yes	1.0	yes (PP.H4>=0.8)	no	no	not tested	known drug target	Moderate	4.908	1	Known-drug positive control	Causal-only (PIRS not trained)	Block (antagonist/neutralizing Ab) — positive control	Prioritized target (transcript-level)	Panel B (performance — positive control)	Confirm as positive control; benchmark against approved agent	Reference/positive control: validates the pipeline
953	Other arthritis (FG)	Musculoskeletal	Interleukin-6 receptor subunit beta	IL6ST	Cancer-related genes, Candidate cardiovascular disease genes, CD markers, Disease related genes, Human disease related genes, Plasma proteins, Predicted membrane proteins, Predicted secreted proteins	Cytokine/Interleukin	High (secreted to blood)	NA (train PIRS)	NA	NA (train PIRS)	NA (train PIRS)	NA (train PIRS)	NA (train PIRS)	2.074	1.25e-06	yes	1.0	yes (PP.H4>=0.8)	no	no	not tested	known drug target	Moderate	4.847	1	Known-drug positive control	Causal-only (PIRS not trained)	Block (antagonist/neutralizing Ab) — positive control	Prioritized target (transcript-level)	Panel B (performance — positive control)	Confirm as positive control; benchmark against approved agent	Reference/positive control: validates the pipeline
954	Vitamin B12 deficiency anaemia	Haematological/Immune	Cytotoxic T-lymphocyte protein 4	CTLA4	CD markers, Disease related genes, FDA approved drug targets, Human disease related genes, Predicted intracellular proteins, Predicted membrane proteins	Immune checkpoint	Measured (Olink Explore panel)	NA (train PIRS)	NA	NA (train PIRS)	NA (train PIRS)	NA (train PIRS)	NA (train PIRS)	0.41	4.89e-05	yes	0.98	yes (PP.H4>=0.8)	no	no	not tested	known drug target	High (FDA-precedented class, tractable)	4.842	1	Known-drug positive control	Causal-only (PIRS not trained)	Agonize / replace — positive control	Prioritized target (transcript-level)	Panel B (performance — positive control)	Confirm as positive control; benchmark against approved agent	Reference/positive control: validates the pipeline
955	Seronegative rheumatoid arthritis	Musculoskeletal	Interleukin-6 receptor subunit beta	IL6ST	Cancer-related genes, Candidate cardiovascular disease genes, CD markers, Disease related genes, Human disease related genes, Plasma proteins, Predicted membrane proteins, Predicted secreted proteins	Cytokine/Interleukin	High (secreted to blood)	NA (train PIRS)	NA	NA (train PIRS)	NA (train PIRS)	NA (train PIRS)	NA (train PIRS)	3.482	1.64e-06	yes	0.999	yes (PP.H4>=0.8)	no	no	not tested	known drug target	Moderate	4.823	1	Known-drug positive control	Causal-only (PIRS not trained)	Block (antagonist/neutralizing Ab) — positive control	Prioritized target (transcript-level)	Panel B (performance — positive control)	Confirm as positive control; benchmark against approved agent	Reference/positive control: validates the pipeline
956	Systemic connective tissue disorders	Musculoskeletal	Interleukin-6 receptor subunit beta	IL6ST	Cancer-related genes, Candidate cardiovascular disease genes, CD markers, Disease related genes, Human disease related genes, Plasma proteins, Predicted membrane proteins, Predicted secreted proteins	Cytokine/Interleukin	High (secreted to blood)	NA (train PIRS)	NA	NA (train PIRS)	NA (train PIRS)	NA (train PIRS)	NA (train PIRS)	1.996	2.47e-06	yes	1.0	yes (PP.H4>=0.8)	no	no	not tested	known drug target	Moderate	4.788	1	Known-drug positive control	Causal-only (PIRS not trained)	Block (antagonist/neutralizing Ab) — positive control	Prioritized target (transcript-level)	Panel B (performance — positive control)	Confirm as positive control; benchmark against approved agent	Reference/positive control: validates the pipeline
957	Autoimmune diseases	Haematological/Immune	Interleukin-6 receptor subunit beta	IL6ST	Cancer-related genes, Candidate cardiovascular disease genes, CD markers, Disease related genes, Human disease related genes, Plasma proteins, Predicted membrane proteins, Predicted secreted proteins	Cytokine/Interleukin	High (secreted to blood)	NA (train PIRS)	NA	NA (train PIRS)	NA (train PIRS)	NA (train PIRS)	NA (train PIRS)	1.326	2.70e-06	yes	1.0	yes (PP.H4>=0.8)	no	no	not tested	known drug target	Moderate	4.78	1	Known-drug positive control	Causal-only (PIRS not trained)	Block (antagonist/neutralizing Ab) — positive control	Prioritized target (transcript-level)	Panel B (performance — positive control)	Confirm as positive control; benchmark against approved agent	Reference/positive control: validates the pipeline
958	Graves ophthalmopathy	Metabolic/Endocrine	Cytotoxic T-lymphocyte protein 4	CTLA4	CD markers, Disease related genes, FDA approved drug targets, Human disease related genes, Predicted intracellular proteins, Predicted membrane proteins	Immune checkpoint	Measured (Olink Explore panel)	NA (train PIRS)	NA	NA (train PIRS)	NA (train PIRS)	NA (train PIRS)	NA (train PIRS)	0.156	4.42e-04	yes	0.981	yes (PP.H4>=0.8)	no	no	not tested	known drug target	High (FDA-precedented class, tractable)	4.652	1	Known-drug positive control	Causal-only (PIRS not trained)	Agonize / replace — positive control	Prioritized target (transcript-level)	Panel B (performance — positive control)	Confirm as positive control; benchmark against approved agent	Reference/positive control: validates the pipeline
959	Biological medication for rheuma	Medication/Other	Interleukin-6 receptor subunit beta	IL6ST	Cancer-related genes, Candidate cardiovascular disease genes, CD markers, Disease related genes, Human disease related genes, Plasma proteins, Predicted membrane proteins, Predicted secreted proteins	Cytokine/Interleukin	High (secreted to blood)	NA (train PIRS)	NA	NA (train PIRS)	NA (train PIRS)	NA (train PIRS)	NA (train PIRS)	2.643	4.14e-05	yes	1.0	yes (PP.H4>=0.8)	no	no	not tested	known drug target	Moderate	4.543	1	Known-drug positive control	Causal-only (PIRS not trained)	Block (antagonist/neutralizing Ab) — positive control	Prioritized target (transcript-level)	Panel B (performance — positive control)	Confirm as positive control; benchmark against approved agent	Reference/positive control: validates the pipeline
960	Graves ophthalmopathy, strict	Metabolic/Endocrine	Cytotoxic T-lymphocyte protein 4	CTLA4	CD markers, Disease related genes, FDA approved drug targets, Human disease related genes, Predicted intracellular proteins, Predicted membrane proteins	Immune checkpoint	Measured (Olink Explore panel)	NA (train PIRS)	NA	NA (train PIRS)	NA (train PIRS)	NA (train PIRS)	NA (train PIRS)	0.158	2.35e-03	yes	0.982	yes (PP.H4>=0.8)	no	no	not tested	known drug target	High (FDA-precedented class, tractable)	4.508	1	Known-drug positive control	Causal-only (PIRS not trained)	Agonize / replace — positive control	Prioritized target (transcript-level)	Panel B (performance — positive control)	Confirm as positive control; benchmark against approved agent	Reference/positive control: validates the pipeline
961	Second line medication for Crohn's disease	Medication/Other	Cytotoxic T-lymphocyte protein 4	CTLA4	CD markers, Disease related genes, FDA approved drug targets, Human disease related genes, Predicted intracellular proteins, Predicted membrane proteins	Immune checkpoint	Measured (Olink Explore panel)	NA (train PIRS)	NA	NA (train PIRS)	NA (train PIRS)	NA (train PIRS)	NA (train PIRS)	0.737	3.39e-03	yes	0.958	yes (PP.H4>=0.8)	no	no	not tested	known drug target	High (FDA-precedented class, tractable)	4.452	1	Known-drug positive control	Causal-only (PIRS not trained)	Agonize / replace — positive control	Prioritized target (transcript-level)	Panel B (performance — positive control)	Confirm as positive control; benchmark against approved agent	Reference/positive control: validates the pipeline
962	Other/unspecified rheumatoid arthritis	Musculoskeletal	Cytotoxic T-lymphocyte protein 4	CTLA4	CD markers, Disease related genes, FDA approved drug targets, Human disease related genes, Predicted intracellular proteins, Predicted membrane proteins	Immune checkpoint	Measured (Olink Explore panel)	NA (train PIRS)	NA	NA (train PIRS)	NA (train PIRS)	NA (train PIRS)	NA (train PIRS)	0.506	7.58e-03	yes	0.978	yes (PP.H4>=0.8)	no	no	replicated (FinnGen + UK Biobank)	known drug target	High (FDA-precedented class, tractable)	4.402	1	Known-drug positive control	Causal-only (PIRS not trained)	Agonize / replace — positive control	Prioritized target (transcript-level)	Panel B (performance — positive control)	Confirm as positive control; benchmark against approved agent	Reference/positive control: validates the pipeline
963	Actinic keratosis	Dermatological	Cytotoxic T-lymphocyte protein 4	CTLA4	CD markers, Disease related genes, FDA approved drug targets, Human disease related genes, Predicted intracellular proteins, Predicted membrane proteins	Immune checkpoint	Measured (Olink Explore panel)	NA (train PIRS)	NA	NA (train PIRS)	NA (train PIRS)	NA (train PIRS)	NA (train PIRS)	1.468	1.32e-02	yes	0.902	yes (PP.H4>=0.8)	no	no	not tested	known drug target	High (FDA-precedented class, tractable)	4.278	1	Known-drug positive control	Causal-only (PIRS not trained)	Block (antagonist/neutralizing Ab) — positive control	Prioritized target (transcript-level)	Panel B (performance — positive control)	Confirm as positive control; benchmark against approved agent	Reference/positive control: validates the pipeline
964	Disorders of orbit	Ophthalmological	Cytotoxic T-lymphocyte protein 4	CTLA4	CD markers, Disease related genes, FDA approved drug targets, Human disease related genes, Predicted intracellular proteins, Predicted membrane proteins	Immune checkpoint	Measured (Olink Explore panel)	NA (train PIRS)	NA	NA (train PIRS)	NA (train PIRS)	NA (train PIRS)	NA (train PIRS)	0.324	1.80e-02	yes	0.926	yes (PP.H4>=0.8)	no	no	not tested	known drug target	High (FDA-precedented class, tractable)	4.275	1	Known-drug positive control	Causal-only (PIRS not trained)	Agonize / replace — positive control	Prioritized target (transcript-level)	Panel B (performance — positive control)	Confirm as positive control; benchmark against approved agent	Reference/positive control: validates the pipeline
965	Other (seronegative) rheumatoid arthritis, wide	Musculoskeletal	Cytotoxic T-lymphocyte protein 4	CTLA4	CD markers, Disease related genes, FDA approved drug targets, Human disease related genes, Predicted intracellular proteins, Predicted membrane proteins	Immune checkpoint	Measured (Olink Explore panel)	NA (train PIRS)	NA	NA (train PIRS)	NA (train PIRS)	NA (train PIRS)	NA (train PIRS)	0.611	3.35e-02	yes	0.959	yes (PP.H4>=0.8)	no	no	not tested	known drug target	High (FDA-precedented class, tractable)	4.254	1	Known-drug positive control	Causal-only (PIRS not trained)	Agonize / replace — positive control	Prioritized target (transcript-level)	Panel B (performance — positive control)	Confirm as positive control; benchmark against approved agent	Reference/positive control: validates the pipeline
966	Seropositive rheumatoid arthritis, strict definition	Musculoskeletal	Interleukin-6 receptor subunit beta	IL6ST	Cancer-related genes, Candidate cardiovascular disease genes, CD markers, Disease related genes, Human disease related genes, Plasma proteins, Predicted membrane proteins, Predicted secreted proteins	Cytokine/Interleukin	High (secreted to blood)	NA (train PIRS)	NA	NA (train PIRS)	NA (train PIRS)	NA (train PIRS)	NA (train PIRS)	2.391	2.51e-03	yes	0.999	yes (PP.H4>=0.8)	no	no	not tested	known drug target	Moderate	4.186	1	Known-drug positive control	Causal-only (PIRS not trained)	Block (antagonist/neutralizing Ab) — positive control	Prioritized target (transcript-level)	Panel B (performance — positive control)	Confirm as positive control; benchmark against approved agent	Reference/positive control: validates the pipeline
967	Other/unspecified rheumatoid arthritis	Musculoskeletal	Interleukin-6 receptor subunit beta	IL6ST	Cancer-related genes, Candidate cardiovascular disease genes, CD markers, Disease related genes, Human disease related genes, Plasma proteins, Predicted membrane proteins, Predicted secreted proteins	Cytokine/Interleukin	High (secreted to blood)	NA (train PIRS)	NA	NA (train PIRS)	NA (train PIRS)	NA (train PIRS)	NA (train PIRS)	2.511	6.25e-03	yes	0.998	yes (PP.H4>=0.8)	no	no	replicated (FinnGen + UK Biobank)	known drug target	Moderate	4.105	1	Known-drug positive control	Causal-only (PIRS not trained)	Block (antagonist/neutralizing Ab) — positive control	Prioritized target (transcript-level)	Panel B (performance — positive control)	Confirm as positive control; benchmark against approved agent	Reference/positive control: validates the pipeline
968	Atopic dermatitis	Dermatological	Interleukin-6 receptor subunit beta	IL6ST	Cancer-related genes, Candidate cardiovascular disease genes, CD markers, Disease related genes, Human disease related genes, Plasma proteins, Predicted membrane proteins, Predicted secreted proteins	Cytokine/Interleukin	High (secreted to blood)	NA (train PIRS)	NA	NA (train PIRS)	NA (train PIRS)	NA (train PIRS)	NA (train PIRS)	1.467	6.22e-03	yes	0.996	yes (PP.H4>=0.8)	no	no	not tested	known drug target	Moderate	4.104	1	Known-drug positive control	Causal-only (PIRS not trained)	Block (antagonist/neutralizing Ab) — positive control	Prioritized target (transcript-level)	Panel B (performance — positive control)	Confirm as positive control; benchmark against approved agent	Reference/positive control: validates the pipeline
969	Postprocedural endocrine and metabolic disorders, not elsewhere classified	Metabolic/Endocrine	Cytotoxic T-lymphocyte protein 4	CTLA4	CD markers, Disease related genes, FDA approved drug targets, Human disease related genes, Predicted intracellular proteins, Predicted membrane proteins	Immune checkpoint	Measured (Olink Explore panel)	NA (train PIRS)	NA	NA (train PIRS)	NA (train PIRS)	NA (train PIRS)	NA (train PIRS)	0.532	2.81e-02	yes	0.784	no	no	no	not tested	known drug target	High (FDA-precedented class, tractable)	4.094	1	Known-drug positive control	Causal-only (PIRS not trained)	Agonize / replace — positive control	Biomarker (predictive) — not yet a target	Panel B (performance — positive control)	Confirm as positive control; benchmark against approved agent	Reference/positive control: validates the pipeline
970	Juvenile arthritis (FINNGEN)	Musculoskeletal	Interleukin-6 receptor subunit beta	IL6ST	Cancer-related genes, Candidate cardiovascular disease genes, CD markers, Disease related genes, Human disease related genes, Plasma proteins, Predicted membrane proteins, Predicted secreted proteins	Cytokine/Interleukin	High (secreted to blood)	NA (train PIRS)	NA	NA (train PIRS)	NA (train PIRS)	NA (train PIRS)	NA (train PIRS)	4.261	7.51e-03	yes	0.998	yes (PP.H4>=0.8)	no	no	not tested	known drug target	Moderate	4.09	1	Known-drug positive control	Causal-only (PIRS not trained)	Block (antagonist/neutralizing Ab) — positive control	Prioritized target (transcript-level)	Panel B (performance — positive control)	Confirm as positive control; benchmark against approved agent	Reference/positive control: validates the pipeline
971	Dermatitis and eczema	Dermatological	Interleukin-6 receptor subunit beta	IL6ST	Cancer-related genes, Candidate cardiovascular disease genes, CD markers, Disease related genes, Human disease related genes, Plasma proteins, Predicted membrane proteins, Predicted secreted proteins	Cytokine/Interleukin	High (secreted to blood)	NA (train PIRS)	NA	NA (train PIRS)	NA (train PIRS)	NA (train PIRS)	NA (train PIRS)	1.302	7.68e-03	yes	0.993	yes (PP.H4>=0.8)	no	no	not tested	known drug target	Moderate	4.083	1	Known-drug positive control	Causal-only (PIRS not trained)	Block (antagonist/neutralizing Ab) — positive control	Prioritized target (transcript-level)	Panel B (performance — positive control)	Confirm as positive control; benchmark against approved agent	Reference/positive control: validates the pipeline
972	Asthma-related infections	Respiratory	Interleukin-4	IL4	Cancer-related genes, Disease related genes, FDA approved drug targets, Human disease related genes, Plasma proteins, Predicted secreted proteins	Cytokine/Interleukin	High (secreted to blood)	NA (train PIRS)	NA	NA (train PIRS)	NA (train PIRS)	NA (train PIRS)	NA (train PIRS)	0.679	5.40e-06	yes	0.0	no	yes (concordant, protein-level)	no	not tested	known drug target	High (FDA-precedented class, tractable)	4.054	1	Known-drug positive control	Causal-only (PIRS not trained)	Agonize / replace — positive control	Biomarker (predictive) — not yet a target	Panel B (performance — positive control)	Confirm as positive control; benchmark against approved agent	Reference/positive control: validates the pipeline
973	Atopic dermatitis	Dermatological	Interleukin-4	IL4	Cancer-related genes, Disease related genes, FDA approved drug targets, Human disease related genes, Plasma proteins, Predicted secreted proteins	Cytokine/Interleukin	High (secreted to blood)	NA (train PIRS)	NA	NA (train PIRS)	NA (train PIRS)	NA (train PIRS)	NA (train PIRS)	0.502	9.28e-23	yes	0.0	no	no	no	not tested	known drug target	High (FDA-precedented class, tractable)	4.0	1	Known-drug positive control	Causal-only (PIRS not trained)	Agonize / replace — positive control	Biomarker (predictive) — not yet a target	Panel B (performance — positive control)	Confirm as positive control; benchmark against approved agent	Reference/positive control: validates the pipeline
974	Chronic lower respiratory diseases	Respiratory	Interleukin-4	IL4	Cancer-related genes, Disease related genes, FDA approved drug targets, Human disease related genes, Plasma proteins, Predicted secreted proteins	Cytokine/Interleukin	High (secreted to blood)	NA (train PIRS)	NA	NA (train PIRS)	NA (train PIRS)	NA (train PIRS)	NA (train PIRS)	0.715	4.95e-13	yes	0.0	no	no	no	not tested	known drug target	High (FDA-precedented class, tractable)	4.0	1	Known-drug positive control	Causal-only (PIRS not trained)	Agonize / replace — positive control	Biomarker (predictive) — not yet a target	Panel B (performance — positive control)	Confirm as positive control; benchmark against approved agent	Reference/positive control: validates the pipeline
975	Dermatitis and eczema	Dermatological	Interleukin-4	IL4	Cancer-related genes, Disease related genes, FDA approved drug targets, Human disease related genes, Plasma proteins, Predicted secreted proteins	Cytokine/Interleukin	High (secreted to blood)	NA (train PIRS)	NA	NA (train PIRS)	NA (train PIRS)	NA (train PIRS)	NA (train PIRS)	0.687	5.95e-13	yes	0.0	no	no	no	not tested	known drug target	High (FDA-precedented class, tractable)	4.0	1	Known-drug positive control	Causal-only (PIRS not trained)	Agonize / replace — positive control	Biomarker (predictive) — not yet a target	Panel B (performance — positive control)	Confirm as positive control; benchmark against approved agent	Reference/positive control: validates the pipeline
976	Idiopathic pulmonary fibrosis	Other	Interleukin-6 receptor subunit beta	IL6ST	Cancer-related genes, Candidate cardiovascular disease genes, CD markers, Disease related genes, Human disease related genes, Plasma proteins, Predicted membrane proteins, Predicted secreted proteins	Cytokine/Interleukin	High (secreted to blood)	NA (train PIRS)	NA	NA (train PIRS)	NA (train PIRS)	NA (train PIRS)	NA (train PIRS)	3.264	1.95e-02	yes	0.992	yes (PP.H4>=0.8)	no	no	not tested	known drug target	Moderate	4.0	1	Known-drug positive control	Causal-only (PIRS not trained)	Block (antagonist/neutralizing Ab) — positive control	Prioritized target (transcript-level)	Panel B (performance — positive control)	Confirm as positive control; benchmark against approved agent	Reference/positive control: validates the pipeline
977	Psoriasis	Dermatological	Interleukin-4	IL4	Cancer-related genes, Disease related genes, FDA approved drug targets, Human disease related genes, Plasma proteins, Predicted secreted proteins	Cytokine/Interleukin	High (secreted to blood)	NA (train PIRS)	NA	NA (train PIRS)	NA (train PIRS)	NA (train PIRS)	NA (train PIRS)	1.796	1.38e-05	yes	0.0	no	yes (concordant, protein-level)	no	replicated (FinnGen + UK Biobank)	known drug target	High (FDA-precedented class, tractable)	3.972	1	Known-drug positive control	Causal-only (PIRS not trained)	Block (antagonist/neutralizing Ab) — positive control	Biomarker (predictive) — not yet a target	Panel B (performance — positive control)	Confirm as positive control; benchmark against approved agent	Reference/positive control: validates the pipeline
978	Autoimmune diseases excluding thyroid diseases	Haematological/Immune	Tumor necrosis factor receptor superfamily member 14	TNFRSF14	Cancer-related genes, CD markers, Human disease related genes, Predicted intracellular proteins, Predicted membrane proteins	TNF superfamily	High (soluble receptor / shed)	NA (train PIRS)	NA	NA (train PIRS)	NA (train PIRS)	NA (train PIRS)	NA (train PIRS)	0.893	1.71e-08	yes	0.063	no	no	no	not tested	known drug target	Low-moderate	3.95	1	Known-drug positive control	Causal-only (PIRS not trained)	Agonize / replace — positive control	Biomarker (predictive) — not yet a target	Panel B (performance — positive control)	Confirm as positive control; benchmark against approved agent	Reference/positive control: validates the pipeline
979	Suggestive for eosinophilic asthma	Respiratory	Tumor necrosis factor receptor superfamily member 14	TNFRSF14	Cancer-related genes, CD markers, Human disease related genes, Predicted intracellular proteins, Predicted membrane proteins	TNF superfamily	High (soluble receptor / shed)	NA (train PIRS)	NA	NA (train PIRS)	NA (train PIRS)	NA (train PIRS)	NA (train PIRS)	0.712	5.74e-04	yes	0.966	yes (PP.H4>=0.8)	no	no	not tested	known drug target	Low-moderate	3.948	1	Known-drug positive control	Causal-only (PIRS not trained)	Agonize / replace — positive control	Prioritized target (transcript-level)	Panel B (performance — positive control)	Confirm as positive control; benchmark against approved agent	Reference/positive control: validates the pipeline
980	Graves ophthalmopathy	Metabolic/Endocrine	Interleukin-6 receptor subunit beta	IL6ST	Cancer-related genes, Candidate cardiovascular disease genes, CD markers, Disease related genes, Human disease related genes, Plasma proteins, Predicted membrane proteins, Predicted secreted proteins	Cytokine/Interleukin	High (secreted to blood)	NA (train PIRS)	NA	NA (train PIRS)	NA (train PIRS)	NA (train PIRS)	NA (train PIRS)	7.435	3.54e-02	yes	0.987	yes (PP.H4>=0.8)	no	no	not tested	known drug target	Moderate	3.943	1	Known-drug positive control	Causal-only (PIRS not trained)	Block (antagonist/neutralizing Ab) — positive control	Prioritized target (transcript-level)	Panel B (performance — positive control)	Confirm as positive control; benchmark against approved agent	Reference/positive control: validates the pipeline
981	Asthma (only as main-diagnosis) (more control exclusions)	Respiratory	Interleukin-4	IL4	Cancer-related genes, Disease related genes, FDA approved drug targets, Human disease related genes, Plasma proteins, Predicted secreted proteins	Cytokine/Interleukin	High (secreted to blood)	NA (train PIRS)	NA	NA (train PIRS)	NA (train PIRS)	NA (train PIRS)	NA (train PIRS)	0.661	2.32e-10	yes	0.0	no	no	no	replicated (FinnGen + UK Biobank)	known drug target	High (FDA-precedented class, tractable)	3.927	1	Known-drug positive control	Causal-only (PIRS not trained)	Agonize / replace — positive control	Biomarker (predictive) — not yet a target	Panel B (performance — positive control)	Confirm as positive control; benchmark against approved agent	Reference/positive control: validates the pipeline
982	Nasal polyp	Respiratory	Tumor necrosis factor receptor superfamily member 14	TNFRSF14	Cancer-related genes, CD markers, Human disease related genes, Predicted intracellular proteins, Predicted membrane proteins	TNF superfamily	High (soluble receptor / shed)	NA (train PIRS)	NA	NA (train PIRS)	NA (train PIRS)	NA (train PIRS)	NA (train PIRS)	0.806	1.32e-03	yes	0.984	yes (PP.H4>=0.8)	no	no	not tested	known drug target	Low-moderate	3.893	1	Known-drug positive control	Causal-only (PIRS not trained)	Agonize / replace — positive control	Prioritized target (transcript-level)	Panel B (performance — positive control)	Confirm as positive control; benchmark against approved agent	Reference/positive control: validates the pipeline
983	Second line medication for Crohn's disease	Medication/Other	Tumor necrosis factor receptor superfamily member 14	TNFRSF14	Cancer-related genes, CD markers, Human disease related genes, Predicted intracellular proteins, Predicted membrane proteins	TNF superfamily	High (soluble receptor / shed)	NA (train PIRS)	NA	NA (train PIRS)	NA (train PIRS)	NA (train PIRS)	NA (train PIRS)	0.887	1.21e-03	yes	0.939	yes (PP.H4>=0.8)	no	no	not tested	known drug target	Low-moderate	3.855	1	Known-drug positive control	Causal-only (PIRS not trained)	Agonize / replace — positive control	Prioritized target (transcript-level)	Panel B (performance — positive control)	Confirm as positive control; benchmark against approved agent	Reference/positive control: validates the pipeline
984	Asthma (more control exclusions)	Respiratory	Interleukin-4	IL4	Cancer-related genes, Disease related genes, FDA approved drug targets, Human disease related genes, Plasma proteins, Predicted secreted proteins	Cytokine/Interleukin	High (secreted to blood)	NA (train PIRS)	NA	NA (train PIRS)	NA (train PIRS)	NA (train PIRS)	NA (train PIRS)	0.69	8.83e-10	yes	0.0	no	no	no	replicated (FinnGen + UK Biobank)	known drug target	High (FDA-precedented class, tractable)	3.811	1	Known-drug positive control	Causal-only (PIRS not trained)	Agonize / replace — positive control	Biomarker (predictive) — not yet a target	Panel B (performance — positive control)	Confirm as positive control; benchmark against approved agent	Reference/positive control: validates the pipeline
985	Follicular lymphoma, hilmo (controls excluding all cancers)	Neoplasm	Tumor necrosis factor receptor superfamily member 14	TNFRSF14	Cancer-related genes, CD markers, Human disease related genes, Predicted intracellular proteins, Predicted membrane proteins	TNF superfamily	High (soluble receptor / shed)	NA (train PIRS)	NA	NA (train PIRS)	NA (train PIRS)	NA (train PIRS)	NA (train PIRS)	0.613	4.28e-03	yes	0.969	yes (PP.H4>=0.8)	no	no	not tested	known drug target	Low-moderate	3.776	1	Known-drug positive control	Causal-only (PIRS not trained)	Agonize / replace — positive control	Prioritized target (transcript-level)	Panel B (performance — positive control)	Confirm as positive control; benchmark against approved agent	Reference/positive control: validates the pipeline
986	Dermatitis due to ingested food	Dermatological	Interleukin-4	IL4	Cancer-related genes, Disease related genes, FDA approved drug targets, Human disease related genes, Plasma proteins, Predicted secreted proteins	Cytokine/Interleukin	High (secreted to blood)	NA (train PIRS)	NA	NA (train PIRS)	NA (train PIRS)	NA (train PIRS)	NA (train PIRS)	0.186	8.72e-06	yes	0.703	no	no	no	not tested	known drug target	High (FDA-precedented class, tractable)	3.715	1	Known-drug positive control	Causal-only (PIRS not trained)	Agonize / replace — positive control	Biomarker (predictive) — not yet a target	Panel B (performance — positive control)	Confirm as positive control; benchmark against approved agent	Reference/positive control: validates the pipeline
987	Rheumatoid arthritis	Musculoskeletal	Tumor necrosis factor receptor superfamily member 14	TNFRSF14	Cancer-related genes, CD markers, Human disease related genes, Predicted intracellular proteins, Predicted membrane proteins	TNF superfamily	High (soluble receptor / shed)	NA (train PIRS)	NA	NA (train PIRS)	NA (train PIRS)	NA (train PIRS)	NA (train PIRS)	0.874	3.67e-02	yes	0.083	no	yes (concordant, protein-level)	no	replicated	known drug target	Low-moderate	3.704	1	Known-drug positive control	Causal-only (PIRS not trained)	Agonize / replace — positive control	Biomarker (predictive) — not yet a target	Panel B (performance — positive control)	Confirm as positive control; benchmark against approved agent	Reference/positive control: validates the pipeline
988	Pustulosis palmaris et plantaris	Dermatological	Interleukin-4	IL4	Cancer-related genes, Disease related genes, FDA approved drug targets, Human disease related genes, Plasma proteins, Predicted secreted proteins	Cytokine/Interleukin	High (secreted to blood)	NA (train PIRS)	NA	NA (train PIRS)	NA (train PIRS)	NA (train PIRS)	NA (train PIRS)	0.238	3.65e-04	yes	0.931	yes (PP.H4>=0.8)	no	no	not tested	known drug target	High (FDA-precedented class, tractable)	3.618	1	Known-drug positive control	Causal-only (PIRS not trained)	Agonize / replace — positive control	Prioritized target (transcript-level)	Panel B (performance — positive control)	Confirm as positive control; benchmark against approved agent	Reference/positive control: validates the pipeline
989	Asthma-related acute respiratory infections	Respiratory	Interleukin-4	IL4	Cancer-related genes, Disease related genes, FDA approved drug targets, Human disease related genes, Plasma proteins, Predicted secreted proteins	Cytokine/Interleukin	High (secreted to blood)	NA (train PIRS)	NA	NA (train PIRS)	NA (train PIRS)	NA (train PIRS)	NA (train PIRS)	0.689	1.18e-03	yes	0.0	no	yes (concordant, protein-level)	no	not tested	known drug target	High (FDA-precedented class, tractable)	3.585	1	Known-drug positive control	Causal-only (PIRS not trained)	Agonize / replace — positive control	Biomarker (predictive) — not yet a target	Panel B (performance — positive control)	Confirm as positive control; benchmark against approved agent	Reference/positive control: validates the pipeline
990	Non-Hodgkin lymphoma, all, excluding all cancers (controls excluding all cancers)	Neoplasm	Tumor necrosis factor receptor superfamily member 14	TNFRSF14	Cancer-related genes, CD markers, Human disease related genes, Predicted intracellular proteins, Predicted membrane proteins	TNF superfamily	High (soluble receptor / shed)	NA (train PIRS)	NA	NA (train PIRS)	NA (train PIRS)	NA (train PIRS)	NA (train PIRS)	0.783	1.38e-02	yes	0.875	yes (PP.H4>=0.8)	no	no	not tested	known drug target	Low-moderate	3.581	1	Known-drug positive control	Causal-only (PIRS not trained)	Agonize / replace — positive control	Prioritized target (transcript-level)	Panel B (performance — positive control)	Confirm as positive control; benchmark against approved agent	Reference/positive control: validates the pipeline
991	Allergic contact dermatitis	Dermatological	Interleukin-4	IL4	Cancer-related genes, Disease related genes, FDA approved drug targets, Human disease related genes, Plasma proteins, Predicted secreted proteins	Cytokine/Interleukin	High (secreted to blood)	NA (train PIRS)	NA	NA (train PIRS)	NA (train PIRS)	NA (train PIRS)	NA (train PIRS)	0.488	1.10e-03	yes	0.902	yes (PP.H4>=0.8)	no	no	not tested	known drug target	High (FDA-precedented class, tractable)	3.494	1	Known-drug positive control	Causal-only (PIRS not trained)	Agonize / replace — positive control	Prioritized target (transcript-level)	Panel B (performance — positive control)	Confirm as positive control; benchmark against approved agent	Reference/positive control: validates the pipeline
992	Reimbursement for rheumatic diseases	Gastrointestinal	Tumor necrosis factor receptor superfamily member 14	TNFRSF14	Cancer-related genes, CD markers, Human disease related genes, Predicted intracellular proteins, Predicted membrane proteins	TNF superfamily	High (soluble receptor / shed)	NA (train PIRS)	NA	NA (train PIRS)	NA (train PIRS)	NA (train PIRS)	NA (train PIRS)	0.9	1.50e-02	yes	0.751	no	no	no	not tested	known drug target	Low-moderate	3.449	1	Known-drug positive control	Causal-only (PIRS not trained)	Agonize / replace — positive control	Biomarker (predictive) — not yet a target	Panel B (performance — positive control)	Confirm as positive control; benchmark against approved agent	Reference/positive control: validates the pipeline
993	Other and unspecified psoriasis	Dermatological	Interleukin-4	IL4	Cancer-related genes, Disease related genes, FDA approved drug targets, Human disease related genes, Plasma proteins, Predicted secreted proteins	Cytokine/Interleukin	High (secreted to blood)	NA (train PIRS)	NA	NA (train PIRS)	NA (train PIRS)	NA (train PIRS)	NA (train PIRS)	2.773	9.61e-03	yes	0.9	yes (PP.H4>=0.8)	no	no	not tested	known drug target	High (FDA-precedented class, tractable)	3.303	1	Known-drug positive control	Causal-only (PIRS not trained)	Block (antagonist/neutralizing Ab) — positive control	Prioritized target (transcript-level)	Panel B (performance — positive control)	Confirm as positive control; benchmark against approved agent	Reference/positive control: validates the pipeline
994	Allergic rhinitis	Respiratory	Interleukin-4	IL4	Cancer-related genes, Disease related genes, FDA approved drug targets, Human disease related genes, Plasma proteins, Predicted secreted proteins	Cytokine/Interleukin	High (secreted to blood)	NA (train PIRS)	NA	NA (train PIRS)	NA (train PIRS)	NA (train PIRS)	NA (train PIRS)	0.692	4.53e-02	yes	0.017	no	yes (concordant, protein-level)	no	not tested	known drug target	High (FDA-precedented class, tractable)	3.286	1	Known-drug positive control	Causal-only (PIRS not trained)	Agonize / replace — positive control	Biomarker (predictive) — not yet a target	Panel B (performance — positive control)	Confirm as positive control; benchmark against approved agent	Reference/positive control: validates the pipeline
995	Autoimmune diseases	Haematological/Immune	Tumor necrosis factor receptor superfamily member 14	TNFRSF14	Cancer-related genes, CD markers, Human disease related genes, Predicted intracellular proteins, Predicted membrane proteins	TNF superfamily	High (soluble receptor / shed)	NA (train PIRS)	NA	NA (train PIRS)	NA (train PIRS)	NA (train PIRS)	NA (train PIRS)	0.93	5.72e-05	yes	0.0	no	no	no	not tested	known drug target	Low-moderate	3.182	1	Known-drug positive control	Causal-only (PIRS not trained)	Agonize / replace — positive control	Biomarker (predictive) — not yet a target	Panel B (performance — positive control)	Confirm as positive control; benchmark against approved agent	Reference/positive control: validates the pipeline
996	MS-disease / Multiple Sclerosis	Neurological/Psychiatric	Tumor necrosis factor ligand superfamily member 14	TNFSF14	CD markers, Predicted intracellular proteins, Predicted membrane proteins, Predicted secreted proteins	TNF superfamily	High (secreted to blood)	NA (train PIRS)	NA	NA (train PIRS)	NA (train PIRS)	NA (train PIRS)	NA (train PIRS)	0.498	1.52e-05	yes	0.999	yes (PP.H4>=0.8)	yes (concordant, protein-level)	yes	not tested	known drug target	Moderate	3.129	1	Known-drug positive control	Causal-only (PIRS not trained)	Agonize / replace — positive control	Therapeutic target (protein-level)	Panel B (performance — positive control)	Confirm as positive control; benchmark against approved agent	Reference/positive control: validates the pipeline
997	Psoriatic arthropathies	Musculoskeletal	Interleukin-4	IL4	Cancer-related genes, Disease related genes, FDA approved drug targets, Human disease related genes, Plasma proteins, Predicted secreted proteins	Cytokine/Interleukin	High (secreted to blood)	NA (train PIRS)	NA	NA (train PIRS)	NA (train PIRS)	NA (train PIRS)	NA (train PIRS)	2.734	1.39e-05	yes	0.003	no	no	no	not tested	known drug target	High (FDA-precedented class, tractable)	2.975	1	Known-drug positive control	Causal-only (PIRS not trained)	Block (antagonist/neutralizing Ab) — positive control	Biomarker (predictive) — not yet a target	Panel B (performance — positive control)	Confirm as positive control; benchmark against approved agent	Reference/positive control: validates the pipeline
998	Childhood asthma (age<16) (more control exclusions)	Respiratory	Interleukin-4	IL4	Cancer-related genes, Disease related genes, FDA approved drug targets, Human disease related genes, Plasma proteins, Predicted secreted proteins	Cytokine/Interleukin	High (secreted to blood)	NA (train PIRS)	NA	NA (train PIRS)	NA (train PIRS)	NA (train PIRS)	NA (train PIRS)	0.478	3.51e-05	yes	0.0	no	no	no	replicated (FinnGen + UK Biobank)	known drug target	High (FDA-precedented class, tractable)	2.891	1	Known-drug positive control	Causal-only (PIRS not trained)	Agonize / replace — positive control	Biomarker (predictive) — not yet a target	Panel B (performance — positive control)	Confirm as positive control; benchmark against approved agent	Reference/positive control: validates the pipeline
999	Papulosquamous disorders	Dermatological	Interleukin-4	IL4	Cancer-related genes, Disease related genes, FDA approved drug targets, Human disease related genes, Plasma proteins, Predicted secreted proteins	Cytokine/Interleukin	High (secreted to blood)	NA (train PIRS)	NA	NA (train PIRS)	NA (train PIRS)	NA (train PIRS)	NA (train PIRS)	1.6	5.81e-05	yes	0.0	no	no	no	not tested	known drug target	High (FDA-precedented class, tractable)	2.847	1	Known-drug positive control	Causal-only (PIRS not trained)	Block (antagonist/neutralizing Ab) — positive control	Biomarker (predictive) — not yet a target	Panel B (performance — positive control)	Confirm as positive control; benchmark against approved agent	Reference/positive control: validates the pipeline
1000	Psoriasis vulgaris	Dermatological	Interleukin-4	IL4	Cancer-related genes, Disease related genes, FDA approved drug targets, Human disease related genes, Plasma proteins, Predicted secreted proteins	Cytokine/Interleukin	High (secreted to blood)	NA (train PIRS)	NA	NA (train PIRS)	NA (train PIRS)	NA (train PIRS)	NA (train PIRS)	2.026	6.08e-05	yes	0.0	no	no	no	not tested	known drug target	High (FDA-precedented class, tractable)	2.843	1	Known-drug positive control	Causal-only (PIRS not trained)	Block (antagonist/neutralizing Ab) — positive control	Biomarker (predictive) — not yet a target	Panel B (performance — positive control)	Confirm as positive control; benchmark against approved agent	Reference/positive control: validates the pipeline
1001	Allergic asthma (mode)	Respiratory	Interleukin-4	IL4	Cancer-related genes, Disease related genes, FDA approved drug targets, Human disease related genes, Plasma proteins, Predicted secreted proteins	Cytokine/Interleukin	High (secreted to blood)	NA (train PIRS)	NA	NA (train PIRS)	NA (train PIRS)	NA (train PIRS)	NA (train PIRS)	0.582	6.95e-05	yes	0.0	no	no	no	not tested	known drug target	High (FDA-precedented class, tractable)	2.832	1	Known-drug positive control	Causal-only (PIRS not trained)	Agonize / replace — positive control	Biomarker (predictive) — not yet a target	Panel B (performance — positive control)	Confirm as positive control; benchmark against approved agent	Reference/positive control: validates the pipeline
1002	Childhood allergy (age < 16)	Respiratory	Interleukin-4	IL4	Cancer-related genes, Disease related genes, FDA approved drug targets, Human disease related genes, Plasma proteins, Predicted secreted proteins	Cytokine/Interleukin	High (secreted to blood)	NA (train PIRS)	NA	NA (train PIRS)	NA (train PIRS)	NA (train PIRS)	NA (train PIRS)	0.483	7.99e-05	yes	0.011	no	no	no	not tested	known drug target	High (FDA-precedented class, tractable)	2.831	1	Known-drug positive control	Causal-only (PIRS not trained)	Agonize / replace — positive control	Biomarker (predictive) — not yet a target	Panel B (performance — positive control)	Confirm as positive control; benchmark against approved agent	Reference/positive control: validates the pipeline
1003	Seropositive rheumatoid arthritis, strict definition	Musculoskeletal	Tumor necrosis factor receptor superfamily member 14	TNFRSF14	Cancer-related genes, CD markers, Human disease related genes, Predicted intracellular proteins, Predicted membrane proteins	TNF superfamily	High (soluble receptor / shed)	NA (train PIRS)	NA	NA (train PIRS)	NA (train PIRS)	NA (train PIRS)	NA (train PIRS)	0.788	4.28e-03	yes	0.003	no	no	no	not tested	known drug target	Low-moderate	2.81	1	Known-drug positive control	Causal-only (PIRS not trained)	Agonize / replace — positive control	Biomarker (predictive) — not yet a target	Panel B (performance — positive control)	Confirm as positive control; benchmark against approved agent	Reference/positive control: validates the pipeline
1004	Seropositive rheumatoid arthritis, wide	Musculoskeletal	Tumor necrosis factor receptor superfamily member 14	TNFRSF14	Cancer-related genes, CD markers, Human disease related genes, Predicted intracellular proteins, Predicted membrane proteins	TNF superfamily	High (soluble receptor / shed)	NA (train PIRS)	NA	NA (train PIRS)	NA (train PIRS)	NA (train PIRS)	NA (train PIRS)	0.85	1.38e-02	yes	0.008	no	no	no	not tested	known drug target	Low-moderate	2.713	1	Known-drug positive control	Causal-only (PIRS not trained)	Agonize / replace — positive control	Biomarker (predictive) — not yet a target	Panel B (performance — positive control)	Confirm as positive control; benchmark against approved agent	Reference/positive control: validates the pipeline
1005	MS-disease / Multiple Sclerosis	Neurological/Psychiatric	Tumor necrosis factor receptor superfamily member 14	TNFRSF14	Cancer-related genes, CD markers, Human disease related genes, Predicted intracellular proteins, Predicted membrane proteins	TNF superfamily	High (soluble receptor / shed)	NA (train PIRS)	NA	NA (train PIRS)	NA (train PIRS)	NA (train PIRS)	NA (train PIRS)	0.73	2.12e-02	yes	0.036	no	no	no	not tested	known drug target	Low-moderate	2.704	1	Known-drug positive control	Causal-only (PIRS not trained)	Agonize / replace — positive control	Biomarker (predictive) — not yet a target	Panel B (performance — positive control)	Confirm as positive control; benchmark against approved agent	Reference/positive control: validates the pipeline
1006	Disorders of the thyroid gland	Metabolic/Endocrine	Tumor necrosis factor ligand superfamily member 14	TNFSF14	CD markers, Predicted intracellular proteins, Predicted membrane proteins, Predicted secreted proteins	TNF superfamily	High (secreted to blood)	NA (train PIRS)	NA	NA (train PIRS)	NA (train PIRS)	NA (train PIRS)	NA (train PIRS)	0.88	1.64e-03	yes	0.957	yes (PP.H4>=0.8)	yes (concordant, protein-level)	yes	not tested	known drug target	Moderate	2.681	1	Known-drug positive control	Causal-only (PIRS not trained)	Agonize / replace — positive control	Therapeutic target (protein-level)	Panel B (performance — positive control)	Confirm as positive control; benchmark against approved agent	Reference/positive control: validates the pipeline
1007	Obesity related asthma	Respiratory	Interleukin-4	IL4	Cancer-related genes, Disease related genes, FDA approved drug targets, Human disease related genes, Plasma proteins, Predicted secreted proteins	Cytokine/Interleukin	High (secreted to blood)	NA (train PIRS)	NA	NA (train PIRS)	NA (train PIRS)	NA (train PIRS)	NA (train PIRS)	0.639	1.64e-03	yes	0.0	no	no	no	not tested	known drug target	High (FDA-precedented class, tractable)	2.557	1	Known-drug positive control	Causal-only (PIRS not trained)	Agonize / replace — positive control	Biomarker (predictive) — not yet a target	Panel B (performance — positive control)	Confirm as positive control; benchmark against approved agent	Reference/positive control: validates the pipeline
1008	Chalazion	Ophthalmological	Interleukin-4	IL4	Cancer-related genes, Disease related genes, FDA approved drug targets, Human disease related genes, Plasma proteins, Predicted secreted proteins	Cytokine/Interleukin	High (secreted to blood)	NA (train PIRS)	NA	NA (train PIRS)	NA (train PIRS)	NA (train PIRS)	NA (train PIRS)	2.13	5.68e-03	yes	0.0	no	no	no	not tested	known drug target	High (FDA-precedented class, tractable)	2.449	1	Known-drug positive control	Causal-only (PIRS not trained)	Block (antagonist/neutralizing Ab) — positive control	Biomarker (predictive) — not yet a target	Panel B (performance — positive control)	Confirm as positive control; benchmark against approved agent	Reference/positive control: validates the pipeline
1009	Asthma and allergy	Respiratory	Interleukin-4	IL4	Cancer-related genes, Disease related genes, FDA approved drug targets, Human disease related genes, Plasma proteins, Predicted secreted proteins	Cytokine/Interleukin	High (secreted to blood)	NA (train PIRS)	NA	NA (train PIRS)	NA (train PIRS)	NA (train PIRS)	NA (train PIRS)	0.55	1.30e-02	yes	0.0	no	no	no	not tested	known drug target	High (FDA-precedented class, tractable)	2.377	1	Known-drug positive control	Causal-only (PIRS not trained)	Agonize / replace — positive control	Biomarker (predictive) — not yet a target	Panel B (performance — positive control)	Confirm as positive control; benchmark against approved agent	Reference/positive control: validates the pipeline
1010	Asthma, unspecified (mode)	Respiratory	Interleukin-4	IL4	Cancer-related genes, Disease related genes, FDA approved drug targets, Human disease related genes, Plasma proteins, Predicted secreted proteins	Cytokine/Interleukin	High (secreted to blood)	NA (train PIRS)	NA	NA (train PIRS)	NA (train PIRS)	NA (train PIRS)	NA (train PIRS)	0.744	1.35e-02	yes	0.0	no	no	no	not tested	known drug target	High (FDA-precedented class, tractable)	2.374	1	Known-drug positive control	Causal-only (PIRS not trained)	Agonize / replace — positive control	Biomarker (predictive) — not yet a target	Panel B (performance — positive control)	Confirm as positive control; benchmark against approved agent	Reference/positive control: validates the pipeline
1011	Asthma-related pneumonia	Respiratory	Interleukin-4	IL4	Cancer-related genes, Disease related genes, FDA approved drug targets, Human disease related genes, Plasma proteins, Predicted secreted proteins	Cytokine/Interleukin	High (secreted to blood)	NA (train PIRS)	NA	NA (train PIRS)	NA (train PIRS)	NA (train PIRS)	NA (train PIRS)	0.687	1.80e-02	yes	0.02	no	no	no	not tested	known drug target	High (FDA-precedented class, tractable)	2.369	1	Known-drug positive control	Causal-only (PIRS not trained)	Agonize / replace — positive control	Biomarker (predictive) — not yet a target	Panel B (performance — positive control)	Confirm as positive control; benchmark against approved agent	Reference/positive control: validates the pipeline
1012	Varicose veins	Cardiovascular	Interleukin-4	IL4	Cancer-related genes, Disease related genes, FDA approved drug targets, Human disease related genes, Plasma proteins, Predicted secreted proteins	Cytokine/Interleukin	High (secreted to blood)	NA (train PIRS)	NA	NA (train PIRS)	NA (train PIRS)	NA (train PIRS)	NA (train PIRS)	0.769	2.54e-02	yes	0.0	no	no	no	not tested	known drug target	High (FDA-precedented class, tractable)	2.319	1	Known-drug positive control	Causal-only (PIRS not trained)	Agonize / replace — positive control	Biomarker (predictive) — not yet a target	Panel B (performance — positive control)	Confirm as positive control; benchmark against approved agent	Reference/positive control: validates the pipeline
1013	Other diseases of upper respiratory tract	Respiratory	Tumor necrosis factor receptor superfamily member 1B	TNFRSF1B	Cancer-related genes, Candidate cardiovascular disease genes, CD markers, Human disease related genes, Plasma proteins, Predicted membrane proteins, Predicted secreted proteins	TNF superfamily	High (secreted to blood)	NA (train PIRS)	NA	NA (train PIRS)	NA (train PIRS)	NA (train PIRS)	NA (train PIRS)	1.149	2.60e-02	yes	0.889	yes (PP.H4>=0.8)	yes (concordant, protein-level)	yes	not tested	known drug target	Moderate	1.872	1	Known-drug positive control	Causal-only (PIRS not trained)	Block (antagonist/neutralizing Ab) — positive control	Therapeutic target (protein-level)	Panel B (performance — positive control)	Confirm as positive control; benchmark against approved agent	Reference/positive control: validates the pipeline
1014	Vitamin B12 deficiency anaemia	Haematological/Immune	Tumor necrosis factor receptor superfamily member 1A	TNFRSF1A	Cancer-related genes, Candidate cardiovascular disease genes, CD markers, Disease related genes, FDA approved drug targets, Human disease related genes, Plasma proteins, Predicted membrane proteins, Predicted secreted proteins	TNF superfamily	High (secreted to blood)	NA (train PIRS)	NA	NA (train PIRS)	NA (train PIRS)	NA (train PIRS)	NA (train PIRS)	0.657	5.32e-03	yes	0.997	yes (PP.H4>=0.8)	no	no	not tested	known drug target	High (FDA-precedented class, tractable)	1.452	1	Known-drug positive control	Causal-only (PIRS not trained)	Agonize / replace — positive control	Prioritized target (transcript-level)	Panel B (performance — positive control)	Confirm as positive control; benchmark against approved agent	Reference/positive control: validates the pipeline
1015	Allergic rhinitis	Respiratory	Tumor necrosis factor receptor superfamily member 1B	TNFRSF1B	Cancer-related genes, Candidate cardiovascular disease genes, CD markers, Human disease related genes, Plasma proteins, Predicted membrane proteins, Predicted secreted proteins	TNF superfamily	High (secreted to blood)	NA (train PIRS)	NA	NA (train PIRS)	NA (train PIRS)	NA (train PIRS)	NA (train PIRS)	1.486	2.92e-03	yes	0.982	yes (PP.H4>=0.8)	no	no	not tested	known drug target	Moderate	1.156	1	Known-drug positive control	Causal-only (PIRS not trained)	Block (antagonist/neutralizing Ab) — positive control	Prioritized target (transcript-level)	Panel B (performance — positive control)	Confirm as positive control; benchmark against approved agent	Reference/positive control: validates the pipeline
1016	Pollen allergy	Respiratory	Tumor necrosis factor receptor superfamily member 1B	TNFRSF1B	Cancer-related genes, Candidate cardiovascular disease genes, CD markers, Human disease related genes, Plasma proteins, Predicted membrane proteins, Predicted secreted proteins	TNF superfamily	High (secreted to blood)	NA (train PIRS)	NA	NA (train PIRS)	NA (train PIRS)	NA (train PIRS)	NA (train PIRS)	1.626	1.28e-02	yes	0.933	yes (PP.H4>=0.8)	no	no	not tested	known drug target	Moderate	0.979	1	Known-drug positive control	Causal-only (PIRS not trained)	Block (antagonist/neutralizing Ab) — positive control	Prioritized target (transcript-level)	Panel B (performance — positive control)	Confirm as positive control; benchmark against approved agent	Reference/positive control: validates the pipeline
