gene_symbol	disease	phenocode	category	disease_system	immune_class	OR	FDR	PP_H4	pqtl_OR	pqtl_p	pqtl_PPH4	pqtl_concordant	two_population_validated	n_categories	druggability	fda_target	category_label	novelty_priority	s_causal	s_coloc	s_pleio	s_drug	s_cell	s_protein	s_repl	p_known	p_mhc
IL2RA	Type 1 diabetes, definitions combined	T1D	Diabetes endpoints	Metabolic/Endocrine	Cytokine/Interleukin	0.3016186946935759	1.58335517475345e-06	0.9943770538611344	0.5538582387967425	0.0415027028701686	0.0236855616761935	True	False	4	3	1	NOVEL protein-confirmed	6.654461384706265	1.1600843308451307	0.9943770538611344	1.5	1.5	0.5	1.0	0.0	0.0	0.0
IL2RA	Dermatitis	L12_DERMATITISNAS	XII Diseases of the skin and subcutaneous tissue (L12_)	Dermatological	Cytokine/Interleukin	1.647436155246594	6.002452347052332e-11	0.9999986139845248	1.0162551185844355	0.8857761030893532	0.021398185762455	False	False	4	3	1	NOVEL colocalized	6.499998613984525	2.0	0.9999986139845248	1.5	1.5	0.5	0.0	0.0	0.0	0.0
IL2RA	Dermatitis and eczema	L12_DERMATITISECZEMA	XII Diseases of the skin and subcutaneous tissue (L12_)	Dermatological	Cytokine/Interleukin	1.4871981646028725	4.431299696339896e-14	0.999997041655745	1.0010578288741472	0.9893767616473684	0.021393905279053	False	False	4	3	1	NOVEL colocalized	6.499997041655745	2.0	0.999997041655745	1.5	1.5	0.5	0.0	0.0	0.0	0.0
ACE	Antihypertensive medication - note that there are other indications	RX_ANTIHYP	Drug purchase endpoints	Medication/Other	Immune-cell-enriched	2.1206455353537303	1.2459922237758385e-25	0.9977676538200024				False	False	6	3	1	NOVEL colocalized	6.497767653820002	2.0	0.9977676538200024	1.5	1.5	0.5	0.0	0.0	0.0	0.0
SLC12A2	Diseases of veins, lymphatic vessels and lymph nodes, not elsewhere classified	I9_DISVEINLYMPH	IX Diseases of the circulatory system (I9_)	Cardiovascular	Immune-cell-enriched	0.6028265127492374	2.765185456140853e-35	0.9970722677192756				False	True	3	3	1	NOVEL colocalized	6.497072267719275	2.0	0.9970722677192756	1.0	1.5	0.5	0.0	0.5	0.0	0.0
SLC12A2	Varicose veins	I9_VARICVE	IX Diseases of the circulatory system (I9_)	Cardiovascular	Immune-cell-enriched	0.52991068060098	2.4572514977852883e-32	0.9966557463629846				False	True	3	3	1	NOVEL colocalized	6.496655746362984	2.0	0.9966557463629846	1.0	1.5	0.5	0.0	0.5	0.0	0.0
CFH	Other retinal disorders	H7_RETINALDISOTH	VII Diseases of the eye and adnexa (H7_)	Ophthalmological	Complement/Coagulation	0.1595713697742229	6.6595348429256966e-105	0.9783864357143202	0.598527742849259	0.0	0.0009575367802801	True	True	3	1	0	NOVEL protein-confirmed	6.47838643571432	2.0	0.9783864357143202	1.0	0.5	0.5	1.0	0.5	0.0	0.0
PPP3R1	Varicose veins	I9_VARICVE	IX Diseases of the circulatory system (I9_)	Cardiovascular	Immune-cell-enriched	1.4154265581168566	3.2652031223639374e-36	0.9290921059074	1.2668237968467522	0.0492046593819841	0.0409053685794009	True	True	2	2	1	NOVEL protein-confirmed	6.4290921059074	2.0	0.9290921059074	0.5	1.0	0.5	1.0	0.5	0.0	0.0
CFH	Degeneration of macula and posterior pole	H7_MACULADEGEN	VII Diseases of the eye and adnexa (H7_)	Ophthalmological	Complement/Coagulation	0.0414843392154316	4.814779302667164e-211	0.9071759992425696	0.4078518447879851	0.0	3.288355914117447e-10	True	True	3	1	0	NOVEL protein-confirmed	6.40717599924257	2.0	0.9071759992425696	1.0	0.5	0.5	1.0	0.5	0.0	0.0
PPP3R1	Diseases of veins, lymphatic vessels and lymph nodes, not elsewhere classified	I9_DISVEINLYMPH	IX Diseases of the circulatory system (I9_)	Cardiovascular	Immune-cell-enriched	1.2457151905101065	1.6762462806632653e-24	0.8960718397467277	1.2666230108530891	0.0096352024470114	0.0397430085827827	True	True	2	2	1	NOVEL protein-confirmed	6.396071839746728	2.0	0.8960718397467277	0.5	1.0	0.5	1.0	0.5	0.0	0.0
ERBB2	Asthma/COPD (KELA code 203)	J10_ASTHMACOPDKELA	X Diseases of the respiratory system (J10_)	Respiratory	Immune-cell-enriched	2.5346098441420937	1.1136470484904822e-17	0.867998558891906				False	False	5	3	1	NOVEL colocalized	6.367998558891906	2.0	0.867998558891906	1.5	1.5	0.5	0.0	0.0	0.0	0.0
ERBB2	Asthma (only as main-diagnosis) (more control exclusions)	J10_ASTHMA_MAIN_EXMORE	X Diseases of the respiratory system (J10_)	Respiratory	Immune-cell-enriched	2.5117281702729644	6.407249370969635e-13	0.3546628412995258				False	True	5	3	1	novel nomination	6.354662841299525	2.0	0.3546628412995258	1.5	1.5	0.5	0.0	0.5	0.0	0.0
ERBB2	Asthma-related acute respiratory infections	ASTHMA_ACUTE_RESPIRATORY_INFECTIONS	Asthma and related endpoints	Respiratory	Immune-cell-enriched	3.750716337771113	4.541983183158259e-15	0.5906763948281926				False	False	5	3	1	novel nomination	6.090676394828193	2.0	0.5906763948281926	1.5	1.5	0.5	0.0	0.0	0.0	0.0
ERBB2	Asthma (more control exclusions)	J10_ASTHMA_EXMORE	X Diseases of the respiratory system (J10_)	Respiratory	Immune-cell-enriched	2.4485050010611644	7.465016925513295e-15	0.0095616055338695				False	True	5	3	1	novel nomination	6.00956160553387	2.0	0.0095616055338695	1.5	1.5	0.5	0.0	0.5	0.0	0.0
SLC12A2	Other disorders of veins	I9_VEINSOTH	IX Diseases of the circulatory system (I9_)	Cardiovascular	Immune-cell-enriched	0.5170189731301592	5.0856579266310096e-18	0.9967462690336822				False	False	3	3	1	NOVEL colocalized	5.996746269033682	2.0	0.9967462690336822	1.0	1.5	0.5	0.0	0.0	0.0	0.0
CFH	Age-related macular degeneration (whether dry or wet)	H7_AMD	VII Diseases of the eye and adnexa (H7_)	Ophthalmological	Complement/Coagulation	0.0042570452399317	0.0	0.9812708896620403	0.2019251656447427	0.0	0.0443715561292391	True	False	3	1	0	NOVEL protein-confirmed	5.98127088966204	2.0	0.9812708896620403	1.0	0.5	0.5	1.0	0.0	0.0	0.0
CFH	Moderate visual impairment, binocular	H7_MODVISIMPBINOC	VII Diseases of the eye and adnexa (H7_)	Ophthalmological	Complement/Coagulation	0.0177508991397078	1.5012823920837778e-18	0.977066649309138	0.3189562835246764	0.0	0.6606020571569452	True	False	3	1	0	NOVEL protein-confirmed	5.977066649309138	2.0	0.977066649309138	1.0	0.5	0.5	1.0	0.0	0.0	0.0
CFH	Disorders of choroid and retina	H7_CHOROIDRETINA	VII Diseases of the eye and adnexa (H7_)	Ophthalmological	Complement/Coagulation	0.2667518090729608	8.841946500799477e-72	0.927315547134516	0.6915225752813426	0.0	0.0209901984577576	True	False	3	1	0	NOVEL protein-confirmed	5.927315547134516	2.0	0.927315547134516	1.0	0.5	0.5	1.0	0.0	0.0	0.0
ACE	Cardiovascular diseases (excluding rheumatic etc)	FG_CVD	Cardiometabolic endpoints	Cardiovascular	Immune-cell-enriched	1.583523828123102	1.0965465023882905e-07	0.996736208753491				False	False	6	3	1	NOVEL colocalized	5.888730797957095	1.3919945892036039	0.996736208753491	1.5	1.5	0.5	0.0	0.0	0.0	0.0
ERBB2	Asthma-related infections	ASTHMA_INFECTIONS	Asthma and related endpoints	Respiratory	Immune-cell-enriched	2.977362745284573	1.690373944231423e-13	0.3729028269869706				False	False	5	3	1	novel nomination	5.872902826986971	2.0	0.3729028269869706	1.5	1.5	0.5	0.0	0.0	0.0	0.0
CFH	Diabetic retinopathy	DM_RETINOPATHY	Diabetes endpoints	Metabolic/Endocrine	Complement/Coagulation	0.3579069127583938	3.061075679280583e-11	0.8327701738634928	0.7728387486462183	2.2934987242706484e-12	0.0039943348980591	True	False	3	1	0	NOVEL protein-confirmed	5.8327701738634925	2.0	0.8327701738634928	1.0	0.5	0.5	1.0	0.0	0.0	0.0
IL2RA	Infective dermatitis	L12_INFECT_DERM	XII Diseases of the skin and subcutaneous tissue (L12_)	Dermatological	Cytokine/Interleukin	2.677952717841917	5.041702095777248e-07	0.999987959852455	0.7623132836272177	0.3308803240262721	0.0214696488644315	False	False	4	3	1	NOVEL colocalized	5.759472523753443	1.2594845639009884	0.999987959852455	1.5	1.5	0.5	0.0	0.0	0.0	0.0
ERBB2	Allergic asthma (mode)	ALLERG_ASTHMA	Asthma and related endpoints	Respiratory	Immune-cell-enriched	4.071633011852083	3.776289817880603e-09	0.5448505566378351				False	False	5	3	1	novel nomination	5.729437493120877	1.6845869364830424	0.5448505566378351	1.5	1.5	0.5	0.0	0.0	0.0	0.0
CFH	Diabetic retinopathy (more control exclusions)	DM_RETINOPATHY_EXMORE	Diabetes endpoints	Metabolic/Endocrine	Complement/Coagulation	0.3677676682750168	1.2592596886691155e-09	0.9197413174787132	0.771150261474151	9.277023593767808e-12	0.0941501720614574	True	False	3	1	0	NOVEL protein-confirmed	5.6997182572830125	1.779976939804299	0.9197413174787132	1.0	0.5	0.5	1.0	0.0	0.0	0.0
ACE	Hypertension	I9_HYPTENS	IX Diseases of the circulatory system (I9_)	Cardiovascular	Immune-cell-enriched	1.6114209191709736	5.32071809321131e-08	0.7351814866098264				False	False	6	3	1	novel nomination	5.6899874367345245	1.4548059501246982	0.7351814866098264	1.5	1.5	0.5	0.0	0.0	0.0	0.0
ERBB2	Childhood asthma (age<16) (more control exclusions)	ASTHMA_CHILD_EXMORE	Asthma and related endpoints	Respiratory	Immune-cell-enriched	26.543981962122	1.9984127993326882e-33	0.1824659740083115				False	False	5	3	1	novel nomination	5.682465974008311	2.0	0.1824659740083115	1.5	1.5	0.5	0.0	0.0	0.0	0.0
ERBB2	Chronic lower respiratory diseases	J10_LOWCHRON	X Diseases of the respiratory system (J10_)	Respiratory	Immune-cell-enriched	2.1655678643910297	1.6778714428059024e-17	0.0419946495378994				False	False	5	3	1	novel nomination	5.5419946495379	2.0	0.0419946495378994	1.5	1.5	0.5	0.0	0.0	0.0	0.0
LTBP3	Otosclerosis	H8_OTOSCLE	VIII Diseases of the ear and mastoid process (H8_)	Other	Cytokine/Interleukin	0.3359486768560703	4.930571318593161e-27	0.9996089950080024				False	False	6	1	0	NOVEL colocalized	5.4996089950080025	2.0	0.9996089950080024	1.5	0.5	0.5	0.0	0.0	0.0	0.0
CFH	Visual impairment including blindness (binocular or monocular)	H7_BLINDANDVISIMPAIRMENT	VII Diseases of the eye and adnexa (H7_)	Ophthalmological	Complement/Coagulation	0.143574053465516	1.7067827522296015e-08	0.9429725171898508	0.5798615599998604	4.3223202794706594e-12	0.8594976729133347	True	False	3	1	0	NOVEL protein-confirmed	5.496536868094294	1.553564350904443	0.9429725171898508	1.0	0.5	0.5	1.0	0.0	0.0	0.0
CTLA4	Rheumatoid arthritis	M13_RHEUMA	XIII Diseases of the musculoskeletal system and connective tissue (M13_)	Musculoskeletal	Immune checkpoint	0.5105947113703064	2.080771310971751e-11	0.9848967890091272				False	True	7	3	1	recovered known axis	5.484896789009127	2.0	0.9848967890091272	1.5	1.5	0.5	0.0	0.5	1.5	0.0
ERBB3	Disorders of the thyroid gland	E4_THYROID	IV Endocrine, nutritional and metabolic diseases (E4_)	Metabolic/Endocrine	Immune-cell-enriched	0.7796320736151209	2.177526284997434e-08	0.9166347956308312	0.8927103653647533	0.2242200629793194	0.0035980969130455	False	False	7	2	0	NOVEL colocalized	5.449042114411728	1.5324073187808962	0.9166347956308312	1.5	1.0	0.5	0.0	0.0	0.0	0.0
LTBR	Peritonsillar abscess	J10_PERITONSABSC	X Diseases of the respiratory system (J10_)	Respiratory	Cytokine/Interleukin	1.5615384679040123	1.4388465962137062e-11	0.928305461394109	2.0295356881909408	0.070236020115928	0.0223233446995396	False	False	4	1	0	NOVEL colocalized	5.428305461394109	2.0	0.928305461394109	1.5	0.5	0.5	0.0	0.0	0.0	0.0
SERPING1	Asthma (more control exclusions)	J10_ASTHMA_EXMORE	X Diseases of the respiratory system (J10_)	Respiratory	Complement/Coagulation	1.162979973113265	5.177339522747978e-06	0.8659124539412469	0.9262120251711276	9.100498132852408e-11	0.9731281446190128	False	True	4	1	0	NOVEL colocalized	5.423091124672094	1.0571786707308475	0.8659124539412469	1.5	0.5	0.5	0.5	0.5	0.0	0.0
IL1RL1	Dermatitis and eczema	L12_DERMATITISECZEMA	XII Diseases of the skin and subcutaneous tissue (L12_)	Dermatological	Cytokine/Interleukin	0.7427694875590338	2.78540023178354e-21	0.91718861568723	1.0591273185977008	6.333467084118638e-11	3.0580211345969996e-14	False	False	3	2	0	NOVEL colocalized	5.41718861568723	2.0	0.91718861568723	1.0	1.0	0.5	0.0	0.0	0.0	0.0
ACE	Dementia	F5_DEMENTIA	V Mental and behavioural disorders (F5_)	Neurological/Psychiatric	Immune-cell-enriched	0.4395453890280715	3.079756859936873e-05	0.9947524105634636				False	False	6	3	1	NOVEL colocalized	5.397049124312456	0.9022967137489928	0.9947524105634636	1.5	1.5	0.5	0.0	0.0	0.0	0.0
ACE	Any dementia (more control exclusions)	KRA_PSY_DEMENTIA_EXMORE	Psychiatric endpoints from Katri Räikkönen	Other	Immune-cell-enriched	0.4135117739966673	3.94340701811956e-05	0.9941230114752204				False	False	6	3	1	NOVEL colocalized	5.374948690470892	0.8808256789956712	0.9941230114752204	1.5	1.5	0.5	0.0	0.0	0.0	0.0
ACE	Hypertension, essential	I9_HYPTENSESS	IX Diseases of the circulatory system (I9_)	Cardiovascular	Immune-cell-enriched	1.5336163437590753	2.417873540704059e-05	0.9171193870621994				False	False	6	3	1	NOVEL colocalized	5.34043267052074	0.9233132834585408	0.9171193870621994	1.5	1.5	0.5	0.0	0.0	0.0	0.0
TLR1	Allergic rhinitis	ALLERG_RHINITIS	Comorbidities of Asthma	Respiratory	Immune-cell-enriched	1.2964883910998768	8.349988997098454e-10	0.0144148845696375	2.033021945303759	0.0069610859236199	0.0479159377392555	True	False	4	1	0	novel nomination	5.330077703928069	1.815662819358431	0.0144148845696375	1.5	0.5	0.5	1.0	0.0	0.0	0.0
ERBB2	Acute sinusitis	J10_SINUSITIS	X Diseases of the respiratory system (J10_)	Respiratory	Immune-cell-enriched	2.2394573930073407	8.53572430912028e-06	0.8125497104950861				False	False	5	3	1	NOVEL colocalized	5.326301634576408	1.0137519240813218	0.8125497104950861	1.5	1.5	0.5	0.0	0.0	0.0	0.0
CFH	Wet age-related macular degeneration	WET_AMD	VII Diseases of the eye and adnexa (H7_)	Ophthalmological	Complement/Coagulation	0.0033765547869197	4.8995852941871896e-235	0.2734016063474143	0.1907235230477849	0.0	2.1102656417019876e-08	True	False	3	1	0	novel nomination	5.273401606347415	2.0	0.2734016063474143	1.0	0.5	0.5	1.0	0.0	0.0	0.0
ACE	Unspecific neurodegenerative disorder	G6_NEURODEGENERATIVE	VI Diseases of the nervous system (G6_)	Neurological/Psychiatric	Immune-cell-enriched	0.4268617803314671	0.0001300241435789	0.992105037291454				False	False	6	3	1	NOVEL colocalized	5.269300236907726	0.7771951996162716	0.992105037291454	1.5	1.5	0.5	0.0	0.0	0.0	0.0
SERPING1	Asthma (only as main-diagnosis) (more control exclusions)	J10_ASTHMA_MAIN_EXMORE	X Diseases of the respiratory system (J10_)	Respiratory	Complement/Coagulation	1.163457501518054	8.245577597483483e-05	0.9493846985506842	0.9280730872417092	7.829300319173171e-09	0.9741704467816464	False	True	4	1	0	NOVEL colocalized	5.266140481930835	0.8167557833801501	0.9493846985506842	1.5	0.5	0.5	0.5	0.5	0.0	0.0
ACE	Dementia, including avohilmo	F5_DEMENTIA_INCLAVO	V Mental and behavioural disorders (F5_)	Neurological/Psychiatric	Immune-cell-enriched	0.4744912070409275	0.0002195655257414	0.993993523139756				False	False	6	3	1	NOVEL colocalized	5.22568069273788	0.731687169598124	0.993993523139756	1.5	1.5	0.5	0.0	0.0	0.0	0.0
ERBB3	Type 1 diabetes, definitions combined	T1D	Diabetes endpoints	Metabolic/Endocrine	Immune-cell-enriched	0.4243341111823029	3.580158529850194e-07	0.9011520913604174	0.8277152824760282	0.5874392086865359	0.0053142737880016	False	False	7	2	0	NOVEL colocalized	5.190371639824111	1.2892195484636932	0.9011520913604174	1.5	1.0	0.5	0.0	0.0	0.0	0.0
LTBR	Acute appendicitis, no complications	APPENDACUT_NOCOMPLIC	XI Diseases of the digestive system (K11_)	Gastrointestinal	Cytokine/Interleukin	0.7741840410028175	1.0869089361560575e-09	0.8906235939777771	1.3248843876109844	0.2230812535596678	0.0224932214003984	False	False	4	1	0	NOVEL colocalized	5.183384962102858	1.7927613681250805	0.8906235939777771	1.5	0.5	0.5	0.0	0.0	0.0	0.0
LTBR	Acute appendicitis	K11_APPENDACUT	XI Diseases of the digestive system (K11_)	Gastrointestinal	Cytokine/Interleukin	0.7514650362843256	1.4758043897283624e-16	0.6485307432887975	1.138504177540839	0.5254286274343354	0.0227666372448243	False	False	4	1	0	novel nomination	5.148530743288798	2.0	0.6485307432887975	1.5	0.5	0.5	0.0	0.0	0.0	0.0
IL1RL1	Atopic dermatitis	L12_ATOPIC	XII Diseases of the skin and subcutaneous tissue (L12_)	Dermatological	Cytokine/Interleukin	0.6087609047893114	2.367577160217269e-30	0.6329909772896963	1.0778793560369735	2.623117278943709e-09	5.896138597223943e-25	False	False	3	2	0	novel nomination	5.132990977289696	2.0	0.6329909772896963	1.0	1.0	0.5	0.0	0.0	0.0	0.0
ERBB2	Alcohol use disorder, Swedish definition	AUD_SWEDISH	Alcohol related diseases	Other	Immune-cell-enriched	2.020176586772839	0.0006813767532915	0.985269890337062				False	False	5	3	1	NOVEL colocalized	5.118592427827775	0.6333225374907121	0.985269890337062	1.5	1.5	0.5	0.0	0.0	0.0	0.0
ACE	Other degenerative diseases of the nervous system	NEURODEGOTH	Comorbidities of Gastrointestinal endpoints	Gastrointestinal	Immune-cell-enriched	0.444236526193862	0.0008192677655943	0.987637595844271				False	False	6	3	1	NOVEL colocalized	5.104952422301886	0.6173148264576147	0.987637595844271	1.5	1.5	0.5	0.0	0.0	0.0	0.0
ACE	Alzheimer disease	G6_ALZHEIMER	VI Diseases of the nervous system (G6_)	Neurological/Psychiatric	Immune-cell-enriched	0.3974958645435714	0.0012106211244538	0.9909208744708036				False	False	6	3	1	NOVEL colocalized	5.074319224918016	0.5833983504472118	0.9909208744708036	1.5	1.5	0.5	0.0	0.0	0.0	0.0
SLC12A2	Erysipelas	AB1_ERYSIPELAS	I Certain infectious and parasitic diseases (AB1_)	Infection	Immune-cell-enriched	0.7050466241437757	4.013796450740785e-06	0.9912106856984304				False	False	3	3	1	NOVEL colocalized	5.070499616779723	1.0792889310812925	0.9912106856984304	1.0	1.5	0.5	0.0	0.0	0.0	0.0
ERBB2	Ulcerative colitis (strict definition, require KELA, min 2 HDR)	K11_UC_STRICT2	XI Diseases of the digestive system (K11_)	Gastrointestinal	Immune-cell-enriched	0.3362654250602673	0.0477331505665214	0.7975334135911363				False	True	5	3	1	novel nomination	5.061769393516553	0.2642359799254165	0.7975334135911363	1.5	1.5	0.5	0.0	0.5	0.0	0.0
IL4R	Asthma (more control exclusions)	J10_ASTHMA_EXMORE	X Diseases of the respiratory system (J10_)	Respiratory	Cytokine/Interleukin	0.8188116823340597	2.0400496451893957e-08	5.062682440695875e-10	0.8065198112685226	0.0006864880052281	0.0526095521951437	True	True	1	3	1	novel nomination	5.0380718532593765	1.538071852753108	5.062682440695875e-10	0.0	1.5	0.5	1.0	0.5	0.0	0.0
ERBB2	Cholelithiasis	K11_CHOLELITH	XI Diseases of the digestive system (K11_)	Gastrointestinal	Immune-cell-enriched	1.7905023657632904	0.0001861758914762	0.7770906185292499				False	False	5	3	1	novel nomination	5.023105930113971	0.7460153115847205	0.7770906185292499	1.5	1.5	0.5	0.0	0.0	0.0	0.0
ERBB3	Type1 diabetes, definitions combined, early onset	T1D_EARLY	Diabetes endpoints	Metabolic/Endocrine	Immune-cell-enriched	0.3329634786733688	6.450073628856914e-08	0.5849436803903908	1.0915283959201438	0.8401015898615096	0.0077246962803278	False	False	7	2	0	novel nomination	5.023030745946322	1.4380870655559308	0.5849436803903908	1.5	1.0	0.5	0.0	0.0	0.0	0.0
ERBB2	Acute bronchiolitis	J10_BRONCHIOLITIS	X Diseases of the respiratory system (J10_)	Respiratory	Immune-cell-enriched	9.33832974261792	0.0003764931035747	0.8300613310215442				False	False	5	3	1	NOVEL colocalized	5.014909925940433	0.6848485949188892	0.8300613310215442	1.5	1.5	0.5	0.0	0.0	0.0	0.0
ERBB3	Hypothyroidism, strict autoimmune	E4_HYTHY_AI_STRICT	IV Endocrine, nutritional and metabolic diseases (E4_)	Metabolic/Endocrine	Immune-cell-enriched	0.6796467531150217	2.4089625856197625e-16	0.0008631528253981	0.898175124093138	0.3230764845497809	0.0037662978199452	False	False	7	2	0	novel nomination	5.0008631528253975	2.0	0.0008631528253981	1.5	1.0	0.5	0.0	0.0	0.0	0.0
ERBB3	Autoimmune diseases	AUTOIMMUNE	Diseases marked as autimmune origin	Haematological/Immune	Immune-cell-enriched	0.7956565977955926	1.9606599208830265e-11	1.3719642869441609e-05	0.9862650587858122	0.854126904919585	0.0050367689189359	False	False	7	2	0	novel nomination	5.000013719642869	2.0	1.3719642869441609e-05	1.5	1.0	0.5	0.0	0.0	0.0	0.0
IL18RAP	Asthma (only as main-diagnosis) (more control exclusions)	J10_ASTHMA_MAIN_EXMORE	X Diseases of the respiratory system (J10_)	Respiratory	Cytokine/Interleukin	0.9208904584039718	3.730689735623657e-15	2.0231503390588864e-08				False	True	5	1	0	novel nomination	5.000000020231504	2.0	2.0231503390588864e-08	1.5	0.5	0.5	0.0	0.5	0.0	0.0
IL18RAP	Asthma (more control exclusions)	J10_ASTHMA_EXMORE	X Diseases of the respiratory system (J10_)	Respiratory	Cytokine/Interleukin	0.9224218492536304	1.1662172385748545e-17	9.516603013176037e-09				False	True	5	1	0	novel nomination	5.000000009516603	2.0	9.516603013176037e-09	1.5	0.5	0.5	0.0	0.5	0.0	0.0
CFH	Dry age-related macular degeneration (includes geographic atrophy)	DRY_AMD	VII Diseases of the eye and adnexa (H7_)	Ophthalmological	Complement/Coagulation	0.0041737760947966	6.226355914694706e-274	3.8407948508975966e-10	0.1922281549130204	0.0	0.9845108309526494	True	False	3	1	0	novel nomination	5.000000000384079	2.0	3.8407948508975966e-10	1.0	0.5	0.5	1.0	0.0	0.0	0.0
IL4R	Chronic lower respiratory diseases	J10_LOWCHRON	X Diseases of the respiratory system (J10_)	Respiratory	Cytokine/Interleukin	0.8326859793722858	1.1875465430461138e-11	2.2298906565913305e-13	0.8652048400094299	0.004519169711455	0.0526095551257111	True	False	1	3	1	novel nomination	5.000000000000223	2.0	2.2298906565913305e-13	0.0	1.5	0.5	1.0	0.0	0.0	0.0
IL18RAP	Childhood asthma (age<16) (more control exclusions)	ASTHMA_CHILD_EXMORE	Asthma and related endpoints	Respiratory	Cytokine/Interleukin	0.8423131723656948	2.260134361069464e-11	2.1169474502518624e-14				False	True	5	1	0	novel nomination	5.000000000000021	2.0	2.1169474502518624e-14	1.5	0.5	0.5	0.0	0.5	0.0	0.0
IL4R	Asthma/COPD (KELA code 203)	J10_ASTHMACOPDKELA	X Diseases of the respiratory system (J10_)	Respiratory	Cytokine/Interleukin	0.7870127881618032	2.6959627131203832e-14	2.159805724010656e-15	0.8866206744785643	0.0492384622161448	0.0526095551414023	True	False	1	3	1	novel nomination	5.000000000000002	2.0	2.159805724010656e-15	0.0	1.5	0.5	1.0	0.0	0.0	0.0
IL4	Asthma/COPD (KELA code 203)	J10_ASTHMACOPDKELA	X Diseases of the respiratory system (J10_)	Respiratory	Cytokine/Interleukin	0.675005507096699	2.1431394855044536e-12	1.2006033208543505e-29	0.8602688695146254	0.0403958287676524	0.0562110375883523	True	False	5	3	1	recovered known axis	5.0	2.0	1.2006033208543505e-29	1.5	1.5	0.5	1.0	0.0	1.5	0.0
IL6ST	Rheumatoid arthritis	M13_RHEUMA	XIII Diseases of the musculoskeletal system and connective tissue (M13_)	Musculoskeletal	Cytokine/Interleukin	2.632384596643061	1.589691802796057e-13	0.9999999994501394	0.8989943213580694	0.1161980605024952	0.0305236088255438	False	True	7	2	0	recovered known axis	4.999999999450139	2.0	0.9999999994501394	1.5	1.0	0.5	0.0	0.5	1.5	0.0
IL6ST	Polyarthropathies	M13_POLYARTHROPATHIES	XIII Diseases of the musculoskeletal system and connective tissue (M13_)	Musculoskeletal	Cytokine/Interleukin	1.7476171009027797	6.63851948591804e-11	0.9999997976218884	0.9870485722267738	0.7630157774396975	0.0068886359723498	False	True	7	2	0	recovered known axis	4.999999797621888	2.0	0.9999997976218884	1.5	1.0	0.5	0.0	0.5	1.5	0.0
PSRC1	Coronary atherosclerosis	I9_CORATHER	IX Diseases of the circulatory system (I9_)	Cardiovascular	Immune-cell-enriched	0.8271831854130581	9.227066656692128e-23	0.9943703078212502				False	True	3	0	0	NOVEL colocalized	4.99437030782125	2.0	0.9943703078212502	1.0	0.0	0.5	0.0	0.5	0.0	0.0
PSRC1	Ischaemic heart disease, wide definition	I9_IHD	IX Diseases of the circulatory system (I9_)	Cardiovascular	Immune-cell-enriched	0.8555309876379927	2.3322609932015485e-19	0.9907696290401288				False	True	3	0	0	NOVEL colocalized	4.990769629040129	2.0	0.9907696290401288	1.0	0.0	0.5	0.0	0.5	0.0	0.0
PSRC1	Major coronary heart disease event	I9_CHD	IX Diseases of the circulatory system (I9_)	Cardiovascular	Immune-cell-enriched	0.8503219654685883	1.8926191055315358e-15	0.9881190066630412				False	True	3	0	0	NOVEL colocalized	4.988119006663041	2.0	0.9881190066630412	1.0	0.0	0.5	0.0	0.5	0.0	0.0
CTLA4	Seropositive rheumatoid arthritis, wide	RHEUMA_SEROPOS_WIDE	Rheuma endpoints	Musculoskeletal	Immune checkpoint	0.4492852686289045	1.321860768846024e-12	0.98693191683486				False	False	7	3	1	recovered known axis	4.98693191683486	2.0	0.98693191683486	1.5	1.5	0.5	0.0	0.0	1.5	0.0
FES	Hypertension	I9_HYPTENS	IX Diseases of the circulatory system (I9_)	Cardiovascular	Immune-cell-enriched	0.8468839990603911	1.3034218837950704e-28	0.9776632698994542				False	False	5	0	0	NOVEL colocalized	4.977663269899454	2.0	0.9776632698994542	1.5	0.0	0.5	0.0	0.0	0.0	0.0
FES	Hypertension, essential	I9_HYPTENSESS	IX Diseases of the circulatory system (I9_)	Cardiovascular	Immune-cell-enriched	0.8460046418287235	5.514320203989423e-26	0.977121698275244				False	False	5	0	0	NOVEL colocalized	4.977121698275244	2.0	0.977121698275244	1.5	0.0	0.5	0.0	0.0	0.0	0.0
IL2RA	Other otitis externa (chronic)	H8_EXT_OTH	VIII Diseases of the ear and mastoid process (H8_)	Other	Cytokine/Interleukin	2.703888841808721	0.0044236581866256	0.9899209788955968	0.9676049395113588	0.932573452713832	0.0251248232859562	False	False	4	3	1	NOVEL colocalized	4.960764666511016	0.4708436876154196	0.9899209788955968	1.5	1.5	0.5	0.0	0.0	0.0	0.0
IL2RA	Atopic dermatitis	L12_ATOPIC	XII Diseases of the skin and subcutaneous tissue (L12_)	Dermatological	Cytokine/Interleukin	1.5381212974779424	3.175434721606137e-07	0.1497511264570503	1.04219439806407	0.7166278047899968	0.0223617810601449	False	False	4	3	1	novel nomination	4.949390488608881	1.29963936215183	0.1497511264570503	1.5	1.5	0.5	0.0	0.0	0.0	0.0
SERPING1	Chronic lower respiratory diseases	J10_LOWCHRON	X Diseases of the respiratory system (J10_)	Respiratory	Complement/Coagulation	1.1303163382881682	3.4200512538509883e-06	0.8512999644460612	0.9394991419030402	4.6894044203327206e-11	0.9750718512634338	False	False	4	1	0	NOVEL colocalized	4.944493441533204	1.0931934770871432	0.8512999644460612	1.5	0.5	0.5	0.5	0.0	0.0	0.0
SERPING1	Asthma/COPD (KELA code 203)	J10_ASTHMACOPDKELA	X Diseases of the respiratory system (J10_)	Respiratory	Complement/Coagulation	1.1531287259911658	9.120254827559267e-06	0.9249494223319904	0.931288120051034	3.5699687650492246e-10	0.9760775208238516	False	False	4	1	0	NOVEL colocalized	4.932948027722081	1.007998605390091	0.9249494223319904	1.5	0.5	0.5	0.5	0.0	0.0	0.0
LTBR	Diseases of middle ear and mastoid	H8_MIDDLEMASTOID	VIII Diseases of the ear and mastoid process (H8_)	Other	Cytokine/Interleukin	1.2472441601615565	4.968379101378618e-08	0.9631361026539722	1.0433991339050577	0.8459542639966287	0.0211066808833115	False	False	4	1	0	NOVEL colocalized	4.923893157387926	1.4607570547339546	0.9631361026539722	1.5	0.5	0.5	0.0	0.0	0.0	0.0
ERBB2	Acute upper respiratory infections	J10_UPPERINFEC	X Diseases of the respiratory system (J10_)	Respiratory	Immune-cell-enriched	1.4922257750434484	0.0015978431253029	0.8543186866621272				False	False	5	3	1	NOVEL colocalized	4.913611858970619	0.559293172308492	0.8543186866621272	1.5	1.5	0.5	0.0	0.0	0.0	0.0
IL2RA	Nummular dermatitis	L12_DERM_NUMMULAR	XII Diseases of the skin and subcutaneous tissue (L12_)	Dermatological	Cytokine/Interleukin	2.372477056717302	0.0098875178250422	0.9963090165370628	1.0569260765904356	0.8720473905406048	0.0168055807962416	False	False	4	3	1	NOVEL colocalized	4.897291560648093	0.40098254411103057	0.9963090165370628	1.5	1.5	0.5	0.0	0.0	0.0	0.0
SLC12A2	Phlebitis and thrombophlebitis (not including DVT)	I9_PHLETHROM	IX Diseases of the circulatory system (I9_)	Cardiovascular	Immune-cell-enriched	0.5880874038461236	3.082051720907232e-05	0.9946154021900324				False	False	3	3	1	NOVEL colocalized	4.896847417694076	0.9022320155040431	0.9946154021900324	1.0	1.5	0.5	0.0	0.0	0.0	0.0
MAPT	Antihypertensive medication - note that there are other indications	RX_ANTIHYP	Drug purchase endpoints	Medication/Other	Immune-cell-enriched	1.875541368139716	1.05343160031864e-07	8.867036735711642e-07				False	False	4	3	1	novel nomination	4.895479618310209	1.3954787316065356	8.867036735711642e-07	1.5	1.5	0.5	0.0	0.0	0.0	0.0
ERBB3	Asthma/COPD (KELA code 203)	J10_ASTHMACOPDKELA	X Diseases of the respiratory system (J10_)	Respiratory	Immune-cell-enriched	0.7991801388050095	2.784633483174332e-05	0.9829873063621448	0.9320749359026166	0.4914723376270398	0.0040544814289146	False	False	7	2	0	NOVEL colocalized	4.894033698180837	0.9110463918186923	0.9829873063621448	1.5	1.0	0.5	0.0	0.0	0.0	0.0
ACE	Other heart diseases	FG_OTHHEART	Cardiometabolic endpoints	Cardiovascular	Immune-cell-enriched	1.5277569780940818	0.0088055190207203	0.981609066831604				False	False	6	3	1	NOVEL colocalized	4.892658074925593	0.4110490080939889	0.981609066831604	1.5	1.5	0.5	0.0	0.0	0.0	0.0
PPP3R1	Other disorders of veins	I9_VEINSOTH	IX Diseases of the circulatory system (I9_)	Cardiovascular	Immune-cell-enriched	1.346289355377687	6.407249370969635e-13	0.8819430967094922	1.2244843462264203	0.2177905406335534	0.0393882294193556	False	False	2	2	1	NOVEL colocalized	4.881943096709492	2.0	0.8819430967094922	0.5	1.0	0.5	0.0	0.0	0.0	0.0
CTLA4	Autoimmune diseases excluding thyroid diseases	AUTOIMMUNE_NONTHYROID	Diseases marked as autimmune origin	Haematological/Immune	Immune checkpoint	0.723406417853077	2.1987540916260595e-10	0.9466863340244458				False	False	7	3	1	recovered known axis	4.878251001896871	1.9315646678724252	0.9466863340244458	1.5	1.5	0.5	0.0	0.0	1.5	0.0
IL2RA	Crohn's disease of small intestine	CHRONSMALL	Gastrointestinal endpoints	Gastrointestinal	Cytokine/Interleukin	2.4456162411777207	0.0130302153620398	0.9952843637892802	1.1478434072064232	0.7059949425893817	0.0151561622939779	False	False	4	3	1	NOVEL colocalized	4.872294045040124	0.3770096812508436	0.9952843637892802	1.5	1.5	0.5	0.0	0.0	0.0	0.0
CTLA4	Thyrotoxicosis	THYROTOXICOSIS	Comorbidities of Gastrointestinal endpoints	Gastrointestinal	Immune checkpoint	0.3267149906984324	1.2878800500700383e-24	0.8707907213042794				False	False	7	3	1	recovered known axis	4.87079072130428	2.0	0.8707907213042794	1.5	1.5	0.5	0.0	0.0	1.5	0.0
MAPT	Benign neoplasm: Cerebral meninges	CD2_BENIGN_MENINGES_CEREBRAL	II Neoplasms from hospital discharges (CD2_)	Neoplasm	Immune-cell-enriched	8.122590227336294	0.0173917635682519	0.9928974422375076				False	False	4	3	1	NOVEL colocalized	4.844828717681399	0.3519312754438916	0.9928974422375076	1.5	1.5	0.5	0.0	0.0	0.0	0.0
CTLA4	Autoimmune hyperthyroidism	AUTOIMMUNE_HYPERTHYROIDISM	IV Endocrine, nutritional and metabolic diseases (E4_)	Metabolic/Endocrine	Immune checkpoint	0.1541189153607358	6.481862929835811e-15	0.8447370227532178				False	False	7	3	1	recovered known axis	4.844737022753218	2.0	0.8447370227532178	1.5	1.5	0.5	0.0	0.0	1.5	0.0
IL2RA	Lichen simplex chronicus and prurigo	L12_LICHSIMPANDPRURIGO	XII Diseases of the skin and subcutaneous tissue (L12_)	Dermatological	Cytokine/Interleukin	2.549030447118531	0.0182615298252859	0.9931535345325804	1.6133988217910036	0.2215651922006449	0.012695458709567	False	False	4	3	1	NOVEL colocalized	4.84084610314758	0.3476925686149994	0.9931535345325804	1.5	1.5	0.5	0.0	0.0	0.0	0.0
SLC12A2	Female genital prolapse	N14_FEMGENPROL	XIV Diseases of the genitourinary system (N14_)	Renal/Genitourinary	Immune-cell-enriched	1.504668142923306	5.1040810314263096e-05	0.9797555564824008				False	False	3	3	1	NOVEL colocalized	4.838172044373402	0.8584164878910011	0.9797555564824008	1.0	1.5	0.5	0.0	0.0	0.0	0.0
ACE	Pulmonary eosinophilia, not elsewhere classified	J10_PULMEOS	X Diseases of the respiratory system (J10_)	Respiratory	Immune-cell-enriched	0.0143344591817943	0.0179945789276512	0.987154142008244				False	False	6	3	1	NOVEL colocalized	4.836125804281001	0.3489716622727571	0.987154142008244	1.5	1.5	0.5	0.0	0.0	0.0	0.0
SPINK8	Antihypertensive medication - note that there are other indications	RX_ANTIHYP	Drug purchase endpoints	Medication/Other	Immune-cell-enriched	0.8356430080823094	8.8195259268524e-08	0.4212616093071835	0.7012387729701484	6.2634479824907885e-09	0.3687503984682878	True	False	3	1	0	novel nomination	4.832172561053731	1.4109109517465481	0.4212616093071835	1.0	0.5	0.5	1.0	0.0	0.0	0.0
ERBB2	Other acute lower respiratory infections	J10_LOWERINF	X Diseases of the respiratory system (J10_)	Respiratory	Immune-cell-enriched	1.939189897050313	0.0019440281041113	0.7862868259573139				False	False	5	3	1	novel nomination	4.828546318142531	0.5422594921852173	0.7862868259573139	1.5	1.5	0.5	0.0	0.0	0.0	0.0
MAPT	Benign neoplasm of meninges	CD2_BENIGN_MENINGES	II Neoplasms from hospital discharges (CD2_)	Neoplasm	Immune-cell-enriched	7.0252816649699845	0.0244158668773977	0.9900665460229976				False	False	4	3	1	NOVEL colocalized	4.812532116347408	0.32246557032441037	0.9900665460229976	1.5	1.5	0.5	0.0	0.0	0.0	0.0
SERPING1	Asthma-related pneumonia	ASTHMA_PNEUMONIA	Asthma and related endpoints	Respiratory	Complement/Coagulation	1.2325363387109471	0.0017595519745027	0.753053176020364	0.8922415013683903	1.2282012740172377e-08	0.9765550759129068	False	True	4	1	0	novel nomination	4.803972756067868	0.5509195800475034	0.753053176020364	1.5	0.5	0.5	0.5	0.5	0.0	0.0
MAPT	Fracture of forearm	ST19_FRACT_FOREA	XIX Injury, poisoning and certain other consequences of external causes (ST19_)	Other	Immune-cell-enriched	0.4758160178119393	0.0275930679824041	0.988185863404084				False	False	4	3	1	NOVEL colocalized	4.800025865216526	0.3118400018124419	0.988185863404084	1.5	1.5	0.5	0.0	0.0	0.0	0.0
IL2RA	Allergic contact dermatitis	L12_ALLERGICCONTACT	XII Diseases of the skin and subcutaneous tissue (L12_)	Dermatological	Cytokine/Interleukin	1.8205713723811063	0.0262555091695369	0.9799938325548864	1.055365437307049	0.8287217277843137	0.0127312601280098	False	False	4	3	1	NOVEL colocalized	4.796149743571112	0.3161559110162262	0.9799938325548864	1.5	1.5	0.5	0.0	0.0	0.0	0.0
CTLA4	Autoimmune diseases	AUTOIMMUNE	Diseases marked as autimmune origin	Haematological/Immune	Immune checkpoint	0.5806932265356484	7.684061631522056e-53	0.7896365716920718				False	False	7	3	1	recovered known axis	4.789636571692071	2.0	0.7896365716920718	1.5	1.5	0.5	0.0	0.0	1.5	0.0
IL2RA	Type1 diabetes, definitions combined, early onset	T1D_EARLY	Diabetes endpoints	Metabolic/Endocrine	Cytokine/Interleukin	0.3511525754611003	0.0140779167703543	0.9105780310189434	0.5223184043811796	0.0709464406397732	0.0228397338175071	False	False	4	3	1	NOVEL colocalized	4.780870352359956	0.37029232134101225	0.9105780310189434	1.5	1.5	0.5	0.0	0.0	0.0	0.0
CTLA4	Hypothyroidism, drug reimbursement	HYPOTHY_REIMB	IV Endocrine, nutritional and metabolic diseases (E4_)	Metabolic/Endocrine	Immune checkpoint	0.3051039019188268	6.497020208292519e-26	0.7806790217146382				False	False	7	3	1	recovered known axis	4.780679021714638	2.0	0.7806790217146382	1.5	1.5	0.5	0.0	0.0	1.5	0.0
ERBB3	Asthma (only as main-diagnosis) (more control exclusions)	J10_ASTHMA_MAIN_EXMORE	X Diseases of the respiratory system (J10_)	Respiratory	Immune-cell-enriched	0.8152215108843451	0.0076655723393712	0.8572940181389537	0.944791915791687	0.6224404215264117	0.0088861903965051	False	True	7	2	0	NOVEL colocalized	4.7803851008592275	0.42309108272027424	0.8572940181389537	1.5	1.0	0.5	0.0	0.5	0.0	0.0
LTBR	Eustachian salpingitis and obstruction	H8_EUSTSALP	VIII Diseases of the ear and mastoid process (H8_)	Other	Cytokine/Interleukin	1.525347637709198	0.0258866214219995	0.962809816906208	3.834490595079533	0.0399189880590884	0.0169745094441512	True	False	4	1	0	NOVEL protein-confirmed	4.780194742420083	0.31738492551387465	0.962809816906208	1.5	0.5	0.5	1.0	0.0	0.0	0.0
ERBB2	Inflammatory bowel disease, strict (require KELA)	K11_IBD_STRICT	XI Diseases of the digestive system (K11_)	Gastrointestinal	Immune-cell-enriched	0.3582990072910287	0.0043117249366509	0.8027906073690004				False	False	5	3	1	NOVEL colocalized	4.775860397856501	0.47306979048750064	0.8027906073690004	1.5	1.5	0.5	0.0	0.0	0.0	0.0
ACE	Atrial fibrillation and flutter	I9_AF	IX Diseases of the circulatory system (I9_)	Cardiovascular	Immune-cell-enriched	1.7242700415098282	0.0106466317640309	0.8780526437434321				False	False	6	3	1	NOVEL colocalized	4.772610197074154	0.3945575533307214	0.8780526437434321	1.5	1.5	0.5	0.0	0.0	0.0	0.0
SERPING1	Asthma, unspecified (mode)	ASTHMA_NAS	Asthma and related endpoints	Respiratory	Complement/Coagulation	1.201771118921316	5.912261439068712e-05	0.9234596673323284	0.9116294454000284	2.560464507084248e-09	0.9776543558268224	False	False	4	1	0	NOVEL colocalized	4.7691089412862855	0.8456492739539565	0.9234596673323284	1.5	0.5	0.5	0.5	0.0	0.0	0.0
ERBB2		EVER_SMOKER	Miscellaneous, not yet classified endpoints	Other	Immune-cell-enriched	1.5007429260030136	0.0042793070417173	0.7909695801715175				False	False	5	3	1	novel nomination	4.764694890496157	0.47372531032463927	0.7909695801715175	1.5	1.5	0.5	0.0	0.0	0.0	0.0
SWAP70	Rheumatoid arthritis	M13_RHEUMA	XIII Diseases of the musculoskeletal system and connective tissue (M13_)	Musculoskeletal	Immune-cell-enriched	0.8293131115972837	0.0329775060837499	0.9660752635970076	0.7938109118569303	1.0546873683736637e-05	0.9770865502082442	True	True	5	0	0	NOVEL protein-confirmed	4.762431701770838	0.29635643817383117	0.9660752635970076	1.5	0.0	0.5	1.0	0.5	0.0	0.0
PSRC1	Myocardial infarction, strict	I9_MI_STRICT	IX Diseases of the circulatory system (I9_)	Cardiovascular	Immune-cell-enriched	0.8424693750152538	1.7662745744246235e-09	0.9938724024011936				False	True	3	0	0	NOVEL colocalized	4.744460758941518	1.7505883565403242	0.9938724024011936	1.0	0.0	0.5	0.0	0.5	0.0	0.0
ACE	Alzheimer’s disease, wide definition	G6_AD_WIDE	VI Diseases of the nervous system (G6_)	Neurological/Psychiatric	Immune-cell-enriched	0.429980367299715	0.0477331505665214	0.9777564759228554				False	False	6	3	1	NOVEL colocalized	4.741992455848272	0.2642359799254165	0.9777564759228554	1.5	1.5	0.5	0.0	0.0	0.0	0.0
ERBB2	COPD/asthma/ILD related infections	PULM_INFECTIONS	Interstitial lung disease endpoints	Other	Immune-cell-enriched	1.3717184169759795	0.005588027644015	0.7844589075291412				False	False	5	3	1	novel nomination	4.735007198348033	0.45054829081889125	0.7844589075291412	1.5	1.5	0.5	0.0	0.0	0.0	0.0
SERPING1	Asthma-related infections	ASTHMA_INFECTIONS	Asthma and related endpoints	Respiratory	Complement/Coagulation	1.2001862305230826	2.704023620526193e-05	0.8190259411546589	0.9108544583140687	4.957556587470434e-10	0.9671681875028296	False	False	4	1	0	NOVEL colocalized	4.732623844956702	0.9135979038020434	0.8190259411546589	1.5	0.5	0.5	0.5	0.0	0.0	0.0
IL2RA	Prurigo nodularis	L12_PRURIGONOD	XII Diseases of the skin and subcutaneous tissue (L12_)	Dermatological	Cytokine/Interleukin	4.096357581424555	0.0446501036299299	0.9589376114016492	0.8591610946021304	0.817596820365043	0.0131083837377387	False	False	4	3	1	NOVEL colocalized	4.728973117162763	0.27003550576111385	0.9589376114016492	1.5	1.5	0.5	0.0	0.0	0.0	0.0
CD226	First line medication for Crohn's disease	RX_CROHN_1STLINE	Drug purchase endpoints	Medication/Other	CD/Leukocyte surface	0.9090529673430976	2.928043121846273e-07	0.9145220160210786				False	False	6	1	0	NOVEL colocalized	4.721206522346951	1.3066845063258723	0.9145220160210786	1.5	0.5	0.5	0.0	0.0	0.0	0.0
ERBB2	Reimbursement for rheumatic diseases	K11_REIMB_202	Gastrointestinal endpoints	Gastrointestinal	Immune-cell-enriched	0.5308922422486014	0.0055251490407263	0.7673967898135675				False	False	5	3	1	novel nomination	4.718927990294464	0.45153120048089646	0.7673967898135675	1.5	1.5	0.5	0.0	0.0	0.0	0.0
SWAP70	Autoimmune diseases	AUTOIMMUNE	Diseases marked as autimmune origin	Haematological/Immune	Immune-cell-enriched	0.909884824390126	0.0002956953514305	0.983516494737832	0.8891910402363745	2.1178794717968685e-08	0.991683469846638	True	False	5	0	0	NOVEL protein-confirmed	4.689347595313807	0.7058311005759746	0.983516494737832	1.5	0.0	0.5	1.0	0.0	0.0	0.0
LTBR	Acute appendicitis, with complications	APPENDACUT_COMPLIC	XI Diseases of the digestive system (K11_)	Gastrointestinal	Cytokine/Interleukin	0.6729664527059308	1.2258841846978812e-06	0.9859868619895306	0.705902362597166	0.3991931150186087	0.0194109658176062	False	False	4	1	0	NOVEL colocalized	4.668296973552154	1.1823101115626238	0.9859868619895306	1.5	0.5	0.5	0.0	0.0	0.0	0.0
FES	Cardiovascular diseases (excluding rheumatic etc)	FG_CVD	Cardiometabolic endpoints	Cardiovascular	Immune-cell-enriched	0.9062755457343252	4.892912436253924e-09	0.9964384392649548				False	False	5	0	0	NOVEL colocalized	4.658524950529154	1.6620865112641994	0.9964384392649548	1.5	0.0	0.5	0.0	0.0	0.0	0.0
ERBB2	Biological medication for rheuma	RX_RHEUMA_BIOLOGICAL	Drug purchase endpoints	Medication/Other	Immune-cell-enriched	0.3155749448615021	0.0365182592455497	0.8657929346824056				False	False	5	3	1	NOVEL colocalized	4.653290921206067	0.2874979865236614	0.8657929346824056	1.5	1.5	0.5	0.0	0.0	0.0	0.0
IL4R	Asthma (only as main-diagnosis) (more control exclusions)	J10_ASTHMA_MAIN_EXMORE	X Diseases of the respiratory system (J10_)	Respiratory	Cytokine/Interleukin	0.8213989285656738	1.7190535580498808e-06	1.8737520822763285e-13	0.7956434718548995	0.0009557076095032	0.0526095546250191	True	True	1	3	1	novel nomination	4.652942118484396	1.1529421184842088	1.8737520822763285e-13	0.0	1.5	0.5	1.0	0.5	0.0	0.0
ERBB2	Bronchitis	BRONCHITIS	Asthma and related endpoints	Respiratory	Immune-cell-enriched	1.431655840928499	0.0454180451615326	0.8505920327731245				False	False	5	3	1	NOVEL colocalized	4.619146345210426	0.2685543124373013	0.8505920327731245	1.5	1.5	0.5	0.0	0.0	0.0	0.0
CD226	Autoimmune diseases	AUTOIMMUNE	Diseases marked as autimmune origin	Haematological/Immune	CD/Leukocyte surface	0.9174767266778808	1.6144828772561188e-06	0.9600302310818216				False	False	6	1	0	NOVEL colocalized	4.618423542406926	1.1583933113251046	0.9600302310818216	1.5	0.5	0.5	0.0	0.0	0.0	0.0
CTLA4	Seropositive rheumatoid arthritis, strict definition	RHEUMA_SEROPOS_STRICT	Rheuma endpoints	Musculoskeletal	Immune checkpoint	0.3863049399446832	7.843582075917085e-09	0.9885375007470958				False	False	7	3	1	recovered known axis	4.609634611666315	1.621097110919219	0.9885375007470958	1.5	1.5	0.5	0.0	0.0	1.5	0.0
SPINK8	Hypertension	I9_HYPTENS	IX Diseases of the circulatory system (I9_)	Cardiovascular	Immune-cell-enriched	0.8476635987428299	1.39069754708218e-05	0.6198862408478872	0.8000022116548391	0.0005267321840882	0.0586481460957563	True	False	3	1	0	novel nomination	4.591239703119182	0.971353462271295	0.6198862408478872	1.0	0.5	0.5	1.0	0.0	0.0	0.0
CRIM1	Diseases of veins, lymphatic vessels and lymph nodes, not elsewhere classified	I9_DISVEINLYMPH	IX Diseases of the circulatory system (I9_)	Cardiovascular	Immune-cell-enriched	0.7797368781331545	2.2768791040641663e-06	0.951227271445819	0.98478472069639	0.8425117201603323	0.01632862622033	False	False	4	1	0	NOVEL colocalized	4.579759277165716	1.1285320057198975	0.951227271445819	1.5	0.5	0.5	0.0	0.0	0.0	0.0
ERBB2	Unspecified acute lower respiratory infection	J10_ACUTELOWERNAS	X Diseases of the respiratory system (J10_)	Respiratory	Immune-cell-enriched	3.1907098319964176	0.0328855739374036	0.7777729556205805				False	False	5	3	1	novel nomination	4.574371870458325	0.29659891483774453	0.7777729556205805	1.5	1.5	0.5	0.0	0.0	0.0	0.0
ERBB2	Allergic rhinitis	ALLERG_RHINITIS	Comorbidities of Asthma	Respiratory	Immune-cell-enriched	2.098020089186588	0.049868121960196	0.8067837711623069				False	False	5	3	1	NOVEL colocalized	4.5672191685741055	0.26043539741179844	0.8067837711623069	1.5	1.5	0.5	0.0	0.0	0.0	0.0
LTBR	Other diseases of upper respiratory tract	J10_UPPERDIS	X Diseases of the respiratory system (J10_)	Respiratory	Cytokine/Interleukin	1.1781066116388006	1.4901140094862034e-14	0.0659168678444039	0.9238157944553296	0.5307448448931413	0.0228304989485394	False	False	4	1	0	novel nomination	4.565916867844404	2.0	0.0659168678444039	1.5	0.5	0.5	0.0	0.0	0.0	0.0
ERBB2	HSIL lesion of the cervix uteri	N14_CERVICAL_HSIL	XIV Diseases of the genitourinary system (N14_)	Renal/Genitourinary	Immune-cell-enriched	0.3270082323506573	0.0206360832678877	0.6904813086069629				False	False	5	3	1	novel nomination	4.527555854284918	0.3370745456779549	0.6904813086069629	1.5	1.5	0.5	0.0	0.0	0.0	0.0
ANXA2	Hypertension	I9_HYPTENS	IX Diseases of the circulatory system (I9_)	Cardiovascular	Immune-cell-enriched	1.1095830136652372	0.0024185398060151	0.9966716957964176	1.1533147020572287	0.0031922589105399	0.8686227686377915	True	False	1	3	1	NOVEL protein-confirmed	4.519961047855456	0.5232893520590383	0.9966716957964176	0.0	1.5	0.5	1.0	0.0	0.0	0.0
IL18RAP	Asthma-related infections	ASTHMA_INFECTIONS	Asthma and related endpoints	Respiratory	Cytokine/Interleukin	0.9182838779506266	1.6769149927226195e-11	0.0066053558903391				False	False	5	1	0	novel nomination	4.506605355890339	2.0	0.0066053558903391	1.5	0.5	0.5	0.0	0.0	0.0	0.0
LTBR	Tonsillectomy and adenotomy	J10_TONSILLECTOMY	X Diseases of the respiratory system (J10_)	Respiratory	Cytokine/Interleukin	1.3795905713357932	1.5932781854128742e-20	0.0047163491428979	1.1208925772551042	0.599257941591004	0.0228319377387328	False	False	4	1	0	novel nomination	4.504716349142898	2.0	0.0047163491428979	1.5	0.5	0.5	0.0	0.0	0.0	0.0
LTBR	Chronic diseases of tonsils and adenoids	J10_CHRONTONSADEN	X Diseases of the respiratory system (J10_)	Respiratory	Cytokine/Interleukin	1.3732813115043367	9.514754080343593e-31	0.0006933426417171	1.0749926606040563	0.6806638910626999	0.0228321412573187	False	False	4	1	0	novel nomination	4.500693342641718	2.0	0.0006933426417171	1.5	0.5	0.5	0.0	0.0	0.0	0.0
PROCR	Venous thromboembolism	I9_VTE	IX Diseases of the circulatory system (I9_)	Cardiovascular	Immune-cell-enriched	0.5472792876050901	4.320293524658396e-17	5.481312039401948e-06				False	False	2	3	1	novel nomination	4.500005481312039	2.0	5.481312039401948e-06	0.5	1.5	0.5	0.0	0.0	0.0	0.0
IL18RAP	Nasal polyp	J10_NASALPOLYP	X Diseases of the respiratory system (J10_)	Respiratory	Cytokine/Interleukin	0.8532834658232816	1.910588434461542e-11	1.5025237099228722e-06				False	False	5	1	0	novel nomination	4.50000150252371	2.0	1.5025237099228722e-06	1.5	0.5	0.5	0.0	0.0	0.0	0.0
IL18RAP	Chronic lower respiratory diseases	J10_LOWCHRON	X Diseases of the respiratory system (J10_)	Respiratory	Cytokine/Interleukin	0.931506003201111	1.1246676613369168e-21	1.9210673063201645e-08				False	False	5	1	0	novel nomination	4.500000019210673	2.0	1.9210673063201645e-08	1.5	0.5	0.5	0.0	0.0	0.0	0.0
LPL	Statin medication	RX_STATIN	IX Diseases of the circulatory system (I9_)	Cardiovascular	Immune-cell-enriched	0.9069289722851678	2.6058224220612383e-14	3.734519433725044e-11				False	False	2	3	1	novel nomination	4.500000000037345	2.0	3.734519433725044e-11	0.5	1.5	0.5	0.0	0.0	0.0	0.0
IL18RAP	Asthma/COPD (KELA code 203)	J10_ASTHMACOPDKELA	X Diseases of the respiratory system (J10_)	Respiratory	Cytokine/Interleukin	0.918229969852738	8.105626593983813e-22	2.195977952212555e-13				False	False	5	1	0	novel nomination	4.500000000000219	2.0	2.195977952212555e-13	1.5	0.5	0.5	0.0	0.0	0.0	0.0
IL18RAP	Atopic dermatitis	L12_ATOPIC	XII Diseases of the skin and subcutaneous tissue (L12_)	Dermatological	Cytokine/Interleukin	0.9058218689444856	1.0359073239000691e-15	1.9654962545542963e-15				False	False	5	1	0	novel nomination	4.500000000000002	2.0	1.9654962545542963e-15	1.5	0.5	0.5	0.0	0.0	0.0	0.0
LYPD3	Alzheimer disease	G6_ALZHEIMER	VI Diseases of the nervous system (G6_)	Neurological/Psychiatric	Immune-cell-enriched	0.2672857214201962	5.3528120527438346e-17	3.594195746846754e-27	0.8086818109841152	0.1114853356660301	0.0521164036963537	False	False	4	1	0	novel nomination	4.5	2.0	3.594195746846754e-27	1.5	0.5	0.5	0.0	0.0	0.0	0.0
LYPD3	Unspecific neurodegenerative disorder	G6_NEURODEGENERATIVE	VI Diseases of the nervous system (G6_)	Neurological/Psychiatric	Immune-cell-enriched	0.2916212646899868	4.082415104625051e-21	3.621716141117652e-27	0.8510412876106495	0.1540233901146033	0.0522836653425174	False	False	4	1	0	novel nomination	4.5	2.0	3.621716141117652e-27	1.5	0.5	0.5	0.0	0.0	0.0	0.0
LYPD3	Alzheimer’s disease, wide definition	G6_AD_WIDE	VI Diseases of the nervous system (G6_)	Neurological/Psychiatric	Immune-cell-enriched	0.2404317489141367	1.1699904381375497e-15	3.598003960133139e-27	0.8591426657114167	0.3106376294730304	0.0523066138880332	False	False	4	1	0	novel nomination	4.5	2.0	3.598003960133139e-27	1.5	0.5	0.5	0.0	0.0	0.0	0.0
LYPD3	Any dementia (more control exclusions)	KRA_PSY_DEMENTIA_EXMORE	Psychiatric endpoints from Katri Räikkönen	Other	Immune-cell-enriched	0.359974780567646	6.668692637923025e-14	3.612141138011433e-27	0.8974034148980836	0.3409698149040638	0.053359872937014	False	False	4	1	0	novel nomination	4.5	2.0	3.612141138011433e-27	1.5	0.5	0.5	0.0	0.0	0.0	0.0
LYPD3	Dementia, including avohilmo	F5_DEMENTIA_INCLAVO	V Mental and behavioural disorders (F5_)	Neurological/Psychiatric	Immune-cell-enriched	0.3654497962993618	2.6888373383302958e-17	3.6194673570844236e-27	0.8263309709785795	0.0602558704068099	0.0535334998806575	False	False	4	1	0	novel nomination	4.5	2.0	3.6194673570844236e-27	1.5	0.5	0.5	0.0	0.0	0.0	0.0
PROCR	Hallux valgus (acquired)	M13_HALLUXVALGUS	XIII Diseases of the musculoskeletal system and connective tissue (M13_)	Musculoskeletal	Immune-cell-enriched	2.130975826547976	1.807894968158246e-17	5.047016060622449e-33				False	False	2	3	1	novel nomination	4.5	2.0	5.047016060622449e-33	0.5	1.5	0.5	0.0	0.0	0.0	0.0
LYPD3	Dementia	F5_DEMENTIA	V Mental and behavioural disorders (F5_)	Neurological/Psychiatric	Immune-cell-enriched	0.3549918138470115	3.7028946476012187e-17	3.630477406140191e-27	0.8513399903911912	0.1244991679446405	0.0535177609737854	False	False	4	1	0	novel nomination	4.5	2.0	3.630477406140191e-27	1.5	0.5	0.5	0.0	0.0	0.0	0.0
LYPD3	Alzheimer’s disease (Late onset) (more control exclusions)	AD_LO_EXMORE	Neurological endpoints	Neurological/Psychiatric	Immune-cell-enriched	0.2220481897595964	1.246482403823942e-12	3.576605845652743e-27	0.92257254184867	0.6411229104647223	0.0520467429713193	False	False	4	1	0	novel nomination	4.5	2.0	3.576605845652743e-27	1.5	0.5	0.5	0.0	0.0	0.0	0.0
IL6ST	Reimbursement for rheumatic diseases	K11_REIMB_202	Gastrointestinal endpoints	Gastrointestinal	Cytokine/Interleukin	2.1417411596783653	8.118805700375316e-16	0.9999999999910472	0.9988661598298276	0.9818079975975336	0.0075949603326901	False	False	7	2	0	recovered known axis	4.499999999991047	2.0	0.9999999999910472	1.5	1.0	0.5	0.0	0.0	1.5	0.0
IL6ST	Second line medication for Crohn's disease	RX_CROHN_2NDLINE	Drug purchase endpoints	Medication/Other	Cytokine/Interleukin	2.1327585187681546	2.911717640291693e-15	0.9999999996689724	0.913127542369042	0.0709676318416809	0.0348665969751444	False	False	7	2	0	recovered known axis	4.499999999668972	2.0	0.9999999996689724	1.5	1.0	0.5	0.0	0.0	1.5	0.0
PSRC1	Statin medication	RX_STATIN	IX Diseases of the circulatory system (I9_)	Cardiovascular	Immune-cell-enriched	0.7039508313011591	7.010880726430742e-169	0.9973050678362076				False	False	3	0	0	NOVEL colocalized	4.497305067836208	2.0	0.9973050678362076	1.0	0.0	0.5	0.0	0.0	0.0	0.0
PSRC1	Hyperlipidaemia, other/unspecified	E4_HYPERLIPNAS	IV Endocrine, nutritional and metabolic diseases (E4_)	Metabolic/Endocrine	Immune-cell-enriched	0.7420390881468859	4.8653364785697575e-21	0.9964009330269596				False	False	3	0	0	NOVEL colocalized	4.49640093302696	2.0	0.9964009330269596	1.0	0.0	0.5	0.0	0.0	0.0	0.0
PSRC1	Metabolic disorders	E4_METABOLIA	IV Endocrine, nutritional and metabolic diseases (E4_)	Metabolic/Endocrine	Immune-cell-enriched	0.8349096506159874	5.140656967694854e-31	0.995386424829336				False	False	3	0	0	NOVEL colocalized	4.495386424829336	2.0	0.995386424829336	1.0	0.0	0.5	0.0	0.0	0.0	0.0
PSRC1	Coronary angioplasty	I9_ANGIO	IX Diseases of the circulatory system (I9_)	Cardiovascular	Immune-cell-enriched	0.7920523353452155	8.679991926240882e-11	0.995277244700832				False	False	3	0	0	NOVEL colocalized	4.495277244700832	2.0	0.995277244700832	1.0	0.0	0.5	0.0	0.0	0.0	0.0
ERBB3	Asthma (more control exclusions)	J10_ASTHMA_EXMORE	X Diseases of the respiratory system (J10_)	Respiratory	Immune-cell-enriched	0.8380254737275218	0.0199035687474798	0.6544092807740554	0.8914158201764374	0.2792510929842828	0.0086031332738799	False	True	7	2	0	novel nomination	4.494623090131505	0.3402138093574495	0.6544092807740554	1.5	1.0	0.5	0.0	0.5	0.0	0.0
CD226	Asthma (more control exclusions)	J10_ASTHMA_EXMORE	X Diseases of the respiratory system (J10_)	Respiratory	CD/Leukocyte surface	0.9096152327132644	0.0019115467002553	0.9506153855284464				False	True	6	1	0	NOVEL colocalized	4.49433840301554	0.5437230174870935	0.9506153855284464	1.5	0.5	0.5	0.0	0.5	0.0	0.0
PSRC1	Disorders of lipoprotein metabolism and other lipidaemias	E4_LIPOPROT	IV Endocrine, nutritional and metabolic diseases (E4_)	Metabolic/Endocrine	Immune-cell-enriched	0.7679385773321057	1.5945185199259564e-51	0.993015625749103				False	False	3	0	0	NOVEL colocalized	4.493015625749103	2.0	0.993015625749103	1.0	0.0	0.5	0.0	0.0	0.0	0.0
PSRC1	Coronary revascularization (ANGIO or CABG)	I9_REVASC	IX Diseases of the circulatory system (I9_)	Cardiovascular	Immune-cell-enriched	0.764284417615305	9.71091607922972e-23	0.992658291673204				False	False	3	0	0	NOVEL colocalized	4.492658291673203	2.0	0.992658291673204	1.0	0.0	0.5	0.0	0.0	0.0	0.0
PSRC1	Pure hypercholesterolaemia	E4_HYPERCHOL	IV Endocrine, nutritional and metabolic diseases (E4_)	Metabolic/Endocrine	Immune-cell-enriched	0.7763434702622626	1.5289524208226586e-35	0.9919000488218944				False	False	3	0	0	NOVEL colocalized	4.491900048821894	2.0	0.9919000488218944	1.0	0.0	0.5	0.0	0.0	0.0	0.0
PSRC1	Angina pectoris	I9_ANGINA	IX Diseases of the circulatory system (I9_)	Cardiovascular	Immune-cell-enriched	0.8345392103219034	3.571957931353529e-15	0.9908840344689392				False	False	3	0	0	NOVEL colocalized	4.490884034468939	2.0	0.9908840344689392	1.0	0.0	0.5	0.0	0.0	0.0	0.0
PSRC1	Coronary artery bypass grafting	I9_CABG	IX Diseases of the circulatory system (I9_)	Cardiovascular	Immune-cell-enriched	0.7160821872163824	1.3669485404645376e-17	0.9885630379614776				False	False	3	0	0	NOVEL colocalized	4.488563037961478	2.0	0.9885630379614776	1.0	0.0	0.5	0.0	0.0	0.0	0.0
PSRC1	Hard cardiovascular diseases	I9_CVD_HARD	Cardiometabolic endpoints	Cardiovascular	Immune-cell-enriched	0.8831715687216627	2.0159692622221078e-11	0.9853911631000072				False	False	3	0	0	NOVEL colocalized	4.485391163100007	2.0	0.9853911631000072	1.0	0.0	0.5	0.0	0.0	0.0	0.0
SWAP70	Autoimmune diseases excluding thyroid diseases	AUTOIMMUNE_NONTHYROID	Diseases marked as autimmune origin	Haematological/Immune	Immune-cell-enriched	0.8999551918425424	0.0043711449134845	0.9800908823186388	0.8749787464552317	3.46683912244572e-07	0.9932936764226964	True	False	5	0	0	NOVEL protein-confirmed	4.451971841401242	0.4718809590826031	0.9800908823186388	1.5	0.0	0.5	1.0	0.0	0.0	0.0
PLAUR	Major coronary heart disease event	I9_CHD	IX Diseases of the circulatory system (I9_)	Cardiovascular	Immune-cell-enriched	1.5867849949293351	6.299007229359608e-06	0.8990723791980968	1.0297237664480383	0.5772435028390417	0.0031423609959316	False	True	1	3	1	NOVEL colocalized	4.4392179578402615	1.0401455786421645	0.8990723791980968	0.0	1.5	0.5	0.0	0.5	0.0	0.0
PROCR	DVT of lower extremities	I9_PHLETHROMBDVTLOW	IX Diseases of the circulatory system (I9_)	Cardiovascular	Immune-cell-enriched	0.427921069673142	2.246765926050059e-10	1.8806427084670112e-05				False	False	2	3	1	novel nomination	4.429707240658887	1.9296884342318024	1.8806427084670112e-05	0.5	1.5	0.5	0.0	0.0	0.0	0.0
CD226	Hypothyroidism, strict autoimmune	E4_HYTHY_AI_STRICT	IV Endocrine, nutritional and metabolic diseases (E4_)	Metabolic/Endocrine	CD/Leukocyte surface	0.8872922660121374	7.328457522857267e-06	0.9005306736801945				False	False	6	1	0	NOVEL colocalized	4.427528158692078	1.0269974850118835	0.9005306736801945	1.5	0.5	0.5	0.0	0.0	0.0	0.0
IL4	Asthma (only as main-diagnosis) (more control exclusions)	J10_ASTHMA_MAIN_EXMORE	X Diseases of the respiratory system (J10_)	Respiratory	Cytokine/Interleukin	0.6605963380916651	2.3171730726078692e-10	1.5172122994625424e-20	0.9703198744401048	0.7184258567835435	0.0283041048153297	False	True	5	3	1	recovered known axis	4.427008305398118	1.9270083053981177	1.5172122994625424e-20	1.5	1.5	0.5	0.0	0.5	1.5	0.0
ERBB2	Asthma and allergy	ASTHMA_ALLERG	Asthma and related endpoints	Respiratory	Immune-cell-enriched	3.504182925606982	0.0073056611961685	0.498135843649775				False	False	5	3	1	novel nomination	4.425403938107618	0.42726809445784203	0.498135843649775	1.5	1.5	0.5	0.0	0.0	0.0	0.0
LYPD3	Dementia in Alzheimer disease	F5_ALZHDEMENT	V Mental and behavioural disorders (F5_)	Neurological/Psychiatric	Immune-cell-enriched	0.2507230559973487	3.6761344296511975e-10	5.779704830934317e-26	0.9421743496585134	0.7334134210469072	0.0532876254224503	False	False	4	1	0	novel nomination	4.386921723124854	1.8869217231248545	5.779704830934317e-26	1.5	0.5	0.5	0.0	0.0	0.0	0.0
IL1RL1	Lichen ruber planus, wide definition including periferal and oral lichen planus	K11_LICHEN_PLANUS_WIDE	XI Diseases of the digestive system (K11_)	Gastrointestinal	Cytokine/Interleukin	0.6458682842402356	2.0612234928923647e-05	0.943884244453802	1.1034316111942606	2.149403412543549e-05	0.0038549089037205	False	False	3	2	0	NOVEL colocalized	4.381059227711969	0.9371749832581664	0.943884244453802	1.0	1.0	0.5	0.0	0.0	0.0	0.0
IFNGR2	Psoriasis	L12_PSORIASIS	XII Diseases of the skin and subcutaneous tissue (L12_)	Dermatological	Interferon axis	0.8757486654865103	0.0096148211343015	0.9737888978727246	1.2744800664128164	0.09482726858387	0.019616270274652	False	True	2	3	1	NOVEL colocalized	4.377200655989513	0.40341175811678837	0.9737888978727246	0.5	1.5	0.5	0.0	0.5	0.0	0.0
IFNGR2	Hypertension	I9_HYPTENS	IX Diseases of the circulatory system (I9_)	Cardiovascular	Interferon axis	1.0664311640761612	3.5370441860658856e-05	0.9849415186142572				False	False	2	3	1	NOVEL colocalized	4.375213421571028	0.8902719029567712	0.9849415186142572	0.5	1.5	0.5	0.0	0.0	0.0	0.0
PLAUR	Myocardial infarction, strict	I9_MI_STRICT	IX Diseases of the circulatory system (I9_)	Cardiovascular	Immune-cell-enriched	1.7668849711313046	3.649107166599149e-05	0.9865431971898232	1.022447490652771	0.7457713358742573	0.0073259635564994	False	True	1	3	1	NOVEL colocalized	4.374105873616415	0.8875626764265918	0.9865431971898232	0.0	1.5	0.5	0.0	0.5	0.0	0.0
SERPING1	Obesity related asthma	ASTHMA_OBESITY	Comorbidities of Asthma	Respiratory	Complement/Coagulation	1.2351136994376235	0.004446278631832	0.9007555286976664	0.8975269377405117	3.071635488183233e-07	0.9733916704708796	False	False	4	1	0	NOVEL colocalized	4.3711561937288295	0.4704006650311632	0.9007555286976664	1.5	0.5	0.5	0.5	0.0	0.0	0.0
CD70	Asthma (more control exclusions)	J10_ASTHMA_EXMORE	X Diseases of the respiratory system (J10_)	Respiratory	CD/Leukocyte surface	0.7319151091360453	0.0122279010131482	0.9797692376841342	0.8875725615133755	0.0077350349659233	0.0253802342318047	True	True	2	1	0	NOVEL protein-confirmed	4.362298854807402	0.3825296171232676	0.9797692376841342	0.5	0.5	0.5	1.0	0.5	0.0	0.0
CD79B	Dorsopathies	M13_DORSOPATHY	XIII Diseases of the musculoskeletal system and connective tissue (M13_)	Musculoskeletal	Ig/B-cell/Fc	0.8218779206368751	0.0102981875582491	0.9602476898641152				False	False	3	3	1	NOVEL colocalized	4.357695530412661	0.3974478405485455	0.9602476898641152	1.0	1.5	0.5	0.0	0.0	0.0	0.0
ERBB3	Basal cell carcinoma, including avohilmo, excluding all cancers (controls excluding all cancers)	C3_BASAL_CELL_CARCINOMA_INCLAVO_EXALLC	II Neoplasms, from cancer register (ICD-O-3)	Neoplasm	Immune-cell-enriched	1.3026605135796472	0.0139404951412584	0.9818024708584376	1.090962461360886	0.5677392650553799	0.0457415710913294	False	False	7	2	0	NOVEL colocalized	4.352946830979822	0.37114436012138413	0.9818024708584376	1.5	1.0	0.5	0.0	0.0	0.0	0.0
PILRA	Unspecific neurodegenerative disorder	G6_NEURODEGENERATIVE	VI Diseases of the nervous system (G6_)	Neurological/Psychiatric	Immune-cell-enriched	1.848433269672016	0.0024630743373743	0.8193358921388614	0.6143811524960451	6.774919946517244e-05	0.1151583050035596	False	False	4	2	0	NOVEL colocalized	4.341040388266837	0.5217044961279755	0.8193358921388614	1.5	1.0	0.5	0.0	0.0	0.0	0.0
CFH	Macular pucker	MACULAR_PUCKER	VII Diseases of the eye and adnexa (H7_)	Ophthalmological	Complement/Coagulation	0.4068208859519042	0.0102635618717422	0.9408016499641874	0.7812342655103941	7.545466738090312e-06	0.8736889471848477	True	False	3	1	0	NOVEL protein-confirmed	4.338542029021637	0.39774037905745	0.9408016499641874	1.0	0.5	0.5	1.0	0.0	0.0	0.0
SPINK8	Hypertension, essential	I9_HYPTENSESS	IX Diseases of the circulatory system (I9_)	Cardiovascular	Immune-cell-enriched	0.8656166385989327	0.0023586484191504	0.8087340426247617	0.8055593271502021	0.0013934172011857	0.1017851121121294	True	False	3	1	0	NOVEL protein-confirmed	4.3342014006962515	0.5254673580714896	0.8087340426247617	1.0	0.5	0.5	1.0	0.0	0.0	0.0
IL18RAP	Allergic conjunctivitis	H7_ALLERGICCONJUNCTIVITIS	VII Diseases of the eye and adnexa (H7_)	Ophthalmological	Cytokine/Interleukin	0.9214473477487674	7.188500270792501e-10	1.3753434144919722e-05				False	False	5	1	0	novel nomination	4.328686094747192	1.828672341313047	1.3753434144919722e-05	1.5	0.5	0.5	0.0	0.0	0.0	0.0
LYPD3	Statin medication	RX_STATIN	IX Diseases of the circulatory system (I9_)	Cardiovascular	Immune-cell-enriched	0.6763403767421493	8.122922630374902e-10	7.968096622050221e-19	1.0717707907133287	0.1693180556416158	0.0225315713286256	False	False	4	1	0	novel nomination	4.318057536667209	1.8180575366672087	7.968096622050221e-19	1.5	0.5	0.5	0.0	0.0	0.0	0.0
TLR1	Pollen allergy	POLLENALLERG	Comorbidities of Asthma	Respiratory	Immune-cell-enriched	1.4150999899927164	8.258180245807404e-10	0.0013854954259547	1.8089955614867657	0.0611151424825173	0.0480973513224119	False	False	4	1	0	novel nomination	4.31800862388617	1.8166231284602155	0.0013854954259547	1.5	0.5	0.5	0.0	0.0	0.0	0.0
IL4	Asthma (more control exclusions)	J10_ASTHMA_EXMORE	X Diseases of the respiratory system (J10_)	Respiratory	Cytokine/Interleukin	0.6903683447516952	8.82763849781826e-10	2.739093659938029e-24	0.887681455084781	0.11925416972029	0.0561135712386538	False	True	5	3	1	recovered known axis	4.310831092003239	1.810831092003239	2.739093659938029e-24	1.5	1.5	0.5	0.0	0.5	1.5	0.0
ERBB3	Malignant neoplasm of skin, excluding all cancers (controls excluding all cancers)	C3_SKIN_EXALLC	II Neoplasms, from cancer register (ICD-O-3)	Neoplasm	Immune-cell-enriched	1.266867662017993	0.0149089128329313	0.940390144953676	1.0933278823019192	0.5146759450723093	0.0271396937350556	False	False	7	2	0	NOVEL colocalized	4.305700949836158	0.365310804882482	0.940390144953676	1.5	1.0	0.5	0.0	0.0	0.0	0.0
IL2RB	Nasal polyp	J10_NASALPOLYP	X Diseases of the respiratory system (J10_)	Respiratory	Cytokine/Interleukin	3.8881288627756594	2.646177505431324e-05	0.8884358577684518	0.4462310856496804	2.9897155862101954e-09	0.8987405874336811	False	False	1	3	1	NOVEL colocalized	4.303912063113069	0.9154762053446174	0.8884358577684518	0.0	1.5	0.5	0.5	0.0	0.0	0.0
PILRA	Antihypertensive medication - note that there are other indications	RX_ANTIHYP	Drug purchase endpoints	Medication/Other	Immune-cell-enriched	0.7588658183926558	0.0007978956406375	0.6661086934302277	1.3047216493513265	4.237092365855233e-07	0.1592176550156681	False	False	4	2	0	novel nomination	4.285719474974391	0.6196107815441626	0.6661086934302277	1.5	1.0	0.5	0.0	0.0	0.0	0.0
CRIM1	Other disorders of veins	I9_VEINSOTH	IX Diseases of the circulatory system (I9_)	Cardiovascular	Immune-cell-enriched	0.6634596126608905	3.813264716534677e-05	0.8849813248964952	1.1281801264614228	0.3848755173321505	0.0160508349538854	False	False	4	1	0	NOVEL colocalized	4.26872193389475	0.8837406089982552	0.8849813248964952	1.5	0.5	0.5	0.0	0.0	0.0	0.0
AXL	Suggestive for eosinophilic asthma	ASTHMA_EOSINOPHIL_SUGG	Comorbidities of Asthma	Respiratory	Immune-cell-enriched	2.75506319869451	8.271350789348621e-05	0.9516430439451556				False	True	1	3	1	NOVEL colocalized	4.268127756001858	0.816484712056703	0.9516430439451556	0.0	1.5	0.5	0.0	0.5	0.0	0.0
CD226	Asthma (only as main-diagnosis) (more control exclusions)	J10_ASTHMA_MAIN_EXMORE	X Diseases of the respiratory system (J10_)	Respiratory	CD/Leukocyte surface	0.9111426564564064	0.0153765478468439	0.9016530586309154				False	True	6	1	0	NOVEL colocalized	4.2642812898388796	0.3626282312079641	0.9016530586309154	1.5	0.5	0.5	0.0	0.5	0.0	0.0
SERPING1	Asthma-related acute respiratory infections	ASTHMA_ACUTE_RESPIRATORY_INFECTIONS	Asthma and related endpoints	Respiratory	Complement/Coagulation	1.1749261491340337	0.0173451755011438	0.9112424580074324	0.9240092208540396	5.459992797884894e-06	0.9464777498483876	False	False	4	1	0	NOVEL colocalized	4.263406718315746	0.3521642603083137	0.9112424580074324	1.5	0.5	0.5	0.5	0.0	0.0	0.0
ERBB3	Basal cell carcinoma, excluding all cancers (controls excluding all cancers)	C3_BASAL_CELL_CARCINOMA_EXALLC	II Neoplasms, from cancer register (ICD-O-3)	Neoplasm	Immune-cell-enriched	1.290715117958978	0.0302193921123628	0.9572307294221828	1.0373937383762974	0.8124154186397952	0.054125640738525	False	False	7	2	0	NOVEL colocalized	4.261173584641315	0.3039428552191323	0.9572307294221828	1.5	1.0	0.5	0.0	0.0	0.0	0.0
IL6ST	Polymyalgia rheumatica	M13_POLYMYALGIA	XIII Diseases of the musculoskeletal system and connective tissue (M13_)	Musculoskeletal	Cytokine/Interleukin	4.343211528931164	1.698134244738161e-09	0.9999999406559414	0.912619222959024	0.4418595481658631	0.0220435443534612	False	False	7	2	0	recovered known axis	4.254005536637553	1.7540055959816114	0.9999999406559414	1.5	1.0	0.5	0.0	0.0	1.5	0.0
SERPING1	Thyrotoxicosis	THYROTOXICOSIS	Comorbidities of Gastrointestinal endpoints	Gastrointestinal	Complement/Coagulation	0.7995108636360342	0.0321682922665358	0.949460302359127	1.098109207989682	0.000183103737263	0.9126970039326632	False	False	4	1	0	NOVEL colocalized	4.247974701175973	0.2985143988168465	0.949460302359127	1.5	0.5	0.5	0.5	0.0	0.0	0.0
CTLA4	Graves disease, strict definition	E4_GRAVES_STRICT	IV Endocrine, nutritional and metabolic diseases (E4_)	Metabolic/Endocrine	Immune checkpoint	0.1728478091201062	8.105626593983813e-22	0.2449387871512529				False	False	7	3	1	recovered known axis	4.244938787151253	2.0	0.2449387871512529	1.5	1.5	0.5	0.0	0.0	1.5	0.0
PLAUR	Ischaemic heart disease, wide definition	I9_IHD	IX Diseases of the circulatory system (I9_)	Cardiovascular	Immune-cell-enriched	1.4345602822531534	0.0002043323938804	0.9986740919675596	1.0120479314492483	0.7936794078208596	0.0043829485643118	False	True	1	3	1	NOVEL colocalized	4.2366066473554405	0.7379325553878804	0.9986740919675596	0.0	1.5	0.5	0.0	0.5	0.0	0.0
ERBB3	Other malignant neoplasms of skin (=non-melanoma skin cancer), excluding all cancers (controls excluding all cancers)	C3_OTHER_SKIN_EXALLC	II Neoplasms, from cancer register (ICD-O-3)	Neoplasm	Immune-cell-enriched	1.279900024632605	0.0295394224240604	0.9186410687244144	1.1643855125917029	0.3066193691016143	0.0384692632501047	False	False	7	2	0	NOVEL colocalized	4.224560668839964	0.3059196001155499	0.9186410687244144	1.5	1.0	0.5	0.0	0.0	0.0	0.0
ANXA2	Hypertension, essential	I9_HYPTENSESS	IX Diseases of the circulatory system (I9_)	Cardiovascular	Immune-cell-enriched	1.0978341129917932	0.0402294092663976	0.9419999415632092	1.109563883834267	0.0336962358927543	0.3715874924289408	True	False	1	3	1	NOVEL protein-confirmed	4.221091210486329	0.27909126892311986	0.9419999415632092	0.0	1.5	0.5	1.0	0.0	0.0	0.0
JMJD1C	Cholelithiasis	K11_CHOLELITH	XI Diseases of the digestive system (K11_)	Gastrointestinal	Immune-cell-enriched	0.4136720482492275	3.070203492457861e-07	0.9139672657941612				False	False	4	0	0	NOVEL colocalized	4.21653383351809	1.3025665677239286	0.9139672657941612	1.5	0.0	0.5	0.0	0.0	0.0	0.0
SERPING1	Nontoxic goitre/thyroid nodule	E4_NONTOXIC_THYROID	IV Endocrine, nutritional and metabolic diseases (E4_)	Metabolic/Endocrine	Complement/Coagulation	0.8112875629220346	0.0321682922665358	0.9166693160859556	1.101405737224461	3.681251518283801e-05	0.9174395592170052	False	False	4	1	0	NOVEL colocalized	4.2151837149028015	0.2985143988168465	0.9166693160859556	1.5	0.5	0.5	0.5	0.0	0.0	0.0
IL18RAP	Asthma, unspecified (mode)	ASTHMA_NAS	Asthma and related endpoints	Respiratory	Cytokine/Interleukin	0.9273617727379032	7.178214295225364e-08	0.2798218926165866				False	False	5	1	0	novel nomination	4.208618608731474	1.4287967161148867	0.2798218926165866	1.5	0.5	0.5	0.0	0.0	0.0	0.0
IL18RAP	Asthma-related acute respiratory infections	ASTHMA_ACUTE_RESPIRATORY_INFECTIONS	Asthma and related endpoints	Respiratory	Cytokine/Interleukin	0.9140093925398086	3.270198563036861e-09	0.0007861064872286				False	False	5	1	0	novel nomination	4.197871281813696	1.6970851753264675	0.0007861064872286	1.5	0.5	0.5	0.0	0.0	0.0	0.0
PILRA	COPD	J10_COPD	X Diseases of the respiratory system (J10_)	Respiratory	Immune-cell-enriched	0.631038659194568	0.0375920686777888	0.9087005098901296	1.4202289462725293	0.0010558224118151	0.1397592742738391	False	False	4	2	0	NOVEL colocalized	4.19368126480255	0.2849807549124207	0.9087005098901296	1.5	1.0	0.5	0.0	0.0	0.0	0.0
ERBB2	Nasal polyp	J10_NASALPOLYP	X Diseases of the respiratory system (J10_)	Respiratory	Immune-cell-enriched	2.785416980958387	0.0313171586645669	0.3893253872272448				False	False	5	3	1	novel nomination	4.190168916705083	0.30084352947783854	0.3893253872272448	1.5	1.5	0.5	0.0	0.0	0.0	0.0
CTLA4	Polyarthropathies	M13_POLYARTHROPATHIES	XIII Diseases of the musculoskeletal system and connective tissue (M13_)	Musculoskeletal	Immune checkpoint	0.7096317913191091	9.86341842894295e-07	0.9839113690106692				False	False	7	3	1	recovered known axis	4.18510587755321	1.2011945085425404	0.9839113690106692	1.5	1.5	0.5	0.0	0.0	1.5	0.0
PILRA	Statin medication	RX_STATIN	IX Diseases of the circulatory system (I9_)	Cardiovascular	Immune-cell-enriched	0.7853774559813638	0.0195064333599407	0.8378751608014253	1.3129512846269635	4.3961213957999234e-07	0.4478704317887248	False	False	4	2	0	NOVEL colocalized	4.179839587124453	0.3419644263230278	0.8378751608014253	1.5	1.0	0.5	0.0	0.0	0.0	0.0
TLR1	Allergic conjunctivitis	H7_ALLERGICCONJUNCTIVITIS	VII Diseases of the eye and adnexa (H7_)	Ophthalmological	Immune-cell-enriched	1.1998533860846146	4.039308959221556e-09	0.0001307707777815	1.1609748327010028	0.3938383051390035	0.0779124518967438	False	False	4	1	0	novel nomination	4.1788693562144275	1.6787385854366454	0.0001307707777815	1.5	0.5	0.5	0.0	0.0	0.0	0.0
CFH	Gonarthrosis, primary, with knee surgery	M13_ARTHROSIS_KNEE_PRIM_KNEESURG	XIII Diseases of the musculoskeletal system and connective tissue (M13_)	Musculoskeletal	Complement/Coagulation	1.484719509601317	0.0328855739374036	0.8809887715409989	1.1146160090244928	2.6551894042992075e-05	0.844057074350366	True	False	3	1	0	NOVEL protein-confirmed	4.177587686378743	0.29659891483774453	0.8809887715409989	1.0	0.5	0.5	1.0	0.0	0.0	0.0
PLAUR	Coronary revascularization (ANGIO or CABG)	I9_REVASC	IX Diseases of the circulatory system (I9_)	Cardiovascular	Immune-cell-enriched	1.9389793861465616	1.5327412255168014e-06	0.999134144329099	1.1169092791798798	0.1292135508982441	0.0095922528131442	False	False	1	3	1	NOVEL colocalized	4.162040376608918	1.1629062322798185	0.999134144329099	0.0	1.5	0.5	0.0	0.0	0.0	0.0
CFH	Degenerative macular diseases	MACULA_NAS	VII Diseases of the eye and adnexa (H7_)	Ophthalmological	Complement/Coagulation	0.3938497403580439	0.0161022431573264	0.8033665517371646	0.79390927730537	8.340809467788368e-05	0.2729044171298745	True	False	3	1	0	NOVEL protein-confirmed	4.161989275624088	0.3586227238869235	0.8033665517371646	1.0	0.5	0.5	1.0	0.0	0.0	0.0
PLAU	Atherosclerosis, excluding cerebral and coronary sclerosis	I9_ATHSCLE	IX Diseases of the circulatory system (I9_)	Cardiovascular	Immune-cell-enriched	1.298315235786828	0.0004827150293181	0.976071876616578				False	False	4	1	0	NOVEL colocalized	4.13933371246158	0.6632618358450019	0.976071876616578	1.5	0.5	0.5	0.0	0.0	0.0	0.0
LTBR	Nonsuppurative otitis media	H8_NONSUPPNAS	VIII Diseases of the ear and mastoid process (H8_)	Other	Cytokine/Interleukin	1.3743248156218175	1.007476029223445e-05	0.6358740048337876	0.9009572433801708	0.7717623823844768	0.0227286165659351	False	False	4	1	0	novel nomination	4.135227060471621	0.9993530556378332	0.6358740048337876	1.5	0.5	0.5	0.0	0.0	0.0	0.0
PILRA	COPD-related respiratory insufficiency	COPD_INSUFFICIENCY	Comorbidities of COPD	Respiratory	Immune-cell-enriched	0.3653704785786366	0.0318181308003704	0.8309762170868804	1.9993398691216908	0.0029058870829072	0.1320035382768232	False	False	4	2	0	NOVEL colocalized	4.130441284519607	0.2994650674327265	0.8309762170868804	1.5	1.0	0.5	0.0	0.0	0.0	0.0
NOMO1	Antihypertensive medication - note that there are other indications	RX_ANTIHYP	Drug purchase endpoints	Medication/Other	Immune-cell-enriched	1.08379260589781	0.0005077469822649	0.9696300727195556				False	False	4	1	0	NOVEL colocalized	4.128500602538395	0.6588705298188395	0.9696300727195556	1.5	0.5	0.5	0.0	0.0	0.0	0.0
SPINK8	Type 2 diabetes, wide definition	T2D_WIDE	Diabetes endpoints	Metabolic/Endocrine	Immune-cell-enriched	0.8381734257606208	0.0103403455498788	0.7313416656626579	0.7089392024562533	0.0001171254366496	0.2417982740510506	True	False	3	1	0	novel nomination	4.128434655243799	0.39709298958114136	0.7313416656626579	1.0	0.5	0.5	1.0	0.0	0.0	0.0
FES	Antihypertensive medication - note that there are other indications	RX_ANTIHYP	Drug purchase endpoints	Medication/Other	Immune-cell-enriched	0.8712101831551692	3.995364216796389e-21	0.1281867001315928				False	False	5	0	0	novel nomination	4.128186700131593	2.0	0.1281867001315928	1.5	0.0	0.5	0.0	0.0	0.0	0.0
IL1RL1	Papulosquamous disorders	L12_PAPULOSQUAMOUS	XII Diseases of the skin and subcutaneous tissue (L12_)	Dermatological	Cytokine/Interleukin	0.8042110564124111	0.0412838203119931	0.8313376460942116	1.0745618097764094	6.964575433698883e-06	0.95114292581593	False	False	3	2	0	NOVEL colocalized	4.108181670271307	0.27684402417709525	0.8313376460942116	1.0	1.0	0.5	0.5	0.0	0.0	0.0
IFNGR2	Hypertension, essential	I9_HYPTENSESS	IX Diseases of the circulatory system (I9_)	Cardiovascular	Interferon axis	1.061807825812449	0.0010213912168369	0.9841950273400216				False	False	2	3	1	NOVEL colocalized	4.082356603551267	0.5981615762112453	0.9841950273400216	0.5	1.5	0.5	0.0	0.0	0.0	0.0
ERBB3	Diabetic retinopathy (more control exclusions)	DM_RETINOPATHY_EXMORE	Diabetes endpoints	Metabolic/Endocrine	Immune-cell-enriched	0.6592464374118955	0.0018401325935167	0.5272977035598763	1.0906799080373166	0.7083478963687795	0.0158580608607971	False	False	7	2	0	novel nomination	4.074327879984283	0.5470301764244063	0.5272977035598763	1.5	1.0	0.5	0.0	0.0	0.0	0.0
ERBB3	Diabetic retinopathy	DM_RETINOPATHY	Diabetes endpoints	Metabolic/Endocrine	Immune-cell-enriched	0.6891777126453406	0.0083575550281403	0.6529909363409462	1.079486067709737	0.7343673400394841	0.0764702177086144	False	False	7	2	0	novel nomination	4.068575087386403	0.4155841510454573	0.6529909363409462	1.5	1.0	0.5	0.0	0.0	0.0	0.0
IL4	Asthma-related infections	ASTHMA_INFECTIONS	Asthma and related endpoints	Respiratory	Cytokine/Interleukin	0.6790238112338166	5.39690253317374e-06	3.3242034239575007e-10	0.8231267083141213	0.0452729886361611	0.0508245629557889	True	False	5	3	1	recovered known axis	4.05357108535703	1.0535710850246092	3.3242034239575007e-10	1.5	1.5	0.5	1.0	0.0	1.5	0.0
IL6ST	Seropositive rheumatoid arthritis, wide	RHEUMA_SEROPOS_WIDE	Rheuma endpoints	Musculoskeletal	Cytokine/Interleukin	2.4747027200201286	1.7424984278806368e-08	0.9999987426232142	0.9295181727924844	0.3402258109243676	0.0165790888519568	False	False	7	2	0	recovered known axis	4.051764263635125	1.5517655210119101	0.9999987426232142	1.5	1.0	0.5	0.0	0.0	1.5	0.0
CFH	Senile cataract	H7_CATARACTSENILE	VII Diseases of the eye and adnexa (H7_)	Ophthalmological	Complement/Coagulation	0.7445674197652733	0.0139819546782926	0.6682518144099197	0.9107309353163556	3.513856015047168e-07	0.9726348974262398	True	False	3	1	0	novel nomination	4.039138236399016	0.3708864219890969	0.6682518144099197	1.0	0.5	0.5	1.0	0.0	0.0	0.0
IL6ST	Autoimmune diseases excluding thyroid diseases	AUTOIMMUNE_NONTHYROID	Diseases marked as autimmune origin	Haematological/Immune	Cytokine/Interleukin	1.4867575948115328	2.0400496451893957e-08	0.9999999910428414	0.9186679821243916	0.0132335225770583	0.0927427725855777	False	False	7	2	0	recovered known axis	4.038071843795949	1.538071852753108	0.9999999910428414	1.5	1.0	0.5	0.0	0.0	1.5	0.0
ERBB2	Asthma-related pneumonia	ASTHMA_PNEUMONIA	Asthma and related endpoints	Respiratory	Immune-cell-enriched	2.0803278341155	0.0319839945600214	0.2298978725350019				False	False	5	3	1	novel nomination	4.028911331953536	0.2990134594185339	0.2298978725350019	1.5	1.5	0.5	0.0	0.0	0.0	0.0
CTLA4	Hypothyroidism, strict autoimmune	E4_HYTHY_AI_STRICT	IV Endocrine, nutritional and metabolic diseases (E4_)	Metabolic/Endocrine	Immune checkpoint	0.4446890590311169	8.384806917898769e-56	0.0161307925194769				False	False	7	3	1	recovered known axis	4.016130792519476	2.0	0.0161307925194769	1.5	1.5	0.5	0.0	0.0	1.5	0.0
LTBR	Appendectomy	K11_APPENDECTOMY	XI Diseases of the digestive system (K11_)	Gastrointestinal	Cytokine/Interleukin	0.8532664578940616	0.0018208181285909	0.964852835905283	1.1991629684056753	0.3945345715511266	0.0216279362997748	False	False	4	1	0	NOVEL colocalized	4.012799522165737	0.5479466862604537	0.964852835905283	1.5	0.5	0.5	0.0	0.0	0.0	0.0
CTLA4	Thyrotoxicosis with diffuse goitre	E4_THYTOXGOITDIF	IV Endocrine, nutritional and metabolic diseases (E4_)	Metabolic/Endocrine	Immune checkpoint	0.1687465016329769	1.1016412342524342e-34	0.0074075985237386				False	False	7	3	1	recovered known axis	4.007407598523739	2.0	0.0074075985237386	1.5	1.5	0.5	0.0	0.0	1.5	0.0
SWAP70	Pregnancy hypertension	O15_HYPTENSPREG	XV Pregnancy, childbirth and the puerperium (O15_)	Other	Immune-cell-enriched	0.8437048594809663	0.0238837310447375	0.6828702645175038	0.8290000299497344	5.6889901616896665e-05	0.4154508127605907	True	False	5	0	0	novel nomination	4.007249830130143	0.3243795656126392	0.6828702645175038	1.5	0.0	0.5	1.0	0.0	0.0	0.0
CD79B	Pain (limb, back, neck, head abdominally)	PAIN	Miscellaneous, not yet classified endpoints	Other	Ig/B-cell/Fc	0.8470336267404905	0.0345711304303431	0.7135653552153639				False	False	3	3	1	novel nomination	4.005822639089159	0.29225728387379485	0.7135653552153639	1.0	1.5	0.5	0.0	0.0	0.0	0.0
CTLA4	Disorders of the thyroid gland	E4_THYROID	IV Endocrine, nutritional and metabolic diseases (E4_)	Metabolic/Endocrine	Immune checkpoint	0.5223166684381559	4.861574527160659e-49	0.0052602599123279				False	False	7	3	1	recovered known axis	4.005260259912328	2.0	0.0052602599123279	1.5	1.5	0.5	0.0	0.0	1.5	0.0
CTLA4	Reimbursement for rheumatic diseases	K11_REIMB_202	Gastrointestinal endpoints	Gastrointestinal	Immune checkpoint	0.6865828963760886	7.839002160454969e-06	0.9837652974816572				False	False	7	3	1	recovered known axis	4.004913140653656	1.0211478431719994	0.9837652974816572	1.5	1.5	0.5	0.0	0.0	1.5	0.0
IL4	Dermatitis and eczema	L12_DERMATITISECZEMA	XII Diseases of the skin and subcutaneous tissue (L12_)	Dermatological	Cytokine/Interleukin	0.6866259184804042	5.950215667937207e-13	3.3250171334041886e-05	1.4636571518919754	2.604890125823545e-08	0.0264230673388136	False	False	5	3	1	recovered known axis	4.0000332501713345	2.0	3.3250171334041886e-05	1.5	1.5	0.5	0.0	0.0	1.5	0.0
HAVCR1	Statin medication	RX_STATIN	IX Diseases of the circulatory system (I9_)	Cardiovascular	Immune-cell-enriched	1.6159969446910032	2.932390102019197e-16	1.3034013227997198e-05	0.9903667605262916	0.4618463536289448	2.589809256539266e-14	False	False	3	1	0	novel nomination	4.000013034013228	2.0	1.3034013227997198e-05	1.0	0.5	0.5	0.0	0.0	0.0	0.0
IL4	Atopic dermatitis	L12_ATOPIC	XII Diseases of the skin and subcutaneous tissue (L12_)	Dermatological	Cytokine/Interleukin	0.5021572325351056	9.278594591257508e-23	2.6980018452264558e-11	1.600449687099873	1.510767908552424e-06	0.0212561491035522	False	False	5	3	1	recovered known axis	4.00000000002698	2.0	2.6980018452264558e-11	1.5	1.5	0.5	0.0	0.0	1.5	0.0
IL4	Chronic lower respiratory diseases	J10_LOWCHRON	X Diseases of the respiratory system (J10_)	Respiratory	Cytokine/Interleukin	0.7148939487002955	4.954981179989843e-13	1.3673031992599795e-24	0.9507318514966032	0.4098546038859161	0.0508702521792711	False	False	5	3	1	recovered known axis	4.0	2.0	1.3673031992599795e-24	1.5	1.5	0.5	0.0	0.0	1.5	0.0
PLAU	Inflammatory bowel disease, strict (require KELA)	K11_IBD_STRICT	XI Diseases of the digestive system (K11_)	Gastrointestinal	Immune-cell-enriched	0.726282709866953	0.0018641651183972	0.9407249600753104				False	False	4	1	0	NOVEL colocalized	3.986628084605536	0.5459031245302257	0.9407249600753104	1.5	0.5	0.5	0.0	0.0	0.0	0.0
ERBB3	Chronic lower respiratory diseases	J10_LOWCHRON	X Diseases of the respiratory system (J10_)	Respiratory	Immune-cell-enriched	0.849675825607448	0.001274149453244	0.4049128329005768	0.8929800499940908	0.1808251908279496	0.0048319345443075	False	False	7	2	0	novel nomination	3.9838687584604657	0.5789559255598891	0.4049128329005768	1.5	1.0	0.5	0.0	0.0	0.0	0.0
CTLA4	Type 1 diabetes, definitions combined	T1D	Diabetes endpoints	Metabolic/Endocrine	Immune checkpoint	0.3894445301487476	8.478440694095237e-06	0.961018876302924				False	False	7	3	1	recovered known axis	3.9753556789699633	1.0143368026670392	0.961018876302924	1.5	1.5	0.5	0.0	0.0	1.5	0.0
SWAP70	Antihypertensive medication - note that there are other indications	RX_ANTIHYP	Drug purchase endpoints	Medication/Other	Immune-cell-enriched	0.8993240923003974	1.4235378410697203e-05	2.938781301886307e-05	0.8941298470693703	1.3762508332959558e-07	0.0001971403933219	True	False	5	0	0	novel nomination	3.9693555845667454	0.9693261967537266	2.938781301886307e-05	1.5	0.0	0.5	1.0	0.0	0.0	0.0
PLAUR	Coronary atherosclerosis	I9_CORATHER	IX Diseases of the circulatory system (I9_)	Cardiovascular	Immune-cell-enriched	1.4336001789743753	0.0039758870475332	0.98671845140571	0.9829761884623572	0.7396302860527735	0.0050655929134038	False	True	1	3	1	NOVEL colocalized	3.966831643832579	0.4801131924268688	0.98671845140571	0.0	1.5	0.5	0.0	0.5	0.0	0.0
CD70	Asthma-related infections	ASTHMA_INFECTIONS	Asthma and related endpoints	Respiratory	CD/Leukocyte surface	0.6579073471367384	0.0044938221938613	0.9954788671142	0.846860229535815	0.0036357889924323	0.0222391817200291	True	False	2	1	0	NOVEL protein-confirmed	3.9649556901576823	0.4694768230434823	0.9954788671142	0.5	0.5	0.5	1.0	0.0	0.0	0.0
ERBB3	Other retinal disorders	H7_RETINALDISOTH	VII Diseases of the eye and adnexa (H7_)	Ophthalmological	Immune-cell-enriched	0.8088099781633672	0.0495763497723922	0.7030840875225929	1.001414095190629	0.991697673788894	0.385634561402384	False	False	7	2	0	novel nomination	3.964029178082892	0.2609450905602991	0.7030840875225929	1.5	1.0	0.5	0.0	0.0	0.0	0.0
CD70	Asthma-related acute respiratory infections	ASTHMA_ACUTE_RESPIRATORY_INFECTIONS	Asthma and related endpoints	Respiratory	CD/Leukocyte surface	0.6166188530908371	0.0046799480768887	0.9959634049764038	0.8683771534003517	0.0304536870735461	0.0209444648474508	True	False	2	1	0	NOVEL protein-confirmed	3.9619151980387506	0.46595179306234674	0.9959634049764038	0.5	0.5	0.5	1.0	0.0	0.0	0.0
AXL	Nasal polyp	J10_NASALPOLYP	X Diseases of the respiratory system (J10_)	Respiratory	Immune-cell-enriched	2.480352211243761	1.5902582172831922e-10	2.7671321389229493e-05				False	False	1	3	1	novel nomination	3.959734141647713	1.9597064703263243	2.7671321389229493e-05	0.0	1.5	0.5	0.0	0.0	0.0	0.0
PROCR	Other joint disorders	M13_OTHERJOINT	XIII Diseases of the musculoskeletal system and connective tissue (M13_)	Musculoskeletal	Immune-cell-enriched	1.2799007313087072	5.242016705306767e-08	3.392171743228441e-27				False	False	2	3	1	novel nomination	3.9561003198747176	1.4561003198747176	3.392171743228441e-27	0.5	1.5	0.5	0.0	0.0	0.0	0.0
IL6ST	First line medication for Crohn's disease	RX_CROHN_1STLINE	Drug purchase endpoints	Medication/Other	Cytokine/Interleukin	1.3900946456440866	5.4677933958130666e-08	0.9999999487966148	0.9506821118434926	0.0807848861324858	0.0178756473883953	False	False	7	2	0	recovered known axis	3.9524375295762546	1.4524375807796397	0.9999999487966148	1.5	1.0	0.5	0.0	0.0	1.5	0.0
PROCR	Other embolism and thrombosis	I9_THROMBOTH	IX Diseases of the circulatory system (I9_)	Cardiovascular	Immune-cell-enriched	0.3937646161545983	6.661147354823532e-08	0.0003272820810947				False	False	2	3	1	novel nomination	3.9356174738761034	1.4352901917950087	0.0003272820810947	0.5	1.5	0.5	0.0	0.0	0.0	0.0
PSRC1	Familial hypercholesterolemia	E4_FH	IV Endocrine, nutritional and metabolic diseases (E4_)	Metabolic/Endocrine	Immune-cell-enriched	0.7308590916553926	6.531540954213314e-08	0.9946029841439676				False	False	3	0	0	NOVEL colocalized	3.9315998532806318	1.4369968691366641	0.9946029841439676	1.0	0.0	0.5	0.0	0.0	0.0	0.0
EFNA1	Benign neoplasm: Stomach	CD2_BENIGN_STOMACH	II Neoplasms from hospital discharges (CD2_)	Neoplasm	Immune-cell-enriched	6.810801486365353	0.0060907459328521	0.9874967427353242				False	False	4	1	0	NOVEL colocalized	3.930562645959705	0.4430659032243808	0.9874967427353242	1.5	0.5	0.5	0.0	0.0	0.0	0.0
TLR1	Acute tubulo-interstitial nephritis	N14_PYELONEPHR	XIV Diseases of the genitourinary system (N14_)	Renal/Genitourinary	Immune-cell-enriched	1.1168393477287857	0.0067137921202107	0.9955172173340948	0.900998712638284	0.5320627113748981	0.0526368651826789	False	False	4	1	0	NOVEL colocalized	3.9301236393303993	0.4346064219963045	0.9955172173340948	1.5	0.5	0.5	0.0	0.0	0.0	0.0
IL18R1	Atopic dermatitis	L12_ATOPIC	XII Diseases of the skin and subcutaneous tissue (L12_)	Dermatological	Cytokine/Interleukin	0.8278844957418398	7.178214295225364e-08	1.7567050507735792e-23	1.2182111900093993	0.0	0.9639692078062448	False	False	3	1	0	novel nomination	3.9287967161148867	1.4287967161148867	1.7567050507735792e-23	1.0	0.5	0.5	0.5	0.0	0.0	0.0
LTBR	Suppurative and unspecified otitis media	H8_MED_SUPP	VIII Diseases of the ear and mastoid process (H8_)	Other	Cytokine/Interleukin	1.2162213757151203	0.0062528402987507	0.9814883138446568	0.7613679870784208	0.3398423433458508	0.0168408232630231	False	False	4	1	0	NOVEL colocalized	3.9222728465079166	0.44078453266325957	0.9814883138446568	1.5	0.5	0.5	0.0	0.0	0.0	0.0
FCRL3	Thyrotoxicosis	THYROTOXICOSIS	Comorbidities of Gastrointestinal endpoints	Gastrointestinal	Ig/B-cell/Fc	1.0978075120216448	0.0032310733432275	0.9236607990771846	1.1377529338446442	1.009737748969286e-06	0.9546994119591308	True	False	2	1	0	NOVEL protein-confirmed	3.9217914358117882	0.4981306367346037	0.9236607990771846	0.5	0.5	0.5	1.0	0.0	0.0	0.0
MAPT	Hypertension	I9_HYPTENS	IX Diseases of the circulatory system (I9_)	Cardiovascular	Immune-cell-enriched	1.5741270163303778	0.0084364124951316	1.0335211152450364e-06				False	False	4	3	1	novel nomination	3.914769472271594	0.414768438750479	1.0335211152450364e-06	1.5	1.5	0.5	0.0	0.0	0.0	0.0
FES	Diseases of arteries, arterioles and capillaries (FINNGEN)	FG_DOAAC	IX Diseases of the circulatory system (I9_)	Cardiovascular	Immune-cell-enriched	0.8319717857224632	4.617893576200078e-06	0.8465706788489799				False	False	5	0	0	NOVEL colocalized	3.913681894856509	1.067111216007529	0.8465706788489799	1.5	0.0	0.5	0.0	0.0	0.0	0.0
CTLA4	Other/unspecified rheumatoid arthritis	RHEUMA_NOS	Rheuma endpoints	Musculoskeletal	Immune checkpoint	0.5064176969838864	0.00757910926467	0.9781739434314816				False	True	7	3	1	recovered known axis	3.902250309802948	0.42407636637146656	0.9781739434314816	1.5	1.5	0.5	0.0	0.5	1.5	0.0
PSRC1	Mixed hyperlipidaemia	E4_HYPERLIPMIX	IV Endocrine, nutritional and metabolic diseases (E4_)	Metabolic/Endocrine	Immune-cell-enriched	0.5194002194566116	9.566484879189157e-08	0.9966556613608				False	False	3	0	0	NOVEL colocalized	3.900505183481595	1.4038495221207954	0.9966556613608	1.0	0.0	0.5	0.0	0.0	0.0	0.0
IL6ST	Other systemic involvement of connective tissue (FG)	OTHER_SYSTCON_FG	Rheuma endpoints	Musculoskeletal	Cytokine/Interleukin	2.392354646015669	9.942784732180593e-08	0.9999999590084494	0.929603505139944	0.3448087980058798	0.0173971458382357	False	False	7	2	0	recovered known axis	3.9004983516572986	1.4004983926488492	0.9999999590084494	1.5	1.0	0.5	0.0	0.0	1.5	0.0
PLAUR	Angina pectoris	I9_ANGINA	IX Diseases of the circulatory system (I9_)	Cardiovascular	Immune-cell-enriched	1.6343151706301058	3.5370441860658856e-05	0.9940065044922056	1.0997891395920556	0.1078084469945044	0.0022072902411653	False	False	1	3	1	NOVEL colocalized	3.884278407448977	0.8902719029567712	0.9940065044922056	0.0	1.5	0.5	0.0	0.0	0.0	0.0
IFNGR2	Cardiovascular diseases (excluding rheumatic etc)	FG_CVD	Cardiometabolic endpoints	Cardiovascular	Interferon axis	1.0514795038664553	0.0097793766362862	0.9736162515866412				False	False	2	3	1	NOVEL colocalized	3.875554017071846	0.40193776548520477	0.9736162515866412	0.5	1.5	0.5	0.0	0.0	0.0	0.0
PIK3IP1	Bipolar affective disorders	F5_BIPO	V Mental and behavioural disorders (F5_)	Neurological/Psychiatric	Immune-cell-enriched	0.8498137278472349	0.0063521984852009	0.9358911215672854				False	False	4	1	0	NOVEL colocalized	3.8753063095877365	0.4394151880204512	0.9358911215672854	1.5	0.5	0.5	0.0	0.0	0.0	0.0
NOMO1	Diabetes, insulin treatment (Kela reimbursement) (more control exclusions)	KELA_DIAB_INSUL_EXMORE	Diabetes endpoints	Metabolic/Endocrine	Immune-cell-enriched	1.095578850252084	0.0044236581866256	0.9023614896383316				False	False	4	1	0	NOVEL colocalized	3.8732051772537512	0.4708436876154196	0.9023614896383316	1.5	0.5	0.5	0.0	0.0	0.0	0.0
LTBP3	Fracture of forearm	ST19_FRACT_FOREA	XIX Injury, poisoning and certain other consequences of external causes (ST19_)	Other	Cytokine/Interleukin	0.879246709275613	0.0111256002791811	0.9787764638151512				False	False	6	1	0	NOVEL colocalized	3.8695117733065283	0.3907353094913769	0.9787764638151512	1.5	0.5	0.5	0.0	0.0	0.0	0.0
PVR	Statin medication	RX_STATIN	IX Diseases of the circulatory system (I9_)	Cardiovascular	Immune-cell-enriched	0.7586012227110126	1.452988202011192e-07	4.29117357870438e-45	1.7456758900214877	0.0	0.0260881779451	False	False	3	2	0	novel nomination	3.867547582415308	1.3675475824153083	4.29117357870438e-45	1.0	1.0	0.5	0.0	0.0	0.0	0.0
LTBP3	Pterygium	H7_PTERYGIUM	VII Diseases of the eye and adnexa (H7_)	Ophthalmological	Cytokine/Interleukin	0.5009076953845237	0.0133068103978503	0.990483858484987				False	False	6	1	0	NOVEL colocalized	3.865669064709618	0.37518520622463114	0.990483858484987	1.5	0.5	0.5	0.0	0.0	0.0	0.0
SWAP70	Hypertension	I9_HYPTENS	IX Diseases of the circulatory system (I9_)	Cardiovascular	Immune-cell-enriched	0.8981950163318115	4.819561437260463e-05	3.926138941246438e-06	0.8844916714470081	4.089945782048687e-08	2.341706973301736e-05	True	False	5	0	0	novel nomination	3.8634024219784457	0.8633984958395047	3.926138941246438e-06	1.5	0.0	0.5	1.0	0.0	0.0	0.0
LTBP3	Obesity	E4_OBESITY	IV Endocrine, nutritional and metabolic diseases (E4_)	Metabolic/Endocrine	Cytokine/Interleukin	1.127322097167107	0.0084364124951316	0.9473317069552676				False	False	6	1	0	NOVEL colocalized	3.8621001457057464	0.414768438750479	0.9473317069552676	1.5	0.5	0.5	0.0	0.0	0.0	0.0
IL18RAP	First line medication for Crohn's disease	RX_CROHN_1STLINE	Drug purchase endpoints	Medication/Other	Cytokine/Interleukin	0.970559975217674	0.007514515224145	0.9368259729083356				False	False	5	1	0	NOVEL colocalized	3.8616457791777665	0.42481980626943094	0.9368259729083356	1.5	0.5	0.5	0.0	0.0	0.0	0.0
PLAU	Abdominal aortic aneurysm (AAA)	I9_ABAORTANEUR	IX Diseases of the circulatory system (I9_)	Cardiovascular	Immune-cell-enriched	1.5702305386975732	0.0154242546048993	0.983393067926804				False	False	4	1	0	NOVEL colocalized	3.8457522308418395	0.36235916291503545	0.983393067926804	1.5	0.5	0.5	0.0	0.0	0.0	0.0
CTLA4	Vitamin B12 deficiency anaemia	D3_ANAEMIA_B12_DEF	III Diseases of the blood and blood-forming organs and certain disorders involving the immune mechanism (D3_)	Haematological/Immune	Immune checkpoint	0.4104026732241877	4.89046770571368e-05	0.979820667072274				False	False	7	3	1	recovered known axis	3.8419505879961235	0.862129920923849	0.979820667072274	1.5	1.5	0.5	0.0	0.0	1.5	0.0
NOMO1	Nerve, nerve root and plexus disorders	G6_NERPLEX	VI Diseases of the nervous system (G6_)	Neurological/Psychiatric	Immune-cell-enriched	1.0909655980828072	0.0130302153620398	0.964696343321392				False	False	4	1	0	NOVEL colocalized	3.8417060245722356	0.3770096812508436	0.964696343321392	1.5	0.5	0.5	0.0	0.0	0.0	0.0
EFNA1	Antihypertensive medication - note that there are other indications	RX_ANTIHYP	Drug purchase endpoints	Medication/Other	Immune-cell-enriched	0.7053858024869655	0.0165302949931263	0.977516789702318				False	False	4	1	0	NOVEL colocalized	3.8338606689245824	0.3563438792222645	0.977516789702318	1.5	0.5	0.5	0.0	0.0	0.0	0.0
IL1RL1	Dermatitis	L12_DERMATITISNAS	XII Diseases of the skin and subcutaneous tissue (L12_)	Dermatological	Cytokine/Interleukin	0.8300164774581708	0.0095238096754087	0.929522086161772	1.0442761768573423	0.000488542490427	0.1295121561198218	False	False	3	2	0	NOVEL colocalized	3.8337599445931474	0.4042378584313752	0.929522086161772	1.0	1.0	0.5	0.0	0.0	0.0	0.0
CD2	Type 1 diabetes, definitions combined	T1D	Diabetes endpoints	Metabolic/Endocrine	CD/Leukocyte surface	4.075781345026908	0.0177711341126225	0.9789146353913296	1.2084424019158149	0.815518392368495	0.004683641900087	False	False	2	3	1	NOVEL colocalized	3.8289716065197785	0.35005697112844864	0.9789146353913296	0.5	1.5	0.5	0.0	0.0	0.0	0.0
TLR1	Childhood allergy (age < 16)	CHILDHOOD_ALLERGY	Asthma and related endpoints	Respiratory	Immune-cell-enriched	1.317649152495698	0.0002627727828627	0.6119378230573141	1.614420454151182	0.1835444139670246	0.0555359473767746	False	False	4	1	0	novel nomination	3.8280217469716016	0.7160839239142877	0.6119378230573141	1.5	0.5	0.5	0.0	0.0	0.0	0.0
PLAU	Sicca syndrome [Sjögren]	M13_SJOGREN	XIII Diseases of the musculoskeletal system and connective tissue (M13_)	Musculoskeletal	Immune-cell-enriched	1.6562031611902714	0.017699550855895	0.9772632816690164				False	False	4	1	0	NOVEL colocalized	3.8276708325015285	0.35040755083251207	0.9772632816690164	1.5	0.5	0.5	0.0	0.0	0.0	0.0
PIK3IP1	Hernia	K11_HERNIA	XI Diseases of the digestive system (K11_)	Gastrointestinal	Immune-cell-enriched	0.943590860429632	0.0128267242976087	0.9471160221052392				False	False	4	1	0	NOVEL colocalized	3.825492870114937	0.3783768480096982	0.9471160221052392	1.5	0.5	0.5	0.0	0.0	0.0	0.0
PROCR	Pulmonary embolism	I9_PULMEMB	IX Diseases of the circulatory system (I9_)	Cardiovascular	Immune-cell-enriched	0.5524636896992488	2.545587160825277e-07	0.0061873137574639				False	False	2	3	1	novel nomination	3.825029719385963	1.318842405628499	0.0061873137574639	0.5	1.5	0.5	0.0	0.0	0.0	0.0
CD70	Non-Hodgkin lymphoma, all, excluding all cancers (controls excluding all cancers)	C3_NONHODGKIN_EXALLC	II Neoplasms, from cancer register (ICD-O-3)	Neoplasm	CD/Leukocyte surface	0.2526736729568182	2.478260170624991e-07	0.9988598124387638	0.867013368257443	0.2861842968946837	0.0302563860464714	False	False	2	1	0	NOVEL colocalized	3.8200304330044728	1.321170620565709	0.9988598124387638	0.5	0.5	0.5	0.0	0.0	0.0	0.0
FES	Atrial fibrillation and flutter with reimbursement	I9_AF_REIMB	IX Diseases of the circulatory system (I9_)	Cardiovascular	Immune-cell-enriched	0.8524652064825962	6.869701609959481e-05	0.9870629516873572				False	False	5	0	0	NOVEL colocalized	3.8196753769672203	0.832612425279863	0.9870629516873572	1.5	0.0	0.5	0.0	0.0	0.0	0.0
SWAP70	Hypertension, essential	I9_HYPTENSESS	IX Diseases of the circulatory system (I9_)	Cardiovascular	Immune-cell-enriched	0.8949588378202316	8.10524037984698e-05	8.290955454860937e-06	0.880693029456251	6.636297333884046e-08	1.584669908410962e-05	True	False	5	0	0	novel nomination	3.8182551110767706	0.8182468201213157	8.290955454860937e-06	1.5	0.0	0.5	1.0	0.0	0.0	0.0
CRIM1	Hyperplasia of prostate	N14_PROSTHYPERPLA	XIV Diseases of the genitourinary system (N14_)	Renal/Genitourinary	Immune-cell-enriched	0.7680180056446052	0.0121324551110473	0.925076181500507	1.0941583446929215	0.4279453590893176	0.0208490739613548	False	False	4	1	0	NOVEL colocalized	3.808286442872266	0.38321026137175884	0.925076181500507	1.5	0.5	0.5	0.0	0.0	0.0	0.0
IL18RAP	Acute suppurative otitis media	H8_SUP_ACUTE	VIII Diseases of the ear and mastoid process (H8_)	Other	Cytokine/Interleukin	0.9314682331760128	0.0170349043452971	0.946419298486007				False	False	5	1	0	NOVEL colocalized	3.800151358635504	0.35373206014949693	0.946419298486007	1.5	0.5	0.5	0.0	0.0	0.0	0.0
ACE	Statin medication	RX_STATIN	IX Diseases of the circulatory system (I9_)	Cardiovascular	Immune-cell-enriched	1.32888740080377	0.0427660252398549	0.0255560743480422				False	False	6	3	1	novel nomination	3.799336296761559	0.273780222413517	0.0255560743480422	1.5	1.5	0.5	0.0	0.0	0.0	0.0
CRIM1	Varicose veins	I9_VARICVE	IX Diseases of the circulatory system (I9_)	Cardiovascular	Immune-cell-enriched	0.7787312213399475	0.004456980306756	0.8267049933764232	0.975979905000875	0.8105733570106337	0.0219994497227285	False	False	4	1	0	NOVEL colocalized	3.796896850345865	0.4701918569694416	0.8267049933764232	1.5	0.5	0.5	0.0	0.0	0.0	0.0
SPINK8	Type 2 diabetes, definitions combined	T2D	Diabetes endpoints	Metabolic/Endocrine	Immune-cell-enriched	0.8340418525474392	8.245577597483483e-05	0.9744979213260146				False	False	3	1	0	NOVEL colocalized	3.7912537047061647	0.8167557833801501	0.9744979213260146	1.0	0.5	0.5	0.0	0.0	0.0	0.0
FCRL3	Thyrotoxicosis with diffuse goitre	E4_THYTOXGOITDIF	IV Endocrine, nutritional and metabolic diseases (E4_)	Metabolic/Endocrine	Ig/B-cell/Fc	1.1260411528369692	0.0098757296487576	0.8816551527630707	1.1785315089414812	3.862086538797271e-06	0.939752775528384	True	False	2	1	0	NOVEL protein-confirmed	3.7827413142684803	0.4010861615054093	0.8816551527630707	0.5	0.5	0.5	1.0	0.0	0.0	0.0
CD70	Primary_lymphoid and hematopoietic malignant neoplasms (controls excluding all cancers)	CD2_PRIMARY_LYMPHOID_HEMATOPOIETIC_EXALLC	II Neoplasms from hospital discharges (CD2_)	Neoplasm	CD/Leukocyte surface	0.3702203813090532	4.331175869016915e-07	0.9988197224608746	0.7752050978320851	0.1204046865363077	0.030188907092559	False	False	2	1	0	NOVEL colocalized	3.771498558705307	1.2726788362444326	0.9988197224608746	0.5	0.5	0.5	0.0	0.0	0.0	0.0
LYPD3	Other degenerative diseases of the nervous system	NEURODEGOTH	Comorbidities of Gastrointestinal endpoints	Gastrointestinal	Immune-cell-enriched	0.4530334922605378	4.642496127864652e-07	7.256167605643012e-23	0.8205233110439724	0.0881318068326568	0.0527947482143141	False	False	4	1	0	novel nomination	3.7666496899634185	1.2666496899634185	7.256167605643012e-23	1.5	0.5	0.5	0.0	0.0	0.0	0.0
SWAP70	Diseases of arteries, arterioles and capillaries (FINNGEN)	FG_DOAAC	IX Diseases of the circulatory system (I9_)	Cardiovascular	Immune-cell-enriched	0.8205713146052817	0.002894705407981	0.2586432535785519	0.7819290839224459	3.3875494631629977e-07	0.5493658435334144	True	False	5	0	0	novel nomination	3.766322379081454	0.507679125502902	0.2586432535785519	1.5	0.0	0.5	1.0	0.0	0.0	0.0
ERBB3	Disorders of choroid and retina	H7_CHOROIDRETINA	VII Diseases of the eye and adnexa (H7_)	Ophthalmological	Immune-cell-enriched	0.8321316561548814	0.0464118869800196	0.4918672132810653	1.072090950119956	0.5454466081213996	0.0477416952575178	False	False	7	2	0	novel nomination	3.75854136808099	0.2666741547999245	0.4918672132810653	1.5	1.0	0.5	0.0	0.0	0.0	0.0
CD226	Asthma, unspecified (mode)	ASTHMA_NAS	Asthma and related endpoints	Respiratory	CD/Leukocyte surface	0.8973700073604578	0.026213544869982	0.9355396684893108				False	False	6	1	0	NOVEL colocalized	3.751834517536368	0.3162948490470575	0.9355396684893108	1.5	0.5	0.5	0.0	0.0	0.0	0.0
CRIM1	Diseases of male genital organs	N14_MALEGEN	XIV Diseases of the genitourinary system (N14_)	Renal/Genitourinary	Immune-cell-enriched	0.8229493823272479	0.0297907055163609	0.9462702177348652	1.1249597025748923	0.1818950751599843	0.010008107229754	False	False	4	1	0	NOVEL colocalized	3.751454060037582	0.3051838423027165	0.9462702177348652	1.5	0.5	0.5	0.0	0.0	0.0	0.0
CRIM1	Alzheimer disease	G6_ALZHEIMER	VI Diseases of the nervous system (G6_)	Neurological/Psychiatric	Immune-cell-enriched	1.452757977289016	0.0257222805416736	0.926386211893675	0.8324763455425529	0.2710186767607636	0.015831334049355	False	False	4	1	0	NOVEL colocalized	3.744324317777627	0.31793810588395194	0.926386211893675	1.5	0.5	0.5	0.0	0.0	0.0	0.0
NOMO1	Fracture of skull and facial bones	ST19_FRACT_SKULL_FACIAL_BONES	XIX Injury, poisoning and certain other consequences of external causes (ST19_)	Other	Immune-cell-enriched	1.212752197964651	0.041795212233002	0.9657998996074274				False	False	4	1	0	NOVEL colocalized	3.7415745926298287	0.27577469302240154	0.9657998996074274	1.5	0.5	0.5	0.0	0.0	0.0	0.0
IL6ST	Other (seronegative) rheumatoid arthritis, wide	RHEUMA_OTHER_WIDE	Rheuma endpoints	Musculoskeletal	Cytokine/Interleukin	2.738072728738383	6.20673099375558e-07	0.9999724825356604	0.7452185873179558	0.0019854025008223	0.5648161810355126	False	False	7	2	0	recovered known axis	3.74139989793286	1.2414274153971991	0.9999724825356604	1.5	1.0	0.5	0.0	0.0	1.5	0.0
LTBP3	Gestational diabetes (for exclusion)	GEST_DIABETES	Diabetes endpoints	Metabolic/Endocrine	Cytokine/Interleukin	1.1545889296190863	0.0382915043153297	0.9568068293976514				False	False	6	1	0	NOVEL colocalized	3.7401863437331624	0.28337951433551073	0.9568068293976514	1.5	0.5	0.5	0.0	0.0	0.0	0.0
PSRC1	Familial hypercholesterolemia, with ischemic heart disease	E4_FH_IHD	IV Endocrine, nutritional and metabolic diseases (E4_)	Metabolic/Endocrine	Immune-cell-enriched	0.6622984046954944	6.163763778515148e-07	0.9944123557091904				False	False	3	0	0	NOVEL colocalized	3.7364431584362277	1.2420308027270373	0.9944123557091904	1.0	0.0	0.5	0.0	0.0	0.0	0.0
PLAU	Acute appendicitis, no complications	APPENDACUT_NOCOMPLIC	XI Diseases of the digestive system (K11_)	Gastrointestinal	Immune-cell-enriched	1.1791156890455476	0.0396237830926163	0.9548282816627726				False	False	4	1	0	NOVEL colocalized	3.7352370941470854	0.2804088124843128	0.9548282816627726	1.5	0.5	0.5	0.0	0.0	0.0	0.0
CRIM1	Phlebitis and thrombophlebitis (not including DVT)	I9_PHLETHROM	IX Diseases of the circulatory system (I9_)	Cardiovascular	Immune-cell-enriched	0.6666815794552065	0.0339902731446065	0.9414567741076386	0.9755059130178074	0.8939808718883551	0.0160978376986609	False	False	4	1	0	NOVEL colocalized	3.7351858431932703	0.29372906908563146	0.9414567741076386	1.5	0.5	0.5	0.0	0.0	0.0	0.0
MERTK	Hypertension	I9_HYPTENS	IX Diseases of the circulatory system (I9_)	Cardiovascular	Immune-cell-enriched	1.062439129279221	4.899940150507781e-05	0.8717894380259383				False	False	3	1	0	NOVEL colocalized	3.733751282937091	0.8619618449111526	0.8717894380259383	1.0	0.5	0.5	0.0	0.0	0.0	0.0
CA8	Hypothyroidism, strict autoimmune	E4_HYTHY_AI_STRICT	IV Endocrine, nutritional and metabolic diseases (E4_)	Metabolic/Endocrine	Immune-cell-enriched	0.7823278059224685	3.0875611619760417e-07	0.928473123202896				False	False	3	0	0	NOVEL colocalized	3.7305500093310124	1.3020768861281167	0.928473123202896	1.0	0.0	0.5	0.0	0.0	0.0	0.0
TLR1	Chronic lower respiratory diseases	J10_LOWCHRON	X Diseases of the respiratory system (J10_)	Respiratory	Immune-cell-enriched	1.085692199116557	0.0002370271228908	0.5037944627248779	1.1517847967474415	0.1933374930629046	0.0550253591422798	False	False	4	1	0	novel nomination	3.7288348537356577	0.7250403910107799	0.5037944627248779	1.5	0.5	0.5	0.0	0.0	0.0	0.0
FES	Atrial fibrillation and flutter	I9_AF	IX Diseases of the circulatory system (I9_)	Cardiovascular	Immune-cell-enriched	0.878125773021931	0.0002195655257414	0.9908787169742403				False	False	5	0	0	NOVEL colocalized	3.7225658865723643	0.731687169598124	0.9908787169742403	1.5	0.0	0.5	0.0	0.0	0.0	0.0
ERBB3	Nasal polyp	J10_NASALPOLYP	X Diseases of the respiratory system (J10_)	Respiratory	Immune-cell-enriched	0.5983683857070978	0.0002649380354095	0.0025121000984297	1.050658697320601	0.8492448639201386	0.009616548224427	False	False	7	2	0	novel nomination	3.7178832377838873	0.7153711376854576	0.0025121000984297	1.5	1.0	0.5	0.0	0.0	0.0	0.0
IFNGR2	Papulosquamous disorders	L12_PAPULOSQUAMOUS	XII Diseases of the skin and subcutaneous tissue (L12_)	Dermatological	Interferon axis	0.9029541391783558	0.0381104904376669	0.9328563846108424				False	False	2	3	1	NOVEL colocalized	3.7166474770762887	0.2837910924654461	0.9328563846108424	0.5	1.5	0.5	0.0	0.0	0.0	0.0
CD226	Lesion of femoral nerve	G6_FEMLE	VI Diseases of the nervous system (G6_)	Neurological/Psychiatric	CD/Leukocyte surface	2.850418318137451	0.0280681121710536	0.9057857958650236				False	False	6	1	0	NOVEL colocalized	3.7161431551711637	0.31035735930614006	0.9057857958650236	1.5	0.5	0.5	0.0	0.0	0.0	0.0
PROCR	Gonarthrosis	M13_ARTHROSIS_KNEE	XIII Diseases of the musculoskeletal system and connective tissue (M13_)	Musculoskeletal	Immune-cell-enriched	1.358129364446457	8.380772163162729e-07	1.0626592284079604e-17				False	False	2	3	1	novel nomination	3.7153431931533802	1.2153431931533802	1.0626592284079604e-17	0.5	1.5	0.5	0.0	0.0	0.0	0.0
IL4	Dermatitis due to ingested food	L12_FOODDERMAT	XII Diseases of the skin and subcutaneous tissue (L12_)	Dermatological	Cytokine/Interleukin	0.1861508644701283	8.71572065382334e-06	0.7033550996329025	0.9433663649313162	0.8946009691164558	0.033315998636943	False	False	5	3	1	recovered known axis	3.715294439174122	1.0119393395412195	0.7033550996329025	1.5	1.5	0.5	0.0	0.0	1.5	0.0
TLR4	Codeine or tramadol medication	RX_CODEINE_TRAMADOL	Drug purchase endpoints	Medication/Other	Immune-cell-enriched	0.9582091869994298	0.0375920686777888	0.928275375761086				False	False	2	3	1	NOVEL colocalized	3.7132561306735066	0.2849807549124207	0.928275375761086	0.5	1.5	0.5	0.0	0.0	0.0	0.0
FES	Other heart diseases	FG_OTHHEART	Cardiometabolic endpoints	Cardiovascular	Immune-cell-enriched	0.9054619389673416	0.0002501342138823	0.9919292351137344				False	False	5	0	0	NOVEL colocalized	3.7122946152130356	0.7203653800993012	0.9919292351137344	1.5	0.0	0.5	0.0	0.0	0.0	0.0
CD226	Autoimmune diseases excluding thyroid diseases	AUTOIMMUNE_NONTHYROID	Diseases marked as autimmune origin	Haematological/Immune	CD/Leukocyte surface	0.9305937417253324	0.038024230971941	0.9261404034392006				False	False	6	1	0	NOVEL colocalized	3.7101283155701688	0.2839879121309681	0.9261404034392006	1.5	0.5	0.5	0.0	0.0	0.0	0.0
EFNA1	Diseases of veins, lymphatic vessels and lymph nodes, not elsewhere classified	I9_DISVEINLYMPH	IX Diseases of the circulatory system (I9_)	Cardiovascular	Immune-cell-enriched	0.5894835327425846	0.0002993819271604	0.0032953908832865				False	True	4	1	0	novel nomination	3.708050274949358	0.7047548840660715	0.0032953908832865	1.5	0.5	0.5	0.0	0.5	0.0	0.0
IL18R1	Dermatitis and eczema	L12_DERMATITISECZEMA	XII Diseases of the skin and subcutaneous tissue (L12_)	Dermatological	Cytokine/Interleukin	0.8832340656453791	9.456769189340488e-07	1.0703933849178371e-14	1.125874642496067	0.0	0.9641449305144628	False	False	3	1	0	novel nomination	3.7048514421254812	1.2048514421254706	1.0703933849178371e-14	1.0	0.5	0.5	0.5	0.0	0.0	0.0
PLAU	Migraine, single triptan purchase ok & required. ICD-code if available is included	MIGRAINE_TRIPTAN	Neurological endpoints	Neurological/Psychiatric	Immune-cell-enriched	1.137518473036521	0.0461052861435726	0.9314608598899372				False	False	4	1	0	NOVEL colocalized	3.6987107155435854	0.2672498556536481	0.9314608598899372	1.5	0.5	0.5	0.0	0.0	0.0	0.0
CD226	Disorders of the thyroid gland	E4_THYROID	IV Endocrine, nutritional and metabolic diseases (E4_)	Metabolic/Endocrine	CD/Leukocyte surface	0.9298500161996026	0.0281831266860999	0.8842861166060066				False	False	6	1	0	NOVEL colocalized	3.6942882820366267	0.31000216543062004	0.8842861166060066	1.5	0.5	0.5	0.0	0.0	0.0	0.0
FES	Gestational [pregnancy-induced] hypertension	O15_GESTAT_HYPERT	XV Pregnancy, childbirth and the puerperium (O15_)	Other	Immune-cell-enriched	0.82169739240397	0.000276521126642	0.9807263492911612				False	False	5	0	0	NOVEL colocalized	3.6923806857553987	0.7116543364642374	0.9807263492911612	1.5	0.0	0.5	0.0	0.0	0.0	0.0
IL18RAP	Otitis externa	H8_EXTOTITIS	VIII Diseases of the ear and mastoid process (H8_)	Other	Cytokine/Interleukin	0.9234973756353666	0.037664074788361	0.906742167115509				False	False	5	1	0	NOVEL colocalized	3.691556706409709	0.28481453929419975	0.906742167115509	1.5	0.5	0.5	0.0	0.0	0.0	0.0
PIK3IP1	Coronary atherosclerosis	I9_CORATHER	IX Diseases of the circulatory system (I9_)	Cardiovascular	Immune-cell-enriched	1.0691167335367644	0.0189798143538556	0.8390414279417545				False	False	4	1	0	NOVEL colocalized	3.683383035907171	0.3443416079654165	0.8390414279417545	1.5	0.5	0.5	0.0	0.0	0.0	0.0
MAPRE3	Pain (limb, back, neck, head abdominally)	PAIN	Miscellaneous, not yet classified endpoints	Other	Immune-cell-enriched	0.8620159943553598	0.0002264847375584	0.9524900643019176				False	False	6	0	0	NOVEL colocalized	3.681482276116033	0.7289922118141157	0.9524900643019176	1.5	0.0	0.5	0.0	0.0	0.0	0.0
IL6ST	Other arthritis (FG)	RHEU_ARTHRITIS_OTH	Rheuma endpoints	Musculoskeletal	Cytokine/Interleukin	2.073557495675644	1.2536684871738123e-06	0.99999860806773	0.9845338839957172	0.8207044026498063	0.0107182612354307	False	False	7	2	0	recovered known axis	3.6803620661954675	1.1803634581277378	0.99999860806773	1.5	1.0	0.5	0.0	0.0	1.5	0.0
FES	Coronary atherosclerosis	I9_CORATHER	IX Diseases of the circulatory system (I9_)	Cardiovascular	Immune-cell-enriched	0.8893360577062895	5.175969257873033e-06	0.1198247055697065				False	True	5	0	0	novel nomination	3.6770263679253583	1.0572016623556515	0.1198247055697065	1.5	0.0	0.5	0.0	0.5	0.0	0.0
MAPRE3	Arthrosis	M13_ARTHROSIS	XIII Diseases of the musculoskeletal system and connective tissue (M13_)	Musculoskeletal	Immune-cell-enriched	0.8151954767077417	0.00014809124014	0.9077508509162712				False	False	6	0	0	NOVEL colocalized	3.6736449769181405	0.7658941260018695	0.9077508509162712	1.5	0.0	0.5	0.0	0.0	0.0	0.0
CRIM1	Sleep apnoea, including avohilmo	G6_SLEEPAPNO_INCLAVO	VI Diseases of the nervous system (G6_)	Neurological/Psychiatric	Immune-cell-enriched	0.8366784063983621	0.018598724123518	0.823641632364042	0.9615915842980304	0.616308731930773	0.0144659936310202	False	False	4	1	0	NOVEL colocalized	3.6697450018550954	0.3461033694910532	0.823641632364042	1.5	0.5	0.5	0.0	0.0	0.0	0.0
FES	STROKE	C_STROKE	Comorbidities of Diabetes	Metabolic/Endocrine	Immune-cell-enriched	0.9179329057337916	0.0363097730735885	0.87227238814063				False	True	5	0	0	NOVEL colocalized	3.660267681201325	0.2879952930606949	0.87227238814063	1.5	0.0	0.5	0.0	0.5	0.0	0.0
CD226	Chronic lower respiratory diseases	J10_LOWCHRON	X Diseases of the respiratory system (J10_)	Respiratory	CD/Leukocyte surface	0.9359253233827114	0.0247611815554149	0.8385484161555133				False	False	6	1	0	NOVEL colocalized	3.6597941432494396	0.3212457270939262	0.8385484161555133	1.5	0.5	0.5	0.0	0.0	0.0	0.0
IL6ST	Seronegative rheumatoid arthritis	RHEUMA_SERONEG	Rheuma endpoints	Musculoskeletal	Cytokine/Interleukin	3.482267311605716	1.636527508642169e-06	0.999495805543332	0.7785061271631285	0.0334986033679012	0.1270038630869233	False	False	7	2	0	recovered known axis	3.6567111435777306	1.1572153380343986	0.999495805543332	1.5	1.0	0.5	0.0	0.0	1.5	0.0
CD70	Non-follicular lymphoma (controls excluding all cancers)	CD2_NONFOLLICULAR_LYMPHOMA_EXALLC	II Neoplasms from hospital discharges (CD2_)	Neoplasm	CD/Leukocyte surface	0.2038982548626611	1.6678768477549216e-06	0.9989659018521422	0.8755821663922522	0.4140844647016077	0.0303560767575872	False	False	2	1	0	NOVEL colocalized	3.654533105819017	1.1555672039668747	0.9989659018521422	0.5	0.5	0.5	0.0	0.0	0.0	0.0
CTLA4	Graves ophthalmopathy	GRAVES_OPHT	IV Endocrine, nutritional and metabolic diseases (E4_)	Metabolic/Endocrine	Immune checkpoint	0.156109354433388	0.0004416801644178	0.9814712671870276				False	False	7	3	1	recovered known axis	3.652449688026917	0.6709784208398896	0.9814712671870276	1.5	1.5	0.5	0.0	0.0	1.5	0.0
TLR1	Childhood asthma (age<16) (more control exclusions)	ASTHMA_CHILD_EXMORE	Asthma and related endpoints	Respiratory	Immune-cell-enriched	1.2564992065813676	0.0106417343630506	0.2524209995396309	1.7080447690855618	0.1285008972173233	0.0621251011006912	False	True	4	1	0	novel nomination	3.6470185167500833	0.39459751721045244	0.2524209995396309	1.5	0.5	0.5	0.0	0.5	0.0	0.0
PVR	Dementia	F5_DEMENTIA	V Mental and behavioural disorders (F5_)	Neurological/Psychiatric	Immune-cell-enriched	0.5883559376868374	1.8463183889561408e-06	1.1448751386226949e-45	9.121329847917035	0.0	0.0727247089417319	False	False	3	2	0	novel nomination	3.6467386809606492	1.1467386809606492	1.1448751386226949e-45	1.0	1.0	0.5	0.0	0.0	0.0	0.0
HAVCR1	Disorders of lipoprotein metabolism and other lipidaemias	E4_LIPOPROT	IV Endocrine, nutritional and metabolic diseases (E4_)	Metabolic/Endocrine	Immune-cell-enriched	1.5607968990958554	6.685752378701489e-07	0.4088172640358269	0.9988253401500368	0.9465086337462504	4.0395385069471686e-10	False	False	3	1	0	novel nomination	3.6437872065320196	1.2349699424961929	0.4088172640358269	1.0	0.5	0.5	0.0	0.0	0.0	0.0
LTBP3	Hypothyroidism, strict autoimmune	E4_HYTHY_AI_STRICT	IV Endocrine, nutritional and metabolic diseases (E4_)	Metabolic/Endocrine	Cytokine/Interleukin	1.09720975046494	0.0243658785233243	0.8139908237423058				False	False	6	1	0	NOVEL colocalized	3.6366344088036153	0.3226435850613096	0.8139908237423058	1.5	0.5	0.5	0.0	0.0	0.0	0.0
TLR4	Migraine, single triptan purchase ok & required. ICD-code if available is included	MIGRAINE_TRIPTAN	Neurological endpoints	Neurological/Psychiatric	Immune-cell-enriched	0.949372785065216	0.0452232718217393	0.8568634082078703				False	False	2	3	1	NOVEL colocalized	3.6257910122949677	0.26892760408709726	0.8568634082078703	0.5	1.5	0.5	0.0	0.0	0.0	0.0
MERTK	Hypertension, essential	I9_HYPTENSESS	IX Diseases of the circulatory system (I9_)	Cardiovascular	Immune-cell-enriched	1.061862953916733	0.0002799028768259	0.9138535083902236				False	False	3	1	0	NOVEL colocalized	3.6244520359615904	0.7105985275713669	0.9138535083902236	1.0	0.5	0.5	0.0	0.0	0.0	0.0
IL6ST	Systemic connective tissue disorders	M13_SYSTCONNECT	XIII Diseases of the musculoskeletal system and connective tissue (M13_)	Musculoskeletal	Cytokine/Interleukin	1.9958850302681013	2.474092376940011e-06	0.9999989868338748	0.946734399158606	0.4091163907167945	0.0139124734295148	False	False	7	2	0	recovered known axis	3.6213158046025526	1.1213168177686779	0.9999989868338748	1.5	1.0	0.5	0.0	0.0	1.5	0.0
JMJD1C	Cholecystectomy	K11_CHOLECYSTECTOMY	XI Diseases of the digestive system (K11_)	Gastrointestinal	Immune-cell-enriched	0.4494499623901606	0.0004416801644178	0.9491898317747984				False	False	4	0	0	NOVEL colocalized	3.620168252614688	0.6709784208398896	0.9491898317747984	1.5	0.0	0.5	0.0	0.0	0.0	0.0
IL4	Pustulosis palmaris et plantaris	L12_PSORI_PUSTUPALM	XII Diseases of the skin and subcutaneous tissue (L12_)	Dermatological	Cytokine/Interleukin	0.2384846248639965	0.0003653560282452	0.930672087247982	5.320779686284234	3.8787517628424695e-05	0.0347453227772926	False	False	5	3	1	recovered known axis	3.6181288317588525	0.6874567445108706	0.930672087247982	1.5	1.5	0.5	0.0	0.0	1.5	0.0
CD226	Systemic connective tissue disorders	M13_SYSTCONNECT	XIII Diseases of the musculoskeletal system and connective tissue (M13_)	Musculoskeletal	CD/Leukocyte surface	0.869237170040243	0.0362186500524905	0.8295757186528897				False	False	6	1	0	NOVEL colocalized	3.617789266816089	0.28821354816319916	0.8295757186528897	1.5	0.5	0.5	0.0	0.0	0.0	0.0
IL6ST	Autoimmune diseases	AUTOIMMUNE	Diseases marked as autimmune origin	Haematological/Immune	Cytokine/Interleukin	1.3255613940106905	2.702179701418257e-06	0.9999985973062908	0.9682228999786746	0.2371119020643135	0.0080998267897948	False	False	7	2	0	recovered known axis	3.61365575185249	1.113657154546199	0.9999985973062908	1.5	1.0	0.5	0.0	0.0	1.5	0.0
LTBP2	Glaucoma	H7_GLAUCOMA	VII Diseases of the eye and adnexa (H7_)	Ophthalmological	Cytokine/Interleukin	0.6674232931893709	1.7642560080875782e-06	0.4550880465894441				False	True	3	1	0	novel nomination	3.605775725573981	1.150687678984537	0.4550880465894441	1.0	0.5	0.0	0.0	0.5	0.0	0.0
PROCR	Arthrosis	M13_ARTHROSIS	XIII Diseases of the musculoskeletal system and connective tissue (M13_)	Musculoskeletal	Immune-cell-enriched	1.2759997761545323	3.094075329277464e-06	1.9361292960645798e-17				False	False	2	3	1	novel nomination	3.6018938234090836	1.1018938234090834	1.9361292960645798e-17	0.5	1.5	0.5	0.0	0.0	0.0	0.0
ASGR1	Statin medication	RX_STATIN	IX Diseases of the circulatory system (I9_)	Cardiovascular	Immune-cell-enriched	1.2746120820603792	5.649787717141574e-06	0.0493400517652911	1.4691639597227166	7.0832228971085e-14	0.8164028183810665	True	False	2	1	0	novel nomination	3.5989336257414393	1.0495935739761482	0.0493400517652911	0.5	0.5	0.5	1.0	0.0	0.0	0.0
LTBR	Sarcoidosis	D3_SARCOIDOSIS	III Diseases of the blood and blood-forming organs and certain disorders involving the immune mechanism (D3_)	Haematological/Immune	Cytokine/Interleukin	1.391202658282484	0.0296956589068748	0.7926753978617789	0.935617910696455	0.8981184619074982	0.0193390624498069	False	False	4	1	0	novel nomination	3.598136804635281	0.3054614067735021	0.7926753978617789	1.5	0.5	0.5	0.0	0.0	0.0	0.0
CRIM1	Sleep apnoea	G6_SLEEPAPNO	VI Diseases of the nervous system (G6_)	Neurological/Psychiatric	Immune-cell-enriched	0.8361071400953787	0.0351659270479638	0.8022760257927282	0.9528233136913424	0.5542129685597443	0.0133596123564092	False	False	4	1	0	NOVEL colocalized	3.593051611629061	0.2907755858363329	0.8022760257927282	1.5	0.5	0.5	0.0	0.0	0.0	0.0
IL4	Asthma-related acute respiratory infections	ASTHMA_ACUTE_RESPIRATORY_INFECTIONS	Asthma and related endpoints	Respiratory	Cytokine/Interleukin	0.6887910134258387	0.0011826136241467	3.400821118418047e-09	0.7971200373915621	0.0438482269522642	0.0546285735786076	True	False	5	3	1	recovered known axis	3.585431427815802	0.5854314244149812	3.400821118418047e-09	1.5	1.5	0.5	1.0	0.0	1.5	0.0
PSRC1	Unstable angina pectoris	I9_UAP	IX Diseases of the circulatory system (I9_)	Cardiovascular	Immune-cell-enriched	0.8596044631521627	0.0011000243170171	0.9918018409057344				False	True	3	0	0	NOVEL colocalized	3.583521383759614	0.5917195428538796	0.9918018409057344	1.0	0.0	0.5	0.0	0.5	0.0	0.0
LPL	Pure hyperglyceridaemia	E4_HYPERGLYCER	IV Endocrine, nutritional and metabolic diseases (E4_)	Metabolic/Endocrine	Immune-cell-enriched	0.534017257853841	0.0056277616594056	0.6317943409714208				False	False	2	3	1	novel nomination	3.5817272016906916	0.4499328607192708	0.6317943409714208	0.5	1.5	0.5	0.0	0.0	0.0	0.0
NOMO1	Type 2 diabetes, definitions combined	T2D	Diabetes endpoints	Metabolic/Endocrine	Immune-cell-enriched	1.0969062500032989	0.0020906427087545	0.5352549833119766				False	False	4	1	0	novel nomination	3.5711990196824313	0.5359440363704547	0.5352549833119766	1.5	0.5	0.5	0.0	0.0	0.0	0.0
IL4R	Asthma-related infections	ASTHMA_INFECTIONS	Asthma and related endpoints	Respiratory	Cytokine/Interleukin	0.8328296314353295	0.0014591522109894	0.0013063437525441	0.7379733506391142	0.0001552535700877	0.0525678289163803	True	False	1	3	1	novel nomination	3.5684862242436504	0.5671798804911065	0.0013063437525441	0.0	1.5	0.5	1.0	0.0	0.0	0.0
NOMO1	Type 2 diabetes, wide definition	T2D_WIDE	Diabetes endpoints	Metabolic/Endocrine	Immune-cell-enriched	1.1052292212367674	0.0137957161785333	0.6945826479765906				False	False	4	1	0	novel nomination	3.566633797781051	0.3720511498044604	0.6945826479765906	1.5	0.5	0.5	0.0	0.0	0.0	0.0
TMEM106A	Rotator cuff syndrome	M13_ROTATORCUFF	XIII Diseases of the musculoskeletal system and connective tissue (M13_)	Musculoskeletal	Immune-cell-enriched	0.8240726809654215	0.0338579059225456	0.7692012704236137				False	True	3	1	0	novel nomination	3.5632692516383555	0.29406798121474165	0.7692012704236137	1.0	0.5	0.5	0.0	0.5	0.0	0.0
MAPRE3	Soft tissue disorders	M13_SOFTTISSUE	XIII Diseases of the musculoskeletal system and connective tissue (M13_)	Musculoskeletal	Immune-cell-enriched	0.8548435368894298	0.0006974029082933	0.9250648323236046				False	False	6	0	0	NOVEL colocalized	3.5563680814979195	0.6313032491743147	0.9250648323236046	1.5	0.0	0.5	0.0	0.0	0.0	0.0
IL18RAP	Conjunctivitis	H7_CONJUNCTIVITIS	VII Diseases of the eye and adnexa (H7_)	Ophthalmological	Cytokine/Interleukin	0.9440715509592968	5.78175046296324e-06	6.052163239323859e-07				False	False	5	1	0	novel nomination	3.547588736448694	1.0475881312323705	6.052163239323859e-07	1.5	0.5	0.5	0.0	0.0	0.0	0.0
TLR1	Allergic asthma (mode)	ALLERG_ASTHMA	Asthma and related endpoints	Respiratory	Immune-cell-enriched	1.196266789672057	0.0051126346627416	0.5851686391498249	1.0672020884167277	0.805135206585984	0.0750509009077982	False	False	4	1	0	novel nomination	3.5434396871221825	0.4582710479723576	0.5851686391498249	1.5	0.5	0.5	0.0	0.0	0.0	0.0
IL18RAP	Suggestive for eosinophilic asthma	ASTHMA_EOSINOPHIL_SUGG	Comorbidities of Asthma	Respiratory	Cytokine/Interleukin	0.8597010824242423	0.0020828718706951	0.0001326273223883				False	True	5	1	0	novel nomination	3.536400116353636	0.5362674890312478	0.0001326273223883	1.5	0.5	0.5	0.0	0.5	0.0	0.0
IL7R	Dermatitis and eczema	L12_DERMATITISECZEMA	XII Diseases of the skin and subcutaneous tissue (L12_)	Dermatological	Cytokine/Interleukin	1.16323633179165	2.2213895725987405e-08	9.81752280668728e-05	1.0416787115051198	0.0443927704859152	1.2194771067029136e-14	True	False	1	1	0	novel nomination	3.5307732294442236	1.5306750542161565	9.81752280668728e-05	0.0	0.5	0.5	1.0	0.0	0.0	0.0
PROCR	Phlebitis and thrombophlebitis (not including DVT)	I9_PHLETHROM	IX Diseases of the circulatory system (I9_)	Cardiovascular	Immune-cell-enriched	0.5385678021165029	7.328457522857267e-06	1.546115595212222e-05				False	False	2	3	1	novel nomination	3.5270129461678357	1.0269974850118835	1.546115595212222e-05	0.5	1.5	0.5	0.0	0.0	0.0	0.0
MAPRE3	Pain in joint	JOINTPAIN	XIII Diseases of the musculoskeletal system and connective tissue (M13_)	Musculoskeletal	Immune-cell-enriched	0.7635837162887821	0.0007889871800688	0.9029944009947084				False	False	6	0	0	NOVEL colocalized	3.523580411676173	0.6205860106814648	0.9029944009947084	1.5	0.0	0.5	0.0	0.0	0.0	0.0
FES	Major coronary heart disease event	I9_CHD	IX Diseases of the circulatory system (I9_)	Cardiovascular	Immune-cell-enriched	0.8904816949537475	1.2775785136506686e-05	0.0330073421947021				False	True	5	0	0	novel nomination	3.5117298223515565	0.9787224801568544	0.0330073421947021	1.5	0.0	0.5	0.0	0.5	0.0	0.0
PROCR	Arthropathies	M13_ARTHROPATHIES	XIII Diseases of the musculoskeletal system and connective tissue (M13_)	Musculoskeletal	Immune-cell-enriched	1.202337459581193	9.120254827559267e-06	1.5976476302899485e-21				False	False	2	3	1	novel nomination	3.5079986053900907	1.007998605390091	1.5976476302899485e-21	0.5	1.5	0.5	0.0	0.0	0.0	0.0
CTLA4	Graves ophthalmopathy, strict	E4_GRAVES_OPHT_STRICT	IV Endocrine, nutritional and metabolic diseases (E4_)	Metabolic/Endocrine	Immune checkpoint	0.157586065569335	0.0023534248031969	0.9821724005230066				False	False	7	3	1	recovered known axis	3.507832335272017	0.52565993474901	0.9821724005230066	1.5	1.5	0.5	0.0	0.0	1.5	0.0
PF4	Pure hypercholesterolaemia	E4_HYPERCHOL	IV Endocrine, nutritional and metabolic diseases (E4_)	Metabolic/Endocrine	Chemokine axis	0.3752003370009747	7.712140187867238e-13	8.86839531739818e-08				False	False	2	1	0	novel nomination	3.500000088683953	2.0	8.86839531739818e-08	0.5	0.5	0.5	0.0	0.0	0.0	0.0
PF4	Statin medication	RX_STATIN	IX Diseases of the circulatory system (I9_)	Cardiovascular	Chemokine axis	0.2071215246153886	6.091515551074907e-88	5.579940459986777e-08				False	False	2	1	0	novel nomination	3.5000000557994047	2.0	5.579940459986777e-08	0.5	0.5	0.5	0.0	0.0	0.0	0.0
PF4	Disorders of lipoprotein metabolism and other lipidaemias	E4_LIPOPROT	IV Endocrine, nutritional and metabolic diseases (E4_)	Metabolic/Endocrine	Chemokine axis	0.3868732593183397	4.190887661416407e-16	1.7322919276608667e-08				False	False	2	1	0	novel nomination	3.500000017322919	2.0	1.7322919276608667e-08	0.5	0.5	0.5	0.0	0.0	0.0	0.0
SORT1	Statin medication	RX_STATIN	IX Diseases of the circulatory system (I9_)	Cardiovascular	Immune-cell-enriched	0.4337345248700767	7.9679301819475e-40	3.8207195348065095e-20	1.0528061748937636	0.332730862125556	0.0400462341177133	False	False	2	1	0	novel nomination	3.5	2.0	3.8207195348065095e-20	0.5	0.5	0.5	0.0	0.0	0.0	0.0
MAPKAPK2	Inflammatory bowel disease, strict (require KELA)	K11_IBD_STRICT	XI Diseases of the digestive system (K11_)	Gastrointestinal	Immune-cell-enriched	2.365003304681596	3.141808626891862e-11	1.876188731031327e-18				False	False	2	1	0	novel nomination	3.5	2.0	1.876188731031327e-18	0.5	0.5	0.5	0.0	0.0	0.0	0.0
PLAUR	Coronary artery bypass grafting	I9_CABG	IX Diseases of the circulatory system (I9_)	Cardiovascular	Immune-cell-enriched	2.0613424401681257	0.0018220287255026	0.949369535352162	1.1222240778058623	0.2536083308788477	0.0189056958824052	False	False	1	3	1	NOVEL colocalized	3.497258491425323	0.5478889560731609	0.949369535352162	0.0	1.5	0.5	0.0	0.0	0.0	0.0
SERPING1	Obesity due to excess calories	E4_OBESITYCAL	IV Endocrine, nutritional and metabolic diseases (E4_)	Metabolic/Endocrine	Complement/Coagulation	1.1727758962710555	0.0248950194960007	0.6760611459373215	0.9248381150560138	8.792322818251819e-06	0.7139180028926638	False	False	4	1	0	novel nomination	3.496838651793317	0.3207775058559955	0.6760611459373215	1.5	0.5	0.5	0.0	0.0	0.0	0.0
IL1RL1	Allergic conjunctivitis	H7_ALLERGICCONJUNCTIVITIS	VII Diseases of the eye and adnexa (H7_)	Ophthalmological	Cytokine/Interleukin	0.7811250462126929	1.0671539262626276e-05	6.649814331868987e-10	1.044992736585591	0.0005344530398896	1.0078747466608794e-12	False	False	3	2	0	novel nomination	3.4943545873508324	0.9943545866858512	6.649814331868987e-10	1.0	1.0	0.5	0.0	0.0	0.0	0.0
IL4	Allergic contact dermatitis	L12_ALLERGICCONTACT	XII Diseases of the skin and subcutaneous tissue (L12_)	Dermatological	Cytokine/Interleukin	0.4882028932660457	0.0011000243170171	0.9020536753038272	1.778568787232331	0.0073485638454222	0.0241236160153321	False	False	5	3	1	recovered known axis	3.493773218157707	0.5917195428538796	0.9020536753038272	1.5	1.5	0.5	0.0	0.0	1.5	0.0
IL18RAP	Allergic asthma (mode)	ALLERG_ASTHMA	Asthma and related endpoints	Respiratory	Cytokine/Interleukin	0.907397815118642	1.0889536147160895e-05	2.422994962684204e-07				False	False	5	1	0	novel nomination	3.492598366128302	0.9925981238288056	2.422994962684204e-07	1.5	0.5	0.5	0.0	0.0	0.0	0.0
PDCD1	Gender identity disorders	F5_GENDER	V Mental and behavioural disorders (F5_)	Neurological/Psychiatric	Immune checkpoint	0.1941508389869325	0.0023586484191504	0.9670256573275636				False	False	1	3	1	NOVEL colocalized	3.492493015399053	0.5254673580714896	0.9670256573275636	0.0	1.5	0.5	0.0	0.0	0.0	0.0
SCARB1	Coronary artery bypass grafting	I9_CABG	IX Diseases of the circulatory system (I9_)	Cardiovascular	Immune-cell-enriched	0.7387693137801271	3.347602840000159e-08	0.992601700942824				False	False	1	1	0	NOVEL colocalized	3.4876549154171546	1.4950532144743305	0.992601700942824	0.0	0.5	0.5	0.0	0.0	0.0	0.0
PSRC1	Disorder of lipoprotein metabolism, unspecified	E4_LIPOPROTNAS	IV Endocrine, nutritional and metabolic diseases (E4_)	Metabolic/Endocrine	Immune-cell-enriched	0.7415388249429278	1.1845206917923389e-05	0.9960348397895676				False	False	3	0	0	NOVEL colocalized	3.481326309470467	0.9852914696808993	0.9960348397895676	1.0	0.0	0.5	0.0	0.0	0.0	0.0
PSRC1	STROKE	C_STROKE	Comorbidities of Diabetes	Metabolic/Endocrine	Immune-cell-enriched	0.9147491208888632	0.0037512437016884	0.9903938628278954				False	True	3	0	0	NOVEL colocalized	3.4755588069766628	0.48516494414876743	0.9903938628278954	1.0	0.0	0.5	0.0	0.5	0.0	0.0
IL4R	Childhood asthma (age<16) (more control exclusions)	ASTHMA_CHILD_EXMORE	Asthma and related endpoints	Respiratory	Cytokine/Interleukin	0.6857733642399695	0.0008915808038298	0.3641428680151358	0.7596423480293413	0.09471985529214	0.035571311915889	False	True	1	3	1	novel nomination	3.4741107261478295	0.6099678581326934	0.3641428680151358	0.0	1.5	0.5	0.0	0.5	0.0	0.0
FES	Hard cardiovascular diseases	I9_CVD_HARD	Cardiometabolic endpoints	Cardiovascular	Immune-cell-enriched	0.9093076993741	0.0001033275162811	0.6754897917821003				False	False	5	0	0	novel nomination	3.4726465937362043	0.797156801954104	0.6754897917821003	1.5	0.0	0.5	0.0	0.0	0.0	0.0
IL4	Psoriasis	L12_PSORIASIS	XII Diseases of the skin and subcutaneous tissue (L12_)	Dermatological	Cytokine/Interleukin	1.7955955190555564	1.3837429061878042e-05	4.305775456975156e-06	1.010566673062956	0.9438590429472562	0.0246085186859736	False	True	5	3	1	recovered known axis	3.471793224282493	0.9717889185070364	4.305775456975156e-06	1.5	1.5	0.5	0.0	0.5	1.5	0.0
PVR	Dementia, including avohilmo	F5_DEMENTIA_INCLAVO	V Mental and behavioural disorders (F5_)	Neurological/Psychiatric	Immune-cell-enriched	0.6147392169348151	1.3944797050213805e-05	1.1439933124713705e-45	8.723947419219302	0.0	0.0727247089417319	False	False	3	2	0	novel nomination	3.4711175603973867	0.9711175603973865	1.1439933124713705e-45	1.0	1.0	0.5	0.0	0.0	0.0	0.0
TNFSF14	MS-disease / Multiple Sclerosis	G6_MS	VI Diseases of the nervous system (G6_)	Neurological/Psychiatric	TNF superfamily	0.4980323826686125	1.5193655606745198e-05	0.9990245528450764	0.3454705111381559	2.4850927982100757e-09	0.9983471926313492	True	False	2	2	0	recovered known axis	3.462692097232072	0.9636675443869954	0.9990245528450764	0.5	1.0	0.5	1.0	0.0	1.5	0.0
CD55	Retinal detachment with retinal break	H7_RETINALDETACHBREAK	VII Diseases of the eye and adnexa (H7_)	Ophthalmological	Complement/Coagulation	0.8586349958090447	0.0005452351896407	0.8096524836586874	1.113442249416419	0.0147423272517575	7.332757253465807e-05	False	True	1	2	0	NOVEL colocalized	3.4623357081463393	0.6526832244876519	0.8096524836586874	0.0	1.0	0.5	0.0	0.5	0.0	0.0
TNFSF12	Other disorders of eyelid	H7_EYELIDDIS	VII Diseases of the eye and adnexa (H7_)	Ophthalmological	TNF superfamily	1.1132031491779093	0.0012161507774307	0.8791257199712239	1.1706098595393428	2.910875094297438e-07	0.9482412459877464	True	False	2	1	0	NOVEL protein-confirmed	3.4621282356176324	0.5830025156464086	0.8791257199712239	0.5	0.5	0.0	1.0	0.0	0.0	0.0
LPL	Coronary atherosclerosis	I9_CORATHER	IX Diseases of the circulatory system (I9_)	Cardiovascular	Immune-cell-enriched	0.927942210071436	0.0051921613478377	2.7836752399373993e-10				False	True	2	3	1	novel nomination	3.4569303643139415	0.4569303640355741	2.7836752399373993e-10	0.5	1.5	0.5	0.0	0.5	0.0	0.0
CSF2RB	Dermatitis	L12_DERMATITISNAS	XII Diseases of the skin and subcutaneous tissue (L12_)	Dermatological	Cytokine/Interleukin	0.7360061759758043	0.0053581651014127	2.185278542973444e-05	0.9117704643309112	0.000634968427402	0.0182591927563076	True	False	1	3	1	novel nomination	3.454218634502183	0.45419678171675304	2.185278542973444e-05	0.0	1.5	0.5	1.0	0.0	0.0	0.0
CTLA4	Second line medication for Crohn's disease	RX_CROHN_2NDLINE	Drug purchase endpoints	Medication/Other	Immune checkpoint	0.7374820593098718	0.0033882430630405	0.9577366804723266				False	False	7	3	1	recovered known axis	3.451741768903826	0.4940050884314993	0.9577366804723266	1.5	1.5	0.5	0.0	0.0	1.5	0.0
FES	Ischaemic heart disease, wide definition	I9_IHD	IX Diseases of the circulatory system (I9_)	Cardiovascular	Immune-cell-enriched	0.909080012154113	8.452536115913447e-05	0.1370436926239012				False	True	5	0	0	novel nomination	3.4516462856057064	0.814602592981805	0.1370436926239012	1.5	0.0	0.5	0.0	0.5	0.0	0.0
LPL	Ischaemic heart disease, wide definition	I9_IHD	IX Diseases of the circulatory system (I9_)	Cardiovascular	Immune-cell-enriched	0.936283187908848	0.0059056948521173	6.300818268844293e-08				False	True	2	3	1	novel nomination	3.445745862374864	0.44574579936668146	6.300818268844293e-08	0.5	1.5	0.5	0.0	0.5	0.0	0.0
IL6ST	Other/unspecified rheumatoid arthritis	RHEUMA_NOS	Rheuma endpoints	Musculoskeletal	Cytokine/Interleukin	2.5105364366870973	0.006247457603573	0.9978684354183718	0.6981884778825932	0.0028139289743527	0.524173427676217	False	True	7	2	0	recovered known axis	3.438727771897547	0.44085933647917475	0.9978684354183718	1.5	1.0	0.5	0.0	0.5	1.5	0.0
PIK3IP1	Hypertension	I9_HYPTENS	IX Diseases of the circulatory system (I9_)	Cardiovascular	Immune-cell-enriched	1.0484890304176304	0.028352760067329	0.6181371264452468				False	False	4	1	0	novel nomination	3.427618057900594	0.3094809314553473	0.6181371264452468	1.5	0.5	0.5	0.0	0.0	0.0	0.0
LYPD3	Alzheimer’s disease (Early onset) (more control exclusions)	AD_EO_EXMORE	Neurological endpoints	Neurological/Psychiatric	Immune-cell-enriched	0.1162954744545147	2.4262600861463702e-05	0.0003801236900112	1.0721035909114969	0.8444088512065357	0.0518470552067535	False	False	4	1	0	novel nomination	3.4233926529309864	0.9230125292409752	0.0003801236900112	1.5	0.5	0.5	0.0	0.0	0.0	0.0
PLAUR	Abdominal aortic aneurysm (AAA)	I9_ABAORTANEUR	IX Diseases of the circulatory system (I9_)	Cardiovascular	Immune-cell-enriched	2.94803810474559	0.0078042476287217	0.9978479829946448	1.1442592251351067	0.405748747898941	0.021318858557628	False	False	1	3	1	NOVEL colocalized	3.4193817747742594	0.42153379177961475	0.9978479829946448	0.0	1.5	0.5	0.0	0.0	0.0	0.0
LIF	Type 1 diabetes, definitions combined	T1D	Diabetes endpoints	Metabolic/Endocrine	Cytokine/Interleukin	53.92530987716778	3.860434856056094e-07	0.6339948927876629	0.6207641057975536	0.0705969135443962	0.0159758159948475	False	False	3	1	0	novel nomination	3.416667647140958	1.2826727543532952	0.6339948927876629	1.0	0.5	0.0	0.0	0.0	0.0	0.0
PVR	Any dementia (more control exclusions)	KRA_PSY_DEMENTIA_EXMORE	Psychiatric endpoints from Katri Räikkönen	Other	Immune-cell-enriched	0.586834806969517	2.617051971013726e-05	1.1434075507475837e-45	7.899859686935401	0.0	0.0727247089417319	False	False	3	2	0	novel nomination	3.416437530557972	0.9164375305579722	1.1434075507475837e-45	1.0	1.0	0.5	0.0	0.0	0.0	0.0
PF4	Metabolic disorders	E4_METABOLIA	IV Endocrine, nutritional and metabolic diseases (E4_)	Metabolic/Endocrine	Chemokine axis	0.5006837977796178	2.6427074670044187e-10	0.0001374925006223				False	False	2	1	0	novel nomination	3.4157276741381555	1.915590181637533	0.0001374925006223	0.5	0.5	0.5	0.0	0.0	0.0	0.0
HAVCR1	Ulcerative colitis (strict definition, require KELA, min 2 HDR)	K11_UC_STRICT2	XI Diseases of the digestive system (K11_)	Gastrointestinal	Immune-cell-enriched	0.4323213606439787	0.0068950854806005	0.980385615628218	1.0004404239081657	0.9922274380763942	0.0040732195492233	False	False	3	1	0	NOVEL colocalized	3.412677684701392	0.4322920690731741	0.980385615628218	1.0	0.5	0.5	0.0	0.0	0.0	0.0
MAPRE3	Spondylopathies	M13_SPONDYLOPATHY	XIII Diseases of the musculoskeletal system and connective tissue (M13_)	Musculoskeletal	Immune-cell-enriched	0.8008210735695058	0.003787493718214	0.925603287389992				False	False	6	0	0	NOVEL colocalized	3.4099329031485013	0.484329615758509	0.925603287389992	1.5	0.0	0.5	0.0	0.0	0.0	0.0
PVR	Unspecific neurodegenerative disorder	G6_NEURODEGENERATIVE	VI Diseases of the nervous system (G6_)	Neurological/Psychiatric	Immune-cell-enriched	0.5875821583343295	2.924197590207456e-05	1.1425455794398446e-45	11.971231692999789	0.0	0.0727247089417319	False	False	3	2	0	novel nomination	3.4067986570242645	0.9067986570242643	1.1425455794398446e-45	1.0	1.0	0.5	0.0	0.0	0.0	0.0
PROC	Other hammer toe(s) (acquired)	M13_HAMMERTOE	XIII Diseases of the musculoskeletal system and connective tissue (M13_)	Musculoskeletal	Immune-cell-enriched	0.6154956379703963	0.007767633637172	0.9831725270796272	0.8149100849913127	0.384355607527989	0.0039443205177646	False	False	1	3	1	NOVEL colocalized	3.405114780329574	0.42194225324994694	0.9831725270796272	0.0	1.5	0.5	0.0	0.0	0.0	0.0
CTSH	Type1 diabetes, definitions combined, early onset	T1D_EARLY	Diabetes endpoints	Metabolic/Endocrine	Immune-cell-enriched	1.34239688070789	3.0335805960668267e-05	0.9980285017749342	1.242337603406189	4.470797954070349e-09	0.9983979736372746	True	False	1	0	0	NOVEL protein-confirmed	3.4016373942240397	0.9036088924491054	0.9980285017749342	0.0	0.0	0.5	1.0	0.0	0.0	0.0
TLR1	Lyme disease	AB1_LYME	I Certain infectious and parasitic diseases (AB1_)	Infection	Immune-cell-enriched	1.2464846591540235	0.0002444110715491	0.1747695740275905	0.9429281469753664	0.8333772174246228	0.0587118104996055	False	False	4	1	0	novel nomination	3.3971453990131817	0.7223758249855914	0.1747695740275905	1.5	0.5	0.5	0.0	0.0	0.0	0.0
BMP6	Hernia	K11_HERNIA	XI Diseases of the digestive system (K11_)	Gastrointestinal	Immune-cell-enriched	0.7168604715909629	1.0544441660274037e-07		0.7306755847244919	4.75231332286441e-06	0.0136959696401003	True	True	5	1	0	MHC-caution	3.395395282336759	1.3953952823367586	0.0	1.5	0.5	0.5	1.0	0.5	0.0	2.0
IL4	Childhood asthma (age<16) (more control exclusions)	ASTHMA_CHILD_EXMORE	Asthma and related endpoints	Respiratory	Cytokine/Interleukin	0.4782034343054619	3.511254866341247e-05	4.907822376129407e-06	0.8711769962710497	0.4829211776667861	0.0477722389260832	False	True	5	3	1	recovered known axis	3.390912437000318	0.8909075291779415	4.907822376129407e-06	1.5	1.5	0.5	0.0	0.5	1.5	0.0
FES	Calcific aortic valvular stenosis, operated	I9_CAVS_OPERATED	IX Diseases of the circulatory system (I9_)	Cardiovascular	Immune-cell-enriched	0.8467468889359335	0.0105585411147618	0.9930959687750264				False	False	5	0	0	NOVEL colocalized	3.3883751856956623	0.39527921692063617	0.9930959687750264	1.5	0.0	0.5	0.0	0.0	0.0	0.0
LRP1	Coronary atherosclerosis	I9_CORATHER	IX Diseases of the circulatory system (I9_)	Cardiovascular	Immune-cell-enriched	0.5483081326804462	0.0080584086412413	0.968363418061256	1.1516961887734989	0.1057598009989688	0.037889688892556	False	True	2	1	0	NOVEL colocalized	3.38711356073159	0.41875014267033395	0.968363418061256	0.5	0.5	0.5	0.0	0.5	0.0	0.0
SERPING1	Obesity	E4_OBESITY	IV Endocrine, nutritional and metabolic diseases (E4_)	Metabolic/Endocrine	Complement/Coagulation	1.154874680022266	0.0097264852136542	0.4836078606113315	0.931464987204647	2.226968156104902e-06	0.5561442896637342	False	False	4	1	0	novel nomination	3.3860166744298725	0.4024088138185412	0.4836078606113315	1.5	0.5	0.5	0.0	0.0	0.0	0.0
TLR1	Asthma/COPD (KELA code 203)	J10_ASTHMACOPDKELA	X Diseases of the respiratory system (J10_)	Respiratory	Immune-cell-enriched	1.1021994956165928	0.0004056789406843	0.2072192798488885	1.0534392392069938	0.6908140884701182	0.0509868271604085	False	False	4	1	0	novel nomination	3.3855827871480457	0.6783635072991574	0.2072192798488885	1.5	0.5	0.5	0.0	0.0	0.0	0.0
SPINK8	Diabetes, insulin treatment (Kela reimbursement) (more control exclusions)	KELA_DIAB_INSUL_EXMORE	Diabetes endpoints	Metabolic/Endocrine	Immune-cell-enriched	0.8456328184250436	0.0012160800481959	0.7972854437080724				False	False	3	1	0	novel nomination	3.3802930110652096	0.5830075673571373	0.7972854437080724	1.0	0.5	0.5	0.0	0.0	0.0	0.0
IL6ST	Biological medication for rheuma	RX_RHEUMA_BIOLOGICAL	Drug purchase endpoints	Medication/Other	Cytokine/Interleukin	2.643178290510262	4.140486786327659e-05	0.9999143035828896	0.9966653995091042	0.973682867195504	0.0147875135794091	False	False	7	2	0	recovered known axis	3.3765040229824734	0.8765897193995835	0.9999143035828896	1.5	1.0	0.5	0.0	0.0	1.5	0.0
TGFB2	Other hammer toe(s) (acquired)	M13_HAMMERTOE	XIII Diseases of the musculoskeletal system and connective tissue (M13_)	Musculoskeletal	Cytokine/Interleukin	4.042150852562376	0.0094200127847856	0.9670295171786568	1.7291452055460257	0.0001121490663786	0.8268746386410618	True	False	2	1	0	NOVEL protein-confirmed	3.372219218735621	0.40518970155696443	0.9670295171786568	0.5	0.5	0.0	1.0	0.0	0.0	0.0
CD46	Separation of retinal layers (serosa)	H7_RETINASEPAR	VII Diseases of the eye and adnexa (H7_)	Ophthalmological	Complement/Coagulation	37.45064648511338	3.297557047216205e-05	0.971204713982128				False	False	2	1	0	NOVEL colocalized	3.367566250480258	0.8963615364981299	0.971204713982128	0.5	0.5	0.5	0.0	0.0	0.0	0.0
IL4R	Asthma-related acute respiratory infections	ASTHMA_ACUTE_RESPIRATORY_INFECTIONS	Asthma and related endpoints	Respiratory	Cytokine/Interleukin	0.8286919444110787	0.0153765478468439	0.004541786322295	0.6964175098548848	9.617908809689268e-05	0.0501171062486114	True	False	1	3	1	novel nomination	3.3671700175302592	0.3626282312079641	0.004541786322295	0.0	1.5	0.5	1.0	0.0	0.0	0.0
EVI2B	Artrosis, including avohilmo	M13_ARTHROSIS_INCLAVO	XIII Diseases of the musculoskeletal system and connective tissue (M13_)	Musculoskeletal	Immune-cell-enriched	0.7706802545507474	2.855219633919044e-05	0.4531819330884228				False	False	3	1	0	novel nomination	3.3620540288116096	0.9088720957231871	0.4531819330884228	1.0	0.5	0.5	0.0	0.0	0.0	0.0
PRKCQ	Allergic asthma (mode)	ALLERG_ASTHMA	Asthma and related endpoints	Respiratory	Immune-cell-enriched	0.6678175372959729	0.0096919989544633	0.957562330452064				False	False	2	2	1	NOVEL colocalized	3.3602796587289836	0.4027173282769196	0.957562330452064	0.5	1.0	0.5	0.0	0.0	0.0	0.0
SWAP70	Cardiovascular diseases (excluding rheumatic etc)	FG_CVD	Cardiometabolic endpoints	Cardiovascular	Immune-cell-enriched	0.9212758966974428	0.0162082530911837	0.0006893473374949	0.9267918169801266	0.000510586162957	0.0013898191836123	True	False	5	0	0	novel nomination	3.3587421054256863	0.35805275808819126	0.0006893473374949	1.5	0.0	0.5	1.0	0.0	0.0	0.0
PLAUR	Coronary angioplasty	I9_ANGIO	IX Diseases of the circulatory system (I9_)	Cardiovascular	Immune-cell-enriched	1.7614424343882962	0.0150793773955938	0.9898904502855844	1.0845373076669915	0.3563818065317674	0.0122335326298207	False	False	1	3	1	NOVEL colocalized	3.3542137681756508	0.3643233178900661	0.9898904502855844	0.0	1.5	0.5	0.0	0.0	0.0	0.0
MAPRE3	Other soft tissue disorders, not elsewhere classified	M13_SOFTTISSUEOTH	XIII Diseases of the musculoskeletal system and connective tissue (M13_)	Musculoskeletal	Immune-cell-enriched	0.8007621612666683	0.0003211687329817	0.654789541716104				False	False	6	0	0	novel nomination	3.3534428900326834	0.6986533483165794	0.654789541716104	1.5	0.0	0.5	0.0	0.0	0.0	0.0
MAPRE3	Gonarthrosis	M13_ARTHROSIS_KNEE	XIII Diseases of the musculoskeletal system and connective tissue (M13_)	Musculoskeletal	Immune-cell-enriched	0.8110316527587068	0.0078042476287217	0.9253867408041856				False	False	6	0	0	NOVEL colocalized	3.3469205325838	0.42153379177961475	0.9253867408041856	1.5	0.0	0.5	0.0	0.0	0.0	0.0
LPL	Major coronary heart disease event	I9_CHD	IX Diseases of the circulatory system (I9_)	Cardiovascular	Immune-cell-enriched	0.9316830096525952	0.018598724123518	3.791162104921719e-06				False	True	2	3	1	novel nomination	3.3461071606531583	0.3461033694910532	3.791162104921719e-06	0.5	1.5	0.5	0.0	0.5	0.0	0.0
IL18RAP	Dermatitis and eczema	L12_DERMATITISECZEMA	XII Diseases of the skin and subcutaneous tissue (L12_)	Dermatological	Cytokine/Interleukin	0.95793781726592	6.045086645597429e-05	1.1535571728295034e-16				False	False	5	1	0	novel nomination	3.3437194939834654	0.8437194939834651	1.1535571728295034e-16	1.5	0.5	0.5	0.0	0.0	0.0	0.0
FES	Myocardial infarction, strict	I9_MI_STRICT	IX Diseases of the circulatory system (I9_)	Cardiovascular	Immune-cell-enriched	0.8779495165705917	0.0009280847199209	0.2340279928512209				False	True	5	0	0	novel nomination	3.3405104683585765	0.6064824755073556	0.2340279928512209	1.5	0.0	0.5	0.0	0.5	0.0	0.0
HAVCR1	Metabolic disorders	E4_METABOLIA	IV Endocrine, nutritional and metabolic diseases (E4_)	Metabolic/Endocrine	Immune-cell-enriched	1.3531811573310657	0.0015809476233637	0.7789492188908155	1.0007072700816868	0.9631067134898614	1.020698678136246e-05	False	False	3	1	0	novel nomination	3.339165722483238	0.5602165035924226	0.7789492188908155	1.0	0.5	0.5	0.0	0.0	0.0	0.0
ERBB3	Migraine, single triptan purchase ok & required. ICD-code if available is included	MIGRAINE_TRIPTAN	Neurological endpoints	Neurological/Psychiatric	Immune-cell-enriched	1.1973131204627974	0.0202423127109498	8.332560896595948e-19	1.049400698226605	0.6533440278405012	0.0081468499106554	False	False	7	2	0	novel nomination	3.338747974055927	0.3387479740559272	8.332560896595948e-19	1.5	1.0	0.5	0.0	0.0	0.0	0.0
ADM	Varicose veins	I9_VARICVE	IX Diseases of the circulatory system (I9_)	Cardiovascular	Immune-cell-enriched	1.1704400457390047	2.884658654329078e-07	0.0066187499245756	0.9584397453623612	0.6940278138402203	0.0363534872579443	False	False	3	1	0	novel nomination	3.314599863952184	1.307981114027608	0.0066187499245756	1.0	0.5	0.5	0.0	0.0	0.0	0.0
JMJD1C	Intrahepatic Cholestasis of Pregnancy (ICP)  (more control exclusions)	O15_ICP_EXMORE	XV Pregnancy, childbirth and the puerperium (O15_)	Other	Immune-cell-enriched	0.0786059955869911	0.0030154902499476	0.8058992826782769				False	False	4	0	0	NOVEL colocalized	3.31002769695925	0.5041284142809734	0.8058992826782769	1.5	0.0	0.5	0.0	0.0	0.0	0.0
MAPRE3	Pain in limb	M13_LIMBPAIN	XIII Diseases of the musculoskeletal system and connective tissue (M13_)	Musculoskeletal	Immune-cell-enriched	0.7891525684620998	0.0020906427087545	0.7738254083431136				False	False	6	0	0	novel nomination	3.3097694447135684	0.5359440363704547	0.7738254083431136	1.5	0.0	0.5	0.0	0.0	0.0	0.0
LIF	Type1 diabetes, definitions combined, early onset	T1D_EARLY	Diabetes endpoints	Metabolic/Endocrine	Cytokine/Interleukin	93.4259757868578	7.763150470554492e-06	0.7849665097648901	0.5228283158657027	0.0468037793733946	0.0166894362958454	False	False	3	1	0	novel nomination	3.306958908958893	1.0219923991940025	0.7849665097648901	1.0	0.5	0.0	0.0	0.0	0.0	0.0
FES	Coronary artery bypass grafting	I9_CABG	IX Diseases of the circulatory system (I9_)	Cardiovascular	Immune-cell-enriched	0.8323596181476466	0.0025267376423689	0.7873569552137946				False	False	5	0	0	novel nomination	3.3068449251429604	0.5194879699291657	0.7873569552137946	1.5	0.0	0.5	0.0	0.0	0.0	0.0
TNFSF12	Hypertension	I9_HYPTENS	IX Diseases of the circulatory system (I9_)	Cardiovascular	TNF superfamily	1.059272096895342	9.38051580092912e-05	1.8018632630945025e-08	1.0889280916724966	1.3659786635145112e-08	3.1586385726197116e-08	True	True	2	1	0	novel nomination	3.3055546741522353	0.8055546561336024	1.8018632630945025e-08	0.5	0.5	0.0	1.0	0.5	0.0	0.0
IL18RAP	Asthma-related pneumonia	ASTHMA_PNEUMONIA	Asthma and related endpoints	Respiratory	Cytokine/Interleukin	0.9250672293313488	0.0001998376438478	0.0641414474642806				False	False	5	1	0	novel nomination	3.3040059873474714	0.7398645398831906	0.0641414474642806	1.5	0.5	0.5	0.0	0.0	0.0	0.0
ASGR1	Disorders of lipoprotein metabolism and other lipidaemias	E4_LIPOPROT	IV Endocrine, nutritional and metabolic diseases (E4_)	Metabolic/Endocrine	Immune-cell-enriched	1.318654040071053	0.0006112058073694	0.1608533926891988	1.553460314925089	1.3482459593205928e-10	0.7710360744019679	True	False	2	1	0	novel nomination	3.303615898282314	0.642762505593115	0.1608533926891988	0.5	0.5	0.5	1.0	0.0	0.0	0.0
IL4	Other and unspecified psoriasis	L12_PSORI_NAS	XII Diseases of the skin and subcutaneous tissue (L12_)	Dermatological	Cytokine/Interleukin	2.7730971246150133	0.0096148211343015	0.8997298640172549	0.5773275443889989	0.1020685980709068	0.0097918143810376	False	False	5	3	1	recovered known axis	3.303141622134043	0.40341175811678837	0.8997298640172549	1.5	1.5	0.5	0.0	0.0	1.5	0.0
TLR1	Other spirochaetal diseases	AB1_OTHER_SPIROCHAETAL	I Certain infectious and parasitic diseases (AB1_)	Infection	Immune-cell-enriched	1.2387463351775654	0.0004182192245538	0.122338706599442	0.9286365619070716	0.7892453677182711	0.0579860068174661	False	False	4	1	0	novel nomination	3.298057908112229	0.6757192015127871	0.122338706599442	1.5	0.5	0.5	0.0	0.0	0.0	0.0
GZMB	Asthma-related infections	ASTHMA_INFECTIONS	Asthma and related endpoints	Respiratory	Immune-cell-enriched	1.106217111556778	0.0189534973177553	0.9533395572177692	1.0496707732301085	5.905137074879718e-06	0.983111478439764	True	False	1	1	0	NOVEL protein-confirmed	3.2978016855900627	0.3444621283722934	0.9533395572177692	0.0	0.5	0.5	1.0	0.0	0.0	0.0
AXL	Chronic sinusitis	J10_CHRONSINUSITIS	X Diseases of the respiratory system (J10_)	Respiratory	Immune-cell-enriched	1.3954547957430152	0.0170178397255661	0.93876231372463				False	False	1	3	1	NOVEL colocalized	3.2925814278958514	0.3538191141712215	0.93876231372463	0.0	1.5	0.5	0.0	0.0	0.0	0.0
CD79B	Cardiovascular diseases (excluding rheumatic etc)	FG_CVD	Cardiometabolic endpoints	Cardiovascular	Ig/B-cell/Fc	0.8195783174100136	0.0362592817256412	0.000440304975444				False	False	3	3	1	novel nomination	3.288556465628511	0.2881161606530672	0.000440304975444	1.0	1.5	0.5	0.0	0.0	0.0	0.0
IL4	Allergic rhinitis	ALLERG_RHINITIS	Comorbidities of Asthma	Respiratory	Cytokine/Interleukin	0.6918328608895427	0.0453141982982907	0.0170963961359311	0.7285865341415548	0.019437238401804	0.3678441886388911	True	False	5	3	1	recovered known axis	3.2858495359697235	0.26875313983379245	0.0170963961359311	1.5	1.5	0.5	1.0	0.0	1.5	0.0
EFNA1	Varicose veins	I9_VARICVE	IX Diseases of the circulatory system (I9_)	Cardiovascular	Immune-cell-enriched	0.4893400453009115	0.0001183484537498	1.8256682085138925e-05				False	False	4	1	0	novel nomination	3.285385739053427	0.7853674823713419	1.8256682085138925e-05	1.5	0.5	0.5	0.0	0.0	0.0	0.0
CA8	Rheumatoid arthritis	M13_RHEUMA	XIII Diseases of the musculoskeletal system and connective tissue (M13_)	Musculoskeletal	Immune-cell-enriched	0.746217049064143	0.0100959718337687	0.8827742868653535				False	True	3	0	0	NOVEL colocalized	3.2819446608081604	0.39917037394280697	0.8827742868653535	1.0	0.0	0.5	0.0	0.5	0.0	0.0
MAPRE3	Artrosis, including avohilmo	M13_ARTHROSIS_INCLAVO	XIII Diseases of the musculoskeletal system and connective tissue (M13_)	Musculoskeletal	Immune-cell-enriched	0.8601791992191388	0.009697165935519	0.8780386974609257				False	False	6	0	0	NOVEL colocalized	3.280709732018101	0.40267103455717573	0.8780386974609257	1.5	0.0	0.5	0.0	0.0	0.0	0.0
IL4R	Allergic asthma (mode)	ALLERG_ASTHMA	Asthma and related endpoints	Respiratory	Cytokine/Interleukin	0.6974540809208474	4.010807183994815e-07	7.088801496983739e-14	0.8386481670257329	0.1512263933507647	0.0526095551258262	False	False	1	3	1	novel nomination	3.2793536431679335	1.279353643167863	7.088801496983739e-14	0.0	1.5	0.5	0.0	0.0	0.0	0.0
PPP3R1	Anaemias	D3_ANAEMIA	III Diseases of the blood and blood-forming organs and certain disorders involving the immune mechanism (D3_)	Haematological/Immune	Immune-cell-enriched	1.1620334730297104	0.0167041518119573	0.9237225906971448	0.9945934097626884	0.9725124054386878	0.0364367379524077	False	False	2	2	1	NOVEL colocalized	3.2791577050314213	0.3554351143342763	0.9237225906971448	0.5	1.0	0.5	0.0	0.0	0.0	0.0
CTLA4	Actinic keratosis	L12_ACTINKERA	XII Diseases of the skin and subcutaneous tissue (L12_)	Dermatological	Immune checkpoint	1.4681018748237653	0.0132116537665319	0.9020015234721396				False	False	7	3	1	recovered known axis	3.2778100867209883	0.3758085632488486	0.9020015234721396	1.5	1.5	0.5	0.0	0.0	1.5	0.0
CTLA4	Disorders of orbit	H7_ORBIT	VII Diseases of the eye and adnexa (H7_)	Ophthalmological	Immune checkpoint	0.3235925482104682	0.0179945789276512	0.9258835037924926				False	False	7	3	1	recovered known axis	3.274855166065249	0.3489716622727571	0.9258835037924926	1.5	1.5	0.5	0.0	0.0	1.5	0.0
LCN2	Statin medication	RX_STATIN	IX Diseases of the circulatory system (I9_)	Cardiovascular	Immune-cell-enriched	0.8528537612272838	0.0001243400389492	0.9913848337365824				False	False	2	1	0	NOVEL colocalized	3.272462633921823	0.7810778001852406	0.9913848337365824	0.5	0.5	0.5	0.0	0.0	0.0	0.0
PRTN3	Sudden idiopathic hearing loss	H8_HL_IDIOP	VIII Diseases of the ear and mastoid process (H8_)	Other	Immune-cell-enriched	1.485480937378623	0.0363097730735885	0.9782492515497678	1.1165948810196098	0.0236066870236795	0.0714501811820256	True	False	1	1	0	NOVEL protein-confirmed	3.266244544610463	0.2879952930606949	0.9782492515497678	0.0	0.5	0.5	1.0	0.0	0.0	0.0
ERBB3	Psoriasis vulgaris	L12_PSORI_VULG	XII Diseases of the skin and subcutaneous tissue (L12_)	Dermatological	Immune-cell-enriched	0.6645244831360695	0.0467251080603883	1.866204558975684e-05	1.3204897294996796	0.2725397485169885	0.0001693549156834	False	False	7	2	0	novel nomination	3.2661085991580436	0.2660899371124538	1.866204558975684e-05	1.5	1.0	0.5	0.0	0.0	0.0	0.0
CA4	Irregular menses	N14_MENSIRREG	XIV Diseases of the genitourinary system (N14_)	Renal/Genitourinary	Immune-cell-enriched	1.2697337993600897	0.01667251742044	0.909447980550119				False	False	1	3	1	NOVEL colocalized	3.265047744576581	0.3555997640264621	0.909447980550119	0.0	1.5	0.5	0.0	0.0	0.0	0.0
MAPRE3	Rheumatism, unspecified	M13_RHEUMATISM	XIII Diseases of the musculoskeletal system and connective tissue (M13_)	Musculoskeletal	Immune-cell-enriched	0.5391239313252733	0.0024756866426303	0.736323473678711				False	False	6	0	0	novel nomination	3.257584338984607	0.5212608653058963	0.736323473678711	1.5	0.0	0.5	0.0	0.0	0.0	0.0
TGFB2	Hallux valgus (acquired)	M13_HALLUXVALGUS	XIII Diseases of the musculoskeletal system and connective tissue (M13_)	Musculoskeletal	Cytokine/Interleukin	2.6973509048062287	0.0018816064793028	0.7121238921910089	1.5071858233407085	1.016105029361114e-05	0.2081707271104356	True	False	2	1	0	novel nomination	3.257218132213096	0.5450942400220871	0.7121238921910089	0.5	0.5	0.0	1.0	0.0	0.0	0.0
TLR1	Conjunctivitis	H7_CONJUNCTIVITIS	VII Diseases of the eye and adnexa (H7_)	Ophthalmological	Immune-cell-enriched	1.1238051050190547	0.000208312816572	0.0175595308490376	1.1724455760882446	0.2918329041923693	0.058246783114742	False	False	4	1	0	novel nomination	3.253816332648963	0.7362568017999255	0.0175595308490376	1.5	0.5	0.5	0.0	0.0	0.0	0.0
CTLA4	Other (seronegative) rheumatoid arthritis, wide	RHEUMA_OTHER_WIDE	Rheuma endpoints	Musculoskeletal	Immune checkpoint	0.6107021031795942	0.0335077621563668	0.9588106602689636				False	False	7	3	1	recovered known axis	3.2537815754515034	0.29497091518254015	0.9588106602689636	1.5	1.5	0.5	0.0	0.0	1.5	0.0
CSF2RB	Androgenic alopecia	L12_ALOPECANDRO	XII Diseases of the skin and subcutaneous tissue (L12_)	Dermatological	Cytokine/Interleukin	0.0632487206022762	0.0398931312288856	0.9699754929312228	1.135402276870929	0.6421786584678992	0.0265117623746595	False	False	1	3	1	NOVEL colocalized	3.2497958678098584	0.27982037487863576	0.9699754929312228	0.0	1.5	0.5	0.0	0.0	0.0	0.0
DAPK2	Primary angle-closure glaucoma	H7_GLAUCCLOSEPRIM	VII Diseases of the eye and adnexa (H7_)	Ophthalmological	Immune-cell-enriched	2.660390808539422	0.0335726741150929	0.9544627586331742	4.285975898698622	1.4135840531004362e-05	0.9531671463225024	True	False	1	1	0	NOVEL protein-confirmed	3.2492655716634298	0.2948028130302557	0.9544627586331742	0.0	0.5	0.5	1.0	0.0	0.0	0.0
CD2	Autoimmune diseases	AUTOIMMUNE	Diseases marked as autimmune origin	Haematological/Immune	CD/Leukocyte surface	1.4077186889128428	0.0014854860097147	0.1734826675264594	1.155360343120042	0.4064204463329586	0.005418529377725	False	False	2	3	1	novel nomination	3.239108954330474	0.5656262868040146	0.1734826675264594	0.5	1.5	0.5	0.0	0.0	0.0	0.0
CASP3	Colorectal adenocarcinoma, excluding all cancers (controls excluding all cancers)	C3_COLORECTAL_ADENO_EXALLC	II Neoplasms, from cancer register (ICD-O-3)	Neoplasm	Immune-cell-enriched	0.7953386008083518	0.0133004280019705	0.8591659697432509	1.0183884933717593	0.9334641921250664	0.0008323280745303	False	False	2	2	1	NOVEL colocalized	3.234392846423469	0.3752268766802182	0.8591659697432509	0.5	1.0	0.5	0.0	0.0	0.0	0.0
IGF1R	Acute laryngitis and tracheitis	J10_LARYNGITIS	X Diseases of the respiratory system (J10_)	Respiratory	Immune-cell-enriched	0.6338696675234602	0.0494020839165718	0.9729351650530134	0.8286423398427918	0.4844512675721288	0.0124888806267065	False	False	1	3	1	NOVEL colocalized	3.2341861112424573	0.2612509461894439	0.9729351650530134	0.0	1.5	0.5	0.0	0.0	0.0	0.0
IL18R1	Carcinoma in situ of skin (controls excluding all cancers)	CD2_INSITU_SKIN_EXALLC	II Neoplasms from hospital discharges (CD2_)	Neoplasm	Cytokine/Interleukin	1.457241868467648	0.0489137295945566	0.970415768913893	0.865990817359672	0.0072686230035805	0.249681924031964	False	False	3	1	0	NOVEL colocalized	3.232529613243594	0.262113844329701	0.970415768913893	1.0	0.5	0.5	0.0	0.0	0.0	0.0
F12	Obesity, other/unspecified	E4_OBESITYNAS	IV Endocrine, nutritional and metabolic diseases (E4_)	Metabolic/Endocrine	Immune-cell-enriched	1.7283622868067796	0.0446327660358845	0.9600440840380629				False	False	1	3	1	NOVEL colocalized	3.230113323578327	0.27006923954026424	0.9600440840380629	0.0	1.5	0.5	0.0	0.0	0.0	0.0
PROCR	Artrosis, including avohilmo	M13_ARTHROSIS_INCLAVO	XIII Diseases of the musculoskeletal system and connective tissue (M13_)	Musculoskeletal	Immune-cell-enriched	1.2036279061163433	0.0003277180492843	3.9579059033028e-11				False	False	2	3	1	novel nomination	3.1968999278212613	0.6968999277816823	3.9579059033028e-11	0.5	1.5	0.5	0.0	0.0	0.0	0.0
CA8	Autoimmune diseases	AUTOIMMUNE	Diseases marked as autimmune origin	Haematological/Immune	Immune-cell-enriched	0.8533828127978681	4.406958148630152e-06	0.6255765934647689				False	False	3	0	0	novel nomination	3.196748808228013	1.0711722147632439	0.6255765934647689	1.0	0.0	0.5	0.0	0.0	0.0	0.0
MAPKAPK2	Ulcerative colitis (strict definition, require KELA, min 2 HDR)	K11_UC_STRICT2	XI Diseases of the digestive system (K11_)	Gastrointestinal	Immune-cell-enriched	2.636683249863128	3.461192909165125e-09	4.276445677926512e-14				False	False	2	1	0	novel nomination	3.192154838936296	1.692154838936253	4.276445677926512e-14	0.5	0.5	0.5	0.0	0.0	0.0	0.0
CRIM1	Diverticular disease of intestine	K11_DIVERTIC	XI Diseases of the digestive system (K11_)	Gastrointestinal	Immune-cell-enriched	0.7705517665943218	0.0004416801644178	0.0179013347918421	0.8311982958231124	0.0538416914924768	0.0287643140621769	False	False	4	1	0	novel nomination	3.1888797556317314	0.6709784208398896	0.0179013347918421	1.5	0.5	0.5	0.0	0.0	0.0	0.0
IL18RAP	Chronic sinusitis	J10_CHRONSINUSITIS	X Diseases of the respiratory system (J10_)	Respiratory	Cytokine/Interleukin	0.9379946582121184	0.0012554537750037	0.1085442657962821				False	False	5	1	0	novel nomination	3.1887841204160265	0.5802398546197447	0.1085442657962821	1.5	0.5	0.5	0.0	0.0	0.0	0.0
MERTK	Antihypertensive medication - note that there are other indications	RX_ANTIHYP	Drug purchase endpoints	Medication/Other	Immune-cell-enriched	1.0441402237458766	0.0315520439624721	0.8806638880136507				False	False	3	1	0	NOVEL colocalized	3.1808583883380646	0.30019450032441364	0.8806638880136507	1.0	0.5	0.5	0.0	0.0	0.0	0.0
HAVCR1	Coeliac disease	K11_COELIAC	XI Diseases of the digestive system (K11_)	Gastrointestinal	Immune-cell-enriched	2.414271024768988	0.0458176736098087	0.9123792884754937	1.0825559313050142	0.1413199480525842	0.0247253257087927	False	False	3	1	0	NOVEL colocalized	3.1801726816491755	0.2677933931736819	0.9123792884754937	1.0	0.5	0.5	0.0	0.0	0.0	0.0
LTBP3	Acne	L12_ACNE	XII Diseases of the skin and subcutaneous tissue (L12_)	Dermatological	Cytokine/Interleukin	1.309696788127353	0.0497324699186735	0.4192145668384775				False	False	6	1	0	novel nomination	3.1798865611154445	0.2606719942769672	0.4192145668384775	1.5	0.5	0.5	0.0	0.0	0.0	0.0
HGF	Other obstructive and reflux uropathy	N14_OBSTRUREFLUROPATH	XIV Diseases of the genitourinary system (N14_)	Renal/Genitourinary	Immune-cell-enriched	0.0914394496650347	0.0446234596915957	0.9026000708570004	0.4500143543611257	3.968052307756764e-05	0.9048078544687408	True	False	1	1	0	NOVEL protein-confirmed	3.17268742316846	0.27008735231145986	0.9026000708570004	0.0	0.5	0.5	1.0	0.0	0.0	0.0
PIK3IP1	Diabetes, insulin treatment (Kela reimbursement) (more control exclusions)	KELA_DIAB_INSUL_EXMORE	Diabetes endpoints	Metabolic/Endocrine	Immune-cell-enriched	1.0624068108603977	0.0083575550281403	0.2494848288020013				False	False	4	1	0	novel nomination	3.1650689798474585	0.4155841510454573	0.2494848288020013	1.5	0.5	0.5	0.0	0.0	0.0	0.0
ASGR1	Metabolic disorders	E4_METABOLIA	IV Endocrine, nutritional and metabolic diseases (E4_)	Metabolic/Endocrine	Immune-cell-enriched	1.2305532126874084	0.014385079848307	0.2942264031157539	1.3747283880791603	1.0166631181363073e-07	0.6818545475552963	True	False	2	1	0	novel nomination	3.162643947735165	0.36841754461941123	0.2942264031157539	0.5	0.5	0.5	1.0	0.0	0.0	0.0
IL18RAP	Childhood allergy (age < 16)	CHILDHOOD_ALLERGY	Asthma and related endpoints	Respiratory	Cytokine/Interleukin	0.8914036333451821	0.0005464484711057	0.0035245904406946				False	False	5	1	0	novel nomination	3.1560147474011355	0.652490156960441	0.0035245904406946	1.5	0.5	0.5	0.0	0.0	0.0	0.0
LTBP3	Coxarthrosis, primary, with hip surgery	M13_ARTHTROSIS_COX_PRIM_HIPSURG	XIII Diseases of the musculoskeletal system and connective tissue (M13_)	Musculoskeletal	Cytokine/Interleukin	0.8397207307808233	0.0005464484711057	1.2962043271833656e-08				False	False	6	1	0	novel nomination	3.1524901699224843	0.652490156960441	1.2962043271833656e-08	1.5	0.5	0.5	0.0	0.0	0.0	0.0
EVI2B	Coxarthrosis	M13_ARTHTROSIS_COX	XIII Diseases of the musculoskeletal system and connective tissue (M13_)	Musculoskeletal	Immune-cell-enriched	0.6805151067221655	0.0063033977403419	0.7099803665306046				False	False	3	1	0	novel nomination	3.1500654241920807	0.4400850576614762	0.7099803665306046	1.0	0.5	0.5	0.0	0.0	0.0	0.0
TMEM106A	Shoulder lesions	M13_SHOULDER	XIII Diseases of the musculoskeletal system and connective tissue (M13_)	Musculoskeletal	Immune-cell-enriched	0.8458589007567047	0.0276262378130988	0.8263302697392094				False	False	3	1	0	NOVEL colocalized	3.138065920539182	0.3117356507999727	0.8263302697392094	1.0	0.5	0.5	0.0	0.0	0.0	0.0
IL18RAP	Obesity related asthma	ASTHMA_OBESITY	Comorbidities of Asthma	Respiratory	Cytokine/Interleukin	0.9292029334112308	0.0032336142225582	0.1343444159262452				False	False	5	1	0	novel nomination	3.132406774655572	0.4980623587293267	0.1343444159262452	1.5	0.5	0.5	0.0	0.0	0.0	0.0
LTBP3	Diabetes, insulin treatment (Kela reimbursement) (more control exclusions)	KELA_DIAB_INSUL_EXMORE	Diabetes endpoints	Metabolic/Endocrine	Cytokine/Interleukin	1.085190025941538	0.0217917383311081	0.2989621056582398				False	False	6	1	0	novel nomination	3.1313037305819487	0.3323416249237089	0.2989621056582398	1.5	0.5	0.5	0.0	0.0	0.0	0.0
MAPRE3	Arthropathies	M13_ARTHROPATHIES	XIII Diseases of the musculoskeletal system and connective tissue (M13_)	Musculoskeletal	Immune-cell-enriched	0.8594350118483483	0.0005883183232787	0.4819731243339262				False	False	6	0	0	novel nomination	3.128050649378549	0.6460775250446231	0.4819731243339262	1.5	0.0	0.5	0.0	0.0	0.0	0.0
PPP3R1	Cardiovascular diseases (excluding rheumatic etc)	FG_CVD	Cardiometabolic endpoints	Cardiovascular	Immune-cell-enriched	1.070344747075329	0.0321682922665358	0.8262133292276294	1.135720100763456	0.0866690763920092	0.0291476406737893	False	False	2	2	1	NOVEL colocalized	3.124727728044476	0.2985143988168465	0.8262133292276294	0.5	1.0	0.5	0.0	0.0	0.0	0.0
HAVCR1	Pure hypercholesterolaemia	E4_HYPERCHOL	IV Endocrine, nutritional and metabolic diseases (E4_)	Metabolic/Endocrine	Immune-cell-enriched	1.5342350480177191	0.0002154631821555	0.3898351768845786	0.9901194772564345	0.6196600042493885	2.104133025335369e-07	False	False	3	1	0	novel nomination	3.12316056296228	0.7333253860777013	0.3898351768845786	1.0	0.5	0.5	0.0	0.0	0.0	0.0
IL1RN	Disorders of skin appendages	L12_DISORDSKINAPPENDIX	XII Diseases of the skin and subcutaneous tissue (L12_)	Dermatological	Cytokine/Interleukin	0.7015736517318195	0.0369770993855257	0.8365414749444394	0.907302825391217	0.5023818693230397	0.0008818932817815	False	False	3	1	0	NOVEL colocalized	3.122954906831661	0.2864134318872215	0.8365414749444394	1.0	0.5	0.5	0.0	0.0	0.0	0.0
MAPRE3	Anaemias	D3_ANAEMIA	III Diseases of the blood and blood-forming organs and certain disorders involving the immune mechanism (D3_)	Haematological/Immune	Immune-cell-enriched	0.7355664549742471	0.0201673620260822	0.7837723172516274				False	False	6	0	0	novel nomination	3.1228424983670413	0.33907018111541415	0.7837723172516274	1.5	0.0	0.5	0.0	0.0	0.0	0.0
NGFR	Cardiovascular diseases (excluding rheumatic etc)	FG_CVD	Cardiometabolic endpoints	Cardiovascular	Immune-cell-enriched	0.6533640598248479	0.0004031774544315	0.9317257403658774				False	False	2	1	0	NOVEL colocalized	3.110626492667348	0.6789007523014707	0.9317257403658774	0.5	0.5	0.5	0.0	0.0	0.0	0.0
CA8	Disorders of the thyroid gland	E4_THYROID	IV Endocrine, nutritional and metabolic diseases (E4_)	Metabolic/Endocrine	Immune-cell-enriched	0.8444323084918102	0.000414912507411	0.9312156575415816				False	False	3	0	0	NOVEL colocalized	3.1076243522013796	0.6764086946597981	0.9312156575415816	1.0	0.0	0.5	0.0	0.0	0.0	0.0
DUSP13	Shoulder lesions	M13_SHOULDER	XIII Diseases of the musculoskeletal system and connective tissue (M13_)	Musculoskeletal	Immune-cell-enriched	1.904789278914735	0.0354887377075775	0.8091302157826002				False	True	2	1	0	NOVEL colocalized	3.099112105326342	0.2899818895437418	0.8091302157826002	0.5	0.5	0.5	0.0	0.5	0.0	0.0
CTLA4	Postprocedural endocrine and metabolic disorders, not elsewhere classified	E4_ENDOMETPOSTOP	IV Endocrine, nutritional and metabolic diseases (E4_)	Metabolic/Endocrine	Immune checkpoint	0.5320474340715793	0.0280507364929036	0.7836290088116051				False	False	7	3	1	recovered known axis	3.0940401551184458	0.31041114630684064	0.7836290088116051	1.5	1.5	0.5	0.0	0.0	1.5	0.0
PSRC1	Abdominal aortic aneurysm (AAA)	I9_ABAORTANEUR	IX Diseases of the circulatory system (I9_)	Cardiovascular	Immune-cell-enriched	0.7501091186093694	0.0010392953488473	0.9930245747861516				False	False	3	0	0	NOVEL colocalized	3.089676778047166	0.5966522032610146	0.9930245747861516	1.0	0.0	0.5	0.0	0.0	0.0	0.0
CTSH	Type 1 diabetes, definitions combined	T1D	Diabetes endpoints	Metabolic/Endocrine	Immune-cell-enriched	1.2279126557902569	0.001133660684814	0.9983971816934452	1.1578107648603877	5.965780762728912e-07	0.9961653254012148	True	False	1	0	0	NOVEL protein-confirmed	3.0875005645676445	0.5891033828741994	0.9983971816934452	0.0	0.0	0.5	1.0	0.0	0.0	0.0
EVI2B	Coxarthrosis, primary	M13_ARTHTROSIS_COX_PRIM_ICD10	XIII Diseases of the musculoskeletal system and connective tissue (M13_)	Musculoskeletal	Immune-cell-enriched	0.6879544880474889	0.012042421371571	0.6937106078701523				False	False	3	1	0	novel nomination	3.077567843997696	0.3838572361275438	0.6937106078701523	1.0	0.5	0.5	0.0	0.0	0.0	0.0
PSRC1	Diseases of arteries, arterioles and capillaries (FINNGEN)	FG_DOAAC	IX Diseases of the circulatory system (I9_)	Cardiovascular	Immune-cell-enriched	0.8701201176627011	0.0011826136241467	0.987376401489584				False	False	3	0	0	NOVEL colocalized	3.0728078259045652	0.5854314244149812	0.987376401489584	1.0	0.0	0.5	0.0	0.0	0.0	0.0
SCARB1	Coronary revascularization (ANGIO or CABG)	I9_REVASC	IX Diseases of the circulatory system (I9_)	Cardiovascular	Immune-cell-enriched	0.823942742184763	4.15504005228093e-06	0.995692225890369				False	False	1	1	0	NOVEL colocalized	3.071977182990735	1.0762849571003659	0.995692225890369	0.0	0.5	0.5	0.0	0.0	0.0	0.0
JMJD1C	Iron deficiency anaemia	D3_ANAEMIA_IRONDEF	III Diseases of the blood and blood-forming organs and certain disorders involving the immune mechanism (D3_)	Haematological/Immune	Immune-cell-enriched	2.508823060888506	0.0114143302420887	0.6801434483621693				False	False	4	0	0	novel nomination	3.0686533616611964	0.3885099132990272	0.6801434483621693	1.5	0.0	0.5	0.0	0.0	0.0	0.0
MAPRE3	Polyarthrosis	M13_ARTHROSIS_POLY	XIII Diseases of the musculoskeletal system and connective tissue (M13_)	Musculoskeletal	Immune-cell-enriched	0.6273895514193926	0.0207920946785747	0.7259861757765672				False	False	6	0	0	novel nomination	3.06240652695769	0.3364203511811228	0.7259861757765672	1.5	0.0	0.5	0.0	0.0	0.0	0.0
PLAUR	Hard cardiovascular diseases	I9_CVD_HARD	Cardiometabolic endpoints	Cardiovascular	Immune-cell-enriched	1.3801596582730442	0.0037467296652844	0.5718308470943568	1.0406589356373324	0.3862507673777178	0.0065942321571233	False	False	1	3	1	novel nomination	3.0571003753082984	0.48526952821394176	0.5718308470943568	0.0	1.5	0.5	0.0	0.0	0.0	0.0
TEX101	Dementia, including avohilmo	F5_DEMENTIA_INCLAVO	V Mental and behavioural disorders (F5_)	Neurological/Psychiatric	Immune-cell-enriched	1.3430832682911007	5.78175046296324e-06	1.2221759777681998e-63				False	False	2	2	0	novel nomination	3.0475881312323705	1.0475881312323705	1.2221759777681998e-63	0.5	1.0	0.5	0.0	0.0	0.0	0.0
ITGAX		CURRENT_SMOKER	Miscellaneous, not yet classified endpoints	Other	Immune-cell-enriched	0.9557571974778644	0.0115446268092432	0.6577435598915645				False	False	1	3	1	novel nomination	3.0452675801898375	0.38752402029827315	0.6577435598915645	0.0	1.5	0.5	0.0	0.0	0.0	0.0
TG	Autoimmune diseases	AUTOIMMUNE	Diseases marked as autimmune origin	Haematological/Immune	Immune-cell-enriched	1.1013718736703526	0.001495536222738	0.9785970786387784	0.9737816843778476	0.8414751661126603	0.0014769874884188	False	False	2	1	0	NOVEL colocalized	3.043637691367956	0.5650406127291778	0.9785970786387784	0.5	0.5	0.5	0.0	0.0	0.0	0.0
EVI2B	Coxarthrosis, primary, with hip surgery	M13_ARTHTROSIS_COX_PRIM_HIPSURG	XIII Diseases of the musculoskeletal system and connective tissue (M13_)	Musculoskeletal	Immune-cell-enriched	0.6435489970611162	0.0074942885378636	0.6054164350087778				False	False	3	1	0	novel nomination	3.0304703530354535	0.4250539180266758	0.6054164350087778	1.0	0.5	0.5	0.0	0.0	0.0	0.0
PIK3IP1	Hypothyroidism, strict autoimmune	E4_HYTHY_AI_STRICT	IV Endocrine, nutritional and metabolic diseases (E4_)	Metabolic/Endocrine	Immune-cell-enriched	0.9386563692475192	0.0322937799974147	0.2261323819716069				False	False	4	1	0	novel nomination	3.0243086055111394	0.29817622353953277	0.2261323819716069	1.5	0.5	0.5	0.0	0.0	0.0	0.0
TEX101	Alzheimer disease	G6_ALZHEIMER	VI Diseases of the nervous system (G6_)	Neurological/Psychiatric	Immune-cell-enriched	1.468724574789542	7.752192972203836e-06	3.597094493909054e-54				False	False	2	2	0	novel nomination	3.0221150850211744	1.0221150850211747	3.597094493909054e-54	0.5	1.0	0.5	0.0	0.0	0.0	0.0
IL6ST	Seropositive rheumatoid arthritis, strict definition	RHEUMA_SEROPOS_STRICT	Rheuma endpoints	Musculoskeletal	Cytokine/Interleukin	2.3905834593874467	0.0025122779736273	0.99905876315802	0.9995056359072813	0.9962522294351877	0.0155332766521618	False	False	7	2	0	recovered known axis	3.0190452250197115	0.5199864618616916	0.99905876315802	1.5	1.0	0.5	0.0	0.0	1.5	0.0
LTBP3	Coxarthrosis, primary	M13_ARTHTROSIS_COX_PRIM_ICD10	XIII Diseases of the musculoskeletal system and connective tissue (M13_)	Musculoskeletal	Cytokine/Interleukin	0.8674883956166304	0.0025871386180788	1.1143159074518045e-07				False	False	6	1	0	novel nomination	3.017436171691072	0.5174360602594815	1.1143159074518045e-07	1.5	0.5	0.5	0.0	0.0	0.0	0.0
TNFSF14	Disorders of the thyroid gland	E4_THYROID	IV Endocrine, nutritional and metabolic diseases (E4_)	Metabolic/Endocrine	TNF superfamily	0.880416251381752	0.001644796937881	0.9573293803979436	0.8235965039878083	4.47713172313513e-07	0.987482887399802	True	False	2	2	0	recovered known axis	3.014106922639993	0.5567775422420491	0.9573293803979436	0.5	1.0	0.5	1.0	0.0	1.5	0.0
AMIGO1	Statin medication	RX_STATIN	IX Diseases of the circulatory system (I9_)	Cardiovascular	Immune-cell-enriched	0.8466871379006695	2.462082517543251e-11	1.418833149639916e-156	0.8815444210209734	0.2420622305705748	0.0533199250372697	False	False	1	1	0	novel nomination	3.0	2.0	1.418833149639916e-156	0.0	0.5	0.5	0.0	0.0	0.0	0.0
ATP1B1	Other coagulation defects	D3_COAGOTHER	III Diseases of the blood and blood-forming organs and certain disorders involving the immune mechanism (D3_)	Haematological/Immune	Immune-cell-enriched	0.53438769557585	1.7958421603703282e-13	0.0				False	False	1	1	0	novel nomination	3.0	2.0	0.0	0.0	0.5	0.5	0.0	0.0	0.0	0.0
ATP1B1	Other and unspecified coagulation defects	D3_COAGDEFNAS	III Diseases of the blood and blood-forming organs and certain disorders involving the immune mechanism (D3_)	Haematological/Immune	Immune-cell-enriched	0.4481945841390246	1.4684793979162295e-14	0.0				False	False	1	1	0	novel nomination	3.0	2.0	0.0	0.0	0.5	0.5	0.0	0.0	0.0	0.0
C2	Rheumatoid arthritis	M13_RHEUMA	XIII Diseases of the musculoskeletal system and connective tissue (M13_)	Musculoskeletal	Complement/Coagulation	4.411784661989173	7.6372331567933465e-34					False	True	11	1	0	MHC-caution	3.0	2.0	0.0	1.5	0.5	0.5	0.0	0.5	0.0	2.0
C2	Other/unspecified rheumatoid arthritis	RHEUMA_NOS	Rheuma endpoints	Musculoskeletal	Complement/Coagulation	4.758153515024508	7.676269253345186e-11					False	True	11	1	0	MHC-caution	3.0	2.0	0.0	1.5	0.5	0.5	0.0	0.5	0.0	2.0
C2	Polyarthropathies	M13_POLYARTHROPATHIES	XIII Diseases of the musculoskeletal system and connective tissue (M13_)	Musculoskeletal	Complement/Coagulation	2.07559879429806	5.6452922516472e-22					False	True	11	1	0	MHC-caution	3.0	2.0	0.0	1.5	0.5	0.5	0.0	0.5	0.0	2.0
EFNA1	Fracture of forearm	ST19_FRACT_FOREA	XIX Injury, poisoning and certain other consequences of external causes (ST19_)	Other	Immune-cell-enriched	1.881882658551672	0.0272140339322699	0.185153256276841				False	False	4	1	0	novel nomination	2.9981946718850514	0.3130414156082105	0.185153256276841	1.5	0.5	0.5	0.0	0.0	0.0	0.0
FES	Statin medication	RX_STATIN	IX Diseases of the circulatory system (I9_)	Cardiovascular	Immune-cell-enriched	0.939486784738881	0.0102635618717422	0.5950536891340557				False	False	5	0	0	novel nomination	2.9927940681915057	0.39774037905745	0.5950536891340557	1.5	0.0	0.5	0.0	0.0	0.0	0.0
SATB1	Dermatitis and eczema	L12_DERMATITISECZEMA	XII Diseases of the skin and subcutaneous tissue (L12_)	Dermatological	Immune-cell-enriched	1.3004509022674358	2.538435708243245e-08	0.9711980480413488	0.826692090059126	5.224102900891481e-05	0.0258071902619311	False	False	1	0	0	NOVEL colocalized	2.9902848143678566	1.519086766326508	0.9711980480413488	0.0	0.0	0.5	0.0	0.0	0.0	0.0
VAT1	Rotator cuff syndrome	M13_ROTATORCUFF	XIII Diseases of the musculoskeletal system and connective tissue (M13_)	Musculoskeletal	Immune-cell-enriched	0.8855868080911896	0.0358394091735763	0.701064018489436				False	True	3	0	0	novel nomination	2.9901918501818794	0.2891278316924433	0.701064018489436	1.0	0.0	0.5	0.0	0.5	0.0	0.0
TEX101	Unspecific neurodegenerative disorder	G6_NEURODEGENERATIVE	VI Diseases of the nervous system (G6_)	Neurological/Psychiatric	Immune-cell-enriched	1.3813812631583124	1.123527950956141e-05	1.406166564771647e-62				False	False	2	2	0	novel nomination	2.989883223759781	0.9898832237597814	1.406166564771647e-62	0.5	1.0	0.5	0.0	0.0	0.0	0.0
TNFRSF4	Allergic rhinitis	ALLERG_RHINITIS	Comorbidities of Asthma	Respiratory	Immune checkpoint	0.7713579656240992	0.0030639491905164	0.9866479664074796	0.9485682934377582	0.5840514066218083	0.0230834371812576	False	False	2	1	0	NOVEL colocalized	2.989391654584904	0.5027436881774244	0.9866479664074796	0.5	0.5	0.5	0.0	0.0	0.0	0.0
CDH2	Diabetic retinopathy (more control exclusions)	DM_RETINOPATHY_EXMORE	Diabetes endpoints	Metabolic/Endocrine	Immune-cell-enriched	1.1735731036393908	0.0031111432114099	0.9786437020025082				False	False	2	1	0	NOVEL colocalized	2.9800597014205263	0.5014159994180183	0.9786437020025082	0.5	0.5	0.5	0.0	0.0	0.0	0.0
TMEM106A	Malignant neoplasm, excluding all cancers (controls excluding all cancers)	C3_CANCER_EXALLC	II Neoplasms, from cancer register (ICD-O-3)	Neoplasm	Immune-cell-enriched	1.1244592932055764	0.0453141982982907	0.7073443998368912				False	False	3	1	0	novel nomination	2.9760975396706835	0.26875313983379245	0.7073443998368912	1.0	0.5	0.5	0.0	0.0	0.0	0.0
IL4	Psoriatic arthropathies	M13_PSORIARTH	XIII Diseases of the musculoskeletal system and connective tissue (M13_)	Musculoskeletal	Cytokine/Interleukin	2.733802986474461	1.3944797050213805e-05	0.0034116222507897	0.616008583050301	0.0581242088061806	0.0186471004866746	False	False	5	3	1	recovered known axis	2.974529182648176	0.9711175603973865	0.0034116222507897	1.5	1.5	0.5	0.0	0.0	1.5	0.0
MAPRE3	Dorsopathies	M13_DORSOPATHY	XIII Diseases of the musculoskeletal system and connective tissue (M13_)	Musculoskeletal	Immune-cell-enriched	0.8685418907119806	0.0067993342328876	0.5392855876959433				False	False	6	0	0	novel nomination	2.972792309658767	0.43350672196282414	0.5392855876959433	1.5	0.0	0.5	0.0	0.0	0.0	0.0
IL2RB	Chronic sinusitis	J10_CHRONSINUSITIS	X Diseases of the respiratory system (J10_)	Respiratory	Cytokine/Interleukin	1.8507843513969109	0.0425234350718948	0.6953268011874207	0.7283642932827616	0.0002234267162752	0.2202209850969112	False	False	1	3	1	novel nomination	2.9696011332132572	0.2742743320258366	0.6953268011874207	0.0	1.5	0.5	0.0	0.0	0.0	0.0
IL18RAP	Other diseases of upper respiratory tract	J10_UPPERDIS	X Diseases of the respiratory system (J10_)	Respiratory	Cytokine/Interleukin	0.9730966105073776	0.0104668311308486	0.0730224651024819				False	False	5	1	0	novel nomination	2.9690594216166337	0.39603695651415205	0.0730224651024819	1.5	0.5	0.5	0.0	0.0	0.0	0.0
TLR1	Asthma (only as main-diagnosis) (more control exclusions)	J10_ASTHMA_MAIN_EXMORE	X Diseases of the respiratory system (J10_)	Respiratory	Immune-cell-enriched	1.0991214334427517	0.0122974650526676	0.0862477560467207	1.1163070687273862	0.4554588619198889	0.0509735874123741	False	False	4	1	0	novel nomination	2.9682846366385065	0.3820368805917857	0.0862477560467207	1.5	0.5	0.5	0.0	0.0	0.0	0.0
PROCR	Gonarthrosis, primary, with knee surgery	M13_ARTHROSIS_KNEE_PRIM_KNEESURG	XIII Diseases of the musculoskeletal system and connective tissue (M13_)	Musculoskeletal	Immune-cell-enriched	1.370267914001839	0.0045567981302701	1.1142069505180464e-10				False	False	2	3	1	novel nomination	2.9682680422269114	0.46826804211549067	1.1142069505180464e-10	0.5	1.5	0.5	0.0	0.0	0.0	0.0
ADM	Diseases of veins, lymphatic vessels and lymph nodes, not elsewhere classified	I9_DISVEINLYMPH	IX Diseases of the circulatory system (I9_)	Cardiovascular	Immune-cell-enriched	1.0893533173751386	0.0061204152343437	0.0206778109578162	1.0945773002025203	0.2754411628269948	0.0280944637552308	False	True	3	1	0	novel nomination	2.963321633461164	0.4426438225033477	0.0206778109578162	1.0	0.5	0.5	0.0	0.5	0.0	0.0
EVI2B	Arthrosis	M13_ARTHROSIS	XIII Diseases of the musculoskeletal system and connective tissue (M13_)	Musculoskeletal	Immune-cell-enriched	0.7849279091557434	0.0049672642897199	0.0010695966801993				False	True	3	1	0	novel nomination	2.961846143118303	0.46077654643810356	0.0010695966801993	1.0	0.5	0.5	0.0	0.5	0.0	0.0
FES	Pregnancy hypertension	O15_HYPTENSPREG	XV Pregnancy, childbirth and the puerperium (O15_)	Other	Immune-cell-enriched	0.8558813679596377	0.0002013917364842	0.2192981984341515				False	False	5	0	0	novel nomination	2.9584898691160935	0.7391916706819419	0.2192981984341515	1.5	0.0	0.5	0.0	0.0	0.0	0.0
MERTK	Rotator cuff syndrome	M13_ROTATORCUFF	XIII Diseases of the musculoskeletal system and connective tissue (M13_)	Musculoskeletal	Immune-cell-enriched	1.0761155069281636	0.0412838203119931	0.6806263506137408				False	False	3	1	0	novel nomination	2.957470374790836	0.27684402417709525	0.6806263506137408	1.0	0.5	0.5	0.0	0.0	0.0	0.0
LIF	Tonsillectomy and adenotomy	J10_TONSILLECTOMY	X Diseases of the respiratory system (J10_)	Respiratory	Cytokine/Interleukin	4.14583346745827	1.6068907547196842e-06	0.292626434701676	0.5618094224309745	3.5725231661842827e-09	0.0216492730131264	False	False	3	1	0	novel nomination	2.9514291642942654	1.1588027295925896	0.292626434701676	1.0	0.5	0.0	0.0	0.0	0.0	0.0
RTN4R	Chronic diseases of tonsils and adenoids	J10_CHRONTONSADEN	X Diseases of the respiratory system (J10_)	Respiratory	Immune-cell-enriched	1.80332765505725	0.0044236581866256	0.974711877098318	1.002026424356237	0.9259831582294112	0.000200022629129	False	False	2	1	0	NOVEL colocalized	2.9455555647137377	0.4708436876154196	0.974711877098318	0.5	0.5	0.5	0.0	0.0	0.0	0.0
FGFR2	Malignant neoplasm of breast, ER-positive, excluding all cancers (controls excluding all cancers)	C3_BREAST_ERPLUS_EXALLC	II Neoplasms, from cancer register (ICD-O-3)	Neoplasm	Immune-cell-enriched	1.1581030601068565	0.0060571856681601	6.94603535981153e-73				False	False	2	3	1	novel nomination	2.9435458227802487	0.4435458227802485	6.94603535981153e-73	0.5	1.5	0.5	0.0	0.0	0.0	0.0
IL6ST	Atopic dermatitis	L12_ATOPIC	XII Diseases of the skin and subcutaneous tissue (L12_)	Dermatological	Cytokine/Interleukin	1.4673011945403442	0.006224307479368	0.9963903951738776	0.978505986525626	0.6578847651368076	0.0083200140585301	False	False	7	2	0	recovered known axis	2.93757218746192	0.4411817922880427	0.9963903951738776	1.5	1.0	0.5	0.0	0.0	1.5	0.0
TLR1	Asthma (more control exclusions)	J10_ASTHMA_EXMORE	X Diseases of the respiratory system (J10_)	Respiratory	Immune-cell-enriched	1.0867295060042466	0.0220560804551285	0.1058147372966783	1.1743280254801594	0.2325061145305609	0.0511254419370853	False	False	4	1	0	novel nomination	2.9371090698367777	0.3312943325400991	0.1058147372966783	1.5	0.5	0.5	0.0	0.0	0.0	0.0
TGFA	Diseases of the digestive system	K11_OTHDIG	XI Diseases of the digestive system (K11_)	Gastrointestinal	Immune-cell-enriched	0.7512635907226819	0.0053135653526621	0.9813007819916788	0.8871318940248161	0.3805436893750085	0.0385833937132016	False	False	1	2	0	NOVEL colocalized	2.936223576706246	0.45492279471456704	0.9813007819916788	0.0	1.0	0.5	0.0	0.0	0.0	0.0
ANPEP	Type 2 diabetes, definitions combined	T2D	Diabetes endpoints	Metabolic/Endocrine	Immune-cell-enriched	1.048103391096572	2.2073614168494816e-05	2.493247025954946e-06				False	True	2	1	0	novel nomination	2.931227803824223	0.931225310577197	2.493247025954946e-06	0.5	0.5	0.5	0.0	0.5	0.0	0.0
MAPRE3	Other dorsopathies, not elsewhere classified	M13_DORSOPATHYOTH	XIII Diseases of the musculoskeletal system and connective tissue (M13_)	Musculoskeletal	Immune-cell-enriched	0.85839630694784	0.0096148211343015	0.5246153571271571				False	False	6	0	0	novel nomination	2.928027115243945	0.40341175811678837	0.5246153571271571	1.5	0.0	0.5	0.0	0.0	0.0	0.0
IL6ST	Juvenile arthritis (FINNGEN)	JUVEN_ARTHR	Rheuma endpoints	Musculoskeletal	Cytokine/Interleukin	4.261124157963131	0.007514515224145	0.9982385646682668	0.8208898608744244	0.2861827065344819	0.0395527979666365	False	False	7	2	0	recovered known axis	2.9230583709376976	0.42481980626943094	0.9982385646682668	1.5	1.0	0.5	0.0	0.0	1.5	0.0
IL6ST	Dermatitis and eczema	L12_DERMATITISECZEMA	XII Diseases of the skin and subcutaneous tissue (L12_)	Dermatological	Cytokine/Interleukin	1.302437292478292	0.0076758301658007	0.993496379787286	0.9422928829092108	0.0822183546172965	0.0210428844655774	False	False	7	2	0	recovered known axis	2.916471308379487	0.4229749285922003	0.993496379787286	1.5	1.0	0.5	0.0	0.0	1.5	0.0
CD84	Other diseases of anus and rectum	K11_OTHANRECT	XI Diseases of the digestive system (K11_)	Gastrointestinal	CD/Leukocyte surface	1.2042102199555709	0.0063264216281825	0.9714272088971736	1.7486060457407298	7.502488268329444e-05	0.3133530368447325	True	False	1	1	0	NOVEL protein-confirmed	2.911195582424825	0.4397683735276515	0.9714272088971736	0.0	0.5	0.0	1.0	0.0	0.0	0.0
LPL	Mixed hyperlipidaemia	E4_HYPERLIPMIX	IV Endocrine, nutritional and metabolic diseases (E4_)	Metabolic/Endocrine	Immune-cell-enriched	0.6511683858704369	0.0093676388079744	9.314303185904184e-05				False	False	2	3	1	novel nomination	2.905767115609769	0.40567397257790977	9.314303185904184e-05	0.5	1.5	0.5	0.0	0.0	0.0	0.0
ADM	Other disorders of veins	I9_VEINSOTH	IX Diseases of the circulatory system (I9_)	Cardiovascular	Immune-cell-enriched	1.1583388675116797	0.0133004280019705	0.5274074841983949	0.9468520102040454	0.7080707706061338	0.0315187112802998	False	False	3	1	0	novel nomination	2.902634360878613	0.3752268766802182	0.5274074841983949	1.0	0.5	0.5	0.0	0.0	0.0	0.0
LCN2	Hypothyroidism, strict autoimmune	E4_HYTHY_AI_STRICT	IV Endocrine, nutritional and metabolic diseases (E4_)	Metabolic/Endocrine	Immune-cell-enriched	0.8309814449732407	0.0088055190207203	0.9867887958425398				False	False	2	1	0	NOVEL colocalized	2.897837803936529	0.4110490080939889	0.9867887958425398	0.5	0.5	0.5	0.0	0.0	0.0	0.0
TEX101	Dementia	F5_DEMENTIA	V Mental and behavioural disorders (F5_)	Neurological/Psychiatric	Immune-cell-enriched	1.334027282151228	3.5370441860658856e-05	2.1532171477020964e-63				False	False	2	2	0	novel nomination	2.890271902956771	0.8902719029567712	2.1532171477020964e-63	0.5	1.0	0.5	0.0	0.0	0.0	0.0
PVR	Alzheimer disease	G6_ALZHEIMER	VI Diseases of the nervous system (G6_)	Neurological/Psychiatric	Immune-cell-enriched	0.6112434949173842	0.0114111282947537	1.138492283904616e-45	12.39616711702741	0.0	0.0727247089417319	False	False	3	2	0	novel nomination	2.8885342823703573	0.3885342823703571	1.138492283904616e-45	1.0	1.0	0.5	0.0	0.0	0.0	0.0
LIF	Hypothyroidism, strict autoimmune	E4_HYTHY_AI_STRICT	IV Endocrine, nutritional and metabolic diseases (E4_)	Metabolic/Endocrine	Cytokine/Interleukin	3.314998257040945	4.504119633581589e-06	0.31199064317122	0.7479939428306762	0.0005352712339754	0.0216526838028046	False	False	3	1	0	novel nomination	2.881268659719333	1.0692780165481126	0.31199064317122	1.0	0.5	0.0	0.0	0.0	0.0	0.0
EFNA1	Other disorders of veins	I9_VEINSOTH	IX Diseases of the circulatory system (I9_)	Cardiovascular	Immune-cell-enriched	0.4548916436590063	0.0139199181084867	0.006497875473509				False	False	4	1	0	novel nomination	2.8777705394119475	0.3712726639384384	0.006497875473509	1.5	0.5	0.5	0.0	0.0	0.0	0.0
FGFR2	Fibroblastic disorders	M13_FIBROBLASTIC	XIII Diseases of the musculoskeletal system and connective tissue (M13_)	Musculoskeletal	Immune-cell-enriched	0.8548182911259704	0.0130985994497798	3.2656826964546004e-10				False	False	2	3	1	novel nomination	2.8765550279702143	0.37655502764364607	3.2656826964546004e-10	0.5	1.5	0.5	0.0	0.0	0.0	0.0
TG	Disorders of the thyroid gland	E4_THYROID	IV Endocrine, nutritional and metabolic diseases (E4_)	Metabolic/Endocrine	Immune-cell-enriched	1.1670576947421538	4.558154502318173e-07	0.1045187271442983	0.944203517830857	0.7268514897817873	0.0064707113427489	False	False	2	1	0	novel nomination	2.872760918773276	1.2682421916289779	0.1045187271442983	0.5	0.5	0.5	0.0	0.0	0.0	0.0
CLINT1	Immunodeficiencies	D3_IMMUDEF	III Diseases of the blood and blood-forming organs and certain disorders involving the immune mechanism (D3_)	Haematological/Immune	Immune-cell-enriched	0.0958824113147838	0.0126223639402343	0.9929457334179494	1.295015486440983	0.4076619600666675	0.0046995344044439	False	False	3	0	0	NOVEL colocalized	2.8727175938141842	0.37977186039623456	0.9929457334179494	1.0	0.0	0.5	0.0	0.0	0.0	0.0
LTBP3	Carpal tunnel syndrome	G6_CARPTU	VI Diseases of the nervous system (G6_)	Neurological/Psychiatric	Cytokine/Interleukin	1.1199047202568422	0.0308899424720015	0.0703044208801462				False	False	6	1	0	novel nomination	2.872341000981692	0.3020365801015458	0.0703044208801462	1.5	0.5	0.5	0.0	0.0	0.0	0.0
PVR	Alzheimer’s disease (Late onset) (more control exclusions)	AD_LO_EXMORE	Neurological endpoints	Neurological/Psychiatric	Immune-cell-enriched	0.5359010121789597	0.0153043419807592	1.1391218804651413e-45	17.439018709456175	0.0	0.0727247089416988	False	False	3	2	0	novel nomination	2.8630370676827015	0.3630370676827013	1.1391218804651413e-45	1.0	1.0	0.5	0.0	0.0	0.0	0.0
CA8	Polyarthropathies	M13_POLYARTHROPATHIES	XIII Diseases of the musculoskeletal system and connective tissue (M13_)	Musculoskeletal	Immune-cell-enriched	0.8117694292136052	0.0009552120077878	0.7572199713568472				False	False	3	0	0	novel nomination	2.8612000167063205	0.6039800453494732	0.7572199713568472	1.0	0.0	0.5	0.0	0.0	0.0	0.0
PROCR	Other hammer toe(s) (acquired)	M13_HAMMERTOE	XIII Diseases of the musculoskeletal system and connective tissue (M13_)	Musculoskeletal	Immune-cell-enriched	1.71896978311581	0.0157498024239094	1.7121147312925627e-06				False	False	2	3	1	novel nomination	2.8605466900990564	0.3605449779843251	1.7121147312925627e-06	0.5	1.5	0.5	0.0	0.0	0.0	0.0
IL1RL1	Conjunctivitis	H7_CONJUNCTIVITIS	VII Diseases of the eye and adnexa (H7_)	Ophthalmological	Cytokine/Interleukin	0.853386817221481	0.0173815516118986	1.0514049950258957e-10	1.0359486900772843	0.0012548564323164	1.0457724086851771e-10	False	False	3	2	0	novel nomination	2.851982291638792	0.3519822915336511	1.0514049950258957e-10	1.0	1.0	0.5	0.0	0.0	0.0	0.0
LTBP2	Primary open-angle glaucoma, strict	H7_GLAUCOMA_POAG	VII Diseases of the eye and adnexa (H7_)	Ophthalmological	Cytokine/Interleukin	0.5770953410621219	9.683244031410377e-05	0.5481348938781095				False	False	3	1	0	novel nomination	2.850930718513148	0.8027958246350385	0.5481348938781095	1.0	0.5	0.0	0.0	0.0	0.0	0.0
PIK3IP1	Type 2 diabetes, definitions combined	T2D	Diabetes endpoints	Metabolic/Endocrine	Immune-cell-enriched	1.0561174416647163	0.0319839945600214	0.0510221932963237				False	False	4	1	0	novel nomination	2.8500356527148574	0.2990134594185339	0.0510221932963237	1.5	0.5	0.5	0.0	0.0	0.0	0.0
PROCR	Angina pectoris	I9_ANGINA	IX Diseases of the circulatory system (I9_)	Cardiovascular	Immune-cell-enriched	0.7816105554103749	0.0183389670602363	0.0024805286069629				False	False	2	3	1	novel nomination	2.849805554517621	0.34732502591065806	0.0024805286069629	0.5	1.5	0.5	0.0	0.0	0.0	0.0
JMJD1C	Hypertension	I9_HYPTENS	IX Diseases of the circulatory system (I9_)	Cardiovascular	Immune-cell-enriched	1.6671465461882875	0.000502065711949	0.1890030739110917				False	False	4	0	0	novel nomination	2.8488509613708644	0.6598478874597729	0.1890030739110917	1.5	0.0	0.5	0.0	0.0	0.0	0.0
IL4	Papulosquamous disorders	L12_PAPULOSQUAMOUS	XII Diseases of the skin and subcutaneous tissue (L12_)	Dermatological	Cytokine/Interleukin	1.599953605861937	5.808193737395391e-05	3.1718337219939865e-08	0.8840931187893655	0.3264258995142841	0.034652114958238	False	False	5	3	1	recovered known axis	2.847191812876952	0.8471917811586147	3.1718337219939865e-08	1.5	1.5	0.5	0.0	0.0	1.5	0.0
CD14	Other puerperal infections	O15_PUERP_INFECT_OTHER	XV Pregnancy, childbirth and the puerperium (O15_)	Other	HLA/Antigen presentation	1.4961982173895312	0.0156332540583103	0.984793282533988				False	False	2	1	0	NOVEL colocalized	2.8459834053885373	0.36119012285454927	0.984793282533988	0.5	0.5	0.5	0.0	0.0	0.0	0.0
IL4	Psoriasis vulgaris	L12_PSORI_VULG	XII Diseases of the skin and subcutaneous tissue (L12_)	Dermatological	Cytokine/Interleukin	2.025528526775999	6.0787609247901775e-05	0.0001029111190561	0.8503942245354156	0.3898432172742589	0.0240020868567293	False	False	5	3	1	recovered known axis	2.8433398985002736	0.843236987381218	0.0001029111190561	1.5	1.5	0.5	0.0	0.0	1.5	0.0
IL12RB2	Primary biliary cholangitis (PBC)	CHIRBIL_PRIM	Gastrointestinal endpoints	Gastrointestinal	Cytokine/Interleukin	2.101261543643479	5.301396215537162e-05	0.9856337544598214	0.6588368660465485	0.0791257895340198	0.0002753813589452	False	False	1	1	0	NOVEL colocalized	2.8407557017152327	0.8551219472554112	0.9856337544598214	0.0	0.5	0.5	0.0	0.0	0.0	0.0
TNFRSF4	Hypothyroidism, drug reimbursement	HYPOTHY_REIMB	IV Endocrine, nutritional and metabolic diseases (E4_)	Metabolic/Endocrine	Immune checkpoint	1.360151860302834	0.011666403505708	0.9517986527944676	1.0388713742715376	0.7545258029904458	0.0287189909571081	False	False	2	1	0	NOVEL colocalized	2.83841125413648	0.3866126013420125	0.9517986527944676	0.5	0.5	0.5	0.0	0.0	0.0	0.0
IL6ST	Idiopathic pulmonary fibrosis	IPF	Interstitial lung disease endpoints	Other	Cytokine/Interleukin	3.263596538462113	0.0195064333599407	0.9916358892579096	1.0791765249248229	0.6319778256769175	0.0247882362965636	False	False	7	2	0	recovered known axis	2.833600315580938	0.3419644263230278	0.9916358892579096	1.5	1.0	0.5	0.0	0.0	1.5	0.0
CDH2	Diabetic retinopathy	DM_RETINOPATHY	Diabetes endpoints	Metabolic/Endocrine	Immune-cell-enriched	1.1510848216292071	0.0163660640402795	0.9750459139023976				False	False	2	1	0	NOVEL colocalized	2.8322570646555407	0.35721115075314297	0.9750459139023976	0.5	0.5	0.5	0.0	0.0	0.0	0.0
FGFR2	Palmar fascial fibromatosis [Dupuytren]	M13_DUPUTRYEN	XIII Diseases of the musculoskeletal system and connective tissue (M13_)	Musculoskeletal	Immune-cell-enriched	0.8246061003010753	0.0219079128115554	5.814398598702677e-18				False	False	2	3	1	novel nomination	2.8318797992263547	0.33187979922635474	5.814398598702677e-18	0.5	1.5	0.5	0.0	0.0	0.0	0.0
IL4	Allergic asthma (mode)	ALLERG_ASTHMA	Asthma and related endpoints	Respiratory	Cytokine/Interleukin	0.5822168518481197	6.951769974094919e-05	8.89470056285925e-10	0.7873352601745371	0.1043595429679555	0.0478138981170731	False	False	5	3	1	recovered known axis	2.8315809222126838	0.8315809213232136	8.89470056285925e-10	1.5	1.5	0.5	0.0	0.0	1.5	0.0
IL4	Childhood allergy (age < 16)	CHILDHOOD_ALLERGY	Asthma and related endpoints	Respiratory	Cytokine/Interleukin	0.4828299337269629	7.992653593341395e-05	0.0110736319163311	0.8209154114219696	0.3228536633838672	0.4018365886998871	False	False	5	3	1	recovered known axis	2.8305354337602493	0.8194618018439181	0.0110736319163311	1.5	1.5	0.5	0.0	0.0	1.5	0.0
PROCR	Meniscus derangement	M13_MENISCUSDERANGEMENTS	XIII Diseases of the musculoskeletal system and connective tissue (M13_)	Musculoskeletal	Immune-cell-enriched	1.2996855045169802	0.024087697510785	2.432227267655919e-12				False	False	2	3	1	novel nomination	2.823640942253914	0.32364094225148193	2.432227267655919e-12	0.5	1.5	0.5	0.0	0.0	0.0	0.0
CD6	Cerebral palsy	G6_CP	VI Diseases of the nervous system (G6_)	Neurological/Psychiatric	CD/Leukocyte surface	2.907987222022057	0.0218122478978276	0.9905161731494452				False	False	1	2	0	NOVEL colocalized	2.82277608818303	0.3322599150335845	0.9905161731494452	0.0	1.0	0.5	0.0	0.0	0.0	0.0
CDAN1	Calcific aortic valvular stenosis, operated	I9_CAVS_OPERATED	IX Diseases of the circulatory system (I9_)	Cardiovascular	Immune-cell-enriched	2.33123514457557	1.2715807012911694e-05	0.8399003141795894				False	False	1	1	0	NOVEL colocalized	2.8190315285736274	0.9791312143940377	0.8399003141795894	0.0	0.5	0.5	0.0	0.0	0.0	0.0
PILRB	Basal cell carcinoma, excluding all cancers (controls excluding all cancers)	C3_BASAL_CELL_CARCINOMA_EXALLC	II Neoplasms, from cancer register (ICD-O-3)	Neoplasm	Immune-cell-enriched	0.9301779887617456	3.076022704200941e-05	0.912266747487126				False	False	1	1	0	NOVEL colocalized	2.8146688401511826	0.9024020926640566	0.912266747487126	0.0	0.5	0.5	0.0	0.0	0.0	0.0
TNFRSF4	Pollen allergy	POLLENALLERG	Comorbidities of Asthma	Respiratory	Immune checkpoint	0.7293440293063165	0.0139819546782926	0.943702746603771	0.9109236911438024	0.4700053114450528	0.0231631178691063	False	False	2	1	0	NOVEL colocalized	2.814589168592868	0.3708864219890969	0.943702746603771	0.5	0.5	0.5	0.0	0.0	0.0	0.0
SCARB1	Coronary atherosclerosis	I9_CORATHER	IX Diseases of the circulatory system (I9_)	Cardiovascular	Immune-cell-enriched	0.8975879515659257	0.0034683955010659	0.8204255382703224				False	True	1	1	0	NOVEL colocalized	2.812399815426615	0.4919742771562926	0.8204255382703224	0.0	0.5	0.5	0.0	0.5	0.0	0.0
MYL6B	Atopic dermatitis	L12_ATOPIC	XII Diseases of the skin and subcutaneous tissue (L12_)	Dermatological	Immune-cell-enriched	0.7747479854073919	0.0204062884600803	0.9708196755901926				False	False	3	0	0	NOVEL colocalized	2.8088668712945597	0.33804719570436703	0.9708196755901926	1.0	0.0	0.5	0.0	0.0	0.0	0.0
RTN4R	Dermatitis and eczema	L12_DERMATITISECZEMA	XII Diseases of the skin and subcutaneous tissue (L12_)	Dermatological	Immune-cell-enriched	1.6500293896031877	0.0169606119926498	0.9526476269071914	1.000227771218945	0.9908896417631472	0.0023573887098291	False	False	2	1	0	NOVEL colocalized	2.8067593231221615	0.3541116962149703	0.9526476269071914	0.5	0.5	0.5	0.0	0.0	0.0	0.0
IL10	Other diseases of upper respiratory tract	J10_UPPERDIS	X Diseases of the respiratory system (J10_)	Respiratory	Cytokine/Interleukin	0.8849369314437778	0.0213858538296542	0.972764799775089				False	False	2	1	0	NOVEL colocalized	2.8067394809481305	0.33397468117304174	0.972764799775089	0.5	0.5	0.5	0.0	0.0	0.0	0.0
TG	Hypothyroidism, drug reimbursement	HYPOTHY_REIMB	IV Endocrine, nutritional and metabolic diseases (E4_)	Metabolic/Endocrine	Immune-cell-enriched	1.3212870431657298	0.00391386075258	0.8244471559009274	0.6159288989952857	0.2263908095637363	0.0029570322422162	False	False	2	1	0	NOVEL colocalized	2.805926081849198	0.48147892594827046	0.8244471559009274	0.5	0.5	0.5	0.0	0.0	0.0	0.0
FES	Coronary revascularization (ANGIO or CABG)	I9_REVASC	IX Diseases of the circulatory system (I9_)	Cardiovascular	Immune-cell-enriched	0.8606475512565883	0.0001017421077438	0.0051951061014866				False	False	5	0	0	novel nomination	2.8036949600085297	0.7984998539070429	0.0051951061014866	1.5	0.0	0.5	0.0	0.0	0.0	0.0
VAT1	Varicose veins	I9_VARICVE	IX Diseases of the circulatory system (I9_)	Cardiovascular	Immune-cell-enriched	0.8659983467761071	0.0006365988371344	0.1518599988168766				False	True	3	0	0	novel nomination	2.791086830623585	0.6392268318067086	0.1518599988168766	1.0	0.0	0.5	0.0	0.5	0.0	0.0
PROCR	Flat foot [pes planus] (acquired)	M13_FLATFOOT	XIII Diseases of the musculoskeletal system and connective tissue (M13_)	Musculoskeletal	Immune-cell-enriched	1.9975489283622645	0.0369940411164269	3.265850856901606e-09				False	False	2	3	1	novel nomination	2.786373648283096	0.28637364501724494	3.265850856901606e-09	0.5	1.5	0.5	0.0	0.0	0.0	0.0
FES	Arthrosis	M13_ARTHROSIS	XIII Diseases of the musculoskeletal system and connective tissue (M13_)	Musculoskeletal	Immune-cell-enriched	1.0676269564798528	0.0375920686777888	4.801765107823853e-06				False	True	5	0	0	novel nomination	2.784985556677529	0.2849807549124207	4.801765107823853e-06	1.5	0.0	0.5	0.0	0.5	0.0	0.0
ANPEP	Torsion of ovary, ovarian pedicle and fallopian tube	N14_OVARTORS	XIV Diseases of the genitourinary system (N14_)	Renal/Genitourinary	Immune-cell-enriched	1.3247372688764103	0.0315721646913774	0.9843210525903135				False	False	2	1	0	NOVEL colocalized	2.7844601806762928	0.30013912808597937	0.9843210525903135	0.5	0.5	0.5	0.0	0.0	0.0	0.0
ANXA11	Other Crohn's disease	CHRONOTH	Gastrointestinal endpoints	Gastrointestinal	Immune-cell-enriched	1.5319918226970335	0.0298238470885131	0.9783110361698112				False	False	3	0	0	NOVEL colocalized	2.7833983033729175	0.3050872672031063	0.9783110361698112	1.0	0.0	0.5	0.0	0.0	0.0	0.0
JMJD1C	Intrahepatic Cholestasis of Pregnancy (ICP) , incl. ICD-8	O15_ICP_WIDE	XV Pregnancy, childbirth and the puerperium (O15_)	Other	Immune-cell-enriched	0.1233029175445882	0.0153765478468439	0.41928103352717				False	False	4	0	0	novel nomination	2.781909264735134	0.3626282312079641	0.41928103352717	1.5	0.0	0.5	0.0	0.0	0.0	0.0
TMEM106A	Varicose veins	I9_VARICVE	IX Diseases of the circulatory system (I9_)	Cardiovascular	Immune-cell-enriched	0.7962707195706298	0.0006628089361557	0.146018794952726				False	False	3	1	0	novel nomination	2.7817411239420267	0.6357223289893006	0.146018794952726	1.0	0.5	0.5	0.0	0.0	0.0	0.0
PVR	Dementia in Alzheimer disease	F5_ALZHDEMENT	V Mental and behavioural disorders (F5_)	Neurological/Psychiatric	Immune-cell-enriched	0.5513640788568277	0.0401865438664379	1.144875138622174e-45	17.876657043221158	0.0	0.0727247089416988	False	False	3	2	0	novel nomination	2.779183868501711	0.27918386850171106	1.144875138622174e-45	1.0	1.0	0.5	0.0	0.0	0.0	0.0
PRKCQ	Atopic dermatitis	L12_ATOPIC	XII Diseases of the skin and subcutaneous tissue (L12_)	Dermatological	Immune-cell-enriched	0.7225776537538955	0.0001283194608626	0.0001543566719576				False	False	2	2	1	novel nomination	2.7784958514229823	0.7783414947510249	0.0001543566719576	0.5	1.0	0.5	0.0	0.0	0.0	0.0
IL6ST	Graves ophthalmopathy	GRAVES_OPHT	IV Endocrine, nutritional and metabolic diseases (E4_)	Metabolic/Endocrine	Cytokine/Interleukin	7.4354293803105636	0.0354370496693491	0.9866678843764476	0.6444962140039161	0.1218698712940313	0.0788358044006563	False	False	7	2	0	recovered known axis	2.7767763729166175	0.29010848854016985	0.9866678843764476	1.5	1.0	0.5	0.0	0.0	1.5	0.0
SERPING1	Depression or dysthymia	F5_DEPRESSION_DYSTHYMIA	V Mental and behavioural disorders (F5_)	Neurological/Psychiatric	Complement/Coagulation	1.1029649132008563	0.0423717933876397	0.0002404032954958	0.9528758630285704	1.6895874666911226e-05	0.000483195622291	False	False	4	1	0	novel nomination	2.774825034111663	0.2745846308161674	0.0002404032954958	1.5	0.5	0.5	0.0	0.0	0.0	0.0
IL10	Long labour	O15_LABOUR_LONG	XV Pregnancy, childbirth and the puerperium (O15_)	Other	Cytokine/Interleukin	1.432089171923426	0.0355708017088635	0.9834475536609092				False	False	2	1	0	NOVEL colocalized	2.77322882294137	0.289781269280461	0.9834475536609092	0.5	0.5	0.5	0.0	0.0	0.0	0.0
PSRC1	Congenital obstructive defects of renal pelvis and congenital malformations of ureter	Q17_CONGEN_OBSTRUCTIVE_DEFECTS_RENAL_PELVIS_CONGEN_MALFO_URETER	XVII Congenital malformations, deformations and chromosomal abnormalities (Q17)	Other	Immune-cell-enriched	1.698885690201343	0.0345893945724483	0.980851965876777				False	False	3	0	0	NOVEL colocalized	2.773063373775414	0.29221140789863675	0.980851965876777	1.0	0.0	0.5	0.0	0.0	0.0	0.0
TSPAN15	Venous thromboembolism	I9_VTE	IX Diseases of the circulatory system (I9_)	Cardiovascular	Immune-cell-enriched	0.7318646631299554	4.331175869016915e-07	6.584747121739462e-30				False	True	1	1	0	novel nomination	2.772678836244433	1.2726788362444326	6.584747121739462e-30	0.0	0.5	0.5	0.0	0.5	0.0	0.0
CD55	Other cataract	H7_CATARACTOTHER	VII Diseases of the eye and adnexa (H7_)	Ophthalmological	Complement/Coagulation	0.9387960077298912	0.0179945789276512	0.9216618402778372	1.024879783616477	0.2488527879986308	0.0009891452080943	False	False	1	2	0	NOVEL colocalized	2.770633502550594	0.3489716622727571	0.9216618402778372	0.0	1.0	0.5	0.0	0.0	0.0	0.0
PSRC1	Heart failure and coronary heart disease	I9_HEARTFAIL_AND_CHD	Cardiometabolic endpoints	Cardiovascular	Immune-cell-enriched	0.878730646081577	0.0294793864425622	0.9637343794125824				False	False	3	0	0	NOVEL colocalized	2.7698306913593216	0.3060963119467392	0.9637343794125824	1.0	0.0	0.5	0.0	0.0	0.0	0.0
IL18R1	Lichen ruber planus, wide definition including periferal and oral lichen planus	K11_LICHEN_PLANUS_WIDE	XI Diseases of the digestive system (K11_)	Gastrointestinal	Cytokine/Interleukin	0.8098713354392693	0.0496346532985704	0.0023572758788824	1.1903079304308617	2.9094255893369332e-09	0.9556172187166097	False	False	3	1	0	novel nomination	2.763200277348956	0.26084300147007383	0.0023572758788824	1.0	0.5	0.5	0.5	0.0	0.0	0.0
DUSP13	Substance use, excluding alcohol	F5_SUBSNOALCO	V Mental and behavioural disorders (F5_)	Neurological/Psychiatric	Immune-cell-enriched	4.281004703801014	0.0250857711927463	0.9429020248203568				False	False	2	1	0	NOVEL colocalized	2.7630165334697	0.320114508649343	0.9429020248203568	0.5	0.5	0.5	0.0	0.0	0.0	0.0
LTBP2	Hallux rigidus	M13_HALLUXRIGIDUS	XIII Diseases of the musculoskeletal system and connective tissue (M13_)	Musculoskeletal	Cytokine/Interleukin	1.7653771130377065	0.0297573188236247	0.9572909307587748				False	False	3	1	0	NOVEL colocalized	2.762572171140466	0.30528124038169124	0.9572909307587748	1.0	0.5	0.0	0.0	0.0	0.0	0.0
SCARB1	Major coronary heart disease event	I9_CHD	IX Diseases of the circulatory system (I9_)	Cardiovascular	Immune-cell-enriched	0.9072242638039276	0.0298988980159263	0.955567799016398				False	True	1	1	0	NOVEL colocalized	2.7604367626519926	0.30486896363559474	0.955567799016398	0.0	0.5	0.5	0.0	0.5	0.0	0.0
CLINT1	Immunodeficiency with predominantly antibody defects	D3_IMMUDEFANTIBODY	III Diseases of the blood and blood-forming organs and certain disorders involving the immune mechanism (D3_)	Haematological/Immune	Immune-cell-enriched	0.0508991007947635	0.0398045086850315	0.9744419658047014	1.614417337804925	0.2630765097567678	0.0055793159758222	False	False	3	0	0	NOVEL colocalized	2.754455512263692	0.2800135464589905	0.9744419658047014	1.0	0.0	0.5	0.0	0.0	0.0	0.0
MYL6B	Seropositive rheumatoid arthritis, wide	RHEUMA_SEROPOS_WIDE	Rheuma endpoints	Musculoskeletal	Immune-cell-enriched	1.4758043313751148	0.0298238470885131	0.9400023561371912				False	False	3	0	0	NOVEL colocalized	2.7450896233402977	0.3050872672031063	0.9400023561371912	1.0	0.0	0.5	0.0	0.0	0.0	0.0
TEX101	Alzheimer’s disease, wide definition	G6_AD_WIDE	VI Diseases of the nervous system (G6_)	Neurological/Psychiatric	Immune-cell-enriched	1.4732948698958162	0.0001902539662596	5.441429119862999e-43				False	False	2	2	0	novel nomination	2.7441332561291354	0.7441332561291356	5.441429119862999e-43	0.5	1.0	0.5	0.0	0.0	0.0	0.0
PM20D1	Type 1 diabetes, definitions combined	T1D	Diabetes endpoints	Metabolic/Endocrine	Immune-cell-enriched	0.7583369269397326	0.024087697510785	0.9176603999405608				False	False	2	1	0	NOVEL colocalized	2.7413013421920427	0.32364094225148193	0.9176603999405608	0.5	0.5	0.5	0.0	0.0	0.0	0.0
PCDH12	Haemangioma, any site	CD2_BENIGN_HEMANGIOMA	II Neoplasms from hospital discharges (CD2_)	Neoplasm	Immune-cell-enriched	0.456884007411299	0.0371925727443268	0.954491252006009				False	False	1	2	0	NOVEL colocalized	2.740400007783428	0.2859087557774189	0.954491252006009	0.0	1.0	0.5	0.0	0.0	0.0	0.0
JMJD1C	Intrahepatic Cholestasis of Pregnancy (ICP) , incl. ICD-8 (more control exclusions)	O15_ICP_WIDE_EXMORE	XV Pregnancy, childbirth and the puerperium (O15_)	Other	Immune-cell-enriched	0.1220102111315209	0.0160398061233275	0.3758307710511354				False	False	4	0	0	novel nomination	2.7347909481377894	0.3589601770866541	0.3758307710511354	1.5	0.0	0.5	0.0	0.0	0.0	0.0
PCDH12	Haemangioma and lymphangioma, any site	CD2_BENIGN_HEAMANGIOMA_LYMPHANGIOMA	II Neoplasms from hospital discharges (CD2_)	Neoplasm	Immune-cell-enriched	0.4735908859040326	0.0407106104915302	0.9551234982451906				False	False	1	2	0	NOVEL colocalized	2.7331819752337427	0.2780584769885522	0.9551234982451906	0.0	1.0	0.5	0.0	0.0	0.0	0.0
CD46	Dorsalgia	M13_DORSALGIA	XIII Diseases of the musculoskeletal system and connective tissue (M13_)	Musculoskeletal	Complement/Coagulation	0.6812608569589906	0.0329968770846153	0.9361778638233944				False	False	2	1	0	NOVEL colocalized	2.7324832960241645	0.29630543220076994	0.9361778638233944	0.5	0.5	0.5	0.0	0.0	0.0	0.0
CD46	Other dorsopathies, not elsewhere classified	M13_DORSOPATHYOTH	XIII Diseases of the musculoskeletal system and connective tissue (M13_)	Musculoskeletal	Complement/Coagulation	0.7085759304086453	0.0327276762320587	0.9333926599527762				False	False	2	1	0	NOVEL colocalized	2.7304096259270536	0.2970169659742773	0.9333926599527762	0.5	0.5	0.5	0.0	0.0	0.0	0.0
TG	Hypothyroidism, strict autoimmune	E4_HYTHY_AI_STRICT	IV Endocrine, nutritional and metabolic diseases (E4_)	Metabolic/Endocrine	Immune-cell-enriched	1.194798975041889	8.396587744158436e-07	0.0005105395334697	1.129609585624925	0.5292116206209521	0.0024024745083907	False	False	2	1	0	novel nomination	2.715689973391537	1.2151794338580673	0.0005105395334697	0.5	0.5	0.5	0.0	0.0	0.0	0.0
CDH2	Disorders of choroid and retina	H7_CHOROIDRETINA	VII Diseases of the eye and adnexa (H7_)	Ophthalmological	Immune-cell-enriched	1.074849904775081	0.0444259056309954	0.9423572366971068				False	False	2	1	0	NOVEL colocalized	2.7128299787475703	0.27047274205046323	0.9423572366971068	0.5	0.5	0.5	0.0	0.0	0.0	0.0
SELP	Other and unspecified coagulation defects	D3_COAGDEFNAS	III Diseases of the blood and blood-forming organs and certain disorders involving the immune mechanism (D3_)	Haematological/Immune	Immune-cell-enriched	5.868437769877643	0.000276521126642	4.56371572745525e-37	0.5800475979714939	0.0	2.6769074025676837e-94	False	False	1	3	1	novel nomination	2.711654336464237	0.7116543364642374	4.56371572745525e-37	0.0	1.5	0.5	0.0	0.0	0.0	0.0
ADM	Atrial fibrillation and flutter	I9_AF	IX Diseases of the circulatory system (I9_)	Cardiovascular	Immune-cell-enriched	1.1149083465239968	0.0375920686777888	0.4225282600616124	1.120876605890616	0.327154727402088	0.0328346605295173	False	False	3	1	0	novel nomination	2.707509014974033	0.2849807549124207	0.4225282600616124	1.0	0.5	0.5	0.0	0.0	0.0	0.0
LIF	Chronic diseases of tonsils and adenoids	J10_CHRONTONSADEN	X Diseases of the respiratory system (J10_)	Respiratory	Cytokine/Interleukin	2.9184958760424617	3.082051720907232e-05	0.2963178312318526	0.6306297694903674	7.876871377376915e-09	0.0217630221669137	False	False	3	1	0	novel nomination	2.6985498467358955	0.9022320155040431	0.2963178312318526	1.0	0.5	0.0	0.0	0.0	0.0	0.0
NELL2	Pre-eclampsia	O15_PREECLAMPS	XV Pregnancy, childbirth and the puerperium (O15_)	Other	Immune-cell-enriched	0.862195962994911	0.049011462703293	0.9358277566788143	0.731223868515249	0.4931332867280387	0.0236640406460309	False	False	1	2	0	NOVEL colocalized	2.697768223911487	0.2619404672326727	0.9358277566788143	0.0	1.0	0.5	0.0	0.0	0.0	0.0
SORT1	Disorders of lipoprotein metabolism and other lipidaemias	E4_LIPOPROT	IV Endocrine, nutritional and metabolic diseases (E4_)	Metabolic/Endocrine	Immune-cell-enriched	0.601272502897362	1.08489013717511e-06	3.915254324925358e-20	1.1362485656124537	0.0707013245098355	0.0440161428195494	False	False	2	1	0	novel nomination	2.692922847798	1.192922847798	3.915254324925358e-20	0.5	0.5	0.5	0.0	0.0	0.0	0.0
FES	Gonarthrosis, primary, with knee surgery	M13_ARTHROSIS_KNEE_PRIM_KNEESURG	XIII Diseases of the musculoskeletal system and connective tissue (M13_)	Musculoskeletal	Immune-cell-enriched	1.1282563064923596	0.0081887714841254	0.2739881385187178				False	False	5	0	0	novel nomination	2.6913443881467343	0.41735624962801676	0.2739881385187178	1.5	0.0	0.5	0.0	0.0	0.0	0.0
THBD	Diseases of veins, lymphatic vessels and lymph nodes, not elsewhere classified	I9_DISVEINLYMPH	IX Diseases of the circulatory system (I9_)	Cardiovascular	Immune-cell-enriched	0.929126100039842	0.0334143970374397	0.8958924460638279				False	True	1	1	0	NOVEL colocalized	2.69110572032592	0.29521327426209243	0.8958924460638279	0.0	0.5	0.5	0.0	0.5	0.0	0.0
TEX101	Any dementia (more control exclusions)	KRA_PSY_DEMENTIA_EXMORE	Psychiatric endpoints from Katri Räikkönen	Other	Immune-cell-enriched	1.3332688924739386	0.000383818548502	4.10295172721339e-59				False	False	2	2	0	novel nomination	2.6831748082560045	0.6831748082560047	4.10295172721339e-59	0.5	1.0	0.5	0.0	0.0	0.0	0.0
PM20D1	Ulcerative proctitis	ULCERPROCT	Gastrointestinal endpoints	Gastrointestinal	Immune-cell-enriched	0.7036045218569367	0.048851696342056	0.9126161238616224				False	False	2	1	0	NOVEL colocalized	2.674840194081971	0.26222407022034855	0.9126161238616224	0.5	0.5	0.5	0.0	0.0	0.0	0.0
LIF	Disorders of the thyroid gland	E4_THYROID	IV Endocrine, nutritional and metabolic diseases (E4_)	Metabolic/Endocrine	Cytokine/Interleukin	2.590787700418739	4.899940150507781e-05	0.3109550701000942	0.8616040938422933	0.0360096307959905	0.0216808366526673	False	False	3	1	0	novel nomination	2.672916915011247	0.8619618449111526	0.3109550701000942	1.0	0.5	0.0	0.0	0.0	0.0	0.0
MAP1LC3A	Paraplegia, diplegia of upper limbs	G6_PARDIPLE	VI Diseases of the nervous system (G6_)	Neurological/Psychiatric	Immune-cell-enriched	0.6381241811797034	0.0467521490317111	0.9010807253266148				False	False	3	0	0	NOVEL colocalized	2.6671204095954413	0.2660396842688266	0.9010807253266148	1.0	0.0	0.5	0.0	0.0	0.0	0.0
LAYN	Anogenital herpesviral [herpes simplex] infection	AB1_ANOGENITAL_HERPES_SIMPLEX	I Certain infectious and parasitic diseases (AB1_)	Infection	Immune-cell-enriched	4.204860103967972	0.0004416801644178	0.9945504160368558	0.9639751129947804	0.8747191049985976	0.0702999526966697	False	False	1	1	0	NOVEL colocalized	2.6655288368767454	0.6709784208398896	0.9945504160368558	0.0	0.5	0.5	0.0	0.0	0.0	0.0
LRP1	Other diseases of upper respiratory tract	J10_UPPERDIS	X Diseases of the respiratory system (J10_)	Respiratory	Immune-cell-enriched	1.4375846049417875	0.0363097730735885	0.8734007648617038	0.8893892863449784	0.0458748444882246	0.0569956701434709	False	False	2	1	0	NOVEL colocalized	2.6613960579223988	0.2879952930606949	0.8734007648617038	0.5	0.5	0.5	0.0	0.0	0.0	0.0
CA8	Hypothyroidism, drug reimbursement	HYPOTHY_REIMB	IV Endocrine, nutritional and metabolic diseases (E4_)	Metabolic/Endocrine	Immune-cell-enriched	0.7205206178732382	0.0415064985531543	0.8836279014192496				False	False	3	0	0	NOVEL colocalized	2.6600046817644207	0.2763767803451711	0.8836279014192496	1.0	0.0	0.5	0.0	0.0	0.0	0.0
MAPRE3	Hypertension	I9_HYPTENS	IX Diseases of the circulatory system (I9_)	Cardiovascular	Immune-cell-enriched	0.8382669413697186	0.0005451156335936	1.2284103307296088e-45				False	False	6	0	0	novel nomination	2.652702272497021	0.6527022724970212	1.2284103307296088e-45	1.5	0.0	0.5	0.0	0.0	0.0	0.0
VAT1	Shoulder lesions	M13_SHOULDER	XIII Diseases of the musculoskeletal system and connective tissue (M13_)	Musculoskeletal	Immune-cell-enriched	0.899448100817927	0.0258866214219995	0.8270610196276811				False	False	3	0	0	NOVEL colocalized	2.644445945141556	0.31738492551387465	0.8270610196276811	1.0	0.0	0.5	0.0	0.0	0.0	0.0
ANXA11	Glaucoma	H7_GLAUCOMA	VII Diseases of the eye and adnexa (H7_)	Ophthalmological	Immune-cell-enriched	1.1922062043746104	0.0006426698589958	0.004340706066066				False	True	3	0	0	novel nomination	2.642743119642025	0.6384024135759591	0.004340706066066	1.0	0.0	0.5	0.0	0.5	0.0	0.0
CA8	Soft tissue disorders related to use, overuse and pressure	M13_SOFTOVERUSE	XIII Diseases of the musculoskeletal system and connective tissue (M13_)	Musculoskeletal	Immune-cell-enriched	0.7299057361971232	0.0195064333599407	0.7948266817809545				False	False	3	0	0	novel nomination	2.6367911081039823	0.3419644263230278	0.7948266817809545	1.0	0.0	0.5	0.0	0.0	0.0	0.0
SATB1	Atopic dermatitis	L12_ATOPIC	XII Diseases of the skin and subcutaneous tissue (L12_)	Dermatological	Immune-cell-enriched	1.4064209112698314	1.6144828772561188e-06	0.9760368294417104	0.9370583021481028	0.3304027250900057	0.0261537723898284	False	False	1	0	0	NOVEL colocalized	2.634430140766815	1.1583933113251046	0.9760368294417104	0.0	0.0	0.5	0.0	0.0	0.0	0.0
GPRC5C	Cholelithiasis	K11_CHOLELITH	XI Diseases of the digestive system (K11_)	Gastrointestinal	Immune-cell-enriched	0.9318210217944788	0.0007010211567238	0.9977070889812982				False	False	1	1	0	NOVEL colocalized	2.628560863958651	0.630853774977353	0.9977070889812982	0.0	0.5	0.5	0.0	0.0	0.0	0.0
IL7R	Atopic dermatitis	L12_ATOPIC	XII Diseases of the skin and subcutaneous tissue (L12_)	Dermatological	Cytokine/Interleukin	1.1740629224300392	0.0007573104276579	0.0004508643840589	1.063390448790762	0.034780232322167	4.796929452788161e-09	True	False	1	1	0	novel nomination	2.624596077022013	0.6241452126379544	0.0004508643840589	0.0	0.5	0.5	1.0	0.0	0.0	0.0
PPIF	Cholelithiasis	K11_CHOLELITH	XI Diseases of the digestive system (K11_)	Gastrointestinal	Immune-cell-enriched	0.8073153151448622	0.0398045086850315	0.8437192144563243				False	False	1	2	1	NOVEL colocalized	2.6237327609153147	0.2800135464589905	0.8437192144563243	0.0	1.0	0.5	0.0	0.0	0.0	0.0
SEZ6	Malignant melanoma of skin, excluding all cancers (controls excluding all cancers)	C3_MELANOMA_SKIN_EXALLC	II Neoplasms, from cancer register (ICD-O-3)	Neoplasm	Immune-cell-enriched	20.36781625066801	0.000383818548502	0.9391926316170458				False	False	1	1	0	NOVEL colocalized	2.6223674398730505	0.6831748082560047	0.9391926316170458	0.0	0.5	0.5	0.0	0.0	0.0	0.0
MAPKAPK2	Mucosal proctocolitis	MUCOPROCT	Gastrointestinal endpoints	Gastrointestinal	Immune-cell-enriched	2.5796264971516507	2.7530497633935666e-06	9.350269317550924e-11				False	False	2	1	0	novel nomination	2.6120371877623922	1.1120371876688895	9.350269317550924e-11	0.5	0.5	0.5	0.0	0.0	0.0	0.0
TNFRSF4	Thyrotoxicosis with diffuse goitre	E4_THYTOXGOITDIF	IV Endocrine, nutritional and metabolic diseases (E4_)	Metabolic/Endocrine	Immune checkpoint	1.4721532658932608	0.0242947081070189	0.7888411013836624	1.154169019175432	0.3620426917781727	0.0290469843789342	False	False	2	1	0	novel nomination	2.6117387642788525	0.3228976628951901	0.7888411013836624	0.5	0.5	0.5	0.0	0.0	0.0	0.0
IL1R1	Inflammatory bowel disease, strict (require KELA)	K11_IBD_STRICT	XI Diseases of the digestive system (K11_)	Gastrointestinal	Cytokine/Interleukin	1.7380080854011155	0.0021807693060982	0.0764752145616088	1.0268788045600297	0.8702411591712964	0.1451365843896907	False	False	1	3	1	novel nomination	2.608753269376878	0.5322780548152689	0.0764752145616088	0.0	1.5	0.5	0.0	0.0	0.0	0.0
SPON2	Endometriosis of pelvic peritoneum	N14_ENDOMETRIOSIS_PELVICPERITONEUM	XIV Diseases of the genitourinary system (N14_)	Renal/Genitourinary	Immune-cell-enriched	1.5939932511778423	0.0121952775141798	0.7208206004542479				False	False	2	1	0	novel nomination	2.60358226295184	0.38276166249759214	0.7208206004542479	0.5	0.5	0.5	0.0	0.0	0.0	0.0
CA8	Metabolic disorders	E4_METABOLIA	IV Endocrine, nutritional and metabolic diseases (E4_)	Metabolic/Endocrine	Immune-cell-enriched	0.8759670468648406	0.0362186500524905	0.8145292593953716				False	False	3	0	0	NOVEL colocalized	2.602742807558571	0.28821354816319916	0.8145292593953716	1.0	0.0	0.5	0.0	0.0	0.0	0.0
DUSP13	Soft tissue disorders	M13_SOFTTISSUE	XIII Diseases of the musculoskeletal system and connective tissue (M13_)	Musculoskeletal	Immune-cell-enriched	1.5121233622476724	0.03461018421348	0.8105820198753341				False	False	2	1	0	NOVEL colocalized	2.6027412377068586	0.2921592178315244	0.8105820198753341	0.5	0.5	0.5	0.0	0.0	0.0	0.0
XCL1	Other and unspecified coagulation defects	D3_COAGDEFNAS	III Diseases of the blood and blood-forming organs and certain disorders involving the immune mechanism (D3_)	Haematological/Immune	Chemokine axis	1.7845605592205114	1.0250069337673453e-08	0.0	0.5791179794374149	0.0047070491261673	0.0560029622814938	False	False	1	1	0	novel nomination	2.5978546393535065	1.5978546393535065	0.0	0.0	0.5	0.5	0.0	0.0	0.0	0.0
CASP3	Colon adenocarcinoma, excluding all cancers (controls excluding all cancers)	C3_COLON_ADENO_EXALLC	II Neoplasms, from cancer register (ICD-O-3)	Neoplasm	Immune-cell-enriched	0.7570214431073385	0.0382915043153297	0.3131809328194204	0.7862564022421912	0.4006981926198623	0.0011574754398032	False	False	2	2	1	novel nomination	2.596560447154931	0.28337951433551073	0.3131809328194204	0.5	1.0	0.5	0.0	0.0	0.0	0.0
PTPRN2		CURRENT_SMOKER	Miscellaneous, not yet classified endpoints	Other	Immune-cell-enriched	0.9245838860432906	0.0006365988371344	0.9572781909766228				False	False	1	1	0	NOVEL colocalized	2.5965050227833313	0.6392268318067086	0.9572781909766228	0.0	0.5	0.5	0.0	0.0	0.0	0.0
MYL6B	Rheumatoid arthritis	M13_RHEUMA	XIII Diseases of the musculoskeletal system and connective tissue (M13_)	Musculoskeletal	Immune-cell-enriched	1.396184655655942	0.0426853316634806	0.8096145801038143				False	False	3	0	0	NOVEL colocalized	2.583558848059176	0.27394426795536153	0.8096145801038143	1.0	0.0	0.5	0.0	0.0	0.0	0.0
SPP1	Gout	M13_GOUT	XIII Diseases of the musculoskeletal system and connective tissue (M13_)	Musculoskeletal	Immune-cell-enriched	1.2141203206381934	3.83546590510519e-06	3.606632994407269e-95				False	True	1	1	0	novel nomination	2.583236374701469	1.0832363747014688	3.606632994407269e-95	0.0	0.5	0.5	0.0	0.5	0.0	0.0
STX3	Other embolism and thrombosis	I9_THROMBOTH	IX Diseases of the circulatory system (I9_)	Cardiovascular	Immune-cell-enriched	0.6116509210353903	0.0096148211343015	0.6736679203514003				False	False	2	1	0	novel nomination	2.5770796784681886	0.40341175811678837	0.6736679203514003	0.5	0.5	0.5	0.0	0.0	0.0	0.0
MAPRE3	Hypertension, essential	I9_HYPTENSESS	IX Diseases of the circulatory system (I9_)	Cardiovascular	Immune-cell-enriched	0.8368114869115209	0.0014832973913281	5.575779429186069e-44				False	False	6	0	0	novel nomination	2.565754353413408	0.5657543534134077	5.575779429186069e-44	1.5	0.0	0.5	0.0	0.0	0.0	0.0
THBD	Varicose veins	I9_VARICVE	IX Diseases of the circulatory system (I9_)	Cardiovascular	Immune-cell-enriched	0.8878799753888768	0.0004575078355602	0.8976464584268575				False	False	1	1	0	NOVEL colocalized	2.5655667511348157	0.6679202927079582	0.8976464584268575	0.0	0.5	0.5	0.0	0.0	0.0	0.0
IL4	Obesity related asthma	ASTHMA_OBESITY	Comorbidities of Asthma	Respiratory	Cytokine/Interleukin	0.6392791980282662	0.0016355817941887	5.8821316095304735e-05	0.9875934280190504	0.9275248607587608	0.0235709432101004	False	False	5	3	1	recovered known axis	2.557324367768615	0.5572655464525195	5.8821316095304735e-05	1.5	1.5	0.5	0.0	0.0	1.5	0.0
SORT1	Ischaemic heart disease, wide definition	I9_IHD	IX Diseases of the circulatory system (I9_)	Cardiovascular	Immune-cell-enriched	0.6869391703423435	0.0016872784152532	1.770661775793454e-15	0.9549325149910391	0.4886633707165104	0.0152749269334301	False	True	2	1	0	novel nomination	2.5545626498447542	0.5545626498447525	1.770661775793454e-15	0.5	0.5	0.5	0.0	0.5	0.0	0.0
EVI2B	Type 2 diabetes, definitions combined	T2D	Diabetes endpoints	Metabolic/Endocrine	Immune-cell-enriched	0.774322451553972	0.004391372088591	0.0774307203519533				False	False	3	1	0	novel nomination	2.5489106729139723	0.4714799525620192	0.0774307203519533	1.0	0.5	0.5	0.0	0.0	0.0	0.0
EVI2B	Gonarthrosis	M13_ARTHROSIS_KNEE	XIII Diseases of the musculoskeletal system and connective tissue (M13_)	Musculoskeletal	Immune-cell-enriched	0.7356087469896203	0.0018527054975528	3.862921128305025e-05				False	False	3	1	0	novel nomination	2.546477351170776	0.5464387219594927	3.862921128305025e-05	1.0	0.5	0.5	0.0	0.0	0.0	0.0
JMJD1C	Hypertension, essential	I9_HYPTENSESS	IX Diseases of the circulatory system (I9_)	Cardiovascular	Immune-cell-enriched	1.5858372227233082	0.013174772607341	0.1697103905319685				False	False	4	0	0	novel nomination	2.5457617649008473	0.37605137436887853	0.1697103905319685	1.5	0.0	0.5	0.0	0.0	0.0	0.0
SORT1	Coronary atherosclerosis	I9_CORATHER	IX Diseases of the circulatory system (I9_)	Cardiovascular	Immune-cell-enriched	0.6571327078647082	0.0020125461957679	7.858749556378398e-19	0.9988750078267792	0.9880400545461908	0.0569656406040853	False	True	2	1	0	novel nomination	2.539250828419415	0.5392508284194147	7.858749556378398e-19	0.5	0.5	0.5	0.0	0.5	0.0	0.0
SPON2	Glaucoma	H7_GLAUCOMA	VII Diseases of the eye and adnexa (H7_)	Ophthalmological	Immune-cell-enriched	1.272214258130565	0.0364987567353841	0.7501038989933925				False	False	2	1	0	novel nomination	2.5376482847440602	0.28754438575066793	0.7501038989933925	0.5	0.5	0.5	0.0	0.0	0.0	0.0
PILRB	Basal cell carcinoma, including avohilmo, excluding all cancers (controls excluding all cancers)	C3_BASAL_CELL_CARCINOMA_INCLAVO_EXALLC	II Neoplasms, from cancer register (ICD-O-3)	Neoplasm	Immune-cell-enriched	0.9368350763230308	0.0004206196719898	0.84197272766799				False	False	1	1	0	NOVEL colocalized	2.51719481159335	0.67522208392536	0.84197272766799	0.0	0.5	0.5	0.0	0.0	0.0	0.0
CCL8	Mucosal proctocolitis	MUCOPROCT	Gastrointestinal endpoints	Gastrointestinal	Chemokine axis	8.770500728867388	0.0016106673274843	0.9574901893261616				False	False	1	1	0	NOVEL colocalized	2.5160890195113788	0.5585988301852173	0.9574901893261616	0.0	0.5	0.5	0.0	0.0	0.0	0.0
MAPKAPK2	Noninfective enteritis and colitis	K11_ENERCOLNONINF	XI Diseases of the digestive system (K11_)	Gastrointestinal	Immune-cell-enriched	1.5779759754828662	8.503951214844909e-06	6.783285818938826e-06				False	False	2	1	0	novel nomination	2.514082631270269	1.0140758479844503	6.783285818938826e-06	0.5	0.5	0.5	0.0	0.0	0.0	0.0
TNFSF12	Hypertension, essential	I9_HYPTENSESS	IX Diseases of the circulatory system (I9_)	Cardiovascular	TNF superfamily	1.0544778761509372	0.0028336174219331	5.917848127738195e-09	1.0812565045643387	7.367067758057289e-07	8.634296761258485e-09	True	False	2	1	0	novel nomination	2.5095317631123586	0.5095317571945106	5.917848127738195e-09	0.5	0.5	0.0	1.0	0.0	0.0	0.0
EVI2B	Diabetes, insulin treatment (Kela reimbursement) (more control exclusions)	KELA_DIAB_INSUL_EXMORE	Diabetes endpoints	Metabolic/Endocrine	Immune-cell-enriched	0.7665106109088551	0.0031111432114099	0.004313382620121				False	False	3	1	0	novel nomination	2.5057293820381394	0.5014159994180183	0.004313382620121	1.0	0.5	0.5	0.0	0.0	0.0	0.0
CD274	Chronic lower respiratory diseases	J10_LOWCHRON	X Diseases of the respiratory system (J10_)	Respiratory	Immune checkpoint	1.164604081231	0.0030639491905164	1.2440904160208828e-25	0.9350266544802096	0.0488003228841349	1.0483644441901982e-05	False	False	1	3	1	novel nomination	2.5027436881774245	0.5027436881774244	1.2440904160208828e-25	0.0	1.5	0.5	0.0	0.0	0.0	0.0
FES	Atherosclerosis, excluding cerebral and coronary sclerosis	I9_ATHSCLE	IX Diseases of the circulatory system (I9_)	Cardiovascular	Immune-cell-enriched	0.8736616867668404	0.0103888250237408	0.105011589115751				False	False	5	0	0	novel nomination	2.5016983027912514	0.39668671367550024	0.105011589115751	1.5	0.0	0.5	0.0	0.0	0.0	0.0
C2	Second line medication for Crohn's disease	RX_CROHN_2NDLINE	Drug purchase endpoints	Medication/Other	Complement/Coagulation	2.4265233063812706	9.214896092298522e-23					False	False	11	1	0	MHC-caution	2.5	2.0	0.0	1.5	0.5	0.5	0.0	0.0	0.0	2.0
C2	Reimbursement for rheumatic diseases	K11_REIMB_202	Gastrointestinal endpoints	Gastrointestinal	Complement/Coagulation	3.2121980080013373	1.0911430886790504e-40					False	False	11	1	0	MHC-caution	2.5	2.0	0.0	1.5	0.5	0.5	0.0	0.0	0.0	2.0
C2	Seropositive rheumatoid arthritis, strict definition	RHEUMA_SEROPOS_STRICT	Rheuma endpoints	Musculoskeletal	Complement/Coagulation	9.40976887748048	3.513473092685018e-27					False	False	11	1	0	MHC-caution	2.5	2.0	0.0	1.5	0.5	0.5	0.0	0.0	0.0	2.0
C2	Age-related macular degeneration (whether dry or wet)	H7_AMD	VII Diseases of the eye and adnexa (H7_)	Ophthalmological	Complement/Coagulation	4.4401658711061245	1.4018434369298908e-25					False	False	11	1	0	MHC-caution	2.5	2.0	0.0	1.5	0.5	0.5	0.0	0.0	0.0	2.0
C2	Wet age-related macular degeneration	WET_AMD	VII Diseases of the eye and adnexa (H7_)	Ophthalmological	Complement/Coagulation	5.648425767469946	4.7473961445569785e-18					False	False	11	1	0	MHC-caution	2.5	2.0	0.0	1.5	0.5	0.5	0.0	0.0	0.0	2.0
C2	Other retinal disorders	H7_RETINALDISOTH	VII Diseases of the eye and adnexa (H7_)	Ophthalmological	Complement/Coagulation	2.142297210828134	9.157826349071448e-19					False	False	11	1	0	MHC-caution	2.5	2.0	0.0	1.5	0.5	0.5	0.0	0.0	0.0	2.0
C2	Dry age-related macular degeneration (includes geographic atrophy)	DRY_AMD	VII Diseases of the eye and adnexa (H7_)	Ophthalmological	Complement/Coagulation	4.048243875227557	3.36128495677947e-15					False	False	11	1	0	MHC-caution	2.5	2.0	0.0	1.5	0.5	0.5	0.0	0.0	0.0	2.0
C2	Other (seronegative) rheumatoid arthritis, wide	RHEUMA_OTHER_WIDE	Rheuma endpoints	Musculoskeletal	Complement/Coagulation	3.759320471604842	3.042984206451224e-13					False	False	11	1	0	MHC-caution	2.5	2.0	0.0	1.5	0.5	0.5	0.0	0.0	0.0	2.0
C2	Degeneration of macula and posterior pole	H7_MACULADEGEN	VII Diseases of the eye and adnexa (H7_)	Ophthalmological	Complement/Coagulation	2.1775279578553453	4.908593489010671e-12					False	False	11	1	0	MHC-caution	2.5	2.0	0.0	1.5	0.5	0.5	0.0	0.0	0.0	2.0
C2	Autoimmune diseases	AUTOIMMUNE	Diseases marked as autimmune origin	Haematological/Immune	Complement/Coagulation	1.8944560006821167	1.4999764365448365e-45					False	False	11	1	0	MHC-caution	2.5	2.0	0.0	1.5	0.5	0.5	0.0	0.0	0.0	2.0
C2	Autoimmune diseases excluding thyroid diseases	AUTOIMMUNE_NONTHYROID	Diseases marked as autimmune origin	Haematological/Immune	Complement/Coagulation	2.278054845987634	7.959998054874583e-47					False	False	11	1	0	MHC-caution	2.5	2.0	0.0	1.5	0.5	0.5	0.0	0.0	0.0	2.0
C2	Type1 diabetes, definitions combined, early onset	T1D_EARLY	Diabetes endpoints	Metabolic/Endocrine	Complement/Coagulation	65.31457175728114	2.132689396747254e-34					False	False	11	1	0	MHC-caution	2.5	2.0	0.0	1.5	0.5	0.5	0.0	0.0	0.0	2.0
C2	Seropositive rheumatoid arthritis, wide	RHEUMA_SEROPOS_WIDE	Rheuma endpoints	Musculoskeletal	Complement/Coagulation	5.983593899561611	7.402704512820487e-36					False	False	11	1	0	MHC-caution	2.5	2.0	0.0	1.5	0.5	0.5	0.0	0.0	0.0	2.0
C2	Type 1 diabetes, definitions combined	T1D	Diabetes endpoints	Metabolic/Endocrine	Complement/Coagulation	25.666559507748048	6.84545078111638e-37					False	False	11	1	0	MHC-caution	2.5	2.0	0.0	1.5	0.5	0.5	0.0	0.0	0.0	2.0
VAT1	Malignant neoplasm, excluding all cancers (controls excluding all cancers)	C3_CANCER_EXALLC	II Neoplasms, from cancer register (ICD-O-3)	Neoplasm	Immune-cell-enriched	1.0770548714137345	0.0431027063523902	0.7208291178992958				False	False	3	0	0	novel nomination	2.4939282099599147	0.2730990920606191	0.7208291178992958	1.0	0.0	0.5	0.0	0.0	0.0	0.0
F2R	Cholelithiasis	K11_CHOLELITH	XI Diseases of the digestive system (K11_)	Gastrointestinal	Immune-cell-enriched	1.1081882361223645	0.0036645338472931	0.0057014103672531				False	False	1	3	1	novel nomination	2.4928976628896473	0.48719625252239396	0.0057014103672531	0.0	1.5	0.5	0.0	0.0	0.0	0.0
PTPRN2		EVER_SMOKER	Miscellaneous, not yet classified endpoints	Other	Immune-cell-enriched	0.9412679934459312	0.0021003335919416	0.9572781909766228				False	False	1	1	0	NOVEL colocalized	2.4928205353028337	0.5355423443262108	0.9572781909766228	0.0	0.5	0.5	0.0	0.0	0.0	0.0
FES	Angina pectoris	I9_ANGINA	IX Diseases of the circulatory system (I9_)	Cardiovascular	Immune-cell-enriched	0.8993157243625874	0.0035411963943223	0.0021589735908877				False	False	5	0	0	novel nomination	2.4923289709218275	0.4901699973309398	0.0021589735908877	1.5	0.0	0.5	0.0	0.0	0.0	0.0
PPP1R14A	Malignant neoplasm of prostate, excluding all cancers (controls excluding all cancers)	C3_PROSTATE_EXALLC	II Neoplasms, from cancer register (ICD-O-3)	Neoplasm	Immune-cell-enriched	1.4094681082086478	3.5098236966428664e-08	1.5661241759069157e-14				False	False	2	0	0	novel nomination	2.490942939641219	1.4909429396412033	1.5661241759069157e-14	0.5	0.0	0.5	0.0	0.0	0.0	0.0
LIF	Autoimmune diseases	AUTOIMMUNE	Diseases marked as autimmune origin	Haematological/Immune	Cytokine/Interleukin	2.044004151752977	0.0004173346018287	0.3136457997267626	0.8078269554799367	0.0002111052659201	0.0216946484191541	False	False	3	1	0	novel nomination	2.4895489208863717	0.675903121159609	0.3136457997267626	1.0	0.5	0.0	0.0	0.0	0.0	0.0
EVI2B	Primary gonarthrosis, bilateral	PRIM_KNEEARTHROSIS	Rheuma endpoints	Musculoskeletal	Immune-cell-enriched	0.6590812439738953	0.0071504895357433	0.0541406150507602				False	False	3	1	0	novel nomination	2.483273459966229	0.42913284491546894	0.0541406150507602	1.0	0.5	0.5	0.0	0.0	0.0	0.0
MAPKAPK2	Ulcerative colitis, NAS	ULCERNAS	Gastrointestinal endpoints	Gastrointestinal	Immune-cell-enriched	2.3777072411162683	1.3348310200944751e-05	1.1758691126062244e-07				False	False	2	1	0	novel nomination	2.47491485945585	0.9749147418689388	1.1758691126062244e-07	0.5	0.5	0.5	0.0	0.0	0.0	0.0
NGFR	Antihypertensive medication - note that there are other indications	RX_ANTIHYP	Drug purchase endpoints	Medication/Other	Immune-cell-enriched	0.6297582158320076	1.4363404497339994e-05	2.9483251611386456e-06				False	False	2	1	0	novel nomination	2.4685514701048126	0.9685485217796517	2.9483251611386456e-06	0.5	0.5	0.5	0.0	0.0	0.0	0.0
MXRA8	Nasal polyp	J10_NASALPOLYP	X Diseases of the respiratory system (J10_)	Respiratory	Immune-cell-enriched	2.4672311149585817	0.0243945095916821	0.6411131151474484	0.7540825234718326	0.0029841410149309	0.0471053357888484	False	False	2	1	0	novel nomination	2.4636546967841872	0.32254158163673885	0.6411131151474484	0.5	0.5	0.5	0.0	0.0	0.0	0.0
MAPRE3	Obesity	E4_OBESITY	IV Endocrine, nutritional and metabolic diseases (E4_)	Metabolic/Endocrine	Immune-cell-enriched	0.7675585525647268	0.005588027644015	0.0050269191694593				False	False	6	0	0	novel nomination	2.4555752099883508	0.45054829081889125	0.0050269191694593	1.5	0.0	0.5	0.0	0.0	0.0	0.0
MAPRE3	Other intervertebral disc disorders	M13_INTERVERTEB	XIII Diseases of the musculoskeletal system and connective tissue (M13_)	Musculoskeletal	Immune-cell-enriched	0.8252625223158223	0.0392586575096211	0.1711178437738395				False	False	6	0	0	novel nomination	2.452330754900014	0.2812129111261746	0.1711178437738395	1.5	0.0	0.5	0.0	0.0	0.0	0.0
ADM	Antihypertensive medication - note that there are other indications	RX_ANTIHYP	Drug purchase endpoints	Medication/Other	Immune-cell-enriched	1.0701323884982257	0.005588027644015	1.2208232366580168e-08	0.9966020839274716	0.9585364507644748	0.0386065055011082	False	False	3	1	0	novel nomination	2.450548303027124	0.45054829081889125	1.2208232366580168e-08	1.0	0.5	0.5	0.0	0.0	0.0	0.0
IL1RN	Hypertension	I9_HYPTENS	IX Diseases of the circulatory system (I9_)	Cardiovascular	Cytokine/Interleukin	0.8305428779673497	0.0435337608524896	0.1779421062435512	1.1438229228914536	0.0830872587814282	0.0293566103548016	False	False	3	1	0	novel nomination	2.450176868805957	0.2722347625624057	0.1779421062435512	1.0	0.5	0.5	0.0	0.0	0.0	0.0
IL4	Chalazion	H7_CHALAZION	VII Diseases of the eye and adnexa (H7_)	Ophthalmological	Cytokine/Interleukin	2.1300355917440137	0.0056805686693544	5.766774363830311e-05	0.6150869906090255	0.0447733402671803	0.0337913063671298	False	False	5	3	1	recovered known axis	2.449179304911279	0.44912163716764064	5.766774363830311e-05	1.5	1.5	0.5	0.0	0.0	1.5	0.0
ADM	Other heart diseases	FG_OTHHEART	Cardiometabolic endpoints	Cardiovascular	Immune-cell-enriched	1.0906320803894327	0.0217403992989797	0.1117276253272407	1.062974854687675	0.4992191195892035	0.0326481737731426	False	False	3	1	0	novel nomination	2.4442741220528896	0.33254649672564873	0.1117276253272407	1.0	0.5	0.5	0.0	0.0	0.0	0.0
EVI2B	Hernia	K11_HERNIA	XI Diseases of the digestive system (K11_)	Gastrointestinal	Immune-cell-enriched	1.2564340260682276	0.0397880012110379	0.1554437765210287				False	False	3	1	0	novel nomination	2.435493352023344	0.280049575502315	0.1554437765210287	1.0	0.5	0.5	0.0	0.0	0.0	0.0
MXRA8	Hernia	K11_HERNIA	XI Diseases of the digestive system (K11_)	Gastrointestinal	Immune-cell-enriched	1.4612041743565505	0.0075276428544536	0.0078534167668927	0.803764814857929	1.5735452940646155e-09	0.7304892515336455	False	True	2	1	0	novel nomination	2.4325216155656095	0.4246681987987171	0.0078534167668927	0.5	0.5	0.5	0.0	0.5	0.0	0.0
EVI2B	Gonarthrosis, primary, with knee surgery	M13_ARTHROSIS_KNEE_PRIM_KNEESURG	XIII Diseases of the musculoskeletal system and connective tissue (M13_)	Musculoskeletal	Immune-cell-enriched	0.6752009209370641	0.008807589425956	0.0211217204121851				False	False	3	1	0	novel nomination	2.432150308134017	0.41102858772183176	0.0211217204121851	1.0	0.5	0.5	0.0	0.0	0.0	0.0
CCL8	Noninfective enteritis and colitis	K11_ENERCOLNONINF	XI Diseases of the digestive system (K11_)	Gastrointestinal	Chemokine axis	2.7972415203508696	0.0043117249366509	0.9520667643486456				False	False	1	1	0	NOVEL colocalized	2.425136554836146	0.47306979048750064	0.9520667643486456	0.0	0.5	0.5	0.0	0.0	0.0	0.0
BMP6	Meniscus derangement	M13_MENISCUSDERANGEMENTS	XIII Diseases of the musculoskeletal system and connective tissue (M13_)	Musculoskeletal	Immune-cell-enriched	0.7178876641257432	0.0075276428544536		0.7260767401194748	0.0012029246441966	0.0156896055730684	True	True	5	1	0	MHC-caution	2.4246681987987166	0.4246681987987171	0.0	1.5	0.5	0.5	1.0	0.5	0.0	2.0
STX3	Diverticular disease of intestine	K11_DIVERTIC	XI Diseases of the digestive system (K11_)	Gastrointestinal	Immune-cell-enriched	0.8268129718680673	0.0146307382053273	0.5553425899348815				False	False	2	1	0	novel nomination	2.422289342065773	0.3669467521308914	0.5553425899348815	0.5	0.5	0.5	0.0	0.0	0.0	0.0
IL4R	Pollen allergy	POLLENALLERG	Comorbidities of Asthma	Respiratory	Cytokine/Interleukin	0.7440920588060751	0.0189534973177553	0.074985754870432	0.9000964523228446	0.4845179035373046	0.0519922838739788	False	False	1	3	1	novel nomination	2.4194478832427255	0.3444621283722934	0.074985754870432	0.0	1.5	0.5	0.0	0.0	0.0	0.0
PDGFB	Degeneration of macula and posterior pole	H7_MACULADEGEN	VII Diseases of the eye and adnexa (H7_)	Ophthalmological	Immune-cell-enriched	1.155003585896671	0.0073361000141657	0.9885177475410272	0.906402110773443	0.3876940980216128	0.0372407515002402	False	False	1	1	0	NOVEL colocalized	2.415424698840036	0.4269069512990086	0.9885177475410272	0.0	0.5	0.5	0.0	0.0	0.0	0.0
IL1RN	Spermatocele	N14_SPERMATOCELE	XIV Diseases of the genitourinary system (N14_)	Renal/Genitourinary	Cytokine/Interleukin	0.3300209355068198	0.0084364124951316	6.565841232517516e-15	1.90378780089704	0.1120439720701149	0.0275727946960049	False	False	3	1	0	novel nomination	2.4147684387504853	0.414768438750479	6.565841232517516e-15	1.0	0.5	0.5	0.0	0.0	0.0	0.0
ADM	Cardiovascular diseases (excluding rheumatic etc)	FG_CVD	Cardiometabolic endpoints	Cardiovascular	Immune-cell-enriched	1.0704629835581871	0.0088084123233094	0.0012755214797816	1.0589625189151803	0.3970230948538282	0.0334166610623265	False	False	3	1	0	novel nomination	2.412295994311865	0.41102047283208326	0.0012755214797816	1.0	0.5	0.5	0.0	0.0	0.0	0.0
CCL8	Ulcerative colitis (strict definition, require KELA, min 2 HDR)	K11_UC_STRICT2	XI Diseases of the digestive system (K11_)	Gastrointestinal	Chemokine axis	6.055553172300361	0.005546449601892	0.956550563482218				False	False	1	1	0	NOVEL colocalized	2.4077475492615976	0.45119698577937956	0.956550563482218	0.0	0.5	0.5	0.0	0.0	0.0	0.0
PDLIM7	Diseases of veins, lymphatic vessels and lymph nodes, not elsewhere classified	I9_DISVEINLYMPH	IX Diseases of the circulatory system (I9_)	Cardiovascular	Immune-cell-enriched	0.7836556111360843	0.0077026311849418	0.9835208606723478				False	False	2	0	0	NOVEL colocalized	2.406193039951964	0.4226721792796163	0.9835208606723478	0.5	0.0	0.5	0.0	0.0	0.0	0.0
TSPAN15	Pulmonary embolism	I9_PULMEMB	IX Diseases of the circulatory system (I9_)	Cardiovascular	Immune-cell-enriched	0.632460994980819	9.429460011224448e-08	1.80818986517925e-15				False	False	1	1	0	novel nomination	2.4051026353838245	1.4051026353838227	1.80818986517925e-15	0.0	0.5	0.5	0.0	0.0	0.0	0.0
CD274	Asthma/COPD (KELA code 203)	J10_ASTHMACOPDKELA	X Diseases of the respiratory system (J10_)	Respiratory	Immune checkpoint	1.1875380112973262	0.0096324041362815	1.0435458250753456e-30	0.9246321189066556	0.0554846176303249	5.528246559754043e-06	False	False	1	3	1	novel nomination	2.4032530608967555	0.40325306089675567	1.0435458250753456e-30	0.0	1.5	0.5	0.0	0.0	0.0	0.0
PDCD1LG2	Polycythaemia vera	POLYCYTVERA	Other, not yet classified endpoints (same as #MISC)	Other	Immune checkpoint	2.0403361314698225	0.0101574816278213	7.277331251223115e-97	1.7008166756119971	3.917400233754975e-06	6.733317844771306e-45	True	False	1	2	0	novel nomination	2.3986427909047756	0.3986427909047757	7.277331251223115e-97	0.0	1.0	0.0	1.0	0.0	0.0	0.0
TEX101	Dementia in Alzheimer disease	F5_ALZHDEMENT	V Mental and behavioural disorders (F5_)	Neurological/Psychiatric	Immune-cell-enriched	1.4652683780663398	0.0102635618717422	5.7940557109796156e-33				False	False	2	2	0	novel nomination	2.39774037905745	0.39774037905745	5.7940557109796156e-33	0.5	1.0	0.5	0.0	0.0	0.0	0.0
FES	Gonarthrosis	M13_ARTHROSIS_KNEE	XIII Diseases of the musculoskeletal system and connective tissue (M13_)	Musculoskeletal	Immune-cell-enriched	1.0896937364489854	0.0105585411147618	0.002108113797271				False	False	5	0	0	novel nomination	2.3973873307179074	0.39527921692063617	0.002108113797271	1.5	0.0	0.5	0.0	0.0	0.0	0.0
CA8	Disorders of lipoprotein metabolism and other lipidaemias	E4_LIPOPROT	IV Endocrine, nutritional and metabolic diseases (E4_)	Metabolic/Endocrine	Immune-cell-enriched	0.8589385849699901	0.035148722955739	0.6020759410658207				False	False	3	0	0	novel nomination	2.3928940309462927	0.2908180898804721	0.6020759410658207	1.0	0.0	0.5	0.0	0.0	0.0	0.0
C2	Disorders of choroid and retina	H7_CHOROIDRETINA	VII Diseases of the eye and adnexa (H7_)	Ophthalmological	Complement/Coagulation	1.6372975586366791	3.6404832722459657e-10					False	False	11	1	0	MHC-caution	2.387768192031828	1.8877681920318277	0.0	1.5	0.5	0.5	0.0	0.0	0.0	2.0
ADM	Hypertension, essential	I9_HYPTENSESS	IX Diseases of the circulatory system (I9_)	Cardiovascular	Immune-cell-enriched	1.0743363402132895	0.0122785147684462	2.9745175686497472e-08	1.0622658276753312	0.4052731458067078	0.0428121863405009	False	False	3	1	0	novel nomination	2.382170862359365	0.38217083261418955	2.9745175686497472e-08	1.0	0.5	0.5	0.0	0.0	0.0	0.0
IL4	Asthma and allergy	ASTHMA_ALLERG	Asthma and related endpoints	Respiratory	Cytokine/Interleukin	0.5499850167195208	0.0129812442868778	1.663684278217141e-06	0.9400280166166302	0.7605644493162824	0.045011310441748	False	False	5	3	1	recovered known axis	2.3773383991355477	0.37733673545126944	1.663684278217141e-06	1.5	1.5	0.5	0.0	0.0	1.5	0.0
PRKCQ	Dermatitis and eczema	L12_DERMATITISECZEMA	XII Diseases of the skin and subcutaneous tissue (L12_)	Dermatological	Immune-cell-enriched	0.8305930216420767	0.0130985994497798	4.086199789057584e-10				False	False	2	2	1	novel nomination	2.376555028052266	0.37655502764364607	4.086199789057584e-10	0.5	1.0	0.5	0.0	0.0	0.0	0.0
CCL8	Inflammatory bowel disease, strict (require KELA)	K11_IBD_STRICT	XI Diseases of the digestive system (K11_)	Gastrointestinal	Chemokine axis	4.246745452557246	0.0078928664392308	0.9545757543005432				False	False	1	1	0	NOVEL colocalized	2.3751288035277844	0.42055304922724135	0.9545757543005432	0.0	0.5	0.5	0.0	0.0	0.0	0.0
IL4	Asthma, unspecified (mode)	ASTHMA_NAS	Asthma and related endpoints	Respiratory	Cytokine/Interleukin	0.743984787907398	0.0134802238403447	2.2639322317224997e-09	0.9716234127673536	0.7751483043254044	0.0255732515163716	False	False	5	3	1	recovered known axis	2.3740605815122113	0.37406057924827907	2.2639322317224997e-09	1.5	1.5	0.5	0.0	0.0	1.5	0.0
ADM	Hypertension	I9_HYPTENS	IX Diseases of the circulatory system (I9_)	Cardiovascular	Immune-cell-enriched	1.0699589450331417	0.0140330910231028	6.258705334462916e-09	1.0310686616506892	0.658238910080212	0.0444937094113491	False	False	3	1	0	novel nomination	2.3705693378203674	0.37056933156166194	6.258705334462916e-09	1.0	0.5	0.5	0.0	0.0	0.0	0.0
IL4	Asthma-related pneumonia	ASTHMA_PNEUMONIA	Asthma and related endpoints	Respiratory	Cytokine/Interleukin	0.6874754184090923	0.0180063561061857	0.0204623619253271	0.8381760193849809	0.1740604735435273	0.0497477454958192	False	False	5	3	1	recovered known axis	2.3693771949648705	0.34891483303954335	0.0204623619253271	1.5	1.5	0.5	0.0	0.0	1.5	0.0
CXCL6	Corneal scars and opacities	H7_CORNEALSCAR	VII Diseases of the eye and adnexa (H7_)	Ophthalmological	Chemokine axis	15.161878803434613	0.0096324041362815	0.9640423406009784				False	False	1	1	0	NOVEL colocalized	2.367295401497734	0.40325306089675567	0.9640423406009784	0.0	0.5	0.5	0.0	0.0	0.0	0.0
ADM	Female genital prolapse	N14_FEMGENPROL	XIV Diseases of the genitourinary system (N14_)	Renal/Genitourinary	Immune-cell-enriched	1.1559835504166902	0.0169606119926498	0.0118458779497906	1.1171039237327869	0.4552571099141027	0.0223557891710747	False	False	3	1	0	novel nomination	2.365957574164761	0.3541116962149703	0.0118458779497906	1.0	0.5	0.5	0.0	0.0	0.0	0.0
SLC16A1	Diseases of veins, lymphatic vessels and lymph nodes, not elsewhere classified	I9_DISVEINLYMPH	IX Diseases of the circulatory system (I9_)	Cardiovascular	Immune-cell-enriched	0.7977315639320371	0.0103403455498788	0.9655222307431096				False	False	1	1	0	NOVEL colocalized	2.362615220324251	0.39709298958114136	0.9655222307431096	0.0	0.5	0.5	0.0	0.0	0.0	0.0
FES	Primary gonarthrosis, bilateral	PRIM_KNEEARTHROSIS	Rheuma endpoints	Musculoskeletal	Immune-cell-enriched	1.1281412716716042	0.0192117398683376	0.0090335039835718				False	False	5	0	0	novel nomination	2.3523201644729514	0.34328666048937995	0.0090335039835718	1.5	0.0	0.5	0.0	0.0	0.0	0.0
LRP1	Chronic diseases of tonsils and adenoids	J10_CHRONTONSADEN	X Diseases of the respiratory system (J10_)	Respiratory	Immune-cell-enriched	1.919892501925988	0.0001371264867627	0.0787690363652052	0.8029875661653506	0.0071285495147677	0.066224139471114	False	False	2	1	0	novel nomination	2.3513447664957456	0.7725757301305406	0.0787690363652052	0.5	0.5	0.5	0.0	0.0	0.0	0.0
NUMB	Degeneration of macula and posterior pole	H7_MACULADEGEN	VII Diseases of the eye and adnexa (H7_)	Ophthalmological	Immune-cell-enriched	0.7070969341949453	0.0032336142225582	0.8503164283696217				False	False	2	0	0	NOVEL colocalized	2.3483787870989485	0.4980623587293267	0.8503164283696217	0.5	0.0	0.5	0.0	0.0	0.0	0.0
RAPGEF2	Dementia, including avohilmo	F5_DEMENTIA_INCLAVO	V Mental and behavioural disorders (F5_)	Neurological/Psychiatric	Immune-cell-enriched	1.114965887734342	0.0134458077813621	0.967187997872393				False	False	2	0	0	NOVEL colocalized	2.3414706181975684	0.37428262032517556	0.967187997872393	0.5	0.0	0.5	0.0	0.0	0.0	0.0
CASP3	Type 2 diabetes, definitions combined	T2D	Diabetes endpoints	Metabolic/Endocrine	Immune-cell-enriched	1.0847426735314722	0.0198063071135177	5.384142256271635e-07				False	False	2	2	1	novel nomination	2.340639836640454	0.3406392982262286	5.384142256271635e-07	0.5	1.0	0.5	0.0	0.0	0.0	0.0
CLEC10A	Cholecystectomy	K11_CHOLECYSTECTOMY	XI Diseases of the digestive system (K11_)	Gastrointestinal	Immune-cell-enriched	0.8822285417857457	0.0168126426694845	0.985063497366372	1.0445177679886135	0.5438606956782064	0.0089132585918467	False	False	1	1	0	NOVEL colocalized	2.339936300822792	0.3548728034564198	0.985063497366372	0.0	0.5	0.5	0.0	0.0	0.0	0.0
IL6	Calcific aortic valvular stenosis, operated	I9_CAVS_OPERATED	IX Diseases of the circulatory system (I9_)	Cardiovascular	Cytokine/Interleukin	0.4730318296653574	0.0202423127109498	1.2280221762357978e-10	1.317242846024597	0.0516909671281775	0.0133602275120215	False	False	1	3	1	novel nomination	2.3387479741787294	0.3387479740559272	1.2280221762357978e-10	0.0	1.5	0.5	0.0	0.0	0.0	0.0
ITGA6	Somatoform disorder	F5_SOMATOFORM	V Mental and behavioural disorders (F5_)	Neurological/Psychiatric	Immune-cell-enriched	0.3579203879835402	0.0154742900851137	0.9692789749809432				False	False	1	1	0	NOVEL colocalized	2.331356828181638	0.3620778532006947	0.9692789749809432	0.0	0.5	0.5	0.0	0.0	0.0	0.0
TNFSF12	Blepharochalasis	H7_BLEPHAROCHALASIS	VII Diseases of the eye and adnexa (H7_)	Ophthalmological	TNF superfamily	1.1215857254401715	0.0334143970374397	0.0332628299454454	1.1863384593746036	1.2649988787583055e-05	0.0465032865077757	True	False	2	1	0	novel nomination	2.328476104207538	0.29521327426209243	0.0332628299454454	0.5	0.5	0.0	1.0	0.0	0.0	0.0
CLEC4C	Disorders of the thyroid gland	E4_THYROID	IV Endocrine, nutritional and metabolic diseases (E4_)	Metabolic/Endocrine	Immune-cell-enriched	0.968791047751555	0.0169784977384107	0.9740828229892412				False	False	1	1	0	NOVEL colocalized	2.328102970763851	0.35402014777460955	0.9740828229892412	0.0	0.5	0.5	0.0	0.0	0.0	0.0
SORT1	Pure hypercholesterolaemia	E4_HYPERCHOL	IV Endocrine, nutritional and metabolic diseases (E4_)	Metabolic/Endocrine	Immune-cell-enriched	0.5987053473162907	7.437049916835084e-05	3.952356599673375e-20	1.1774584728918578	0.0436642040366557	0.0596172680515041	False	False	2	1	0	novel nomination	2.325719860711155	0.8257198607111551	3.952356599673375e-20	0.5	0.5	0.5	0.0	0.0	0.0	0.0
MAP1LC3A	Hallux valgus (acquired)	M13_HALLUXVALGUS	XIII Diseases of the musculoskeletal system and connective tissue (M13_)	Musculoskeletal	Immune-cell-enriched	0.8944576354860955	0.0244638667253075	1.0957540176943322e-45				False	True	3	0	0	novel nomination	2.322294979576518	0.3222949795765177	1.0957540176943322e-45	1.0	0.0	0.5	0.0	0.5	0.0	0.0
XCL1	Other coagulation defects	D3_COAGOTHER	III Diseases of the blood and blood-forming organs and certain disorders involving the immune mechanism (D3_)	Haematological/Immune	Chemokine axis	1.5557246501546862	2.530862219442971e-07	0.0	0.7036480225453097	0.0143096678829572	0.0560029622814938	False	False	1	1	0	novel nomination	2.3193462994522984	1.3193462994522984	0.0	0.0	0.5	0.5	0.0	0.0	0.0	0.0
IL4	Varicose veins	I9_VARICVE	IX Diseases of the circulatory system (I9_)	Cardiovascular	Cytokine/Interleukin	0.7686831691577257	0.0254473846181899	7.3380129548073405e-09	1.0770237010675665	0.4261586104257042	0.0766139548983777	False	False	5	3	1	recovered known axis	2.3188713765594895	0.3188713692214765	7.3380129548073405e-09	1.5	1.5	0.5	0.0	0.0	1.5	0.0
PDCD1LG2	Myeloproliferative diseases (CML excluded)	MYELOPROF_NONCML	Other, not yet classified endpoints (same as #MISC)	Other	Immune checkpoint	1.57041910555081	0.0266760642609795	3.5727293849100633e-97	1.3994061254293688	1.3379313188233157e-05	6.918978706964477e-45	True	False	1	2	0	novel nomination	2.3147756490127462	0.3147756490127463	3.5727293849100633e-97	0.0	1.0	0.0	1.0	0.0	0.0	0.0
TGFB2	Acne	L12_ACNE	XII Diseases of the skin and subcutaneous tissue (L12_)	Dermatological	Cytokine/Interleukin	5.067488565363586	0.0273966118254971	6.293876879638701e-06	2.117334369016936	1.6387782833415798e-05	0.0106290122188977	True	False	2	1	0	novel nomination	2.312466922600945	0.31246062872406555	6.293876879638701e-06	0.5	0.5	0.0	1.0	0.0	0.0	0.0
TNFRSF9	Other secondary gonarthrosis	SCND_OTH_KNEEARTHROSIS	Rheuma endpoints	Musculoskeletal	Immune checkpoint	0.3549809160478079	0.0079309112901681	0.8888174364104899				False	False	1	1	0	NOVEL colocalized	2.3089528179746375	0.42013538156414765	0.8888174364104899	0.0	0.5	0.5	0.0	0.0	0.0	0.0
PHOSPHO1	Retinal detachment with retinal break	H7_RETINALDETACHBREAK	VII Diseases of the eye and adnexa (H7_)	Ophthalmological	Immune-cell-enriched	1.7424506486721416	0.0199035687474798	0.9659389385578432				False	False	2	0	0	NOVEL colocalized	2.306152747915293	0.3402138093574495	0.9659389385578432	0.5	0.0	0.5	0.0	0.0	0.0	0.0
MAPRE3	Antihypertensive medication - note that there are other indications	RX_ANTIHYP	Drug purchase endpoints	Medication/Other	Immune-cell-enriched	0.8715700108543954	0.0295394224240604	2.2534761676038384e-33				False	False	6	0	0	novel nomination	2.30591960011555	0.3059196001155499	2.2534761676038384e-33	1.5	0.0	0.5	0.0	0.0	0.0	0.0
NGFR	Hypertension	I9_HYPTENS	IX Diseases of the circulatory system (I9_)	Cardiovascular	Immune-cell-enriched	0.6333947538585684	0.0001016088028641	0.001856944055482				False	False	2	1	0	novel nomination	2.300470677131857	0.7986137330763752	0.001856944055482	0.5	0.5	0.5	0.0	0.0	0.0	0.0
CD5	Cerebral palsy	G6_CP	VI Diseases of the nervous system (G6_)	Neurological/Psychiatric	CD/Leukocyte surface	3.5917689177371543	0.0276262378130988	0.988567602507196	0.2630187002999214	0.0452833050088223	0.0158443252603916	False	False	1	1	0	NOVEL colocalized	2.3003032533071686	0.3117356507999727	0.988567602507196	0.0	0.5	0.5	0.0	0.0	0.0	0.0
LDLR	Angina pectoris	I9_ANGINA	IX Diseases of the circulatory system (I9_)	Cardiovascular	Immune-cell-enriched	0.5686899820534884	0.0319895583649357	1.1962204352289612e-10	0.8211859792227609	0.0117613253212542	0.0656297987814768	True	False	1	1	0	novel nomination	2.29899835123375	0.2989983511141282	1.1962204352289612e-10	0.0	0.5	0.5	1.0	0.0	0.0	0.0
ANPEP	Diabetes, insulin treatment (Kela reimbursement) (more control exclusions)	KELA_DIAB_INSUL_EXMORE	Diabetes endpoints	Metabolic/Endocrine	Immune-cell-enriched	1.0466996104094082	0.0001021802674216	0.0008383277282075				False	False	2	1	0	novel nomination	2.298964920735464	0.7981265930072567	0.0008383277282075	0.5	0.5	0.5	0.0	0.0	0.0	0.0
TEX101	Alzheimer’s disease (Late onset) (more control exclusions)	AD_LO_EXMORE	Neurological endpoints	Neurological/Psychiatric	Immune-cell-enriched	1.4170893039909056	0.0363097730735885	2.2163063360771155e-39				False	False	2	2	0	novel nomination	2.287995293060695	0.2879952930606949	2.2163063360771155e-39	0.5	1.0	0.5	0.0	0.0	0.0	0.0
STEAP4	Hypertrophy of breast in women and men	N14_HYPERTROPHYBREAST_BOTH	XIV Diseases of the genitourinary system (N14_)	Renal/Genitourinary	Immune-cell-enriched	0.9058079058780616	0.0196688199524089	0.945975499506495				False	False	1	1	0	NOVEL colocalized	2.2872198385397144	0.34124433903321927	0.945975499506495	0.0	0.5	0.5	0.0	0.0	0.0	0.0
LILRB2	Asthma/COPD (KELA code 203)	J10_ASTHMACOPDKELA	X Diseases of the respiratory system (J10_)	Respiratory	Immune-cell-enriched	1.1722345897959126	0.0042378797452178	0.3101465272435748	0.9419108410453896	2.288499425517898e-07	0.998616915820796	False	False	1	1	0	novel nomination	2.2847168014561756	0.47457027421260084	0.3101465272435748	0.0	0.5	0.5	0.5	0.0	0.0	0.0
IL4R	Allergic rhinitis	ALLERG_RHINITIS	Comorbidities of Asthma	Respiratory	Cytokine/Interleukin	0.8079157047070906	0.038564625880564	2.442752545299829e-05	0.912727807767122	0.41957586697421	0.05245870518028	False	False	1	3	1	novel nomination	2.2827866030088213	0.28276217548336813	2.442752545299829e-05	0.0	1.5	0.5	0.0	0.0	0.0	0.0
RAPGEF2	Any dementia (more control exclusions)	KRA_PSY_DEMENTIA_EXMORE	Psychiatric endpoints from Katri Räikkönen	Other	Immune-cell-enriched	1.1270675707866935	0.0179841524949694	0.9290848784774902				False	False	2	0	0	NOVEL colocalized	2.2781068831845395	0.3490220047070493	0.9290848784774902	0.5	0.0	0.5	0.0	0.0	0.0	0.0
IL18	Contact urticaria	L12_URTIGA_CONTACT	XII Diseases of the skin and subcutaneous tissue (L12_)	Dermatological	Cytokine/Interleukin	6.0867318401446	0.0224663857623151	0.9478077868731524				False	False	1	1	0	NOVEL colocalized	2.27750114452758	0.32969335765442787	0.9478077868731524	0.0	0.5	0.5	0.0	0.0	0.0	0.0
SEZ6	Malignant melanoma, excluding all cancers (controls excluding all cancers)	C3_MELANOMA_EXALLC	II Neoplasms, from cancer register (ICD-O-3)	Neoplasm	Immune-cell-enriched	10.030608373275932	0.0152032918107525	0.9134188917908088				False	False	1	1	0	NOVEL colocalized	2.2770313655115353	0.36361247372072647	0.9134188917908088	0.0	0.5	0.5	0.0	0.0	0.0	0.0
FGFBP3	Circumscribed brain atrophy	G6_ATROPHCIRCUM	VI Diseases of the nervous system (G6_)	Neurological/Psychiatric	Immune-cell-enriched	0.007456576642335	0.0183389670602363	0.9288820585337856				False	False	1	1	0	NOVEL colocalized	2.2762070844444438	0.34732502591065806	0.9288820585337856	0.0	0.5	0.5	0.0	0.0	0.0	0.0
TNFSF13	Persistent delusional disorders	F5_DELUSIO	V Mental and behavioural disorders (F5_)	Neurological/Psychiatric	TNF superfamily	0.6991555515978832	0.0301687156010823	0.9717495260623084				False	False	1	1	0	NOVEL colocalized	2.2758381618677905	0.304088635805482	0.9717495260623084	0.0	0.5	0.5	0.0	0.0	0.0	0.0
DSG2	Lumbar disc prolapse	M13_LUMBAR_PROLAPSE	XIII Diseases of the musculoskeletal system and connective tissue (M13_)	Musculoskeletal	Immune-cell-enriched	0.5082245658110407	0.024995691953865	0.9535223512904932				False	False	1	1	0	NOVEL colocalized	2.2739493185311774	0.320426967240684	0.9535223512904932	0.0	0.5	0.5	0.0	0.0	0.0	0.0
TNFRSF13C	All pneumoniae	J10_PNEUMONIA	X Diseases of the respiratory system (J10_)	Respiratory	TNF superfamily	0.848009236279115	0.0354405515668818	0.980782112055043				False	False	1	1	0	NOVEL colocalized	2.2708820176028466	0.2900999055478036	0.980782112055043	0.0	0.5	0.5	0.0	0.0	0.0	0.0
IL18	Atopic dermatitis	L12_ATOPIC	XII Diseases of the skin and subcutaneous tissue (L12_)	Dermatological	Cytokine/Interleukin	0.8703970392351382	0.0297907055163609	0.965316515808786				False	False	1	1	0	NOVEL colocalized	2.2705003581115024	0.3051838423027165	0.965316515808786	0.0	0.5	0.5	0.0	0.0	0.0	0.0
MAP1LC3A	Actinic keratosis	L12_ACTINKERA	XII Diseases of the skin and subcutaneous tissue (L12_)	Dermatological	Immune-cell-enriched	0.8916954361982903	0.0481211555051374	4.652174259804573e-23				False	True	3	0	0	novel nomination	2.2635327905495646	0.26353279054956463	4.652174259804573e-23	1.0	0.0	0.5	0.0	0.5	0.0	0.0
DPEP2	Seropositive rheumatoid arthritis, strict definition	RHEUMA_SEROPOS_STRICT	Rheuma endpoints	Musculoskeletal	Immune-cell-enriched	0.7242331509068944	0.0383097704324699	0.9699589493900956	0.6254499365683903	0.1587030087122807	0.0294086740676671	False	False	1	1	0	NOVEL colocalized	2.2532970394853113	0.28333809009521566	0.9699589493900956	0.0	0.5	0.5	0.0	0.0	0.0	0.0
PTPRM	Cardiomyopathy	I9_CARDMYO	IX Diseases of the circulatory system (I9_)	Cardiovascular	Immune-cell-enriched	1.2169805444538542	0.0433374630098266	0.9786934908493752				False	False	1	1	0	NOVEL colocalized	2.2513207940538256	0.2726273032044503	0.9786934908493752	0.0	0.5	0.5	0.0	0.0	0.0	0.0
KLK1	Dyshidrosis [pompholyx]	L12_DYSHIDROSIS	XII Diseases of the skin and subcutaneous tissue (L12_)	Dermatological	Immune-cell-enriched	4.265346629866289	0.0416066654387093	0.9742777789941408				False	False	1	1	0	NOVEL colocalized	2.2504451968526085	0.2761674178584677	0.9742777789941408	0.0	0.5	0.5	0.0	0.0	0.0	0.0
OCLN	Hyperplasia of prostate	N14_PROSTHYPERPLA	XIV Diseases of the genitourinary system (N14_)	Renal/Genitourinary	Immune-cell-enriched	0.7371214159308297	0.0398045086850315	0.963642236880657				False	False	1	1	0	NOVEL colocalized	2.2436557833396478	0.2800135464589905	0.963642236880657	0.0	0.5	0.5	0.0	0.0	0.0	0.0
CEACAM1	Other diseases of pleura	J10_PLEURA	X Diseases of the respiratory system (J10_)	Respiratory	Immune-cell-enriched	0.324446879603153	0.0286025276370789	0.9330436248583444	1.0701296181205984	0.8306450056647632	0.0311411861476604	False	False	1	1	0	NOVEL colocalized	2.241762742076382	0.3087191172180376	0.9330436248583444	0.0	0.5	0.5	0.0	0.0	0.0	0.0
PDLIM7	Venous thromboembolism	I9_VTE	IX Diseases of the circulatory system (I9_)	Cardiovascular	Immune-cell-enriched	0.7184121014283523	0.0381407557588447	0.954968490081428				False	False	2	0	0	NOVEL colocalized	2.2386906312138724	0.28372214113244404	0.954968490081428	0.5	0.0	0.5	0.0	0.0	0.0	0.0
CPVL	Adenomyosis (Endometriosis of uterus)	N14_ENDOMETRIOSIS_UTERUS	XIV Diseases of the genitourinary system (N14_)	Renal/Genitourinary	Immune-cell-enriched	0.8595317003138887	0.0467251080603883	0.9691892449799132	1.0735172815732046	0.7359238693692192	0.0182048685153369	False	False	2	0	0	NOVEL colocalized	2.235279182092367	0.2660899371124538	0.9691892449799132	0.5	0.0	0.5	0.0	0.0	0.0	0.0
ATP1B1	Coagulation defects, purpura and other haemorrhagic conditions	D3_COAGDEF_PURPUR_HAEMORRHAGIC	III Diseases of the blood and blood-forming organs and certain disorders involving the immune mechanism (D3_)	Haematological/Immune	Immune-cell-enriched	0.7554426855582973	6.664875858499762e-07	8.77575103353955e-227				False	False	1	1	0	novel nomination	2.235241587088603	1.235241587088603	8.77575103353955e-227	0.0	0.5	0.5	0.0	0.0	0.0	0.0
LILRB2	Chronic lower respiratory diseases	J10_LOWCHRON	X Diseases of the respiratory system (J10_)	Respiratory	Immune-cell-enriched	1.122198083609706	0.0430860670386542	0.4561854806015212	0.9572322888938548	5.418250428990135e-06	0.9889899206302908	False	False	1	1	0	novel nomination	2.229318110033395	0.2731326294318737	0.4561854806015212	0.0	0.5	0.5	0.5	0.0	0.0	0.0
VMO1	Substance abuse (more control exclusions)	KRA_PSY_SUBSTANCE_EXMORE	Psychiatric endpoints from Katri Räikkönen	Other	Immune-cell-enriched	1.147152235590581	0.0498667509147205	0.9579606829688398				False	False	1	1	0	NOVEL colocalized	2.218398468462028	0.2604377854931879	0.9579606829688398	0.0	0.5	0.5	0.0	0.0	0.0	0.0
TNFRSF1B	Other diseases of upper respiratory tract	J10_UPPERDIS	X Diseases of the respiratory system (J10_)	Respiratory	TNF superfamily	1.1494379294968768	0.0259957382468431	0.8887195959847003	1.0987847055282625	0.0199260922067308	0.9622381538956768	True	False	1	2	0	recovered known axis	2.2057391649104297	0.31701956892572924	0.8887195959847003	0.0	1.0	0.5	1.0	0.0	1.5	0.0
SCARF1	Alzheimer disease	G6_ALZHEIMER	VI Diseases of the nervous system (G6_)	Neurological/Psychiatric	Immune-cell-enriched	2.635475869971473	0.0424880258457368	0.9129581001267651				False	False	1	1	0	NOVEL colocalized	2.1873047896077127	0.27434668948094776	0.9129581001267651	0.0	0.5	0.5	0.0	0.0	0.0	0.0
TNFRSF4	Nasal polyp	J10_NASALPOLYP	X Diseases of the respiratory system (J10_)	Respiratory	Immune checkpoint	0.7426397213184598	0.045285318280051	0.416092255981488	1.081187125048709	0.5450982376465141	0.0301387258958572	False	False	2	1	0	novel nomination	2.1849007710908106	0.26880851510932274	0.416092255981488	0.5	0.5	0.5	0.0	0.0	0.0	0.0
NUMB	Coeliac disease	K11_COELIAC	XI Diseases of the digestive system (K11_)	Gastrointestinal	Immune-cell-enriched	0.5647687861390079	0.0433477935689915	0.9018358607018012				False	False	2	0	0	NOVEL colocalized	2.1744424614014033	0.2726066006996018	0.9018358607018012	0.5	0.0	0.5	0.0	0.0	0.0	0.0
PDLIM7	Medical abortion	O15_ABORT_MEDICAL	XV Pregnancy, childbirth and the puerperium (O15_)	Other	Immune-cell-enriched	0.7719150702843319	0.0494020839165718	0.9093072540549708				False	False	2	0	0	NOVEL colocalized	2.1705582002444146	0.2612509461894439	0.9093072540549708	0.5	0.0	0.5	0.0	0.0	0.0	0.0
C2	First line medication for Crohn's disease	RX_CROHN_1STLINE	Drug purchase endpoints	Medication/Other	Complement/Coagulation	1.381108799345208	4.892912436253924e-09					False	False	11	1	0	MHC-caution	2.1620865112641994	1.6620865112641994	0.0	1.5	0.5	0.5	0.0	0.0	0.0	2.0
BMP6	Lumbar disc prolapse	M13_LUMBAR_PROLAPSE	XIII Diseases of the musculoskeletal system and connective tissue (M13_)	Musculoskeletal	Immune-cell-enriched	1.4199582114742353	0.0005167798188707		1.4525852993713098	0.0277295218227442	0.0139883203245031	True	False	5	1	0	MHC-caution	2.157338890923735	0.6573388909237348	0.0	1.5	0.5	0.5	1.0	0.0	0.0	2.0
BMP6	Inguinal hernia	K11_HERING	XI Diseases of the digestive system (K11_)	Gastrointestinal	Immune-cell-enriched	0.7183220423119322	0.0006593990703501		0.7158128133381301	0.0001551598876079	0.0983388825127854	True	False	5	1	0	MHC-caution	2.1361703338959908	0.636170333895991	0.0	1.5	0.5	0.5	1.0	0.0	0.0	2.0
FOLR3	Chronic tubulo-interstitial nephritis	N14_CHRONTUBULOINTNEPHRITIS	XIV Diseases of the genitourinary system (N14_)	Renal/Genitourinary	Immune-cell-enriched	0.794687918245882	0.0355902751811245	0.838480831773007				False	False	1	1	0	NOVEL colocalized	2.1282145625836915	0.28973373081068415	0.838480831773007	0.0	0.5	0.5	0.0	0.0	0.0	0.0
IL12RB1	Disorders of the thyroid gland	E4_THYROID	IV Endocrine, nutritional and metabolic diseases (E4_)	Metabolic/Endocrine	Cytokine/Interleukin	1.0768600365991092	0.0007887562797235	0.0001109429012566	1.21670054621796	0.000709566404029	0.0081038114501776	True	False	1	1	0	novel nomination	2.1207223769165156	0.6206114340152589	0.0001109429012566	0.0	0.5	0.0	1.0	0.0	0.0	0.0
TNFRSF14	Autoimmune diseases excluding thyroid diseases	AUTOIMMUNE_NONTHYROID	Diseases marked as autimmune origin	Haematological/Immune	TNF superfamily	0.8932772422331466	1.7067827522296015e-08	0.0631953618754964	1.1118498179309622	0.1256563520771336	0.2324396970448861	False	False	7	1	0	recovered known axis	2.116759712779939	1.553564350904443	0.0631953618754964	1.5	0.5	0.0	0.0	0.0	1.5	0.0
TNFRSF14	Suggestive for eosinophilic asthma	ASTHMA_EOSINOPHIL_SUGG	Comorbidities of Asthma	Respiratory	TNF superfamily	0.7117248589088566	0.0005743499672151	0.9662759839427036	1.2530310360820118	0.4221584853939475	0.2278164793725362	False	False	7	1	0	recovered known axis	2.1144406638200874	0.6481646798773837	0.9662759839427036	1.5	0.5	0.0	0.0	0.0	1.5	0.0
BMP6	Hernia of abdominal wall	ABDOM_HERNIA	XI Diseases of the digestive system (K11_)	Gastrointestinal	Immune-cell-enriched	0.6505302964548039	0.0008744496885297		0.7066668875271006	0.0027608713814337	0.0141116616566609	True	False	5	1	0	MHC-caution	2.111653034520648	0.6116530345206482	0.0	1.5	0.5	0.5	1.0	0.0	0.0	2.0
IL12RB1	Hypothyroidism, strict autoimmune	E4_HYTHY_AI_STRICT	IV Endocrine, nutritional and metabolic diseases (E4_)	Metabolic/Endocrine	Cytokine/Interleukin	1.090135633943653	0.0008915808038298	1.5597929029688045e-05	1.1804811978488257	0.014283533945482	0.0081343989868882	True	False	1	1	0	novel nomination	2.109983456061723	0.6099678581326934	1.5597929029688045e-05	0.0	0.5	0.0	1.0	0.0	0.0	0.0
C2	Biological medication for rheuma	RX_RHEUMA_BIOLOGICAL	Drug purchase endpoints	Medication/Other	Complement/Coagulation	3.378884574133798	9.044545071035281e-09					False	False	11	1	0	MHC-caution	2.1087226545415474	1.6087226545415476	0.0	1.5	0.5	0.5	0.0	0.0	0.0	2.0
SMPD3	Atrophic disorders of skin	L12_ATROPHICSKIN	XII Diseases of the skin and subcutaneous tissue (L12_)	Dermatological	Immune-cell-enriched	2.144556491139096	0.0133004280019705	0.7320159257018128				False	False	1	1	0	novel nomination	2.1072428023820313	0.3752268766802182	0.7320159257018128	0.0	0.5	0.5	0.0	0.0	0.0	0.0
NGFR	Hypertension, essential	I9_HYPTENSESS	IX Diseases of the circulatory system (I9_)	Cardiovascular	Immune-cell-enriched	0.6456531473473878	0.0012160800481959	0.0010063525429081				False	False	2	1	0	novel nomination	2.0840139199000456	0.5830075673571373	0.0010063525429081	0.5	0.5	0.5	0.0	0.0	0.0	0.0
PILRB	Malignant neoplasm of skin, excluding all cancers (controls excluding all cancers)	C3_SKIN_EXALLC	II Neoplasms, from cancer register (ICD-O-3)	Neoplasm	Immune-cell-enriched	0.949215548569318	0.0058685404076263	0.6161221831335443				False	False	1	1	0	novel nomination	2.0624161632839	0.4462939801503558	0.6161221831335443	0.0	0.5	0.5	0.0	0.0	0.0	0.0
TNFRSF14	Nasal polyp	J10_NASALPOLYP	X Diseases of the respiratory system (J10_)	Respiratory	TNF superfamily	0.8060516442079273	0.0013247196796787	0.984214111661918	1.223258652591903	0.2738074647673785	0.1826669862976926	False	False	7	1	0	recovered known axis	2.0597893140373147	0.5755752023753967	0.984214111661918	1.5	0.5	0.0	0.0	0.0	1.5	0.0
C5	Autoimmune diseases	AUTOIMMUNE	Diseases marked as autimmune origin	Haematological/Immune	Complement/Coagulation	0.9582698405548165	0.0019324499135312	1.7497693545473986e-05				False	False	1	3	1	novel nomination	2.042795848410548	0.5427783507170023	1.7497693545473986e-05	0.0	1.5	0.0	0.0	0.0	0.0	0.0
CEBPB	Coxarthrosis	M13_ARTHTROSIS_COX	XIII Diseases of the musculoskeletal system and connective tissue (M13_)	Musculoskeletal	Immune-cell-enriched	1.359749262022665	0.0315873414583319	0.738965044459777				False	False	2	0	0	novel nomination	2.0390624294310924	0.30009738497131533	0.738965044459777	0.5	0.0	0.5	0.0	0.0	0.0	0.0
ANPEP	Type 2 diabetes, wide definition	T2D_WIDE	Diabetes endpoints	Metabolic/Endocrine	Immune-cell-enriched	1.048500688413036	0.0021538528969634	0.0001870346591396				False	False	2	1	0	novel nomination	2.033543826920475	0.5333567922613354	0.0001870346591396	0.5	0.5	0.5	0.0	0.0	0.0	0.0
IL7R	Infective dermatitis	L12_INFECT_DERM	XII Diseases of the skin and subcutaneous tissue (L12_)	Dermatological	Cytokine/Interleukin	1.369872961952538	0.0444259056309954	0.7629828420003697	0.9854684529751738	0.8375657231532512	0.0005184633653747	False	False	1	1	0	novel nomination	2.033455584050833	0.27047274205046323	0.7629828420003697	0.0	0.5	0.5	0.0	0.0	0.0	0.0
BAG3	AV-block	I9_AVBLOCK	IX Diseases of the circulatory system (I9_)	Cardiovascular	Immune-cell-enriched	1.6971128822782446	0.001248161431489	0.9521323587218392				False	False	1	0	0	NOVEL colocalized	2.032878206993759	0.5807458482719199	0.9521323587218392	0.0	0.0	0.5	0.0	0.0	0.0	0.0
SPRY2	Type 2 diabetes, definitions combined	T2D	Diabetes endpoints	Metabolic/Endocrine	Immune-cell-enriched	1.3349625036172446	7.187647053624105e-06	1.3466530182329053e-08				False	False	1	1	0	novel nomination	2.028682664843885	1.028682651377355	1.3466530182329053e-08	0.0	0.5	0.5	0.0	0.0	0.0	0.0
PILRB	Other malignant neoplasms of skin (=non-melanoma skin cancer), excluding all cancers (controls excluding all cancers)	C3_OTHER_SKIN_EXALLC	II Neoplasms, from cancer register (ICD-O-3)	Neoplasm	Immune-cell-enriched	0.9460570358905812	0.0090360771083797	0.6197273904959103				False	False	1	1	0	novel nomination	2.028531404842152	0.40880401434624175	0.6197273904959103	0.0	0.5	0.5	0.0	0.0	0.0	0.0
ARG1	Type 2 diabetes, definitions combined	T2D	Diabetes endpoints	Metabolic/Endocrine	Immune-cell-enriched	0.922169312756154	2.2996617969185925e-08					False	True	4	0	0	MHC-caution	2.027667205886223	1.527667205886223	0.0	1.5	0.0	0.5	0.0	0.5	0.0	2.0
TNFRSF14	Second line medication for Crohn's disease	RX_CROHN_2NDLINE	Drug purchase endpoints	Medication/Other	TNF superfamily	0.8865410739750968	0.0012135805922364	0.938917475312832	1.1995765102562463	0.075174107066291	0.2188437426043659	False	False	7	1	0	recovered known axis	2.0221037508065423	0.5831862754937104	0.938917475312832	1.5	0.5	0.0	0.0	0.0	1.5	0.0
C2	Diabetic retinopathy (more control exclusions)	DM_RETINOPATHY_EXMORE	Diabetes endpoints	Metabolic/Endocrine	Complement/Coagulation	2.3964257528096207	2.7185041553702732e-08					False	False	11	1	0	MHC-caution	2.013133999764163	1.5131339997641626	0.0	1.5	0.5	0.5	0.0	0.0	0.0	2.0
SORT1	Metabolic disorders	E4_METABOLIA	IV Endocrine, nutritional and metabolic diseases (E4_)	Metabolic/Endocrine	Immune-cell-enriched	0.7113788529454934	0.002894705407981	4.086945748403316e-20	1.0917725881627072	0.1550455161441082	0.0441760516730821	False	False	2	1	0	novel nomination	2.007679125502902	0.507679125502902	4.086945748403316e-20	0.5	0.5	0.5	0.0	0.0	0.0	0.0
MXRA8	Hernia of abdominal wall	ABDOM_HERNIA	XI Diseases of the digestive system (K11_)	Gastrointestinal	Immune-cell-enriched	1.8953400864508487	0.0054382157931797	0.0463637778730139	0.698029240185263	2.824375844312499e-09	0.7857488058329475	False	False	2	1	0	novel nomination	1.999272490517026	0.4529087126440123	0.0463637778730139	0.5	0.5	0.5	0.0	0.0	0.0	0.0
CPVL	Lichen ruber planus, wide definition including periferal and oral lichen planus	K11_LICHEN_PLANUS_WIDE	XI Diseases of the digestive system (K11_)	Gastrointestinal	Immune-cell-enriched	0.8759592089232822	0.0121952775141798	0.6121849293607856	0.7609798850871955	0.1013941685608212	0.093588635310161	False	False	2	0	0	novel nomination	1.9949465918583777	0.38276166249759214	0.6121849293607856	0.5	0.0	0.5	0.0	0.0	0.0	0.0
C5	Autoimmune diseases excluding thyroid diseases	AUTOIMMUNE_NONTHYROID	Diseases marked as autimmune origin	Haematological/Immune	Complement/Coagulation	0.9493714966855752	0.0033856581416911	0.00025705014014				False	False	1	3	1	novel nomination	1.9943284293012358	0.49407137916109567	0.00025705014014	0.0	1.5	0.0	0.0	0.0	0.0	0.0
TNFRSF1B	Allergic rhinitis	ALLERG_RHINITIS	Comorbidities of Asthma	Respiratory	TNF superfamily	1.4858155006041092	0.0029242046970441	0.9823941806243698	1.1581138756757725	0.1621700563930961	0.9744527697709858	False	False	1	2	0	recovered known axis	1.9891926265509845	0.5067984459266149	0.9823941806243698	0.0	1.0	0.5	0.5	0.0	1.5	0.0
MYL6B	Hypothyroidism, strict autoimmune	E4_HYTHY_AI_STRICT	IV Endocrine, nutritional and metabolic diseases (E4_)	Metabolic/Endocrine	Immune-cell-enriched	0.7987058695553189	0.0041479581095572	5.382482989865767e-15				False	False	3	0	0	novel nomination	1.976433127644648	0.47643312764464263	5.382482989865767e-15	1.0	0.0	0.5	0.0	0.0	0.0	0.0
MAPKAPK2	Ulcerative proctitis	ULCERPROCT	Gastrointestinal endpoints	Gastrointestinal	Immune-cell-enriched	2.959775280516796	0.0050796997701606	0.0037456222012045				False	False	2	1	0	novel nomination	1.9625780132883457	0.4588323910871413	0.0037456222012045	0.5	0.5	0.5	0.0	0.0	0.0	0.0
SMPD3	Lichen sclerosus et atrophicus	L12_LICHENSCLERATROPH	XII Diseases of the skin and subcutaneous tissue (L12_)	Dermatological	Immune-cell-enriched	2.5153277869559525	0.0189534973177553	0.6076319651816121				False	False	1	1	0	novel nomination	1.9520940935539055	0.3444621283722934	0.6076319651816121	0.0	0.5	0.5	0.0	0.0	0.0	0.0
TNFRSF1A	Vitamin B12 deficiency anaemia	D3_ANAEMIA_B12_DEF	III Diseases of the blood and blood-forming organs and certain disorders involving the immune mechanism (D3_)	Haematological/Immune	TNF superfamily	0.6569606229670618	0.0053196387007711	0.9970165311262364	1.8494924156879209	0.0032023853793103	0.2882161728330836	False	False	1	3	1	recovered known axis	1.951840103749551	0.45482357262331446	0.9970165311262364	0.0	1.5	0.5	0.0	0.0	1.5	0.0
PFKFB2	Atrial fibrillation and flutter	I9_AF	IX Diseases of the circulatory system (I9_)	Cardiovascular	Immune-cell-enriched	0.5606971049270295	0.0053196387007711	0.9898981604038328				False	False	1	0	0	NOVEL colocalized	1.9447217330271473	0.45482357262331446	0.9898981604038328	0.0	0.0	0.5	0.0	0.0	0.0	0.0
TNFRSF14	Follicular lymphoma, hilmo (controls excluding all cancers)	CD2_FOLLICULAR_LYMPHOMA_EXALLC	II Neoplasms from hospital discharges (CD2_)	Neoplasm	TNF superfamily	0.6128909981761416	0.0042793070417173	0.9693470493799426	0.7123608525145334	0.4432455196995808	0.2138214419096669	False	False	7	1	0	recovered known axis	1.943072359704582	0.47372531032463927	0.9693470493799426	1.5	0.5	0.0	0.0	0.0	1.5	0.0
SORT1	Coronary revascularization (ANGIO or CABG)	I9_REVASC	IX Diseases of the circulatory system (I9_)	Cardiovascular	Immune-cell-enriched	0.5705771253011597	0.0061204152343437	2.35899084090847e-19	1.139014085955021	0.2186654280640427	0.0518054063533759	False	False	2	1	0	novel nomination	1.9426438225033478	0.4426438225033477	2.35899084090847e-19	0.5	0.5	0.5	0.0	0.0	0.0	0.0
CEBPB	Arthrosis	M13_ARTHROSIS	XIII Diseases of the musculoskeletal system and connective tissue (M13_)	Musculoskeletal	Immune-cell-enriched	1.2178244726754428	0.0177326691346052	0.5872197414566874				False	False	2	0	0	novel nomination	1.9374649192864755	0.3502451778297881	0.5872197414566874	0.5	0.0	0.5	0.0	0.0	0.0	0.0
SORT1	Coronary artery bypass grafting	I9_CABG	IX Diseases of the circulatory system (I9_)	Cardiovascular	Immune-cell-enriched	0.4620494013684569	0.0071504895357433	1.915293655716517e-14	1.1534562091107003	0.332241414985623	0.0410657666225646	False	False	2	1	0	novel nomination	1.929132844915488	0.42913284491546894	1.915293655716517e-14	0.5	0.5	0.5	0.0	0.0	0.0	0.0
CLINT1	Hypertension	I9_HYPTENS	IX Diseases of the circulatory system (I9_)	Cardiovascular	Immune-cell-enriched	1.4368403263327851	0.0071983064086892	7.271173208394247e-12	0.909033969301746	0.0399658299390313	0.0106082016775002	False	False	3	0	0	novel nomination	1.9285539341621014	0.4285539341548302	7.271173208394247e-12	1.0	0.0	0.5	0.0	0.0	0.0	0.0
SATB1	Infective dermatitis	L12_INFECT_DERM	XII Diseases of the skin and subcutaneous tissue (L12_)	Dermatological	Immune-cell-enriched	1.8784670791095115	0.0046067625800687	0.9601170057050052	0.6950285366712312	0.0251915962110262	0.0398839164169569	False	False	1	0	0	NOVEL colocalized	1.927437839608844	0.4673208339038387	0.9601170057050052	0.0	0.0	0.5	0.0	0.0	0.0	0.0
SORT1	Angina pectoris	I9_ANGINA	IX Diseases of the circulatory system (I9_)	Cardiovascular	Immune-cell-enriched	0.6372925548528046	0.0075545122098054	6.511885222499351e-12	0.9789270479019756	0.8047093706426243	0.0179665554908041	False	False	2	1	0	novel nomination	1.9243587145158187	0.42435871450930696	6.511885222499351e-12	0.5	0.5	0.5	0.0	0.0	0.0	0.0
ANXA11	Sarcoidosis	D3_SARCOIDOSIS	III Diseases of the blood and blood-forming organs and certain disorders involving the immune mechanism (D3_)	Haematological/Immune	Immune-cell-enriched	0.7251670635232493	0.0077916306402845	1.4036874810500105e-18				False	False	3	0	0	novel nomination	1.9216743286460198	0.4216743286460199	1.4036874810500105e-18	1.0	0.0	0.5	0.0	0.0	0.0	0.0
C2	Diabetic retinopathy, strict definition	DM_RETINOPATHY_STRICT	Diabetes endpoints	Metabolic/Endocrine	Complement/Coagulation	3.360433317635173	1.0112145351966289e-07					False	False	11	1	0	MHC-caution	1.8990313392936828	1.3990313392936828	0.0	1.5	0.5	0.5	0.0	0.0	0.0	2.0
BMP6	Umbilical hernia	K11_UMBHER	XI Diseases of the digestive system (K11_)	Gastrointestinal	Immune-cell-enriched	0.6021948918884366	0.0102635618717422		0.6919269505159132	0.0169331395492622	0.0136388557495888	True	False	5	1	0	MHC-caution	1.89774037905745	0.39774037905745	0.0	1.5	0.5	0.5	1.0	0.0	0.0	2.0
TACC3	Gonarthrosis	M13_ARTHROSIS_KNEE	XIII Diseases of the musculoskeletal system and connective tissue (M13_)	Musculoskeletal	Immune-cell-enriched	1.0762021241420887	1.05343160031864e-07	6.6239206672494785e-21				False	False	1	0	0	novel nomination	1.8954787316065356	1.3954787316065356	6.6239206672494785e-21	0.0	0.0	0.5	0.0	0.0	0.0	0.0
C2	Diabetic retinopathy	DM_RETINOPATHY	Diabetes endpoints	Metabolic/Endocrine	Complement/Coagulation	2.27063632155179	1.1095924909493613e-07					False	False	11	1	0	MHC-caution	1.8909672981934236	1.3909672981934236	0.0	1.5	0.5	0.5	0.0	0.0	0.0	2.0
BMP6	Other and unspecified nerve root and plexus disorders, also in other diseases	G6_ROOTPLEXOTHUNS	VI Diseases of the nervous system (G6_)	Neurological/Psychiatric	Immune-cell-enriched	1.8371164062628609	0.0115514659283015		1.6112473941877397	0.0103692835715962	0.0153135372475541	True	False	5	1	0	MHC-caution	1.8874725797054652	0.3874725797054653	0.0	1.5	0.5	0.5	1.0	0.0	0.0	2.0
SPRY2	Diabetes, insulin treatment (Kela reimbursement) (more control exclusions)	KELA_DIAB_INSUL_EXMORE	Diabetes endpoints	Metabolic/Endocrine	Immune-cell-enriched	1.3240081411898064	3.6754121141222224e-05	4.4189583553440244e-07				False	False	1	1	0	novel nomination	1.8869392334101813	0.886938791514346	4.4189583553440244e-07	0.0	0.5	0.5	0.0	0.0	0.0	0.0
C2	Hypothyroidism, strict autoimmune	E4_HYTHY_AI_STRICT	IV Endocrine, nutritional and metabolic diseases (E4_)	Metabolic/Endocrine	Complement/Coagulation	1.5099209736260644	1.2087635033884817e-07					False	False	11	1	0	MHC-caution	1.8835317322546987	1.3835317322546987	0.0	1.5	0.5	0.5	0.0	0.0	0.0	2.0
BMP6	Other dorsopathies, not elsewhere classified	M13_DORSOPATHYOTH	XIII Diseases of the musculoskeletal system and connective tissue (M13_)	Musculoskeletal	Immune-cell-enriched	1.2067768318554812	0.0120980572755148		1.2511751878276791	0.0305855616729462	0.012936671922695	True	False	5	1	0	MHC-caution	1.8834568727509682	0.38345687275096846	0.0	1.5	0.5	0.5	1.0	0.0	0.0	2.0
C2	Coeliac disease	K11_COELIAC	XI Diseases of the digestive system (K11_)	Gastrointestinal	Complement/Coagulation	3.676316273878641	1.21464854914224e-07					False	False	11	1	0	MHC-caution	1.8831098728489817	1.3831098728489817	0.0	1.5	0.5	0.5	0.0	0.0	0.0	2.0
PF4	Familial hypercholesterolemia	E4_FH	IV Endocrine, nutritional and metabolic diseases (E4_)	Metabolic/Endocrine	Chemokine axis	0.309060576238431	0.0338612153547529	0.0867293621055069				False	False	2	1	0	novel nomination	1.880788853734915	0.29405949162940803	0.0867293621055069	0.5	0.5	0.5	0.0	0.0	0.0	0.0
PF4	Hyperlipidaemia, other/unspecified	E4_HYPERLIPNAS	IV Endocrine, nutritional and metabolic diseases (E4_)	Metabolic/Endocrine	Chemokine axis	0.4514240949970994	0.0135865877917254	0.000288271405343				False	False	2	1	0	novel nomination	1.8736661915275084	0.37337792012216536	0.000288271405343	0.5	0.5	0.5	0.0	0.0	0.0	0.0
MYL4	Heart failure and bmi 25plus	I9_HEARTFAIL_AND_OVERWEIGHT	Cardiometabolic endpoints	Cardiovascular	Immune-cell-enriched	2.9179113569125024	0.0106536208287456	0.9656600856619112				False	False	1	0	0	NOVEL colocalized	1.860160638497733	0.39450055283582175	0.9656600856619112	0.0	0.0	0.5	0.0	0.0	0.0	0.0
BAG3	Cardiomyopathy (excluding other)	FG_CARDMYO	Cardiometabolic endpoints	Cardiovascular	Immune-cell-enriched	0.4429542852748784	1.8246746131490014e-07	2.474769062440965e-05				False	False	1	0	0	novel nomination	1.8477876617472573	1.347762914056633	2.474769062440965e-05	0.0	0.0	0.5	0.0	0.0	0.0	0.0
MAPKAPK2	Ulcerative rectosigmoiditis	ULCERRECT	Gastrointestinal endpoints	Gastrointestinal	Immune-cell-enriched	2.357155358631432	0.0182615298252859	2.052018303046415e-07				False	False	2	1	0	novel nomination	1.8476927738168296	0.3476925686149994	2.052018303046415e-07	0.5	0.5	0.5	0.0	0.0	0.0	0.0
ANXA11	Primary open-angle glaucoma, strict	H7_GLAUCOMA_POAG	VII Diseases of the eye and adnexa (H7_)	Ophthalmological	Immune-cell-enriched	1.258229400182047	0.0187692147343435	0.0019186316704082				False	False	3	0	0	novel nomination	1.8472294110691596	0.3453107793987513	0.0019186316704082	1.0	0.0	0.5	0.0	0.0	0.0	0.0
PFKFB2	Hypertension	I9_HYPTENS	IX Diseases of the circulatory system (I9_)	Cardiovascular	Immune-cell-enriched	0.7249380606905292	0.0130302153620398	0.9681097271726352				False	False	1	0	0	NOVEL colocalized	1.8451194084234788	0.3770096812508436	0.9681097271726352	0.0	0.0	0.5	0.0	0.0	0.0	0.0
SATB1	Other and unspecified rosacea	L12_ROSACEANAS	XII Diseases of the skin and subcutaneous tissue (L12_)	Dermatological	Immune-cell-enriched	2.0399277309645365	0.0144578990262408	0.975919213438166	0.5830494710528088	0.0084120440376613	0.0236588514281925	False	False	1	0	0	NOVEL colocalized	1.8438981759751427	0.3679789625369767	0.975919213438166	0.0	0.0	0.5	0.0	0.0	0.0	0.0
CLINT1	Antihypertensive medication - note that there are other indications	RX_ANTIHYP	Drug purchase endpoints	Medication/Other	Immune-cell-enriched	1.383556782936397	0.0200470058165225	2.8565693138701146e-12	0.9369485937506382	0.1401682069903496	0.0257965768620194	False	False	3	0	0	novel nomination	1.8395900967259977	0.3395900967231411	2.8565693138701146e-12	1.0	0.0	0.5	0.0	0.0	0.0	0.0
NUMB	Macular pucker	MACULAR_PUCKER	VII Diseases of the eye and adnexa (H7_)	Ophthalmological	Immune-cell-enriched	0.5404508979712662	0.0104119402237655	0.4429644412729156				False	False	2	0	0	novel nomination	1.839458108051694	0.39649366677877845	0.4429644412729156	0.5	0.0	0.5	0.0	0.0	0.0	0.0
NGFR	Angina pectoris	I9_ANGINA	IX Diseases of the circulatory system (I9_)	Cardiovascular	Immune-cell-enriched	0.5781867432663332	0.0355533945245718	0.0466774453797555				False	False	2	1	0	novel nomination	1.83650123096063	0.2898237855808744	0.0466774453797555	0.5	0.5	0.5	0.0	0.0	0.0	0.0
DENR	Other joint disorders	M13_OTHERJOINT	XIII Diseases of the musculoskeletal system and connective tissue (M13_)	Musculoskeletal	Immune-cell-enriched	0.88418982648316	0.0216113164187754	0.000215818918936				False	True	2	0	0	novel nomination	1.8332795745103843	0.33306375559144824	0.000215818918936	0.5	0.0	0.5	0.0	0.5	0.0	0.0
CD14	Atrial fibrillation and flutter with reimbursement	I9_AF_REIMB	IX Diseases of the circulatory system (I9_)	Cardiovascular	HLA/Antigen presentation	0.8576121529811545	0.0248281168920311	0.0076694305401709				False	False	2	1	0	novel nomination	1.8286806742604556	0.3210112437202846	0.0076694305401709	0.5	0.5	0.5	0.0	0.0	0.0	0.0
TNFRSF1B	Pollen allergy	POLLENALLERG	Comorbidities of Asthma	Respiratory	TNF superfamily	1.6260304086560018	0.0127605910623424	0.9334416649502246	1.2179839977183642	0.1572832808870361	0.9670842158622104	False	False	1	2	0	recovered known axis	1.8122675067319935	0.37882584178176915	0.9334416649502246	0.0	1.0	0.5	0.5	0.0	1.5	0.0
HIP1R	Other heart diseases	FG_OTHHEART	Cardiometabolic endpoints	Cardiovascular	Immune-cell-enriched	1.3865229213003314	0.0128274321016065	0.4313152796286673				False	False	2	0	0	novel nomination	1.809687334725033	0.37837205509636573	0.4313152796286673	0.5	0.0	0.5	0.0	0.0	0.0	0.0
LRP1	Coronary revascularization (ANGIO or CABG)	I9_REVASC	IX Diseases of the circulatory system (I9_)	Cardiovascular	Immune-cell-enriched	0.4677733958587233	0.0457452311344113	0.0325759439410242	0.7420419966169249	0.1435244891878229	0.038630353289471	False	False	2	1	0	novel nomination	1.800506778686587	0.26793083474556273	0.0325759439410242	0.5	0.5	0.5	0.0	0.0	0.0	0.0
LIF	Diabetes, insulin treatment (Kela reimbursement) (more control exclusions)	KELA_DIAB_INSUL_EXMORE	Diabetes endpoints	Metabolic/Endocrine	Cytokine/Interleukin	2.070866580028566	0.0346903650308683	0.0039246908124163				False	False	3	1	0	novel nomination	1.795882916862697	0.29195822605028077	0.0039246908124163	1.0	0.5	0.0	0.0	0.0	0.0	0.0
MAPKAPK2	Second line medication for Crohn's disease	RX_CROHN_2NDLINE	Drug purchase endpoints	Medication/Other	Immune-cell-enriched	1.3468298747817429	0.0334302858233923	2.7207506661706317e-08				False	False	2	1	0	novel nomination	1.795172009256678	0.2951719820491715	2.7207506661706317e-08	0.5	0.5	0.5	0.0	0.0	0.0	0.0
LTBP2	Antihypertensive medication - note that there are other indications	RX_ANTIHYP	Drug purchase endpoints	Medication/Other	Cytokine/Interleukin	0.8689795180993855	0.0426853316634806	0.0209447849995492				False	False	3	1	0	novel nomination	1.7948890529549106	0.27394426795536153	0.0209447849995492	1.0	0.5	0.0	0.0	0.0	0.0	0.0
CA8	Hallux valgus (acquired)	M13_HALLUXVALGUS	XIII Diseases of the musculoskeletal system and connective tissue (M13_)	Musculoskeletal	Immune-cell-enriched	0.7730495450089695	0.0371925727443268	0.0087369218891315				False	False	3	0	0	novel nomination	1.7946456776665505	0.2859087557774189	0.0087369218891315	1.0	0.0	0.5	0.0	0.0	0.0	0.0
DENR	Coxarthrosis	M13_ARTHTROSIS_COX	XIII Diseases of the musculoskeletal system and connective tissue (M13_)	Musculoskeletal	Immune-cell-enriched	0.8112797289842261	0.0383097704324699	0.5102430752688982				False	False	2	0	0	novel nomination	1.7935811653641138	0.28333809009521566	0.5102430752688982	0.5	0.0	0.5	0.0	0.0	0.0	0.0
TGFBR1	Asthma/COPD (KELA code 203)	J10_ASTHMACOPDKELA	X Diseases of the respiratory system (J10_)	Respiratory	Cytokine/Interleukin	0.8280104098917371	0.0284305875080553	0.9837539095296494				False	False	1	1	0	NOVEL colocalized	1.7929967426645812	0.30924283313493184	0.9837539095296494	0.0	0.5	0.0	0.0	0.0	0.0	0.0
IL24	Autoimmune diseases	AUTOIMMUNE	Diseases marked as autimmune origin	Haematological/Immune	Cytokine/Interleukin	1.1511663471511355	0.0279550693882259	0.4798292759985913	0.7463332969771629	0.0133555285359814	0.0267894993076333	False	False	2	1	0	novel nomination	1.7905371610839727	0.3107078850853814	0.4798292759985913	0.5	0.5	0.0	0.0	0.0	0.0	0.0
PACS2	Chronic pancreatitis	K11_CHRONPANC	XI Diseases of the digestive system (K11_)	Gastrointestinal	Immune-cell-enriched	4.055274123884495	0.0217403992989797	0.9544642520157178				False	False	1	0	0	NOVEL colocalized	1.7870107487413667	0.33254649672564873	0.9544642520157178	0.0	0.0	0.5	0.0	0.0	0.0	0.0
EPS8L2	Peritonsillar abscess	J10_PERITONSABSC	X Diseases of the respiratory system (J10_)	Respiratory	Immune-cell-enriched	1.3159786666846112	0.0286025276370789	0.9781577927665412				False	False	1	0	0	NOVEL colocalized	1.7868769099845787	0.3087191172180376	0.9781577927665412	0.0	0.0	0.5	0.0	0.0	0.0	0.0
PFKFB2	Atrial fibrillation and flutter with reimbursement	I9_AF_REIMB	IX Diseases of the circulatory system (I9_)	Cardiovascular	Immune-cell-enriched	0.5374440778056331	0.0276262378130988	0.9745772955749294				False	False	1	0	0	NOVEL colocalized	1.7863129463749021	0.3117356507999727	0.9745772955749294	0.0	0.0	0.5	0.0	0.0	0.0	0.0
TXK	Reimbursement for rheumatic diseases	K11_REIMB_202	Gastrointestinal endpoints	Gastrointestinal	Immune-cell-enriched	0.8779904990949899	0.024812812656693	0.9623086144448586				False	False	1	0	0	NOVEL colocalized	1.7833734151410345	0.321064800696176	0.9623086144448586	0.0	0.0	0.5	0.0	0.0	0.0	0.0
NGFR	Statin medication	RX_STATIN	IX Diseases of the circulatory system (I9_)	Cardiovascular	Immune-cell-enriched	0.7145084950004194	0.0398931312288856	1.6556606053468542e-08				False	False	2	1	0	novel nomination	1.7798203914352417	0.27982037487863576	1.6556606053468542e-08	0.5	0.5	0.5	0.0	0.0	0.0	0.0
CA8	Arthropathies	M13_ARTHROPATHIES	XIII Diseases of the musculoskeletal system and connective tissue (M13_)	Musculoskeletal	Immune-cell-enriched	0.9056810014330284	0.0446632081015046	0.0092117410170103				False	False	3	0	0	novel nomination	1.7792217580816525	0.2700100170646423	0.0092117410170103	1.0	0.0	0.5	0.0	0.0	0.0	0.0
IL7R	Dermatitis	L12_DERMATITISNAS	XII Diseases of the skin and subcutaneous tissue (L12_)	Dermatological	Cytokine/Interleukin	1.1796240565914555	0.0002444110715491	0.0524949556386769	1.03352096496676	0.2509645794246116	3.5743201031810626e-08	False	False	1	1	0	novel nomination	1.7748707806242683	0.7223758249855914	0.0524949556386769	0.0	0.5	0.5	0.0	0.0	0.0	0.0
STAM	Viral warts	AB1_VIRAL_WARTS	I Certain infectious and parasitic diseases (AB1_)	Infection	Immune-cell-enriched	0.6142355592166466	0.0358965118720772	0.9684201537012884				False	False	1	0	0	NOVEL colocalized	1.7574097038090686	0.28898955010778016	0.9684201537012884	0.0	0.0	0.5	0.0	0.0	0.0	0.0
TPPP3	Disorders of the thyroid gland	E4_THYROID	IV Endocrine, nutritional and metabolic diseases (E4_)	Metabolic/Endocrine	Immune-cell-enriched	1.2232287391566394	0.0139524956626842	0.8832079857909367				False	False	1	0	0	NOVEL colocalized	1.754277606554417	0.3710696207634804	0.8832079857909367	0.0	0.0	0.5	0.0	0.0	0.0	0.0
SPP1	Gout, unspecified	GOUT_NOS	Rheuma endpoints	Musculoskeletal	Immune-cell-enriched	1.2336316136894043	0.00016981467896	1.202765664467656e-64				False	False	1	1	0	novel nomination	1.75400495431925	0.7540049543192499	1.202765664467656e-64	0.0	0.5	0.5	0.0	0.0	0.0	0.0
TNFRSF14	Non-Hodgkin lymphoma, all, excluding all cancers (controls excluding all cancers)	C3_NONHODGKIN_EXALLC	II Neoplasms, from cancer register (ICD-O-3)	Neoplasm	TNF superfamily	0.7830152012813923	0.0137957161785333	0.8752371769321639	0.6791806981966292	0.0986317437355626	0.1791242132059681	False	False	7	1	0	recovered known axis	1.7472883267366242	0.3720511498044604	0.8752371769321639	1.5	0.5	0.0	0.0	0.0	1.5	0.0
CALB1	Benign neoplasm: Cerebral meninges	CD2_BENIGN_MENINGES_CEREBRAL	II Neoplasms from hospital discharges (CD2_)	Neoplasm	Immune-cell-enriched	0.4386667530036381	0.0225730771349347	0.9132264241780208	0.9842108307523268	0.9738523566721178	0.0003910958595045	False	False	1	0	0	NOVEL colocalized	1.7425082710542625	0.32928184687624185	0.9132264241780208	0.0	0.0	0.5	0.0	0.0	0.0	0.0
MEGF9	Amyloidosis, other/unspecified	E4_AMYLNAS	IV Endocrine, nutritional and metabolic diseases (E4_)	Metabolic/Endocrine	Immune-cell-enriched	0.4818881962486245	0.000200498449254	4.480497191447518e-38				False	False	1	1	0	novel nomination	1.739577796412286	0.739577796412286	4.480497191447518e-38	0.0	0.5	0.5	0.0	0.0	0.0	0.0
CMC1	Malignant melanoma of skin, excluding all cancers (controls excluding all cancers)	C3_MELANOMA_SKIN_EXALLC	II Neoplasms, from cancer register (ICD-O-3)	Neoplasm	Immune-cell-enriched	0.6976878347257301	0.0446632081015046	0.9589443847478342				False	False	1	0	0	NOVEL colocalized	1.7289544018124765	0.2700100170646423	0.9589443847478342	0.0	0.0	0.5	0.0	0.0	0.0	0.0
DENR	Atrial fibrillation and flutter	I9_AF	IX Diseases of the circulatory system (I9_)	Cardiovascular	Immune-cell-enriched	1.2341789500838978	0.018103268847992	0.3777568615216816				False	False	2	0	0	novel nomination	1.7262054613051123	0.34844859978343073	0.3777568615216816	0.5	0.0	0.5	0.0	0.0	0.0	0.0
TACC3	Gonarthrosis, primary, with knee surgery	M13_ARTHROSIS_KNEE_PRIM_KNEESURG	XIII Diseases of the musculoskeletal system and connective tissue (M13_)	Musculoskeletal	Immune-cell-enriched	1.1016742281992	8.380772163162729e-07	1.4036718530226184e-28				False	False	1	0	0	novel nomination	1.7153431931533802	1.2153431931533802	1.4036718530226184e-28	0.0	0.0	0.5	0.0	0.0	0.0	0.0
SNCA	Other and unspecified degenerative diseases of nervous system	G6_DEGENOTH	VI Diseases of the nervous system (G6_)	Neurological/Psychiatric	Immune-cell-enriched	0.3618837066373529	0.0460106915332801	0.9337468562993744	0.560459874652331	0.1228679617641597	0.0210073479488721	False	False	1	0	0	NOVEL colocalized	1.7011751041613874	0.267428247862013	0.9337468562993744	0.0	0.0	0.5	0.0	0.0	0.0	0.0
ACTA2	Chronic lymphocytic leukaemia and small lyphocytis leukaemia, excluding all cancers (controls excluding all cancers)	C3_CLL_EXALLC	II Neoplasms, from cancer register (ICD-O-3)	Neoplasm	Immune-cell-enriched	1.269442825924571	0.0110139733292425	0.8051214488912116				False	False	1	0	0	NOVEL colocalized	1.6967326447940425	0.39161119590283094	0.8051214488912116	0.0	0.0	0.5	0.0	0.0	0.0	0.0
BAG3	Nonischemic cardiomyopathy	I9_NONISCHCARDMYOP_STRICT	IX Diseases of the circulatory system (I9_)	Cardiovascular	Immune-cell-enriched	0.2955421214953768	1.0428430609817676e-06	1.8196470480163864e-06				False	False	1	0	0	novel nomination	1.6963580285040116	1.1963562088569637	1.8196470480163864e-06	0.0	0.0	0.5	0.0	0.0	0.0	0.0
GSTM4	Statin medication	RX_STATIN	IX Diseases of the circulatory system (I9_)	Cardiovascular	Immune-cell-enriched	0.9544916234475492	1.191629501667542e-06	1.968042950833623e-161				False	False	1	0	0	novel nomination	1.6847717506629298	1.1847717506629298	1.968042950833623e-161	0.0	0.0	0.5	0.0	0.0	0.0	0.0
SPP1	Gout, strict definition	GOUT_STRICT	Rheuma endpoints	Musculoskeletal	Immune-cell-enriched	1.2459512771023231	0.0003844938298745	5.079506997480764e-83				False	False	1	1	0	novel nomination	1.6830221250206026	0.6830221250206026	5.079506997480764e-83	0.0	0.5	0.5	0.0	0.0	0.0	0.0
NPDC1	Type 2 diabetes, definitions combined	T2D	Diabetes endpoints	Metabolic/Endocrine	Immune-cell-enriched	1.084949738906209	0.000410154267665	1.8605153427240207e-26				False	False	1	1	0	novel nomination	1.6774105530489984	0.6774105530489984	1.8605153427240207e-26	0.0	0.5	0.5	0.0	0.0	0.0	0.0
SMAD5	Other neurological diseases	G6_OTHNEU	VI Diseases of the nervous system (G6_)	Neurological/Psychiatric	Immune-cell-enriched	1.056458078181037	0.0453898651854441	0.9072817771162084				False	False	1	0	0	NOVEL colocalized	1.6758899985509152	0.2686082214347069	0.9072817771162084	0.0	0.0	0.5	0.0	0.0	0.0	0.0
TPPP3	Hypothyroidism, strict autoimmune	E4_HYTHY_AI_STRICT	IV Endocrine, nutritional and metabolic diseases (E4_)	Metabolic/Endocrine	Immune-cell-enriched	1.2465498074043029	0.0412838203119931	0.8584986849379016				False	False	1	0	0	NOVEL colocalized	1.6353427091149968	0.27684402417709525	0.8584986849379016	0.0	0.0	0.5	0.0	0.0	0.0	0.0
ATP1B1	Hereditary deficiency of other clotting factors	D3_HEREDOTHCLOFACTORS	III Diseases of the blood and blood-forming organs and certain disorders involving the immune mechanism (D3_)	Haematological/Immune	Immune-cell-enriched	0.3319076443116922	0.0006669655836525	3.793038393764847e-78				False	False	1	1	0	novel nomination	1.63517931514036	0.6351793151403599	3.793038393764847e-78	0.0	0.5	0.5	0.0	0.0	0.0	0.0
TNFRSF14	Reimbursement for rheumatic diseases	K11_REIMB_202	Gastrointestinal endpoints	Gastrointestinal	TNF superfamily	0.9001434548948377	0.0149762968255958	0.7507307942872905	1.0491469256596813	0.6356145982342076	0.2187158659006814	False	False	7	1	0	recovered known axis	1.615649906474819	0.3649191121875287	0.7507307942872905	1.5	0.5	0.0	0.0	0.0	1.5	0.0
HHEX	Inflammatory bowel disease, strict (require KELA)	K11_IBD_STRICT	XI Diseases of the digestive system (K11_)	Gastrointestinal	Immune-cell-enriched	1.349863384311219	0.0130302153620398	0.7280149992604086				False	False	1	0	0	novel nomination	1.6050246805112522	0.3770096812508436	0.7280149992604086	0.0	0.0	0.5	0.0	0.0	0.0	0.0
PPP1R14A	Diverticular disease of intestine	K11_DIVERTIC	XI Diseases of the digestive system (K11_)	Gastrointestinal	Immune-cell-enriched	1.1781655848456338	0.0009819064170371	3.2218578481483498e-06				False	False	2	0	0	novel nomination	1.6015892022029217	0.6015859803450734	3.2218578481483498e-06	0.5	0.0	0.5	0.0	0.0	0.0	0.0
SNCA	Dementia due to Parkinson's disease (more control exclusions)	PD_DEMENTIA_EXMORE	Neurological endpoints	Neurological/Psychiatric	Immune-cell-enriched	0.3236829234187762	0.0173509908521347	0.7486987042253986	0.647863836805768	0.2631719278920594	0.0194201241677965	False	False	1	0	0	novel nomination	1.6008338480619546	0.35213514383655586	0.7486987042253986	0.0	0.0	0.5	0.0	0.0	0.0	0.0
TRIM25	Acute sinusitis	J10_SINUSITIS	X Diseases of the respiratory system (J10_)	Respiratory	Immune-cell-enriched	0.4434681186033891	0.0392157058200651	0.8034053374278649				False	False	1	0	0	NOVEL colocalized	1.58471333022318	0.2813079927953151	0.8034053374278649	0.0	0.0	0.5	0.0	0.0	0.0	0.0
KRT18	Malignant neoplasm of prostate, excluding all cancers (controls excluding all cancers)	C3_PROSTATE_EXALLC	II Neoplasms, from cancer register (ICD-O-3)	Neoplasm	Immune-cell-enriched	0.5414319229023015	0.0018220287255026	9.593688087736506e-09	1.040846460996059	0.766986156864035	0.0899138464354181	False	False	2	0	0	novel nomination	1.547888965666849	0.5478889560731609	9.593688087736506e-09	0.5	0.0	0.5	0.0	0.0	0.0	0.0
SLC16A1	Cardiovascular diseases (excluding rheumatic etc)	FG_CVD	Cardiometabolic endpoints	Cardiovascular	Immune-cell-enriched	0.8192841215852463	0.0019736191419492	9.213959790063976e-07				False	False	1	1	0	novel nomination	1.5409482516591693	0.5409473302631903	9.213959790063976e-07	0.0	0.5	0.5	0.0	0.0	0.0	0.0
INPP1	Basal cell carcinoma, including avohilmo, excluding all cancers (controls excluding all cancers)	C3_BASAL_CELL_CARCINOMA_INCLAVO_EXALLC	II Neoplasms, from cancer register (ICD-O-3)	Neoplasm	Immune-cell-enriched	0.828446326943843	0.0088084123233094	0.6281638619267068				False	False	1	0	0	novel nomination	1.5391843347587901	0.41102047283208326	0.6281638619267068	0.0	0.0	0.5	0.0	0.0	0.0	0.0
INPP1	Basal cell carcinoma, excluding all cancers (controls excluding all cancers)	C3_BASAL_CELL_CARCINOMA_EXALLC	II Neoplasms, from cancer register (ICD-O-3)	Neoplasm	Immune-cell-enriched	0.8271098191565317	0.0095309445659592	0.6316762930804609				False	False	1	0	0	novel nomination	1.5358491043598104	0.40417281127934945	0.6316762930804609	0.0	0.0	0.5	0.0	0.0	0.0	0.0
C2	Systemic connective tissue disorders	M13_SYSTCONNECT	XIII Diseases of the musculoskeletal system and connective tissue (M13_)	Musculoskeletal	Complement/Coagulation	1.897941086579478	7.2247478898366754e-06					False	False	11	1	0	MHC-caution	1.5282354606336765	1.0282354606336763	0.0	1.5	0.5	0.5	0.0	0.0	0.0	2.0
TACC3	Arthrosis	M13_ARTHROSIS	XIII Diseases of the musculoskeletal system and connective tissue (M13_)	Musculoskeletal	Immune-cell-enriched	1.0558053436076724	7.484632782802744e-06	4.412399429946304e-19				False	False	1	0	0	novel nomination	1.5251659005021188	1.0251659005021188	4.412399429946304e-19	0.0	0.0	0.5	0.0	0.0	0.0	0.0
ICAM3	Diverticular disease of intestine	K11_DIVERTIC	XI Diseases of the digestive system (K11_)	Gastrointestinal	Immune-cell-enriched	0.8919712282685418	0.002387967763771	9.002913975532163e-05	1.1257832713212637	0.3955139880922771	0.2025639433706085	False	False	1	1	0	novel nomination	1.5244843371868877	0.5243943080471324	9.002913975532163e-05	0.0	0.5	0.5	0.0	0.0	0.0	0.0
C2	Other predominantly sexually transmitted diseases, not elsewhere classified	AB1_SEXUAL_TRANSMISSION_NOS	I Certain infectious and parasitic diseases (AB1_)	Infection	Complement/Coagulation	2.5260974763423176	7.874059396376363e-06					False	False	11	1	0	MHC-caution	1.5207602627041488	1.0207602627041488	0.0	1.5	0.5	0.5	0.0	0.0	0.0	2.0
C2	Infections with a predominantly sexual mode of transmission	AB1_SEXUAL_TRANSMISSION	I Certain infectious and parasitic diseases (AB1_)	Infection	Complement/Coagulation	1.9459430294534923	8.204585303656605e-06					False	False	11	1	0	MHC-caution	1.5171886730473467	1.0171886730473467	0.0	1.5	0.5	0.5	0.0	0.0	0.0	2.0
CEBPB	Disorders of breast	N14_BREAST	XIV Diseases of the genitourinary system (N14_)	Renal/Genitourinary	Immune-cell-enriched	0.7088568496804917	0.0155778646894951	0.1538225053793583				False	False	2	0	0	novel nomination	1.5153209199382913	0.36149841455893306	0.1538225053793583	0.5	0.0	0.5	0.0	0.0	0.0	0.0
FBN2	Acute appendicitis	K11_APPENDACUT	XI Diseases of the digestive system (K11_)	Gastrointestinal	Immune-cell-enriched	0.954829954915538	0.0493847328928059	0.2494108440281798				False	False	1	1	0	novel nomination	1.5106923021996788	0.2612814581714989	0.2494108440281798	0.0	0.5	0.5	0.0	0.0	0.0	0.0
IL24	Ulcerative colitis (strict definition, require KELA, min 2 HDR)	K11_UC_STRICT2	XI Diseases of the digestive system (K11_)	Gastrointestinal	Cytokine/Interleukin	1.7637698791270986	0.0029529060247667	2.7351782648544213e-22	0.7348904001819674	0.4792738281505428	0.027342053941229	False	False	2	1	0	novel nomination	1.5059500748179344	0.5059500748179345	2.7351782648544213e-22	0.5	0.5	0.0	0.0	0.0	0.0	0.0
C2	Seronegative rheumatoid arthritis	RHEUMA_SERONEG	Rheuma endpoints	Musculoskeletal	Complement/Coagulation	3.235767834909012	9.514257437695889e-06					False	False	11	1	0	MHC-caution	1.5043250203150262	1.0043250203150262	0.0	1.5	0.5	0.5	0.0	0.0	0.0	2.0
CDKN1A	Heart failure, strict	I9_HEARTFAIL	IX Diseases of the circulatory system (I9_)	Cardiovascular	Immune-cell-enriched	1.4800683450158931	3.2219598714041936e-13					False	False	3	0	0	MHC-caution	1.5	2.0	0.0	1.0	0.0	0.5	0.0	0.0	0.0	2.0
CDKN1A	Cardiac arrhythmias	CARDIAC_ARRHYTM	Comorbidities of COPD	Respiratory	Immune-cell-enriched	1.3278349534185807	7.122774775720966e-12					False	False	3	0	0	MHC-caution	1.5	2.0	0.0	1.0	0.0	0.5	0.0	0.0	0.0	2.0
BAG3	Cardiomyopathy	I9_CARDMYO	IX Diseases of the circulatory system (I9_)	Cardiovascular	Immune-cell-enriched	0.545339782329416	1.688212614285842e-05	0.0006738098992441				False	False	1	0	0	novel nomination	1.4551883817024098	0.9545145718031657	0.0006738098992441	0.0	0.0	0.5	0.0	0.0	0.0	0.0
LDLR	Cardiovascular diseases (excluding rheumatic etc)	FG_CVD	Cardiometabolic endpoints	Cardiovascular	Immune-cell-enriched	0.6805328377717323	0.0067137921202107	1.3172169186000514e-10	0.9750250992538356	0.6042941607273598	0.0131887312448844	False	False	1	1	0	novel nomination	1.4346064221280261	0.4346064219963045	1.3172169186000514e-10	0.0	0.5	0.5	0.0	0.0	0.0	0.0
ADAM15	Atrial fibrillation and flutter	I9_AF	IX Diseases of the circulatory system (I9_)	Cardiovascular	Immune-cell-enriched	0.9299855235794624	0.0077113503919655	1.983331869769996e-43				False	False	1	1	0	novel nomination	1.4225739125499732	0.4225739125499731	1.983331869769996e-43	0.0	0.5	0.5	0.0	0.0	0.0	0.0
RALB	Hypertrophy of breast	N14_HYPERTROPHYBREAST	XIV Diseases of the genitourinary system (N14_)	Renal/Genitourinary	Immune-cell-enriched	1.2717129718235194	2.45331343017636e-05	1.2084111364537698e-06				False	False	1	0	0	novel nomination	1.4220506011505836	0.922049392739447	1.2084111364537698e-06	0.0	0.0	0.5	0.0	0.0	0.0	0.0
ACTA2	Primary_lymphoid and hematopoietic malignant neoplasms (controls excluding all cancers)	CD2_PRIMARY_LYMPHOID_HEMATOPOIETIC_EXALLC	II Neoplasms from hospital discharges (CD2_)	Neoplasm	Immune-cell-enriched	1.0809215532595988	0.0055251490407263	0.4668011616836813				False	False	1	0	0	novel nomination	1.4183323621645778	0.45153120048089646	0.4668011616836813	0.0	0.0	0.5	0.0	0.0	0.0	0.0
FKBP1B	Asthma-related acute respiratory infections	ASTHMA_ACUTE_RESPIRATORY_INFECTIONS	Asthma and related endpoints	Respiratory	Immune-cell-enriched	1.2527848416650085	0.0438436453313351	0.6413301723918298				False	False	1	0	0	novel nomination	1.4129488412095819	0.27161866881775204	0.6413301723918298	0.0	0.0	0.5	0.0	0.0	0.0	0.0
SLC16A1	Hypertension	I9_HYPTENS	IX Diseases of the circulatory system (I9_)	Cardiovascular	Immune-cell-enriched	0.8276151343209475	0.0087770309363827	7.215970130861856e-50				False	False	1	1	0	novel nomination	1.4113304741767707	0.4113304741767708	7.215970130861856e-50	0.0	0.5	0.5	0.0	0.0	0.0	0.0
TACC3	Primary gonarthrosis, bilateral	PRIM_KNEEARTHROSIS	Rheuma endpoints	Musculoskeletal	Immune-cell-enriched	1.0963708557599277	2.855219633919044e-05	1.1232369767510762e-18				False	False	1	0	0	novel nomination	1.408872095723187	0.9088720957231871	1.1232369767510762e-18	0.0	0.0	0.5	0.0	0.0	0.0	0.0
DENR	Other heart diseases	FG_OTHHEART	Cardiometabolic endpoints	Cardiovascular	Immune-cell-enriched	1.1675359119200612	0.0363097730735885	0.1103393083786972				False	False	2	0	0	novel nomination	1.398334601439392	0.2879952930606949	0.1103393083786972	0.5	0.0	0.5	0.0	0.0	0.0	0.0
SPRY2	Type 2 diabetes, wide definition	T2D_WIDE	Diabetes endpoints	Metabolic/Endocrine	Immune-cell-enriched	1.2967906352859306	0.0104179079007662	7.22507970575824e-05				False	False	1	1	0	novel nomination	1.3965161480480583	0.3964438972510008	7.22507970575824e-05	0.0	0.5	0.5	0.0	0.0	0.0	0.0
HIP1R	Antihypertensive medication - note that there are other indications	RX_ANTIHYP	Drug purchase endpoints	Medication/Other	Immune-cell-enriched	1.266937995173795	0.0121952775141798	0.0110498987315834				False	False	2	0	0	novel nomination	1.3938115612291755	0.38276166249759214	0.0110498987315834	0.5	0.0	0.5	0.0	0.0	0.0	0.0
PHOSPHO1	Atopic dermatitis	L12_ATOPIC	XII Diseases of the skin and subcutaneous tissue (L12_)	Dermatological	Immune-cell-enriched	0.7816592815469966	0.0130302153620398	7.077911172824401e-19				False	False	2	0	0	novel nomination	1.3770096812508437	0.3770096812508436	7.077911172824401e-19	0.5	0.0	0.5	0.0	0.0	0.0	0.0
KIAA0319	Spondylopathies (FG)	SPONDYLOPATHY_FG	Rheuma endpoints	Musculoskeletal	Immune-cell-enriched	0.7075637618782429	4.26534771306845e-05		6.381352733272499	4.440892098500626e-16	0.0567787550521946	False	False	3	2	0	MHC-caution	1.3740091118342717	0.8740091118342717	0.0	1.0	1.0	0.5	0.0	0.0	0.0	2.0
RALB	Hypertrophy of breast in women and men	N14_HYPERTROPHYBREAST_BOTH	XIV Diseases of the genitourinary system (N14_)	Renal/Genitourinary	Immune-cell-enriched	1.2437399352930127	4.297967949601945e-05	0.0006229380802062				False	False	1	0	0	novel nomination	1.3739703035626118	0.8733473654824058	0.0006229380802062	0.0	0.0	0.5	0.0	0.0	0.0	0.0
DENR	Arthropathies	M13_ARTHROPATHIES	XIII Diseases of the musculoskeletal system and connective tissue (M13_)	Musculoskeletal	Immune-cell-enriched	0.8990487343716123	0.0173509908521347	0.0037317428683702				False	False	2	0	0	novel nomination	1.3558668867049262	0.35213514383655586	0.0037317428683702	0.5	0.0	0.5	0.0	0.0	0.0	0.0
NPDC1	Diabetes, insulin treatment (Kela reimbursement) (more control exclusions)	KELA_DIAB_INSUL_EXMORE	Diabetes endpoints	Metabolic/Endocrine	Immune-cell-enriched	1.0723967953924725	0.0170349043452971	2.1281474127017452e-24				False	False	1	1	0	novel nomination	1.3537320601494969	0.35373206014949693	2.1281474127017452e-24	0.0	0.5	0.5	0.0	0.0	0.0	0.0
PINLYP	Statin medication	RX_STATIN	IX Diseases of the circulatory system (I9_)	Cardiovascular	Immune-cell-enriched	1.154395322330503	0.0177925327260917	8.576566256438581e-48				False	False	1	1	0	novel nomination	1.349952445339095	0.3499524453390949	8.576566256438581e-48	0.0	0.5	0.5	0.0	0.0	0.0	0.0
TNFRSF14	Autoimmune diseases	AUTOIMMUNE	Diseases marked as autimmune origin	Haematological/Immune	TNF superfamily	0.92966838561049	5.724700651798203e-05	1.248014913669135e-10	1.0492728308449206	0.3849154014078806	0.2335268370144945	False	False	7	1	0	recovered known axis	1.3484494437100558	0.8484494435852543	1.248014913669135e-10	1.5	0.5	0.0	0.0	0.0	1.5	0.0
KIAA0319	Reimbursement for rheumatic diseases	K11_REIMB_202	Gastrointestinal endpoints	Gastrointestinal	Immune-cell-enriched	0.8507979682652377	6.255775739916595e-05		1.5150179633964032	0.0001456744460852	0.0565931102688666	False	False	3	2	0	MHC-caution	1.3407437656936843	0.840743765693684	0.0	1.0	1.0	0.5	0.0	0.0	0.0	2.0
OTUD7B	Systemic connective tissue disorders	M13_SYSTCONNECT	XIII Diseases of the musculoskeletal system and connective tissue (M13_)	Musculoskeletal	Immune-cell-enriched	0.6724324537401528	0.0227773194274559	6.126992369775065e-05				False	False	2	0	0	novel nomination	1.3285607474532564	0.32849947752955855	6.126992369775065e-05	0.5	0.0	0.5	0.0	0.0	0.0	0.0
C2	Spondylopathies (FG)	SPONDYLOPATHY_FG	Rheuma endpoints	Musculoskeletal	Complement/Coagulation	2.6322505581511315	7.397208869940775e-05					False	False	11	1	0	MHC-caution	1.3261864236495864	0.8261864236495866	0.0	1.5	0.5	0.5	0.0	0.0	0.0	2.0
KIAA0319	Ankylosing spondylitis	M13_ANKYLOSPON	XIII Diseases of the musculoskeletal system and connective tissue (M13_)	Musculoskeletal	Immune-cell-enriched	0.6475203748690394	7.519151210274785e-05		9.60180911897189	9.769962616701378e-15	0.0570248238336972	False	False	3	2	0	MHC-caution	1.3247662362832417	0.8247662362832416	0.0	1.0	1.0	0.5	0.0	0.0	0.0	2.0
TSPAN15	Phlebitis and thrombophlebitis (not including DVT)	I9_PHLETHROM	IX Diseases of the circulatory system (I9_)	Cardiovascular	Immune-cell-enriched	0.717098904281054	0.0252442630349374	8.235647278699208e-08				False	False	1	1	0	novel nomination	1.3195675430168925	0.31956746066041963	8.235647278699208e-08	0.0	0.5	0.5	0.0	0.0	0.0	0.0
PHOSPHO1	Dermatitis and eczema	L12_DERMATITISECZEMA	XII Diseases of the skin and subcutaneous tissue (L12_)	Dermatological	Immune-cell-enriched	0.8483897856736988	0.0258866214219995	5.094157948821343e-13				False	False	2	0	0	novel nomination	1.3173849255143841	0.31738492551387465	5.094157948821343e-13	0.5	0.0	0.5	0.0	0.0	0.0	0.0
BMP6	Spinal stenosis	M13_SPINSTENOSIS	XIII Diseases of the musculoskeletal system and connective tissue (M13_)	Musculoskeletal	Immune-cell-enriched	1.5548541426750122	8.697297761606608e-05		1.0472873604025446	0.6747919094596193	0.0181614039973506	False	False	5	1	0	MHC-caution	1.3121231322237938	0.812123132223794	0.0	1.5	0.5	0.5	0.0	0.0	0.0	2.0
KRT18	Pregnancy hypertension	O15_HYPTENSPREG	XV Pregnancy, childbirth and the puerperium (O15_)	Other	Immune-cell-enriched	1.5887975233018874	0.0286840687742038	3.8168537710444005e-10	1.0346834127525322	0.7848718535001682	0.0577023224943961	False	False	2	0	0	novel nomination	1.3084718493587322	0.30847184897704677	3.8168537710444005e-10	0.5	0.0	0.5	0.0	0.0	0.0	0.0
SPP1	Gonarthrosis, primary, with knee surgery	M13_ARTHROSIS_KNEE_PRIM_KNEESURG	XIII Diseases of the musculoskeletal system and connective tissue (M13_)	Musculoskeletal	Immune-cell-enriched	0.9118202587147042	0.0322050299240439	4.381228985890221e-05				False	False	1	1	0	novel nomination	1.298459070884495	0.2984152585946362	4.381228985890221e-05	0.0	0.5	0.5	0.0	0.0	0.0	0.0
DENR	Spondylopathies	M13_SPONDYLOPATHY	XIII Diseases of the musculoskeletal system and connective tissue (M13_)	Musculoskeletal	Immune-cell-enriched	0.8535431281213816	0.0449833554016796	0.0202590754531968				False	False	2	0	0	novel nomination	1.289648706006579	0.26938963055338244	0.0202590754531968	0.5	0.0	0.5	0.0	0.0	0.0	0.0
ADAMTSL4	Antihypertensive medication - note that there are other indications	RX_ANTIHYP	Drug purchase endpoints	Medication/Other	Immune-cell-enriched	1.064962335584939	0.0391980492901993					False	False	1	1	0	novel nomination	1.281347109063164	0.2813471090631642	0.0	0.0	0.5	0.5	0.0	0.0	0.0	0.0
OTUD7B	Basal cell carcinoma, including avohilmo, excluding all cancers (controls excluding all cancers)	C3_BASAL_CELL_CARCINOMA_INCLAVO_EXALLC	II Neoplasms, from cancer register (ICD-O-3)	Neoplasm	Immune-cell-enriched	1.358007607036343	0.0398045086850315	5.247987323380636e-05				False	False	2	0	0	novel nomination	1.2800660263322243	0.2800135464589905	5.247987323380636e-05	0.5	0.0	0.5	0.0	0.0	0.0	0.0
LDLR	Diseases of arteries, arterioles and capillaries (FINNGEN)	FG_DOAAC	IX Diseases of the circulatory system (I9_)	Cardiovascular	Immune-cell-enriched	0.470878493790428	0.0438072928709407	3.1129613173845266e-06	0.925961572033838	0.4738312884109277	0.112489243331552	False	False	1	1	0	novel nomination	1.2716938297191458	0.2716907167578285	3.1129613173845266e-06	0.0	0.5	0.5	0.0	0.0	0.0	0.0
C2	Psoriasis	L12_PSORIASIS	XII Diseases of the skin and subcutaneous tissue (L12_)	Dermatological	Complement/Coagulation	1.6201595163871174	0.0467251080603883					False	True	11	1	0	MHC-caution	1.2660899371124539	0.2660899371124538	0.0	1.5	0.5	0.5	0.0	0.5	0.0	2.0
C2	Ankylosing spondylitis	M13_ANKYLOSPON	XIII Diseases of the musculoskeletal system and connective tissue (M13_)	Musculoskeletal	Complement/Coagulation	3.3482720524801994	0.0002702553446479					False	False	11	1	0	MHC-caution	1.2136451417112752	0.7136451417112755	0.0	1.5	0.5	0.5	0.0	0.0	0.0	2.0
SNCA	Parkinson's disease	G6_PARKINSON	VI Diseases of the nervous system (G6_)	Neurological/Psychiatric	Immune-cell-enriched	0.6216848409066373	0.0004052316154656	0.0132696830445376	1.3289412182347928	0.1768060884906654	0.0120779055275213	False	False	1	0	0	novel nomination	1.1917290188625518	0.6784593358180142	0.0132696830445376	0.0	0.0	0.5	0.0	0.0	0.0	0.0
C2	Other systemic involvement of connective tissue (FG)	OTHER_SYSTCON_FG	Rheuma endpoints	Musculoskeletal	Complement/Coagulation	1.922090803834912	0.0003682348591109					False	False	11	1	0	MHC-caution	1.1867750202424956	0.6867750202424955	0.0	1.5	0.5	0.5	0.0	0.0	0.0	2.0
ARG1	Type 2 diabetes, wide definition	T2D_WIDE	Diabetes endpoints	Metabolic/Endocrine	Immune-cell-enriched	0.9164359634567082	1.6025361823555527e-06					False	False	4	0	0	MHC-caution	1.1590384312236122	1.1590384312236122	0.0	1.5	0.0	0.5	0.0	0.0	0.0	2.0
TACC3	Artrosis, including avohilmo	M13_ARTHROSIS_INCLAVO	XIII Diseases of the musculoskeletal system and connective tissue (M13_)	Musculoskeletal	Immune-cell-enriched	1.0421901936590767	0.0006082304759114	1.2574945177232952e-19				False	False	1	0	0	novel nomination	1.1431863645895914	0.6431863645895914	1.2574945177232952e-19	0.0	0.0	0.5	0.0	0.0	0.0	0.0
C2	Diabetes, insulin treatment (Kela reimbursement) (more control exclusions)	KELA_DIAB_INSUL_EXMORE	Diabetes endpoints	Metabolic/Endocrine	Complement/Coagulation	1.3178435458033326	0.0006649998560752					False	False	11	1	0	MHC-caution	1.135435689738102	0.6354356897381018	0.0	1.5	0.5	0.5	0.0	0.0	0.0	2.0
C2	All dysplastic lesions of the cervix uteri, vagina or vulva	N14_FEMALE_GENITAL_DYSPLASIA_ALL	XIV Diseases of the genitourinary system (N14_)	Renal/Genitourinary	Complement/Coagulation	1.8356687918907053	0.0007318095676906					False	False	11	1	0	MHC-caution	1.127120383367786	0.6271203833677862	0.0	1.5	0.5	0.5	0.0	0.0	0.0	2.0
C2	Papulosquamous disorders	L12_PAPULOSQUAMOUS	XII Diseases of the skin and subcutaneous tissue (L12_)	Dermatological	Complement/Coagulation	1.6574724641402483	0.0008547026790969					False	False	11	1	0	MHC-caution	1.1136369869453486	0.6136369869453485	0.0	1.5	0.5	0.5	0.0	0.0	0.0	2.0
C2	Acute and subacute iridocyclitis	H7_IRIDOACUTE	VII Diseases of the eye and adnexa (H7_)	Ophthalmological	Complement/Coagulation	2.121586388128479	0.0009668518023682					False	False	11	1	0	MHC-caution	1.1029280177679048	0.6029280177679046	0.0	1.5	0.5	0.5	0.0	0.0	0.0	2.0
C2	Chronic sinusitis	J10_CHRONSINUSITIS	X Diseases of the respiratory system (J10_)	Respiratory	Complement/Coagulation	1.5819795764410185	0.0010932236023447					False	False	11	1	0	MHC-caution	1.0922582001200958	0.5922582001200958	0.0	1.5	0.5	0.5	0.0	0.0	0.0	2.0
RELB	Dementia, including avohilmo	F5_DEMENTIA_INCLAVO	V Mental and behavioural disorders (F5_)	Neurological/Psychiatric	Immune-cell-enriched	0.3651053253463747	0.0014446955736329	4.463057344291268e-06	1.814593647079315	1.3472309849937858e-05	0.0397488938733572	False	False	1	0	0	novel nomination	1.0680491946243151	0.5680447315669708	4.463057344291268e-06	0.0	0.0	0.5	0.0	0.0	0.0	0.0
C2	All dysplastic lesions of the cervix uteri	N14_CERVICAL_DYSPLASIA_ALL	XIV Diseases of the genitourinary system (N14_)	Renal/Genitourinary	Complement/Coagulation	1.8685952020272407	0.0018252270751138					False	False	11	1	0	MHC-caution	1.047736619519947	0.5477366195199469	0.0	1.5	0.5	0.5	0.0	0.0	0.0	2.0
C2	Disorders of sclera, cornea, iris and ciliary body	H7_SCLERACORNEA	VII Diseases of the eye and adnexa (H7_)	Ophthalmological	Complement/Coagulation	1.4916110999509171	0.0019468666688988					False	False	11	1	0	MHC-caution	1.0421327580210353	0.5421327580210354	0.0	1.5	0.5	0.5	0.0	0.0	0.0	2.0
C2	Iridocyclitis	H7_IRIDOCYCLITIS	VII Diseases of the eye and adnexa (H7_)	Ophthalmological	Complement/Coagulation	1.9431472324470525	0.0019999159765276					False	False	11	1	0	MHC-caution	1.0397976500368995	0.5397976500368996	0.0	1.5	0.5	0.5	0.0	0.0	0.0	2.0
GATA3	Asthma and allergy	ASTHMA_ALLERG	Asthma and related endpoints	Respiratory	Immune-cell-enriched	0.2220512656287795	0.0224055344820205	0.1781666809906539				False	False	1	0	0	novel nomination	1.008095619304925	0.3299289383142713	0.1781666809906539	0.0	0.0	0.5	0.0	0.0	0.0	0.0
RELB	Unspecific neurodegenerative disorder	G6_NEURODEGENERATIVE	VI Diseases of the nervous system (G6_)	Neurological/Psychiatric	Immune-cell-enriched	0.3351580697680826	0.002896139238514	4.459871939585321e-06	1.9688760834597865	1.1693289908132344e-05	0.0397488938733572	False	False	1	0	0	novel nomination	1.0076405723265416	0.507636112454602	4.459871939585321e-06	0.0	0.0	0.5	0.0	0.0	0.0	0.0
C2	Ankylosing spondylitis, strict definition	M13_ANKYLOSPON_STRICT	XIII Diseases of the musculoskeletal system and connective tissue (M13_)	Musculoskeletal	Complement/Coagulation	5.496796361995653	0.0030373345957593					False	False	11	1	0	MHC-caution	1.0035014726280216	0.5035014726280215	0.0	1.5	0.5	0.5	0.0	0.0	0.0	2.0
C2	Anterior Iridocyclitis	H7_IRIDOCYC_ANTER	VII Diseases of the eye and adnexa (H7_)	Ophthalmological	Complement/Coagulation	1.994142160522058	0.0033607376936052					False	False	11	1	0	MHC-caution	0.994713076599552	0.4947130765995521	0.0	1.5	0.5	0.5	0.0	0.0	0.0	2.0
TNFRSF14	Seropositive rheumatoid arthritis, strict definition	RHEUMA_SEROPOS_STRICT	Rheuma endpoints	Musculoskeletal	TNF superfamily	0.7876195706957905	0.0042793070417173	0.003400273980997	1.0387220964345365	0.8595831005855032	0.2255742337392042	False	False	7	1	0	recovered known axis	0.9771255843056363	0.47372531032463927	0.003400273980997	1.5	0.5	0.0	0.0	0.0	1.5	0.0
RELB	Dementia	F5_DEMENTIA	V Mental and behavioural disorders (F5_)	Neurological/Psychiatric	Immune-cell-enriched	0.3709450450168854	0.0041479581095572	4.463957874315477e-06	2.0498667825000814	4.905855102155243e-07	0.0397488938733572	False	False	1	0	0	novel nomination	0.976437591602517	0.47643312764464263	4.463957874315477e-06	0.0	0.0	0.5	0.0	0.0	0.0	0.0
C2	Early onset COPD	COPD_EARLY	COPD and related endpoints	Respiratory	Complement/Coagulation	0.555547598918044	0.0042793070417173					False	False	11	1	0	MHC-caution	0.9737253103246393	0.47372531032463927	0.0	1.5	0.5	0.5	0.0	0.0	0.0	2.0
C2	COPD	J10_COPD	X Diseases of the respiratory system (J10_)	Respiratory	Complement/Coagulation	0.6742841301235395	0.0044236581866256					False	False	11	1	0	MHC-caution	0.9708436876154196	0.4708436876154196	0.0	1.5	0.5	0.5	0.0	0.0	0.0	2.0
BMP6	Other intervertebral disc disorders	M13_INTERVERTEB	XIII Diseases of the musculoskeletal system and connective tissue (M13_)	Musculoskeletal	Immune-cell-enriched	1.3094621481230422	0.0051592858686012		1.2965896157992982	0.068451880706716	0.0132202661684248	False	False	5	1	0	MHC-caution	0.9574820815656189	0.4574820815656187	0.0	1.5	0.5	0.5	0.0	0.0	0.0	2.0
C2	Acute sinusitis	J10_SINUSITIS	X Diseases of the respiratory system (J10_)	Respiratory	Complement/Coagulation	1.4549956773961268	0.0054403512892479					False	False	11	1	0	MHC-caution	0.9528746113082969	0.4528746113082967	0.0	1.5	0.5	0.5	0.0	0.0	0.0	2.0
C2	Spondyloarthritis	SPONDYLOARTHRITIS	Comorbidities of Interstitial lung disease endpoints	Medication/Other	Complement/Coagulation	1.9744299689009324	0.006224307479368					False	False	11	1	0	MHC-caution	0.9411817922880426	0.4411817922880427	0.0	1.5	0.5	0.5	0.0	0.0	0.0	2.0
LPP	Malignant neoplasm of skin, excluding all cancers (controls excluding all cancers)	C3_SKIN_EXALLC	II Neoplasms, from cancer register (ICD-O-3)	Neoplasm	Immune-cell-enriched	1.1671460265772124	0.0065149360896413	1.0546295481768963e-14				False	False	1	0	0	novel nomination	0.9372179680563607	0.43721796805635016	1.0546295481768963e-14	0.0	0.0	0.5	0.0	0.0	0.0	0.0
LPP	Basal cell carcinoma, excluding all cancers (controls excluding all cancers)	C3_BASAL_CELL_CARCINOMA_EXALLC	II Neoplasms, from cancer register (ICD-O-3)	Neoplasm	Immune-cell-enriched	1.1897097679192312	0.0068888786716147	7.138303325033107e-15				False	False	1	0	0	novel nomination	0.932370292813324	0.43237029281331685	7.138303325033107e-15	0.0	0.0	0.5	0.0	0.0	0.0	0.0
LPP	Basal cell carcinoma, including avohilmo, excluding all cancers (controls excluding all cancers)	C3_BASAL_CELL_CARCINOMA_INCLAVO_EXALLC	II Neoplasms, from cancer register (ICD-O-3)	Neoplasm	Immune-cell-enriched	1.1871069959223384	0.0069738241971409	2.3919931574283242e-14				False	False	1	0	0	novel nomination	0.9313058009869264	0.4313058009869025	2.3919931574283242e-14	0.0	0.0	0.5	0.0	0.0	0.0	0.0
C2	Disorders of the thyroid gland	E4_THYROID	IV Endocrine, nutritional and metabolic diseases (E4_)	Metabolic/Endocrine	Complement/Coagulation	1.2735011708041528	0.007460232833143					False	False	11	1	0	MHC-caution	0.9254495236054328	0.42544952360543276	0.0	1.5	0.5	0.5	0.0	0.0	0.0	2.0
HRAS	Hypothyroidism, strict autoimmune	E4_HYTHY_AI_STRICT	IV Endocrine, nutritional and metabolic diseases (E4_)	Metabolic/Endocrine	Immune-cell-enriched	1.130786942268712	0.0325600849025476	0.1253603662229459				False	False	1	0	0	novel nomination	0.9228232604889736	0.2974628942660277	0.1253603662229459	0.0	0.0	0.5	0.0	0.0	0.0	0.0
MYL4	Hypertension, essential	I9_HYPTENSESS	IX Diseases of the circulatory system (I9_)	Cardiovascular	Immune-cell-enriched	1.702015860178143	0.0085957212452735	4.14871925827302e-06				False	False	1	0	0	novel nomination	0.9131476840981059	0.4131435353788476	4.14871925827302e-06	0.0	0.0	0.5	0.0	0.0	0.0	0.0
MYL4	Hypertension	I9_HYPTENS	IX Diseases of the circulatory system (I9_)	Cardiovascular	Immune-cell-enriched	1.6566342513940038	0.0088542867957432	4.136818779541329e-06				False	False	1	0	0	novel nomination	0.9105734198320818	0.4105692830133023	4.136818779541329e-06	0.0	0.0	0.5	0.0	0.0	0.0	0.0
BMP6	Gonarthrosis, primary, with knee surgery	M13_ARTHROSIS_KNEE_PRIM_KNEESURG	XIII Diseases of the musculoskeletal system and connective tissue (M13_)	Musculoskeletal	Immune-cell-enriched	0.6999516833256293	0.0099177809437192		0.7674439221127038	0.1669164999201888	0.0147545999871368	False	False	5	1	0	MHC-caution	0.9007170976599719	0.400717097659972	0.0	1.5	0.5	0.5	0.0	0.0	0.0	2.0
TACC3	Arthropathies	M13_ARTHROPATHIES	XIII Diseases of the musculoskeletal system and connective tissue (M13_)	Musculoskeletal	Immune-cell-enriched	1.0325658447000423	0.0102635618717422	1.423211772125626e-06				False	False	1	0	0	novel nomination	0.8977418022692221	0.39774037905745	1.423211772125626e-06	0.0	0.0	0.5	0.0	0.0	0.0	0.0
C2	Corneal ulcer	H7_CORNULCER	VII Diseases of the eye and adnexa (H7_)	Ophthalmological	Complement/Coagulation	1.984876970741197	0.0104179079007662					False	False	11	1	0	MHC-caution	0.8964438972510007	0.3964438972510008	0.0	1.5	0.5	0.5	0.0	0.0	0.0	2.0
RELB	Alzheimer disease	G6_ALZHEIMER	VI Diseases of the nervous system (G6_)	Neurological/Psychiatric	Immune-cell-enriched	0.3013521545499708	0.0117040140676059	4.447783031917034e-06	1.7106012549334872	0.002937813838939	0.0397488938536637	False	False	1	0	0	novel nomination	0.8863374807597186	0.38633303297668675	4.447783031917034e-06	0.0	0.0	0.5	0.0	0.0	0.0	0.0
TNFRSF14	Seropositive rheumatoid arthritis, wide	RHEUMA_SEROPOS_WIDE	Rheuma endpoints	Musculoskeletal	TNF superfamily	0.849612685952515	0.0137957161785333	0.0079399000244997	1.1403080318889218	0.4008301009393116	0.2340294305803741	False	False	7	1	0	recovered known axis	0.87999104982896	0.3720511498044604	0.0079399000244997	1.5	0.5	0.0	0.0	0.0	1.5	0.0
C2	Follicular lymphoma, hilmo (controls excluding all cancers)	CD2_FOLLICULAR_LYMPHOMA_EXALLC	II Neoplasms from hospital discharges (CD2_)	Neoplasm	Complement/Coagulation	5.447194480883214	0.0130302153620398					False	False	11	1	0	MHC-caution	0.8770096812508434	0.3770096812508436	0.0	1.5	0.5	0.5	0.0	0.0	0.0	2.0
UBE2B	Hypothyroidism, strict autoimmune	E4_HYTHY_AI_STRICT	IV Endocrine, nutritional and metabolic diseases (E4_)	Metabolic/Endocrine	Immune-cell-enriched	0.864634340527265	0.0133280907330919	2.5591030332555133e-10	1.0746121954479964	0.2377808516577544	0.0664001777754455	False	False	1	0	0	novel nomination	0.8750464121356396	0.3750464118797293	2.5591030332555133e-10	0.0	0.0	0.5	0.0	0.0	0.0	0.0
TNFRSF14	MS-disease / Multiple Sclerosis	G6_MS	VI Diseases of the nervous system (G6_)	Neurological/Psychiatric	TNF superfamily	0.7302166192022661	0.0211965717720971	0.0359298748437962	0.701943320811256	0.2532264799797803	0.1922600994641543	False	False	7	1	0	recovered known axis	0.870676749647243	0.3347468748034467	0.0359298748437962	1.5	0.5	0.0	0.0	0.0	1.5	0.0
TNFRSF14	Rheumatoid arthritis	M13_RHEUMA	XIII Diseases of the musculoskeletal system and connective tissue (M13_)	Musculoskeletal	TNF superfamily	0.8739742552963211	0.0367247809834666	0.0832306904289751	1.133743067006884	0.3603198567581676	0.2238233734519266	False	False	7	1	0	recovered known axis	0.8702388475376357	0.28700815710866046	0.0832306904289751	1.5	0.5	0.0	0.0	0.0	1.5	0.0
ARG1	Diabetes, insulin treatment (Kela reimbursement) (more control exclusions)	KELA_DIAB_INSUL_EXMORE	Diabetes endpoints	Metabolic/Endocrine	Immune-cell-enriched	0.9345436415867308	4.649649250404301e-05					False	False	4	0	0	MHC-caution	0.8665159614374631	0.8665159614374632	0.0	1.5	0.0	0.5	0.0	0.0	0.0	2.0
LPP	Other malignant neoplasms of skin (=non-melanoma skin cancer), excluding all cancers (controls excluding all cancers)	C3_OTHER_SKIN_EXALLC	II Neoplasms, from cancer register (ICD-O-3)	Neoplasm	Immune-cell-enriched	1.1722866122908773	0.0176014030976179	1.662337911509245e-15				False	False	1	0	0	novel nomination	0.8508905421955253	0.3508905421955236	1.662337911509245e-15	0.0	0.0	0.5	0.0	0.0	0.0	0.0
BMP6	Viral haemorrhagic fevers, not elsewhere classified/unspecified	AB1_VIRAL_HEMOR_FEVER_NOS	I Certain infectious and parasitic diseases (AB1_)	Infection	Immune-cell-enriched	2.569602731744083	0.0193562474478911		1.4290451493377057	0.2330519060324074	0.0149089305332567	False	False	5	1	0	MHC-caution	0.842635766912117	0.34263576691211706	0.0	1.5	0.5	0.5	0.0	0.0	0.0	2.0
KIAA0319	Spondyloarthritis	SPONDYLOARTHRITIS	Comorbidities of Interstitial lung disease endpoints	Medication/Other	Immune-cell-enriched	0.7965712600015309	0.021094077618205		4.042134763343977	1.743050148661496e-12	0.0567787550521946	False	False	3	2	0	MHC-caution	0.835167892056722	0.3351678920567221	0.0	1.0	1.0	0.5	0.0	0.0	0.0	2.0
UBE2B	Disorders of the thyroid gland	E4_THYROID	IV Endocrine, nutritional and metabolic diseases (E4_)	Metabolic/Endocrine	Immune-cell-enriched	0.8860300006281857	0.0213770602544301	6.163839254263975e-12	1.0724383511989253	0.1793471675935116	0.0666510266191189	False	False	1	0	0	novel nomination	0.8340104037330274	0.33401040372686347	6.163839254263975e-12	0.0	0.0	0.5	0.0	0.0	0.0	0.0
GFRA2	Atopic dermatitis	L12_ATOPIC	XII Diseases of the skin and subcutaneous tissue (L12_)	Dermatological	Immune-cell-enriched	1.0877725525815496	0.024812812656693	3.596169308745962e-07	1.0009963084435325	0.97251339328944	2.1241252999695496e-11	False	False	1	0	0	novel nomination	0.821065160313107	0.321064800696176	3.596169308745962e-07	0.0	0.0	0.5	0.0	0.0	0.0	0.0
GATA3	Other diseases of upper respiratory tract	J10_UPPERDIS	X Diseases of the respiratory system (J10_)	Respiratory	Immune-cell-enriched	0.6789600755112596	0.0351969511966074	0.025763096409243				False	False	1	0	0	novel nomination	0.8164620872126782	0.29069899080343525	0.025763096409243	0.0	0.0	0.5	0.0	0.0	0.0	0.0
DOK2	Atopic dermatitis	L12_ATOPIC	XII Diseases of the skin and subcutaneous tissue (L12_)	Dermatological	Immune-cell-enriched	1.097642523080378	0.0273966118254971	3.317813456149718e-07	0.9456580595267048	0.6269778181026504	0.0313794641904752	False	False	1	0	0	novel nomination	0.8124609605054112	0.31246062872406555	3.317813456149718e-07	0.0	0.0	0.5	0.0	0.0	0.0	0.0
RAB6B	Myotonic disorders	G6_MYOTDIS	VI Diseases of the nervous system (G6_)	Neurological/Psychiatric	Immune-cell-enriched	0.2770393632531449	0.0280681121710536	3.495471454162103e-07				False	False	1	0	0	novel nomination	0.8103577088532854	0.31035735930614006	3.495471454162103e-07	0.0	0.0	0.5	0.0	0.0	0.0	0.0
BMP6	Dorsopathies	M13_DORSOPATHY	XIII Diseases of the musculoskeletal system and connective tissue (M13_)	Musculoskeletal	Immune-cell-enriched	1.1729114670272296	0.0346903650308683		1.1493205309539665	0.135746643925485	0.0108137857690413	False	False	5	1	0	MHC-caution	0.7919582260502809	0.29195822605028077	0.0	1.5	0.5	0.5	0.0	0.0	0.0	2.0
MYL4	Diseases of veins, lymphatic vessels and lymph nodes, not elsewhere classified	I9_DISVEINLYMPH	IX Diseases of the circulatory system (I9_)	Cardiovascular	Immune-cell-enriched	0.574624202815094	0.034868725509922	0.0001562206873131				False	False	1	0	0	novel nomination	0.79166900594182	0.2915127852545069	0.0001562206873131	0.0	0.0	0.5	0.0	0.0	0.0	0.0
C2	Hypothyroidism, drug reimbursement	HYPOTHY_REIMB	IV Endocrine, nutritional and metabolic diseases (E4_)	Metabolic/Endocrine	Complement/Coagulation	1.7216183085451795	0.0362592817256412					False	False	11	1	0	MHC-caution	0.7881161606530673	0.2881161606530672	0.0	1.5	0.5	0.5	0.0	0.0	0.0	2.0
BMP6	Inguinal hernia, bilateral	HERING_BILATERAL	XI Diseases of the digestive system (K11_)	Gastrointestinal	Immune-cell-enriched	0.452365965197211	0.036934855656059		0.6027053511959339	0.0535198020611602	0.0165141884668788	False	False	5	1	0	MHC-caution	0.7865127187784409	0.28651271877844087	0.0	1.5	0.5	0.5	0.0	0.0	0.0	2.0
BMP6	Female genital prolapse	N14_FEMGENPROL	XIV Diseases of the genitourinary system (N14_)	Renal/Genitourinary	Immune-cell-enriched	0.6823767472295603	0.0398045086850315		0.8550038127921038	0.2152070594508259	0.023716988195802	False	False	5	1	0	MHC-caution	0.7800135464589903	0.2800135464589905	0.0	1.5	0.5	0.5	0.0	0.0	0.0	2.0
C2	Non-Hodgkin lymphoma, all, excluding all cancers (controls excluding all cancers)	C3_NONHODGKIN_EXALLC	II Neoplasms, from cancer register (ICD-O-3)	Neoplasm	Complement/Coagulation	2.1537730900159864	0.0468095905956977					False	False	11	1	0	MHC-caution	0.7659330314532422	0.26593303145324215	0.0	1.5	0.5	0.5	0.0	0.0	0.0	2.0
C2	HSIL lesion of the cervix uteri, vagina or vulva	N14_FEMALE_GENITAL_HSIL	XIV Diseases of the genitourinary system (N14_)	Renal/Genitourinary	Complement/Coagulation	1.8153467052432235	0.049981054855117					False	False	11	1	0	MHC-caution	0.760238916456951	0.2602389164569511	0.0	1.5	0.5	0.5	0.0	0.0	0.0	2.0
CDKN1A	Other arrhythmias	I9_OTHARR	IX Diseases of the circulatory system (I9_)	Cardiovascular	Immune-cell-enriched	1.317916458874247	1.772190044400428e-06					False	False	3	0	0	MHC-caution	0.6502979415000816	1.1502979415000818	0.0	1.0	0.0	0.5	0.0	0.0	0.0	2.0
CDKN1A	Heart failure and bmi 25plus	I9_HEARTFAIL_AND_OVERWEIGHT	Cardiometabolic endpoints	Cardiovascular	Immune-cell-enriched	1.4511852581642026	4.872203975459481e-06					False	False	3	0	0	MHC-caution	0.5624549076398084	1.0624549076398084	0.0	1.0	0.0	0.5	0.0	0.0	0.0	2.0
CDKN1A	Non-ischemic cardiomyopathy	I9_NONISCHCARDMYOP	IX Diseases of the circulatory system (I9_)	Cardiovascular	Immune-cell-enriched	1.533372103643189	1.3667004360424985e-05					False	False	3	0	0	MHC-caution	0.47286533340402537	0.9728653334040255	0.0	1.0	0.0	0.5	0.0	0.0	0.0	2.0
ARG1	Other diseases of upper respiratory tract	J10_UPPERDIS	X Diseases of the respiratory system (J10_)	Respiratory	Immune-cell-enriched	0.95662733165133	0.0044236581866256					False	False	4	0	0	MHC-caution	0.4708436876154196	0.4708436876154196	0.0	1.5	0.0	0.5	0.0	0.0	0.0	2.0
CDKN1A	Atrial fibrillation and flutter	I9_AF	IX Diseases of the circulatory system (I9_)	Cardiovascular	Immune-cell-enriched	1.3317000490958273	1.937095211509674e-05					False	False	3	0	0	MHC-caution	0.4425698064894208	0.9425698064894208	0.0	1.0	0.0	0.5	0.0	0.0	0.0	2.0
ARG1	Chronic diseases of tonsils and adenoids	J10_CHRONTONSADEN	X Diseases of the respiratory system (J10_)	Respiratory	Immune-cell-enriched	0.9447588122622406	0.018598724123518					False	False	4	0	0	MHC-caution	0.34610336949105314	0.3461033694910532	0.0	1.5	0.0	0.5	0.0	0.0	0.0	2.0
CDKN1A	Ischaemic heart disease, wide definition	I9_IHD	IX Diseases of the circulatory system (I9_)	Cardiovascular	Immune-cell-enriched	1.1650943340111533	0.0195008098321893					False	True	3	0	0	MHC-caution	0.3419894705649513	0.3419894705649514	0.0	1.0	0.0	0.5	0.0	0.5	0.0	2.0
ARG1	Antihypertensive medication - note that there are other indications	RX_ANTIHYP	Drug purchase endpoints	Medication/Other	Immune-cell-enriched	0.9591037948154166	0.0220538515446857					False	False	4	0	0	MHC-caution	0.33130311064029483	0.3313031106402947	0.0	1.5	0.0	0.5	0.0	0.0	0.0	2.0
VNN2	Vitamin B12 deficiency anaemia	D3_ANAEMIA_B12_DEF	III Diseases of the blood and blood-forming organs and certain disorders involving the immune mechanism (D3_)	Haematological/Immune	Immune-cell-enriched	1.190148165570922	0.0001190814021085					False	False	2	1	0	MHC-caution	0.2848312120902494	0.7848312120902495	0.0	0.5	0.5	0.5	0.0	0.0	0.0	2.0
ARG1	Seborrhoeic keratosis	L12_SEBORRKERAT	XII Diseases of the skin and subcutaneous tissue (L12_)	Dermatological	Immune-cell-enriched	0.8819760793913499	0.0398045086850315					False	False	4	0	0	MHC-caution	0.28001354645899035	0.2800135464589905	0.0	1.5	0.0	0.5	0.0	0.0	0.0	2.0
CDKN1A	Atrial fibrillation and flutter with reimbursement	I9_AF_REIMB	IX Diseases of the circulatory system (I9_)	Cardiovascular	Immune-cell-enriched	1.3665542028025504	0.0002188610529453					False	False	3	0	0	MHC-caution	0.23196630314173428	0.7319663031417343	0.0	1.0	0.0	0.5	0.0	0.0	0.0	2.0
CDKN1A	Nonischemic cardiomyopathy	I9_NONISCHCARDMYOP_STRICT	IX Diseases of the circulatory system (I9_)	Cardiovascular	Immune-cell-enriched	2.6368864575668494	0.0002892979933419					False	False	3	0	0	MHC-caution	0.20773091574780533	0.7077309157478056	0.0	1.0	0.0	0.5	0.0	0.0	0.0	2.0
CDKN1A	Cardiomyopathy	I9_CARDMYO	IX Diseases of the circulatory system (I9_)	Cardiovascular	Immune-cell-enriched	1.654907097098001	0.0003974913250359					False	False	3	0	0	MHC-caution	0.1801344690141562	0.6801344690141564	0.0	1.0	0.0	0.5	0.0	0.0	0.0	2.0
CDKN1A	Cardiomyopathy (excluding other)	FG_CARDMYO	Cardiometabolic endpoints	Cardiovascular	Immune-cell-enriched	1.7512328442153282	0.0021003335919416					False	False	3	0	0	MHC-caution	0.03554234432621062	0.5355423443262108	0.0	1.0	0.0	0.5	0.0	0.0	0.0	2.0
CDKN1A	Atherosclerosis, excluding cerebral and coronary sclerosis	I9_ATHSCLE	IX Diseases of the circulatory system (I9_)	Cardiovascular	Immune-cell-enriched	1.3451179165730525	0.0030489026101652					False	False	3	0	0	MHC-caution	0.003171289580407688	0.5031712895804076	0.0	1.0	0.0	0.5	0.0	0.0	0.0	2.0
CDKN1A	Colorectal adenocarcinoma, excluding all cancers (controls excluding all cancers)	C3_COLORECTAL_ADENO_EXALLC	II Neoplasms, from cancer register (ICD-O-3)	Neoplasm	Immune-cell-enriched	0.6440231319253233	0.0031933904523887					False	False	3	0	0	MHC-caution	-0.0008504045002963867	0.49914959549970356	0.0	1.0	0.0	0.5	0.0	0.0	0.0	2.0
CRISP3	Depression or dysthymia	F5_DEPRESSION_DYSTHYMIA	V Mental and behavioural disorders (F5_)	Neurological/Psychiatric	Immune-cell-enriched	1.2354087985977176	0.0036284607017575		1.0811054601177894	0.1468071073494918	0.0268095504527424	False	False	2	1	0	MHC-caution	-0.011944484758568574	0.4880555152414313	0.0	0.5	0.5	0.5	0.0	0.0	0.0	2.0
CDKN1A	Coronary atherosclerosis	I9_CORATHER	IX Diseases of the circulatory system (I9_)	Cardiovascular	Immune-cell-enriched	1.2081661308661045	0.0037354379339553					False	False	3	0	0	MHC-caution	-0.014468304959918799	0.48553169504008115	0.0	1.0	0.0	0.5	0.0	0.0	0.0	2.0
PTK7	Pain (limb, back, neck, head abdominally)	PAIN	Miscellaneous, not yet classified endpoints	Other	Immune-cell-enriched	0.8778069901270941	0.0041479581095572					False	False	1	2	0	MHC-caution	-0.023566872355357482	0.47643312764464263	0.0	0.0	1.0	0.5	0.0	0.0	0.0	2.0
CDKN1A	Adenocarcinoma, papilloma adenocarcinoma and mucinous carcinomas of rectum, excluding all cancers (controls excluding all cancers)	C3_RECTUM_ADENO_MUCINO_EXALLC	II Neoplasms, from cancer register (ICD-O-3)	Neoplasm	Immune-cell-enriched	0.5421861835153309	0.0041479581095572					False	False	3	0	0	MHC-caution	-0.023566872355357482	0.47643312764464263	0.0	1.0	0.0	0.5	0.0	0.0	0.0	2.0
CDKN1A	Heart failure and coronary heart disease	I9_HEARTFAIL_AND_CHD	Cardiometabolic endpoints	Cardiovascular	Immune-cell-enriched	1.377208367533305	0.0052229308906952					False	False	3	0	0	MHC-caution	-0.04358285586667909	0.4564171441333208	0.0	1.0	0.0	0.5	0.0	0.0	0.0	2.0
CDKN1A	Angina pectoris	I9_ANGINA	IX Diseases of the circulatory system (I9_)	Cardiovascular	Immune-cell-enriched	1.2277158834934194	0.0104119402237655					False	False	3	0	0	MHC-caution	-0.1035063332212216	0.39649366677877845	0.0	1.0	0.0	0.5	0.0	0.0	0.0	2.0
CDKN1A	Malignant neoplasm of rectum, excluding all cancers (controls excluding all cancers)	C3_RECTUM_EXALLC	II Neoplasms, from cancer register (ICD-O-3)	Neoplasm	Immune-cell-enriched	0.607117013634193	0.0197991981441494					False	False	3	0	0	MHC-caution	-0.1593295203894487	0.34067047961055125	0.0	1.0	0.0	0.5	0.0	0.0	0.0	2.0
CDKN1A	Adenocarcinoma and papilloma adenocarcinoma of rectum	C3_RECTUM_ADENO	II Neoplasms, from cancer register (ICD-O-3)	Neoplasm	Immune-cell-enriched	0.5612874283099192	0.0218122478978276					False	False	3	0	0	MHC-caution	-0.16774008496641546	0.3322599150335845	0.0	1.0	0.0	0.5	0.0	0.0	0.0	2.0
VNN2	Major coronary heart disease event	I9_CHD	IX Diseases of the circulatory system (I9_)	Cardiovascular	Immune-cell-enriched	1.0454011597851285	0.024087697510785					False	False	2	1	0	MHC-caution	-0.17635905774851812	0.32364094225148193	0.0	0.5	0.5	0.5	0.0	0.0	0.0	2.0
CRISP3	Glaucoma	H7_GLAUCOMA	VII Diseases of the eye and adnexa (H7_)	Ophthalmological	Immune-cell-enriched	1.320205869625204	0.0302193921123628		0.8476982295857556	0.0352655289796155	0.0518572098195127	False	False	2	1	0	MHC-caution	-0.19605714478086766	0.3039428552191323	0.0	0.5	0.5	0.5	0.0	0.0	0.0	2.0
CDKN1A	Hard cardiovascular diseases	I9_CVD_HARD	Cardiometabolic endpoints	Cardiovascular	Immune-cell-enriched	1.1586603275289018	0.0369902020438578					False	False	3	0	0	MHC-caution	-0.21361734069558969	0.2863826593044102	0.0	1.0	0.0	0.5	0.0	0.0	0.0	2.0
PTK7	Other disorders of ear	H8_OTHEREAR	VIII Diseases of the ear and mastoid process (H8_)	Other	Immune-cell-enriched	0.8411667807725259	0.0398045086850315					False	False	1	2	0	MHC-caution	-0.21998645354100943	0.2800135464589905	0.0	0.0	1.0	0.5	0.0	0.0	0.0	2.0
CDKN1A	Coronary revascularization (ANGIO or CABG)	I9_REVASC	IX Diseases of the circulatory system (I9_)	Cardiovascular	Immune-cell-enriched	1.2606050353744231	0.0425234350718948					False	False	3	0	0	MHC-caution	-0.22572566797416327	0.2742743320258366	0.0	1.0	0.0	0.5	0.0	0.0	0.0	2.0
CRISP3	Disorders of eyelid, lacrimal system and orbit	H7_LIDLACRIMALORBIT	VII Diseases of the eye and adnexa (H7_)	Ophthalmological	Immune-cell-enriched	1.228558952875678	0.0446903123517461		1.0886135930706664	0.1603091520103536	0.0182698713263712	False	False	2	1	0	MHC-caution	-0.23004267801269696	0.26995732198730304	0.0	0.5	0.5	0.5	0.0	0.0	0.0	2.0
CDKN1A	Other heart diseases	FG_OTHHEART	Cardiometabolic endpoints	Cardiovascular	Immune-cell-enriched	1.168469082196994	0.0450351695696089					False	False	3	0	0	MHC-caution	-0.2307103604638372	0.2692896395361629	0.0	1.0	0.0	0.5	0.0	0.0	0.0	2.0
IGF2R	Statin medication	RX_STATIN	IX Diseases of the circulatory system (I9_)	Cardiovascular	Immune-cell-enriched	0.7504452690557104	0.0042793070417173		0.9867258990393916	0.150138158849667	5.01424770196496e-77	False	False	1	1	0	MHC-caution	-0.5262746896753607	0.47372531032463927	0.0	0.0	0.5	0.5	0.0	0.0	0.0	2.0
EDN1	Use of disulfiram, acamprosate or naltrexone	ALCO_PRESCRIPTION	Alcohol related diseases	Other	Immune-cell-enriched	2.581857793396398	0.0098795302783576					False	False	1	1	0	MHC-caution	-0.5989472593149594	0.40105274068504065	0.0	0.0	0.5	0.5	0.0	0.0	0.0	2.0
IGF2R	Coronary artery bypass grafting	I9_CABG	IX Diseases of the circulatory system (I9_)	Cardiovascular	Immune-cell-enriched	0.4716804886039671	0.0111265173394975		0.957188435657598	0.0890559990884554	1.6876068616709168e-51	False	False	1	1	0	MHC-caution	-0.6092718498134952	0.39072815018650464	0.0	0.0	0.5	0.5	0.0	0.0	0.0	2.0
RAB44	Ankylosing spondylitis	M13_ANKYLOSPON	XIII Diseases of the musculoskeletal system and connective tissue (M13_)	Musculoskeletal	Immune-cell-enriched	0.8122566172256516	0.0157498024239094					False	False	2	0	0	MHC-caution	-0.639455022015675	0.3605449779843251	0.0	0.5	0.0	0.5	0.0	0.0	0.0	2.0
RAB44	Leiomyoma of uterus	CD2_BENIGN_LEIOMYOMA_UTERI	II Neoplasms from hospital discharges (CD2_)	Neoplasm	Immune-cell-enriched	0.9336580590083906	0.0261026143615434					False	False	2	0	0	MHC-caution	-0.6833368014364745	0.3166631985635255	0.0	0.5	0.0	0.5	0.0	0.0	0.0	2.0
NT5E	Lower back pain or/and sciatica	M13_LOWBACKPAINORANDSCIATICA	XIII Diseases of the musculoskeletal system and connective tissue (M13_)	Musculoskeletal	Immune-cell-enriched	0.9521788913105232	0.0261026143615434		0.972196975192042	0.8778395615402199	0.0136704487921952	False	False	1	1	0	MHC-caution	-0.6833368014364745	0.3166631985635255	0.0	0.0	0.5	0.5	0.0	0.0	0.0	2.0
NT5E	Low back pain	M13_LOWBACKPAIN	XIII Diseases of the musculoskeletal system and connective tissue (M13_)	Musculoskeletal	Immune-cell-enriched	0.9450952875271084	0.0372517608001582		1.0540646891262366	0.8054998236460744	0.0078463159745791	False	False	1	1	0	MHC-caution	-0.7142293611227375	0.2857706388772624	0.0	0.0	0.5	0.5	0.0	0.0	0.0	2.0
