gene	acc	disease	disease_code	chr	rsid	pqtl_p	b_exp	b_out	se_out	MR_beta	MR_se	MR_p	OR	OR_l95	OR_u95	FDR
PVR	GCST90242302	Statin medication	RX_STATIN	19	rs77301115	0.0008912509381337	0.2729	0.152044	0.0164356	0.5571418101868817	0.06022572370831808	0.0	1.7456758900214875	1.5513094670394727	1.9643948404556297	0.0
IL18R1	GCST90241608	Dermatitis and eczema	L12_DERMATITISECZEMA	2	rs7597819	6.606934480075857e-121	0.6612	0.078392	0.00744356	0.11856019358741682	0.011257652752571084	0.0	1.125874642496067	1.1013042884745323	1.1509931668126434	0.0
IL18R1	GCST90241607	Dermatitis and eczema	L12_DERMATITISECZEMA	2	rs1558652	2.6302679918954777e-261	-0.8919	-0.0781133	0.0074393	0.08758078259894607	0.008340957506446912	0.0	1.0915304375470514	1.0738308688434097	1.1095217418874532	0.0
CFH	GCST90240779	Wet age-related macular degeneration	WET_AMD	1	rs2274700	1.584893192461124e-51	0.3665	-0.607265	0.0185965	-1.656930422919509	0.05074079126875852	0.0	0.19072352304778495	0.17266838498213824	0.21066660377649235	0.0
IL18R1	GCST90241608	Atopic dermatitis	L12_ATOPIC	2	rs7597819	6.606934480075857e-121	0.6612	0.13051	0.0105603	0.19738354506957045	0.01597141560798548	0.0	1.2182111900093993	1.1806670442266738	1.2569492057230653	0.0
PVR	GCST90242302	Any dementia (more control exclusions)	KRA_PSY_DEMENTIA_EXMORE	19	rs77301115	0.0008912509381337	0.2729	0.564042	0.0335532	2.066844998167827	0.12295053133015757	0.0	7.899859686935401	6.208143865112753	10.052567148769455	0.0
IL18R1	GCST90241607	Atopic dermatitis	L12_ATOPIC	2	rs1558652	2.6302679918954777e-261	-0.8919	-0.130385	0.010554	0.1461879134432111	0.011833165153044061	0.0	1.157413661203388	1.1308786644700772	1.1845712765020309	0.0
PVR	GCST90242302	Dementia in Alzheimer disease	F5_ALZHDEMENT	19	rs77301115	0.0008912509381337	0.2729	0.786906	0.0495522	2.883495786002199	0.1815764016123122	0.0	17.876657043221158	12.52348947427868	25.51803694148554	0.0
CFH	GCST90240779	Age-related macular degeneration (whether dry or wet)	H7_AMD	1	rs2274700	1.584893192461124e-51	0.3665	-0.586348	0.0140343	-1.5998581173260573	0.03829276944065484	0.0	0.20192516564474275	0.1873246735493857	0.21766365181950964	0.0
PVR	GCST90242302	Unspecific neurodegenerative disorder	G6_NEURODEGENERATIVE	19	rs77301115	0.0008912509381337	0.2729	0.677476	0.032906	2.48250641260535	0.12057896665445218	0.0	11.971231692999787	9.451482787837428	15.162741282447286	0.0
PVR	GCST90242302	Alzheimer disease	G6_ALZHEIMER	19	rs77301115	0.0008912509381337	0.2729	0.686995	0.0382748	2.517387321363137	0.1402521069989007	0.0	12.39616711702741	9.416779881302862	16.31820655576493	0.0
PVR	GCST90242302	Dementia, including avohilmo	F5_DEMENTIA_INCLAVO	19	rs77301115	0.0008912509381337	0.2729	0.591121	0.0300638	2.1660718211799197	0.11016416269695861	0.0	8.723947419219302	7.029742400712992	10.826464788465637	0.0
CFH	GCST90240779	Other retinal disorders	H7_RETINALDISOTH	1	rs2274700	1.584893192461124e-51	0.3665	-0.188118	0.00862003	-0.5132824010914052	0.02351986357435198	0.0	0.598527742849259	0.5715625609856175	0.6267650882214506	0.0
CFH	GCST90240779	Degeneration of macula and posterior pole	H7_MACULADEGEN	1	rs2274700	1.584893192461124e-51	0.3665	-0.328696	0.010723	-0.8968512960436562	0.029257844474761256	0.0	0.4078518447879851	0.38512139942586754	0.43192387528956894	0.0
CFH	GCST90240779	Disorders of choroid and retina	H7_CHOROIDRETINA	1	rs2274700	1.584893192461124e-51	0.3665	-0.135187	0.00741745	-0.3688594815825375	0.020238608458390178	0.0	0.6915225752813426	0.664628424819224	0.7195049959739676	0.0
CFH	GCST90240779	Moderate visual impairment, binocular	H7_MODVISIMPBINOC	1	rs2274700	1.584893192461124e-51	0.3665	-0.4188	0.0437881	-1.1427012278308322	0.11947639836289224	0.0	0.3189562835246764	0.2523659736482808	0.4031173827802076	0.0
PVR	GCST90242302	Alzheimer’s disease (Late onset) (more control exclusions)	AD_LO_EXMORE	19	rs77301115	0.0008912509381337	0.2729	0.780142	0.0499318	2.8587101502381826	0.18296738732136314	0.0	17.439018709456175	12.183640035074086	24.961290113075243	0.0
SELP	GCST90242187	Other and unspecified coagulation defects	D3_COAGDEFNAS	1	rs6136	3.019951720402044e-105	0.8073	-0.439692	0.0453903	-0.5446451133407655	0.05622482348569305	0.0	0.5800475979714939	0.5195221836795632	0.6476243488382442	0.0
CFH	GCST90240779	Dry age-related macular degeneration (includes geographic atrophy)	DRY_AMD	1	rs2274700	1.584893192461124e-51	0.3665	-0.604385	0.0165659	-1.6490723055934515	0.04520027285129605	0.0	0.19222815491302042	0.1759307476951499	0.21003527822943974	0.0
PVR	GCST90242302	Dementia	F5_DEMENTIA	19	rs77301115	0.0008912509381337	0.2729	0.603277	0.03094	2.2106156101135945	0.11337486258702822	0.0	9.121329847917037	7.303844690493415	11.391077127200212	0.0
KIAA0319	GCST90240986	Spondylopathies (FG)	SPONDYLOPATHY_FG	6	rs2799375	0.0021379620895022	0.0784	0.145305	0.0179643	1.8533801020408163	0.22913647959183672	4.440892098500626e-16	6.381352733272499	4.072563289368427	9.999025137988593	1.0002580774241886e-14
KIAA0319	GCST90240986	Ankylosing spondylitis	M13_ANKYLOSPON	6	rs2799375	0.0021379620895022	0.0784	0.177337	0.0229056	2.261951530612245	0.29216326530612247	9.769962616701378e-15	9.60180911897189	5.415750842663586	17.023445323756498	2.1005419625907962e-13
ASGR1	GCST90240343	Statin medication	RX_STATIN	17	rs12945299	0.0005128613839913	0.1093	0.042047	0.00561646	0.3846935041171089	0.051385727355901197	7.083222897108499e-14	1.4691639597227166	1.3284030127868371	1.6248402930221957	1.4566801871010087e-12
KIAA0319	GCST90240986	Spondyloarthritis	SPONDYLOARTHRITIS	6	rs2799375	0.0021379620895022	0.0784	0.109507	0.0155249	1.3967729591836735	0.1980216836734694	1.7430501486614958e-12	4.042134763343977	2.7418982134846854	5.958956960794245	3.435261334653698e-11
CFH	GCST90240779	Diabetic retinopathy	DM_RETINOPATHY	1	rs2274700	1.584893192461124e-51	0.3665	-0.0944415	0.0134621	-0.25768485675306957	0.03673151432469304	2.2934987242706484e-12	0.7728387486462183	0.7191548147992755	0.8305301155158924	4.3392995863200666e-11
CFH	GCST90240779	Visual impairment including blindness (binocular or monocular)	H7_BLINDANDVISIMPAIRMENT	1	rs2274700	1.584893192461124e-51	0.3665	-0.19973	0.0288368	-0.5449658935879945	0.07868158253751706	4.3223202794706594e-12	0.5798615599998604	0.49699177845742076	0.6765492777548607	7.863298046883162e-11
CFH	GCST90240779	Diabetic retinopathy (more control exclusions)	DM_RETINOPATHY_EXMORE	1	rs2274700	1.584893192461124e-51	0.3665	-0.0952431	0.0139708	-0.25987203274215553	0.03811950886766712	9.277023593767808e-12	0.771150261474151	0.7156341043227119	0.8309731497976326	1.6251970962415456e-10
SERPING1	GCST90242274	Chronic lower respiratory diseases	J10_LOWCHRON	11	rs11229075	1.0964781961432008e-119	0.6019	-0.0375636	0.00570834	-0.06240837348396744	0.009483867752118293	4.689404420332721e-11	0.9394991419030402	0.9221966846337082	0.9571262316857454	7.921743895776347e-10
IL1RL1	GCST90241581	Dermatitis and eczema	L12_DERMATITISECZEMA	2	rs11465729	1.0715193052376091e-205	-0.6744	-0.0387411	0.00592766	0.0574452846975089	0.008789531435349942	6.333467084118638e-11	1.0591273185977008	1.0410374906779785	1.077531488582042	1.0330103209614193e-09
SERPING1	GCST90242274	Asthma (more control exclusions)	J10_ASTHMA_EXMORE	11	rs11229075	1.0964781961432008e-119	0.6019	-0.0461369	0.00711859	-0.07665210167801961	0.011826864927728858	9.100498132852408e-11	0.9262120251711277	0.904988758472807	0.9479330074986547	1.4348452056130632e-09
ASGR1	GCST90240343	Disorders of lipoprotein metabolism and other lipidaemias	E4_LIPOPROT	17	rs12945299	0.0005128613839913	0.1093	0.048145	0.00749732	0.44048490393412626	0.06859396157365051	1.348245959320593e-10	1.553460314925089	1.3580376308551916	1.777004477061123	2.0571623830923885e-09
SERPING1	GCST90242274	Asthma/COPD (KELA code 203)	J10_ASTHMACOPDKELA	11	rs11229075	1.0964781961432008e-119	0.6019	-0.0428472	0.00683177	-0.07118657584316332	0.011350340588137565	3.569968765049225e-10	0.9312881200510339	0.9107988172328273	0.9522383496096282	5.276860080838386e-09
SERPING1	GCST90242274	Asthma-related infections	ASTHMA_INFECTIONS	11	rs11229075	1.0964781961432008e-119	0.6019	-0.0562007	0.00903484	-0.09337215484299717	0.01501053331118126	4.957556587470435e-10	0.9108544583140687	0.8844469008569936	0.9380504849151625	7.105831108707624e-09
MXRA8	GCST90241896	Hernia	K11_HERNIA	1	rs2296471	3.162277660168379e-07	-0.245	0.0535199	0.00886584	-0.21844857142857144	0.03618710204081633	1.5735452940646155e-09	0.803764814857929	0.7487311602822974	0.8628435837504378	2.1890791885075387e-08
TNFSF14	GCST90243143	MS-disease / Multiple Sclerosis	G6_MS	19	rs2291668	2.8840315031266057e-07	0.1717	-0.182491	0.0306068	-1.062847990681421	0.17825742574257428	2.4850927982100757e-09	0.34547051113815597	0.24359883023792972	0.489944364467951	3.353336413352364e-08
SERPING1	GCST90242274	Asthma, unspecified (mode)	ASTHMA_NAS	11	rs11229075	1.0964781961432008e-119	0.6019	-0.0556888	0.0093476	-0.09252168134241567	0.015530154510716064	2.560464507084248e-09	0.9116294454000285	0.8842983403623756	0.9398052758753355	3.353336413352364e-08
IL1RL1	GCST90241581	Atopic dermatitis	L12_ATOPIC	2	rs11465729	1.0715193052376091e-205	-0.6744	-0.050577	0.0084952	0.07499555160142349	0.01259667852906287	2.6231172789437096e-09	1.0778793560369737	1.0515928994218844	1.1048228899314523	3.353336413352364e-08
MXRA8	GCST90241896	Hernia of abdominal wall	ABDOM_HERNIA	1	rs2296471	3.162277660168379e-07	-0.245	0.0880761	0.0148239	-0.35949428571428577	0.06050571428571428	2.824375844312499e-09	0.698029240185263	0.6199691962070487	0.7859177893588318	3.515604669367926e-08
IL18R1	GCST90241608	Lichen ruber planus, wide definition including periferal and oral lichen planus	K11_LICHEN_PLANUS_WIDE	2	rs7597819	6.606934480075857e-121	0.6612	0.115189	0.0194031	0.17421203871748336	0.029345281306715064	2.9094255893369336e-09	1.1903079304308617	1.123776948469135	1.26077774702238	3.5286110352727427e-08
IL2RB	GCST90241613	Nasal polyp	J10_NASALPOLYP	22	rs2543537	7.943282347242822e-06	0.1151	-0.0928763	0.0156564	-0.8069183318853171	0.13602432667245876	2.9897155862101954e-09	0.44623108564968045	0.34180119498182154	0.5825672488087195	3.535338680693556e-08
IL18R1	GCST90241607	Lichen ruber planus, wide definition including periferal and oral lichen planus	K11_LICHEN_PLANUS_WIDE	2	rs1558652	2.6302679918954777e-261	-0.8919	-0.114748	0.0193934	0.1286556788877677	0.021743917479538067	3.2814915229550934e-09	1.1372984608696435	1.0898473064777308	1.1868156038085227	3.785720708189657e-08
LIF	GCST90241786	Tonsillectomy and adenotomy	J10_TONSILLECTOMY	22	rs715605	0.0019952623149688	-0.1404	0.0809536	0.0137143	-0.5765925925925927	0.09768019943019944	3.5725231661842827e-09	0.5618094224309745	0.4639187807911571	0.680355786833973	4.0233415657265847e-08
CTSH	GCST90240624	Type1 diabetes, definitions combined, early onset	T1D_EARLY	15	rs34593439	2.6915348039269578e-241	-1.147	-0.248893	0.0424315	0.2169947689625109	0.03699346120313862	4.470797954070349e-09	1.242337603406189	1.1554473500008933	1.335762049941817	4.917877749477384e-08
SPINK8	GCST90242766	Antihypertensive medication - note that there are other indications	RX_ANTIHYP	3	rs4858879	0.0004897788193684	0.0966	-0.034284	0.0059013	-0.35490683229813663	0.061090062111801235	6.2634479824907885e-09	0.7012387729701484	0.622106888815147	0.7904362185302755	6.733206581177598e-08
SERPING1	GCST90242274	Asthma (only as main-diagnosis) (more control exclusions)	J10_ASTHMA_MAIN_EXMORE	11	rs11229075	1.0964781961432008e-119	0.6019	-0.0449287	0.00778378	-0.07464479149360359	0.01293201528493105	7.829300319173171e-09	0.9280730872417091	0.9048450716789996	0.9518973824592112	8.099478611954958e-08
LIF	GCST90241786	Chronic diseases of tonsils and adenoids	J10_CHRONTONSADEN	22	rs715605	0.0019952623149688	-0.1404	0.0647295	0.0112162	-0.4610363247863248	0.0798874643874644	7.876871377376915e-09	0.6306297694903674	0.5392285591598578	0.7375238188183112	8.099478611954958e-08
SERPING1	GCST90242274	Asthma-related pneumonia	ASTHMA_PNEUMONIA	11	rs11229075	1.0964781961432008e-119	0.6019	-0.0686277	0.0120489	-0.11401844160159495	0.02001810932048513	1.2282012740172377e-08	0.8922415013683903	0.8579118395593613	0.9279448773815823	1.2360408566173477e-07
TNFSF12	GCST90243141	Hypertension	I9_HYPTENS	17	rs9905587	2.238721138568347e-48	0.3942	0.0335834	0.00591507	0.08519381024860477	0.01500525114155251	1.365978663514511e-08	1.0889280916724966	1.0573687576667248	1.1214293785737612	1.3460581413382577e-07
SWAP70	GCST90242931	Autoimmune diseases	AUTOIMMUNE	11	rs34552339	2.344228815319928e-24	0.2622	-0.0307936	0.00549681	-0.11744317315026698	0.020964187643020597	2.1178794717968685e-08	0.8891910402363745	0.8533948175715503	0.9264887596652825	2.0444020207345283e-07
IL4	GCST90241639	Dermatitis and eczema	L12_DERMATITISECZEMA	5	rs62384157	0.0011481536214968	-0.1068	-0.0406842	0.00730927	0.38093820224719094	0.06843885767790261	2.6048901258235446e-08	1.4636571518919754	1.2799205954447543	1.673769658765521	2.464226059029073e-07
SWAP70	GCST90242931	Hypertension	I9_HYPTENS	11	rs34552339	2.344228815319928e-24	0.2622	-0.032183	0.0058654	-0.12274218154080856	0.022369946605644547	4.089945782048687e-08	0.8844916714470081	0.8465489295551534	0.9241350258043803	3.793224225311822e-07
SWAP70	GCST90242931	Hypertension, essential	I9_HYPTENSESS	11	rs34552339	2.344228815319928e-24	0.2622	-0.0333115	0.00616794	-0.12704614797864228	0.02352379862700229	6.636297333884045e-08	0.880693029456251	0.8410091044811655	0.9222494833885584	6.036478151782987e-07
ASGR1	GCST90240343	Metabolic disorders	E4_METABOLIA	17	rs12945299	0.0005128613839913	0.1093	0.0347854	0.00653404	0.318256175663312	0.0597807868252516	1.0166631181363073e-07	1.3747283880791605	1.222729718473245	1.5456221538072317	9.07323877129195e-07
SWAP70	GCST90242931	Antihypertensive medication - note that there are other indications	RX_ANTIHYP	11	rs34552339	2.344228815319928e-24	0.2622	-0.0293413	0.00556931	-0.11190427154843631	0.021240694126620902	1.3762508332959555e-07	0.8941298470693703	0.857669860050262	0.9321397668952063	1.205493785461087e-06
LILRB2	GCST90241794	Asthma/COPD (KELA code 203)	J10_ASTHMACOPDKELA	19	rs380573	5.248074602497712e-142	0.7094	-0.0424538	0.00820485	-0.059844657457005915	0.011565900761206652	2.288499425517898e-07	0.9419108410453897	0.9207987096152583	0.963507032768904	1.9681095059453924e-06
TNFSF12	GCST90243141	Other disorders of eyelid	H7_EYELIDDIS	17	rs9905587	2.238721138568347e-48	0.3942	0.0620963	0.0121066	0.15752486047691527	0.030711821410451548	2.910875094297438e-07	1.1706098595393428	1.102223706422614	1.2432389498301262	2.458649856433372e-06
SERPING1	GCST90242274	Obesity related asthma	ASTHMA_OBESITY	11	rs11229075	1.0964781961432008e-119	0.6019	-0.0650727	0.012712	-0.10811214487456387	0.021119787340089714	3.071635488183233e-07	0.8975269377405117	0.8611324720206192	0.9354595606871645	2.548918571773104e-06
SWAP70	GCST90242931	Diseases of arteries, arterioles and capillaries (FINNGEN)	FG_DOAAC	11	rs34552339	2.344228815319928e-24	0.2622	-0.0644989	0.0126456	-0.24599122807017546	0.048228832951945085	3.3875494631629977e-07	0.7819290839224459	0.7114004829068744	0.8594499258497581	2.7626049932346517e-06
SWAP70	GCST90242931	Autoimmune diseases excluding thyroid diseases	AUTOIMMUNE_NONTHYROID	11	rs34552339	2.344228815319928e-24	0.2622	-0.0350183	0.00687156	-0.1335556826849733	0.026207322654462243	3.4668391224457196e-07	0.8749787464552317	0.831169083350723	0.9210975505272955	2.7700898251955174e-06
CFH	GCST90240779	Senile cataract	H7_CATARACTSENILE	1	rs2274700	1.584893192461124e-51	0.3665	-0.0342706	0.00672821	-0.09350777626193724	0.01835800818553888	3.5138560150471676e-07	0.9107309353163557	0.8785438374086041	0.9440972678025196	2.7700898251955174e-06
PILRA	GCST90242193	Antihypertensive medication - note that there are other indications	RX_ANTIHYP	7	rs2293479	0.0003311311214825	-0.0973	-0.0258808	0.00511682	0.26598972250770814	0.05258807810894142	4.237092365855233e-07	1.3047216493513265	1.1769391049324573	1.4463777906196245	3.2854830968025004e-06
PILRA	GCST90242193	Statin medication	RX_STATIN	7	rs2293479	0.0003311311214825	-0.0973	-0.0264926	0.00524507	0.2722774922918808	0.05390616649537513	4.3961213957999234e-07	1.3129512846269635	1.1813069448696574	1.4592660131984565	3.353815193892522e-06
TNFSF14	GCST90243143	Disorders of the thyroid gland	E4_THYROID	19	rs2291668	2.8840315031266057e-07	0.1717	-0.0333226	0.00660185	-0.19407454863133375	0.03844991263832266	4.4771317231351304e-07	0.8235965039878083	0.763809873544701	0.8880628869498931	3.361402071496693e-06
RELB	GCST90243044	Dementia	F5_DEMENTIA	19	rs184148878	0.0016595869074375	-0.3366	-0.241603	0.0480328	0.717774806892454	0.14269994058229352	4.905855102155243e-07	2.0498667825000814	1.5497334111793115	2.711404294238998	3.6257335364366094e-06
CTSH	GCST90240624	Type 1 diabetes, definitions combined	T1D	15	rs34593439	2.6915348039269578e-241	-1.147	-0.168071	0.0336659	0.14653095030514385	0.0293512641673932	5.965780762728912e-07	1.1578107648603875	1.0930833590120963	1.2263710321581804	4.341252770416577e-06
TNFSF12	GCST90243141	Hypertension, essential	I9_HYPTENSESS	17	rs9905587	2.238721138568347e-48	0.3942	0.0307964	0.0062197	0.07812379502790462	0.015778031456113648	7.367067758057289e-07	1.0812565045643387	1.0483304524015848	1.1152167009785934	5.27973189327439e-06
FCRL3	GCST90241152	Thyrotoxicosis	THYROTOXICOSIS	1	rs7528684	1.3803842646028864e-112	-0.5253	-0.0677927	0.0138643	0.12905520654863886	0.026393108699790595	1.009737748969286e-06	1.1377529338446442	1.0803928375775496	1.1981583859576248	7.128447093469736e-06
IL4	GCST90241639	Atopic dermatitis	L12_ATOPIC	5	rs62384157	0.0011481536214968	-0.1068	-0.0502264	0.0104425	0.4702846441947565	0.09777621722846441	1.510767908552424e-06	1.600449687099873	1.321335884338047	1.9385223933589695	1.0508723834489656e-05
SERPING1	GCST90242274	Obesity	E4_OBESITY	11	rs11229075	1.0964781961432008e-119	0.6019	-0.0427329	0.00903128	-0.0709966771889018	0.015004618707426481	2.2269681561049026e-06	0.931464987204647	0.9044703729467377	0.959265276497062	1.5266028084603175e-05
FCRL3	GCST90241152	Thyrotoxicosis with diffuse goitre	E4_THYTOXGOITDIF	1	rs7528684	1.3803842646028864e-112	-0.5253	-0.0862906	0.018683	0.16426917951646677	0.0355663430420712	3.862086538797271e-06	1.1785315089414812	1.0991741742345245	1.2636182236861173	2.609667046930156e-05
PDCD1LG2	GCST90242384	Polycythaemia vera	POLYCYTVERA	9	rs16923189	7.94328234724279e-51	-0.3879	-0.206017	0.0446338	0.5311085331270946	0.11506522299561743	3.917400233754975e-06	1.7008166756119971	1.3574130185711342	2.131095933561103	2.6097610007973283e-05
BMP6	GCST90240458	Hernia	K11_HERNIA	6	rs6597292	0.0004073802778041	0.0924	-0.0289938	0.00633684	-0.3137857142857143	0.06858051948051948	4.75231332286441e-06	0.7306755847244919	0.6387746594176213	0.8357983558697043	3.1220058357150915e-05
LILRB2	GCST90241794	Chronic lower respiratory diseases	J10_LOWCHRON	19	rs380573	5.248074602497712e-142	0.7094	-0.0310073	0.00681793	-0.04370919086552016	0.009610840146602762	5.4182504289901345e-06	0.9572322888938547	0.9393694397825938	0.9754348141376983	3.489968369458858e-05
SERPING1	GCST90242274	Asthma-related acute respiratory infections	ASTHMA_ACUTE_RESPIRATORY_INFECTIONS	11	rs11229075	1.0964781961432008e-119	0.6019	-0.0475701	0.0104635	-0.07903322811098189	0.017384116962950658	5.459992797884894e-06	0.9240092208540397	0.8930559042171192	0.9560353794108232	3.489968369458858e-05
GZMB	GCST90241325	Asthma-related infections	ASTHMA_INFECTIONS	14	rs6573911	0.0	-0.9772	-0.0473713	0.0104578	0.0484765656979124	0.010701801064265248	5.905137074879718e-06	1.0496707732301085	1.0278826795942901	1.0719207104534367	3.7241731152241424e-05
IL1RL1	GCST90241581	Papulosquamous disorders	L12_PAPULOSQUAMOUS	2	rs11465729	1.0715193052376091e-205	-0.6744	-0.0484981	0.0107899	0.07191295966785291	0.015999258600237248	6.964575433698883e-06	1.0745618097764094	1.0413879730082556	1.108792412586081	4.322801153363745e-05
GZMB	GCST90241324	Asthma-related infections	ASTHMA_INFECTIONS	14	rs8192917	7.2443596007498905e-124	-0.6688	0.0469657	0.0104541	-0.07022383373205741	0.01563113038277512	7.037118156638655e-06	0.9321851420729318	0.9040588245679444	0.9611865019035879	4.322801153363745e-05
CFH	GCST90240779	Macular pucker	MACULAR_PUCKER	1	rs2274700	1.584893192461124e-51	0.3665	-0.0904816	0.0202072	-0.24688021828103682	0.055135607094133704	7.545466738090312e-06	0.7812342655103941	0.7012113018570425	0.8703895330711506	4.575648419380407e-05
SERPING1	GCST90242274	Obesity due to excess calories	E4_OBESITYCAL	11	rs11229075	1.0964781961432008e-119	0.6019	-0.0470304	0.0105807	-0.07813656753613557	0.017578833693304537	8.792322818251819e-06	0.9248381150560138	0.8935159605611778	0.9572582660114639	5.264264168396342e-05
TGFB2	GCST90243060	Hallux valgus (acquired)	M13_HALLUXVALGUS	1	rs12026169	2.818382931264455e-05	0.1773	0.0727363	0.0164796	0.41024421883812745	0.09294754653130287	1.016105029361114e-05	1.5071858233407085	1.256169520684967	1.8083619039256273	6.007720986097587e-05
SWAP70	GCST90242931	Rheumatoid arthritis	M13_RHEUMA	11	rs34552339	2.344228815319928e-24	0.2622	-0.0605446	0.0137425	-0.23090999237223495	0.05241228070175439	1.0546873683736635e-05	0.7938109118569303	0.7163129958155997	0.8796933288438437	6.158853398033862e-05
RELB	GCST90243044	Unspecific neurodegenerative disorder	G6_NEURODEGENERATIVE	19	rs184148878	0.0016595869074375	-0.3366	-0.228034	0.0520242	0.6774628639334521	0.15455793226381462	1.1693289908132343e-05	1.9688760834597863	1.4543067355985555	2.665512671523515	6.745031861642193e-05
TNFSF12	GCST90243141	Blepharochalasis	H7_BLEPHAROCHALASIS	17	rs9905587	2.238721138568347e-48	0.3942	0.0673576	0.0154275	0.17087163876204972	0.039136225266362255	1.2649988787583055e-05	1.1863384593746036	1.0987406246509734	1.2809200903428717	7.208969513887693e-05
PDCD1LG2	GCST90242384	Myeloproliferative diseases (CML excluded)	MYELOPROF_NONCML	9	rs16923189	7.94328234724279e-51	-0.3879	-0.130353	0.02994	0.33604795050270686	0.07718484145398298	1.3379313188233155e-05	1.3994061254293688	1.202936512460527	1.627964139091255	7.496944187083066e-05
RELB	GCST90243044	Dementia, including avohilmo	F5_DEMENTIA_INCLAVO	19	rs184148878	0.0016595869074375	-0.3366	-0.200567	0.0460831	0.5958615567439096	0.136907605466429	1.3472309849937858e-05	1.814593647079315	1.3875264784580168	2.3731079407435183	7.496944187083066e-05
DAPK2	GCST90240877	Primary angle-closure glaucoma	H7_GLAUCCLOSEPRIM	15	rs11636342	4.570881896148752e-06	-0.1651	-0.240278	0.0553414	1.4553482737734706	0.3351992731677771	1.4135840531004362e-05	4.285975898698622	2.221888918657714	8.267555254437688	7.774712292052399e-05
TGFB2	GCST90243060	Acne	L12_ACNE	1	rs12026169	2.818382931264455e-05	0.1773	0.133003	0.0308652	0.7501579244218838	0.1740846023688663	1.6387782833415798e-05	2.117334369016936	1.505239623469181	2.9783329911871252	8.909679632420313e-05
SERPING1	GCST90242274	Depression or dysthymia	F5_DEPRESSION_DYSTHYMIA	11	rs11229075	1.0964781961432008e-119	0.6019	-0.0290541	0.006753	-0.0482706429639475	0.011219471673035388	1.6895874666911226e-05	0.9528758630285705	0.93215067636602	0.9740618479001317	9.081532633464784e-05
IL1RL1	GCST90241581	Lichen ruber planus, wide definition including periferal and oral lichen planus	K11_LICHEN_PLANUS_WIDE	2	rs11465729	1.0715193052376091e-205	-0.6744	-0.0663778	0.0156228	0.09842497034400949	0.02316548042704626	2.149403412543549e-05	1.1034316111942606	1.0544513968639104	1.1546870004667487	0.0001142323386666403
CFH	GCST90240779	Gonarthrosis, primary, with knee surgery	M13_ARTHROSIS_KNEE_PRIM_KNEESURG	1	rs2274700	1.584893192461124e-51	0.3665	0.0397689	0.00946611	0.10850995907230561	0.025828403819918144	2.6551894042992075e-05	1.1146160090244928	1.0595944998102653	1.1724946173240338	0.00013954495424816946
SERPING1	GCST90242274	Nontoxic goitre/thyroid nodule	E4_NONTOXIC_THYROID	11	rs11229075	1.0964781961432008e-119	0.6019	0.0581359	0.014088	0.09658730686160491	0.023405881375643794	3.681251518283801e-05	1.101405737224461	1.052019635815667	1.1531102240790445	0.00019134417232398218
IL4	GCST90241639	Pustulosis palmaris et plantaris	L12_PSORI_PUSTUPALM	5	rs62384157	0.0011481536214968	-0.1068	-0.178529	0.0433893	1.6716198501872657	0.4062668539325842	3.8787517628424695e-05	5.320779686284234	2.399683410784024	11.797679786737074	0.00019941843302440088
HGF	GCST90241397	Other obstructive and reflux uropathy	N14_OBSTRUREFLUROPATH	7	rs5745695	1.1748975549395303e-11	0.1942	-0.155064	0.0377346	-0.798475798146241	0.194307929969104	3.968052307756764e-05	0.45001435436112575	0.30748796187198074	0.6586043820973223	0.00020181599371709132
SATB1	GCST90240942	Dermatitis and eczema	L12_DERMATITISECZEMA	3	rs11717353	0.0061659500186148	-0.2864	0.0545085	0.0134743	-0.1903229748603352	0.04704713687150838	5.224102900891481e-05	0.826692090059126	0.7538699822868894	0.9065486460850313	0.00026287241192783726
SWAP70	GCST90242931	Pregnancy hypertension	O15_HYPTENSPREG	11	rs34552339	2.344228815319928e-24	0.2622	-0.0491717	0.0122155	-0.18753508771929825	0.0465884820747521	5.6889901616896665e-05	0.8290000299497344	0.7566545181698576	0.9082626656600301	0.00028325182594518024
PILRA	GCST90242193	Unspecific neurodegenerative disorder	G6_NEURODEGENERATIVE	7	rs2293479	0.0003311311214825	-0.0973	0.0473987	0.0118971	-0.4871397738951696	0.12227235354573485	6.774919946517244e-05	0.6143811524960451	0.48345666933919906	0.7807611818827451	0.0003338059515315267
CD84	GCST90242830	Other diseases of anus and rectum	K11_OTHANRECT	1	rs6700440	0.0004786300923226	0.1712	0.0956698	0.0241605	0.5588189252336448	0.1411244158878505	7.502488268329444e-05	1.7486060457407298	1.3260638860042457	2.3057886844459627	0.00036584298463091
CFH	GCST90240779	Degenerative macular diseases	MACULA_NAS	1	rs2274700	1.584893192461124e-51	0.3665	-0.0845831	0.0214984	-0.23078608458390176	0.05865866302864939	8.340809467788368e-05	0.79390927730537	0.7076843881547501	0.8906398828932599	0.0004025717222718264
IL4R	GCST90241640	Asthma-related acute respiratory infections	ASTHMA_ACUTE_RESPIRATORY_INFECTIONS	16	rs62029122	0.0014125375446227	-0.1417	0.0512679	0.0131455	-0.3618059280169372	0.09276993648553282	9.617908809689268e-05	0.6964175098548848	0.5806338057590142	0.835289546047843	0.000459522309796265
TGFB2	GCST90243060	Other hammer toe(s) (acquired)	M13_HAMMERTOE	1	rs12026169	2.818382931264455e-05	0.1773	0.0970943	0.0251365	0.5476271855611956	0.14177382966723068	0.00011214906637868616	1.7291452055460257	1.3096376284112505	2.2830308758690534	0.0005304650839711855
SPINK8	GCST90242766	Type 2 diabetes, wide definition	T2D_WIDE	3	rs4858879	0.0004897788193684	0.0966	-0.033229	0.00862628	-0.34398550724637683	0.08929896480331262	0.00011712543664965658	0.7089392024562533	0.5951085350273362	0.8445430760898462	0.0005485181340127482
KIAA0319	GCST90240986	Reimbursement for rheumatic diseases	K11_REIMB_202	6	rs2799375	0.0021379620895022	0.0784	0.0325695	0.00857469	0.41542729591836736	0.10937104591836734	0.00014567444608526436	1.5150179633964032	1.2226981876547085	1.8772248561326694	0.0006755295391993141
BMP6	GCST90240458	Inguinal hernia	K11_HERING	6	rs6597292	0.0004073802778041	0.0924	-0.0308927	0.00816692	-0.33433658008658007	0.08838658008658008	0.0001551598876079474	0.7158128133381301	0.6019539828423335	0.851207896855557	0.0007061051793412701
IL4R	GCST90241640	Asthma-related infections	ASTHMA_INFECTIONS	16	rs62029122	0.0014125375446227	-0.1417	0.0430552	0.0113827	-0.30384756527875795	0.08032956951305577	0.00015525357008772112	0.7379733506391142	0.6304675944270973	0.8638107193255513	0.0007061051793412701
SERPING1	GCST90242274	Thyrotoxicosis	THYROTOXICOSIS	11	rs11229075	1.0964781961432008e-119	0.6019	0.0563317	0.0150569	0.09358979896992856	0.02501561721216149	0.00018310373726304618	1.098109207989682	1.0455668611806956	1.1532919389870868	0.0008248387402421033
LIF	GCST90241786	Autoimmune diseases	AUTOIMMUNE	22	rs715605	0.0019952623149688	-0.1404	0.0299624	0.00808627	-0.2134074074074074	0.05759451566951567	0.000211105265920164	0.8078269554799367	0.7215939761906524	0.9043650744495187	0.0009420074601909203
IL2RB	GCST90241613	Chronic sinusitis	J10_CHRONSINUSITIS	22	rs2543537	7.943282347242822e-06	0.1151	-0.0364814	0.00988404	-0.31695395308427454	0.0858735013032146	0.00022342671627528787	0.7283642932827616	0.6155334334640841	0.8618777062095231	0.0009876713719458986
IL1RL1	GCST90241581	Dermatitis	L12_DERMATITISNAS	2	rs11465729	1.0715193052376091e-205	-0.6744	-0.0292177	0.00837913	0.04332399169632266	0.012424569988137605	0.0004885424904270685	1.0442761768573423	1.019152943280884	1.0700187255910578	0.002139635166407439
SWAP70	GCST90242931	Cardiovascular diseases (excluding rheumatic etc)	FG_CVD	11	rs34552339	2.344228815319928e-24	0.2622	-0.0199341	0.0057362	-0.07602631578947369	0.02187719298245614	0.0005105861629570718	0.9267918169801266	0.8878916013126174	0.9673963249021651	0.002215662890630229
SPINK8	GCST90242766	Hypertension	I9_HYPTENS	3	rs4858879	0.0004897788193684	0.0966	-0.0215554	0.0062177	-0.22314078674948237	0.06436542443064182	0.0005267321840882744	0.8000022116548391	0.7051836464781277	0.9075700235661726	0.002260565122057051
IL1RL1	GCST90241581	Allergic conjunctivitis	H7_ALLERGICCONJUNCTIVITIS	2	rs11465729	1.0715193052376091e-205	-0.6744	-0.0296803	0.00857102	0.04400993475682088	0.012709104389086597	0.0005344530398896374	1.0449927365855913	1.0192836637710583	1.0713502612967611	0.002260565122057051
LIF	GCST90241786	Hypothyroidism, strict autoimmune	E4_HYTHY_AI_STRICT	22	rs715605	0.0019952623149688	-0.1404	0.0407666	0.0117739	-0.2903603988603989	0.08385968660968661	0.000535271233975454	0.7479939428306762	0.6346222210461604	0.8816188906670589	0.002260565122057051
CSF2RB	GCST90240859	Dermatitis	L12_DERMATITISNAS	22	rs1534881	2.6302679918953924e-38	-0.3158	0.0291695	0.00853853	-0.09236700443318556	0.02703777707409753	0.0006349684274020717	0.9117704643309112	0.8647100353490729	0.9613920801677868	0.0026578766916918574
IL4R	GCST90241640	Asthma (more control exclusions)	J10_ASTHMA_EXMORE	16	rs62029122	0.0014125375446227	-0.1417	0.0304693	0.00897497	-0.21502681721947778	0.06333782639378971	0.0006864880052281919	0.8065198112685226	0.712362080395585	0.9131230084669801	0.0028483230392362694
IL12RB1	GCST90241590	Disorders of the thyroid gland	E4_THYROID	19	rs17879486	4.786300923226381e-05	-0.1079	-0.0211638	0.00625065	0.1961427247451344	0.05793002780352178	0.0007095664040290828	1.2167005462179599	1.0861071378144163	1.3629964923589628	0.002918477470484836
IL4R	GCST90241640	Asthma (only as main-diagnosis) (more control exclusions)	J10_ASTHMA_MAIN_EXMORE	16	rs62029122	0.0014125375446227	-0.1417	0.0323932	0.00980646	-0.22860409315455185	0.06920578687367678	0.0009557076095032535	0.7956434718548995	0.6947192753138056	0.9112292645390749	0.003896980166336542
PILRA	GCST90242193	COPD	J10_COPD	7	rs2293479	0.0003311311214825	-0.0973	-0.0341346	0.0104221	0.35081808838643375	0.10711305241521069	0.0010558224118151216	1.4202289462725293	1.151282462329028	1.7520029409202627	0.004268410263150021
BMP6	GCST90240458	Meniscus derangement	M13_MENISCUSDERANGEMENTS	6	rs6597292	0.0004073802778041	0.0924	-0.0295772	0.00913388	-0.3200995670995671	0.09885151515151516	0.00120292464419669	0.7260767401194748	0.5981889908223768	0.8813058090851152	0.004821892853432495
IL1RL1	GCST90241581	Conjunctivitis	H7_CONJUNCTIVITIS	2	rs11465729	1.0715193052376091e-205	-0.6744	-0.0238182	0.00738295	0.03531761565836299	0.010947434756820877	0.0012548564323164868	1.0359486900772843	1.013957147608639	1.0584172033343802	0.004987790693157128
SPINK8	GCST90242766	Hypertension, essential	I9_HYPTENSESS	3	rs4858879	0.0004897788193684	0.0966	-0.0208867	0.00653524	-0.2162184265010352	0.06765258799171843	0.0013934172011857981	0.8055593271502021	0.7055218769942971	0.9197813005080375	0.005492386134674021
IL6ST	GCST90241649	Other (seronegative) rheumatoid arthritis, wide	RHEUMA_OTHER_WIDE	5	rs3842913	1.3489628825916533e-07	-0.3475	0.102192	0.0330461	-0.29407769784172666	0.09509669064748202	0.001985402500822353	0.7452185873179558	0.6184943566083458	0.8979075345643596	0.007761118866851016
BMP6	GCST90240458	Hernia of abdominal wall	ABDOM_HERNIA	6	rs6597292	0.0004073802778041	0.0924	-0.0320809	0.010718	-0.3471958874458875	0.115995670995671	0.0027608713814337715	0.7066668875271006	0.5629596052111756	0.8870584768509542	0.010704034126378477
IL6ST	GCST90241649	Other/unspecified rheumatoid arthritis	RHEUMA_NOS	5	rs3842913	1.3489628825916533e-07	-0.3475	0.124845	0.041791	-0.35926618705035973	0.12026187050359713	0.0028139289743527307	0.6981884778825932	0.5515738988093514	0.8837748698774137	0.010821043942023103
PILRA	GCST90242193	COPD-related respiratory insufficiency	COPD_INSUFFICIENCY	7	rs2293479	0.0003311311214825	-0.0973	-0.0674111	0.02264	0.6928170606372046	0.23268242548818088	0.002905887082907288	1.9993398691216908	1.2671363433030156	3.1546407246435	0.011084553146896348
RELB	GCST90243044	Alzheimer disease	G6_ALZHEIMER	19	rs184148878	0.0016595869074375	-0.3366	-0.180702	0.0607571	0.5368449197860963	0.18050237670825905	0.002937813838939096	1.7106012549334872	1.2008867730641102	2.4366632383782667	0.01111668756654554
MXRA8	GCST90241896	Nasal polyp	J10_NASALPOLYP	1	rs2296471	3.162277660168379e-07	-0.245	0.0691521	0.0232885	-0.2822534693877551	0.09505510204081632	0.002984141014930941	0.7540825234718326	0.6259020001691221	0.9085135565184281	0.011202370635415357
ANXA2	GCST90240299	Hypertension	I9_HYPTENS	15	rs765320	4.897788193684467e-06	0.137	0.0195417	0.00662747	0.14264014598540145	0.04837569343065693	0.00319225891053998	1.1533147020572287	1.0489857939582576	1.2680198432070324	0.011742079724138101
ANXA2	GCST90240298	Hypertension	I9_HYPTENS	15	rs765320	1.949844599758045e-06	0.1426	0.0195417	0.00662747	0.13703856942496492	0.046475946704067315	0.00319225891053998	1.1468723818756423	1.04701757089787	1.2562504172505524	0.011742079724138101
TNFRSF1A	GCST90243170	Vitamin B12 deficiency anaemia	D3_ANAEMIA_B12_DEF	12	rs4149584	2.6915348039269142e-09	-0.5351	-0.329039	0.111629	0.6149112315455055	0.2086133433003177	0.0032023853793103907	1.8494924156879209	1.228788935032203	2.7837345358236782	0.011742079724138101
CD70	GCST90240647	Asthma-related infections	ASTHMA_INFECTIONS	19	rs113915490	0.0003090295432513	0.3283	-0.0545699	0.0187645	-0.16621961620469083	0.05715656411818459	0.0036357889924323317	0.846860229535815	0.7571101845750844	0.9472495060569742	0.013228678410926868
IL4R	GCST90241640	Chronic lower respiratory diseases	J10_LOWCHRON	16	rs62029122	0.0014125375446227	-0.1417	0.0205166	0.00722556	-0.14478899082568808	0.05099195483415667	0.004519169711455051	0.8652048400094299	0.7829133742130141	0.9561459030230726	0.016317307431436938
XCL1	GCST90241836	Other and unspecified coagulation defects	D3_COAGDEFNAS	1	rs4098345	3.715352290971728e-05	-0.5308	0.289949	0.102585	-0.5462490580256216	0.19326488319517707	0.004707049126167373	0.5791179794374149	0.3965122951873882	0.8458190027857211	0.016866926035433088
TLR1	GCST90243028	Allergic rhinitis	ALLERG_RHINITIS	4	rs55979125	0.003388441561392	0.3965	0.281326	0.104245	0.7095233291298865	0.26291298865069357	0.006961085923619992	2.033021945303759	1.2143559711660243	3.4035969091649494	0.02475634317197185
LRP1	GCST90242394	Chronic diseases of tonsils and adenoids	J10_CHRONTONSADEN	12	rs4559	0.0018620871366628	0.081	-0.0177727	0.00660504	-0.21941604938271603	0.0815437037037037	0.0071285495147677125	0.8029875661653506	0.6843801720708869	0.9421503686541159	0.02516271582451588
IL18R1	GCST90241608	Carcinoma in situ of skin (controls excluding all cancers)	CD2_INSITU_SKIN_EXALLC	2	rs7597819	6.606934480075857e-121	0.6612	-0.0951341	0.0354412	-0.14388097398669086	0.05360133091349062	0.007268623003580554	0.865990817359672	0.7796270750204768	0.9619215645269575	0.025467101338471125
IL4	GCST90241639	Allergic contact dermatitis	L12_ALLERGICCONTACT	5	rs62384157	0.0011481536214968	-0.1068	-0.0614964	0.0229411	0.575808988764045	0.21480430711610485	0.007348563845422262	1.778568787232331	1.167415751868238	2.7096661372392687	0.025557872785917136
IL18R1	GCST90241607	Carcinoma in situ of skin (controls excluding all cancers)	CD2_INSITU_SKIN_EXALLC	2	rs1558652	2.6302679918954777e-261	-0.8919	0.0948321	0.0354151	-0.10632593340060545	0.039707478416862875	0.0074122790724768794	0.8991315433106996	0.8318088675141079	0.9719029980917688	0.025591299279427476
CD70	GCST90240647	Asthma (more control exclusions)	J10_ASTHMA_EXMORE	19	rs113915490	0.0003090295432513	0.3283	-0.0391547	0.0147009	-0.11926500152299727	0.04477886079805057	0.007735034965923315	0.8875725615133755	0.8129939844296884	0.9689924735470735	0.026512112600592237
SATB1	GCST90240942	Other and unspecified rosacea	L12_ROSACEANAS	3	rs11717353	0.0061659500186148	-0.2864	0.154508	0.0586353	-0.5394832402234637	0.20473219273743018	0.008412044037661381	0.5830494710528088	0.3903317197235338	0.8709173979909686	0.028625157049020383
PPP3R1	GCST90240546	Diseases of veins, lymphatic vessels and lymph nodes, not elsewhere classified	I9_DISVEINLYMPH	2	rs148323784	0.0058884365535558	0.0858	0.0202792	0.00783388	0.23635431235431237	0.0913039627039627	0.009635202447011437	1.2666230108530891	1.0590778169454715	1.514840388451972	0.032553219695974356
BMP6	GCST90240458	Other and unspecified nerve root and plexus disorders, also in other diseases	G6_ROOTPLEXOTHUNS	6	rs6597292	0.0004073802778041	0.0924	0.0440756	0.0171951	0.47700865800865805	0.18609415584415587	0.010369283571596277	1.6112473941877397	1.1188083129480917	2.320431601402689	0.034784901626702405
MXRA8	GCST90241897	Nasal polyp	J10_NASALPOLYP	1	rs28507236	0.0023988329190194	-0.1512	0.0632813	0.0247654	-0.4185271164021164	0.16379232804232804	0.010611756716262022	0.6580152863431546	0.4773238539524181	0.9071076450003391	0.035347612160506595
LDLR	GCST90241817	Angina pectoris	I9_ANGINA	19	rs7250183	5.128613839913648e-05	-0.1588	0.0312845	0.0124183	-0.19700566750629722	0.07820088161209068	0.01176132532125429	0.8211859792227609	0.7044912305635637	0.957210513369479	0.038902845293379576
IL6ST	GCST90241649	Autoimmune diseases excluding thyroid diseases	AUTOIMMUNE_NONTHYROID	5	rs3842913	1.3489628825916533e-07	-0.3475	0.0294786	0.0118989	-0.08483050359712231	0.03424143884892087	0.013233522577058343	0.9186679821243916	0.8590366227483232	0.9824387447888338	0.04346844568714303
IL24	GCST90241624	Autoimmune diseases	AUTOIMMUNE	1	rs140479798	0.0015135612484362	0.4247	-0.12426	0.0502234	-0.29258299976453966	0.11825618083352955	0.013355528535981431	0.7463332969771629	0.5919310537158935	0.9410105901356364	0.043566655155304945
IL12RB1	GCST90241590	Hypothyroidism, strict autoimmune	E4_HYTHY_AI_STRICT	19	rs17879486	4.786300923226381e-05	-0.1079	-0.017903	0.00730719	0.1659221501390176	0.06772187210379982	0.014283533945482096	1.1804811978488257	1.0337441215557883	1.3480471902247164	0.04604403339210066
XCL1	GCST90241836	Other coagulation defects	D3_COAGOTHER	1	rs4098345	3.715352290971728e-05	-0.5308	0.186564	0.0761674	-0.35147701582516955	0.14349547852298417	0.014309667882957289	0.7036480225453097	0.5311407888903243	0.9321832365131393	0.04604403339210066
PILRA	GCST90242192	Statin medication	RX_STATIN	7	rs113842733	1.8197008586099827e-05	-0.1279	0.0144709	0.00592248	-0.11314229867083658	0.04630555121188428	0.014550197778252949	0.8930235750064597	0.8155429599385218	0.9778652317438133	0.046501645602119224
CD55	GCST90240777	Retinal detachment with retinal break	H7_RETINALDETACHBREAK	1	rs11580387	4.677351412872e-78	0.5211	0.0559955	0.0229617	0.1074563423527154	0.044063903281519864	0.014742327251757503	1.113442249416419	1.02131508095296	1.2138796987397031	0.04679946838980737
PILRA	GCST90242192	Unspecific neurodegenerative disorder	G6_NEURODEGENERATIVE	7	rs113842733	1.8197008586099827e-05	-0.1279	-0.0319545	0.0133715	0.2498397185301016	0.10454652071931195	0.016859989510978224	1.2838196276990892	1.0459531112532505	1.5757808057863893	0.05304221858808633
BMP6	GCST90240458	Umbilical hernia	K11_UMBHER	6	rs6597292	0.0004073802778041	0.0924	-0.0340286	0.0142489	-0.36827489177489175	0.15420887445887446	0.016933139549262233	0.6919269505159132	0.5114403666051207	0.936106995285142	0.05304221858808633
IL4	GCST90241639	Allergic rhinitis	ALLERG_RHINITIS	5	rs62384157	0.0011481536214968	-0.1068	0.0338181	0.0144705	-0.31664887640449435	0.13549157303370787	0.019437238401804002	0.7285865341415548	0.5586610392778865	0.950197526604958	0.06048561686877167
TNFRSF1B	GCST90243171	Other diseases of upper respiratory tract	J10_UPPERDIS	1	rs5746017	2.9512092266663904e-15	0.4752	0.0447661	0.0192316	0.0942047558922559	0.04047053872053872	0.019926092206730806	1.0987847055282625	1.0149937958378046	1.1894928166593057	0.061601579175056674
PRTN3	GCST90241988	Sudden idiopathic hearing loss	H8_HL_IDIOP	19	rs10425544	1.412537544622773e-96	-0.5656	-0.0623765	0.0275579	0.11028376944837341	0.048723302687411596	0.023606687023679518	1.1165948810196098	1.0148959512760423	1.2284846803769374	0.07203847072387362
PRTN3	GCST90241987	Sudden idiopathic hearing loss	H8_HL_IDIOP	19	rs10425544	8.317637711026742e-110	-0.5991	-0.0623765	0.0275579	0.10411700884660324	0.04599883158070439	0.023606687023679518	1.1097302955811077	1.0140571849047646	1.2144298637814883	0.07203847072387362
SATB1	GCST90240942	Infective dermatitis	L12_INFECT_DERM	3	rs11717353	0.0061659500186148	-0.2864	0.104193	0.0465469	-0.36380237430167595	0.16252409217877095	0.02519159621102629	0.6950285366712312	0.505428044946977	0.9557535867207959	0.07638221158856048
BMP6	GCST90240457	Lumbar disc prolapse	M13_LUMBAR_PROLAPSE	6	rs141676614	0.0013803842646028	-0.227	-0.0847493	0.0385033	0.37334493392070484	0.16961806167400878	0.02772952182274424	1.4525852993713098	1.041741188623264	2.0254589863516483	0.08354180778444603
CD70	GCST90240647	Asthma-related acute respiratory infections	ASTHMA_ACUTE_RESPIRATORY_INFECTIONS	19	rs113915490	0.0003090295432513	0.3283	-0.0463327	0.0214093	-0.1411291501675297	0.06521261041730125	0.03045368707354612	0.8683771534003517	0.7641846224514931	0.9867757847948104	0.09098723692643755
BMP6	GCST90240457	Other dorsopathies, not elsewhere classified	M13_DORSOPATHYOTH	6	rs141676614	0.0013803842646028	-0.227	-0.0508669	0.0235231	0.22408325991189426	0.10362599118942732	0.030585561672946238	1.2511751878276791	1.0211978665065167	1.5329442040365233	0.09098723692643755
IL6ST	GCST90241649	Seronegative rheumatoid arthritis	RHEUMA_SERONEG	5	rs3842913	1.3489628825916533e-07	-0.3475	0.0870065	0.0409239	-0.2503784172661871	0.11776661870503598	0.033498603367901225	0.7785061271631285	0.6180406852657415	0.9806341305345262	0.0983846887485977
ANXA2	GCST90240298	Hypertension, essential	I9_HYPTENSESS	15	rs765320	1.949844599758045e-06	0.1426	0.0148257	0.00698111	0.10396704067321179	0.04895589060308555	0.03369623589275439	1.109563883834267	1.0080456890809542	1.2213057658446205	0.0983846887485977
ANXA2	GCST90240299	Hypertension, essential	I9_HYPTENSESS	15	rs765320	4.897788193684467e-06	0.137	0.0148257	0.00698111	0.10821678832116788	0.050957007299270066	0.03369623589275439	1.1142892841073317	1.0083759375266022	1.2313270898966426	0.0983846887485977
IL7R	GCST90241651	Atopic dermatitis	L12_ATOPIC	5	rs10624573	2.3442288153199084e-33	0.2974	0.0182789	0.00865926	0.06146234028244788	0.029116543375924682	0.03478023232216709	1.063390448790762	1.0044035826653754	1.125841510420172	0.10092668643181002
CRISP3	GCST90240841	Glaucoma	H7_GLAUCOMA	6	rs139498555	0.0001318256738556	-0.4966	0.0820535	0.0389748	-0.16523056786145793	0.07848328634716069	0.035265528979615546	0.8476982295857556	0.7268335304981914	0.9886614448707144	0.1017109463863302
LIF	GCST90241786	Disorders of the thyroid gland	E4_THYROID	22	rs715605	0.0019952623149688	-0.1404	0.0209139	0.00997411	-0.1489594017094017	0.07104066951566951	0.03600963079599051	0.8616040938422933	0.7496123191009453	0.9903273940537128	0.10322760828183947
BMP6	GCST90240457	Inguinal hernia	K11_HERING	6	rs141676614	0.0013803842646028	-0.227	-0.0742977	0.0357214	0.32730264317180613	0.15736299559471364	0.037532753858127155	1.387221246695006	1.0190503577435939	1.8884079404506193	0.10694573840297678
LTBR	GCST90243176	Eustachian salpingitis and obstruction	H8_EUSTSALP	12	rs199612439	0.0008317637711026	0.3607	0.484794	0.235957	1.344036595508733	0.6541641253118935	0.039918988059088445	3.8344905950795325	1.0638292618930385	13.821125861484072	0.11252284262596313
CLINT1	GCST90240712	Hypertension	I9_HYPTENS	5	rs2900723	0.0023988329190194	0.309	-0.0294702	0.014347	-0.09537281553398058	0.04643042071197411	0.039965829939031305	0.9090339693017461	0.8299611055028391	0.9956403400902033	0.11252284262596313
IL4	GCST90241639	Asthma/COPD (KELA code 203)	J10_ASTHMACOPDKELA	5	rs62384157	0.0011481536214968	-0.1068	0.0160745	0.00784245	-0.15051029962546814	0.07343117977528091	0.040395828767652464	0.8602688695146254	0.7449520597626081	0.9934364475638948	0.11306051483490898
IL2RA	GCST90241612	Type 1 diabetes, definitions combined	T1D	10	rs7907381	0.0014125375446227	-0.086	0.0508128	0.0249269	-0.590846511627907	0.28984767441860465	0.04150270287016866	0.5538582387967425	0.3138161564700444	0.9775116492840971	0.11547516739758691
CSF2RB	GCST90240860	Dermatitis	L12_DERMATITISNAS	22	rs3213556	0.0006025595860743	0.1024	0.0191093	0.00945319	0.1866142578125	0.09231630859375	0.0432315723277239	1.2051623134290306	1.0056904222621117	1.4441981046639334	0.1195820684854585
SORT1	GCST90242862	Pure hypercholesterolaemia	E4_HYPERCHOL	1	rs80315857	0.0023442288153199	0.2766	0.0451849	0.0223987	0.1633582791033984	0.08097866955892986	0.04366420403665572	1.1774584728918578	1.004650868640327	1.3799903017663853	0.11988561473075704
IL4	GCST90241639	Asthma-related acute respiratory infections	ASTHMA_ACUTE_RESPIRATORY_INFECTIONS	5	rs62384157	0.0011481536214968	-0.1068	0.0242169	0.0120151	-0.22674999999999998	0.11250093632958802	0.0438482269522642	0.7971200373915621	0.6393828688814648	0.9937713143967926	0.11988561473075704
IL7R	GCST90241651	Dermatitis and eczema	L12_DERMATITISECZEMA	5	rs10624573	2.3442288153199084e-33	0.2974	0.0121439	0.00604065	0.04083355749831876	0.020311533288500334	0.04439277048591528	1.0416787115051198	1.0010234756469678	1.0839851056456626	0.12067689907952832
IL4	GCST90241639	Chalazion	H7_CHALAZION	5	rs62384157	0.0011481536214968	-0.1068	0.0519039	0.0258643	-0.4859915730337079	0.24217509363295878	0.044773340267180384	0.6150869906090255	0.38264226640477894	0.9887355350761176	0.12101131790493212
IL4	GCST90241639	Asthma-related infections	ASTHMA_INFECTIONS	5	rs62384157	0.0011481536214968	-0.1068	0.0207881	0.0103831	-0.19464513108614231	0.09722003745318351	0.04527298863616114	0.8231267083141213	0.680317005764671	0.9959145107338504	0.12101131790493212
CD5	GCST90242961	Cerebral palsy	G6_CP	11	rs4939468	0.0006025595860743	0.1443	-0.192717	0.0962616	-1.3355301455301454	0.6670935550935551	0.04528330500882238	0.2630187002999214	0.07114512218957701	0.9723623289748851	0.12101131790493212
LRP1	GCST90242394	Other diseases of upper respiratory tract	J10_UPPERDIS	12	rs4559	0.0018620871366628	0.081	-0.00949484	0.00475564	-0.11722024691358024	0.05871160493827161	0.04587484448822465	0.8893892863449784	0.7927122445719263	0.9978567987080685	0.12190337889286663
LIF	GCST90241786	Type1 diabetes, definitions combined, early onset	T1D_EARLY	22	rs715605	0.0019952623149688	-0.1404	0.0910497	0.045798	-0.6485021367521367	0.3261965811965812	0.04680377937339464	0.5228283158657027	0.2758639592917738	0.9908849585597832	0.12367702594198694
PILRA	GCST90242192	Antihypertensive medication - note that there are other indications	RX_ANTIHYP	7	rs113842733	1.8197008586099827e-05	-0.1279	0.0114049	0.00576903	-0.08917044566067239	0.04510578577013291	0.04805088512807432	0.9146896554044162	0.8372958670987547	0.9992371855397801	0.1262670481421064
CD274	GCST90242383	Chronic lower respiratory diseases	J10_LOWCHRON	9	rs822341	4.466835921509634e-10	-0.1731	0.0116289	0.005902	-0.06718024263431542	0.03409589832466782	0.04880032288413494	0.9350266544802095	0.8745828900637742	0.9996477801260225	0.12726662638380598
PPP3R1	GCST90240546	Varicose veins	I9_VARICVE	2	rs148323784	0.0058884365535558	0.0858	0.0202928	0.0103176	0.2365128205128205	0.12025174825174825	0.04920465938198415	1.2668237968467522	1.0008197297343178	1.6035280726162844	0.12726662638380598
IL4R	GCST90241640	Asthma/COPD (KELA code 203)	J10_ASTHMACOPDKELA	16	rs62029122	0.0014125375446227	-0.1417	0.0170519	0.0086711	-0.12033803810868031	0.06119336626676076	0.04923846221614481	0.8866206744785643	0.7864099670207367	0.9996010393801327	0.12726662638380598
IL6	GCST90241645	Calcific aortic valvular stenosis, operated	I9_CAVS_OPERATED	7	rs10807811	1.6595869074375598e-05	0.3554	0.0979272	0.0503301	0.2755407990996061	0.14161536297129995	0.051690967128177556	1.317242846024597	0.9979767372369628	1.738646454031509	0.1328794970197173
BMP6	GCST90240458	Inguinal hernia, bilateral	HERING_BILATERAL	6	rs6597292	0.0004073802778041	0.0924	-0.0467846	0.0242319	-0.5063268398268399	0.26225000000000004	0.05351980206116025	0.6027053511959339	0.360473497890318	1.0077127513844084	0.13683711554015568
CRIM1	GCST90240839	Diverticular disease of intestine	K11_DIVERTIC	2	rs3755210	0.0035481338923357	0.1167	-0.0215763	0.0111904	-0.18488688946015425	0.09589031705227077	0.05384169149247686	0.8311982958231124	0.6887809997044273	1.003062812818188	0.13692000040828792
CD274	GCST90242383	Asthma/COPD (KELA code 203)	J10_ASTHMACOPDKELA	9	rs822341	4.466835921509634e-10	-0.1731	0.013564	0.0070828	-0.07835932986712882	0.04091738879260543	0.05548461763032497	0.9246321189066555	0.8533739685630047	1.0018404437077588	0.1403434445943514
BMP6	GCST90240457	Hernia	K11_HERNIA	6	rs141676614	0.0013803842646028	-0.227	-0.0527577	0.0277005	0.23241277533039645	0.12202863436123347	0.056835243957962245	1.26164039539283	0.9932594719451499	1.6025384426184215	0.1429950552772135
XCL1	GCST90241835	Other and unspecified coagulation defects	D3_COAGDEFNAS	1	rs4656599	2.0417379446695397e-43	0.4295	-0.0757609	0.0398493	-0.17639324796274738	0.09278067520372525	0.05727775693038373	0.8382882633587073	0.6989029613413265	1.0054717913003137	0.14334592078344713
IL4	GCST90241639	Psoriatic arthropathies	M13_PSORIARTH	5	rs62384157	0.0011481536214968	-0.1068	0.051744	0.027309	-0.48449438202247186	0.2557022471910112	0.05812420880618063	0.616008583050301	0.37318881293492506	1.016821944386123	0.14469868823854443
LYPD3	GCST90241827	Dementia, including avohilmo	F5_DEMENTIA_INCLAVO	19	rs74260430	0.0003090295432513	-0.3411	0.0650682	0.0346307	-0.1907598944591029	0.10152653180885371	0.06025587040680991	0.8263309709785795	0.6772248753122002	1.0082660848564093	0.14922003509120987
TLR1	GCST90243028	Pollen allergy	POLLENALLERG	4	rs55979125	0.003388441561392	0.3965	0.235034	0.125508	0.5927717528373265	0.31653972257250945	0.06111514248251737	1.8089955614867659	0.9727325526329824	3.3641980343116353	0.15055969996995164
LRP1	GCST90241819	Chronic diseases of tonsils and adenoids	J10_CHRONTONSADEN	12	rs117756404	0.0046773514128719	-0.3875	-0.117106	0.0642619	0.3022090322580645	0.16583716129032255	0.06840584495701818	1.352843985188664	0.9774268693642187	1.8724539969436456	0.1668955648158592
BMP6	GCST90240457	Other intervertebral disc disorders	M13_INTERVERTEB	6	rs141676614	0.0013803842646028	-0.227	-0.0589604	0.0323599	0.2597374449339207	0.14255462555066079	0.06845188070671604	1.2965896157992982	0.980522563722074	1.7145394649735843	0.1668955648158592
LTBR	GCST90243176	Peritonsillar abscess	J10_PERITONSABSC	12	rs199612439	0.0008317637711026	0.3607	0.255306	0.141023	0.707807041863044	0.39097033545883003	0.070236020115928	2.0295356881909408	0.9431831301914091	4.367142475083035	0.16868185859856835
LIF	GCST90241786	Type 1 diabetes, definitions combined	T1D	22	rs715605	0.0019952623149688	-0.1404	0.0669433	0.0370249	-0.47680413105413105	0.26371011396011396	0.07059691354439623	0.6207641057975536	0.37021329946168235	1.040881231460245	0.16868185859856835
SORT1	GCST90242862	Disorders of lipoprotein metabolism and other lipidaemias	E4_LIPOPROT	1	rs80315857	0.0023442288153199	0.2766	0.0353307	0.0195479	0.12773210412147504	0.07067208966015907	0.07070132450983557	1.1362485656124535	0.9892727600396172	1.3050605000027042	0.16868185859856835
IL2RA	GCST90241612	Type1 diabetes, definitions combined, early onset	T1D_EARLY	10	rs7907381	0.0014125375446227	-0.086	0.0558551	0.0309306	-0.6494779069767442	0.35965813953488374	0.07094644063977329	0.5223184043811796	0.2581000804736446	1.0570183281409693	0.16868185859856835
IL6ST	GCST90241649	Second line medication for Crohn's disease	RX_CROHN_2NDLINE	5	rs3842913	1.3489628825916533e-07	-0.3475	0.0315807	0.0174896	-0.09087971223021585	0.05032978417266188	0.07096763184168098	0.9131275423690421	0.8273511316795996	1.0077969035229717	0.16868185859856835
LILRB2	GCST90241795	Asthma/COPD (KELA code 203)	J10_ASTHMACOPDKELA	19	rs400942	0.0	1.2847	-0.0140322	0.00784356	-0.010922550011675879	0.006105363119794504	0.07361335447181272	0.9891368844489277	0.9773709055999634	1.0010445068208176	0.17409558332583708
TNFRSF14	GCST90243162	Second line medication for Crohn's disease	RX_CROHN_2NDLINE	1	rs262695	0.0005623413251903	0.0955	0.017378	0.00976621	0.18196858638743457	0.10226397905759163	0.07517410706629102	1.1995765102562463	0.981700690840416	1.465807060527447	0.17690225195201817
BMP6	GCST90240457	Meniscus derangement	M13_MENISCUSDERANGEMENTS	6	rs141676614	0.0013803842646028	-0.227	0.0706287	0.0397773	-0.3111396475770925	0.17523039647577093	0.07579834704704824	0.7326115612960227	0.5196544410923936	1.032839628227421	0.17748820867947435
IL12RB2	GCST90241591	Primary biliary cholangitis (PBC)	CHIRBIL_PRIM	1	rs7555183	2.0417379446695234e-20	-0.2481	0.103527	0.0589635	-0.417279322853688	0.23766021765417172	0.07912578953401983	0.6588368660465485	0.4135018256323848	1.049731800816606	0.18436698743641075
MXRA8	GCST90241897	Hernia of abdominal wall	ABDOM_HERNIA	1	rs28507236	0.0023988329190194	-0.1512	-0.0276487	0.0158188	0.18286177248677246	0.10462169312169313	0.08049208050665069	1.200648433962713	0.9780477890989788	1.473912295538382	0.18639634702763797
IL6ST	GCST90241649	First line medication for Crohn's disease	RX_CROHN_1STLINE	5	rs3842913	1.3489628825916533e-07	-0.3475	0.017575	0.010065	-0.050575539568345325	0.02896402877697842	0.0807848861324858	0.9506821118434926	0.8982157027905662	1.0062131790518678	0.18639634702763797
IL6ST	GCST90241649	Dermatitis and eczema	L12_DERMATITISECZEMA	5	rs3842913	1.3489628825916533e-07	-0.3475	0.0206551	0.0118847	-0.05943913669064749	0.034200575539568345	0.08221835461729654	0.9422928829092109	0.8811985894693537	1.007622898847402	0.188782921038744
IL1RN	GCST90241577	Hypertension	I9_HYPTENS	2	rs4849204	0.0112201845430196	-0.0686	-0.0092182	0.00531907	0.13437609329446065	0.07753746355685133	0.0830872587814282	1.1438229228914536	0.9825565935923009	1.3315577824872071	0.18985639325418133
PPP3R1	GCST90240546	Cardiovascular diseases (excluding rheumatic etc)	FG_CVD	2	rs148323784	0.0058884365535558	0.0858	0.0109195	0.00637361	0.12726689976689978	0.07428449883449884	0.08666907639200927	1.1357201007634559	0.9818362677820658	1.3137222463699612	0.19708881314144416
LYPD3	GCST90241827	Other degenerative diseases of the nervous system	NEURODEGOTH	19	rs74260430	0.0003090295432513	-0.3411	0.067474	0.0395664	-0.19781295807681032	0.11599648197009675	0.08813180683265687	0.8205233110439724	0.6536612273431274	1.0299807848525622	0.19945619441074974
IGF2R	GCST90240631	Coronary artery bypass grafting	I9_CABG	6	rs629849	9.549925860214134e-163	-0.8992	0.0393445	0.0231384	-0.043755004448398575	0.02573220640569395	0.0890559990884554	0.9571884356575981	0.9101097075381058	1.006702481874449	0.20058803604209244
IL4R	GCST90241640	Childhood asthma (age<16) (more control exclusions)	ASTHMA_CHILD_EXMORE	16	rs62029122	0.0014125375446227	-0.1417	0.0389544	0.0233119	-0.27490755116443194	0.16451587861679606	0.09471985529214	0.7596423480293413	0.5502631430555106	1.048691892601132	0.21233408319043706
TNFRSF14	GCST90243162	Non-Hodgkin lymphoma, all, excluding all cancers (controls excluding all cancers)	C3_NONHODGKIN_EXALLC	1	rs262695	0.0005623413251903	0.0955	-0.0369459	0.0223708	-0.3868680628272251	0.23424921465968584	0.0986317437355626	0.6791806981966292	0.4291295073999342	1.0749352185025982	0.22006044710811845
CPVL	GCST90242371	Lichen ruber planus, wide definition including periferal and oral lichen planus	K11_LICHEN_PLANUS_WIDE	7	rs151211421	0.000870963589956	0.5406	-0.147664	0.0901417	-0.2731483536810951	0.16674380318165002	0.10139416856082129	0.7609798850871955	0.5488301818956627	1.0551358227186771	0.22516169825947638
IL4	GCST90241639	Other and unspecified psoriasis	L12_PSORI_NAS	5	rs62384157	0.0011481536214968	-0.1068	0.0586701	0.0358859	-0.5493455056179776	0.33601029962546813	0.10206859807090685	0.5773275443889989	0.2988164741465955	1.1154240891909974	0.22560021910064923
IL4	GCST90241639	Allergic asthma (mode)	ALLERG_ASTHMA	5	rs62384157	0.0011481536214968	-0.1068	0.025536	0.0157234	-0.2391011235955056	0.14722284644194755	0.10435954296795558	0.7873352601745371	0.589985155468532	1.050698998387205	0.22959099452950227
LRP1	GCST90242394	Coronary atherosclerosis	I9_CORATHER	12	rs4559	0.0018620871366628	0.081	0.0114401	0.00707249	0.1412358024691358	0.08731469135802469	0.10575980099896887	1.1516961887734989	0.9705416196013519	1.3666638137375506	0.23159437903940866
PLAUR	GCST90243297	Angina pectoris	I9_ANGINA	19	rs2302524	3.8904514499428046e-10	0.2144	0.0203934	0.0126815	0.09511847014925372	0.059148787313432837	0.10780844699450443	1.0997891395920556	0.9794019458041641	1.234974217425627	0.23499260566083224
TNFRSF1B	GCST90243172	Other diseases of upper respiratory tract	J10_UPPERDIS	1	rs5746026	2.6915348039269142e-09	-0.3705	-0.0250563	0.0156123	0.06762834008097166	0.04213846153846154	0.1085141255876998	1.0699675705111031	0.9851483455461412	1.1620895544526013	0.23544578625221102
LYPD3	GCST90241827	Alzheimer disease	G6_ALZHEIMER	19	rs74260430	0.0003090295432513	-0.3411	0.0724325	0.0455106	-0.21234975080621518	0.1334230430958663	0.11148533566603014	0.8086818109841152	0.6225950850285414	1.050387783556898	0.2407879624202386
IL1RN	GCST90241577	Spermatocele	N14_SPERMATOCELE	2	rs4849204	0.0112201845430196	-0.0686	-0.0441678	0.0277947	0.6438454810495627	0.40517055393586004	0.11204397207011496	1.9037878008970401	0.8604594358380699	4.21217763428242	0.24089453995074717
IL6ST	GCST90241649	Rheumatoid arthritis	M13_RHEUMA	5	rs3842913	1.3489628825916533e-07	-0.3475	0.0370013	0.0235537	-0.10647856115107915	0.06778043165467626	0.11619806050249526	0.8989943213580694	0.7871564895489492	1.0267218787679175	0.24869539646009164
IL4	GCST90241639	Asthma (more control exclusions)	J10_ASTHMA_EXMORE	5	rs62384157	0.0011481536214968	-0.1068	0.0127244	0.0081676	-0.11914232209737827	0.07647565543071161	0.11925416972029002	0.887681455084781	0.7641168115975998	1.0312276261190287	0.2540865868364738
CD70	GCST90240646	Primary_lymphoid and hematopoietic malignant neoplasms (controls excluding all cancers)	CD2_PRIMARY_LYMPHOID_HEMATOPOIETIC_EXALLC	19	rs76226883	0.0012022644346174	0.123	-0.0313192	0.0201659	-0.25462764227642276	0.16395040650406506	0.12040468653630776	0.7752050978320851	0.5621590629215509	1.0689909375146265	0.25538751897611467
IL6ST	GCST90241649	Graves ophthalmopathy	GRAVES_OPHT	5	rs3842913	1.3489628825916533e-07	-0.3475	0.152652	0.0986779	-0.4392863309352519	0.28396517985611514	0.12186987129403137	0.6444962140039161	0.3694063270501169	1.1244403234301619	0.2573412907235573
SNCA	GCST90240258	Other and unspecified degenerative diseases of nervous system	G6_DEGENOTH	4	rs147872991	0.0001584893192461	-0.3372	0.195238	0.126544	-0.5789976275207592	0.37527876631079476	0.1228679617641597	0.560459874652331	0.26859677289865425	1.1694677776855762	0.25829575961976686
LYPD3	GCST90241827	Dementia	F5_DEMENTIA	19	rs74260430	0.0003090295432513	-0.3411	0.0548979	0.0357371	-0.16094371152154793	0.10477015537965406	0.12449916794464055	0.8513399903911912	0.6932994848561214	1.0454064874859748	0.260566842645199
TNFRSF14	GCST90243162	Autoimmune diseases excluding thyroid diseases	AUTOIMMUNE_NONTHYROID	1	rs262695	0.0005623413251903	0.0955	0.0101254	0.00661161	0.10602513089005235	0.06923151832460733	0.12565635207713366	1.1118498179309622	0.9707671487843341	1.2734361882570773	0.2618301961783446
BMP6	GCST90240457	Other and unspecified nerve root and plexus disorders, also in other diseases	G6_ROOTPLEXOTHUNS	6	rs141676614	0.0013803842646028	-0.227	-0.113272	0.0744389	0.49899559471365634	0.32792466960352423	0.1280899055164908	1.6470661177014878	0.8661157163376649	3.1321759262738342	0.26541888377202605
TLR1	GCST90243028	Childhood asthma (age<16) (more control exclusions)	ASTHMA_CHILD_EXMORE	4	rs55979125	0.003388441561392	0.3965	0.212266	0.139645	0.5353493064312737	0.3521941992433795	0.12850089721732338	1.7080447690855618	0.8564568652899428	3.406379295252534	0.26541888377202605
PLAUR	GCST90243297	Coronary revascularization (ANGIO or CABG)	I9_REVASC	19	rs2302524	3.8904514499428046e-10	0.2144	0.0237052	0.0156242	0.11056529850746268	0.0728740671641791	0.12921355089824416	1.1169092791798798	0.9682471799304229	1.2883965621338154	0.26573047641247605
BMP6	GCST90240457	Dorsopathies	M13_DORSOPATHY	6	rs141676614	0.0013803842646028	-0.227	-0.0315918	0.0211767	0.13917092511013218	0.09328942731277533	0.13574664392548508	1.1493205309539665	0.9572637234275684	1.3799098937360457	0.27795741375218375
CLINT1	GCST90240712	Antihypertensive medication - note that there are other indications	RX_ANTIHYP	5	rs2900723	0.0023988329190194	0.309	-0.0201242	0.013642	-0.06512686084142394	0.04414886731391586	0.1401682069903496	0.9369485937506382	0.8592815543664426	1.021635647676114	0.28577397373463514
HAVCR1	GCST90241394	Coeliac disease	K11_COELIAC	5	rs6882177	1.3803842646028867e-57	-0.4282	-0.0339669	0.0230927	0.07932484820177486	0.05392970574497898	0.1413199480525842	1.0825559313050142	0.9739674692171688	1.203251013450797	0.2868855597805679
LRP1	GCST90241818	Coronary revascularization (ANGIO or CABG)	I9_REVASC	12	rs117324780	0.0031622776601683	-0.178	0.0531062	0.0363047	-0.2983494382022472	0.20395898876404497	0.1435244891878229	0.7420419966169249	0.4975252070749158	1.1067305071445772	0.2901157409651292
CRISP3	GCST90240841	Depression or dysthymia	F5_DEPRESSION_DYSTHYMIA	6	rs139498555	0.0001318256738556	-0.4966	-0.0387269	0.0266916	0.07798409182440597	0.05374869109947644	0.14680710734949187	1.0811054601177894	0.9730076420358044	1.2012125757317418	0.2954883479842964
IGF2R	GCST90240631	Statin medication	RX_STATIN	6	rs629849	9.549925860214134e-163	-0.8992	0.012016	0.00834999	-0.013362989323843418	0.009286020907473309	0.15013815884966708	0.9867258990393917	0.9689293399848333	1.004849331789598	0.3009124963385277
IL4R	GCST90241640	Allergic asthma (mode)	ALLERG_ASTHMA	16	rs62029122	0.0014125375446227	-0.1417	0.0249341	0.0173731	-0.17596400846859564	0.12260479887085392	0.1512263933507647	0.8386481670257329	0.6595025671544488	1.066456421982219	0.3018147006536359
LYPD3	GCST90241827	Unspecific neurodegenerative disorder	G6_NEURODEGENERATIVE	19	rs74260430	0.0003090295432513	-0.3411	0.0550176	0.0385963	-0.16129463500439753	0.11315244796247434	0.1540233901146033	0.8510412876106495	0.6817628335502228	1.0623507729900883	0.306105308925241
SORT1	GCST90242862	Metabolic disorders	E4_METABOLIA	1	rs80315857	0.0023442288153199	0.2766	0.0242862	0.0170797	0.08780260303687636	0.06174873463485177	0.15504551614410822	1.0917725881627072	0.9673209683373257	1.2322356521561841	0.30684740224336066
TNFRSF1B	GCST90243172	Pollen allergy	POLLENALLERG	1	rs5746026	2.6915348039269142e-09	-0.3705	-0.0730615	0.0516603	0.1971970310391363	0.139434008097166	0.15728328088703614	1.2179839977183642	0.9267294376103161	1.6007746797418605	0.3099791327482004
DPEP2	GCST90240913	Seropositive rheumatoid arthritis, strict definition	RHEUMA_SEROPOS_STRICT	16	rs115078465	4.67735141287198e-10	1.3254	-0.621989	0.4413	-0.46928398973894675	0.33295608872793125	0.1587030087122807	0.6254499365683903	0.3256676410503414	1.2011866511875338	0.311479349049414
CRISP3	GCST90240841	Disorders of eyelid, lacrimal system and orbit	H7_LIDLACRIMALORBIT	6	rs139498555	0.0001318256738556	-0.4966	-0.0421638	0.0300305	0.0849049536850584	0.06047221103503826	0.16030915201035367	1.0886135930706664	0.9669383108347084	1.2255999599345773	0.3133315243838731
TNFRSF1B	GCST90243172	Allergic rhinitis	ALLERG_RHINITIS	1	rs5746026	2.6915348039269142e-09	-0.3705	-0.0543867	0.0389085	0.1467927125506073	0.10501619433198381	0.16217005639309612	1.1581138756757723	0.942669977594678	1.4227967166781341	0.31566434845240515
BMP6	GCST90240457	Gonarthrosis, primary, with knee surgery	M13_ARTHROSIS_KNEE_PRIM_KNEESURG	6	rs141676614	0.0013803842646028	-0.227	0.0600846	0.0434709	-0.2646898678414097	0.19150176211453743	0.16691649992018887	0.7674439221127038	0.5272748541159753	1.117007892544378	0.3235717395993825
LYPD3	GCST90241827	Statin medication	RX_STATIN	19	rs74260430	0.0003090295432513	-0.3411	-0.0236424	0.017202	0.0693122251539138	0.05043095866314863	0.16931805564161584	1.0717707907133287	0.9708993677308829	1.1831222328539739	0.3268875115040175
IL4	GCST90241639	Asthma-related pneumonia	ASTHMA_PNEUMONIA	5	rs62384157	0.0011481536214968	-0.1068	0.0188531	0.01387	-0.17652715355805243	0.1298689138576779	0.17406047354352738	0.8381760193849809	0.6498132762176407	1.0811398676883168	0.3346772519759693
SNCA	GCST90240259	Parkinson's disease	G6_PARKINSON	4	rs115943504	1.778279410038923e-05	-0.4057	-0.115374	0.0854208	0.2843825486812916	0.21055163914222333	0.17680608849066548	1.3289412182347928	0.8795906378196957	2.0078485213315775	0.33858008038900717
UBE2B	GCST90243234	Disorders of the thyroid gland	E4_THYROID	5	rs10422	4.786300923226381e-05	0.1843	0.012889	0.00959883	0.06993488876831254	0.05208263700488334	0.17934716759351166	1.0724383511989253	0.9683641448374023	1.1876978544216816	0.34206133174085085
ERBB3	GCST90242599	Chronic lower respiratory diseases	J10_LOWCHRON	12	rs76400083	1.1220184543019653e-13	-0.8972	0.101555	0.0758882	-0.1131910387873384	0.08458337048595631	0.18082519082794968	0.8929800499940908	0.7565592368848436	1.053999912777251	0.3422206107255208
LRP1	GCST90241818	Other diseases of upper respiratory tract	J10_UPPERDIS	12	rs117324780	0.0031622776601683	-0.178	0.023471	0.0175411	-0.13185955056179774	0.09854550561797754	0.1808777012291336	0.8764640853235813	0.7225210376440474	1.0632068172948526	0.3422206107255208
CRIM1	GCST90240839	Diseases of male genital organs	N14_MALEGEN	2	rs3755210	0.0035481338923357	0.1167	0.0137411	0.0102934	0.1177472150814053	0.08820394173093402	0.18189507515998438	1.1249597025748923	0.9463597368427056	1.337265611742456	0.3427743846640343
TLR1	GCST90243028	Childhood allergy (age < 16)	CHILDHOOD_ALLERGY	4	rs55979125	0.003388441561392	0.3965	0.189914	0.142801	0.4789760403530895	0.36015384615384616	0.1835444139670246	1.614420454151182	0.7969801566075586	3.270286444616092	0.3445099516127088
TLR1	GCST90243028	Chronic lower respiratory diseases	J10_LOWCHRON	4	rs55979125	0.003388441561392	0.3965	0.0560305	0.0430749	0.14131273644388398	0.10863783102143758	0.1933374930629046	1.1517847967474415	0.9308869735434445	1.4251012805225731	0.3614570522480391
BMP6	GCST90240457	Inguinal hernia, bilateral	HERING_BILATERAL	6	rs141676614	0.0013803842646028	-0.227	-0.13691	0.106699	0.6031277533039647	0.4700396475770925	0.19944222736125905	1.8278268605372188	0.7274936882296348	4.59241239636263	0.37140225803888005
LRP1	GCST90242394	Coronary revascularization (ANGIO or CABG)	I9_REVASC	12	rs4559	0.0018620871366628	0.081	0.0127466	0.00995198	0.15736543209876544	0.12286395061728393	0.20026025200269193	1.1704232459841337	0.91993900402381	1.4891102222518442	0.37146313410695403
BMP6	GCST90240458	Female genital prolapse	N14_FEMGENPROL	6	rs6597292	0.0004073802778041	0.0924	-0.0144744	0.0116788	-0.15664935064935065	0.1263939393939394	0.21520705945082597	0.8550038127921038	0.6673894823950582	1.0953596650423447	0.39762866843844014
PPP3R1	GCST90240546	Other disorders of veins	I9_VEINSOTH	2	rs148323784	0.0058884365535558	0.0858	0.0173762	0.0140992	0.20251981351981355	0.1643263403263403	0.2177905406335534	1.2244843462264203	0.8873109330416975	1.6897818547256471	0.4008362868469679
SORT1	GCST90242862	Coronary revascularization (ANGIO or CABG)	I9_REVASC	1	rs80315857	0.0023442288153199	0.2766	0.0360031	0.0292688	0.13016305133767173	0.10581634128705712	0.21866542806404277	1.139014085955021	0.9256704644612301	1.4015280143555768	0.4008866181174118
IL2RA	GCST90241612	Lichen simplex chronicus and prurigo	L12_LICHSIMPANDPRURIGO	10	rs7907381	0.0014125375446227	-0.086	-0.0411375	0.0336537	0.478343023255814	0.3913220930232559	0.22156519220064497	1.6133988217910036	0.7492756950069971	3.4740960843955975	0.40463450158650605
LTBR	GCST90243176	Acute appendicitis, no complications	APPENDACUT_NOCOMPLIC	12	rs199612439	0.0008317637711026	0.3607	0.101474	0.0832863	0.2813252009980593	0.23090185749930686	0.2230812535596678	1.3248843876109844	0.8426172648289671	2.083174311520456	0.4058362805143187
ERBB3	GCST90242599	Disorders of the thyroid gland	E4_THYROID	12	rs76400083	1.1220184543019653e-13	-0.8972	0.101826	0.083781	-0.11349308961212662	0.0933805171645118	0.2242200629793194	0.8927103653647533	0.7434015744220737	1.0720071410249736	0.4063451716061995
TG	GCST90243017	Hypothyroidism, drug reimbursement	HYPOTHY_REIMB	8	rs6989475	0.0052480746024977	0.1196	-0.057961	0.0479132	-0.484623745819398	0.4006120401337793	0.22639080956373636	0.6159288989952857	0.28088123661634506	1.350636351461679	0.4087131790978904
TNFRSF1B	GCST90243171	Allergic rhinitis	ALLERG_RHINITIS	1	rs5746017	2.9512092266663904e-15	0.4752	0.057767	0.0481035	0.12156355218855218	0.10122790404040403	0.2297939715313404	1.129261130661031	0.9260351003297522	1.3770867872802364	0.4132796522217643
TLR1	GCST90243028	Asthma (more control exclusions)	J10_ASTHMA_EXMORE	4	rs55979125	0.003388441561392	0.3965	0.063716	0.0533667	0.16069609079445143	0.13459445145018917	0.23250611453056091	1.1743280254801594	0.9020286162880995	1.528827674118573	0.4159756662389763
BMP6	GCST90240458	Viral haemorrhagic fevers, not elsewhere classified/unspecified	AB1_VIRAL_HEMOR_FEVER_NOS	6	rs6597292	0.0004073802778041	0.0924	0.0329874	0.0276616	0.35700649350649355	0.2993679653679654	0.23305190603240744	1.4290451493377057	0.7947285107087088	2.5696448678108896	0.4159756662389763
IL6ST	GCST90241649	Autoimmune diseases	AUTOIMMUNE	5	rs3842913	1.3489628825916533e-07	-0.3475	0.0112218	0.00949201	-0.032292949640287776	0.027315136690647484	0.23711190206431354	0.9682228999786746	0.9177496687393321	1.0214719939162185	0.42123723907909305
UBE2B	GCST90243234	Hypothyroidism, strict autoimmune	E4_HYTHY_AI_STRICT	5	rs10422	4.786300923226381e-05	0.1843	0.0132622	0.0112339	0.07195984807379273	0.06095442213781878	0.23778085165775442	1.0746121954479964	0.9536001557750734	1.2109806857854	0.42123723907909305
AMIGO1	GCST90240267	Statin medication	RX_STATIN	1	rs488028	0.0012302687708123	0.1402	-0.0176764	0.01511	-0.1260798858773181	0.10777460770328104	0.24206223057057485	0.8815444210209734	0.7136817695009995	1.08888947349259	0.4272217726114997
CD55	GCST90240777	Other cataract	H7_CATARACTOTHER	1	rs11580387	4.677351412872e-78	0.5211	0.0128062	0.0111055	0.02457532143542506	0.02131164843600077	0.24885278799863086	1.024879783616477	0.9829514894941476	1.0685965503814525	0.43757386142510185
IL7R	GCST90241651	Dermatitis	L12_DERMATITISNAS	5	rs10624573	2.3442288153199084e-33	0.2974	0.00980569	0.00854147	0.03297138533960996	0.028720477471418968	0.2509645794246116	1.03352096496676	0.9769490766041444	1.0933687441916065	0.43965276321422697
TNFRSF14	GCST90243162	MS-disease / Multiple Sclerosis	G6_MS	1	rs262695	0.0005623413251903	0.0955	-0.0337977	0.029581	-0.3539026178010471	0.30974869109947645	0.2532264799797803	0.701943320811256	0.38250633936255063	1.2881470839219615	0.44101742832976093
PLAUR	GCST90243297	Coronary artery bypass grafting	I9_CABG	19	rs2302524	3.8904514499428046e-10	0.2144	0.024723	0.0216559	0.11531249999999998	0.10100699626865671	0.2536083308788477	1.1222240778058625	0.9206630033361712	1.367912989056394	0.44101742832976093
CLINT1	GCST90240712	Immunodeficiency with predominantly antibody defects	D3_IMMUDEFANTIBODY	5	rs2900723	0.0023988329190194	0.309	0.148003	0.132246	0.47897411003236245	0.42798058252427185	0.2630765097567678	1.614417337804925	0.6977685428483187	3.735254859678748	0.45430774413483255
SNCA	GCST90240258	Dementia due to Parkinson's disease (more control exclusions)	PD_DEMENTIA_EXMORE	4	rs147872991	0.0001584893192461	-0.3372	0.14637	0.130813	-0.4340747330960854	0.3879389086595493	0.26317192789205945	0.647863836805768	0.30287503203710314	1.3858110000604897	0.45430774413483255
BMP6	GCST90240457	Hernia of abdominal wall	ABDOM_HERNIA	6	rs141676614	0.0013803842646028	-0.227	-0.0527154	0.0473682	0.23222643171806168	0.20867048458149778	0.2657574536008387	1.2614053186672882	0.8379744082381451	1.8987971020589138	0.4571028201934425
CRIM1	GCST90240839	Alzheimer disease	G6_ALZHEIMER	2	rs3755210	0.0035481338923357	0.1167	-0.021397	0.0194391	-0.18335047129391602	0.166573264781491	0.27101867676076363	0.8324763455425529	0.6005952271512262	1.1538834052595401	0.4644631670573957
ERBB3	GCST90242599	Psoriasis vulgaris	L12_PSORI_VULG	12	rs76400083	1.1220184543019653e-13	-0.8972	-0.249424	0.227321	0.2780026749888542	0.25336714222024076	0.2725397485169885	1.3204897294996796	0.8036455833158174	2.169728997351932	0.4653837582979623
TNFRSF14	GCST90243162	Nasal polyp	J10_NASALPOLYP	1	rs262695	0.0005623413251903	0.0955	0.019245	0.017586	0.20151832460732985	0.18414659685863874	0.2738074647673785	1.223258652591903	0.8526475503295061	1.7549592801418217	0.46586665767974833
ADM	GCST90240213	Diseases of veins, lymphatic vessels and lymph nodes, not elsewhere classified	I9_DISVEINLYMPH	11	rs76172966	0.0007943282347242	-0.4619	-0.0417411	0.0382729	0.09036826152846937	0.08285970989391643	0.2754411628269948	1.0945773002025205	0.9304966809461266	1.2875913376718489	0.46696655920132096
CD70	GCST90240646	Asthma-related acute respiratory infections	ASTHMA_ACUTE_RESPIRATORY_INFECTIONS	19	rs76226883	0.0012022644346174	0.123	-0.0144598	0.0133147	-0.11755934959349594	0.10824959349593496	0.2774778026796074	0.889087743184427	0.7191189097224742	1.0992299109278634	0.4687392880980511
ERBB3	GCST90242599	Asthma (more control exclusions)	J10_ASTHMA_EXMORE	12	rs76400083	1.1220184543019653e-13	-0.8972	0.103128	0.0953121	-0.11494427106553723	0.10623283548818546	0.27925109298428286	0.8914158201764374	0.7238575727843738	1.0977603804077856	0.4700561102546826
IL6ST	GCST90241649	Juvenile arthritis (FINNGEN)	JUVEN_ARTHR	5	rs3842913	1.3489628825916533e-07	-0.3475	0.0685848	0.0643063	-0.19736633093525183	0.18505410071942446	0.28618270653448197	0.8208898608744244	0.5711677278897557	1.179793834249153	0.47832216406779293
CD70	GCST90240647	Non-Hodgkin lymphoma, all, excluding all cancers (controls excluding all cancers)	C3_NONHODGKIN_EXALLC	19	rs113915490	0.0003090295432513	0.3283	-0.0468487	0.0439263	-0.14270088333841	0.1337992689613159	0.2861842968946837	0.867013368257443	0.6670118610755973	1.1269847278651608	0.47832216406779293
TLR1	GCST90243028	Conjunctivitis	H7_CONJUNCTIVITIS	4	rs55979125	0.003388441561392	0.3965	0.0630799	0.0598419	0.1590918032786885	0.15092534678436317	0.2918329041923693	1.1724455760882446	0.8722127753419842	1.5760244148567075	0.4860456467710939
TNFRSF1B	GCST90243171	Pollen allergy	POLLENALLERG	1	rs5746017	2.9512092266663904e-15	0.4752	0.0663623	0.0633567	0.1396513047138047	0.1333263888888889	0.2948969958229415	1.1498727737275813	0.8854419168691352	1.4932740031499756	0.48942554043596953
ERBB3	GCST90242599	Other malignant neoplasms of skin (=non-melanoma skin cancer), excluding all cancers (controls excluding all cancers)	C3_OTHER_SKIN_EXALLC	12	rs76400083	1.1220184543019653e-13	-0.8972	-0.136548	0.133564	0.15219349086045475	0.14886758805171643	0.30661936910161436	1.1643855125917029	0.8697173704006584	1.558889896966023	0.5071012642834392
LYPD3	GCST90241827	Alzheimer’s disease, wide definition	G6_AD_WIDE	19	rs74260430	0.0003090295432513	-0.3411	0.0517859	0.0510767	-0.15182028730577543	0.14974113163295222	0.3106376294730304	0.8591426657114167	0.6406237900840971	1.1521990464150926	0.5119567900374334
LRP1	GCST90241819	Other diseases of upper respiratory tract	J10_UPPERDIS	12	rs117756404	0.0046773514128719	-0.3875	-0.0469357	0.0470972	0.12112438709677419	0.12154116129032258	0.3189728263494196	1.1287653074750292	0.8894995399898473	1.432390981757832	0.5238685654974843
IL4	GCST90241639	Childhood allergy (age < 16)	CHILDHOOD_ALLERGY	5	rs62384157	0.0011481536214968	-0.1068	0.0210754	0.0213182	-0.19733520599250937	0.1996086142322097	0.32285366338386723	0.8209154114219696	0.5551216001374844	1.2139720604336046	0.5269488868691254
ERBB3	GCST90242599	Hypothyroidism, strict autoimmune	E4_HYTHY_AI_STRICT	12	rs76400083	1.1220184543019653e-13	-0.8972	0.0963505	0.0975054	-0.10739021399910835	0.10867744092732948	0.3230764845497809	0.898175124093138	0.7258600885562074	1.1113967640022064	0.5269488868691254
IL4	GCST90241639	Papulosquamous disorders	L12_PAPULOSQUAMOUS	5	rs62384157	0.0011481536214968	-0.1068	0.013157	0.0134072	-0.12319288389513108	0.12553558052434455	0.32642589951428413	0.8840931187893655	0.6912576759748418	1.1307225508757375	0.5299458426753002
ADM	GCST90240213	Atrial fibrillation and flutter	I9_AF	11	rs76172966	0.0007943282347242	-0.4619	-0.0527079	0.0537912	0.1141110630006495	0.11645637583892618	0.32715472740208806	1.120876605890616	0.8921299852505905	1.408275011942309	0.5299458426753002
SATB1	GCST90240942	Atopic dermatitis	L12_ATOPIC	3	rs11717353	0.0061659500186148	-0.2864	0.0186188	0.0191295	-0.06500977653631286	0.06679294692737431	0.3304027250900057	0.9370583021481027	0.8220747490191217	1.0681245989764132	0.5316949249506352
IL2RA	GCST90241612	Infective dermatitis	L12_INFECT_DERM	10	rs7907381	0.0014125375446227	-0.086	0.0233402	0.0240041	-0.27139767441860463	0.27911744186046517	0.3308803240262721	0.7623132836272177	0.4411069744663804	1.3174163548366247	0.5316949249506352
SORT1	GCST90242862	Coronary artery bypass grafting	I9_CABG	1	rs80315857	0.0023442288153199	0.2766	0.0394882	0.0407259	0.14276283441793203	0.14723752711496746	0.332241414985623	1.1534562091107003	0.8643109157424441	1.5393317405845324	0.5316949249506352
SORT1	GCST90242862	Statin medication	RX_STATIN	1	rs80315857	0.0023442288153199	0.2766	0.0142336	0.0146946	0.0514591467823572	0.05312581344902386	0.332730862125556	1.0528061748937636	0.9486954509996965	1.1683421067598148	0.5316949249506352
LTBR	GCST90243176	Suppurative and unspecified otitis media	H8_MED_SUPP	12	rs199612439	0.0008317637711026	0.3607	-0.0983407	0.103031	-0.27263848073191016	0.28564180759634045	0.33984234334585084	0.7613679870784208	0.4349620802114978	1.33271666225704	0.5393937205672983
IL6ST	GCST90241649	Seropositive rheumatoid arthritis, wide	RHEUMA_SEROPOS_WIDE	5	rs3842913	1.3489628825916533e-07	-0.3475	0.0253984	0.0266309	-0.07308892086330936	0.07663568345323742	0.34022581092436766	0.9295181727924845	0.7998789618633618	1.0801684689127644	0.5393937205672983
LYPD3	GCST90241827	Any dementia (more control exclusions)	KRA_PSY_DEMENTIA_EXMORE	19	rs74260430	0.0003090295432513	-0.3411	0.036924	0.0387755	-0.10824978012313104	0.11367780709469362	0.34096981490406386	0.8974034148980836	0.718163311806048	1.1213784884742701	0.5393937205672983
IL6ST	GCST90241649	Other systemic involvement of connective tissue (FG)	OTHER_SYSTCON_FG	5	rs3842913	1.3489628825916533e-07	-0.3475	0.0253665	0.0268512	-0.07299712230215828	0.07726964028776978	0.3448087980058798	0.929603505139944	0.7989590250944791	1.0816107580314025	0.5436485381892705
IL6	GCST90241646	Calcific aortic valvular stenosis, operated	I9_CAVS_OPERATED	7	rs35610974	0.0002238721138568	0.1042	-0.0143772	0.015363	-0.13797696737044146	0.14743761996161228	0.34935925759242137	0.8711187556703358	0.6524931078681817	1.1629975509778698	0.548993119073805
PLAUR	GCST90243297	Coronary angioplasty	I9_ANGIO	19	rs2302524	3.8904514499428046e-10	0.2144	0.0173993	0.0188655	0.0811534514925373	0.08799207089552238	0.35638180653176743	1.0845373076669917	0.9127337997291459	1.288679319283028	0.5581741539388277
TNFRSF14	GCST90243162	Rheumatoid arthritis	M13_RHEUMA	1	rs262695	0.0005623413251903	0.0955	0.0119876	0.0131047	0.1255246073298429	0.1372219895287958	0.3603198567581676	1.133743067006884	0.8663810183792187	1.4836120768097927	0.5624795123650602
TNFRSF4	GCST90243177	Thyrotoxicosis with diffuse goitre	E4_THYTOXGOITDIF	1	rs139917516	0.0021877616239495	0.4025	0.0577107	0.0633154	0.14338062111801242	0.1573053416149068	0.3620426917781727	1.154169019175432	0.8479464036358925	1.5709791551830015	0.5633098460890649
MXRA8	GCST90241897	Hernia	K11_HERNIA	1	rs28507236	0.0023988329190194	-0.1512	-0.00850189	0.00935178	0.05622943121693121	0.06185039682539683	0.3632867997333926	1.0578403574976183	0.9370699498321989	1.1941757626002976	0.5633923156521138
TGFA	GCST90243056	Diseases of the digestive system	K11_OTHDIG	2	rs13306098	0.0012302687708123	-0.5835	0.0698809	0.0796913	-0.11976161096829477	0.13657463581833762	0.3805436893750085	0.8871318940248161	0.6787870000522291	1.1594255596166423	0.5882260296548334
PROC	GCST90240180	Other hammer toe(s) (acquired)	M13_HAMMERTOE	2	rs1048211	0.0025703957827688	-0.0831	0.0170087	0.0195525	-0.20467749699157645	0.23528880866425994	0.38435560752798903	0.8149100849913127	0.5138398890409266	1.2923839911689992	0.5892070707635195
CRIM1	GCST90240839	Other disorders of veins	I9_VEINSOTH	2	rs3755210	0.0035481338923357	0.1167	0.0140747	0.0161974	0.12060582690659813	0.13879520137103685	0.38487551733215053	1.1281801264614228	0.8594756647869165	1.480891722580727	0.5892070707635195
TNFRSF14	GCST90243162	Autoimmune diseases	AUTOIMMUNE	1	rs262695	0.0005623413251903	0.0955	0.0045933	0.00528649	0.048097382198952876	0.05535591623036649	0.3849154014078806	1.0492728308449206	0.9413877020096696	1.1695218359013622	0.5892070707635195
PLAUR	GCST90243297	Hard cardiovascular diseases	I9_CVD_HARD	19	rs2302524	3.8904514499428046e-10	0.2144	0.00854472	0.00986191	0.039854104477611944	0.045997714552238805	0.3862507673777178	1.0406589356373324	0.9509427518959381	1.1388393446005625	0.5893439128053565
PDGFB	GCST90242294	Degeneration of macula and posterior pole	H7_MACULADEGEN	22	rs11703406	0.013182567385564	0.2428	-0.0238605	0.0276225	-0.09827224052718286	0.11376647446457991	0.3876940980216128	0.906402110773443	0.725238632160045	1.1328199436475284	0.5896440783415526
IL4	GCST90241639	Psoriasis vulgaris	L12_PSORI_VULG	5	rs62384157	0.0011481536214968	-0.1068	0.0173075	0.0201273	-0.1620552434456929	0.18845786516853932	0.38984321727425897	0.8503942245354156	0.5877623031385959	1.2303789019158402	0.5906312702314467
CD70	GCST90240646	Asthma-related infections	ASTHMA_INFECTIONS	19	rs76226883	0.0012022644346174	0.123	-0.00987368	0.0115085	-0.08027382113821138	0.09356504065040651	0.39092187618533814	0.9228636122215241	0.7682336957250565	1.1086174057475433	0.5906312702314467
TLR1	GCST90243028	Allergic conjunctivitis	H7_ALLERGICCONJUNCTIVITIS	4	rs55979125	0.003388441561392	0.3965	0.0591816	0.0694068	0.14926002522068096	0.1750486759142497	0.39383830513900353	1.1609748327010028	0.8237935063470521	1.6361655582136703	0.5906312702314467
LTBR	GCST90243176	Appendectomy	K11_APPENDECTOMY	12	rs199612439	0.0008317637711026	0.3607	0.0655117	0.0769438	0.18162378708067647	0.21331799279179375	0.3945345715511266	1.1991629684056753	0.7894020816206666	1.8216215263117492	0.5906312702314467
ICAM3	GCST90241539	Diverticular disease of intestine	K11_DIVERTIC	19	rs142210174	0.0022387211385683	0.4889	0.0579244	0.0681736	0.1184790345673962	0.13944283084475353	0.3955139880922771	1.1257832713212637	0.8565617107608592	1.4796224931196393	0.5906312702314467
ADM	GCST90240213	Cardiovascular diseases (excluding rheumatic etc)	FG_CVD	11	rs76172966	0.0007943282347242	-0.4619	-0.0264621	0.031244	0.057289673089413296	0.06764234682831782	0.39702309485382825	1.0589625189151803	0.9274751041996195	1.209090800809059	0.5906312702314467
LTBR	GCST90243176	Acute appendicitis, with complications	APPENDACUT_COMPLIC	12	rs199612439	0.0008317637711026	0.3607	-0.125624	0.149009	-0.34827834765733295	0.4131106182423066	0.39919311501860877	0.705902362597166	0.3141215835027666	1.5863225314343041	0.5906312702314467
PILRA	GCST90242192	COPD	J10_COPD	7	rs113842733	1.8197008586099827e-05	-0.1279	0.00990327	0.0117661	-0.07742978889757622	0.09199452697419858	0.399968097671225	0.9254920019292779	0.7727968580464282	1.108357826143754	0.5906312702314467
CASP3	GCST90240616	Colon adenocarcinoma, excluding all cancers (controls excluding all cancers)	C3_COLON_ADENO_EXALLC	4	rs58982845	0.0013182567385564	0.1048	-0.0252015	0.0299884	-0.2404723282442748	0.286148854961832	0.4006981926198623	0.7862564022421912	0.44873440854643204	1.3776503835962632	0.5906312702314467
TNFRSF14	GCST90243162	Seropositive rheumatoid arthritis, wide	RHEUMA_SEROPOS_WIDE	1	rs262695	0.0005623413251903	0.0955	0.012539	0.0149249	0.13129842931937172	0.15628167539267016	0.4008301009393116	1.1403080318889218	0.8394455585233259	1.5490014741131712	0.5906312702314467
ADM	GCST90240213	Hypertension, essential	I9_HYPTENSESS	11	rs76172966	0.0007943282347242	-0.4619	-0.0279007	0.0335248	0.06040420004329942	0.07258021216713575	0.4052731458067078	1.0622658276753312	0.9214073810664611	1.2246577483899757	0.5928477909420132
PLAUR	GCST90243297	Abdominal aortic aneurysm (AAA)	I9_ABAORTANEUR	19	rs2302524	3.8904514499428046e-10	0.2144	0.028892	0.0347511	0.13475746268656716	0.16208535447761194	0.405748747898941	1.1442592251351067	0.8328265913885963	1.5721510190059036	0.5928477909420132
CD2	GCST90242957	Autoimmune diseases	AUTOIMMUNE	1	rs147621538	0.0054954087385762	0.5586	0.0806687	0.0971667	0.14441228070175438	0.1739468313641246	0.4064204463329586	1.155360343120042	0.8215820166839714	1.6247404341226301	0.5928477909420132
CLINT1	GCST90240712	Immunodeficiencies	D3_IMMUDEF	5	rs2900723	0.0023988329190194	0.309	0.0798835	0.0964759	0.2585226537216828	0.31221974110032363	0.40766196006666755	1.295015486440983	0.7022765274068713	2.388040956337347	0.5928477909420132
IL6ST	GCST90241649	Systemic connective tissue disorders	M13_SYSTCONNECT	5	rs3842913	1.3489628825916533e-07	-0.3475	0.019021	0.0230432	-0.05473669064748202	0.06631136690647482	0.4091163907167945	0.946734399158606	0.8313478582053776	1.0781359616238788	0.5928477909420132
IL4	GCST90241639	Chronic lower respiratory diseases	J10_LOWCHRON	5	rs62384157	0.0011481536214968	-0.1068	0.00539588	0.00654721	-0.05052322097378276	0.06130346441947566	0.4098546038859161	0.9507318514966031	0.8430929962435689	1.072113109084618	0.5928477909420132
CD70	GCST90240647	Non-follicular lymphoma (controls excluding all cancers)	CD2_NONFOLLICULAR_LYMPHOMA_EXALLC	19	rs113915490	0.0003090295432513	0.3283	-0.04362	0.0534083	-0.1328662808406945	0.16268138897349985	0.41408446470160776	0.8755821663922522	0.6365312260275773	1.2044093027274914	0.5971400969629893
CD70	GCST90240647	Primary_lymphoid and hematopoietic malignant neoplasms (controls excluding all cancers)	CD2_PRIMARY_LYMPHOID_HEMATOPOIETIC_EXALLC	19	rs113915490	0.0003090295432513	0.3283	-0.0260314	0.0319888	-0.07929150167529699	0.09743770941212306	0.4157789772307823	0.9237706045145823	0.7631738583482428	1.1181621598152867	0.5977612651372645
IL4R	GCST90241640	Allergic rhinitis	ALLERG_RHINITIS	16	rs62029122	0.0014125375446227	-0.1417	0.0129397	0.0160312	-0.09131757233592097	0.11313479181369089	0.41957586697421	0.9127278077671221	0.7312047488314349	1.1393143335060936	0.6013920759963677
TNFRSF14	GCST90243162	Suggestive for eosinophilic asthma	ASTHMA_EOSINOPHIL_SUGG	1	rs262695	0.0005623413251903	0.0955	0.0215415	0.0268369	0.22556544502617804	0.28101465968586387	0.4221584853939475	1.2530310360820118	0.7223660399949627	2.1735334864242906	0.6032657510312301
LRP1	GCST90241818	Chronic diseases of tonsils and adenoids	J10_CHRONTONSADEN	12	rs117324780	0.0031622776601683	-0.178	0.0195217	0.0244262	-0.10967247191011237	0.1372258426966292	0.42416778342367634	0.8961275941951109	0.6847954327821014	1.1726781848053625	0.6043113299981895
IL4	GCST90241639	Varicose veins	I9_VARICVE	5	rs62384157	0.0011481536214968	-0.1068	-0.00792471	0.00995839	0.07420140449438202	0.09324335205992508	0.42615861042570424	1.0770237010675663	0.897129043969456	1.292991304270795	0.605324392586661
CRIM1	GCST90240839	Hyperplasia of prostate	N14_PROSTHYPERPLA	2	rs3755210	0.0035481338923357	0.1167	0.0105013	0.0132473	0.08998543273350472	0.113515852613539	0.42794535908931763	1.0941583446929215	0.8758979954386297	1.3668058261300535	0.6060423797881654
SNCA	GCST90240259	Dementia due to Parkinson's disease (more control exclusions)	PD_DEMENTIA_EXMORE	4	rs115943504	1.778279410038923e-05	-0.4057	-0.185399	0.240064	0.4569854572344097	0.5917278777421741	0.4399427523393862	1.5793059166066943	0.495196223852684	5.036805730915493	0.6211729010642676
IL6ST	GCST90241649	Polymyalgia rheumatica	M13_POLYMYALGIA	5	rs3842913	1.3489628825916533e-07	-0.3475	0.0317742	0.0413158	-0.09143654676258994	0.11889438848920864	0.44185954816586315	0.912619222959024	0.7229107212463496	1.1521116254554904	0.6220225186977776
TNFRSF14	GCST90243162	Follicular lymphoma, hilmo (controls excluding all cancers)	CD2_FOLLICULAR_LYMPHOMA_EXALLC	1	rs262695	0.0005623413251903	0.0955	-0.0323908	0.0422457	-0.3391706806282722	0.4423633507853403	0.4432455196995808	0.7123608525145334	0.29933173225764736	1.6953030016825696	0.622122049904753
PROC	GCST90240179	Other hammer toe(s) (acquired)	M13_HAMMERTOE	2	rs186553593	0.0006760829753919	-0.5713	0.104922	0.137682	-0.18365482233502536	0.2409977244880098	0.44602395608004564	0.8322230190521341	0.5189175029358808	1.3346922189399115	0.623160095321657
BMP6	GCST90240457	Female genital prolapse	N14_FEMGENPROL	6	rs141676614	0.0013803842646028	-0.227	0.0384968	0.050583	-0.16958942731277532	0.22283259911894274	0.4466200260339148	0.8440112734452434	0.5453424562373418	1.3062526519898046	0.623160095321657
ADM	GCST90240213	Female genital prolapse	N14_FEMGENPROL	11	rs76172966	0.0007943282347242	-0.4619	-0.0511506	0.0685041	0.11073955401602079	0.14830937432344662	0.45525710991410273	1.1171039237327867	0.8353146325479871	1.493953449148393	0.6317655181469428
TLR1	GCST90243028	Asthma (only as main-diagnosis) (more control exclusions)	J10_ASTHMA_MAIN_EXMORE	4	rs55979125	0.003388441561392	0.3965	0.0436253	0.0584519	0.11002597730138713	0.14741967213114754	0.45545886191988894	1.1163070687273862	0.8361756501971646	1.4902867255186127	0.6317655181469428
HAVCR1	GCST90241394	Statin medication	RX_STATIN	5	rs6882177	1.3803842646028867e-57	-0.4282	0.00414495	0.00563318	-0.009679939280709947	0.01315548808967772	0.4618463536289448	0.9903667605262915	0.9651568075857764	1.016235198929757	0.6387524130599149
BMP6	GCST90240458	Lumbar disc prolapse	M13_LUMBAR_PROLAPSE	6	rs6597292	0.0004073802778041	0.0924	-0.00622038	0.00859353	-0.06732012987012988	0.09300357142857144	0.46916116507940053	0.9348958653341808	0.7791068107468232	1.1218362706663203	0.6462573032369476
TNFRSF4	GCST90243177	Pollen allergy	POLLENALLERG	1	rs139917516	0.0021877616239495	0.4025	-0.0375517	0.0519768	-0.09329614906832298	0.1291349068322981	0.47000531144505286	0.9109236911438024	0.7072291380882446	1.1732858933528745	0.6462573032369476
CD70	GCST90240646	Non-Hodgkin lymphoma, all, excluding all cancers (controls excluding all cancers)	C3_NONHODGKIN_EXALLC	19	rs76226883	0.0012022644346174	0.123	-0.0198079	0.0276434	-0.161039837398374	0.2247430894308943	0.4736513202497603	0.851258158521281	0.5479691481129535	1.3224110425641542	0.6477520214403722
LDLR	GCST90241817	Diseases of arteries, arterioles and capillaries (FINNGEN)	FG_DOAAC	19	rs7250183	5.128613839913648e-05	-0.1588	0.0122153	0.0170543	-0.07692254408060453	0.10739483627204031	0.4738312884109277	0.9259615720338379	0.7501992634244036	1.1429027922123196	0.6477520214403722
IL24	GCST90241624	Ulcerative colitis (strict definition, require KELA, min 2 HDR)	K11_UC_STRICT2	1	rs140479798	0.0015135612484362	0.4247	-0.130822	0.184915	-0.30803390628679067	0.43540145985401457	0.47927382815054287	0.7348904001819674	0.31304110612232083	1.7252171990108613	0.6533040942801348
IL4	GCST90241639	Childhood asthma (age<16) (more control exclusions)	ASTHMA_CHILD_EXMORE	5	rs62384157	0.0011481536214968	-0.1068	0.0147288	0.0209928	-0.13791011235955056	0.19656179775280896	0.4829211776667861	0.8711769962710497	0.5926381693433915	1.2806285489048406	0.6547913382089859
IGF1R	GCST90241513	Acute laryngitis and tracheitis	J10_LARYNGITIS	15	rs45557435	9.549925860214367e-05	-0.2369	0.0445293	0.0636896	-0.1879666525960321	0.2688459265512875	0.48445126757212886	0.8286423398427918	0.4892387493703118	1.4035031531412963	0.6547913382089859
IL4R	GCST90241640	Pollen allergy	POLLENALLERG	16	rs62029122	0.0014125375446227	-0.1417	0.0149144	0.0213351	-0.10525335215243473	0.15056527875793932	0.4845179035373046	0.9000964523228446	0.6700779041418116	1.209073778550845	0.6547913382089859
SORT1	GCST90242862	Ischaemic heart disease, wide definition	I9_IHD	1	rs80315857	0.0023442288153199	0.2766	-0.0127553	0.0184209	-0.04611460592913955	0.06659761388286334	0.48866337071651045	0.9549325149910393	0.8380764704529878	1.088082222012776	0.6585121776322207
ERBB3	GCST90242599	Asthma/COPD (KELA code 203)	J10_ASTHMACOPDKELA	12	rs76400083	1.1220184543019653e-13	-0.8972	0.0631109	0.0917351	-0.0703420641997325	0.10224598751671868	0.4914723376270398	0.9320749359026166	0.7628115988614113	1.1388967963185168	0.6593715732070586
NELL2	GCST90242482	Pre-eclampsia	O15_PREECLAMPS	12	rs117019319	0.0016218100973589	-0.292	0.0914064	0.133375	-0.3130356164383562	0.456763698630137	0.4931332867280387	0.731223868515249	0.2987068964671984	1.790010047341245	0.6593715732070586
LILRB2	GCST90241795	Chronic lower respiratory diseases	J10_LOWCHRON	19	rs400942	0.0	1.2847	-0.00448399	0.00654808	-0.0034903012376430297	0.005096972055732857	0.49348316472579024	0.9965157827833081	0.9866100867693924	1.006520933297878	0.6593715732070586
ADM	GCST90240213	Other heart diseases	FG_OTHHEART	11	rs76172966	0.0007943282347242	-0.4619	-0.0282089	0.0417465	0.06107144403550552	0.090379952370643	0.4992191195892035	1.062974854687675	0.8904099871473378	1.2689834548220473	0.6647398969588033
XCL1	GCST90241835	Other coagulation defects	D3_COAGOTHER	1	rs4656599	2.0417379446695397e-43	0.4295	-0.0216093	0.0320613	-0.05031268917345751	0.07464796274738068	0.5003116349203678	0.9509320318563517	0.8215005301523132	1.100756111554535	0.6647398969588033
IL1RN	GCST90241577	Disorders of skin appendages	L12_DISORDSKINAPPENDIX	2	rs4849204	0.0112201845430196	-0.0686	0.00667334	0.00994912	-0.09727900874635569	0.14503090379008748	0.5023818693230397	0.907302825391217	0.6828093598093434	1.205605056721457	0.6656207960498538
ERBB3	GCST90242599	Malignant neoplasm of skin, excluding all cancers (controls excluding all cancers)	C3_SKIN_EXALLC	12	rs76400083	1.1220184543019653e-13	-0.8972	-0.0800537	0.122862	0.08922614801604994	0.1369393669193045	0.5146759450723093	1.0933278823019192	0.8359595843493384	1.429932595544319	0.6800048101095036
LTBR	GCST90243176	Acute appendicitis	K11_APPENDACUT	12	rs199612439	0.0008317637711026	0.3607	0.0467883	0.0736824	0.129715275852509	0.20427612974771275	0.5254286274343354	1.138504177540839	0.7628712998092562	1.6990962467745667	0.6922778294608374
TG	GCST90243017	Hypothyroidism, strict autoimmune	E4_HYTHY_AI_STRICT	8	rs6989475	0.0052480746024977	0.1196	0.0145759	0.0231654	0.12187207357859531	0.193690635451505	0.5292116206209521	1.129609585624925	0.7727794624772542	1.6512056516684057	0.6952090123765934
LTBR	GCST90243176	Other diseases of upper respiratory tract	J10_UPPERDIS	12	rs199612439	0.0008317637711026	0.3607	-0.0285828	0.0455961	-0.0792425838647075	0.12641003604103132	0.5307448448931413	0.9238157944553296	0.7210792330187419	1.1835531839022602	0.6952090123765934
TLR1	GCST90243028	Acute tubulo-interstitial nephritis	N14_PYELONEPHR	4	rs55979125	0.003388441561392	0.3965	-0.0413357	0.0661519	-0.1042514501891551	0.16683959646910465	0.5320627113748981	0.900998712638284	0.6496918799877782	1.2495133542243384	0.6952090123765934
CLEC10A	GCST90240504	Cholecystectomy	K11_CHOLECYSTECTOMY	17	rs11869206	0.0005370317963702	-0.1694	-0.00737827	0.0121556	0.04355531286894924	0.07175678866587958	0.5438606956782064	1.0445177679886135	0.9074761511470891	1.2022545895722125	0.7068390291545809
TNFRSF4	GCST90243177	Nasal polyp	J10_NASALPOLYP	1	rs139917516	0.0021877616239495	0.4025	0.031419	0.0519218	0.07805962732919255	0.1289982608695652	0.5450982376465141	1.081187125048709	0.8396442708071236	1.3922152988043415	0.7068390291545809
ERBB3	GCST90242599	Disorders of choroid and retina	H7_CHOROIDRETINA	12	rs76400083	1.1220184543019653e-13	-0.8972	-0.0624549	0.1033	0.06961090057958091	0.11513597860008917	0.5454466081213996	1.072090950119956	0.855511607651001	1.3434990186573714	0.7068390291545809
CRIM1	GCST90240839	Sleep apnoea	G6_SLEEPAPNO	2	rs3755210	0.0035481338923357	0.1167	-0.00563962	0.0095351	-0.04832579263067695	0.08170608397600686	0.5542129685597443	0.9528233136913424	0.8118256186639515	1.1183094574027685	0.7162369784938772
CD84	GCST90242829	Other diseases of anus and rectum	K11_OTHANRECT	1	rs141872798	0.0010964781961431	0.4678	-0.0439231	0.0746659	-0.09389290294997862	0.15961073108165882	0.5563565524705143	0.9103802560598453	0.6658239811970877	1.2447617298696576	0.7170480907862486
ERBB3	GCST90242599	Basal cell carcinoma, including avohilmo, excluding all cancers (controls excluding all cancers)	C3_BASAL_CELL_CARCINOMA_INCLAVO_EXALLC	12	rs76400083	1.1220184543019653e-13	-0.8972	-0.0781105	0.136704	0.08706029870708872	0.1523673651359786	0.5677392650553799	1.0909624613608861	0.8093047469801088	1.4706439033501135	0.7297300879652029
PLAUR	GCST90243297	Major coronary heart disease event	I9_CHD	19	rs2302524	3.8904514499428046e-10	0.2144	0.0062799	0.0112661	0.029290578358208953	0.052547108208955216	0.5772435028390417	1.0297237664480385	0.9289487080159511	1.141431196403287	0.7399354385985548
CD70	GCST90240646	Asthma (more control exclusions)	J10_ASTHMA_EXMORE	19	rs76226883	0.0012022644346174	0.123	-0.00500381	0.00905135	-0.04068138211382114	0.07358821138211381	0.5803834418611467	0.960134997401109	0.8311755321381789	1.10910292421983	0.7419496432441145
TNFRSF4	GCST90243177	Allergic rhinitis	ALLERG_RHINITIS	1	rs139917516	0.0021877616239495	0.4025	-0.0212526	0.0388192	-0.05280149068322981	0.09644521739130434	0.5840514066218083	0.9485682934377582	0.7851864160080362	1.1459467318474494	0.744626186879017
ERBB3	GCST90242599	Type 1 diabetes, definitions combined	T1D	12	rs76400083	1.1220184543019653e-13	-0.8972	0.169648	0.312686	-0.1890860454748105	0.3485131520285332	0.5874392086865359	0.8277152824760282	0.4180426477922687	1.6388581224009786	0.7469321121202459
LTBR	GCST90243176	Tonsillectomy and adenotomy	J10_TONSILLECTOMY	12	rs199612439	0.0008317637711026	0.3607	0.041165	0.0783397	0.11412531189354033	0.2171879678403105	0.599257941591004	1.1208925772551042	0.7323013971137692	1.7156872493995763	0.7599169071649996
LDLR	GCST90241817	Cardiovascular diseases (excluding rheumatic etc)	FG_CVD	19	rs7250183	5.128613839913648e-05	-0.1588	0.00401638	0.00775011	-0.02529206549118388	0.04880421914357683	0.6042941607273598	0.9750250992538356	0.8860797377087916	1.0728988641961128	0.7640730862667504
SNCA	GCST90240258	Parkinson's disease	G6_PARKINSON	4	rs147872991	0.0001584893192461	-0.3372	0.0245208	0.0475093	-0.0727188612099644	0.1408935349940688	0.6057661889007007	0.9298622136191742	0.7054847034378819	1.2256023867041688	0.7640730862667504
CRIM1	GCST90240839	Sleep apnoea, including avohilmo	G6_SLEEPAPNO_INCLAVO	2	rs3755210	0.0035481338923357	0.1167	-0.00457061	0.00912136	-0.03916546700942588	0.07816075407026564	0.616308731930773	0.9615915842980305	0.825009361872873	1.120785311931137	0.7753032718171692
HAVCR1	GCST90241394	Pure hypercholesterolaemia	E4_HYPERCHOL	5	rs6882177	1.3803842646028867e-57	-0.4282	0.00425188	0.0085666	-0.00992965903783279	0.020006071929005137	0.6196600042493885	0.9901194772564343	0.9520463484600377	1.0297151822789694	0.7774514111670047
ERBB3	GCST90242599	Asthma (only as main-diagnosis) (more control exclusions)	J10_ASTHMA_MAIN_EXMORE	12	rs76400083	1.1220184543019653e-13	-0.8972	0.0509525	0.103479	-0.05679057066428889	0.11533548818546589	0.6224404215264117	0.944791915791687	0.7536342354783225	1.1844363248423602	0.7788738607989226
CTSH	GCST90240625	Type 1 diabetes, definitions combined	T1D	15	rs142403935	0.000104712854805	-0.5478	-0.054066	0.111121	0.09869660460021908	0.20284958013873677	0.6265767699813982	1.1037313817313756	0.7416420441708944	1.642602347849012	0.7804223893751412
DOK2	GCST90240963	Atopic dermatitis	L12_ATOPIC	8	rs12548155	0.0001071519305237	0.1731	-0.00967183	0.0199015	-0.055874234546504906	0.11497111496244944	0.6269778181026504	0.9456580595267047	0.7548640441869741	1.1846758001448918	0.7804223893751412
CTSH	GCST90240625	Type1 diabetes, definitions combined, early onset	T1D_EARLY	15	rs142403935	0.000104712854805	-0.5478	-0.0658229	0.136372	0.12015863453815263	0.24894487039065352	0.6293288868077755	1.1276757257091268	0.6922740945291326	1.8369205960517014	0.7812928174805193
IL6ST	GCST90241649	Idiopathic pulmonary fibrosis	IPF	5	rs3842913	1.3489628825916533e-07	-0.3475	-0.0264789	0.0552859	0.07619827338129496	0.1590961151079137	0.6319778256769175	1.0791765249248229	0.7900728581792608	1.474069080961359	0.7825275171339842
TNFRSF14	GCST90243162	Reimbursement for rheumatic diseases	K11_REIMB_202	1	rs262695	0.0005623413251903	0.0955	0.00458184	0.00966961	0.04797738219895288	0.1012524607329843	0.6356145982342076	1.0491469256596813	0.8602971373712568	1.2794524401005365	0.7849757309785385
LYPD3	GCST90241827	Alzheimer’s disease (Late onset) (more control exclusions)	AD_LO_EXMORE	19	rs74260430	0.0003090295432513	-0.3411	0.027489	0.0589729	-0.08058927000879507	0.17289035473468192	0.6411229104647223	0.92257254184867	0.6574054251917237	1.2946958792207897	0.7889623518319905
CSF2RB	GCST90240859	Androgenic alopecia	L12_ALOPECANDRO	22	rs1534881	2.6302679918953924e-38	-0.3158	-0.0401025	0.086306	0.12698701709943	0.27329322355921465	0.6421786584678992	1.135402276870929	0.6645350199081033	1.939910300742257	0.7889623518319905
LRP1	GCST90241818	Coronary atherosclerosis	I9_CORATHER	12	rs117324780	0.0031622776601683	-0.178	0.0118647	0.0260392	-0.0666556179775281	0.1462876404494382	0.6486433802614893	0.9355173212145829	0.7023106908843709	1.24616166271147	0.7948402043100632
ERBB3	GCST90242599	Migraine, single triptan purchase ok & required. ICD-code if available is included	MIGRAINE_TRIPTAN	12	rs76400083	1.1220184543019653e-13	-0.8972	-0.0432623	0.0963265	0.048219237628176544	0.1073634641105662	0.6533440278405012	1.049400698226605	0.8502599505903469	1.2951825199738964	0.7985315895828347
IL6ST	GCST90241649	Atopic dermatitis	L12_ATOPIC	5	rs3842913	1.3489628825916533e-07	-0.3475	0.00755061	0.0170506	-0.021728374100719428	0.04906647482014389	0.6578847651368076	0.9785059865256259	0.8887861134159714	1.077282769401652	0.8003779035165559
ADM	GCST90240213	Hypertension	I9_HYPTENS	11	rs76172966	0.0007943282347242	-0.4619	-0.0141322	0.0319483	0.030595799956700583	0.06916713574366747	0.658238910080212	1.0310686616506892	0.9003499246098576	1.1807660066154948	0.8003779035165559
BMP6	GCST90240458	Spinal stenosis	M13_SPINSTENOSIS	6	rs6597292	0.0004073802778041	0.0924	0.00426919	0.0101749	0.04620335497835498	0.11011796536796538	0.6747919094596193	1.0472873604025446	0.8439788388586495	1.299571464069165	0.8184014696779486
BMP6	GCST90240457	Spinal stenosis	M13_SPINSTENOSIS	6	rs141676614	0.0013803842646028	-0.227	0.0186051	0.0447668	-0.08196079295154185	0.19721057268722467	0.6777024337190392	0.9213080797587719	0.6259445341395566	1.3560443961629842	0.8198292868263568
LTBR	GCST90243176	Chronic diseases of tonsils and adenoids	J10_CHRONTONSADEN	12	rs199612439	0.0008317637711026	0.3607	0.0260836	0.0633778	0.07231383421125588	0.17570779040754086	0.6806638910626999	1.0749926606040563	0.7617983163858536	1.5169490342733545	0.8213112767159618
TLR1	GCST90243028	Asthma/COPD (KELA code 203)	J10_ASTHMACOPDKELA	4	rs55979125	0.003388441561392	0.3965	0.0206419	0.0518966	0.052060277427490545	0.13088675914249684	0.6908140884701182	1.0534392392069938	0.8150728603849565	1.3615153744376738	0.8314378214920252
ADM	GCST90240213	Varicose veins	I9_VARICVE	11	rs76172966	0.0007943282347242	-0.4619	0.019607	0.0498405	-0.042448581944143755	0.10790322580645162	0.6940278138402203	0.9584397453623611	0.7757391947534646	1.1841695658838114	0.8331856749909243
CSF2RB	GCST90240860	Androgenic alopecia	L12_ALOPECANDRO	22	rs3213556	0.0006025595860743	0.1024	0.0369346	0.0954765	0.36068945312499995	0.9323876953125	0.698871012146858	1.4343179687460907	0.2306646327365651	8.918870704454523	0.836875920874592
IL2RA	GCST90241612	Crohn's disease of small intestine	CHRONSMALL	10	rs7907381	0.0014125375446227	-0.086	-0.0118581	0.0314338	0.13788488372093025	0.3655093023255814	0.7059949425893817	1.1478434072064232	0.560731359154383	2.349689322627127	0.8418305401568661
ADM	GCST90240213	Other disorders of veins	I9_VEINSOTH	11	rs76172966	0.0007943282347242	-0.4619	0.0252255	0.0673671	-0.05461247023165188	0.1458478025546655	0.7080707706061338	0.9468520102040454	0.7114329074423819	1.2601732641950507	0.8418305401568661
ERBB3	GCST90242599	Diabetic retinopathy (more control exclusions)	DM_RETINOPATHY_EXMORE	12	rs76400083	1.1220184543019653e-13	-0.8972	-0.0778781	0.208188	0.08680127061970576	0.23204190815871603	0.7083478963687795	1.0906799080373166	0.6921165799821243	1.718760532838288	0.8418305401568661
IL2RA	GCST90241612	Atopic dermatitis	L12_ATOPIC	10	rs7907381	0.0014125375446227	-0.086	-0.00355425	0.00979215	0.04132848837209303	0.11386220930232559	0.7166278047899968	1.04219439806407	0.833733525172593	1.3027773629845087	0.8495362197134548
IL4	GCST90241639	Asthma (only as main-diagnosis) (more control exclusions)	J10_ASTHMA_MAIN_EXMORE	5	rs62384157	0.0011481536214968	-0.1068	0.00321783	0.00892445	-0.030129494382022472	0.08356226591760299	0.7184258567835435	0.9703198744401047	0.8237307719099738	1.1429956131787684	0.8495385756465402
SNCA	GCST90240259	Other and unspecified degenerative diseases of nervous system	G6_DEGENOTH	4	rs115943504	1.778279410038923e-05	-0.4057	0.0827831	0.232277	-0.20405003697313284	0.5725338920384521	0.7215423923445323	0.8154215689393537	0.2654798155806425	2.5045683176977445	0.8510961386009072
TG	GCST90243017	Disorders of the thyroid gland	E4_THYROID	8	rs6989475	0.0052480746024977	0.1196	-0.00686666	0.0196574	-0.05741354515050168	0.16435953177257523	0.7268514897817873	0.944203517830857	0.6841635871702711	1.3030805786837183	0.8552257578775756
LYPD3	GCST90241827	Dementia in Alzheimer disease	F5_ALZHDEMENT	19	rs74260430	0.0003090295432513	-0.3411	0.0203176	0.0596544	-0.059564936968630904	0.1748883025505717	0.7334134210469072	0.9421743496585134	0.6687493117256424	1.3273920280588232	0.8594863955842978
ERBB3	GCST90242599	Diabetic retinopathy	DM_RETINOPATHY	12	rs76400083	1.1220184543019653e-13	-0.8972	-0.0686224	0.202234	0.07648506464556398	0.22540570664288898	0.7343673400394841	1.0794860677097373	0.6939813997312413	1.6791374679936872	0.8594863955842978
CPVL	GCST90242371	Adenomyosis (Endometriosis of uterus)	N14_ENDOMETRIOSIS_UTERUS	7	rs151211421	0.000870963589956	0.5406	0.0383504	0.113713	0.07094043655197929	0.21034591194968555	0.7359238693692192	1.0735172815732046	0.7108189301584249	1.6212839936317838	0.8594863955842978
PLAUR	GCST90243297	Coronary atherosclerosis	I9_CORATHER	19	rs2302524	3.8904514499428046e-10	0.2144	-0.00368133	0.0110769	-0.017170382462686568	0.05166464552238806	0.7396302860527735	0.9829761884623571	0.8883112526292114	1.0877293113467978	0.8616875007462115
PLAUR	GCST90243297	Myocardial infarction, strict	I9_MI_STRICT	19	rs2302524	3.8904514499428046e-10	0.2144	0.00475952	0.0146799	0.022199253731343283	0.06846968283582089	0.7457713358742573	1.022447490652771	0.894043073226099	1.1692936307530364	0.8667072281781909
LRP1	GCST90241819	Coronary atherosclerosis	I9_CORATHER	12	rs117756404	0.0046773514128719	-0.3875	-0.0226612	0.0717843	0.05848051612903225	0.18524980645161288	0.7522418960213066	1.0602243282193462	0.7374115689130321	1.524353120476652	0.8720843549462697
TNFRSF4	GCST90243177	Hypothyroidism, drug reimbursement	HYPOTHY_REIMB	1	rs139917516	0.0021877616239495	0.4025	0.0153493	0.0490899	0.038134906832298136	0.12196248447204967	0.7545258029904458	1.0388713742715376	0.8179847686926197	1.319405658378943	0.8725934103043542
IL4	GCST90241639	Asthma and allergy	ASTHMA_ALLERG	5	rs62384157	0.0011481536214968	-0.1068	0.00660511	0.0216746	-0.06184559925093633	0.2029456928838951	0.7605644493162824	0.9400280166166302	0.6315241110596871	1.399238218381624	0.877431669577077
IL6ST	GCST90241649	Polyarthropathies	M13_POLYARTHROPATHIES	5	rs3842913	1.3489628825916533e-07	-0.3475	0.00453002	0.0150238	-0.013036028776978419	0.04323395683453238	0.7630157774396975	0.9870485722267738	0.9068532998028526	1.0743357102485211	0.8781179141824257
KRT18	GCST90241690	Malignant neoplasm of prostate, excluding all cancers (controls excluding all cancers)	C3_PROSTATE_EXALLC	12	rs114124658	0.0016982436524617	0.4754	0.0190323	0.064229	0.040034286916281026	0.1351051745898191	0.766986156864035	1.040846460996059	0.7986984168016799	1.3564085424211174	0.8805447868851665
LTBR	GCST90243176	Nonsuppurative otitis media	H8_NONSUPPNAS	12	rs199612439	0.0008317637711026	0.3607	-0.0376201	0.129693	-0.10429747712780703	0.3595591904629886	0.7717623823844768	0.9009572433801707	0.44528823364587317	1.8229180406431766	0.883882825345902
IL4	GCST90241639	Asthma, unspecified (mode)	ASTHMA_NAS	5	rs62384157	0.0011481536214968	-0.1068	0.00307445	0.0107631	-0.028786985018726587	0.10077808988764043	0.7751483043254044	0.9716234127673535	0.7974692195859145	1.1838100243265532	0.8856162993862712
BMP6	GCST90240458	Gonarthrosis, primary, with knee surgery	M13_ARTHROSIS_KNEE_PRIM_KNEESURG	6	rs6597292	0.0004073802778041	0.0924	-0.00277401	0.0100078	-0.030021753246753248	0.10830952380952383	0.7816382135642508	0.9704244234369639	0.7848140879280686	1.1999320298761973	0.8908792169057604
KRT18	GCST90241690	Pregnancy hypertension	O15_HYPTENSPREG	12	rs114124658	0.0016982436524617	0.4754	0.016209	0.0593789	0.034095498527555744	0.12490302902818678	0.7848718535001682	1.0346834127525322	0.8100053403054536	1.3216823536268465	0.8924143911191816
TLR1	GCST90243028	Other spirochaetal diseases	AB1_OTHER_SPIROCHAETAL	4	rs55979125	0.003388441561392	0.3965	-0.029356	0.109828	-0.07403783102143757	0.2769936948297604	0.7892453677182711	0.9286365619070717	0.5395901155686436	1.5981869186054083	0.8952351533111325
PLAUR	GCST90243297	Ischaemic heart disease, wide definition	I9_IHD	19	rs2302524	3.8904514499428046e-10	0.2144	0.00256764	0.00981755	0.011975932835820895	0.04579081156716418	0.7936794078208596	1.0120479314492485	0.9251734386192925	1.1070800055384824	0.89811090884992
BMP6	GCST90240458	Other intervertebral disc disorders	M13_INTERVERTEB	6	rs6597292	0.0004073802778041	0.0924	-0.00184976	0.00730235	-0.02001904761904762	0.07902976190476191	0.8000284870145677	0.9801800030336478	0.8395263787738871	1.1443986307496423	0.9007125687579035
BMP6	GCST90240457	Umbilical hernia	K11_UMBHER	6	rs141676614	0.0013803842646028	-0.227	-0.0157567	0.0631117	0.06941277533039647	0.27802511013215864	0.8028474390974376	1.0718785628736478	0.6215639727351714	1.848439909559553	0.9007125687579035
SORT1	GCST90242862	Angina pectoris	I9_ANGINA	1	rs80315857	0.0023442288153199	0.2766	-0.00589107	0.0238257	-0.02129815618221258	0.08613774403470714	0.8047093706426243	0.9789270479019755	0.826853178744689	1.1589701651373518	0.9007125687579035
TLR1	GCST90243028	Allergic asthma (mode)	ALLERG_ASTHMA	4	rs55979125	0.003388441561392	0.3965	0.0257885	0.104531	0.06504035308953342	0.2636343001261034	0.805135206585984	1.0672020884167275	0.6365560054427216	1.7891910339121082	0.9007125687579035
NT5E	GCST90240153	Low back pain	M13_LOWBACKPAIN	6	rs140239019	0.0061659500186148	0.5009	0.0263743	0.10711	0.0526538231183869	0.2138350968257137	0.8054998236460744	1.0540646891262366	0.6931818068447487	1.6028296730984906	0.9007125687579035
CRIM1	GCST90240839	Varicose veins	I9_VARICVE	2	rs3755210	0.0035481338923357	0.1167	-0.00283736	0.0118378	-0.024313281919451587	0.10143787489288776	0.8105733570106337	0.975979905000875	0.8000096277416915	1.1906566395386853	0.9041705718038191
ERBB3	GCST90242599	Basal cell carcinoma, excluding all cancers (controls excluding all cancers)	C3_BASAL_CELL_CARCINOMA_EXALLC	12	rs76400083	1.1220184543019653e-13	-0.8972	-0.0329376	0.138795	0.036711547035220685	0.15469794917521176	0.8124154186397952	1.0373937383762974	0.7660587359860954	1.404834535353283	0.9041705718038191
CD2	GCST90242957	Type 1 diabetes, definitions combined	T1D	1	rs147621538	0.0054954087385762	0.5586	0.105761	0.453301	0.18933225921947727	0.8114948084496957	0.815518392368495	1.2084424019158149	0.24630182472368814	5.929038651606935	0.9054934262683055
IL2RA	GCST90241612	Prurigo nodularis	L12_PRURIGONOD	10	rs7907381	0.0014125375446227	-0.086	0.0130547	0.0566028	-0.15179883720930235	0.6581720930232559	0.817596820365043	0.8591610946021304	0.23649785531308484	3.12120287729768	0.9056751663528462
IL6ST	GCST90241649	Other arthritis (FG)	RHEU_ARTHRITIS_OTH	5	rs3842913	1.3489628825916533e-07	-0.3475	0.00541647	0.0238991	-0.015586964028776979	0.06877438848920864	0.8207044026498063	0.9845338839957173	0.8603768694213747	1.126607424241398	0.9069934169470989
IL2RA	GCST90241612	Allergic contact dermatitis	L12_ALLERGICCONTACT	10	rs7907381	0.0014125375446227	-0.086	-0.00463429	0.0214212	0.05388709302325582	0.2490837209302326	0.8287217277843137	1.0553654373070487	0.6477068998509494	1.719599106507288	0.9094008337963758
CEACAM1	GCST90240600	Other diseases of pleura	J10_PLEURA	19	rs142464219	0.0017782794100389	0.4718	0.0319785	0.14952	0.0677797795676134	0.3169139465875371	0.8306450056647632	1.0701296181205984	0.5750078674572986	1.9915856188941294	0.9094008337963758
BMP6	GCST90240458	Dorsopathies	M13_DORSOPATHY	6	rs6597292	0.0004073802778041	0.0924	-0.00103276	0.00482979	-0.011177056277056277	0.052270454545454544	0.8306786598677207	0.9888851749466979	0.8925906988001534	1.0955680924570186	0.9094008337963758
TLR1	GCST90243028	Lyme disease	AB1_LYME	4	rs55979125	0.003388441561392	0.3965	-0.0233004	0.110758	-0.05876519546027742	0.2793392181588903	0.8333772174246228	0.9429281469753663	0.5453813179260076	1.6302602621951652	0.9094008337963758
BMP6	GCST90240457	Viral haemorrhagic fevers, not elsewhere classified/unspecified	AB1_VIRAL_HEMOR_FEVER_NOS	6	rs141676614	0.0013803842646028	-0.227	-0.0258168	0.12292	0.11373039647577092	0.5414977973568282	0.8336448148112487	1.120450006889365	0.38766826726344056	3.238356925111087	0.9094008337963758
BMP6	GCST90240458	Other dorsopathies, not elsewhere classified	M13_DORSOPATHYOTH	6	rs6597292	0.0004073802778041	0.0924	0.00109525	0.00533097	0.01185335497835498	0.05769448051948052	0.8372202346107684	1.0119238843850258	0.9037271161371384	1.133074275967051	0.9094008337963758
IL7R	GCST90241651	Infective dermatitis	L12_INFECT_DERM	5	rs10624573	2.3442288153199084e-33	0.2974	-0.00435339	0.0212352	-0.014638164088769336	0.0714028244788164	0.8375657231532512	0.9854684529751738	0.8567683502052382	1.1335013385784438	0.9094008337963758
ERBB3	GCST90242599	Type1 diabetes, definitions combined, early onset	T1D_EARLY	12	rs76400083	1.1220184543019653e-13	-0.8972	-0.0785758	0.389445	0.08757891217119929	0.43406709763709317	0.8401015898615096	1.0915283959201438	0.46617573640533083	2.5557620143148614	0.9094008337963758
TG	GCST90243017	Autoimmune diseases	AUTOIMMUNE	8	rs6989475	0.0052480746024977	0.1196	-0.00317755	0.0158872	-0.02656814381270903	0.1328361204013378	0.8414751661126603	0.9737816843778477	0.750566563377668	1.2633799786690205	0.9094008337963758
CRIM1	GCST90240839	Diseases of veins, lymphatic vessels and lymph nodes, not elsewhere classified	I9_DISVEINLYMPH	2	rs3755210	0.0035481338923357	0.1167	-0.00178927	0.00900571	-0.015332219365895457	0.07716975149957156	0.8425117201603323	0.9847847206963901	0.8465509143615534	1.1455908081423143	0.9094008337963758
LYPD3	GCST90241827	Alzheimer’s disease (Early onset) (more control exclusions)	AD_EO_EXMORE	19	rs74260430	0.0003090295432513	-0.3411	-0.0237483	0.121006	0.06962269129287599	0.3547522720609792	0.8444088512065357	1.0721035909114969	0.534891283072263	2.148859302853966	0.9094008337963758
LTBR	GCST90243176	Diseases of middle ear and mastoid	H8_MIDDLEMASTOID	12	rs199612439	0.0008317637711026	0.3607	0.0153239	0.0788741	0.04248378153590241	0.21866953146659274	0.8459542639966287	1.0433991339050577	0.6796967744851352	1.6017168147641894	0.9094008337963758
ERBB3	GCST90242599	Nasal polyp	J10_NASALPOLYP	12	rs76400083	1.1220184543019653e-13	-0.8972	-0.0443372	0.233253	0.04941729826125724	0.25997882300490416	0.8492448639201386	1.050658697320601	0.6311945178132882	1.7488803642967612	0.9108680740005115
LRP1	GCST90241819	Coronary revascularization (ANGIO or CABG)	I9_REVASC	12	rs117756404	0.0046773514128719	-0.3875	-0.0190991	0.103258	0.049288	0.26647225806451613	0.8532566091132046	1.0505228577599612	0.6231315506108088	1.7710518326256817	0.9119684560428075
ERBB3	GCST90242599	Autoimmune diseases	AUTOIMMUNE	12	rs76400083	1.1220184543019653e-13	-0.8972	0.0124084	0.06749	-0.013830138207757468	0.07522291573785109	0.854126904919585	0.9862650587858122	0.8510647613130006	1.142943299263262	0.9119684560428075
TNFRSF14	GCST90243162	Seropositive rheumatoid arthritis, strict definition	RHEUMA_SEROPOS_STRICT	1	rs262695	0.0005623413251903	0.0955	0.00362816	0.0205091	0.037991204188481675	0.21475497382198952	0.8595831005855032	1.0387220964345365	0.6818616203065023	1.5823497928162675	0.9157270418399618
CD70	GCST90240646	Non-follicular lymphoma (controls excluding all cancers)	CD2_NONFOLLICULAR_LYMPHOMA_EXALLC	19	rs76226883	0.0012022644346174	0.123	-0.00557631	0.0336804	-0.04533585365853659	0.2738243902439024	0.868498952476622	0.9556764604923879	0.5587619990156418	1.6345376005315844	0.9227705049792081
IL1R1	GCST90241578	Inflammatory bowel disease, strict (require KELA)	K11_IBD_STRICT	2	rs111267215	0.0002290867652767	-0.4976	-0.0131983	0.0807966	0.026523914790996785	0.1623725884244373	0.8702411591712964	1.0268788045600297	0.7469729107815231	1.4116711115418927	0.9227705049792081
IL2RA	GCST90241612	Nummular dermatitis	L12_DERM_NUMMULAR	10	rs7907381	0.0014125375446227	-0.086	-0.00476137	0.029563	0.05536476744186047	0.34375581395348836	0.8720473905406048	1.0569260765904356	0.5388076545375592	2.073268117053042	0.9227705049792081
LAYN	GCST90241741	Anogenital herpesviral [herpes simplex] infection	AB1_ANOGENITAL_HERPES_SIMPLEX	11	rs141143860	9.772372209558112e-05	-0.4726	0.0173396	0.109976	-0.03668980110029623	0.23270418958950487	0.8747191049985976	0.9639751129947804	0.6109195409452114	1.52106448753558	0.9235315550543229
NT5E	GCST90240153	Lower back pain or/and sciatica	M13_LOWBACKPAINORANDSCIATICA	6	rs140239019	0.0061659500186148	0.5009	-0.0141238	0.0918869	-0.028196845677779997	0.1834436015172689	0.8778395615402199	0.9721969751920421	0.6785844751534755	1.392850843454365	0.9247619434488286
IL2RA	GCST90241612	Dermatitis	L12_DERMATITISNAS	10	rs7907381	0.0014125375446227	-0.086	-0.0013867	0.00965326	0.016124418604651164	0.1122472093023256	0.8857761030893532	1.0162551185844357	0.8155601415041224	1.2663375923991809	0.9310491039139202
CRIM1	GCST90240839	Phlebitis and thrombophlebitis (not including DVT)	I9_PHLETHROM	2	rs3755210	0.0035481338923357	0.1167	-0.00289405	0.0217159	-0.024799057412167952	0.18608311910882605	0.8939808718883551	0.9755059130178074	0.6773806047799992	1.4048406163648162	0.936164288478061
IL4	GCST90241639	Dermatitis due to ingested food	L12_FOODDERMAT	5	rs62384157	0.0011481536214968	-0.1068	0.0062265	0.0469979	-0.05830056179775281	0.44005524344569286	0.8946009691164558	0.9433663649313162	0.3981968336857595	2.2349251003488124	0.936164288478061
LTBR	GCST90243176	Sarcoidosis	D3_SARCOIDOSIS	12	rs199612439	0.0008317637711026	0.3607	-0.0240039	0.187474	-0.06654810091488772	0.5197504851677294	0.8981184619074982	0.935617910696455	0.3378142631510622	2.5913082137226127	0.9377704911307874
RTN4R	GCST90242633	Chronic diseases of tonsils and adenoids	J10_CHRONTONSADEN	22	rs75766	4.786300923226381e-35	-0.3498	-0.000708126	0.00762247	0.002024373927958834	0.021790937678673527	0.9259831582294111	1.0020264243562367	0.960130694269636	1.0457502932680673	0.9642181519536128
IL4	GCST90241639	Obesity related asthma	ASTHMA_OBESITY	5	rs62384157	0.0011481536214968	-0.1068	0.00133331	0.0146583	-0.012484176029962548	0.13725	0.9275248607587607	0.9875934280190505	0.754655310752402	1.2924321410976236	0.9642181519536128
IL2RA	GCST90241612	Other otitis externa (chronic)	H8_EXT_OTH	10	rs7907381	0.0014125375446227	-0.086	0.0028321	0.0334734	-0.03293139534883721	0.38922558139534885	0.9325734527138321	0.9676049395113588	0.45121400723167115	2.0749784004069443	0.9661456518055939
CASP3	GCST90240616	Colorectal adenocarcinoma, excluding all cancers (controls excluding all cancers)	C3_COLORECTAL_ADENO_EXALLC	4	rs58982845	0.0013182567385564	0.1048	0.00190961	0.0228731	0.018221469465648853	0.2182547709923664	0.9334641921250664	1.0183884933717593	0.6639437269413382	1.562052748370397	0.9661456518055939
IL4	GCST90241639	Psoriasis	L12_PSORIASIS	5	rs62384157	0.0011481536214968	-0.1068	-0.0011226	0.0159414	0.01051123595505618	0.14926404494382023	0.9438590429472562	1.0105666730629561	0.7542387684021621	1.354007568278433	0.9747714570175812
HAVCR1	GCST90241394	Disorders of lipoprotein metabolism and other lipidaemias	E4_LIPOPROT	5	rs6882177	1.3803842646028867e-57	-0.4282	0.000503285	0.00750144	-0.0011753503035964502	0.017518542737038765	0.9465086337462503	0.9988253401500369	0.9651114480849229	1.0337169475146983	0.9753781781306675
ADM	GCST90240213	Antihypertensive medication - note that there are other indications	RX_ANTIHYP	11	rs76172966	0.0007943282347242	-0.4619	0.00157217	0.0302397	-0.0034037021000216496	0.0654680666810998	0.9585364507644749	0.9966020839274716	0.8765854294533633	1.13305067631337	0.9856255243730362
HAVCR1	GCST90241394	Metabolic disorders	E4_METABOLIA	5	rs6882177	1.3803842646028867e-57	-0.4282	-0.000302746	0.0065451	0.0007070200840728631	0.015285147127510508	0.9631067134898614	1.0007072700816868	0.9711718262764495	1.0311409508591776	0.9881767364006604
PPP3R1	GCST90240546	Anaemias	D3_ANAEMIA	2	rs148323784	0.0058884365535558	0.0858	-0.000465144	0.0134991	-0.005421258741258741	0.15733216783216783	0.9725124054386878	0.9945934097626885	0.7306707670991562	1.353846486387663	0.9906068058191649
GFRA2	GCST90241247	Atopic dermatitis	L12_ATOPIC	8	rs15881	4.0738027780411215e-33	-0.2954	-0.000294163	0.00853731	0.0009958124576844956	0.028900846310088015	0.9725133932894399	1.0009963084435325	0.9458702778796958	1.0593351254927816	0.9906068058191649
IL6ST	GCST90241649	Biological medication for rheuma	RX_RHEUMA_BIOLOGICAL	5	rs3842913	1.3489628825916533e-07	-0.3475	0.00116071	0.0351841	-0.0033401726618705035	0.10124920863309354	0.973682867195504	0.9966653995091042	0.8172676624303895	1.215442582941118	0.9906068058191649
CALB1	GCST90240543	Benign neoplasm: Cerebral meninges	CD2_BENIGN_MENINGES_CEREBRAL	8	rs78345360	0.0537031796370252	-0.1644	0.00261645	0.0798256	-0.01591514598540146	0.48555717761557177	0.9738523566721178	0.9842108307523267	0.37999118871907545	2.5491932132308364	0.9906068058191649
PILRA	GCST90242192	COPD-related respiratory insufficiency	COPD_INSUFFICIENCY	7	rs113842733	1.8197008586099827e-05	-0.1279	0.00060665	0.0256563	-0.00474315871774824	0.2005965598123534	0.9811355663692172	0.9952680722957198	0.6717208571188733	1.4746580000208933	0.9943296148519798
IL6ST	GCST90241649	Reimbursement for rheumatic diseases	K11_REIMB_202	5	rs3842913	1.3489628825916533e-07	-0.3475	0.000394233	0.0172892	-0.0011344834532374102	0.04975309352517986	0.9818079975975336	0.9988661598298277	0.9060592780551175	1.1011791716264427	0.9943296148519798
SORT1	GCST90242862	Coronary atherosclerosis	I9_CORATHER	1	rs80315857	0.0023442288153199	0.2766	-0.000311348	0.0207702	-0.0011256254519161242	0.07509110629067245	0.9880400545461907	0.9988750078267791	0.8621688086577852	1.157257454968982	0.9943296148519798
IL2RA	GCST90241612	Dermatitis and eczema	L12_DERMATITISECZEMA	10	rs7907381	0.0014125375446227	-0.086	-9.09252e-05	0.00682896	0.0010572697674418605	0.07940651162790699	0.9893767616473683	1.0010578288741472	0.8567753817696349	1.1696376880955541	0.9943296148519798
RTN4R	GCST90242633	Dermatitis and eczema	L12_DERMATITISECZEMA	22	rs75766	4.786300923226381e-35	-0.3498	-7.96653e-05	0.00697693	0.00022774528301886793	0.01994548313321898	0.9908896417631472	1.0002277712189447	0.9618801679094202	1.0401041914524949	0.9943296148519798
ERBB3	GCST90242599	Other retinal disorders	H7_RETINALDISOTH	12	rs76400083	1.1220184543019653e-13	-0.8972	-0.00126783	0.121841	0.0014130962995987516	0.1358013820775747	0.9916976737888941	1.001414095190629	0.7673919335916077	1.3068031421088073	0.9943296148519798
HAVCR1	GCST90241394	Ulcerative colitis (strict definition, require KELA, min 2 HDR)	K11_UC_STRICT2	5	rs6882177	1.3803842646028867e-57	-0.4282	-0.000188548	0.0193549	0.00044032695002335355	0.04520060719290051	0.9922274380763942	1.0004404239081655	0.9156209013316501	1.0931172937772609	0.9943296148519798
IL6ST	GCST90241649	Seropositive rheumatoid arthritis, strict definition	RHEUMA_SEROPOS_STRICT	5	rs3842913	1.3489628825916533e-07	-0.3475	0.000171834	0.0365826	-0.0004944863309352518	0.10527366906474821	0.9962522294351877	0.9995056359072813	0.8131571613702698	1.2285589596566566	0.9962522294351877
