gene_symbol	disease	uk_id	uk_label	uk_caveat	SNP	uk_OR	uk_beta	uk_se	uk_p	uk_FDR	uk_snp_p
FES	Hypertension	ieu-b-5144	Tang UKB, hypertension		rs8027450	0.9746241877066327	-0.025703330794677303	0.002311935310880668	0.0	0.0	1e-28
ACE	Hypertension	ieu-b-5144	Tang UKB, hypertension		rs4277405	1.1102604280918689	0.10459460770788223	0.01219725372450985	0.0	0.0	9.8992e-18
PSRC1	Coronary heart disease	ukb-d-I9_CHD	Neale UKB, major CHD event		rs7528419	0.9934118306305958	-0.006609967148277423	0.0009533788244766118	4.114264484655905e-12	2.063989349802379e-09	4.12098e-12
SWAP70	Hypertension	ieu-b-5144	Tang UKB, hypertension		rs360155	0.9802571375718738	-0.019940356457093918	0.0030227964675694314	4.205258363754183e-11	1.5822284593625113e-08	4.19952e-11
MERTK	Hypertension	ieu-b-5144	Tang UKB, hypertension		rs55812028	1.0126386842028496	0.012559482670939206	0.0020804221906178576	1.570179097853952e-09	4.7262390845403957e-07	1.6e-09
TNFSF12	Hypertension	ieu-b-5144	Tang UKB, hypertension		rs62059804	1.0104184696765506	0.010364571456107688	0.0017318251542885214	2.1669874783469822e-09	5.435526924853681e-07	2.19999e-09
FES	Coronary heart disease	ukb-d-I9_CHD	Neale UKB, major CHD event		rs8027450	0.994259221784526	-0.005757319820905091	0.0010043887032069787	9.915787746450633e-09	2.131894365486886e-06	9.92453e-09
SPINK8	Hypertension	ieu-b-5144	Tang UKB, hypertension		rs11713476	0.9763757205334892	-0.023907807083965185	0.004282258015402586	2.3641726354384218e-08	4.447599770418531e-06	2.39999e-08
ERBB3	Hypertension	ieu-b-5144	Tang UKB, hypertension		rs11171739	1.0292492371589796	0.02882964050557137	0.005382530554832829	8.501398585103459e-08	1.4216227633978562e-05	8.50002e-08
NGFR	Hypertension	ieu-b-5144	Tang UKB, hypertension		rs2671661	0.9286628598536463	-0.07400951254325552	0.0142309611893338	1.986480238080901e-07	2.989652758311756e-05	2e-07
TSPAN15	Venous thromboembolism	ukb-d-I9_VTE	Neale UKB, VTE		rs17569412	0.9934372973952109	-0.006584331820202153	0.0012732897751648834	2.3269741955544987e-07	3.183723785735928e-05	2.32804e-07
C2	Psoriasis	ukb-b-10537	UKB, psoriasis (self-report)	self-report	rs488755	1.007125465660971	0.007100199481724861	0.0014505295734357961	9.835494556575952e-07	0.00012335349423039008	9.80009e-07
IL6ST	Rheumatoid arthritis	ukb-d-M13_RHEUMA	Neale UKB, RA (ICD M13)		rs7731626	1.0061881089410636	0.006169041216603631	0.00138014627086701	7.827595569942503e-06	0.0008677602491735659	7.83051e-06
IL1RL1	Coeliac disease	ukb-b-8631	UKB, coeliac (self-report)	self-report	rs2058660	0.9972384739968655	-0.0027653460504616202	0.0006195798255987072	8.072188364405264e-06	0.0008677602491735659	8.09991e-06
JMJD1C	Hypertension	ieu-b-5144	Tang UKB, hypertension		rs9919429	1.0764098134778919	0.07363125677246952	0.017011440574326023	1.5023909709643846e-05	0.0015073989408675992	1.5e-05
LPL	Hypertension	ieu-b-5144	Tang UKB, hypertension		rs80026582	0.9929085165657564	-0.007116747513611599	0.0016694582611786668	2.0178332034381796e-05	0.0018980243569840377	2e-05
LPL	Coronary heart disease	ukb-d-I9_CHD	Neale UKB, major CHD event		rs80026582	0.9969542341908159	-0.0030504135936409494	0.0007256486424528856	2.6257988905431517e-05	0.0023246043119220256	2.62652e-05
C2	Rheumatoid arthritis	ukb-d-M13_RHEUMA	Neale UKB, RA (ICD M13)		rs488755	1.0042539322718307	0.004244909879989839	0.0010223885115019963	3.296487993065256e-05	0.002756230238646228	3.29731e-05
JMJD1C	Atrial fibrillation	ukb-b-964	UKB, AF/flutter (ICD I48)		rs9919429	0.9821608765756401	-0.018000158612149923	0.004378638556680053	3.9411466401073625e-05	0.003121802996506095	3.89996e-05
IFNGR2	Psoriasis	ukb-b-10537	UKB, psoriasis (self-report)	self-report	rs17879003	0.9977546759198366	-0.002247848599893735	0.0005497923892722293	4.340952559811484e-05	0.0032665668012581417	4.30002e-05
SORT1	Coronary heart disease	ukb-d-I9_CHD	Neale UKB, major CHD event		rs657420	0.9809537473016124	-0.01922996904857308	0.004724340114667416	4.693184241988391e-05	0.0033456342159417355	4.69418e-05
STK11	Hypertension	ieu-b-5144	Tang UKB, hypertension		rs3764640	1.0147245696170906	0.01461721568580653	0.0035995961960298153	4.8906280897487164e-05	0.0033456342159417355	4.90004e-05
ADM	Hypertension	ieu-b-5144	Tang UKB, hypertension		rs7107290	1.010369346539529	0.010315953648105041	0.0026456091573378716	9.648174830179101e-05	0.006204822198822106	9.59997e-05
TNFSF12	Atrial fibrillation	ukb-b-964	UKB, AF/flutter (ICD I48)		rs62059804	0.998266617143807	-0.001734886902566127	0.00044562448829588554	9.89473307453359e-05	0.006204822198822106	9.90011e-05
ERBB3	Psoriasis	ukb-b-10537	UKB, psoriasis (self-report)	self-report	rs11171739	0.9949684206650757	-0.005044280352255513	0.0013419816344944575	0.00017071001559809673	0.010084170141158118	0.00017
SLC16A1	Hypertension	ieu-b-5144	Tang UKB, hypertension		rs7169	0.9736009826160157	-0.02675372804883621	0.00712720836522225	0.00017421157718944258	0.010084170141158118	0.00017
ERBB2	Atrial fibrillation	ukb-b-964	UKB, AF/flutter (ICD I48)		rs903506	1.013216459687438	0.013129884263566762	0.0035119188188408837	0.0001850008308781348	0.010312083350799736	0.000189998
MYL6B	Hypertension	ieu-b-5144	Tang UKB, hypertension		rs11171747	1.023064751378156	0.02280278054622873	0.006114489264825072	0.00019201047912353886	0.010320563252890214	0.000189998
PSRC1	Hypertension	ieu-b-5144	Tang UKB, hypertension		rs7528419	0.9918829979414361	-0.008150124276948667	0.002195352537614988	0.0002052671468595335	0.010652657104261998	0.00021
LYPD3	Coronary heart disease	ukb-d-I9_CHD	Neale UKB, major CHD event		rs2599437	0.9841592393494656	-0.015967566415539657	0.0043428758102394775	0.00023624612934680655	0.011816709626592304	0.000236293
F12	Hypertension	ieu-b-5144	Tang UKB, hypertension		rs2731673	1.037513862731732	0.03682733470258928	0.010037142596702364	0.0002434006634048913	0.011816709626592304	0.000239999
TNFSF13	Hypertension	ieu-b-5144	Tang UKB, hypertension		rs11552708	1.0078668536119546	0.007836071253888044	0.0021710758977123335	0.00030702055550690943	0.014439560501184334	0.000309999
CD226	Coeliac disease	ukb-b-8631	UKB, coeliac (self-report)	self-report	rs763361	0.9986008009334054	-0.0014001788596656071	0.0003899222828563224	0.00032951557753246874	0.015027907399586832	0.000329997
MPO	Hypertension	ieu-b-5144	Tang UKB, hypertension		rs12940119	1.0109897386572009	0.010929790290684274	0.0030507603810214466	0.0003401331884576031	0.015055895547902725	0.000340001
MAPRE3	Hypertension	ieu-b-5144	Tang UKB, hypertension		rs6745807	0.9801962770335965	-0.020002444684075946	0.0057584272416221416	0.0005135353302661017	0.02208201920144237	0.00051
PHOSPHO1	Coronary heart disease	ukb-d-I9_CHD	Neale UKB, major CHD event		rs11650975	0.9915899387880969	-0.008445625314593207	0.0024373872364895433	0.0005301679514611024	0.022163965748582197	0.000530237
HIP1R	Atrial fibrillation	ukb-b-964	UKB, AF/flutter (ICD I48)		rs4426165	1.0102263399973217	0.010174404753985662	0.0030621688317533837	0.000891782523095408	0.036273856682664564	0.00089
MERTK	Psoriasis	ukb-b-10537	UKB, psoriasis (self-report)	self-report	rs55812028	1.001670684169967	0.0016692901296206293	0.0005191802563291063	0.0013033462696334652	0.05161937199469382	0.00129999
LTBR	Psoriasis	ukb-b-10537	UKB, psoriasis (self-report)	self-report	rs2364480	0.9972470062286841	-0.0027567902280169676	0.0008730069988485254	0.001589591270325874	0.06100010922872584	0.0016
DPEP2	Osteoporosis	ukb-b-12141	UKB, osteoporosis (self-report)	self-report	rs12934863	0.9965445309893982	-0.0034614529324578586	0.0010981580341915163	0.0016212653615608197	0.06100010922872584	0.0016
AAMDC	Hypertension	ieu-b-5144	Tang UKB, hypertension		rs12419883	0.990647015576748	-0.009396998237384666	0.0030019145916889397	0.0017460707319520985	0.06409357198994899	0.0017
PINLYP	Coronary heart disease	ukb-d-I9_CHD	Neale UKB, major CHD event		rs915927	0.9921883079797014	-0.007842363119611232	0.0025343784169167952	0.001972159822396291	0.07066906030253377	0.00197229
SLC12A2	Hypertension	ieu-b-5144	Tang UKB, hypertension		rs17764730	1.0148339970090927	0.014725049373296575	0.004805720616732924	0.002183500911193903	0.0764225318917866	0.00219999
IL1RN	Hypertension	ieu-b-5144	Tang UKB, hypertension		rs72950883	0.9718604697303896	-0.028543034486029482	0.009456917640024442	0.0025426632811411665	0.08697064177539672	0.0025
LTBP3	Hypertension	ieu-b-5144	Tang UKB, hypertension		rs12789028	1.0065889086997497	0.006567296721779806	0.002208413865205268	0.0029417336980184228	0.0960596484487645	0.00290001
SCARB1	Coronary heart disease	ukb-d-I9_CHD	Neale UKB, major CHD event		rs7954697	0.9963736688621365	-0.003632922215736088	0.0012238784571147983	0.0029938520838368454	0.0960596484487645	0.00299413
CTLA4	Rheumatoid arthritis	ukb-d-M13_RHEUMA	Neale UKB, RA (ICD M13)		rs13030124	0.9968721952858346	-0.0031327065192583584	0.001055582559564646	0.0029998694199946385	0.0960596484487645	0.00300006
MERTK	Coronary heart disease	ukb-d-I9_CHD	Neale UKB, major CHD event		rs55812028	1.0026733908365955	0.002669823683494742	0.0009045232271480363	0.003160949008032876	0.09910892202269746	0.00316119
PSRC1	Venous thromboembolism	ukb-d-I9_VTE	Neale UKB, VTE		rs7528419	1.0019224113369156	0.0019205658690285587	0.0006540586248301579	0.0033206529795006823	0.09954640783997586	0.00332086
ANXA2	Hypertension	ieu-b-5144	Tang UKB, hypertension		rs62004990	1.0103353437745248	0.01028229928468409	0.0035065298993987174	0.003364301459683583	0.09954640783997586	0.00340001
PSRC1	Glaucoma	ukb-d-H40	Neale UKB, glaucoma (ICD H40)		rs7528419	1.0011888494003107	0.001188143278455426	0.0004053026649316081	0.0033733334218197797	0.09954640783997586	0.00337349
ARG1	Type 2 diabetes	ukb-b-13806	UKB, T2D (self-report)	self-report	rs2246012	0.9989195331168524	-0.0010810510082801684	0.00037360788355945117	0.0038092040181414433	0.11024715475582446	0.00379997
TPPP3	Hypertension	ieu-b-5144	Tang UKB, hypertension		rs149025632	0.9816904008968662	-0.018479294372756066	0.006667056086674213	0.005575887961944748	0.15791734933761106	0.00560003
MAPT	Hypertension	ieu-b-5144	Tang UKB, hypertension		rs17698176	1.0542764502965738	0.05285470253689244	0.019105251910070356	0.005666137451316278	0.15791734933761106	0.00569994
IL4	Hypertension	ieu-b-5144	Tang UKB, hypertension		rs2070874	0.9744463613610284	-0.025885803764865958	0.009399621987544732	0.005888622177923963	0.16113411595955573	0.00589997
CRIM1	Hypertension	ieu-b-5144	Tang UKB, hypertension		rs10172196	0.9838677068992115	-0.01626383517643461	0.005930615712138826	0.006100095396731842	0.16394006378716824	0.0061
TNFSF12	Venous thromboembolism	ukb-d-I9_VTE	Neale UKB, VTE		rs62059804	1.0014078911599	0.0014069010103804922	0.000514513824542018	0.00624887592392076	0.1649922502719429	0.00624928
IL6ST	Coeliac disease	ukb-b-8631	UKB, coeliac (self-report)	self-report	rs7731626	1.0032452620376526	0.0032400075398850907	0.0011972451003983739	0.006805413247696457	0.17658874030660635	0.00680002
PFKFB2	Atrial fibrillation	ukb-b-964	UKB, AF/flutter (ICD I48)		rs1564879	0.9914603957914946	-0.008576275550270612	0.0032051737229787935	0.007456002233471315	0.18432704138833306	0.00749998
TNFSF8	Osteoporosis	ukb-b-12141	UKB, osteoporosis (self-report)	self-report	rs10817679	0.9975768245111263	-0.002426116130018854	0.000907039361230112	0.007478189647868394	0.18432704138833306	0.00749998
SNX2	Ankylosing spondylitis	ukb-b-18194	UKB, AS (self-report)	self-report	rs4836231	1.0031777691573185	0.00317273072008172	0.0011867264031022757	0.0075060941817466365	0.18432704138833306	0.00749998
CD14	Rheumatoid arthritis	ukb-d-M13_RHEUMA	Neale UKB, RA (ICD M13)		rs57599368	1.0015482161018228	0.0015470188508499864	0.0005810504965634721	0.007757371423787296	0.18432704138833306	0.00775765
BCL7A	Hypertension	ieu-b-5144	Tang UKB, hypertension		rs10840637	1.0126677662764934	0.012588201360536903	0.004734037915879996	0.007835357818244182	0.18432704138833306	0.00779992
KIAA0319	Coeliac disease	ukb-b-8631	UKB, coeliac (self-report)	self-report	rs6935076	1.0011745150997822	0.001173825896522645	0.0004414624253868476	0.007838492125483931	0.18432704138833306	0.00779992
ANPEP	Type 2 diabetes	ukb-b-13806	UKB, T2D (self-report)	self-report	rs11073891	1.0005838591442744	0.0005836887648393879	0.00022185511110675853	0.00851476231538495	0.19714949668699	0.00850002
CTLA4	Coeliac disease	ukb-b-8631	UKB, coeliac (self-report)	self-report	rs13030124	0.9976120292077145	-0.0023908265417412295	0.0009148653250151032	0.008966997265766441	0.2027406239042473	0.00899995
PHOSPHO1	Hypertension	ieu-b-5144	Tang UKB, hypertension		rs11650975	0.9854413150923694	-0.014665702521269747	0.005616717697005103	0.009025662326634265	0.2027406239042473	0.00899995
LTBR	Coeliac disease	ukb-b-8631	UKB, coeliac (self-report)	self-report	rs2364480	1.00138892027027	0.001387956612703893	0.0005359684551969068	0.009608089666761632	0.21264963159523906	0.00959997
CD79B	Multiple sclerosis	ukb-b-17670	UKB, MS (self-report)	self-report	rs12603821	1.0030211990174185	0.003016644367031402	0.0011761701789065973	0.010323450969854875	0.21918133123638256	0.01
CD2	Coronary heart disease	ukb-d-I9_CHD	Neale UKB, major CHD event		rs798034	0.9798713087004616	-0.020334033593027486	0.00793481493553816	0.010388122634316765	0.21918133123638256	0.0103882
IL6ST	Coronary heart disease	ukb-d-I9_CHD	Neale UKB, major CHD event		rs7731626	0.991353573051891	-0.00868402417559352	0.0033976137767188544	0.010590789709023385	0.21918133123638256	0.0105911
LILRB2	Glaucoma	ukb-d-H40	Neale UKB, glaucoma (ICD H40)		rs12984962	1.0020933775651906	0.002091189503469461	0.0008184784172301673	0.010619631603265178	0.21918133123638256	0.0106199
PSRC1	Atrial fibrillation	ukb-b-964	UKB, AF/flutter (ICD I48)		rs7528419	0.9985562647196892	-0.0014447784702716839	0.0005655624528574075	0.010631386830734835	0.21918133123638256	0.0109999
PDLIM7	Heart failure	ukb-d-I9_HEARTFAIL	Neale UKB, heart failure		rs2731664	0.9967974541355187	-0.0032076849896108778	0.0012589174583767975	0.010835152364180534	0.22036357173096896	0.0108353
SORT1	Venous thromboembolism	ukb-d-I9_VTE	Neale UKB, VTE		rs657420	1.0082524326613076	0.008218567524499808	0.0032409575358286072	0.011217621825128088	0.22232577706753523	0.0112181
GDF15	Glaucoma	ukb-d-H40	Neale UKB, glaucoma (ICD H40)		rs4808795	0.9975261698563733	-0.0024768951172760272	0.0009768669073467128	0.011227082429988489	0.22232577706753523	0.0112274
IFNGR2	Glaucoma	ukb-d-H40	Neale UKB, glaucoma (ICD H40)		rs17879003	1.001027746195864	0.001027218426320372	0.0004066541714881021	0.0115361414789108	0.2254791289059838	0.0115364
SWAP70	Coronary heart disease	ukb-d-I9_CHD	Neale UKB, major CHD event		rs360155	0.9967192553841835	-0.003286138058001919	0.0013120024163378971	0.01225643774328189	0.23648639491845186	0.0122569
MAPRE3	Atrial fibrillation	ukb-b-964	UKB, AF/flutter (ICD I48)		rs6745807	1.0037050311761282	0.0036981844544537387	0.0014839169677349226	0.012696257685901102	0.24187174452254634	0.0129999
TNFSF8	Rheumatoid arthritis	ukb-d-M13_RHEUMA	Neale UKB, RA (ICD M13)		rs10817679	0.9986653440101595	-0.001335547436417425	0.0005402046141725964	0.013424710663707984	0.24709231664415818	0.0134255
ARG1	Psoriasis	ukb-b-10537	UKB, psoriasis (self-report)	self-report	rs2246012	0.9987737004186912	-0.0012270521019137038	0.0004964770891048536	0.013454074797084381	0.24709231664415818	0.0129999
ANPEP	Coronary heart disease	ukb-d-I9_CHD	Neale UKB, major CHD event		rs11073891	1.0012722316365257	0.0012714230356029924	0.0005144784558917608	0.013462837185927556	0.24709231664415818	0.0134633
C2	Coronary heart disease	ukb-d-I9_CHD	Neale UKB, major CHD event		rs488755	1.006222654987991	0.006203374214170542	0.0025168836108071554	0.013712631084545235	0.24744237893333723	0.0137129
ARG1	Hypertension	ieu-b-5144	Tang UKB, hypertension		rs2246012	0.9950994064787053	-0.0049126408050681825	0.001995265639847636	0.013810737428837427	0.24744237893333723	0.0140001
SCARB1	Coeliac disease	ukb-b-8631	UKB, coeliac (self-report)	self-report	rs7954697	0.998953908940313	-0.001046638594820639	0.00043112533975733466	0.015195333190513693	0.26874612679870347	0.015
MYL6B	Atrial fibrillation	ukb-b-964	UKB, AF/flutter (ICD I48)		rs11171747	0.9961918408720769	-0.0038154286273707934	0.0015741187261919213	0.015356921531354484	0.26874612679870347	0.015
CRISP3	Hypertension	ieu-b-5144	Tang UKB, hypertension		rs78730163	1.0157708320892866	0.01564776474680277	0.006468075645929623	0.01555338854202537	0.26905574431894463	0.016
ARG1	Osteoporosis	ukb-b-12141	UKB, osteoporosis (self-report)	self-report	rs2246012	0.9985787290095097	-0.0014222819541202022	0.0005901906344160643	0.01595826121213184	0.27208659865776186	0.016
CD226	Multiple sclerosis	ukb-b-17670	UKB, MS (self-report)	self-report	rs763361	0.9991364886049506	-0.0008638844357794214	0.00035892535709166625	0.01609017095052545	0.27208659865776186	0.016
PM20D1	Venous thromboembolism	ukb-d-I9_VTE	Neale UKB, VTE		rs823080	1.00188641286777	0.0018846358254888463	0.0007861290467795204	0.016513604563427764	0.27614416519954205	0.0165143
EVI2B	Heart failure	ukb-d-I9_HEARTFAIL	Neale UKB, heart failure		rs9902893	0.9967253778165108	-0.003279995492288955	0.0013825331171398842	0.017670388598430842	0.2890998360336781	0.0176714
AAMDC	Coronary heart disease	ukb-d-I9_CHD	Neale UKB, major CHD event		rs12419883	1.0030947585439367	0.003089979635886486	0.0013024653483542032	0.017672548116344444	0.2890998360336781	0.017673
ANXA11	Hypertension	ieu-b-5144	Tang UKB, hypertension		rs11591611	0.9927551662149167	-0.007271205040809593	0.003091102679765146	0.018657652019121507	0.2986385769718802	0.0189998
IL1RN	Atrial fibrillation	ukb-b-964	UKB, AF/flutter (ICD I48)		rs72950883	0.9942913389064724	-0.005725017778820695	0.0024369113086000994	0.018809117928652475	0.2986385769718802	0.0189998
PROCR	Hypertension	ieu-b-5144	Tang UKB, hypertension		rs2378335	1.0161223355908007	0.01599375095376651	0.006817650094864396	0.018979514283023136	0.2986385769718802	0.0189998
MYL6B	Heart failure	ukb-d-I9_HEARTFAIL	Neale UKB, heart failure		rs11171747	1.0023694349729304	0.0023666322881980024	0.0010094127878336632	0.01904937102279103	0.2986385769718802	0.0190502
DENR	Atrial fibrillation	ukb-b-964	UKB, AF/flutter (ICD I48)		rs7967318	1.0029331407830362	0.002928847518726572	0.0012515960575078646	0.019279089250757053	0.29912401363288005	0.0189998
SORT1	Glaucoma	ukb-d-H40	Neale UKB, glaucoma (ICD H40)		rs657420	1.0046683623094437	0.004657499301302859	0.002008342833097296	0.020390925623076983	0.3113089033426732	0.0203911
ANXA11	Psoriasis	ukb-b-10537	UKB, psoriasis (self-report)	self-report	rs11591611	0.9982158139143581	-0.0017857796413847079	0.0007705728303672861	0.02047812719662767	0.3113089033426732	0.02
PLAU	Atrial fibrillation	ukb-b-964	UKB, AF/flutter (ICD I48)		rs2227551	1.002602613282579	0.0025992323495332456	0.0011238773950460847	0.020737127187195448	0.3120937641672915	0.021
PILRA	Hypertension	ieu-b-5144	Tang UKB, hypertension		rs2005763	0.977622108621955	-0.022632075618035246	0.009819508228023624	0.02117736026151662	0.31492971088511273	0.021
IL4	Psoriasis	ukb-b-10537	UKB, psoriasis (self-report)	self-report	rs2070874	1.0053949877183124	0.005380486903171222	0.002343801472975761	0.021697389530572986	0.31492971088511273	0.0219999
TGFB2	Type 2 diabetes	ukb-b-13806	UKB, T2D (self-report)	self-report	rs12034138	1.0075187985184377	0.007490673243726357	0.0032643176687954098	0.021749558795563395	0.31492971088511273	0.0219999
PM20D1	Type 2 diabetes	ukb-b-13806	UKB, T2D (self-report)	self-report	rs823080	1.0011343970084454	0.0011337540663475113	0.0004941211011237893	0.021762584672459617	0.31492971088511273	0.0219999
HNMT	Venous thromboembolism	ukb-d-I9_VTE	Neale UKB, VTE		rs1522907	1.0025308514266438	0.0025276542154800776	0.0011036892308852859	0.0220105056464448	0.31548391426570876	0.022011
SNX2	Venous thromboembolism	ukb-d-I9_VTE	Neale UKB, VTE		rs4836231	1.006537624371427	0.006516346791418777	0.002853517592442566	0.0223939362710035	0.3179516423383044	0.0223944
FES	Psoriasis	ukb-b-10537	UKB, psoriasis (self-report)	self-report	rs8027450	0.9986908274006298	-0.0013100303144975606	0.0005760136145358356	0.02294768908239364	0.32184540162786746	0.0230001
PSRC1	Multiple sclerosis	ukb-b-17670	UKB, MS (self-report)	self-report	rs7528419	0.9992970041451883	-0.0007032430722662835	0.0003095471378856952	0.02309588264173401	0.32184540162786746	0.0230001
PLAU	Psoriasis	ukb-b-10537	UKB, psoriasis (self-report)	self-report	rs2227551	0.9975376340732117	-0.0024654025356192887	0.001088460058323776	0.02351039608528116	0.322570981294308	0.0239999
GSTM4	Psoriasis	ukb-b-10537	UKB, psoriasis (self-report)	self-report	rs11101980	1.0007605397766466	0.0007602507128243915	0.0003358972507150763	0.02361454954576292	0.322570981294308	0.0239999
DPEP2	Venous thromboembolism	ukb-d-I9_VTE	Neale UKB, VTE		rs12934863	0.9975100742930044	-0.002493030727259509	0.001108309533594939	0.024487100914926785	0.322570981294308	0.0244878
SCARF1	Hypertension	ieu-b-5144	Tang UKB, hypertension		rs150715762	1.060125492221545	0.05838729000481453	0.02599004474457349	0.024670388411310196	0.322570981294308	0.025
DPEP2	Atrial fibrillation	ukb-b-964	UKB, AF/flutter (ICD I48)		rs12934863	0.9978571573293054	-0.0021451418431473884	0.0009560370425435993	0.02484621995935754	0.322570981294308	0.025
LPL	Venous thromboembolism	ukb-d-I9_VTE	Neale UKB, VTE		rs80026582	1.0011162023784426	0.0011155798877416957	0.0004978066588783443	0.02502670412596153	0.322570981294308	0.0250265
NOMO1	Glaucoma	ukb-d-H40	Neale UKB, glaucoma (ICD H40)		rs7405130	1.001070482917836	0.0010699103595702025	0.00047752703031811195	0.02505698048705618	0.322570981294308	0.0250576
PLAUR	Coronary heart disease	ukb-d-I9_CHD	Neale UKB, major CHD event		rs4760	1.009517112088651	0.009472109680729042	0.004230977860904021	0.025172064217889645	0.322570981294308	0.0251733
TNFSF8	Venous thromboembolism	ukb-d-I9_VTE	Neale UKB, VTE		rs10817679	0.9979598969777106	-0.002042186867114573	0.0009122758362378133	0.025184368639521892	0.322570981294308	0.0251849
TGFA	Crohn's disease	ukb-a-552	Neale UKB, Crohn (ICD K50)		rs113971512	0.9985600284656945	-0.0014410092896604337	0.0006441922090462365	0.02529127959649724	0.322570981294308	0.0252924
RAB44	Heart failure	ukb-d-I9_HEARTFAIL	Neale UKB, heart failure		rs12526889	1.0006570835528479	0.0006568677679708892	0.0002946832926651216	0.02580968089755853	0.32404225956695343	0.0258101
TGFB2	Atrial fibrillation	ukb-b-964	UKB, AF/flutter (ICD I48)		rs12034138	1.0100550522219656	0.010004836518168305	0.004489193113702285	0.025837256576767054	0.32404225956695343	0.0259998
SPRY2	Crohn's disease	ukb-a-552	Neale UKB, Crohn (ICD K50)		rs7995973	1.0020054088084815	0.0020034006605605032	0.0009010181515111943	0.026183090120698527	0.32566570769959735	0.0261836
PRKCQ	Coronary heart disease	ukb-d-I9_CHD	Neale UKB, major CHD event		rs2255088	1.0060254327857623	0.006007352457153228	0.0027142222391012155	0.02687787392773111	0.3315672152560272	0.0268788
MYL6B	Osteoporosis	ukb-b-12141	UKB, osteoporosis (self-report)	self-report	rs11171747	1.0039997532120215	0.0039917754647478655	0.0018081760226832182	0.02727039125816466	0.33367429954095784	0.0269998
SPON2	Glaucoma	ukb-d-H40	Neale UKB, glaucoma (ICD H40)		rs73067776	1.00219268415256	0.00219028372893696	0.0009961449549746597	0.027894988695189138	0.33573553305913273	0.0278959
CD226	Crohn's disease	ukb-a-552	Neale UKB, Crohn (ICD K50)		rs763361	0.999284745458807	-0.0007155104577599461	0.00032561398655535216	0.027990514287913548	0.33573553305913273	0.0279917
SWAP70	Rheumatoid arthritis	ukb-d-M13_RHEUMA	Neale UKB, RA (ICD M13)		rs360155	0.9988304207634789	-0.001170263728079742	0.0005329617197174748	0.028108091139834368	0.33573553305913273	0.0281087
MYL4	Hypertension	ieu-b-5144	Tang UKB, hypertension		rs11570546	1.048127166731221	0.04700492083825248	0.021475771277178597	0.028615603338935758	0.3391061655519552	0.0290001
CDKN1A	Rheumatoid arthritis	ukb-d-M13_RHEUMA	Neale UKB, RA (ICD M13)		rs12199346	1.0017765226441915	0.0017749464942733149	0.0008125353049674971	0.028928858999757168	0.3401400999580823	0.0289294
GSTM4	Coronary heart disease	ukb-d-I9_CHD	Neale UKB, major CHD event		rs11101980	0.9987255279489703	-0.0012752848812270683	0.0005859029670007267	0.02950934395577076	0.3423162130097604	0.0295101
PROCR	Ankylosing spondylitis	ukb-b-18194	UKB, AS (self-report)	self-report	rs2378335	0.9981655650114923	-0.0018361196249237254	0.0008438754012762103	0.029568842319779964	0.3423162130097604	0.0299999
SORT1	Heart failure	ukb-d-I9_HEARTFAIL	Neale UKB, heart failure		rs657420	1.0038960493709679	0.003888479426166047	0.0017940050133154358	0.030197872274947635	0.34692975399844417	0.0301988
SPINK8	Psoriasis	ukb-b-10537	UKB, psoriasis (self-report)	self-report	rs11713476	1.0023073044037245	0.0023046466642762274	0.001067791771168363	0.03090220926609022	0.35233200716261953	0.0309999
FES	Glaucoma	ukb-d-H40	Neale UKB, glaucoma (ICD H40)		rs8027450	0.9990802353573893	-0.0009201878856520798	0.0004269814936399585	0.031153997138854583	0.3525320728870387	0.0311544
TGFA	Venous thromboembolism	ukb-d-I9_VTE	Neale UKB, VTE		rs113971512	0.996786423722611	-0.003218750902643602	0.001501087658135141	0.03201052987261255	0.3595212496886708	0.0320111
ANPEP	Osteoporosis	ukb-b-12141	UKB, osteoporosis (self-report)	self-report	rs11073891	0.9992502577810294	-0.00075002341622713	0.00035047870275986206	0.032354999100634885	0.3606983233070778	0.032
SCPEP1	Heart failure	ukb-d-I9_HEARTFAIL	Neale UKB, heart failure		rs8072896	1.0020920380433092	0.0020898527789618144	0.000979225681809077	0.03282730439430903	0.3632727434811404	0.0328277
SLC16A1	Type 2 diabetes	ukb-b-13806	UKB, T2D (self-report)	self-report	rs7169	1.0028434109547946	0.002839376108540128	0.0013351176086132239	0.03344617018595564	0.3658850592465268	0.0329997
LTBP2	Glaucoma	ukb-d-H40	Neale UKB, glaucoma (ICD H40)		rs754458	0.9975901775793105	-0.002412730715995447	0.0011358286690858928	0.033653168835234615	0.3658850592465268	0.0336535
RELB	Psoriasis	ukb-b-10537	UKB, psoriasis (self-report)	self-report	rs8111826	0.990563193061888	-0.00948161572476132	0.004467115399504011	0.033792706468616096	0.3658850592465268	0.0340001
NRN1	Atrial fibrillation	ukb-b-964	UKB, AF/flutter (ICD I48)		rs6906850	1.0020088094711301	0.002006794511379957	0.0009482597711181447	0.034319985760645544	0.3689398469269396	0.0340001
IL2RA	Psoriasis	ukb-b-10537	UKB, psoriasis (self-report)	self-report	rs61839660	1.002467525957251	0.00246448661382199	0.0011696079942525332	0.03510849673258054	0.3732077177506591	0.0350002
ANXA2	Venous thromboembolism	ukb-d-I9_VTE	Neale UKB, VTE		rs62004990	0.9978049889900241	-0.0021974235776978292	0.0010457211522836322	0.03561046884462549	0.3732077177506591	0.0356107
PILRB	Psoriasis	ukb-b-10537	UKB, psoriasis (self-report)	self-report	rs6955367	0.9993908184086413	-0.0006093672178549906	0.00029036231033775567	0.03584826499469629	0.3732077177506591	0.0359998
ANXA11	Crohn's disease	ukb-a-552	Neale UKB, Crohn (ICD K50)		rs11591611	1.000828240585178	0.0008278977832131548	0.0003945984871848618	0.035898394758598684	0.3732077177506591	0.0358988
VNN2	Rheumatoid arthritis	ukb-d-M13_RHEUMA	Neale UKB, RA (ICD M13)		rs2300079	0.9995210934464311	-0.0004790212659382373	0.00022838654117096036	0.0359568897500635	0.3732077177506591	0.0359584
ACE	Atrial fibrillation	ukb-b-964	UKB, AF/flutter (ICD I48)		rs4277405	1.0065787659787957	0.006557220342070562	0.0031385624555928214	0.036685834369509784	0.37816562141172755	0.0369999
ERBB2	Coronary heart disease	ukb-d-I9_CHD	Neale UKB, major CHD event		rs903506	1.0124277279630989	0.012351137661366673	0.005936880966948323	0.03748807975668278	0.3803137416644888	0.0374887
SCPEP1	Glaucoma	ukb-d-H40	Neale UKB, glaucoma (ICD H40)		rs8072896	0.9977224568350288	-0.00228014071117054	0.0010962114449508526	0.03752378368609843	0.3803137416644888	0.0375249
CD226	Osteoporosis	ukb-b-12141	UKB, osteoporosis (self-report)	self-report	rs763361	0.9984354216059985	-0.0015658036249236473	0.0007532901120065983	0.03765232392558726	0.3803137416644888	0.0379997
LYPD3	Heart failure	ukb-d-I9_HEARTFAIL	Neale UKB, heart failure		rs2599437	1.0034227491005643	0.0034169048267201096	0.0016491420400013145	0.038272085132709854	0.3839965874981889	0.0382737
CD226	Glaucoma	ukb-d-H40	Neale UKB, glaucoma (ICD H40)		rs763361	0.9990299326391299	-0.0009705381807216898	0.00047046037217192914	0.039116983866906097	0.38987457430260714	0.0391174
JMJD1C	Heart failure	ukb-d-I9_HEARTFAIL	Neale UKB, heart failure		rs9919429	0.9942677441595875	-0.005748748275024685	0.002806176117388087	0.040500690813589424	0.3984785195410057	0.0405014
PSRC1	Heart failure	ukb-d-I9_HEARTFAIL	Neale UKB, heart failure		rs7528419	0.9992593568311019	-0.0007409175805523651	0.00036204926504461953	0.04071161146610258	0.3984785195410057	0.0407127
PLAU	Venous thromboembolism	ukb-d-I9_VTE	Neale UKB, VTE		rs2227551	1.0026587483795066	0.0026552201604148557	0.0012978787288644223	0.04077454618559129	0.3984785195410057	0.0407756
PROCR	Psoriasis	ukb-b-10537	UKB, psoriasis (self-report)	self-report	rs2378335	0.9965494938645928	-0.0034564728611388568	0.0016988267695598545	0.04188877133379565	0.39957547054300596	0.0420001
ARG1	Venous thromboembolism	ukb-d-I9_VTE	Neale UKB, VTE		rs2246012	0.9987966218377667	-0.0012041028031370058	0.0005922510459120744	0.04204289826916385	0.39957547054300596	0.0420436
IL4	Atrial fibrillation	ukb-b-964	UKB, AF/flutter (ICD I48)		rs2070874	0.9951000401968617	-0.004912003966225207	0.002420541879524687	0.042427813545098836	0.39957547054300596	0.0420001
DPEP2	Ankylosing spondylitis	ukb-b-18194	UKB, AS (self-report)	self-report	rs12934863	1.0009337193265433	0.0009332836818117898	0.0004599512693573748	0.0424488672847767	0.39957547054300596	0.0420001
ANPEP	Atrial fibrillation	ukb-b-964	UKB, AF/flutter (ICD I48)		rs11073891	1.000618938175139	0.000618746711905121	0.00030512254175140547	0.04257423264897886	0.39957547054300596	0.0430002
PLAU	Coeliac disease	ukb-b-8631	UKB, coeliac (self-report)	self-report	rs2227551	0.9986487824105167	-0.0013521313071507136	0.0006682327605207229	0.043027432169469915	0.39957547054300596	0.0430002
CA8	Rheumatoid arthritis	ukb-d-M13_RHEUMA	Neale UKB, RA (ICD M13)		rs7824045	0.9982460675962678	-0.0017554723440682846	0.0008682991260451786	0.04320354429697559	0.39957547054300596	0.0432046
PFKFB2	Psoriasis	ukb-b-10537	UKB, psoriasis (self-report)	self-report	rs1564879	0.9937473053585689	-0.006272324606133171	0.0031035677432054327	0.04327929155838528	0.39957547054300596	0.0430002
SNX2	Atrial fibrillation	ukb-b-964	UKB, AF/flutter (ICD I48)		rs4836231	1.0049947285269976	0.004982296250514132	0.0024667359322205888	0.0434048516922243	0.39957547054300596	0.0430002
ANXA2	Heart failure	ukb-d-I9_HEARTFAIL	Neale UKB, heart failure		rs62004990	0.9988326283219849	-0.0011680535870782223	0.0005788502951228618	0.04360319293864956	0.39957547054300596	0.0436044
ANXA2	Atrial fibrillation	ukb-b-964	UKB, AF/flutter (ICD I48)		rs62004990	1.001820440993561	0.0018187859990976254	0.0009022068420251969	0.04380727750139268	0.39957547054300596	0.0439997
JMJD1C	Coeliac disease	ukb-b-8631	UKB, coeliac (self-report)	self-report	rs9919429	0.9947898624781775	-0.005223757617298499	0.0026034977317379113	0.0448095032324729	0.4053484122232065	0.0449997
IFNGR2	Hypertension	ieu-b-5144	Tang UKB, hypertension		rs17879003	1.0044350986995663	0.004425292632554777	0.0022072913126263403	0.044978860359651485	0.4053484122232065	0.0449997
ADAM15	Venous thromboembolism	ukb-d-I9_VTE	Neale UKB, VTE		rs41264285	0.9991207004341942	-0.0008796863764338656	0.00043946026050585855	0.04531240947220683	0.4053894838459196	0.0453137
EPHB4	Psoriasis	ukb-b-10537	UKB, psoriasis (self-report)	self-report	rs314320	1.0007676592705759	0.0007673647709053175	0.0003840681387699655	0.04571761151279796	0.4053894838459196	0.0460002
ERBB3	Heart failure	ukb-d-I9_HEARTFAIL	Neale UKB, heart failure		rs11171739	1.0017746556697271	0.001773082828913051	0.0008877353589975954	0.045791503158675306	0.4053894838459196	0.045792
TNFSF12	Coronary heart disease	ukb-d-I9_CHD	Neale UKB, major CHD event		rs62059804	0.9985063451582762	-0.0014947714561464943	0.000750021080333661	0.04626444844089983	0.4071812567459312	0.0462647
GDF15	Crohn's disease	ukb-a-552	Neale UKB, Crohn (ICD K50)		rs4808795	1.0013444860102179	0.0013435829982027588	0.0006757289875820247	0.046773441735020516	0.40926761518142957	0.0467735
CA8	Crohn's disease	ukb-a-552	Neale UKB, Crohn (ICD K50)		rs7824045	0.9987517265544703	-0.0012490531877823367	0.0006294910682258725	0.04723053743485006	0.41087837479450484	0.0472302
NPDC1	Atrial fibrillation	ukb-b-964	UKB, AF/flutter (ICD I48)		rs10747042	1.0011288231862254	0.0011281865443916335	0.0005749819366817828	0.049747910342621715	0.43029083371060733	0.05
ANPEP	Heart failure	ukb-d-I9_HEARTFAIL	Neale UKB, heart failure		rs11073891	1.0003827154414344	0.0003826422245601175	0.00019536376121933566	0.050157992737171586	0.43135873753967563	0.0501591
PVALB	Coeliac disease	ukb-b-8631	UKB, coeliac (self-report)	self-report	rs4821544	1.0004354447561379	0.00043534997758304514	0.00022259519035451966	0.050489616648712765	0.4317435969108677	0.05
SCARB1	Psoriasis	ukb-b-10537	UKB, psoriasis (self-report)	self-report	rs7954697	1.0013702350638953	0.0013692971485088487	0.0007022329720305296	0.051185819316818204	0.43522405690288923	0.051
RELB	Multiple sclerosis	ukb-b-17670	UKB, MS (self-report)	self-report	rs8111826	0.9951010311911171	-0.004911008092723075	0.002524552675671762	0.051739083549321	0.43745685809959606	0.0519996
ACE	Crohn's disease	ukb-a-552	Neale UKB, Crohn (ICD K50)		rs4277405	1.0030340171799863	0.0030294238383683295	0.0015602317454720615	0.05217949562362367	0.43815003272488473	0.0521807
LTBP3	Psoriasis	ukb-b-10537	UKB, psoriasis (self-report)	self-report	rs12789028	1.0010687109196967	0.001068140254729501	0.000550652371560494	0.05240736018316783	0.43815003272488473	0.0519996
PLAU	Coronary heart disease	ukb-d-I9_CHD	Neale UKB, major CHD event		rs2227551	0.996342231175365	-0.003664474818667106	0.0018919435757765606	0.05275955198363258	0.43815003272488473	0.0527606
SORT1	Osteoporosis	ukb-b-12141	UKB, osteoporosis (self-report)	self-report	rs657420	0.9937953371913886	-0.006223991723305265	0.003216469382505534	0.052985585352776754	0.43815003272488473	0.0530005
TNFRSF14	Atrial fibrillation	ukb-b-964	UKB, AF/flutter (ICD I48)		rs3748825	1.001193044988563	0.0011923338759274279	0.0006185881946348488	0.05391631539217645	0.4427945899248675	0.0539995
TSPAN15	Coeliac disease	ukb-b-8631	UKB, coeliac (self-report)	self-report	rs17569412	0.9987387423128301	-0.0012620537420705944	0.0006553572358259089	0.05413568408383762	0.4427945899248675	0.0539995
SCARB1	Hypertension	ieu-b-5144	Tang UKB, hypertension		rs7954697	0.9946028633853028	-0.005411753774109891	0.0028167263574613408	0.054694907055661046	0.44478802270332407	0.0549997
IL1RN	Psoriasis	ukb-b-10537	UKB, psoriasis (self-report)	self-report	rs72950883	0.9954831820696399	-0.004527049573739758	0.0023598847762080887	0.05506854655860138	0.44478802270332407	0.0549997
ARG1	Atrial fibrillation	ukb-b-964	UKB, AF/flutter (ICD I48)		rs2246012	0.9990166306349957	-0.0009838531898700138	0.0005138582514484315	0.055538522786136024	0.44478802270332407	0.0560003
SLC12A2	Crohn's disease	ukb-a-552	Neale UKB, Crohn (ICD K50)		rs17764730	1.0011762707048484	0.0011755794404856533	0.0006141298101124488	0.05559207722769943	0.44478802270332407	0.055593
BCL7A	Heart failure	ukb-d-I9_HEARTFAIL	Neale UKB, heart failure		rs10840637	0.9985090062648212	-0.001492106372432227	0.0007803296000415399	0.05585710052553372	0.44478802270332407	0.0558586
ADM	Crohn's disease	ukb-a-552	Neale UKB, Crohn (ICD K50)		rs7107290	1.0006428190637946	0.0006426125441186635	0.00033790740954962905	0.05720495746438514	0.44755846876465405	0.0572045
CD14	Type 2 diabetes	ukb-b-13806	UKB, T2D (self-report)	self-report	rs57599368	1.0011740836892449	0.001173394991996222	0.0006171154446317065	0.057247161219957654	0.44755846876465405	0.0569994
EDN1	Type 2 diabetes	ukb-b-13806	UKB, T2D (self-report)	self-report	rs557768	0.9973630735469049	-0.0026404092676190647	0.0013893001347248172	0.057363348742795806	0.44755846876465405	0.0569994
GSTM4	Coeliac disease	ukb-b-8631	UKB, coeliac (self-report)	self-report	rs11101980	0.9996081899960247	-0.00039188678157032347	0.00020622428443130687	0.05739454117712839	0.44755846876465405	0.0569994
ANPEP	Rheumatoid arthritis	ukb-d-M13_RHEUMA	Neale UKB, RA (ICD M13)		rs11073891	1.0003963602198018	0.00039628168983999335	0.00020899129345872166	0.05793841067939409	0.4494706601674645	0.0579402
RAB44	Rheumatoid arthritis	ukb-d-M13_RHEUMA	Neale UKB, RA (ICD M13)		rs12526889	0.9994041623792064	-0.0005960152025722749	0.0003152397521174499	0.05866804495512623	0.4527969623459742	0.0586692
TEX101	Coronary heart disease	ukb-d-I9_CHD	Neale UKB, major CHD event		rs36081957	1.0032881074150326	0.0032827134106558067	0.0017430991133817872	0.059664785910222395	0.4553874173678436	0.059665
PIK3IP1	Hypertension	ieu-b-5144	Tang UKB, hypertension		rs4820963	1.0037393106233556	0.0037323367808890094	0.0019830576202531994	0.059820794165272195	0.4553874173678436	0.0599998
ERBB2	Multiple sclerosis	ukb-b-17670	UKB, MS (self-report)	self-report	rs903506	0.996390841339942	-0.0036156873867153067	0.001922115823083664	0.05995864873483825	0.4553874173678436	0.0599998
PM20D1	Atrial fibrillation	ukb-b-964	UKB, AF/flutter (ICD I48)		rs823080	1.001277840821934	0.0012770250782041788	0.0006795494273400314	0.060214017313090284	0.4553874173678436	0.0599998
LTBP3	Crohn's disease	ukb-a-552	Neale UKB, Crohn (ICD K50)		rs12789028	0.9994737660096523	-0.0005263725000484013	0.0002817853873191522	0.06176335875733874	0.4632529712322756	0.0617647
TNFRSF1A	Hypertension	ieu-b-5144	Tang UKB, hypertension		rs1800692	0.9933754450703596	-0.006646594683278564	0.0035596040817019773	0.061869665925373685	0.4632529712322756	0.0619998
ERBB2	Type 2 diabetes	ukb-b-13806	UKB, T2D (self-report)	self-report	rs903506	1.0047623263561398	0.004751022354667852	0.002553538991609395	0.06280579288301968	0.46793424895517144	0.0629999
TEX101	Atrial fibrillation	ukb-b-964	UKB, AF/flutter (ICD I48)		rs36081957	0.9980811084746709	-0.0019207349562789062	0.001035445547777247	0.06359850697361713	0.4700317894327934	0.064
LILRB2	Heart failure	ukb-d-I9_HEARTFAIL	Neale UKB, heart failure		rs12984962	0.9986452617913838	-0.0013556566960569061	0.0007311314008886503	0.06371195019554143	0.4700317894327934	0.0637133
TNFRSF14	Coronary heart disease	ukb-d-I9_CHD	Neale UKB, major CHD event		rs3748825	1.0019311340454682	0.0019292718032249514	0.001043737619250847	0.06454073332874577	0.47382343248664577	0.0645416
GDF15	Type 2 diabetes	ukb-b-13806	UKB, T2D (self-report)	self-report	rs4808795	0.998175246868531	-0.0018264200215482942	0.0009902883465078974	0.06513483908757833	0.47586375158643396	0.0649995
DENR	Crohn's disease	ukb-a-552	Neale UKB, Crohn (ICD K50)		rs7967318	1.0011456449763971	0.0011449892259815517	0.0006220444202092931	0.0656674051346211	0.4763935429867714	0.0656689
MAPRE3	Heart failure	ukb-d-I9_HEARTFAIL	Neale UKB, heart failure		rs6745807	0.9982549391373435	-0.0017465852550600882	0.0009502738900934579	0.06606522056100284	0.4763935429867714	0.0660663
SEZ6	Psoriasis	ukb-b-10537	UKB, psoriasis (self-report)	self-report	rs4795461	1.0128732936639573	0.012791137151110651	0.00696698468449857	0.06636289446401422	0.4763935429867714	0.0659994
EDN1	Psoriasis	ukb-b-10537	UKB, psoriasis (self-report)	self-report	rs557768	0.9966175529125778	-0.003388180493851808	0.0018462013889493287	0.06647351762606113	0.4763935429867714	0.0659994
LYPD3	Osteoporosis	ukb-b-12141	UKB, osteoporosis (self-report)	self-report	rs2599437	1.0054172414896736	0.0054026210149883125	0.0029533592266955326	0.06735260108387697	0.47866715142527516	0.0669993
SEZ6	Osteoporosis	ukb-b-12141	UKB, osteoporosis (self-report)	self-report	rs4795461	0.9850036758520343	-0.015109905987534963	0.008263364535735554	0.06746830503720735	0.47866715142527516	0.0669993
SERPING1	Osteoporosis	ukb-b-12141	UKB, osteoporosis (self-report)	self-report	rs28362951	0.9981597622713172	-0.001841933046309455	0.0010083392199004063	0.06774491910537117	0.47866715142527516	0.0680002
HIP1R	Hypertension	ieu-b-5144	Tang UKB, hypertension		rs4426165	1.021873614481077	0.021637819243065418	0.01189446816428624	0.06888858090586791	0.48241709097491814	0.0690001
SEZ6	Type 2 diabetes	ukb-b-13806	UKB, T2D (self-report)	self-report	rs4795461	0.9905306186341818	-0.009514501020265083	0.005230721622617918	0.06891672728213116	0.48241709097491814	0.0690001
EPHB4	Venous thromboembolism	ukb-d-I9_VTE	Neale UKB, VTE		rs314320	0.9991669830219633	-0.0008333641294816378	0.00045896843007011746	0.06941133764333385	0.48242075939454826	0.0694129
TGFA	Type 2 diabetes	ukb-b-13806	UKB, T2D (self-report)	self-report	rs113971512	1.0017080548886235	0.001706597821802922	0.0009414324837033729	0.0698677521978035	0.48242075939454826	0.0700003
CLINT1	Hypertension	ieu-b-5144	Tang UKB, hypertension		rs11750888	1.025174253690752	0.024862601742130522	0.013715822434164431	0.06987888740731663	0.48242075939454826	0.0700003
SWAP70	Osteoporosis	ukb-b-12141	UKB, osteoporosis (self-report)	self-report	rs360155	0.998383008615713	-0.0016183001258615502	0.0008939339156433704	0.07024727307785739	0.4827495250327642	0.0700003
CDKN1A	Coronary heart disease	ukb-d-I9_CHD	Neale UKB, major CHD event		rs12199346	1.0036201180763302	0.0036135812202639293	0.0020002442739093466	0.07082935666746315	0.48453718992969114	0.0708304
VAT1	Psoriasis	ukb-b-10537	UKB, psoriasis (self-report)	self-report	rs4520874	0.9985879871503444	-0.0014130106792088627	0.0007841614433442745	0.07155508521641263	0.4869449245606294	0.0719996
NPDC1	Hypertension	ieu-b-5144	Tang UKB, hypertension		rs10747042	1.0040267673755536	0.00401868164676968	0.002234428490204624	0.07209341505827505	0.4869449245606294	0.0719996
STK11	Osteoporosis	ukb-b-12141	UKB, osteoporosis (self-report)	self-report	rs3764640	1.0019136895488117	0.001911860777728809	0.001063634499832312	0.07225959403913595	0.4869449245606294	0.0719996
HAVCR1	Psoriasis	ukb-b-10537	UKB, psoriasis (self-report)	self-report	rs1501909	1.0042693424900666	0.004260254704149819	0.0023805745659824986	0.0735196941006051	0.4869449245606294	0.0739997
PACS2	Rheumatoid arthritis	ukb-d-M13_RHEUMA	Neale UKB, RA (ICD M13)		rs4555082	1.0045680542675204	0.004557652373207188	0.0025472762481933446	0.07357845884411773	0.4869449245606294	0.07358
TNFSF8	Glaucoma	ukb-d-H40	Neale UKB, glaucoma (ICD H40)		rs10817679	0.9989898229139001	-0.00101068765884742	0.0005653153831466062	0.07380347990293967	0.4869449245606294	0.073804
CTLA4	Psoriasis	ukb-b-10537	UKB, psoriasis (self-report)	self-report	rs13030124	0.9973403872362951	-0.002663155817225864	0.0014902322412711773	0.07392547218384671	0.4869449245606294	0.0739997
GDF15	Atrial fibrillation	ukb-b-964	UKB, AF/flutter (ICD I48)		rs4808795	1.0024356797555072	0.002432718295375792	0.0013619912565310552	0.07407525802366677	0.4869449245606294	0.0739997
CD79B	Coronary heart disease	ukb-d-I9_CHD	Neale UKB, major CHD event		rs12603821	0.9935416638955942	-0.006479281386843277	0.003627742138802712	0.07409328087998945	0.4869449245606294	0.0740935
SCARF1	Venous thromboembolism	ukb-d-I9_VTE	Neale UKB, VTE		rs150715762	0.9863407425143011	-0.013753403435431149	0.007712027368210444	0.07452598396505361	0.4876591559452421	0.0745264
LIF	Glaucoma	ukb-d-H40	Neale UKB, glaucoma (ICD H40)		rs3747150	0.9919982409880201	-0.008033944896396696	0.004522904758026333	0.07568679138059631	0.49311091354024866	0.0756885
SEZ6	Glaucoma	ukb-d-H40	Neale UKB, glaucoma (ICD H40)		rs4795461	1.0091041449565423	0.009062952057496302	0.005136984115242215	0.0776889862161485	0.5039738114452736	0.0776891
MAPT	Psoriasis	ukb-b-10537	UKB, psoriasis (self-report)	self-report	rs17698176	1.0084233046403293	0.00838802657661207	0.004760891545785211	0.07809287630983008	0.5044196517008338	0.0779992
DPEP2	Crohn's disease	ukb-a-552	Neale UKB, Crohn (ICD K50)		rs12934863	0.9991642884131793	-0.0008360609884284358	0.0004755744102701135	0.0787470888691768	0.5051744831865321	0.0787481
EVI2B	Type 2 diabetes	ukb-b-13806	UKB, T2D (self-report)	self-report	rs9902893	0.9972442925380808	-0.0027595114137198315	0.0015703886293468316	0.07888106548095353	0.5051744831865321	0.0790005
IL4	Glaucoma	ukb-d-H40	Neale UKB, glaucoma (ICD H40)		rs2070874	0.9969506205840057	-0.0030540382468448673	0.0017476477922505965	0.08054829169008082	0.5136660126846255	0.080549
SWAP70	Multiple sclerosis	ukb-b-17670	UKB, MS (self-report)	self-report	rs360155	1.0007433331244728	0.0007430569892377732	0.0004259436207788318	0.0810726192497575	0.5148282361640719	0.0810009
CD79B	Glaucoma	ukb-d-H40	Neale UKB, glaucoma (ICD H40)		rs12603821	1.002690569310002	0.002686956207812764	0.0015421473917944738	0.08144770694202386	0.5150369703686802	0.0814479
PFKFB2	Coeliac disease	ukb-b-8631	UKB, coeliac (self-report)	self-report	rs1564879	0.996697495507854	-0.003307969796217875	0.0019054376463161413	0.08255176787236818	0.5198343541753728	0.0830004
BMP6	Atrial fibrillation	ukb-b-964	UKB, AF/flutter (ICD I48)		rs9406052	1.0033101841802563	0.003304717580914664	0.0019079341869106664	0.08325717968844204	0.5220918976296053	0.0830004
F12	Psoriasis	ukb-b-10537	UKB, psoriasis (self-report)	self-report	rs2731673	1.004321186754121	0.0043118772357821486	0.0025028231244217727	0.08492371891534578	0.5303327675003958	0.0850002
ADAM15	Atrial fibrillation	ukb-b-964	UKB, AF/flutter (ICD I48)		rs41264285	0.9993447901538246	-0.0006554245899533051	0.00038098064440635163	0.08536667582750779	0.5308960624809885	0.0850002
TNFSF8	Hypertension	ieu-b-5144	Tang UKB, hypertension		rs10817679	0.9947477454578642	-0.005266096118618268	0.0030684815886147564	0.08612735033586705	0.5334224784176128	0.0860003
IFNGR2	Osteoporosis	ukb-b-12141	UKB, osteoporosis (self-report)	self-report	rs17879003	1.0011167122337101	0.0011160891744125612	0.0006520523628393636	0.08696012829786248	0.5363729224929633	0.0870001
VNN2	Atrial fibrillation	ukb-b-964	UKB, AF/flutter (ICD I48)		rs2300079	1.000565431151177	0.00056527135521654	0.0003324261311205662	0.08904781738473444	0.5461274027056584	0.089
EDN1	Coronary heart disease	ukb-d-I9_CHD	Neale UKB, major CHD event		rs557768	0.9945407171678139	-0.005474239175482343	0.003223510329122892	0.08946569320599518	0.5461274027056584	0.0894664
SEZ6	Crohn's disease	ukb-a-552	Neale UKB, Crohn (ICD K50)		rs4795461	1.006054385886007	0.006036131733181855	0.003556902225110678	0.08969301127585272	0.5461274027056584	0.0896954
MAPT	Osteoporosis	ukb-b-12141	UKB, osteoporosis (self-report)	self-report	rs17698176	0.9904914756646823	-0.009554018973767228	0.0056467800225111706	0.09065721224222845	0.5461274027056584	0.0909997
SORT1	Coeliac disease	ukb-b-8631	UKB, coeliac (self-report)	self-report	rs657420	0.9971889328363004	-0.0028150256330883505	0.0016646867742218744	0.0908321793478597	0.5461274027056584	0.0909997
TNFSF14	Glaucoma	ukb-d-H40	Neale UKB, glaucoma (ICD H40)		rs2291668	1.0014220709014598	0.0014210607162255038	0.0008410454447659468	0.09109760166854253	0.5461274027056584	0.0910982
CRISP3	Glaucoma	ukb-d-H40	Neale UKB, glaucoma (ICD H40)		rs78730163	0.9979857820145682	-0.0020162492505436495	0.0011937001457750604	0.09120502970023181	0.5461274027056584	0.0912053
ANXA2	Glaucoma	ukb-d-H40	Neale UKB, glaucoma (ICD H40)		rs62004990	0.9989068743086603	-0.0010937235889861663	0.0006480072184087321	0.09144458836001723	0.5461274027056584	0.091445
HAVCR2	Hypertension	ieu-b-5144	Tang UKB, hypertension		rs6891966	1.0076097460527267	0.007580937990951301	0.004511838675763221	0.09291208773808846	0.5526978506033376	0.0929994
LTBP3	Type 2 diabetes	ukb-b-13806	UKB, T2D (self-report)	self-report	rs12789028	1.0006940876032122	0.0006938468358144089	0.0004134106599652516	0.09327923857358655	0.5526978506033376	0.0929994
SPRY2	Rheumatoid arthritis	ukb-d-M13_RHEUMA	Neale UKB, RA (ICD M13)		rs7995973	1.0020833602457517	0.0020811930602916	0.0012436406659890485	0.09423516901938567	0.5532760846244527	0.0942367
PVALB	Heart failure	ukb-d-I9_HEARTFAIL	Neale UKB, heart failure		rs4821544	1.0004025134828876	0.00040243249606705786	0.00024055362309138246	0.09433852078446381	0.5532760846244527	0.0943409
SPON2	Rheumatoid arthritis	ukb-d-M13_RHEUMA	Neale UKB, RA (ICD M13)		rs73067776	1.0015930758301899	0.0015918082309653665	0.000951909569726292	0.09447970348736501	0.5532760846244527	0.09448
IL6ST	Osteoporosis	ukb-b-12141	UKB, osteoporosis (self-report)	self-report	rs7731626	1.0038700398878622	0.0038625705483876873	0.002313042223609598	0.09493732476947114	0.5538010611552483	0.0949992
EDN1	Atrial fibrillation	ukb-b-964	UKB, AF/flutter (ICD I48)		rs557768	0.996822191093261	-0.0031828688640247365	0.0019107667902517615	0.0957622714538382	0.5564564422317625	0.0959997
ERBB3	Coeliac disease	ukb-b-8631	UKB, coeliac (self-report)	self-report	rs11171739	1.0013699377772785	0.0013690002686429978	0.0008238878965116749	0.09658615076126842	0.5590852188296499	0.0969996
PROCR	Osteoporosis	ukb-b-12141	UKB, osteoporosis (self-report)	self-report	rs2378335	1.0033470642035573	0.0033414752517474367	0.002014815987271024	0.09722630350123529	0.5606344320665101	0.0969996
PIK3IP1	Atrial fibrillation	ukb-b-964	UKB, AF/flutter (ICD I48)		rs4820963	0.9991561016259201	-0.000844254656771202	0.0005099597603036855	0.0978166487971972	0.5612451968906772	0.0980009
C2	Hypertension	ieu-b-5144	Tang UKB, hypertension		rs488755	0.9904093556046256	-0.009636930807421331	0.005829574416105074	0.09830837224668088	0.5612451968906772	0.0980009
SPINK8	Type 2 diabetes	ukb-b-13806	UKB, T2D (self-report)	self-report	rs11713476	0.9986761224425512	-0.001324754657543242	0.0008017105947288599	0.09845098470374669	0.5612451968906772	0.0980009
PVALB	Glaucoma	ukb-d-H40	Neale UKB, glaucoma (ICD H40)		rs4821544	1.0004436345517245	0.0004435361750111351	0.00026929317483189374	0.09955017212339534	0.5653698454555094	0.099552
KIAA0319	Osteoporosis	ukb-b-12141	UKB, osteoporosis (self-report)	self-report	rs6935076	1.0014065492644064	0.0014055610005757925	0.0008555454853465324	0.1004071751572786	0.5666863398649531	0.1
RELB	Rheumatoid arthritis	ukb-d-M13_RHEUMA	Neale UKB, RA (ICD M13)		rs8111826	0.9948190815667046	-0.005194385927332308	0.00316293973999581	0.10053505165710463	0.5666863398649531	0.100535
LILRB2	Atrial fibrillation	ukb-b-964	UKB, AF/flutter (ICD I48)		rs12984962	1.0018635903551365	0.0018618560250168903	0.0011385128119795031	0.10197770380899929	0.5679808019296168	0.1
MYL6B	Psoriasis	ukb-b-10537	UKB, psoriasis (self-report)	self-report	rs11171747	0.9975103575206078	-0.0024927467927203873	0.001524456986453985	0.10201335167500236	0.5679808019296168	0.1
CD14	Osteoporosis	ukb-b-12141	UKB, osteoporosis (self-report)	self-report	rs57599368	1.0015946303934389	0.0015933603204118876	0.0009748697396907198	0.10216773842694993	0.5679808019296168	0.1
ADAM15	Multiple sclerosis	ukb-b-17670	UKB, MS (self-report)	self-report	rs41264285	1.0003407615948459	0.0003407035487997444	0.00020851828285661285	0.10227428393549909	0.5679808019296168	0.1
SNX2	Rheumatoid arthritis	ukb-d-M13_RHEUMA	Neale UKB, RA (ICD M13)		rs4836231	0.9972472393255366	-0.002756556487706137	0.0016897238555260712	0.10281330924284227	0.5688751118032265	0.102814
LILRB2	Type 2 diabetes	ukb-b-13806	UKB, T2D (self-report)	self-report	rs12984962	0.9986583731531611	-0.0013425276339071594	0.0008278214242483591	0.1048547562952078	0.5760308680524983	0.1
PLAU	Ankylosing spondylitis	ukb-b-18194	UKB, AS (self-report)	self-report	rs2227551	0.9991235606432441	-0.000876823654287582	0.0005406887381510334	0.10487206501420898	0.5760308680524983	0.1
CD2	Psoriasis	ukb-b-10537	UKB, psoriasis (self-report)	self-report	rs798034	0.9927270618802871	-0.007299514873286271	0.0045147435912276795	0.10591775598524844	0.5791044385204354	0.11
F12	Coeliac disease	ukb-b-8631	UKB, coeliac (self-report)	self-report	rs2731673	1.0024838425679363	0.0024807629294890917	0.0015366830566560638	0.10644890134587914	0.5791044385204354	0.11
LTBP3	Rheumatoid arthritis	ukb-d-M13_RHEUMA	Neale UKB, RA (ICD M13)		rs12789028	0.9993726789891229	-0.0006275178590314344	0.0003888617374855353	0.10658599964794724	0.5791044385204354	0.106586
PILRB	Heart failure	ukb-d-I9_HEARTFAIL	Neale UKB, heart failure		rs6955367	0.9996912616079351	-0.0003087860615741127	0.0001921554465427505	0.10806320557749416	0.5837548887532159	0.108064
TPPP3	Glaucoma	ukb-d-H40	Neale UKB, glaucoma (ICD H40)		rs149025632	1.0019839279936962	0.001981962607581146	0.0012339021077624067	0.10821768369577889	0.5837548887532159	0.108218
IL6ST	Glaucoma	ukb-d-H40	Neale UKB, glaucoma (ICD H40)		rs7731626	0.9976879000527492	-0.0023147769775041516	0.0014443321649654976	0.10900919014306099	0.5853051442301225	0.109009
TGFA	Atrial fibrillation	ukb-b-964	UKB, AF/flutter (ICD I48)		rs113971512	0.997930233702792	-0.0020719112236459126	0.0012947059407348198	0.10953319319067267	0.5853051442301225	0.11
NOMO1	Type 2 diabetes	ukb-b-13806	UKB, T2D (self-report)	self-report	rs7405130	1.0007749910397024	0.0007746908892124364	0.0004842816670168514	0.10967179446703956	0.5853051442301225	0.11
PACS2	Venous thromboembolism	ukb-d-I9_VTE	Neale UKB, VTE		rs4555082	1.0068934801808014	0.006869828777740637	0.004301734045504418	0.11026780551006121	0.5859955156795064	0.110269
TNFRSF14	Rheumatoid arthritis	ukb-d-M13_RHEUMA	Neale UKB, RA (ICD M13)		rs3748825	0.9993242324123319	-0.0006759960215022946	0.0004239867207606451	0.11085091031509764	0.5859955156795064	0.110851
TGFB2	Coronary heart disease	ukb-d-I9_CHD	Neale UKB, major CHD event		rs12034138	1.0121890001671578	0.012115312486428224	0.007614994980973492	0.1116138471578787	0.5859955156795064	0.111614
SIGLEC7	Psoriasis	ukb-b-10537	UKB, psoriasis (self-report)	self-report	rs12983058	0.9983738460006597	-0.001627477622893535	0.0010233228540132064	0.11174798205981284	0.5859955156795064	0.11
SIGLEC9	Psoriasis	ukb-b-10537	UKB, psoriasis (self-report)	self-report	rs12983058	0.9984275913507163	-0.0015736461812045428	0.0009894748036499183	0.11174798205981284	0.5859955156795064	0.11
NOMO1	Atrial fibrillation	ukb-b-964	UKB, AF/flutter (ICD I48)		rs7405130	1.0010557173594168	0.0010551604817477674	0.0006660207046768339	0.11313097139238382	0.5896017544690867	0.11
ADAM15	Coronary heart disease	ukb-d-I9_CHD	Neale UKB, major CHD event		rs41264285	1.0010151712581614	0.0010146563202903223	0.000640611152193372	0.11321920733658875	0.5896017544690867	0.11322
F12	Atrial fibrillation	ukb-b-964	UKB, AF/flutter (ICD I48)		rs2731673	1.0040574905964825	0.004049281180438904	0.002584763803859364	0.11720910415863317	0.6047646417852678	0.12
PFKFB2	Crohn's disease	ukb-a-552	Neale UKB, Crohn (ICD K50)		rs1564879	0.9975128066250595	-0.002490291578670121	0.0015907489317803743	0.11746952826860557	0.6047646417852678	0.117472
VAT1	Heart failure	ukb-d-I9_HEARTFAIL	Neale UKB, heart failure		rs4520874	0.9991879083349562	-0.0008124215901116962	0.0005192563933822024	0.11767987510463507	0.6047646417852678	0.11768
CTSH	Psoriasis	ukb-b-10537	UKB, psoriasis (self-report)	self-report	rs34843303	1.0006665422325025	0.0006663201918895037	0.0004259438997342921	0.11773823258676641	0.6047646417852678	0.12
BCL7A	Atrial fibrillation	ukb-b-964	UKB, AF/flutter (ICD I48)		rs10840637	1.0019053427077433	0.001903529844711383	0.0012187204862276263	0.11830955387443698	0.6056322400715226	0.12
PSAP	Heart failure	ukb-d-I9_HEARTFAIL	Neale UKB, heart failure		rs4747202	1.00200160306956	0.0019996025312136057	0.00128922057035952	0.12089770114132747	0.6155948218490992	0.120899
SPINK8	Coronary heart disease	ukb-d-I9_CHD	Neale UKB, major CHD event		rs11713476	0.9971206034122243	-0.0028835500249751542	0.0018600162174336227	0.12107379884872649	0.6155948218490992	0.121075
IL12RB2	Rheumatoid arthritis	ukb-d-M13_RHEUMA	Neale UKB, RA (ICD M13)		rs72678531	0.9994620814017574	-0.0005380633283560487	0.0003478185659562679	0.12187156049838554	0.6172300448378332	0.121873
SWAP70	Ankylosing spondylitis	ukb-b-18194	UKB, AS (self-report)	self-report	rs360155	0.9994220362637676	-0.0005781308216552566	0.00037440840380283916	0.1225597062996604	0.6172300448378332	0.12
ANPEP	Venous thromboembolism	ukb-d-I9_VTE	Neale UKB, VTE		rs11073891	1.000544509632643	0.000544361441065071	0.0003529355832073792	0.12298082718433889	0.6172300448378332	0.122982
ADAMTSL4	Crohn's disease	ukb-a-552	Neale UKB, Crohn (ICD K50)		rs72700822	0.9993989178989743	-0.0006012628232946615	0.0003902107902820767	0.12334922525963021	0.6172300448378332	0.12335
TNFSF8	Atrial fibrillation	ukb-b-964	UKB, AF/flutter (ICD I48)		rs10817679	0.9987843195098396	-0.0012164200291102786	0.0007896425177465248	0.12344600896756663	0.6172300448378332	0.12
PVR	Glaucoma	ukb-d-H40	Neale UKB, glaucoma (ICD H40)		rs79572806	0.9980214537334959	-0.001980506174774574	0.0012889703313605175	0.12441517784854095	0.6197221653878531	0.124416
ADAM15	Osteoporosis	ukb-b-12141	UKB, osteoporosis (self-report)	self-report	rs41264285	1.0006704281662882	0.0006702035297212496	0.0004376125480549456	0.12564591587541063	0.6197221653878531	0.13
MERTK	Crohn's disease	ukb-a-552	Neale UKB, Crohn (ICD K50)		rs55812028	0.9995918774648744	-0.00040820583979380587	0.0002666090228855893	0.12574397092882128	0.6197221653878531	0.125744
LTBP2	Hypertension	ieu-b-5144	Tang UKB, hypertension		rs754458	0.9906188334467342	-0.009425446847680485	0.006158659650324229	0.12590834544163299	0.6197221653878531	0.13
PINLYP	Osteoporosis	ukb-b-12141	UKB, osteoporosis (self-report)	self-report	rs915927	0.9973663625074083	-0.0026371116168761926	0.0017267057454473545	0.1266988189765541	0.6197221653878531	0.13
SCPEP1	Multiple sclerosis	ukb-b-17670	UKB, MS (self-report)	self-report	rs8072896	0.9987232013356645	-0.0012776144662338636	0.0008366966267207767	0.1267673366562423	0.6197221653878531	0.13
MERTK	Heart failure	ukb-d-I9_HEARTFAIL	Neale UKB, heart failure		rs55812028	1.0005241468473345	0.0005240095303565473	0.00034347782677410715	0.12710968783269871	0.6197221653878531	0.127111
LTBP3	Glaucoma	ukb-d-H40	Neale UKB, glaucoma (ICD H40)		rs12789028	0.9993799368574328	-0.0006202554612215354	0.0004069336535829008	0.12745434791870514	0.6197221653878531	0.127456
TNFRSF14	Multiple sclerosis	ukb-b-17670	UKB, MS (self-report)	self-report	rs3748825	0.9994848386162986	-0.0005152941249177699	0.0003385685468290067	0.12801441179759832	0.6197221653878531	0.13
PVALB	Venous thromboembolism	ukb-d-I9_VTE	Neale UKB, VTE		rs4821544	1.0006615465319597	0.0006613278065121253	0.00043457286446672204	0.12806218832931715	0.6197221653878531	0.128063
SPON2	Osteoporosis	ukb-b-12141	UKB, osteoporosis (self-report)	self-report	rs73067776	1.00241799896341	0.002415080307840471	0.0015938051448929707	0.12969845396097823	0.6221921356167595	0.13
LTBR	Crohn's disease	ukb-a-552	Neale UKB, Crohn (ICD K50)		rs2364480	0.9993198942333812	-0.000680337143458783	0.00044910589067715767	0.1298052710056785	0.6221921356167595	0.129808
SERPING1	Hypertension	ieu-b-5144	Tang UKB, hypertension		rs28362951	1.0051783875330345	0.005165025792642123	0.0034096172964841226	0.1298128442416362	0.6221921356167595	0.13
EVI2B	Atrial fibrillation	ukb-b-964	UKB, AF/flutter (ICD I48)		rs9902893	0.9967464328313963	-0.0032588715267793354	0.0021597994250047515	0.13133023629674634	0.6274666845288991	0.13
CTSH	Coronary heart disease	ukb-d-I9_CHD	Neale UKB, major CHD event		rs34843303	0.9988816092314056	-0.0011190166342351952	0.0007427892341030802	0.13193726023991337	0.6283720780413595	0.131938
CD2	Rheumatoid arthritis	ukb-d-M13_RHEUMA	Neale UKB, RA (ICD M13)		rs798034	1.0048612071907952	0.00484942967632245	0.003223288218956835	0.13245326795561407	0.6286590173755694	0.132454
RELB	Glaucoma	ukb-d-H40	Neale UKB, glaucoma (ICD H40)		rs8111826	1.0049873067867063	0.004974911368300363	0.003309935433895572	0.13283293523284456	0.6286590173755694	0.132834
HAVCR2	Atrial fibrillation	ukb-b-964	UKB, AF/flutter (ICD I48)		rs6891966	1.0017441021860602	0.0017425830059896719	0.001161879127799759	0.1336669554927612	0.6306230972307386	0.13
LDLR	Coronary heart disease	ukb-d-I9_CHD	Neale UKB, major CHD event		rs8110515	0.990671941566144	-0.009371837231068676	0.006280626043761776	0.13565143563056292	0.6379856581999912	0.135652
DENR	Heart failure	ukb-d-I9_HEARTFAIL	Neale UKB, heart failure		rs7967318	1.0011965644395153	0.0011958491268412826	0.0008026796965739787	0.13627128870330552	0.6380958318347804	0.136274
ACE	Coeliac disease	ukb-b-8631	UKB, coeliac (self-report)	self-report	rs4277405	1.002779881770254	0.002776025044766255	0.0018661069057391206	0.13685578959948907	0.6380958318347804	0.14
HAVCR2	Heart failure	ukb-d-I9_HEARTFAIL	Neale UKB, heart failure		rs6891966	1.0011029441430952	0.0011023363470726842	0.0007425342570425926	0.13766052858589273	0.6380958318347804	0.137662
PINLYP	Venous thromboembolism	ukb-d-I9_VTE	Neale UKB, VTE		rs915927	1.002583546967613	0.0025802153471775383	0.001738610760515076	0.13779107181163597	0.6380958318347804	0.137792
IL6ST	Multiple sclerosis	ukb-b-17670	UKB, MS (self-report)	self-report	rs7731626	1.0016365012479858	0.0016351636389520935	0.0011021327316969806	0.1379055516188994	0.6380958318347804	0.14
TNFRSF14	Crohn's disease	ukb-a-552	Neale UKB, Crohn (ICD K50)		rs3748825	0.9995449698933428	-0.0004551336642718368	0.00030720799028392457	0.13846902800752137	0.6380958318347804	0.138469
LTBP2	Coronary heart disease	ukb-d-I9_CHD	Neale UKB, major CHD event		rs754458	0.9960619995470054	-0.003945774793728796	0.002671917845298177	0.13974064506993544	0.6380958318347804	0.139742
MYL4	Osteoporosis	ukb-b-12141	UKB, osteoporosis (self-report)	self-report	rs11570546	1.0094167667993506	0.009372705445223936	0.006347706349552374	0.13979631842510254	0.6380958318347804	0.14
PILRB	Glaucoma	ukb-d-H40	Neale UKB, glaucoma (ICD H40)		rs6955367	1.0003176575229467	0.0003176070804778084	0.00021511313566710785	0.13981902381575106	0.6380958318347804	0.139819
TNFSF8	Multiple sclerosis	ukb-b-17670	UKB, MS (self-report)	self-report	rs10817679	0.9993627510645838	-0.0006374520648195866	0.00043218032522325734	0.14022119975691183	0.6380958318347804	0.14
ADAM15	Rheumatoid arthritis	ukb-d-M13_RHEUMA	Neale UKB, RA (ICD M13)		rs41264285	0.9996163593436119	-0.00038371426529153354	0.000260228013008264	0.14033868460950982	0.6380958318347804	0.14034
CD226	Venous thromboembolism	ukb-d-I9_VTE	Neale UKB, VTE		rs763361	0.9988885832940175	-0.0011120347875361648	0.0007592095841363402	0.14299541147685502	0.6482171514236952	0.142996
TMEM106A	Heart failure	ukb-d-I9_HEARTFAIL	Neale UKB, heart failure		rs2171462	0.9987987854378678	-0.0012019365986161057	0.0008219529304959653	0.1436607419723852	0.6488000377541518	0.143663
MAPT	Venous thromboembolism	ukb-d-I9_VTE	Neale UKB, VTE		rs17698176	1.0083071491001874	0.008272834643000215	0.005667693162706439	0.14438695388219358	0.6488000377541518	0.144388
CLEC4A	Heart failure	ukb-d-I9_HEARTFAIL	Neale UKB, heart failure		rs6486847	0.9990919193496948	-0.0009084932053133883	0.0006235889190449689	0.14514995888368798	0.6488000377541518	0.14515
TGFA	Heart failure	ukb-d-I9_HEARTFAIL	Neale UKB, heart failure		rs113971512	1.0012110450498968	0.00121031232635482	0.0008309179994405398	0.14522776893867073	0.6488000377541518	0.145229
SPRY2	Coronary heart disease	ukb-d-I9_CHD	Neale UKB, major CHD event		rs7995973	1.0044687587882977	0.004458803533147833	0.003061504213486478	0.1452794768924579	0.6488000377541518	0.14528
NGFR	Osteoporosis	ukb-b-12141	UKB, osteoporosis (self-report)	self-report	rs2671661	1.0061261338380558	0.006107445366701342	0.004206065014319816	0.1464858084188556	0.6505310736840082	0.15
TNFRSF14	Glaucoma	ukb-d-H40	Neale UKB, glaucoma (ICD H40)		rs3748825	1.0006419238344444	0.0006417178894690126	0.00044369319912765316	0.14809028569464955	0.6505310736840082	0.148091
PACS2	Coronary heart disease	ukb-d-I9_CHD	Neale UKB, major CHD event		rs4555082	0.9909825445914262	-0.00905835874125588	0.00627071405257328	0.14858438148957775	0.6505310736840082	0.148585
MERTK	Atrial fibrillation	ukb-b-964	UKB, AF/flutter (ICD I48)		rs55812028	1.000772041288011	0.0007717434174382691	0.0005361039053028294	0.14999737326770024	0.6505310736840082	0.15
TNFSF13	Type 2 diabetes	ukb-b-13806	UKB, T2D (self-report)	self-report	rs11552708	0.9994157961886243	-0.0005843745249132074	0.0004061842421058897	0.15023745435923574	0.6505310736840082	0.15
PDLIM7	Venous thromboembolism	ukb-d-I9_VTE	Neale UKB, VTE		rs2731664	0.9967341819672523	-0.003271162455573104	0.0022743110413918997	0.15034634753052534	0.6505310736840082	0.150347
PDLIM7	Coeliac disease	ukb-b-8631	UKB, coeliac (self-report)	self-report	rs2731664	1.0016775089862553	0.0016761035396025607	0.0011673511925303919	0.1510542132840862	0.6505310736840082	0.15
SCPEP1	Type 2 diabetes	ukb-b-13806	UKB, T2D (self-report)	self-report	rs8072896	0.9984062016941744	-0.0015950697534791332	0.001111553297844919	0.15128946356432493	0.6505310736840082	0.15
LIF	Venous thromboembolism	ukb-d-I9_VTE	Neale UKB, VTE		rs3747150	0.9895870357594297	-0.010467558475291742	0.0072988581262432095	0.15153332821973553	0.6505310736840082	0.151535
ERBB3	Osteoporosis	ukb-b-12141	UKB, osteoporosis (self-report)	self-report	rs11171739	1.0022825840985214	0.0022799829608961828	0.001591729570183613	0.15203126094391228	0.6505310736840082	0.15
EPHB4	Coronary heart disease	ukb-d-I9_CHD	Neale UKB, major CHD event		rs314320	1.0009585281697015	0.0009580690749223262	0.0006690470860911814	0.15214653859543192	0.6505310736840082	0.152148
EVI2B	Psoriasis	ukb-b-10537	UKB, psoriasis (self-report)	self-report	rs9902893	0.9970096493809866	-0.0029948306508990104	0.002091655077008904	0.1522012162420694	0.6505310736840082	0.15
EVI2B	Ankylosing spondylitis	ukb-b-18194	UKB, AS (self-report)	self-report	rs9902893	1.0014886862021484	0.0014875792073531537	0.0010390556993554833	0.15223984722488826	0.6505310736840082	0.15
MYL4	Psoriasis	ukb-b-10537	UKB, psoriasis (self-report)	self-report	rs11570546	1.0076866158677495	0.007657224354101239	0.005351869007739116	0.1524998542485574	0.6505310736840082	0.15
NGFR	Psoriasis	ukb-b-10537	UKB, psoriasis (self-report)	self-report	rs2671661	1.0050791808979707	0.005066325370664139	0.0035462022135385463	0.15310132172468371	0.6505310736840082	0.15
PACS2	Crohn's disease	ukb-a-552	Neale UKB, Crohn (ICD K50)		rs4555082	0.9973679822363095	-0.0026354876122506488	0.0018458453725997924	0.15335105671385585	0.6505310736840082	0.153351
MPO	Venous thromboembolism	ukb-d-I9_VTE	Neale UKB, VTE		rs12940119	1.0012973647487244	0.0012965238982601307	0.0009084928858529956	0.15354672624563626	0.6505310736840082	0.153548
SCARB1	Osteoporosis	ukb-b-12141	UKB, osteoporosis (self-report)	self-report	rs7954697	1.001188516025765	0.0011878102997157542	0.0008329246131826846	0.15384761874388087	0.6505310736840082	0.15
ACE	Type 2 diabetes	ukb-b-13806	UKB, T2D (self-report)	self-report	rs4277405	1.003256646805095	0.0032513554158998333	0.0022820774566922764	0.15423384431123166	0.6505310736840082	0.15
PVR	Crohn's disease	ukb-a-552	Neale UKB, Crohn (ICD K50)		rs79572806	0.9987343107625636	-0.0012664908985666268	0.0008915303366321522	0.15543865703884685	0.6505310736840082	0.15544
LTBP2	Psoriasis	ukb-b-10537	UKB, psoriasis (self-report)	self-report	rs754458	1.0021818696408895	0.0021794928199722094	0.0015343065103601515	0.1554601924733956	0.6505310736840082	0.16
IL1RN	Crohn's disease	ukb-a-552	Neale UKB, Crohn (ICD K50)		rs72950883	1.001715209930871	0.0017137406381745747	0.0012067490074748315	0.15556979682181815	0.6505310736840082	0.15557
PSAP	Osteoporosis	ukb-b-12141	UKB, osteoporosis (self-report)	self-report	rs4747202	0.9967211823253208	-0.0032842047761232063	0.0023146364844512414	0.15593232087659548	0.6505310736840082	0.16
CD79B	Coeliac disease	ukb-b-8631	UKB, coeliac (self-report)	self-report	rs12603821	1.0018141178040343	0.0018124742797283227	0.0012777282372318161	0.1560410083720445	0.6505310736840082	0.16
EPHB4	Hypertension	ieu-b-5144	Tang UKB, hypertension		rs314320	0.9978271314878538	-0.002175232616143896	0.0015407611633428148	0.15801153360584475	0.6569264035270617	0.16
EPHB4	Atrial fibrillation	ukb-b-964	UKB, AF/flutter (ICD I48)		rs314320	1.000552731757484	0.0005525790575517248	0.00039658388347844654	0.1635148133407509	0.672744081709519	0.16
PRKCQ	Glaucoma	ukb-d-H40	Neale UKB, glaucoma (ICD H40)		rs2255088	1.0016072935199096	0.0016060032061037492	0.001153816525234673	0.16395111098865622	0.672744081709519	0.163952
LDLR	Type 2 diabetes	ukb-b-13806	UKB, T2D (self-report)	self-report	rs8110515	0.996250509523358	-0.003756537436580288	0.0027000622972548657	0.16414112404026104	0.672744081709519	0.16
IL12RB2	Coronary heart disease	ukb-d-I9_CHD	Neale UKB, major CHD event		rs72678531	0.9988102226773214	-0.0011904856696231519	0.0008562375119745038	0.16441700513201574	0.672744081709519	0.164417
DENR	Multiple sclerosis	ukb-b-17670	UKB, MS (self-report)	self-report	rs7967318	0.9990480370716113	-0.0009524163328695416	0.0006850430725247507	0.16443737731555474	0.672744081709519	0.16
JMJD1C	Type 2 diabetes	ukb-b-13806	UKB, T2D (self-report)	self-report	rs9919429	1.0044356300383834	0.0044258216250974815	0.00318381307545254	0.16449822064392228	0.672744081709519	0.16
TGFA	Psoriasis	ukb-b-10537	UKB, psoriasis (self-report)	self-report	rs113971512	1.0017351527228644	0.0017336490844888463	0.0012538532385627243	0.16677003145036373	0.6783394387036688	0.17
MAPT	Multiple sclerosis	ukb-b-17670	UKB, MS (self-report)	self-report	rs17698176	0.9962940248788703	-0.003712859260491495	0.0026905621033116835	0.1675999703680633	0.6783394387036688	0.17
TGFB2	Psoriasis	ukb-b-10537	UKB, psoriasis (self-report)	self-report	rs12034138	0.9940279580966573	-0.00598994586331153	0.004347036832779049	0.16822252900615453	0.6783394387036688	0.17
KRT18	Glaucoma	ukb-d-H40	Neale UKB, glaucoma (ICD H40)		rs902771	0.9976481394318434	-0.0023546305361271873	0.0017096696494183882	0.1684371352557963	0.6783394387036688	0.168439
RAPGEF2	Coeliac disease	ukb-b-8631	UKB, coeliac (self-report)	self-report	rs11100203	0.9995303776238642	-0.0004697326832603438	0.0003420116421788634	0.1696154079672012	0.6783394387036688	0.17
ERBB2	Crohn's disease	ukb-a-552	Neale UKB, Crohn (ICD K50)		rs903506	0.997603643476495	-0.0023992323811043038	0.001746974868508323	0.16963921768163104	0.6783394387036688	0.169641
TNFSF13	Venous thromboembolism	ukb-d-I9_VTE	Neale UKB, VTE		rs11552708	1.0008847183241534	0.0008843271915746454	0.0006449149077524048	0.17030301647287027	0.6783394387036688	0.170304
PLAUR	Rheumatoid arthritis	ukb-d-M13_RHEUMA	Neale UKB, RA (ICD M13)		rs4760	0.9976553778058818	-0.002347375124631252	0.001718711742488167	0.17200930420615235	0.6783394387036688	0.17201
MPO	Rheumatoid arthritis	ukb-d-M13_RHEUMA	Neale UKB, RA (ICD M13)		rs12940119	1.0007336206507316	0.0007333516826410404	0.0005379668989349359	0.1728222950025493	0.6783394387036688	0.172823
NUMB	Osteoporosis	ukb-b-12141	UKB, osteoporosis (self-report)	self-report	rs61985842	0.9973311527198478	-0.0026724150022719396	0.0019618735877666147	0.17314268802571853	0.6783394387036688	0.17
HNMT	Crohn's disease	ukb-a-552	Neale UKB, Crohn (ICD K50)		rs1522907	0.9993574416496992	-0.0006427648793936572	0.0004725549165868647	0.17376953349330893	0.6783394387036688	0.173771
IL1RL1	Hypertension	ieu-b-5144	Tang UKB, hypertension		rs2058660	0.9945232174220038	-0.005491835136583713	0.004043984224898204	0.1744554800746072	0.6783394387036688	0.17
FES	Coeliac disease	ukb-b-8631	UKB, coeliac (self-report)	self-report	rs8027450	0.9995202207276629	-0.0004798944032386283	0.0003536672268164736	0.1748099829000278	0.6783394387036688	0.17
CLEC4A	Coeliac disease	ukb-b-8631	UKB, coeliac (self-report)	self-report	rs6486847	1.000784874209706	0.0007845663570166989	0.0005783389100868977	0.17491285400006906	0.6783394387036688	0.17
ADAM15	Coeliac disease	ukb-b-8631	UKB, coeliac (self-report)	self-report	rs41264285	1.0003069936865987	0.000306946573678995	0.0002264875969236692	0.17533896283050865	0.6783394387036688	0.18
CASP3	Glaucoma	ukb-d-H40	Neale UKB, glaucoma (ICD H40)		rs72689261	1.0007343339119195	0.000734064420695331	0.0005424506623898741	0.17597986150097245	0.6783394387036688	0.17598
IL1RL1	Venous thromboembolism	ukb-d-I9_VTE	Neale UKB, VTE		rs2058660	0.9983654971908359	-0.0016358400662462925	0.0012092180531607145	0.17611692080012986	0.6783394387036688	0.176118
NPDC1	Coronary heart disease	ukb-d-I9_CHD	Neale UKB, major CHD event		rs10747042	1.0013190402395862	0.0013181710702382	0.0009744217575069419	0.1761282835523359	0.6783394387036688	0.176129
PHOSPHO1	Crohn's disease	ukb-a-552	Neale UKB, Crohn (ICD K50)		rs11650975	0.9990307035381464	-0.0009697665334527932	0.0007169002577491575	0.17614455613392277	0.6783394387036688	0.176145
PSAP	Atrial fibrillation	ukb-b-964	UKB, AF/flutter (ICD I48)		rs4747202	1.0027277567199278	0.0027240431431892224	0.0020151225488225974	0.1764392276671971	0.6783394387036688	0.18
LPL	Glaucoma	ukb-d-H40	Neale UKB, glaucoma (ICD H40)		rs80026582	1.000416397960338	0.0004163112907659154	0.00030847939663551313	0.17715733250586463	0.6783394387036688	0.177157
CLEC4A	Ankylosing spondylitis	ukb-b-18194	UKB, AS (self-report)	self-report	rs6486847	1.0006308514973103	0.0006306525941522735	0.00046797562532765823	0.17778112830725767	0.6783394387036688	0.18
FES	Ankylosing spondylitis	ukb-b-18194	UKB, AS (self-report)	self-report	rs8027450	0.9996145073644054	-0.0003855669569815154	0.00028615798737898564	0.1778540449583348	0.6783394387036688	0.18
TGFB2	Osteoporosis	ukb-b-12141	UKB, osteoporosis (self-report)	self-report	rs12034138	1.006971555511255	0.00694736657606293	0.005156707357237965	0.17790019220594733	0.6783394387036688	0.18
ANXA2	Crohn's disease	ukb-a-552	Neale UKB, Crohn (ICD K50)		rs62004990	1.000604658748894	0.000604476016449334	0.0004489037515466988	0.1781218543670844	0.6783394387036688	0.178121
EDN1	Osteoporosis	ukb-b-12141	UKB, osteoporosis (self-report)	self-report	rs557768	1.002958560703386	0.0029541927757335924	0.002194680867370582	0.1782801335083284	0.6783394387036688	0.18
TNFSF8	Coeliac disease	ukb-b-8631	UKB, coeliac (self-report)	self-report	rs10817679	0.9993683166838564	-0.0006318829121082807	0.0004694850115640093	0.1783326837238497	0.6783394387036688	0.18
CTLA4	Heart failure	ukb-d-I9_HEARTFAIL	Neale UKB, heart failure		rs13030124	0.9986732556897228	-0.0013276252147524858	0.0009867670259807572	0.1784866562967793	0.6783394387036688	0.178486
NUMB	Coeliac disease	ukb-b-8631	UKB, coeliac (self-report)	self-report	rs61985842	0.9986401579822716	-0.0013607674419339791	0.0010154865703409749	0.18024040257523466	0.6810358456108426	0.18
SLC16A1	Rheumatoid arthritis	ukb-d-M13_RHEUMA	Neale UKB, RA (ICD M13)		rs7169	0.9983153011859488	-0.0016861195149578776	0.0012587888762820045	0.18041523878715027	0.6810358456108426	0.180418
TNFRSF1A	Ankylosing spondylitis	ukb-b-18194	UKB, AS (self-report)	self-report	rs1800692	1.0005905513928877	0.000590377086035127	0.0004408917730217408	0.1805536893014792	0.6810358456108426	0.18
PSAP	Hypertension	ieu-b-5144	Tang UKB, hypertension		rs4747202	1.0105097753066332	0.010454931547191017	0.007828596283889898	0.18171938949650546	0.6815302709369542	0.18
LTBP2	Heart failure	ukb-d-I9_HEARTFAIL	Neale UKB, heart failure		rs754458	0.9986478369334055	-0.0013530780639839691	0.0010146143275838533	0.18233873294429603	0.6815302709369542	0.18234
PFKFB2	Rheumatoid arthritis	ukb-d-M13_RHEUMA	Neale UKB, RA (ICD M13)		rs1564879	1.0029328885281512	0.0029285960015452846	0.002196436500334266	0.1824203485088549	0.6815302709369542	0.182423
LTBR	Multiple sclerosis	ukb-b-17670	UKB, MS (self-report)	self-report	rs2364480	0.9993424749753177	-0.0006577412890660109	0.0004933891028136221	0.18249614563959637	0.6815302709369542	0.18
PFKFB2	Ankylosing spondylitis	ukb-b-18194	UKB, AS (self-report)	self-report	rs1564879	1.0020522700421792	0.0020501670128473845	0.0015420391062834027	0.18367750238149316	0.6842441610993742	0.18
ADM	Multiple sclerosis	ukb-b-17670	UKB, MS (self-report)	self-report	rs7107290	1.0004950291826027	0.0004949066960781525	0.00037279482363145966	0.18432421550908007	0.684957887262137	0.18
CRISP3	Atrial fibrillation	ukb-b-964	UKB, AF/flutter (ICD I48)		rs78730163	0.9977946864668509	-0.0022077488180755143	0.0016657561055340162	0.185047338019515	0.6859513392102711	0.19
LTBP3	Osteoporosis	ukb-b-12141	UKB, osteoporosis (self-report)	self-report	rs12789028	0.999135849528177	-0.0008645240650847006	0.0006531014407469386	0.18559573523362394	0.6862938121046781	0.19
IL12RB2	Atrial fibrillation	ukb-b-964	UKB, AF/flutter (ICD I48)		rs72678531	0.9993343862646894	-0.0006658353544801802	0.0005039922089842172	0.18646058319586967	0.6878019061514311	0.19
VNN2	Multiple sclerosis	ukb-b-17670	UKB, MS (self-report)	self-report	rs2300079	0.9997600726970896	-0.00023995609007044952	0.00018189315552713013	0.18709740866582147	0.688034274426394	0.19
TNFRSF1A	Multiple sclerosis	ukb-b-17670	UKB, MS (self-report)	self-report	rs1800692	0.9993393468180003	-0.000660871509477618	0.0005015774591726116	0.18764222706213918	0.688034274426394	0.19
RAPGEF2	Atrial fibrillation	ukb-b-964	UKB, AF/flutter (ICD I48)		rs11100203	1.000756109187811	0.00075582348126695	0.0005752756018156386	0.1888980732312575	0.688034274426394	0.19
TNFSF14	Coronary heart disease	ukb-d-I9_CHD	Neale UKB, major CHD event		rs2291668	0.9974049852991513	-0.0025983875878887656	0.001978477692444253	0.18907288373784858	0.688034274426394	0.189074
TNFSF13	Crohn's disease	ukb-a-552	Neale UKB, Crohn (ICD K50)		rs11552708	0.999636643161177	-0.00036342286891467265	0.00027676626127094814	0.1891479254581352	0.688034274426394	0.189149
EVI2B	Multiple sclerosis	ukb-b-17670	UKB, MS (self-report)	self-report	rs9902893	1.0015529728602917	0.0015517682449346481	0.0011820727695465384	0.18926657117111434	0.688034274426394	0.19
SPON2	Venous thromboembolism	ukb-d-I9_VTE	Neale UKB, VTE		rs73067776	0.9978945026266973	-0.0021077170491255867	0.0016075393438388398	0.18980880597180105	0.6883427782832785	0.18981
SPRY2	Heart failure	ukb-d-I9_HEARTFAIL	Neale UKB, heart failure		rs7995973	0.9984804933825873	-0.0015206622383904004	0.0011625484350985323	0.19085904710993518	0.6901760332429708	0.190861
TSPAN15	Osteoporosis	ukb-b-12141	UKB, osteoporosis (self-report)	self-report	rs17569412	0.9983473786607941	-0.0016539884242415127	0.001266098878254028	0.19142815002577596	0.6901760332429708	0.19
RAB44	Venous thromboembolism	ukb-d-I9_VTE	Neale UKB, VTE		rs12526889	1.0006930736286543	0.0006928335640422837	0.000532361849603169	0.1931101009844518	0.6901760332429708	0.193111
SPRY2	Ankylosing spondylitis	ukb-b-18194	UKB, AS (self-report)	self-report	rs7995973	0.9988665684928582	-0.001134074326406171	0.0008731636943713937	0.19400891059912784	0.6901760332429708	0.19
CRIM1	Heart failure	ukb-d-I9_HEARTFAIL	Neale UKB, heart failure		rs10172196	1.0012729804450216	0.0012721708923718064	0.000979823265327009	0.19416100827771077	0.6901760332429708	0.194161
PILRB	Venous thromboembolism	ukb-d-I9_VTE	Neale UKB, VTE		rs6955367	1.00044970973921	0.0004496086500913568	0.00034713939096788675	0.19525749303759055	0.6901760332429708	0.195259
MYL6B	Glaucoma	ukb-d-H40	Neale UKB, glaucoma (ICD H40)		rs11171747	0.9985406831040868	-0.0014603827358729365	0.0011300160341342525	0.1962339683408696	0.6901760332429708	0.196235
CLINT1	Crohn's disease	ukb-a-552	Neale UKB, Crohn (ICD K50)		rs11750888	1.002267600673704	0.002265033547375251	0.001754157960500625	0.19662153148346406	0.6901760332429708	0.196621
SPINK8	Rheumatoid arthritis	ukb-d-M13_RHEUMA	Neale UKB, RA (ICD M13)		rs11713476	1.00097532766966	0.0009748523466670109	0.0007555765532672499	0.19697779092143874	0.6901760332429708	0.196979
IL1RL1	Psoriasis	ukb-b-10537	UKB, psoriasis (self-report)	self-report	rs2058660	1.0013019526180877	0.0013011058126984577	0.0010092400570019453	0.19733079277604748	0.6901760332429708	0.2
TNFSF8	Type 2 diabetes	ukb-b-13806	UKB, T2D (self-report)	self-report	rs10817679	0.999260622179458	-0.00073965129513177	0.0005741473364124968	0.19765532212090564	0.6901760332429708	0.2
PHOSPHO1	Type 2 diabetes	ukb-b-13806	UKB, T2D (self-report)	self-report	rs11650975	1.0013528554346816	0.0013519411502716007	0.0010508515972357042	0.1982617916635414	0.6901760332429708	0.2
SIGLEC9	Multiple sclerosis	ukb-b-17670	UKB, MS (self-report)	self-report	rs12983058	0.9992815884180407	-0.0007186697632208985	0.0005591946606596085	0.19872691104174756	0.6901760332429708	0.2
SIGLEC7	Multiple sclerosis	ukb-b-17670	UKB, MS (self-report)	self-report	rs12983058	0.9992570220564897	-0.0007432540884107291	0.0005783236460234287	0.19872691104174756	0.6901760332429708	0.2
HAVCR2	Glaucoma	ukb-d-H40	Neale UKB, glaucoma (ICD H40)		rs6891966	0.9989337481976697	-0.001066820653178046	0.0008312506434688345	0.19935467945228602	0.6901760332429708	0.199354
PRKCQ	Heart failure	ukb-d-I9_HEARTFAIL	Neale UKB, heart failure		rs2255088	1.0013206246403037	0.0013197533825685976	0.0010306788772158858	0.20037988881666613	0.6901760332429708	0.20038
TPPP3	Rheumatoid arthritis	ukb-d-M13_RHEUMA	Neale UKB, RA (ICD M13)		rs149025632	0.9984913640432137	-0.001509775093850938	0.0011791018678297582	0.20038867546083727	0.6901760332429708	0.200389
CLINT1	Type 2 diabetes	ukb-b-13806	UKB, T2D (self-report)	self-report	rs11750888	1.0032886780057297	0.003283282131176635	0.002568144635733452	0.20108564157317144	0.6901760332429708	0.2
IL1RL1	Rheumatoid arthritis	ukb-d-M13_RHEUMA	Neale UKB, RA (ICD M13)		rs2058660	1.0009153839145857	0.0009149652062299975	0.0007160434788761397	0.20131756609356732	0.6901760332429708	0.201317
MAPRE3	Venous thromboembolism	ukb-d-I9_VTE	Neale UKB, VTE		rs6745807	1.002194139083512	0.0021917354756111306	0.0017167228794115743	0.20170913287067727	0.6901760332429708	0.20171
SNX2	Coeliac disease	ukb-b-8631	UKB, coeliac (self-report)	self-report	rs4836231	1.0018737611155768	0.0018720078150536688	0.0014665236851345196	0.20178115599555047	0.6901760332429708	0.2
NGFR	Heart failure	ukb-d-I9_HEARTFAIL	Neale UKB, heart failure		rs2671661	0.9970049166736482	-0.0029995775644059827	0.0023541356062907934	0.20260188048210637	0.6901760332429708	0.202604
DPEP2	Type 2 diabetes	ukb-b-13806	UKB, T2D (self-report)	self-report	rs12934863	0.9991150068972217	-0.0008853849403738013	0.00069515684317863	0.2027882860557899	0.6901760332429708	0.2
BMP6	Coeliac disease	ukb-b-8631	UKB, coeliac (self-report)	self-report	rs9406052	1.001441149258102	0.0014401117991457455	0.0011307511326925303	0.2028092397268091	0.6901760332429708	0.2
CRIM1	Osteoporosis	ukb-b-12141	UKB, osteoporosis (self-report)	self-report	rs10172196	1.0022376950251966	0.00223519511434768	0.0017553647523921498	0.2028935872155031	0.6901760332429708	0.2
EPHB4	Osteoporosis	ukb-b-12141	UKB, osteoporosis (self-report)	self-report	rs314320	0.9994205462828001	-0.0005796216653870048	0.0004555252566401349	0.203222202382906	0.6901760332429708	0.2
ACE	Heart failure	ukb-d-I9_HEARTFAIL	Neale UKB, heart failure		rs4277405	1.0025606752515563	0.0025574023087894695	0.0020119351275121114	0.20368749414281018	0.6901760332429708	0.203689
SCPEP1	Venous thromboembolism	ukb-d-I9_VTE	Neale UKB, VTE		rs8072896	1.0022507622683883	0.002248233097324881	0.0017690234749093115	0.2037680150943384	0.6901760332429708	0.20377
CD226	Atrial fibrillation	ukb-b-964	UKB, AF/flutter (ICD I48)		rs763361	1.0008334554741833	0.0008331083430351094	0.0006557937675053502	0.2039487302169709	0.6901760332429708	0.2
KRT18	Osteoporosis	ukb-b-12141	UKB, osteoporosis (self-report)	self-report	rs902771	0.996523193577386	-0.003482864560121099	0.0027423363726282223	0.20407198325124387	0.6901760332429708	0.2
ERBB2	Venous thromboembolism	ukb-d-I9_VTE	Neale UKB, VTE		rs903506	0.9948586554080479	-0.005154606780576007	0.0040727327107111175	0.20564258306592764	0.6927204841412352	0.205644
IFNGR2	Rheumatoid arthritis	ukb-d-M13_RHEUMA	Neale UKB, RA (ICD M13)		rs17879003	0.9995084508463988	-0.0004916700034904663	0.0003885964812917305	0.2057832865796283	0.6927204841412352	0.205783
EVI2B	Hypertension	ieu-b-5144	Tang UKB, hypertension		rs9902893	0.9894457750658813	-0.010610315778774254	0.008393777208550864	0.20620516737227468	0.6927204841412352	0.21
MERTK	Multiple sclerosis	ukb-b-17670	UKB, MS (self-report)	self-report	rs55812028	1.000370191088209	0.00037012258439395756	0.0002934333899448221	0.20718231030951095	0.6944529554917906	0.21
CRISP3	Rheumatoid arthritis	ukb-d-M13_RHEUMA	Neale UKB, RA (ICD M13)		rs78730163	0.9985693847967276	-0.001431639510244963	0.0011406856839266363	0.2094536270402627	0.6999583012255551	0.209455
HNMT	Psoriasis	ukb-b-10537	UKB, psoriasis (self-report)	self-report	rs1522907	1.0011517986131562	0.0011511358020346676	0.0009196228963345971	0.21066183007445805	0.6999583012255551	0.21
DPEP2	Heart failure	ukb-d-I9_HEARTFAIL	Neale UKB, heart failure		rs12934863	0.9992325895513898	-0.0007677050587427454	0.0006134989487574204	0.21080493883565676	0.6999583012255551	0.210804
MPO	Atrial fibrillation	ukb-b-964	UKB, AF/flutter (ICD I48)		rs12940119	1.0009827218976814	0.0009822393426363119	0.0007850254871371506	0.21085433826004407	0.6999583012255551	0.21
KIAA0319	Type 2 diabetes	ukb-b-13806	UKB, T2D (self-report)	self-report	rs6935076	1.0006774351537913	0.0006772057981739397	0.0005415874705480902	0.21115021179827376	0.6999583012255551	0.21
LPL	Rheumatoid arthritis	ukb-d-M13_RHEUMA	Neale UKB, RA (ICD M13)		rs80026582	1.0003681688131534	0.00036810105564618267	0.0002947790564297593	0.21176185282047633	0.7004430516369601	0.211762
TNFRSF1A	Venous thromboembolism	ukb-d-I9_VTE	Neale UKB, VTE		rs1800692	1.0013226522079108	0.001321778274001412	0.001059762770821742	0.2123095946810274	0.7007147806906715	0.21231
PILRA	Heart failure	ukb-d-I9_HEARTFAIL	Neale UKB, heart failure		rs2005763	0.9979953189503732	-0.0020066931121609653	0.0016151026493059916	0.2140685625002572	0.70150534625358	0.214071
LTBR	Heart failure	ukb-d-I9_HEARTFAIL	Neale UKB, heart failure		rs2364480	0.9992812056426563	-0.0007190528138665475	0.0005791271884620574	0.21437876597163563	0.70150534625358	0.21438
PDLIM7	Osteoporosis	ukb-b-12141	UKB, osteoporosis (self-report)	self-report	rs2731664	1.0028002794102875	0.0027963659320856434	0.0022552940845128725	0.21500798865230952	0.70150534625358	0.22
PFKFB2	Coronary heart disease	ukb-d-I9_CHD	Neale UKB, major CHD event		rs1564879	1.0067231035151352	0.006700604241697087	0.005407042649956585	0.21525795221279465	0.70150534625358	0.215258
KRT18	Venous thromboembolism	ukb-d-I9_VTE	Neale UKB, VTE		rs902771	0.996586990820612	-0.003418846781528474	0.002758987246243525	0.21528354707251074	0.70150534625358	0.215283
SLC12A2	Atrial fibrillation	ukb-b-964	UKB, AF/flutter (ICD I48)		rs17764730	1.0015344802125676	0.001533304100799395	0.0012375344638665057	0.21534582722202922	0.70150534625358	0.22
TNFRSF14	Ankylosing spondylitis	ukb-b-18194	UKB, AS (self-report)	self-report	rs3748825	0.9996335477533131	-0.0003665194067192044	0.00029761162753358	0.21812249429054953	0.7058081211927826	0.22
KIAA0319	Multiple sclerosis	ukb-b-17670	UKB, MS (self-report)	self-report	rs6935076	1.0005016619862794	0.0005015361959730182	0.0004075586287994946	0.21847751154895478	0.7058081211927826	0.22
SORT1	Psoriasis	ukb-b-10537	UKB, psoriasis (self-report)	self-report	rs657420	1.0033384753606653	0.003332915023726898	0.0027114405027928255	0.2189951205608731	0.7058081211927826	0.22
VNN2	Psoriasis	ukb-b-10537	UKB, psoriasis (self-report)	self-report	rs2300079	1.0003947268338138	0.0003946489496716986	0.00032120198280426285	0.21919823330603583	0.7058081211927826	0.22
VNN2	Venous thromboembolism	ukb-d-I9_VTE	Neale UKB, VTE		rs2300079	1.0004739059134669	0.0004737936555244651	0.0003856918353418607	0.21928730956296283	0.7058081211927826	0.219287
LYPD3	Glaucoma	ukb-d-H40	Neale UKB, glaucoma (ICD H40)		rs2599437	1.002269512910705	0.0022669414561771336	0.0018461779438036677	0.2194805320386859	0.7058081211927826	0.219482
PF4	Glaucoma	ukb-d-H40	Neale UKB, glaucoma (ICD H40)		rs11574452	0.997056934856614	-0.002947404475654917	0.00240652617068269	0.22066762041326404	0.7081125132664443	0.220668
ANPEP	Hypertension	ieu-b-5144	Tang UKB, hypertension		rs11073891	1.001451500220793	0.0014504478126049752	0.0011859267781735227	0.22131079069105364	0.7086654042341185	0.22
TNFRSF1A	Type 2 diabetes	ukb-b-13806	UKB, T2D (self-report)	self-report	rs1800692	0.9991871415706842	-0.0008131889778671391	0.000666351710544302	0.22232843129462276	0.7102069056047512	0.22
LDLR	Atrial fibrillation	ukb-b-964	UKB, AF/flutter (ICD I48)		rs8110515	1.004535864905149	0.004525608871557671	0.0037135601438512728	0.22296900552639176	0.7102069056047512	0.22
PFKFB2	Type 2 diabetes	ukb-b-13806	UKB, T2D (self-report)	self-report	rs1564879	1.0028415343748154	0.0028375048475690573	0.0023305530333711994	0.22340481346731655	0.7102069056047512	0.22
IL1RL1	Crohn's disease	ukb-a-552	Neale UKB, Crohn (ICD K50)		rs2058660	0.9993698768748611	-0.0006303217361526278	0.0005183953752798288	0.22401949093555062	0.7102069056047512	0.224019
PIK3IP1	Heart failure	ukb-d-I9_HEARTFAIL	Neale UKB, heart failure		rs4820963	1.0003964997986352	0.0003964212133621144	0.00032612165976988604	0.22415168117093476	0.7102069056047512	0.224154
IL6ST	Heart failure	ukb-d-I9_HEARTFAIL	Neale UKB, heart failure		rs7731626	1.0015673679825703	0.0015661409433545056	0.0012901868903351533	0.224790922327045	0.7102392566727519	0.224794
PLAU	Crohn's disease	ukb-a-552	Neale UKB, Crohn (ICD K50)		rs2227551	0.9993248462771634	-0.0006753817417488856	0.0005567573461127858	0.22510573118465294	0.7102392566727519	0.225105
PLAU	Rheumatoid arthritis	ukb-d-M13_RHEUMA	Neale UKB, RA (ICD M13)		rs2227551	1.0009314123423925	0.0009309788470710748	0.0007685442550169411	0.22575991585462285	0.7108131241866263	0.225762
PF4	Crohn's disease	ukb-a-552	Neale UKB, Crohn (ICD K50)		rs11574452	0.9979948291762252	-0.002007183870242618	0.0016644583721582258	0.22785291849222622	0.7150782033707349	0.227854
CTLA4	Osteoporosis	ukb-b-12141	UKB, osteoporosis (self-report)	self-report	rs13030124	0.9978717792205103	-0.0021304886596038844	0.0017675140488608904	0.2280648090484736	0.7150782033707349	0.23
ANPEP	Coeliac disease	ukb-b-8631	UKB, coeliac (self-report)	self-report	rs11073891	1.0002182685205199	0.00021824470341189105	0.000181420666353663	0.22898561685825136	0.7164726681323665	0.23
TNFSF14	Rheumatoid arthritis	ukb-d-M13_RHEUMA	Neale UKB, RA (ICD M13)		rs2291668	1.0009651559757071	0.0009646905121509548	0.000803694847932847	0.23001532082091147	0.7182013648038833	0.230016
PVALB	Coronary heart disease	ukb-d-I9_CHD	Neale UKB, major CHD event		rs4821544	1.0007588274223531	0.0007585396583908851	0.0006334865551185528	0.23114892648031993	0.7202466549749099	0.231149
DENR	Rheumatoid arthritis	ukb-d-M13_RHEUMA	Neale UKB, RA (ICD M13)		rs7967318	0.998975558932605	-0.0010249661657974988	0.0008586712505345631	0.23260887831287103	0.7232982683075846	0.23261
BMP6	Coronary heart disease	ukb-d-I9_CHD	Neale UKB, major CHD event		rs9406052	0.9962110722804554	-0.0037961238891050645	0.003218890022404216	0.23826799397133547	0.7372284071020415	0.238269
SPRY2	Venous thromboembolism	ukb-d-I9_VTE	Neale UKB, VTE		rs7995973	0.9975269578128687	-0.002476105206987938	0.002100208150705718	0.2384057982771044	0.7372284071020415	0.238405
CTSH	Rheumatoid arthritis	ukb-d-M13_RHEUMA	Neale UKB, RA (ICD M13)		rs34843303	0.9996447520149322	-0.00035531110058145227	0.00030173532384960325	0.23897252357148124	0.7372284071020415	0.238973
HAVCR2	Osteoporosis	ukb-b-12141	UKB, osteoporosis (self-report)	self-report	rs6891966	1.001572504581916	0.001571269491206872	0.0013345596197003665	0.23904814795069518	0.7372284071020415	0.24
HNMT	Osteoporosis	ukb-b-12141	UKB, osteoporosis (self-report)	self-report	rs1522907	0.9987188769119701	-0.001281944427779695	0.001090732300561798	0.2398722377341551	0.7382570915948946	0.24
PINLYP	Crohn's disease	ukb-a-552	Neale UKB, Crohn (ICD K50)		rs915927	0.9991247484200798	-0.0008756348362310432	0.0007460235736187503	0.24050072624380792	0.7386808020345529	0.240503
SPON2	Psoriasis	ukb-b-10537	UKB, psoriasis (self-report)	self-report	rs73067776	0.9984270400355796	-0.0015741983647517212	0.0013437773418864373	0.24140885671681245	0.7399599375943029	0.24
PFKFB2	Heart failure	ukb-d-I9_HEARTFAIL	Neale UKB, heart failure		rs1564879	0.9976069298004164	-0.0023959381684878584	0.002053219252559468	0.24324355197846326	0.7434186141087792	0.243244
F12	Coronary heart disease	ukb-d-I9_CHD	Neale UKB, major CHD event		rs2731673	0.9949271839812012	-0.00508572642991332	0.004360860515561275	0.24352516727948714	0.7434186141087792	0.243526
PFKFB2	Multiple sclerosis	ukb-b-17670	UKB, MS (self-report)	self-report	rs1564879	1.0020453112688597	0.0020432224674474136	0.0017542677739704091	0.24413426506019187	0.7437693702744711	0.24
CRISP3	Multiple sclerosis	ukb-b-17670	UKB, MS (self-report)	self-report	rs78730163	0.9989409381482043	-0.0010596230540656285	0.0009114253752191182	0.24499186961499664	0.7448742702435757	0.24
IL6ST	Ankylosing spondylitis	ukb-b-18194	UKB, AS (self-report)	self-report	rs7731626	1.0011216898279929	0.0011210612039946972	0.0009688215949726557	0.24721559510423186	0.7501199004674777	0.25
EDN1	Crohn's disease	ukb-a-552	Neale UKB, Crohn (ICD K50)		rs557768	0.9989045584902815	-0.0010960419443031741	0.0009488742473872302	0.24805064284959988	0.751139270600901	0.24805
ANXA11	Venous thromboembolism	ukb-d-I9_VTE	Neale UKB, VTE		rs11591611	1.0010596773069804	0.0010591162453109134	0.0009188652839284359	0.24906024949759598	0.7526820793049838	0.249061
MERTK	Coeliac disease	ukb-b-8631	UKB, coeliac (self-report)	self-report	rs55812028	1.0003667388937283	0.00036667166145750796	0.0003187280496439212	0.24997023093842685	0.7535390101027784	0.25
PLAU	Glaucoma	ukb-d-H40	Neale UKB, glaucoma (ICD H40)		rs2227551	1.0009222363286103	0.0009218113299667252	0.0008042670280889361	0.25173274458689354	0.7535390101027784	0.251732
CTLA4	Ankylosing spondylitis	ukb-b-18194	UKB, AS (self-report)	self-report	rs13030124	1.000848542588421	0.0008481827796864297	0.0007403335610320978	0.25192902157740926	0.7535390101027784	0.25
IL6ST	Psoriasis	ukb-b-10537	UKB, psoriasis (self-report)	self-report	rs7731626	1.0022340347180623	0.002231542972908323	0.0019499744700923116	0.2524594486257339	0.7535390101027784	0.25
MAPRE3	Osteoporosis	ukb-b-12141	UKB, osteoporosis (self-report)	self-report	rs6745807	0.9980524509751836	-0.0019494479643375636	0.0017044558656379915	0.2527330340206353	0.7535390101027784	0.25
PM20D1	Glaucoma	ukb-d-H40	Neale UKB, glaucoma (ICD H40)		rs823080	1.000557216409	0.000557061221582668	0.00048714663159278956	0.25282334736109835	0.7535390101027784	0.252825
BMP6	Ankylosing spondylitis	ukb-b-18194	UKB, AS (self-report)	self-report	rs9406052	1.0010495123834038	0.0010489620303168249	0.0009173597739341378	0.25284863794146384	0.7535390101027784	0.25
LILRB2	Ankylosing spondylitis	ukb-b-18194	UKB, AS (self-report)	self-report	rs12984962	0.9993748810202354	-0.0006253144480989026	0.000547737896613011	0.25360751970027273	0.7543069508871748	0.25
NPDC1	Venous thromboembolism	ukb-d-I9_VTE	Neale UKB, VTE		rs10747042	1.0007599890499137	0.0007597004044714655	0.0006684577685652807	0.2557485228650087	0.7558833152821012	0.255749
RAB44	Coronary heart disease	ukb-d-I9_CHD	Neale UKB, major CHD event		rs12526889	0.999119521139342	-0.0008808667098487732	0.0007760343722210247	0.2563387694238701	0.7558833152821012	0.25634
JMJD1C	Ankylosing spondylitis	ukb-b-18194	UKB, AS (self-report)	self-report	rs9919429	1.002393218949707	0.0023903597621023867	0.002106590865444915	0.25649882743130625	0.7558833152821012	0.26
CRISP3	Psoriasis	ukb-b-10537	UKB, psoriasis (self-report)	self-report	rs78730163	0.99817544750232	-0.0018262190210031214	0.001609466763247275	0.25651221341156605	0.7558833152821012	0.26
PILRA	Coronary heart disease	ukb-d-I9_CHD	Neale UKB, major CHD event		rs2005763	0.995186911405307	-0.004824708806669952	0.004253289416179876	0.25664875356089945	0.7558833152821012	0.256649
STK11	Crohn's disease	ukb-a-552	Neale UKB, Crohn (ICD K50)		rs3764640	0.9994813011094588	-0.0005188334613472817	0.00046049415238058524	0.2598742104195506	0.7612858149309165	0.259875
ERBB3	Ankylosing spondylitis	ukb-b-18194	UKB, AS (self-report)	self-report	rs11171739	0.9992492276985742	-0.0007510542720894413	0.0006666661516299535	0.2599191352470105	0.7612858149309165	0.26
LTBR	Rheumatoid arthritis	ukb-d-M13_RHEUMA	Neale UKB, RA (ICD M13)		rs2364480	1.0006964045036935	0.0006961621265989796	0.000619522720598309	0.2611372712941349	0.7612858149309165	0.261139
PDLIM7	Hypertension	ieu-b-5144	Tang UKB, hypertension		rs2731664	0.9914708959229491	-0.008565685035613314	0.007624858610757392	0.2612721666570672	0.7612858149309165	0.26
IL1RL1	Glaucoma	ukb-d-H40	Neale UKB, glaucoma (ICD H40)		rs2058660	1.0008399795144138	0.0008396269290507971	0.0007493216660980298	0.26249393084987194	0.7612858149309165	0.262494
SORT1	Atrial fibrillation	ukb-b-964	UKB, AF/flutter (ICD I48)		rs657420	0.9968687007171783	-0.003136212058682631	0.0028002191237987335	0.26271883885114766	0.7612858149309165	0.26
PVR	Rheumatoid arthritis	ukb-d-M13_RHEUMA	Neale UKB, RA (ICD M13)		rs79572806	0.9986219674112328	-0.0013789829488602297	0.0012317236867954153	0.2629032551132271	0.7612858149309165	0.262905
IL4	Crohn's disease	ukb-a-552	Neale UKB, Crohn (ICD K50)		rs2070874	1.0013550836847864	0.0013541663874729049	0.0012101416019984971	0.2631338164537138	0.7612858149309165	0.263132
EPHB4	Crohn's disease	ukb-a-552	Neale UKB, Crohn (ICD K50)		rs314320	0.9997797755791428	-0.0002202486738157654	0.0001969092978266296	0.2633413147433612	0.7612858149309165	0.263341
PIK3IP1	Coeliac disease	ukb-b-8631	UKB, coeliac (self-report)	self-report	rs4820963	1.000338964329221	0.00033890689379156966	0.00030322363969304634	0.26370383387777085	0.7612858149309165	0.26
STK11	Atrial fibrillation	ukb-b-964	UKB, AF/flutter (ICD I48)		rs3764640	1.001034263986494	0.0010337295039961121	0.0009259986533426463	0.26427654849428084	0.7612858149309165	0.26
PILRB	Coeliac disease	ukb-b-8631	UKB, coeliac (self-report)	self-report	rs6955367	0.9998011436496543	-0.00019887612489125187	0.00017825329035077854	0.2645531436603783	0.7612858149309165	0.26
IL2RA	Crohn's disease	ukb-a-552	Neale UKB, Crohn (ICD K50)		rs61839660	1.0006658638241697	0.0006656422352133369	0.0005980462083104541	0.26569636104784533	0.7623914560368724	0.265698
CDKN1A	Osteoporosis	ukb-b-12141	UKB, osteoporosis (self-report)	self-report	rs12199346	0.9984908585734981	-0.0015102813274166145	0.0013576337115238659	0.2659505079198392	0.7623914560368724	0.27
STK11	Coeliac disease	ukb-b-8631	UKB, coeliac (self-report)	self-report	rs3764640	0.9993911823811917	-0.0006090030235103715	0.0005505801530263056	0.2686782738860809	0.7651558213177618	0.27
PSAP	Psoriasis	ukb-b-10537	UKB, psoriasis (self-report)	self-report	rs4747202	0.9978466128120113	-0.0021557090600379056	0.0019515556525526985	0.2693283560689288	0.7651558213177618	0.27
SWAP70	Type 2 diabetes	ukb-b-13806	UKB, T2D (self-report)	self-report	rs360155	1.0006247008246387	0.0006245057803039799	0.0005658566823963993	0.26974648615017993	0.7651558213177618	0.27
BMP6	Rheumatoid arthritis	ukb-d-M13_RHEUMA	Neale UKB, RA (ICD M13)		rs9406052	1.0014435658613472	0.0014425249218053147	0.0013075724882595145	0.26993668456643416	0.7651558213177618	0.269939
ARG1	Rheumatoid arthritis	ukb-d-M13_RHEUMA	Neale UKB, RA (ICD M13)		rs2246012	0.9996134443776171	-0.0003866303542667541	0.00035070381332778767	0.27026988172324584	0.7651558213177618	0.27027
CLINT1	Coronary heart disease	ukb-d-I9_CHD	Neale UKB, major CHD event		rs11750888	1.0065729345227767	0.006551426982317697	0.005960022283945977	0.2716683645562399	0.7651558213177618	0.271669
BCL7A	Osteoporosis	ukb-b-12141	UKB, osteoporosis (self-report)	self-report	rs10840637	0.9984640116201883	-0.0015371692192885553	0.001399925105700598	0.27218844036155576	0.7651558213177618	0.27
TPPP3	Heart failure	ukb-d-I9_HEARTFAIL	Neale UKB, heart failure		rs149025632	1.001210846929091	0.0012101144451724247	0.0011022199735466018	0.27225325477573037	0.7651558213177618	0.272254
LILRB2	Psoriasis	ukb-b-10537	UKB, psoriasis (self-report)	self-report	rs12984962	1.0012101978147558	0.0012094661156546102	0.001102592261618461	0.27267215736011563	0.7651558213177618	0.27
LPL	Crohn's disease	ukb-a-552	Neale UKB, Crohn (ICD K50)		rs80026582	0.9997665256737566	-0.0002335015856168817	0.0002129396773546689	0.2728328508162008	0.7651558213177618	0.272833
BCL7A	Crohn's disease	ukb-a-552	Neale UKB, Crohn (ICD K50)		rs10840637	0.9993376326586222	-0.0006625868035403085	0.0006046047335129267	0.2731221944557962	0.7651558213177618	0.27312
JMJD1C	Venous thromboembolism	ukb-d-I9_VTE	Neale UKB, VTE		rs9919429	0.9944602511271741	-0.005555150187559594	0.00506952664538266	0.2731695127424074	0.7651558213177618	0.273172
TGFB2	Crohn's disease	ukb-a-552	Neale UKB, Crohn (ICD K50)		rs12034138	1.0024497276470292	0.0024467319556779675	0.002237702478267955	0.2742127091545583	0.7651558213177618	0.274213
ACE	Coronary heart disease	ukb-d-I9_CHD	Neale UKB, major CHD event		rs4277405	1.0058008009401858	0.005784041076931169	0.005298332371443235	0.2749772982127552	0.7651558213177618	0.274978
PILRB	Crohn's disease	ukb-a-552	Neale UKB, Crohn (ICD K50)		rs6955367	0.99983750835273	-0.00016250485046802608	0.0001489832652875242	0.27537890327181813	0.7651558213177618	0.275378
CLINT1	Multiple sclerosis	ukb-b-17670	UKB, MS (self-report)	self-report	rs11750888	1.0021084793451351	0.002106259622173151	0.0019330946208808934	0.27589856520776057	0.7651558213177618	0.28
LTBP2	Coeliac disease	ukb-b-8631	UKB, coeliac (self-report)	self-report	rs754458	0.9989752913510175	-0.001025234021823603	0.0009419342777836604	0.2764032171730668	0.7651558213177618	0.28
SLC16A1	Coronary heart disease	ukb-d-I9_CHD	Neale UKB, major CHD event		rs7169	0.9966354313661195	-0.003370241523050602	0.0030988043101587157	0.27677430256489366	0.7651558213177618	0.276776
SCARB1	Venous thromboembolism	ukb-d-I9_VTE	Neale UKB, VTE		rs7954697	1.0009132815535269	0.0009128647656725658	0.000839594880213365	0.27691832353922874	0.7651558213177618	0.276919
PLAUR	Venous thromboembolism	ukb-d-I9_VTE	Neale UKB, VTE		rs4760	0.9968550753758255	-0.0031498802924834236	0.0029024839169363753	0.2778171043592197	0.7651558213177618	0.277817
IL2RA	Heart failure	ukb-d-I9_HEARTFAIL	Neale UKB, heart failure		rs61839660	1.0008362360961098	0.0008358866455076006	0.0007704026993521841	0.27792181813054784	0.7651558213177618	0.277921
SORT1	Ankylosing spondylitis	ukb-b-18194	UKB, AS (self-report)	self-report	rs657420	0.9985401778068892	-0.0014608887716649499	0.0013472110411597675	0.27819632699202845	0.7651558213177618	0.28
KRT18	Hypertension	ieu-b-5144	Tang UKB, hypertension		rs902771	0.9900027654049153	-0.010047542519104604	0.009273646283974235	0.2786082326127133	0.7651558213177618	0.28
LTBP2	Multiple sclerosis	ukb-b-17670	UKB, MS (self-report)	self-report	rs754458	1.0009375457349499	0.000937106513452592	0.0008670623119940744	0.27979349483284555	0.7657522924653165	0.28
IL1RN	Osteoporosis	ukb-b-12141	UKB, osteoporosis (self-report)	self-report	rs72950883	1.0030262446875717	0.0030216748264743575	0.002798977201501582	0.28033641111171814	0.7657522924653165	0.28
ERBB2	Rheumatoid arthritis	ukb-d-M13_RHEUMA	Neale UKB, RA (ICD M13)		rs903506	0.9973998994284601	-0.002603486703827568	0.0024116869129776736	0.28035183597899627	0.7657522924653165	0.280352
TGFB2	Hypertension	ieu-b-5144	Tang UKB, hypertension		rs12034138	1.0188674241597104	0.018691641909525544	0.017425084878189317	0.28341209314282967	0.7687462800491959	0.28
HAVCR1	Hypertension	ieu-b-5144	Tang UKB, hypertension		rs1501909	1.0102937995710795	0.010241179217116776	0.009547330061014122	0.28341710469392245	0.7687462800491959	0.28
LYPD3	Crohn's disease	ukb-a-552	Neale UKB, Crohn (ICD K50)		rs2599437	0.9986293165753823	-0.0013716236704273059	0.0012790123147740807	0.2835365944295729	0.7687462800491959	0.283536
PVALB	Hypertension	ieu-b-5144	Tang UKB, hypertension		rs4821544	1.0015618676025362	0.0015606491558688765	0.0014558222013863033	0.28371763923621107	0.7687462800491959	0.28
DENR	Glaucoma	ukb-d-H40	Neale UKB, glaucoma (ICD H40)		rs7967318	0.9990395268902844	-0.0009609346595740306	0.0008985828999693797	0.2848944264884521	0.7687462800491959	0.284894
SERPING1	Coronary heart disease	ukb-d-I9_CHD	Neale UKB, major CHD event		rs28362951	0.9984167943785061	-0.0015844602158760557	0.0014817817875051491	0.28493726165355726	0.7687462800491959	0.284938
RELB	Hypertension	ieu-b-5144	Tang UKB, hypertension		rs8111826	0.981013314260959	-0.019169247377417844	0.017930226020669054	0.2850235377192367	0.7687462800491959	0.29
VAT1	Multiple sclerosis	ukb-b-17670	UKB, MS (self-report)	self-report	rs4520874	0.9995284150044064	-0.0004716962267690076	0.0004431587904659794	0.28714956696862526	0.7730949879924526	0.29
PIK3IP1	Type 2 diabetes	ukb-b-13806	UKB, T2D (self-report)	self-report	rs4820963	1.0003937898377924	0.0003937123229233159	0.00037078798328316954	0.2883146819392297	0.7731540690497699	0.29
SCPEP1	Ankylosing spondylitis	ukb-b-18194	UKB, AS (self-report)	self-report	rs8072896	1.0007807146866976	0.0007804100875130503	0.0007354695067845494	0.28864236098730833	0.7731540690497699	0.29
SERPING1	Atrial fibrillation	ukb-b-964	UKB, AF/flutter (ICD I48)		rs28362951	1.0009318144090966	0.0009313805395531474	0.0008778742173363598	0.2887126822631034	0.7731540690497699	0.29
ERBB2	Glaucoma	ukb-d-H40	Neale UKB, glaucoma (ICD H40)		rs903506	0.9973295911081405	-0.0026739807940611153	0.0025237633015352577	0.28936246648498054	0.7735177834101167	0.289364
BMP6	Psoriasis	ukb-b-10537	UKB, psoriasis (self-report)	self-report	rs9406052	1.0019475757945304	0.0019456817276198028	0.0018434266914852777	0.29121038393720267	0.7769436907099467	0.29
NRN1	Crohn's disease	ukb-a-552	Neale UKB, Crohn (ICD K50)		rs6906850	1.000496604426557	0.0004964811593872603	0.00047101075692160006	0.2918480990900998	0.7769436907099467	0.291849
RAPGEF2	Crohn's disease	ukb-a-552	Neale UKB, Crohn (ICD K50)		rs11100203	0.999699071960844	-0.0003009733270842691	0.0002857368533739551	0.2921927767055348	0.7769436907099467	0.292195
TGFB2	Rheumatoid arthritis	ukb-d-M13_RHEUMA	Neale UKB, RA (ICD M13)		rs12034138	0.9967650901213556	-0.0032401535111119288	0.0030933546676101343	0.2948892253118307	0.780318272130163	0.29489
ERBB2	Heart failure	ukb-d-I9_HEARTFAIL	Neale UKB, heart failure		rs903506	1.0023640973332935	0.0023613072516771873	0.002254428650410108	0.2949113111092667	0.780318272130163	0.294913
PVALB	Multiple sclerosis	ukb-b-17670	UKB, MS (self-report)	self-report	rs4821544	1.0002143441005988	0.0002143211321842333	0.00020488519144041905	0.29553574519685744	0.780318272130163	0.3
SCARF1	Crohn's disease	ukb-a-552	Neale UKB, Crohn (ICD K50)		rs150715762	1.0034785476657664	0.003472511512815165	0.0033227365774594598	0.29598794807227824	0.780318272130163	0.295988
F12	Osteoporosis	ukb-b-12141	UKB, osteoporosis (self-report)	self-report	rs2731673	0.9969109788103364	-0.003093802063637985	0.002968833667979622	0.2973683637745759	0.780318272130163	0.3
PIK3IP1	Crohn's disease	ukb-a-552	Neale UKB, Crohn (ICD K50)		rs4820963	0.9997366952923963	-0.00026333937837441315	0.00025282370054248513	0.2976004491016693	0.780318272130163	0.297601
CRIM1	Coeliac disease	ukb-b-8631	UKB, coeliac (self-report)	self-report	rs10172196	1.0009468022419634	0.0009463543074352702	0.0009085749068681485	0.2976060082444163	0.780318272130163	0.3
KIAA0319	Hypertension	ieu-b-5144	Tang UKB, hypertension		rs6935076	1.003017019891908	0.0030124778207799856	0.002892239182590964	0.29760975960313196	0.780318272130163	0.3
HAVCR1	Coeliac disease	ukb-b-8631	UKB, coeliac (self-report)	self-report	rs1501909	0.9984827116495538	-0.0015184405980908076	0.0014616253461381932	0.29886460377688806	0.7814490064324034	0.3
ADM	Osteoporosis	ukb-b-12141	UKB, osteoporosis (self-report)	self-report	rs7107290	0.9991878885453265	-0.0008124413958256666	0.0007823902421169793	0.29907948684721886	0.7814490064324034	0.3
CRIM1	Coronary heart disease	ukb-d-I9_CHD	Neale UKB, major CHD event		rs10172196	1.002674266889615	0.0026706974003448142	0.0025803072329723064	0.3006545382298558	0.7842029116740605	0.300655
LTBR	Osteoporosis	ukb-b-12141	UKB, osteoporosis (self-report)	self-report	rs2364480	1.0010703014563607	0.0010697290921220877	0.0010354804825964022	0.3015687599027548	0.7852266153177265	0.3
PILRA	Venous thromboembolism	ukb-d-I9_VTE	Neale UKB, VTE		rs2005763	0.9969963757396354	-0.0030081441927681	0.002917771860849195	0.30255345187936644	0.7864299569575933	0.302554
CD14	Crohn's disease	ukb-a-552	Neale UKB, Crohn (ICD K50)		rs57599368	1.0004333604061544	0.00043326653265319333	0.0004211986343254966	0.3036435512011362	0.7867711753353674	0.303644
BMP6	Hypertension	ieu-b-5144	Tang UKB, hypertension		rs9406052	1.0076357060876018	0.007606701636614353	0.007408328027465856	0.3045254304735727	0.7867711753353674	0.3
TPPP3	Venous thromboembolism	ukb-d-I9_VTE	Neale UKB, VTE		rs149025632	0.9979584787655351	-0.002043607979513522	0.001991213030349602	0.30474403348766255	0.7867711753353674	0.304745
ERBB3	Coronary heart disease	ukb-d-I9_CHD	Neale UKB, major CHD event		rs11171739	0.9976037088048607	-0.002399166895814554	0.002337809574588094	0.3047758107777536	0.7867711753353674	0.304776
HAVCR1	Ankylosing spondylitis	ukb-b-18194	UKB, AS (self-report)	self-report	rs1501909	0.9987896634807402	-0.0012110695680548989	0.0011827601668089921	0.3058659626813407	0.788233345608592	0.31
HAVCR2	Multiple sclerosis	ukb-b-17670	UKB, MS (self-report)	self-report	rs6891966	1.0006493363099953	0.0006491255823906472	0.0006358971862694179	0.30734791174605025	0.7906984738082148	0.31
LTBP3	Heart failure	ukb-d-I9_HEARTFAIL	Neale UKB, heart failure		rs12789028	0.9996308748230418	-0.00036919332042587374	0.00036350566210294807	0.30979766536336806	0.7932170994975498	0.3098
SPRY2	Type 2 diabetes	ukb-b-13806	UKB, T2D (self-report)	self-report	rs7995973	1.0013411899687266	0.0013402913768257836	0.0013196562335573813	0.30980239464669346	0.7932170994975498	0.31
LILRB2	Crohn's disease	ukb-a-552	Neale UKB, Crohn (ICD K50)		rs12984962	1.0005760502043684	0.000575884351139409	0.0005672835236631349	0.3100288845384298	0.7932170994975498	0.310028
PLAUR	Atrial fibrillation	ukb-b-964	UKB, AF/flutter (ICD I48)		rs4760	0.9974506664864078	-0.0025525885976474764	0.002516577829066364	0.3104351306339248	0.7932170994975498	0.31
CLEC4A	Venous thromboembolism	ukb-d-I9_VTE	Neale UKB, VTE		rs6486847	0.9988618236392187	-0.0011388245753970916	0.0011265438308207135	0.31206369203777307	0.7934218804179854	0.312065
SIGLEC9	Crohn's disease	ukb-a-552	Neale UKB, Crohn (ICD K50)		rs12983058	0.9994893069857629	-0.0005108234623289891	0.0005061772153449991	0.3128887521449406	0.7934218804179854	0.312888
SIGLEC7	Crohn's disease	ukb-a-552	Neale UKB, Crohn (ICD K50)		rs12983058	0.9994718417636573	-0.0005282977610335959	0.0005234925747806784	0.3128887521449406	0.7934218804179854	0.312888
PINLYP	Ankylosing spondylitis	ukb-b-18194	UKB, AS (self-report)	self-report	rs915927	1.0007300188464228	0.0007297525122761926	0.0007232034428639381	0.3129479511714779	0.7934218804179854	0.31
PLAUR	Type 2 diabetes	ukb-b-13806	UKB, T2D (self-report)	self-report	rs4760	0.9981571264104304	-0.0018445737702362994	0.0018297782149855673	0.31341318623797587	0.7934218804179854	0.31
TGFB2	Venous thromboembolism	ukb-d-I9_VTE	Neale UKB, VTE		rs12034138	1.0052751822653725	0.00526131723042204	0.005223923037849389	0.31385872840720674	0.7934218804179854	0.31386
FES	Rheumatoid arthritis	ukb-d-M13_RHEUMA	Neale UKB, RA (ICD M13)		rs8027450	0.9995904786194444	-0.0004096052573364952	0.00040801986089857966	0.31543376474383233	0.7934218804179854	0.315435
CRIM1	Glaucoma	ukb-d-H40	Neale UKB, glaucoma (ICD H40)		rs10172196	1.001101281499622	0.00110067553400315	0.0010968816065698957	0.31563953128563305	0.7934218804179854	0.31564
IL12RB2	Heart failure	ukb-d-I9_HEARTFAIL	Neale UKB, heart failure		rs72678531	0.9996738321964604	-0.0003262210078269605	0.000325140556084213	0.3157050279908884	0.7934218804179854	0.315706
SERPING1	Glaucoma	ukb-d-H40	Neale UKB, glaucoma (ICD H40)		rs28362951	0.9993706286086682	-0.0006295695286449348	0.0006299026683893595	0.31756652005556596	0.7934218804179854	0.317568
ERBB3	Atrial fibrillation	ukb-b-964	UKB, AF/flutter (ICD I48)		rs11171739	0.9986164394633587	-0.0013845185402599244	0.001385697447716094	0.31772240504481686	0.7934218804179854	0.32
RAPGEF2	Ankylosing spondylitis	ukb-b-18194	UKB, AS (self-report)	self-report	rs11100203	1.0002762281234028	0.0002761899794388421	0.00027676062486699384	0.3183093626594351	0.7934218804179854	0.32
FES	Heart failure	ukb-d-I9_HEARTFAIL	Neale UKB, heart failure		rs8027450	0.9996196864464069	-0.0003803858911338711	0.0003814153062788576	0.3186183969830476	0.7934218804179854	0.318619
VAT1	Ankylosing spondylitis	ukb-b-18194	UKB, AS (self-report)	self-report	rs4520874	0.9996117497686255	-0.00038832562000922416	0.000389541684960559	0.3188236266059208	0.7934218804179854	0.32
TNFRSF14	Coeliac disease	ukb-b-8631	UKB, coeliac (self-report)	self-report	rs3748825	0.9996339613080506	-0.00036610570046369506	0.00036774430171100664	0.31947166645875846	0.7934218804179854	0.32
DPEP2	Hypertension	ieu-b-5144	Tang UKB, hypertension		rs12934863	0.9963099705846928	-0.003696854368541824	0.00371556546555388	0.31975370943499337	0.7934218804179854	0.32
SNX2	Type 2 diabetes	ukb-b-13806	UKB, T2D (self-report)	self-report	rs4836231	1.0017851402492464	0.0017835487801071525	0.0017935303767477604	0.320011298456083	0.7934218804179854	0.32
HAVCR1	Heart failure	ukb-d-I9_HEARTFAIL	Neale UKB, heart failure		rs1501909	1.0015669181985787	0.001565691863136021	0.001574563107207967	0.32004476264036263	0.7934218804179854	0.320045
CD226	Rheumatoid arthritis	ukb-d-M13_RHEUMA	Neale UKB, RA (ICD M13)		rs763361	1.000446684328069	0.0004465845943230428	0.0004495672740783391	0.32053189587650177	0.7934218804179854	0.320534
PILRB	Hypertension	ieu-b-5144	Tang UKB, hypertension		rs6955367	1.001152116772369	0.001151453595163276	0.001164845580485818	0.3229062632613471	0.7973902084981969	0.32
MYL4	Heart failure	ukb-d-I9_HEARTFAIL	Neale UKB, heart failure		rs11570546	1.0035036329709814	0.0034975095476341275	0.003540297102019237	0.32319470244777415	0.7973902084981969	0.323196
TNFRSF1A	Heart failure	ukb-d-I9_HEARTFAIL	Neale UKB, heart failure		rs1800692	1.000576499938225	0.0005763338259750398	0.0005866243822310647	0.32587425732103714	0.8026853637776774	0.325874
IFNGR2	Type 2 diabetes	ukb-b-13806	UKB, T2D (self-report)	self-report	rs17879003	0.9995957154645206	-0.00040436628050513813	0.00041274892083581764	0.32723881655754106	0.8047294426782668	0.33
PVR	Coronary heart disease	ukb-d-I9_CHD	Neale UKB, major CHD event		rs79572806	0.9970439589094006	-0.0029604188093369658	0.0030321744354674263	0.3288983532069585	0.807491062930624	0.328899
TNFSF8	Coronary heart disease	ukb-d-I9_CHD	Neale UKB, major CHD event		rs10817679	0.9987072159169567	-0.0012936204492910114	0.0013298503307431944	0.33067437593737914	0.8083858389509152	0.330675
ADM	Heart failure	ukb-d-I9_HEARTFAIL	Neale UKB, heart failure		rs7107290	1.00042369638811	0.00042360665414096463	0.0004360482523207414	0.33131558830237706	0.8083858389509152	0.331317
LTBP3	Atrial fibrillation	ukb-b-964	UKB, AF/flutter (ICD I48)		rs12789028	0.9994480499033848	-0.0005521024771433479	0.000568595697121863	0.33155173338197397	0.8083858389509152	0.33
TMEM106A	Hypertension	ieu-b-5144	Tang UKB, hypertension		rs2171462	1.0048347948500584	0.004823144764861672	0.004979131422726165	0.3327089100755942	0.8083858389509152	0.33
PINLYP	Rheumatoid arthritis	ukb-d-M13_RHEUMA	Neale UKB, RA (ICD M13)		rs915927	0.9990033208904716	-0.00099717612442243	0.001029521578356427	0.3327537611567992	0.8083858389509152	0.332754
GDF15	Coronary heart disease	ukb-d-I9_CHD	Neale UKB, major CHD event		rs4808795	0.9977767198503218	-0.0022257553063150673	0.0022979942288590904	0.3327625934543923	0.8083858389509152	0.332763
CA8	Atrial fibrillation	ukb-b-964	UKB, AF/flutter (ICD I48)		rs7824045	1.001224651263549	0.0012239019898604754	0.001266013136721143	0.3336754275801619	0.8083858389509152	0.33
PILRB	Osteoporosis	ukb-b-12141	UKB, osteoporosis (self-report)	self-report	rs6955367	1.0003325879592349	0.0003325326641195445	0.00034438487970108437	0.3342521892951278	0.8083858389509152	0.33
ANXA11	Coeliac disease	ukb-b-8631	UKB, coeliac (self-report)	self-report	rs11591611	1.000456550590981	0.0004564464034700438	0.00047307069994113616	0.33461556561459704	0.8083858389509152	0.33
SCARF1	Glaucoma	ukb-d-H40	Neale UKB, glaucoma (ICD H40)		rs150715762	1.0046098344165586	0.004599241671277351	0.004778959126312242	0.3358517178590259	0.8083858389509152	0.335853
ADM	Rheumatoid arthritis	ukb-d-M13_RHEUMA	Neale UKB, RA (ICD M13)		rs7107290	0.9995515426202407	-0.0004485579668438019	0.00046646368038698934	0.3362435780381121	0.8083858389509152	0.336244
CRISP3	Type 2 diabetes	ukb-b-13806	UKB, T2D (self-report)	self-report	rs78730163	1.0011642310042808	0.001163553812918916	0.0012111516474263972	0.3367028546455755	0.8083858389509152	0.34
NRN1	Hypertension	ieu-b-5144	Tang UKB, hypertension		rs6906850	1.0035349503780813	0.0035287171261653458	0.003681978750003725	0.3378735954007399	0.8083858389509152	0.34
STK11	Rheumatoid arthritis	ukb-d-M13_RHEUMA	Neale UKB, RA (ICD M13)		rs3764640	1.0006083122457026	0.0006081272988083392	0.0006354786546737268	0.3385877265434303	0.8083858389509152	0.338589
LDLR	Psoriasis	ukb-b-10537	UKB, psoriasis (self-report)	self-report	rs8110515	1.0034438333068587	0.0034379168924748176	0.0035962443504690207	0.3390852585983506	0.8083858389509152	0.34
LYPD3	Hypertension	ieu-b-5144	Tang UKB, hypertension		rs2599437	1.0095994673343296	0.009553685203968884	0.009994368202999234	0.33911928895466326	0.8083858389509152	0.34
PINLYP	Psoriasis	ukb-b-10537	UKB, psoriasis (self-report)	self-report	rs915927	0.9986093594219481	-0.0013916084160411556	0.0014558076520313525	0.3391221059991394	0.8083858389509152	0.34
CDKN1A	Glaucoma	ukb-d-H40	Neale UKB, glaucoma (ICD H40)		rs12199346	1.0008126849720642	0.0008123549224377645	0.0008503012472900517	0.3393890620133657	0.8083858389509152	0.339392
HAVCR1	Coronary heart disease	ukb-d-I9_CHD	Neale UKB, major CHD event		rs1501909	1.00396671689087	0.003958870212945678	0.004146510466346232	0.3397054378006228	0.8083858389509152	0.339706
PDLIM7	Coronary heart disease	ukb-d-I9_CHD	Neale UKB, major CHD event		rs2731664	0.9968451285264516	-0.0031598585724220284	0.0033153007870542514	0.34053246965012596	0.8083858389509152	0.340534
LTBP2	Atrial fibrillation	ukb-b-964	UKB, AF/flutter (ICD I48)		rs754458	0.9984919555297558	-0.0015091827137981837	0.0015842766457639108	0.3407925273520007	0.8083858389509152	0.34
CRISP3	Osteoporosis	ukb-b-12141	UKB, osteoporosis (self-report)	self-report	rs78730163	1.001823147170185	0.0018214872545903437	0.00191325861896448	0.3410797393580274	0.8083858389509152	0.34
IL1RL1	Osteoporosis	ukb-b-12141	UKB, osteoporosis (self-report)	self-report	rs2058660	1.001135710125976	0.0011350656951090504	0.0011970232963444429	0.34300715006395577	0.8114463051244244	0.34
PRKCQ	Venous thromboembolism	ukb-d-I9_VTE	Neale UKB, VTE		rs2255088	0.9982375675151802	-0.0017639873961709442	0.0018619800962343463	0.3434493663549889	0.8114463051244244	0.343449
KRT18	Atrial fibrillation	ukb-b-964	UKB, AF/flutter (ICD I48)		rs902771	1.0022617402490568	0.002259186364670185	0.0023873734656426043	0.34399242078408987	0.811455475360588	0.34
STK11	Coronary heart disease	ukb-d-I9_CHD	Neale UKB, major CHD event		rs3764640	1.0014683436733396	0.0014672667108732939	0.0015643785638994425	0.34828395769173603	0.8202932023882046	0.348284
SWAP70	Crohn's disease	ukb-a-552	Neale UKB, Crohn (ICD K50)		rs360155	1.0003614349589567	0.0003613696570764295	0.00038622782055896713	0.3494592937885701	0.8217753705496843	0.34946
LIF	Psoriasis	ukb-b-10537	UKB, psoriasis (self-report)	self-report	rs3747150	0.9943093230166674	-0.00570693057756418	0.006112197879131842	0.35046107787010583	0.8218047550038715	0.35
NOMO1	Hypertension	ieu-b-5144	Tang UKB, hypertension		rs7405130	1.0024192259311449	0.0024163043151757915	0.0025884461046352183	0.3505638888455054	0.8218047550038715	0.35
IL2RA	Rheumatoid arthritis	ukb-d-M13_RHEUMA	Neale UKB, RA (ICD M13)		rs61839660	0.999234558382401	-0.000765734717610765	0.0008241395734516491	0.35282051434565265	0.8247006171738835	0.352822
TNFSF12	Osteoporosis	ukb-b-12141	UKB, osteoporosis (self-report)	self-report	rs62059804	0.9995245975850242	-0.00047551545453149553	0.0005118637689706664	0.3528951478139408	0.8247006171738835	0.35
PDLIM7	Atrial fibrillation	ukb-b-964	UKB, AF/flutter (ICD I48)		rs2731664	0.9981867601284702	-0.001814885780865507	0.001963536830780788	0.3553331413814611	0.8291106632234093	0.36
BCL7A	Venous thromboembolism	ukb-d-I9_VTE	Neale UKB, VTE		rs10840637	1.0013009101798915	0.0013000647294006842	0.001409713041474875	0.3564141405818515	0.8292672813373297	0.356415
LIF	Rheumatoid arthritis	ukb-d-M13_RHEUMA	Neale UKB, RA (ICD M13)		rs3747150	1.0039867536095115	0.003978827566476609	0.004322036445307232	0.3572640374359699	0.8292672813373297	0.357267
SIGLEC9	Osteoporosis	ukb-b-12141	UKB, osteoporosis (self-report)	self-report	rs12983058	0.9989209413071816	-0.0010796412957959785	0.0011736001300749169	0.3576042960717123	0.8292672813373297	0.36
SIGLEC7	Osteoporosis	ukb-b-12141	UKB, osteoporosis (self-report)	self-report	rs12983058	0.9988840493662485	-0.0011165737702961754	0.0012137467575207147	0.3576042960717123	0.8292672813373297	0.36
PILRA	Glaucoma	ukb-d-H40	Neale UKB, glaucoma (ICD H40)		rs2005763	1.00165261367609	0.0016512496127483864	0.0018080669758057508	0.3611016364839057	0.8327803117030494	0.361103
RAB44	Psoriasis	ukb-b-10537	UKB, psoriasis (self-report)	self-report	rs12526889	1.0004048567971087	0.00040477486470865364	0.00044336527300657734	0.36126345472639	0.8327803117030494	0.36
LTBP2	Osteoporosis	ukb-b-12141	UKB, osteoporosis (self-report)	self-report	rs754458	1.0016627074223132	0.001661326654656881	0.0018197758222065858	0.36127973013073067	0.8327803117030494	0.36
KIAA0319	Coronary heart disease	ukb-d-I9_CHD	Neale UKB, major CHD event		rs6935076	0.9988548441986587	-0.0011458119932551555	0.001255232075394252	0.361332587071157	0.8327803117030494	0.361333
HAVCR2	Crohn's disease	ukb-a-552	Neale UKB, Crohn (ICD K50)		rs6891966	1.0005244224658234	0.0005242850044185799	0.0005756387780229892	0.3624069829288472	0.8337338417313863	0.36241
ANPEP	Glaucoma	ukb-d-H40	Neale UKB, glaucoma (ICD H40)		rs11073891	1.000198161139192	0.00019814150786669056	0.0002187047884174434	0.36494802690718364	0.8337338417313863	0.36495
BCL7A	Psoriasis	ukb-b-10537	UKB, psoriasis (self-report)	self-report	rs10840637	0.9989322529378662	-0.0010683175101270257	0.0011802663598804806	0.36538618919252386	0.8337338417313863	0.37
ADM	Glaucoma	ukb-d-H40	Neale UKB, glaucoma (ICD H40)		rs7107290	1.0004416839208183	0.0004415864071877213	0.0004881424470320658	0.3656634935237948	0.8337338417313863	0.365664
PACS2	Heart failure	ukb-d-I9_HEARTFAIL	Neale UKB, heart failure		rs4555082	0.9978482450107948	-0.0021540733402512203	0.0023811950229980818	0.3656674708823717	0.8337338417313863	0.365669
PLAUR	Glaucoma	ukb-d-H40	Neale UKB, glaucoma (ICD H40)		rs4760	0.9983755504248183	-0.0016257704240216148	0.001798590174613544	0.36604112737644723	0.8337338417313863	0.366042
CD79B	Rheumatoid arthritis	ukb-d-M13_RHEUMA	Neale UKB, RA (ICD M13)		rs12603821	1.0013322424489721	0.0013313558013997597	0.0014736634810713803	0.3662962829819336	0.8337338417313863	0.366297
NGFR	Coeliac disease	ukb-b-8631	UKB, coeliac (self-report)	self-report	rs2671661	0.9980364385321463	-0.0019654917819468586	0.002177152537207075	0.3666421766780408	0.8337338417313863	0.37
RELB	Atrial fibrillation	ukb-b-964	UKB, AF/flutter (ICD I48)		rs8111826	1.0041721177914844	0.004163438639971901	0.004612658287643886	0.36673209516689553	0.8337338417313863	0.37
CASP3	Crohn's disease	ukb-a-552	Neale UKB, Crohn (ICD K50)		rs72689261	1.0003370460709942	0.00033698928372679363	0.00037537208504098127	0.36932027504435583	0.837181894262577	0.369321
BCL7A	Ankylosing spondylitis	ukb-b-18194	UKB, AS (self-report)	self-report	rs10840637	1.0005264728024783	0.0005263342642946636	0.000586333565046363	0.3693613141464127	0.837181894262577	0.37
SLC16A1	Psoriasis	ukb-b-10537	UKB, psoriasis (self-report)	self-report	rs7169	1.0015932568886663	0.001591989001444416	0.001777948900562683	0.3705692263775133	0.83853795599829	0.37
LIF	Coeliac disease	ukb-b-8631	UKB, coeliac (self-report)	self-report	rs3747150	0.9966526133895117	-0.003353001643006323	0.0037524297494368006	0.3715601353202509	0.83853795599829	0.37
SLC16A1	Atrial fibrillation	ukb-b-964	UKB, AF/flutter (ICD I48)		rs7169	1.0016417947897256	0.0016404485179930233	0.001836140270558315	0.3716311074092089	0.83853795599829	0.37
CASP3	Hypertension	ieu-b-5144	Tang UKB, hypertension		rs72689261	0.9974004027123179	-0.0026029821080970797	0.0029249504608685178	0.37350697247667153	0.8408498190050916	0.37
IL2RA	Osteoporosis	ukb-b-12141	UKB, osteoporosis (self-report)	self-report	rs61839660	1.0012329650121272	0.0012322055349751238	0.00138721211680667	0.374400716887787	0.8408498190050916	0.37
PSRC1	Crohn's disease	ukb-a-552	Neale UKB, Crohn (ICD K50)		rs7528419	0.9997511102669705	-0.0002489207112193591	0.00028083716084315334	0.37542762288136844	0.8408498190050916	0.375426
SIGLEC7	Heart failure	ukb-d-I9_HEARTFAIL	Neale UKB, heart failure		rs12983058	0.9994013707919548	-0.0005988084580493796	0.0006756178451534473	0.3754492215092502	0.8408498190050916	0.375449
SIGLEC9	Heart failure	ukb-d-I9_HEARTFAIL	Neale UKB, heart failure		rs12983058	0.9994211656846974	-0.000579001904558924	0.0006532706975651702	0.3754492215092502	0.8408498190050916	0.375449
RELB	Osteoporosis	ukb-b-12141	UKB, osteoporosis (self-report)	self-report	rs8111826	0.9953309623824099	-0.0046799716211853555	0.005298382606310946	0.3770833520874728	0.8422870026794768	0.38
PINLYP	Heart failure	ukb-d-I9_HEARTFAIL	Neale UKB, heart failure		rs915927	0.9991505225587136	-0.0008498384517093005	0.0009623919779745605	0.3772102590072872	0.8422870026794768	0.377213
GSTM4	Multiple sclerosis	ukb-b-17670	UKB, MS (self-report)	self-report	rs11101980	0.9998331132104599	-0.00016690071668996602	0.00018986300612406222	0.3793694796645859	0.8458534324373359	0.38
TNFRSF14	Hypertension	ieu-b-5144	Tang UKB, hypertension		rs3748825	1.0021090186119477	0.00210679775420019	0.002401069988102698	0.38024703822585293	0.8462524196325599	0.38
AAMDC	Heart failure	ukb-d-I9_HEARTFAIL	Neale UKB, heart failure		rs12419883	1.000433680071117	0.0004335860590948843	0.0004945903599241161	0.3806730153430187	0.8462524196325599	0.380672
TNFRSF14	Heart failure	ukb-d-I9_HEARTFAIL	Neale UKB, heart failure		rs3748825	0.999653652658109	-0.00034640733398405007	0.00039634140862778437	0.3821114621375341	0.8469318127693267	0.38211
ADM	Coeliac disease	ukb-b-8631	UKB, coeliac (self-report)	self-report	rs7107290	1.0003538381419068	0.0003537755559545907	0.00040497831504294134	0.3823542867566516	0.8469318127693267	0.38
ADAM15	Crohn's disease	ukb-a-552	Neale UKB, Crohn (ICD K50)		rs41264285	0.999835735434971	-0.00016427805793034768	0.00018837973505330923	0.3831767286526766	0.8469318127693267	0.383178
SORT1	Hypertension	ieu-b-5144	Tang UKB, hypertension		rs657420	0.9905672624309931	-0.00947750759640074	0.010869186513214793	0.3832296109607385	0.8469318127693267	0.38
JMJD1C	Crohn's disease	ukb-a-552	Neale UKB, Crohn (ICD K50)		rs9919429	1.0018927495964574	0.0018909606029952988	0.002176034074138855	0.3848504003040214	0.847919156646599	0.384849
MPO	Crohn's disease	ukb-a-552	Neale UKB, Crohn (ICD K50)		rs12940119	0.9996613102406454	-0.00033874712768482563	0.0003898221890663578	0.384858853338752	0.847919156646599	0.384862
PRKCQ	Osteoporosis	ukb-b-12141	UKB, osteoporosis (self-report)	self-report	rs2255088	0.9983966233218787	-0.00160466346215757	0.0018485826567725529	0.385366580163637	0.847919156646599	0.39
MAPT	Coronary heart disease	ukb-d-I9_CHD	Neale UKB, major CHD event		rs17698176	0.9928963100857388	-0.007129041249485295	0.008261922662932488	0.3882038857954515	0.8529151067476709	0.388205
EDN1	Ankylosing spondylitis	ukb-b-18194	UKB, AS (self-report)	self-report	rs557768	0.9992090377624148	-0.0007912752132613795	0.0009187376031424707	0.38909290392053997	0.8531733464024679	0.39
HAVCR1	Osteoporosis	ukb-b-12141	UKB, osteoporosis (self-report)	self-report	rs1501909	0.9975727775944713	-0.0024301728851120145	0.0028238162467753326	0.3894590448003532	0.8531733464024679	0.39
VAT1	Hypertension	ieu-b-5144	Tang UKB, hypertension		rs4520874	1.0027082392363884	0.002704578564335382	0.0031466215149833776	0.3900546650930623	0.8531733464024679	0.39
ARG1	Coronary heart disease	ukb-d-I9_CHD	Neale UKB, major CHD event		rs2246012	0.9992594994186998	-0.0007407748872797488	0.0008633392189289936	0.39087337994091653	0.8531733464024679	0.390873
NRN1	Ankylosing spondylitis	ukb-b-18194	UKB, AS (self-report)	self-report	rs6906850	0.9996090910446386	-0.000390985380184541	0.0004559473755423034	0.39115588639050025	0.8531733464024679	0.39
SNX2	Heart failure	ukb-d-I9_HEARTFAIL	Neale UKB, heart failure		rs4836231	1.001352586729967	0.001351672808548483	0.0015795512011651212	0.39214593060963887	0.8537030534532243	0.392146
GSTM4	Atrial fibrillation	ukb-b-964	UKB, AF/flutter (ICD I48)		rs11101980	1.0002962078463256	0.0002961639854424475	0.00034690140101392816	0.3932484533079963	0.8537030534532243	0.39
SCPEP1	Psoriasis	ukb-b-10537	UKB, psoriasis (self-report)	self-report	rs8072896	0.9987377308331138	-0.0012630664996473816	0.0014805185750139493	0.39359032967088137	0.8537030534532243	0.39
ANXA11	Glaucoma	ukb-d-H40	Neale UKB, glaucoma (ICD H40)		rs11591611	1.0004855003604074	0.00048538254323937283	0.0005693971905825183	0.393964468512801	0.8537030534532243	0.393964
EVI2B	Coeliac disease	ukb-b-8631	UKB, coeliac (self-report)	self-report	rs9902893	0.9989083568646582	-0.001092239411696164	0.0012841458572066021	0.3950154134988948	0.8537030534532243	0.4
PSRC1	Type 2 diabetes	ukb-b-13806	UKB, T2D (self-report)	self-report	rs7528419	1.0003490062453788	0.00034894535686574467	0.0004112378312637655	0.3961459587382623	0.8537030534532243	0.4
ADM	Venous thromboembolism	ukb-d-I9_VTE	Neale UKB, VTE		rs7107290	0.9993326885103939	-0.0006675342410200732	0.0007877418174349649	0.3967709136665387	0.8537030534532243	0.396771
CRIM1	Type 2 diabetes	ukb-b-13806	UKB, T2D (self-report)	self-report	rs10172196	1.0009418476298766	0.0009414043696982042	0.0011112272025209204	0.3968973530808575	0.8537030534532243	0.4
SLC12A2	Coeliac disease	ukb-b-8631	UKB, coeliac (self-report)	self-report	rs17764730	1.0006234637655056	0.0006232694927160637	0.0007357374585028198	0.396919468870508	0.8537030534532243	0.4
TSPAN15	Heart failure	ukb-d-I9_HEARTFAIL	Neale UKB, heart failure		rs17569412	0.9994060876129119	-0.0005940888229115473	0.0007048434195927872	0.39930317709914354	0.8537030534532243	0.399302
CD14	Psoriasis	ukb-b-10537	UKB, psoriasis (self-report)	self-report	rs57599368	0.9993089616647909	-0.0006912772122546213	0.0008218473089284336	0.40027730132790795	0.8537030534532243	0.4
HIP1R	Crohn's disease	ukb-a-552	Neale UKB, Crohn (ICD K50)		rs4426165	1.0012793130245452	0.00127849540089463	0.001520971599941156	0.40058433787959613	0.8537030534532243	0.400587
CLEC4A	Coronary heart disease	ukb-d-I9_CHD	Neale UKB, major CHD event		rs6486847	0.998622878791228	-0.0013780703116370344	0.0016421839428325373	0.4013743252459123	0.8537030534532243	0.401375
PVALB	Rheumatoid arthritis	ukb-d-M13_RHEUMA	Neale UKB, RA (ICD M13)		rs4821544	0.9997848082690527	-0.00021521488801002402	0.0002573335100105077	0.4029711303879995	0.8537030534532243	0.402972
TNFSF13	Coronary heart disease	ukb-d-I9_CHD	Neale UKB, major CHD event		rs11552708	0.999214328213632	-0.0007859805882011756	0.0009401060078258991	0.4031238069294818	0.8537030534532243	0.403125
ARG1	Heart failure	ukb-d-I9_HEARTFAIL	Neale UKB, heart failure		rs2246012	0.9997260145378237	-0.00027402300305026054	0.0003278365959846707	0.40323794785068445	0.8537030534532243	0.403238
ACE	Multiple sclerosis	ukb-b-17670	UKB, MS (self-report)	self-report	rs4277405	0.998567076679342	-0.0014339509370604768	0.001717780442149716	0.4038474307921649	0.8537030534532243	0.4
EPHB4	Multiple sclerosis	ukb-b-17670	UKB, MS (self-report)	self-report	rs314320	1.0001808904545917	0.000180874095886092	0.00021705689018807267	0.40467402553545173	0.8537030534532243	0.4
C2	Venous thromboembolism	ukb-d-I9_VTE	Neale UKB, VTE		rs488755	1.0014393917533841	0.001438356822069687	0.0017266040714691176	0.40481349310858183	0.8537030534532243	0.404815
PM20D1	Ankylosing spondylitis	ukb-b-18194	UKB, AS (self-report)	self-report	rs823080	1.0002723105766955	0.00027227350690004105	0.00032694180690172103	0.4049637974390752	0.8537030534532243	0.4
KIAA0319	Heart failure	ukb-d-I9_HEARTFAIL	Neale UKB, heart failure		rs6935076	1.0003968250695472	0.0003967463553024438	0.0004766510040370402	0.40520444040205383	0.8537030534532243	0.405204
LYPD3	Ankylosing spondylitis	ukb-b-18194	UKB, AS (self-report)	self-report	rs2599437	1.0010299173377795	0.0010293873367916912	0.0012369736435472816	0.4053061602518464	0.8537030534532243	0.41
CD14	Venous thromboembolism	ukb-d-I9_VTE	Neale UKB, VTE		rs57599368	1.000815711130946	0.0008153786194313698	0.0009812582643036446	0.4060006872044051	0.8537030534532243	0.406002
GDF15	Heart failure	ukb-d-I9_HEARTFAIL	Neale UKB, heart failure		rs4808795	0.9992754349540364	-0.0007248276700830672	0.0008726233988654644	0.4061823603602064	0.8537030534532243	0.406181
NOMO1	Rheumatoid arthritis	ukb-d-M13_RHEUMA	Neale UKB, RA (ICD M13)		rs7405130	1.0003788661136208	0.0003787943619769629	0.00045632262794062354	0.4064810719732559	0.8537030534532243	0.406481
ADM	Ankylosing spondylitis	ukb-b-18194	UKB, AS (self-report)	self-report	rs7107290	1.0002720166638164	0.00027197967399142603	0.0003276929196372153	0.4065481857499238	0.8537030534532243	0.41
CASP3	Heart failure	ukb-d-I9_HEARTFAIL	Neale UKB, heart failure		rs72689261	1.0004021153836236	0.00040203455689978535	0.00048456024150069204	0.40671434506708426	0.8537030534532243	0.406713
EVI2B	Venous thromboembolism	ukb-d-I9_VTE	Neale UKB, VTE		rs9902893	0.9979350375939899	-0.002067097380480231	0.002497635092329999	0.4078846889591601	0.8542281133223482	0.407885
EDN1	Heart failure	ukb-d-I9_HEARTFAIL	Neale UKB, heart failure		rs557768	0.9989890924631519	-0.0010114188484936998	0.0012240704922556966	0.4086481105898274	0.8542281133223482	0.408648
DENR	Type 2 diabetes	ukb-b-13806	UKB, T2D (self-report)	self-report	rs7967318	0.9992483323822777	-0.0007519502614710492	0.0009100856308606999	0.4086672701608576	0.8542281133223482	0.41
HNMT	Multiple sclerosis	ukb-b-17670	UKB, MS (self-report)	self-report	rs1522907	0.9995719326615157	-0.00042815898546246303	0.0005197610840386255	0.41007528933611836	0.8551951334873141	0.41
NGFR	Glaucoma	ukb-d-H40	Neale UKB, glaucoma (ICD H40)		rs2671661	1.0021716553547815	0.0021693007196459738	0.0026354054730711543	0.4104298819433252	0.8551951334873141	0.41043
CA8	Coeliac disease	ukb-b-8631	UKB, coeliac (self-report)	self-report	rs7824045	0.9993817946436481	-0.0006183965240745411	0.0007526913026041738	0.4113156705411194	0.8551951334873141	0.41
TNFSF14	Psoriasis	ukb-b-10537	UKB, psoriasis (self-report)	self-report	rs2291668	1.0009339907264383	0.0009335548284951361	0.0011370540814800575	0.41162952292249355	0.8551951334873141	0.41
RAB44	Glaucoma	ukb-d-H40	Neale UKB, glaucoma (ICD H40)		rs12526889	1.0002705738590847	0.0002705372605795614	0.00032989233555449617	0.41217196462618566	0.8551951334873141	0.412172
JMJD1C	Coronary heart disease	ukb-d-I9_CHD	Neale UKB, major CHD event		rs9919429	0.9939627161868938	-0.006055581895342158	0.00738996428011046	0.41253931356265117	0.8551951334873141	0.412539
GSTM4	Ankylosing spondylitis	ukb-b-18194	UKB, AS (self-report)	self-report	rs11101980	0.9998637935741939	-0.0001362157027437158	0.0001668948004801279	0.414398891735432	0.8578684072377236	0.41
EPHB4	Coeliac disease	ukb-b-8631	UKB, coeliac (self-report)	self-report	rs314320	0.9998084281158826	-0.00019159023635473326	0.00023577936242894906	0.4164573404515757	0.8607800379079394	0.42
NOMO1	Psoriasis	ukb-b-10537	UKB, psoriasis (self-report)	self-report	rs7405130	0.9994765449195311	-0.0005235921309081386	0.0006450361027426087	0.416949267531487	0.8607800379079394	0.42
SCPEP1	Coronary heart disease	ukb-d-I9_CHD	Neale UKB, major CHD event		rs8072896	1.0020901883978972	0.002088006993296681	0.0025787478143299123	0.4181137576356946	0.8609664566036096	0.418114
ERBB2	Coeliac disease	ukb-b-8631	UKB, coeliac (self-report)	self-report	rs903506	0.9983109521210829	-0.0016904759285417301	0.0020880994571139603	0.4181837074931818	0.8609664566036096	0.42
CD2	Hypertension	ieu-b-5144	Tang UKB, hypertension		rs798034	0.9855524718509782	-0.014552909919422949	0.018099192813888103	0.42135999669754254	0.8663207582374338	0.42
CD226	Ankylosing spondylitis	ukb-b-18194	UKB, AS (self-report)	self-report	rs763361	1.0002524950634781	0.0002524631919644496	0.0003155015550003764	0.42359704563591927	0.8682220874128049	0.42
CD79B	Osteoporosis	ukb-b-12141	UKB, osteoporosis (self-report)	self-report	rs12603821	1.0019755531114793	0.0019736042726988543	0.00246846166584414	0.4239843049569809	0.8682220874128049	0.42
PVALB	Ankylosing spondylitis	ukb-b-18194	UKB, AS (self-report)	self-report	rs4821544	0.999856024332664	-0.00014398603282738342	0.00018010088793912738	0.4240154380388117	0.8682220874128049	0.42
MPO	Osteoporosis	ukb-b-12141	UKB, osteoporosis (self-report)	self-report	rs12940119	1.0007201783248365	0.0007199191208679975	0.0009017197622657231	0.42464736996155206	0.8683346355871412	0.42
CD226	Hypertension	ieu-b-5144	Tang UKB, hypertension		rs763361	0.9979727913970615	-0.002029266171515843	0.0025491214412122604	0.4259942990746193	0.8699069472283609	0.43
SIGLEC7	Rheumatoid arthritis	ukb-d-M13_RHEUMA	Neale UKB, RA (ICD M13)		rs12983058	1.0005740511288033	0.0005738864244835725	0.0007227433024050326	0.42717268283595455	0.8699524866956855	0.427172
SIGLEC9	Rheumatoid arthritis	ukb-d-M13_RHEUMA	Neale UKB, RA (ICD M13)		rs12983058	1.0005550581951848	0.0005549042073635818	0.0006988374044730208	0.42717268283595455	0.8699524866956855	0.427172
PF4	Heart failure	ukb-d-I9_HEARTFAIL	Neale UKB, heart failure		rs11574452	0.998299061290046	-0.0017023869486780367	0.0021496980959729898	0.42840785815684956	0.871288954764944	0.428409
NUMB	Coronary heart disease	ukb-d-I9_CHD	Neale UKB, major CHD event		rs61985842	1.002271480655935	0.002268904743768745	0.0028719948224814273	0.4295219050812955	0.8715066846431515	0.429522
KIAA0319	Rheumatoid arthritis	ukb-d-M13_RHEUMA	Neale UKB, RA (ICD M13)		rs6935076	0.9995973882782616	-0.000402692791598178	0.0005098982738490058	0.429673063126391	0.8715066846431515	0.429673
MYL6B	Coeliac disease	ukb-b-8631	UKB, coeliac (self-report)	self-report	rs11171747	1.0007361009599363	0.0007358301705020084	0.0009359203943961229	0.4317443450939309	0.874529258904934	0.43
C2	Heart failure	ukb-d-I9_HEARTFAIL	Neale UKB, heart failure		rs488755	1.000749617882501	0.0007493370593475102	0.0009557448871163198	0.43301980884696367	0.8759338875197317	0.433022
PM20D1	Rheumatoid arthritis	ukb-d-M13_RHEUMA	Neale UKB, RA (ICD M13)		rs823080	0.9996359146241579	-0.00036415167101440014	0.00046551142287545925	0.43406089906442924	0.8762041676855565	0.434063
LDLR	Crohn's disease	ukb-a-552	Neale UKB, Crohn (ICD K50)		rs8110515	0.9985588126284037	-0.0014422268809882296	0.0018463800112949588	0.43473748544957713	0.8762041676855565	0.434736
SPON2	Coronary heart disease	ukb-d-I9_CHD	Neale UKB, major CHD event		rs73067776	0.9981719090369008	-0.001829763960622577	0.002343345015210383	0.43490000881136925	0.8762041676855565	0.434901
TNFRSF14	Psoriasis	ukb-b-10537	UKB, psoriasis (self-report)	self-report	rs3748825	0.9995340833478509	-0.00046602522503779565	0.0005989817628786503	0.4365518747333783	0.8772395447391266	0.44
FES	Osteoporosis	ukb-b-12141	UKB, osteoporosis (self-report)	self-report	rs8027450	1.0005316861175482	0.0005315448225651448	0.0006832354566302677	0.4365796804050537	0.8772395447391266	0.44
RELB	Coronary heart disease	ukb-d-I9_CHD	Neale UKB, major CHD event		rs8111826	1.0060337549459324	0.0060156247388244615	0.007786312470118868	0.43976524795738214	0.8796954490609158	0.439766
ADM	Psoriasis	ukb-b-10537	UKB, psoriasis (self-report)	self-report	rs7107290	0.9994908977773086	-0.000509231859228731	0.0006596593994204477	0.4401370510820388	0.8796954490609158	0.44
HAVCR1	Crohn's disease	ukb-a-552	Neale UKB, Crohn (ICD K50)		rs1501909	1.0009420981376627	0.0009416546417347403	0.0012205818577357733	0.44042239970210395	0.8796954490609158	0.440424
MERTK	Rheumatoid arthritis	ukb-d-M13_RHEUMA	Neale UKB, RA (ICD M13)		rs55812028	1.0002834961621268	0.0002834559846829468	0.0003674385332211634	0.44044745934020213	0.8796954490609158	0.440449
NRN1	Type 2 diabetes	ukb-b-13806	UKB, T2D (self-report)	self-report	rs6906850	0.9994692265060666	-0.0005309144040474711	0.0006894725911926794	0.44128224806371197	0.8796954490609158	0.44
BCL7A	Coeliac disease	ukb-b-8631	UKB, coeliac (self-report)	self-report	rs10840637	0.9994448139626331	-0.00055534021020072	0.0007246054651438064	0.44343621347464834	0.8796954490609158	0.44
CD79B	Atrial fibrillation	ukb-b-964	UKB, AF/flutter (ICD I48)		rs12603821	0.99835545922436	-0.0016458945172138242	0.0021490318963553225	0.4437493773666308	0.8796954490609158	0.44
SCPEP1	Osteoporosis	ukb-b-12141	UKB, osteoporosis (self-report)	self-report	rs8072896	1.0013451982689558	0.0013442943003517146	0.0017560037394649293	0.4439489732254853	0.8796954490609158	0.44
CD2	Heart failure	ukb-d-I9_HEARTFAIL	Neale UKB, heart failure		rs798034	1.002308250426783	0.0023055905091510977	0.0030131212132956534	0.4441623085518722	0.8796954490609158	0.444163
PVR	Atrial fibrillation	ukb-b-964	UKB, AF/flutter (ICD I48)		rs79572806	0.9986314300916218	-0.0013695072554895124	0.0017932307620072043	0.4450404158222958	0.8796954490609158	0.450001
PACS2	Hypertension	ieu-b-5144	Tang UKB, hypertension		rs4555082	0.9890172796144514	-0.011043475707756387	0.014476222445359769	0.44554093370866	0.8796954490609158	0.450001
PM20D1	Coronary heart disease	ukb-d-I9_CHD	Neale UKB, major CHD event		rs823080	0.999126660112331	-0.0008737214711329363	0.0011459659787686526	0.4458020375811116	0.8796954490609158	0.445803
PIK3IP1	Venous thromboembolism	ukb-d-I9_VTE	Neale UKB, VTE		rs4820963	1.00044901129633	0.00044891052092287	0.0005891573508753755	0.4460877419399747	0.8796954490609158	0.446089
MAPRE3	Ankylosing spondylitis	ukb-b-18194	UKB, AS (self-report)	self-report	rs6745807	0.9994572042390267	-0.000542943127921508	0.0007139178188300268	0.44694854912621595	0.8796954490609158	0.450001
TNFSF14	Heart failure	ukb-d-I9_HEARTFAIL	Neale UKB, heart failure		rs2291668	0.9994289487991728	-0.0005712143126639483	0.0007512901805209737	0.44706860939899107	0.8796954490609158	0.447069
CASP3	Type 2 diabetes	ukb-b-13806	UKB, T2D (self-report)	self-report	rs72689261	1.000416307386966	0.00041622075508869624	0.0005475378475404757	0.4471541651372761	0.8796954490609158	0.450001
IL1RL1	Type 2 diabetes	ukb-b-13806	UKB, T2D (self-report)	self-report	rs2058660	0.9994264199366669	-0.0005737446233061534	0.0007577680032925394	0.44895954337858424	0.8812362971810956	0.450001
TNFSF8	Psoriasis	ukb-b-10537	UKB, psoriasis (self-report)	self-report	rs10817679	0.9994220627882932	-0.000578104281790949	0.0007647204793928291	0.44966832663803324	0.8812362971810956	0.450001
SNX2	Coronary heart disease	ukb-d-I9_CHD	Neale UKB, major CHD event		rs4836231	1.0031470293757763	0.0031420878435472433	0.004159658483121051	0.4500260544568899	0.8812362971810956	0.450027
ADM	Type 2 diabetes	ukb-b-13806	UKB, T2D (self-report)	self-report	rs7107290	1.000373453894629	0.00037338417807987093	0.0004952532009548566	0.4508937625925167	0.8812362971810956	0.450001
ACE	Ankylosing spondylitis	ukb-b-18194	UKB, AS (self-report)	self-report	rs4277405	0.9988646014796425	-0.001136043573565341	0.0015099479846565889	0.45182698653271824	0.8812362971810956	0.450001
IL4	Osteoporosis	ukb-b-12141	UKB, osteoporosis (self-report)	self-report	rs2070874	1.0020935513243925	0.0020913628996726825	0.0027802014590565176	0.45191016972086917	0.8812362971810956	0.450001
BMP6	Type 2 diabetes	ukb-b-13806	UKB, T2D (self-report)	self-report	rs9406052	1.0010426140926618	0.0010420709480827976	0.0013872138285430258	0.4525340699716862	0.8812362971810956	0.450001
SWAP70	Coeliac disease	ukb-b-8631	UKB, coeliac (self-report)	self-report	rs360155	0.9996526961199678	-0.0003473642039923656	0.00046271551383287825	0.4528284515644929	0.8812362971810956	0.450001
CLINT1	Psoriasis	ukb-b-10537	UKB, psoriasis (self-report)	self-report	rs11750888	0.9974381729600731	-0.0025651141339959483	0.00342015725487858	0.4532553751789121	0.8812362971810956	0.450001
PINLYP	Hypertension	ieu-b-5144	Tang UKB, hypertension		rs915927	0.9956393720605871	-0.004370163207359645	0.005843480933865604	0.45453866516737085	0.8812362971810956	0.450001
RELB	Type 2 diabetes	ukb-b-13806	UKB, T2D (self-report)	self-report	rs8111826	0.9974981345636597	-0.002505000331486605	0.0033539029859899552	0.4551292913065996	0.8812362971810956	0.46
HAVCR2	Venous thromboembolism	ukb-d-I9_VTE	Neale UKB, VTE		rs6891966	1.0010015012299476	0.0010010000621763998	0.0013414330720419446	0.4555363856517509	0.8812362971810956	0.455536
IL2RA	Venous thromboembolism	ukb-d-I9_VTE	Neale UKB, VTE		rs61839660	0.9989649019985226	-0.001035634085378615	0.0013917730780631206	0.45680913882143237	0.8812362971810956	0.456809
RAPGEF2	Osteoporosis	ukb-b-12141	UKB, osteoporosis (self-report)	self-report	rs11100203	0.9995091511445151	-0.0004909693612194099	0.0006607592500674211	0.4574585556900106	0.8812362971810956	0.46
TGFB2	Glaucoma	ukb-d-H40	Neale UKB, glaucoma (ICD H40)		rs12034138	1.002408186410567	0.0024052913765955893	0.003237134576976145	0.4574629058130675	0.8812362971810956	0.457462
PIK3IP1	Rheumatoid arthritis	ukb-d-M13_RHEUMA	Neale UKB, RA (ICD M13)		rs4820963	1.0002591314482732	0.0002590978795184468	0.0003488718853758495	0.45767942017521634	0.8812362971810956	0.457679
CD2	Atrial fibrillation	ukb-b-964	UKB, AF/flutter (ICD I48)		rs798034	1.0034595795666998	0.0034536089878098968	0.004662367122939252	0.4588501691577922	0.8812362971810956	0.46
SCARF1	Heart failure	ukb-d-I9_HEARTFAIL	Neale UKB, heart failure		rs150715762	1.003166056686553	0.0031610552827864933	0.004268938900409663	0.45901001347691706	0.8812362971810956	0.45901
CRISP3	Coronary heart disease	ukb-d-I9_CHD	Neale UKB, major CHD event		rs78730163	1.0020812262006595	0.002079063449673274	0.0028080605516544975	0.4590626292292219	0.8812362971810956	0.459063
KRT18	Psoriasis	ukb-b-10537	UKB, psoriasis (self-report)	self-report	rs902771	0.9982935213259643	-0.0017079363673526313	0.0023120467319324186	0.4600819757780097	0.8815773520344081	0.46
CDKN1A	Coeliac disease	ukb-b-8631	UKB, coeliac (self-report)	self-report	rs12199346	1.0005163616714645	0.0005162284026513591	0.000700535352299129	0.46117977693055523	0.8815773520344081	0.46
PILRB	Coronary heart disease	ukb-d-I9_CHD	Neale UKB, major CHD event		rs6955367	0.9996272096836626	-0.00037285981992145665	0.0005060329311081521	0.46122624744081264	0.8815773520344081	0.461226
MAPRE3	Glaucoma	ukb-d-H40	Neale UKB, glaucoma (ICD H40)		rs6745807	1.0007832193328887	0.0007829127766837764	0.001063810605004454	0.4617603478241894	0.8815773520344081	0.461762
VNN2	Glaucoma	ukb-d-H40	Neale UKB, glaucoma (ICD H40)		rs2300079	0.9998244011529285	-0.000175614266354217	0.00023900349719221888	0.4624753328158011	0.8815773520344081	0.462476
GSTM4	Rheumatoid arthritis	ukb-d-M13_RHEUMA	Neale UKB, RA (ICD M13)		rs11101980	1.0001747875074363	0.00017477223387954798	0.00023800616368153938	0.4627548891077624	0.8815773520344081	0.462755
PVALB	Osteoporosis	ukb-b-12141	UKB, osteoporosis (self-report)	self-report	rs4821544	0.9996879022182303	-0.000312146494417985	0.0004300101652340412	0.467897060409602	0.888361224372095	0.47
ARG1	Crohn's disease	ukb-a-552	Neale UKB, Crohn (ICD K50)		rs2246012	1.0001840770168096	0.00018406007671430727	0.0002538477217023372	0.46840254084256294	0.888361224372095	0.468402
C2	Atrial fibrillation	ukb-b-964	UKB, AF/flutter (ICD I48)		rs488755	1.001088703067427	0.0010881108600288853	0.0015013083371201465	0.46859003024873824	0.888361224372095	0.47
NRN1	Multiple sclerosis	ukb-b-17670	UKB, MS (self-report)	self-report	rs6906850	1.0003760447954766	0.0003759741083528871	0.0005188473216576318	0.4686769515956435	0.888361224372095	0.47
TNFSF12	Type 2 diabetes	ukb-b-13806	UKB, T2D (self-report)	self-report	rs62059804	0.9997662066343923	-0.00023382069953702968	0.0003240108088286078	0.4705129179085983	0.8899009321883657	0.47
SORT1	Rheumatoid arthritis	ukb-d-M13_RHEUMA	Neale UKB, RA (ICD M13)		rs657420	0.9986165069871766	-0.0013844509228914492	0.0019191532559151869	0.47067185516407917	0.8899009321883657	0.470672
CD2	Crohn's disease	ukb-a-552	Neale UKB, Crohn (ICD K50)		rs798034	1.0016802630752912	0.001678853012586809	0.0023381705705320045	0.47274501327112306	0.892699178134304	0.472746
TSPAN15	Atrial fibrillation	ukb-b-964	UKB, AF/flutter (ICD I48)		rs17569412	1.0007901813363624	0.0007898693074524924	0.0011021948881859884	0.47360053310444106	0.8931939878724108	0.47
DENR	Psoriasis	ukb-b-10537	UKB, psoriasis (self-report)	self-report	rs7967318	0.9991333981460825	-0.0008669775703842498	0.0012121192939290525	0.47444986598275984	0.8932356311168881	0.47
RAB44	Type 2 diabetes	ukb-b-13806	UKB, T2D (self-report)	self-report	rs12526889	1.0002382294491214	0.0002382010769922993	0.0003336400655987851	0.47526041064827274	0.8932356311168881	0.48
NUMB	Glaucoma	ukb-d-H40	Neale UKB, glaucoma (ICD H40)		rs61985842	1.0008695190318908	0.000869141219211848	0.0012208778466717579	0.4765275745405908	0.8932356311168881	0.476529
CRISP3	Venous thromboembolism	ukb-d-I9_VTE	Neale UKB, VTE		rs78730163	0.998630345336787	-0.0013705934975116925	0.0019263394626924354	0.4767734958090193	0.8932356311168881	0.476774
STK11	Psoriasis	ukb-b-10537	UKB, psoriasis (self-report)	self-report	rs3764640	0.9993643992064558	-0.0006358028733611205	0.0008967621496454024	0.4783255084342315	0.8932356311168881	0.48
PROCR	Multiple sclerosis	ukb-b-17670	UKB, MS (self-report)	self-report	rs2378335	1.0006799398785038	0.0006797088241140799	0.0009600468038440187	0.4789480473272536	0.8932356311168881	0.48
PIK3IP1	Multiple sclerosis	ukb-b-17670	UKB, MS (self-report)	self-report	rs4820963	1.0001971316989586	0.00019711227105845017	0.0002790987230497553	0.4800353593661142	0.8932356311168881	0.48
ADAMTSL4	Venous thromboembolism	ukb-d-I9_VTE	Neale UKB, VTE		rs72700822	0.9993572272145805	-0.0006429794524109386	0.00091068671037086	0.4801644866953654	0.8932356311168881	0.480164
TNFSF14	Osteoporosis	ukb-b-12141	UKB, osteoporosis (self-report)	self-report	rs2291668	1.000952022176727	0.0009515692910298976	0.001348639979330562	0.4804512591665966	0.8932356311168881	0.48
MAPT	Atrial fibrillation	ukb-b-964	UKB, AF/flutter (ICD I48)		rs17698176	1.0034712162983663	0.003465205532833264	0.004916052401478202	0.480887637359805	0.8932356311168881	0.48
C2	Crohn's disease	ukb-a-552	Neale UKB, Crohn (ICD K50)		rs488755	0.9994774333874319	-0.0005227031980857756	0.0007416410781241024	0.4809392687517393	0.8932356311168881	0.480939
MAPRE3	Multiple sclerosis	ukb-b-17670	UKB, MS (self-report)	self-report	rs6745807	0.9994281141265194	-0.0005720494625792123	0.0008122093650776549	0.4812379887304865	0.8932356311168881	0.48
NUMB	Atrial fibrillation	ukb-b-964	UKB, AF/flutter (ICD I48)		rs61985842	0.9987980449536492	-0.0012026779736596224	0.001707981212763814	0.4813382703227882	0.8932356311168881	0.48
CLINT1	Venous thromboembolism	ukb-d-I9_VTE	Neale UKB, VTE		rs11750888	1.0028670430091535	0.0028629408801284506	0.004088603703451473	0.48378705294245705	0.8942662063246991	0.483787
LTBR	Venous thromboembolism	ukb-d-I9_VTE	Neale UKB, VTE		rs2364480	0.9992680711159008	-0.0007321968748196484	0.001046224741080236	0.48402308107469794	0.8942662063246991	0.484024
SPINK8	Multiple sclerosis	ukb-b-17670	UKB, MS (self-report)	self-report	rs11713476	1.0004216233153973	0.00042153445726288044	0.0006034671052905665	0.48485141771684104	0.8942662063246991	0.48
LILRB2	Osteoporosis	ukb-b-12141	UKB, osteoporosis (self-report)	self-report	rs12984962	0.9990870523280762	-0.0009133646624626838	0.00130776262890885	0.48491596484758914	0.8942662063246991	0.48
TEX101	Heart failure	ukb-d-I9_HEARTFAIL	Neale UKB, heart failure		rs36081957	1.0004615197410403	0.00046141327356120205	0.0006619134737774231	0.48574646239233	0.8942662063246991	0.485745
CD14	Coronary heart disease	ukb-d-I9_CHD	Neale UKB, major CHD event		rs57599368	0.9990044595271877	-0.000996036352368195	0.0014304005272811379	0.48621975895925873	0.8942662063246991	0.486221
PINLYP	Glaucoma	ukb-d-H40	Neale UKB, glaucoma (ICD H40)		rs915927	1.0007498118014424	0.0007495308330137013	0.0010773710855036187	0.4866145343412871	0.8942662063246991	0.486614
FES	Multiple sclerosis	ukb-b-17670	UKB, MS (self-report)	self-report	rs8027450	1.0002264933358413	0.00022646769009817007	0.0003255476838701676	0.48664719134878975	0.8942662063246991	0.49
PVR	Psoriasis	ukb-b-10537	UKB, psoriasis (self-report)	self-report	rs79572806	1.0012063267840765	0.0012055997565512486	0.0017365706874459335	0.48753065622818714	0.8947971190529531	0.49
CLINT1	Osteoporosis	ukb-b-12141	UKB, osteoporosis (self-report)	self-report	rs11750888	1.002811529687379	0.0028075847303001725	0.004056958564705074	0.4889111066374352	0.895421086847891	0.49
LYPD3	Coeliac disease	ukb-b-8631	UKB, coeliac (self-report)	self-report	rs2599437	1.001056555333017	0.0010559975712673758	0.001528779865769352	0.489725589640714	0.895421086847891	0.49
SNX2	Osteoporosis	ukb-b-12141	UKB, osteoporosis (self-report)	self-report	rs4836231	0.9980461434782526	-0.0019557677893687507	0.002833283499878828	0.49001615757981276	0.895421086847891	0.49
LDLR	Venous thromboembolism	ukb-d-I9_VTE	Neale UKB, VTE		rs8110515	0.9970386050402364	-0.0029657885660972095	0.004308545780167148	0.4912322446700226	0.895421086847891	0.491232
VNN2	Ankylosing spondylitis	ukb-b-18194	UKB, AS (self-report)	self-report	rs2300079	0.9998902163393899	-0.00010978968727730832	0.00015984234369263408	0.4921694766750049	0.895421086847891	0.49
NGFR	Type 2 diabetes	ukb-b-13806	UKB, T2D (self-report)	self-report	rs2671661	1.0018302865312985	0.0018286135978924656	0.0026624427909925055	0.4921974336340469	0.895421086847891	0.49
SCARF1	Coronary heart disease	ukb-d-I9_CHD	Neale UKB, major CHD event		rs150715762	0.9923127472410151	-0.007716951988032768	0.011242055115912484	0.492438173498146	0.895421086847891	0.492437
SPON2	Crohn's disease	ukb-a-552	Neale UKB, Crohn (ICD K50)		rs73067776	0.9995262528498564	-0.0004738594037793483	0.0006906250014237176	0.492630338810667	0.895421086847891	0.492631
TNFSF12	Glaucoma	ukb-d-H40	Neale UKB, glaucoma (ICD H40)		rs62059804	1.0002181136699633	0.00021808988663502522	0.00031883351357726625	0.4939597903431332	0.8967545047845784	0.493963
CRIM1	Venous thromboembolism	ukb-d-I9_VTE	Neale UKB, VTE		rs10172196	1.0012042727077886	0.0012035481530604328	0.001770097734774771	0.4965467815955211	0.9003649473509149	0.496547
F12	Heart failure	ukb-d-I9_HEARTFAIL	Neale UKB, heart failure		rs2731673	1.0011247767017235	0.0011241446143362	0.0016559518303304807	0.49723225320573383	0.9005229134472075	0.497233
SWAP70	Atrial fibrillation	ukb-b-964	UKB, AF/flutter (ICD I48)		rs360155	1.000525979380825	0.0005258411021562167	0.0007782525109490246	0.49925081706612073	0.9011225225736945	0.5
IL12RB2	Venous thromboembolism	ukb-d-I9_VTE	Neale UKB, VTE		rs72678531	0.9996038920650551	-0.00039618640641574544	0.0005873820975117229	0.4999965351997724	0.9011225225736945	0.499998
ADAM15	Psoriasis	ukb-b-10537	UKB, psoriasis (self-report)	self-report	rs41264285	0.9997515059655523	-0.000248524914206029	0.00036890220745127995	0.5005098238306678	0.9011225225736945	0.5
SLC16A1	Multiple sclerosis	ukb-b-17670	UKB, MS (self-report)	self-report	rs7169	0.9993235949875835	-0.0006766338774963743	0.0010049696739407657	0.5007641769139819	0.9011225225736945	0.5
LTBR	Coronary heart disease	ukb-d-I9_CHD	Neale UKB, major CHD event		rs2364480	0.9989741721448706	-0.001026354376634703	0.0015250984672440329	0.5009626803867349	0.9011225225736945	0.500965
ADAM15	Heart failure	ukb-d-I9_HEARTFAIL	Neale UKB, heart failure		rs41264285	1.0001636470241535	0.0001636336354399994	0.00024326052062855857	0.5011583533534416	0.9011225225736945	0.501161
SPINK8	Heart failure	ukb-d-I9_HEARTFAIL	Neale UKB, heart failure		rs11713476	1.0004733066257734	0.0004731946515231114	0.0007063111171843543	0.5028882938268364	0.9011225225736945	0.502888
PROCR	Coeliac disease	ukb-b-8631	UKB, coeliac (self-report)	self-report	rs2378335	1.0006982138175662	0.0006979701796995348	0.001042956183494862	0.5033532893729464	0.9011225225736945	0.5
RAPGEF2	Venous thromboembolism	ukb-d-I9_VTE	Neale UKB, VTE		rs11100203	1.0004440197583322	0.0004439212107295969	0.0006655651921543028	0.504782471965391	0.9011225225736945	0.504783
VNN2	Crohn's disease	ukb-a-552	Neale UKB, Crohn (ICD K50)		rs2300079	1.000109935123507	0.00010992908108409401	0.0001654455087087591	0.5064069316358375	0.9011225225736945	0.506406
NPDC1	Rheumatoid arthritis	ukb-d-M13_RHEUMA	Neale UKB, RA (ICD M13)		rs10747042	1.0002624657782733	0.00026243134015657476	0.0003958288515083605	0.5073357129461167	0.9011225225736945	0.507336
LYPD3	Venous thromboembolism	ukb-d-I9_VTE	Neale UKB, VTE		rs2599437	1.0019767197573213	0.0019747686176362243	0.0029792769636800783	0.5074363271347997	0.9011225225736945	0.507438
DENR	Hypertension	ieu-b-5144	Tang UKB, hypertension		rs7967318	0.9967825795476831	-0.0032226074783844386	0.00486186622400795	0.5074372389145925	0.9011225225736945	0.51
CLINT1	Ankylosing spondylitis	ukb-b-18194	UKB, AS (self-report)	self-report	rs11750888	0.9988760935735213	-0.001124538482932458	0.001699258670230764	0.5081110636597155	0.9011225225736945	0.51
CLEC4A	Glaucoma	ukb-d-H40	Neale UKB, glaucoma (ICD H40)		rs6486847	0.9995384265503827	-0.0004616800074327153	0.0006980904686440468	0.5083898339489459	0.9011225225736945	0.508391
PINLYP	Atrial fibrillation	ukb-b-964	UKB, AF/flutter (ICD I48)		rs915927	1.0009943202089258	0.000993826200028374	0.0015032375991761574	0.5085329037028352	0.9011225225736945	0.51
NGFR	Venous thromboembolism	ukb-d-I9_VTE	Neale UKB, VTE		rs2671661	1.0028116679054062	0.0028077225608034813	0.004252879890658089	0.5091298288335808	0.9011225225736945	0.509132
ANXA2	Coeliac disease	ukb-b-8631	UKB, coeliac (self-report)	self-report	rs62004990	0.999646143508041	-0.00035391911394060046	0.0005364214956039612	0.5093962884545564	0.9011225225736945	0.51
TNFSF14	Hypertension	ieu-b-5144	Tang UKB, hypertension		rs2291668	0.9969945440661783	-0.00300998138614642	0.0045638930337749085	0.5095615342925972	0.9011225225736945	0.51
TNFSF12	Crohn's disease	ukb-a-552	Neale UKB, Crohn (ICD K50)		rs62059804	1.0001454373908936	0.00014542681590164707	0.00022080221505270094	0.5101338210956365	0.9011225225736945	0.510133
PDLIM7	Type 2 diabetes	ukb-b-13806	UKB, T2D (self-report)	self-report	rs2731664	1.0009350571604583	0.0009346202668374437	0.0014276537382726464	0.5126900806744923	0.9011225225736945	0.51
PRKCQ	Rheumatoid arthritis	ukb-d-M13_RHEUMA	Neale UKB, RA (ICD M13)		rs2255088	1.0007211015093325	0.0007208416405593308	0.0011025762690862184	0.5132539466131187	0.9011225225736945	0.513254
TSPAN15	Hypertension	ieu-b-5144	Tang UKB, hypertension		rs17569412	0.997211052205298	-0.0027928441557874117	0.004282218124418007	0.5142749473220047	0.9011225225736945	0.51
TNFSF14	Crohn's disease	ukb-a-552	Neale UKB, Crohn (ICD K50)		rs2291668	1.0003793959504383	0.00037932399799314774	0.0005828419682949522	0.515164030431555	0.9011225225736945	0.515166
NRN1	Coronary heart disease	ukb-d-I9_CHD	Neale UKB, major CHD event		rs6906850	1.0010403421387348	0.0010398013578842486	0.0016005559221782778	0.5159182460164988	0.9011225225736945	0.515918
ACE	Psoriasis	ukb-b-10537	UKB, psoriasis (self-report)	self-report	rs4277405	0.9980286933373739	-0.0019732522449186015	0.0030395762678775843	0.516217758696836	0.9011225225736945	0.52
SCPEP1	Atrial fibrillation	ukb-b-964	UKB, AF/flutter (ICD I48)		rs8072896	1.000990420057864	0.0009899299155230053	0.001528753783918925	0.5172822229870342	0.9011225225736945	0.52
TSPAN15	Multiple sclerosis	ukb-b-17670	UKB, MS (self-report)	self-report	rs17569412	0.9996095477110034	-0.0003905285353392351	0.0006032550604358355	0.5173932506220438	0.9011225225736945	0.52
VAT1	Osteoporosis	ukb-b-12141	UKB, osteoporosis (self-report)	self-report	rs4520874	1.0006014948764315	0.0006013140508950777	0.0009300725333155646	0.5179401732601407	0.9011225225736945	0.52
RAB44	Multiple sclerosis	ukb-b-17670	UKB, MS (self-report)	self-report	rs12526889	0.9998378187237812	-0.00016219442902410967	0.00025107388905681736	0.518277558358391	0.9011225225736945	0.52
KIAA0319	Ankylosing spondylitis	ukb-b-18194	UKB, AS (self-report)	self-report	rs6935076	0.9997687926620757	-0.00023123407046140445	0.0003581494917178235	0.518515360993395	0.9011225225736945	0.52
KIAA0319	Crohn's disease	ukb-a-552	Neale UKB, Crohn (ICD K50)		rs6935076	1.0002383557890124	0.00023832738678438247	0.0003693858375339045	0.5187982099593644	0.9011225225736945	0.518798
GSTM4	Venous thromboembolism	ukb-d-I9_VTE	Neale UKB, VTE		rs11101980	1.000259120664348	0.00025908709838712226	0.0004019339849278639	0.51918570641697	0.9011225225736945	0.519186
BMP6	Glaucoma	ukb-d-H40	Neale UKB, glaucoma (ICD H40)		rs9406052	1.0008819247644836	0.0008815360973384725	0.0013683483507061882	0.5194239121092719	0.9011225225736945	0.519423
PACS2	Atrial fibrillation	ukb-b-964	UKB, AF/flutter (ICD I48)		rs4555082	0.9976064403487248	-0.0023964287944018346	0.0037239345577952756	0.519886318643173	0.9011225225736945	0.52
ANXA2	Rheumatoid arthritis	ukb-d-M13_RHEUMA	Neale UKB, RA (ICD M13)		rs62004990	1.000398522551839	0.000398443162818459	0.0006192283522136318	0.5199314366622336	0.9011225225736945	0.519933
CD14	Coeliac disease	ukb-b-8631	UKB, coeliac (self-report)	self-report	rs57599368	1.0003244028117064	0.00032435020449123964	0.000504597863213046	0.5203607019872727	0.9011225225736945	0.52
SPON2	Atrial fibrillation	ukb-b-964	UKB, AF/flutter (ICD I48)		rs73067776	0.9991101113013123	-0.0008902848846941523	0.0013876267358825264	0.5211406223882256	0.9011225225736945	0.52
PHOSPHO1	Heart failure	ukb-d-I9_HEARTFAIL	Neale UKB, heart failure		rs11650975	0.9994068012006848	-0.000593374811333161	0.0009255663748110635	0.521461779393297	0.9011225225736945	0.521462
SLC12A2	Glaucoma	ukb-d-H40	Neale UKB, glaucoma (ICD H40)		rs17764730	0.9994331415277219	-0.0005670191972836174	0.0008869779992918562	0.5226467352544784	0.9011225225736945	0.522646
PHOSPHO1	Coeliac disease	ukb-b-8631	UKB, coeliac (self-report)	self-report	rs11650975	0.9994510735271193	-0.0005490771881740293	0.000859306747064053	0.5228379392055589	0.9011225225736945	0.52
SERPING1	Venous thromboembolism	ukb-d-I9_VTE	Neale UKB, VTE		rs28362951	1.0006490920047673	0.0006488814356661273	0.0010165079424091063	0.5232499745111605	0.9011225225736945	0.523249
SLC12A2	Heart failure	ukb-d-I9_HEARTFAIL	Neale UKB, heart failure		rs17764730	1.0005054015789105	0.000505273906547927	0.0007923186654420772	0.5236588834539102	0.9011225225736945	0.523657
SORT1	Type 2 diabetes	ukb-b-13806	UKB, T2D (self-report)	self-report	rs657420	1.0012972745130577	0.0012964337795061502	0.002036106548883623	0.5243059582199063	0.9011225225736945	0.52
DPEP2	Coronary heart disease	ukb-d-I9_CHD	Neale UKB, major CHD event		rs12934863	0.9989723307132713	-0.0010281977008644804	0.0016156136304240263	0.5245071958634926	0.9011225225736945	0.524507
DENR	Coeliac disease	ukb-b-8631	UKB, coeliac (self-report)	self-report	rs7967318	1.0004720212303329	0.00047190986335548596	0.0007441603685753677	0.5259824386659666	0.9024039685814352	0.53
TNFRSF14	Osteoporosis	ukb-b-12141	UKB, osteoporosis (self-report)	self-report	rs3748825	0.9995501807743566	-0.000449920424659928	0.0007105472537434621	0.5266012964602265	0.9024039685814352	0.53
CD14	Hypertension	ieu-b-5144	Tang UKB, hypertension		rs57599368	1.0020861392951075	0.002083966328077901	0.003295917546080216	0.5271992555105831	0.9024039685814352	0.53
NOMO1	Crohn's disease	ukb-a-552	Neale UKB, Crohn (ICD K50)		rs7405130	1.0002083787905303	0.0002083570826857254	0.0003304276971300754	0.5283231255277552	0.9024039685814352	0.528322
SPINK8	Atrial fibrillation	ukb-b-964	UKB, AF/flutter (ICD I48)		rs11713476	0.9993070018848573	-0.0006932383493307354	0.0011026049704014787	0.5295273032964385	0.9024039685814352	0.53
SPRY2	Hypertension	ieu-b-5144	Tang UKB, hypertension		rs7995973	0.9955753597449856	-0.004434457946245424	0.007054949430661329	0.5296372534891332	0.9024039685814352	0.53
SNX2	Psoriasis	ukb-b-10537	UKB, psoriasis (self-report)	self-report	rs4836231	0.9985007389210446	-0.001500386095449735	0.0023885502316035503	0.5299006715896044	0.9024039685814352	0.53
ACE	Glaucoma	ukb-d-H40	Neale UKB, glaucoma (ICD H40)		rs4277405	0.9985889980990499	-0.0014119983015247577	0.002252311171220115	0.5307176773856799	0.9024039685814352	0.530717
EDN1	Hypertension	ieu-b-5144	Tang UKB, hypertension		rs557768	0.9953616806685494	-0.004649109713648754	0.007419284415339186	0.530905022313775	0.9024039685814352	0.53
RAB44	Ankylosing spondylitis	ukb-b-18194	UKB, AS (self-report)	self-report	rs12526889	0.9998619182945774	-0.00013809123957901303	0.00022063559440224002	0.531394147924358	0.9024039685814352	0.53
LTBP2	Rheumatoid arthritis	ukb-d-M13_RHEUMA	Neale UKB, RA (ICD M13)		rs754458	0.9993219658437484	-0.000678264125367181	0.001085386855557834	0.532033136957843	0.9024039685814352	0.532034
PVR	Venous thromboembolism	ukb-d-I9_VTE	Neale UKB, VTE		rs79572806	0.9987023018283768	-0.0012985409110553838	0.0020800850589544184	0.5324483216613385	0.9024039685814352	0.532448
PSAP	Coronary heart disease	ukb-d-I9_CHD	Neale UKB, major CHD event		rs4747202	1.002114211887378	0.0021119800865385552	0.0033951005974835174	0.5338978046700178	0.9033934507551198	0.533898
ANPEP	Multiple sclerosis	ukb-b-17670	UKB, MS (self-report)	self-report	rs11073891	0.9998965195081503	-0.00010348584632524365	0.0001669962721882339	0.5354621907713775	0.9033934507551198	0.54
SCARB1	Multiple sclerosis	ukb-b-17670	UKB, MS (self-report)	self-report	rs7954697	0.9997544815640752	-0.000245548580510082	0.00039687464275709963	0.5361102927257135	0.9033934507551198	0.54
TGFA	Hypertension	ieu-b-5144	Tang UKB, hypertension		rs113971512	0.9969005704632401	-0.003104242716467105	0.005024268234368856	0.536674406011292	0.9033934507551198	0.54
CD226	Psoriasis	ukb-b-10537	UKB, psoriasis (self-report)	self-report	rs763361	1.0003916882018626	0.00039161151206388927	0.0006351444461225296	0.5375178669871026	0.9033934507551198	0.54
HAVCR2	Type 2 diabetes	ukb-b-13806	UKB, T2D (self-report)	self-report	rs6891966	0.999479904086586	-0.0005202312102071504	0.0008448047143892907	0.5380261624566685	0.9033934507551198	0.54
LILRB2	Venous thromboembolism	ukb-d-I9_VTE	Neale UKB, VTE		rs12984962	1.0008127912620761	0.0008124611261339864	0.0013208306256532489	0.5384795786894006	0.9033934507551198	0.538479
PVR	Heart failure	ukb-d-I9_HEARTFAIL	Neale UKB, heart failure		rs79572806	0.9992932475529968	-0.0007070023142503752	0.001151411039432591	0.5391947032443918	0.9033934507551198	0.539194
PFKFB2	Venous thromboembolism	ukb-d-I9_VTE	Neale UKB, VTE		rs1564879	0.9977260385842064	-0.0022765507922266693	0.003709255311759325	0.5393813718008484	0.9033934507551198	0.539381
KIAA0319	Glaucoma	ukb-d-H40	Neale UKB, glaucoma (ICD H40)		rs6935076	1.0003275285530755	0.0003274749273079743	0.0005335960632916993	0.5394048891399537	0.9033934507551198	0.539408
CDKN1A	Multiple sclerosis	ukb-b-17670	UKB, MS (self-report)	self-report	rs12199346	1.0003963859973162	0.00039630745714078127	0.0006467417622737474	0.5400248434827151	0.9033934507551198	0.54
DENR	Ankylosing spondylitis	ukb-b-18194	UKB, AS (self-report)	self-report	rs7967318	1.000368864809974	0.0003687967960748496	0.0006021592644434856	0.5402352861658524	0.9033934507551198	0.54
CTSH	Heart failure	ukb-d-I9_HEARTFAIL	Neale UKB, heart failure		rs34843303	1.0001723775286198	0.00017236267332073973	0.00028206031927141485	0.5411436778437446	0.9039081411263438	0.541145
CLINT1	Heart failure	ukb-d-I9_HEARTFAIL	Neale UKB, heart failure		rs11750888	1.001379094346752	0.001378144269540516	0.0022632061091415806	0.5425678585409386	0.9052822916897035	0.542569
NPDC1	Glaucoma	ukb-d-H40	Neale UKB, glaucoma (ICD H40)		rs10747042	1.0002518913268508	0.0002518596075570079	0.00041422557369203414	0.5431707280074796	0.9052845466791326	0.543172
TNFRSF1A	Coeliac disease	ukb-b-8631	UKB, coeliac (self-report)	self-report	rs1800692	0.9996694433993516	-0.0003306112465242182	0.0005448667386493268	0.5440005687386882	0.9054476070681823	0.54
CRIM1	Multiple sclerosis	ukb-b-17670	UKB, MS (self-report)	self-report	rs10172196	0.9994931724597366	-0.0005069560207546511	0.0008364718386633846	0.544471816874887	0.9054476070681823	0.54
LYPD3	Multiple sclerosis	ukb-b-17670	UKB, MS (self-report)	self-report	rs2599437	0.9991489539923315	-0.0008514083529182891	0.001407205820927896	0.5451559401412938	0.905584646702701	0.55
NUMB	Venous thromboembolism	ukb-d-I9_VTE	Neale UKB, VTE		rs61985842	0.9988115973066712	-0.0011891094037693975	0.0019701984508163294	0.5461441703756882	0.9062259938427902	0.546144
RAB44	Coeliac disease	ukb-b-8631	UKB, coeliac (self-report)	self-report	rs12526889	0.9998370172562915	-0.00016299602683913814	0.00027195867528652997	0.548945408305828	0.9063282725908345	0.55
RELB	Crohn's disease	ukb-a-552	Neale UKB, Crohn (ICD K50)		rs8111826	1.0013742807443176	0.0013733372848219734	0.0022917809083652886	0.5490097995144074	0.9063282725908345	0.549011
NGFR	Rheumatoid arthritis	ukb-d-M13_RHEUMA	Neale UKB, RA (ICD M13)		rs2671661	0.9984926437590455	-0.0015084934452981084	0.002518361233915271	0.5491741910192589	0.9063282725908345	0.549174
MAPT	Crohn's disease	ukb-a-552	Neale UKB, Crohn (ICD K50)		rs17698176	0.9985476406724068	-0.0014534150236919746	0.0024318178034405903	0.5500627601073853	0.9063282725908345	0.550062
PRKCQ	Coeliac disease	ukb-b-8631	UKB, coeliac (self-report)	self-report	rs2255088	0.9994286285274441	-0.000571534767440099	0.000956860965698567	0.5503059097119809	0.9063282725908345	0.55
TNFSF13	Atrial fibrillation	ukb-b-964	UKB, AF/flutter (ICD I48)		rs11552708	0.9996675053307651	-0.00033254995784326896	0.0005586438454729929	0.5516557847111583	0.9063282725908345	0.55
LPL	Osteoporosis	ukb-b-12141	UKB, osteoporosis (self-report)	self-report	rs80026582	0.9997063530889224	-0.000293690033773864	0.0004935769819217654	0.5518275859865653	0.9063282725908345	0.55
EVI2B	Osteoporosis	ukb-b-12141	UKB, osteoporosis (self-report)	self-report	rs9902893	1.0014772118507498	0.0014761218466364133	0.002480857621781206	0.5518403558065244	0.9063282725908345	0.55
PACS2	Multiple sclerosis	ukb-b-17670	UKB, MS (self-report)	self-report	rs4555082	1.0012117973860462	0.0012110637522110394	0.0020381341037376778	0.5523768867964329	0.9063282725908345	0.55
DPEP2	Glaucoma	ukb-d-H40	Neale UKB, glaucoma (ICD H40)		rs12934863	1.0004064096609626	0.00040632709892498463	0.0006867931078327067	0.5540986801084495	0.9063282725908345	0.5541
NGFR	Atrial fibrillation	ukb-b-964	UKB, AF/flutter (ICD I48)		rs2671661	1.0021666967081262	0.0021643528058866443	0.0036617945007935433	0.5544779238525099	0.9063282725908345	0.55
HAVCR2	Rheumatoid arthritis	ukb-d-M13_RHEUMA	Neale UKB, RA (ICD M13)		rs6891966	0.9995307613188992	-0.00046934880802267483	0.0007943336908985755	0.5546068027390632	0.9063282725908345	0.554608
MERTK	Glaucoma	ukb-d-H40	Neale UKB, glaucoma (ICD H40)		rs55812028	1.0002271308269406	0.00022710503663938983	0.00038451555654761755	0.5547707759846743	0.9063282725908345	0.554773
RELB	Ankylosing spondylitis	ukb-b-18194	UKB, AS (self-report)	self-report	rs8111826	0.9986915095766474	-0.0013093472444562471	0.0022191406203708967	0.5551742515218563	0.9063282725908345	0.56
ERBB3	Rheumatoid arthritis	ukb-d-M13_RHEUMA	Neale UKB, RA (ICD M13)		rs11171739	1.0005592862849588	0.0005591299426752171	0.0009496640894502602	0.5560182458407648	0.9063282725908345	0.556018
TGFB2	Heart failure	ukb-d-I9_HEARTFAIL	Neale UKB, heart failure		rs12034138	0.9983000361852773	-0.0017014103928612012	0.002891656887387026	0.5562732410795432	0.9063282725908345	0.556274
SLC12A2	Rheumatoid arthritis	ukb-d-M13_RHEUMA	Neale UKB, RA (ICD M13)		rs17764730	0.9995016316757478	-0.0004984925510210225	0.0008475855478049861	0.556443404567396	0.9063282725908345	0.556442
CASP3	Psoriasis	ukb-b-10537	UKB, psoriasis (self-report)	self-report	rs72689261	1.000427540557872	0.00042744918844956785	0.0007291880481566631	0.5577419006934174	0.9074611465336143	0.56
PDLIM7	Multiple sclerosis	ukb-b-17670	UKB, MS (self-report)	self-report	rs2731664	1.0006247092003966	0.0006245141508326929	0.0010746149132870595	0.561138300352152	0.9111890466630477	0.56
TSPAN15	Glaucoma	ukb-d-H40	Neale UKB, glaucoma (ICD H40)		rs17569412	0.999541669986973	-0.0004584350783316699	0.0007890520667413216	0.5612440174462758	0.9111890466630477	0.561246
PLAU	Multiple sclerosis	ukb-b-17670	UKB, MS (self-report)	self-report	rs2227551	1.000356385978604	0.00035632248820530117	0.0006151045421303778	0.5623950715099861	0.9120739036880702	0.56
GDF15	Hypertension	ieu-b-5144	Tang UKB, hypertension		rs4808795	0.9969489430489844	-0.0030557209143692757	0.005294223090118514	0.5638177091270471	0.9133968269496296	0.56
SIGLEC9	Atrial fibrillation	ukb-b-964	UKB, AF/flutter (ICD I48)		rs12983058	1.0005867628526461	0.0005865907746327742	0.0010217431982441328	0.5658948322966761	0.9136161968360437	0.57
SIGLEC7	Atrial fibrillation	ukb-b-964	UKB, AF/flutter (ICD I48)		rs12983058	1.000606840982461	0.0006066569289291449	0.0010566950889895495	0.5658948322966761	0.9136161968360437	0.57
KIAA0319	Atrial fibrillation	ukb-b-964	UKB, AF/flutter (ICD I48)		rs6935076	0.9995742843390147	-0.00042580630362354106	0.0007448688926325317	0.5675572940105225	0.9136161968360437	0.57
VAT1	Glaucoma	ukb-d-H40	Neale UKB, glaucoma (ICD H40)		rs4520874	1.0003315378821682	0.0003314829356287659	0.0005812924100891717	0.5685070528174254	0.9136161968360437	0.568509
CRIM1	Rheumatoid arthritis	ukb-d-M13_RHEUMA	Neale UKB, RA (ICD M13)		rs10172196	0.9994024708428962	-0.0005977077487966491	0.001048169300044385	0.5685151319754618	0.9136161968360437	0.568515
CD14	Multiple sclerosis	ukb-b-17670	UKB, MS (self-report)	self-report	rs57599368	0.9997355216955436	-0.0002645132850110122	0.00046451233787876266	0.5690555632874208	0.9136161968360437	0.57
LTBP2	Venous thromboembolism	ukb-d-I9_VTE	Neale UKB, VTE		rs754458	0.9989570950825816	-0.0010434491211531798	0.0018329481274719575	0.5691704272907598	0.9136161968360437	0.569171
LYPD3	Rheumatoid arthritis	ukb-d-M13_RHEUMA	Neale UKB, RA (ICD M13)		rs2599437	1.0010042729478406	0.001003769003134197	0.0017641882776101205	0.5693769612354638	0.9136161968360437	0.569378
CLEC4A	Type 2 diabetes	ukb-b-13806	UKB, T2D (self-report)	self-report	rs6486847	1.0004018780142965	0.00040179728295594385	0.000707286728138866	0.5699788826163097	0.9136161968360437	0.57
IL4	Coronary heart disease	ukb-d-I9_CHD	Neale UKB, major CHD event		rs2070874	1.0023379436204662	0.002335214882542618	0.004111173274212949	0.570023660351525	0.9136161968360437	0.570024
CA8	Ankylosing spondylitis	ukb-b-18194	UKB, AS (self-report)	self-report	rs7824045	0.9996553569956972	-0.0003447024073520104	0.0006090557199143602	0.5714195972424401	0.9146549593288397	0.57
TEX101	Osteoporosis	ukb-b-12141	UKB, osteoporosis (self-report)	self-report	rs36081957	0.9993278985673902	-0.0006723273940292483	0.0011893827061683012	0.5718872536401582	0.9146549593288397	0.57
VNN2	Heart failure	ukb-d-I9_HEARTFAIL	Neale UKB, heart failure		rs2300079	0.9998798146730726	-0.00012019254976248101	0.00021349593825139516	0.5734529476766261	0.915198264254307	0.573455
ERBB3	Venous thromboembolism	ukb-d-I9_VTE	Neale UKB, VTE		rs11171739	1.0009011572581152	0.0009007514596871415	0.001603747208435791	0.5743516004407287	0.915198264254307	0.574352
VNN2	Coeliac disease	ukb-b-8631	UKB, coeliac (self-report)	self-report	rs2300079	0.9998899745855544	-0.00011003146768553839	0.00019702361996279657	0.5765245703675639	0.915198264254307	0.58
TNFRSF1A	Crohn's disease	ukb-a-552	Neale UKB, Crohn (ICD K50)		rs1800692	1.0002538176147524	0.0002537854085112616	0.00045474700616888965	0.5767894577518595	0.915198264254307	0.576789
VAT1	Atrial fibrillation	ukb-b-964	UKB, AF/flutter (ICD I48)		rs4520874	0.9995483739743818	-0.00045172803936755596	0.0008097121706734199	0.576921426368022	0.915198264254307	0.58
PILRA	Rheumatoid arthritis	ukb-d-M13_RHEUMA	Neale UKB, RA (ICD M13)		rs2005763	1.0009608086068638	0.0009603473257191111	0.0017277677421166382	0.5783262116649415	0.915198264254307	0.578326
PM20D1	Multiple sclerosis	ukb-b-17670	UKB, MS (self-report)	self-report	rs823080	0.9997937029404484	-0.00020631834171698854	0.0003719375341027652	0.5790914309258643	0.915198264254307	0.58
GDF15	Osteoporosis	ukb-b-12141	UKB, osteoporosis (self-report)	self-report	rs4808795	0.9991326448509826	-0.0008677315191414137	0.0015644171395760105	0.579122033258122	0.915198264254307	0.58
TGFA	Osteoporosis	ukb-b-12141	UKB, osteoporosis (self-report)	self-report	rs113971512	0.9991775695932607	-0.0008227687881691957	0.00148715015329832	0.5800908681105525	0.915198264254307	0.58
TNFRSF14	Type 2 diabetes	ukb-b-13806	UKB, T2D (self-report)	self-report	rs3748825	1.0002488712200501	0.00024884025674519873	0.00044979333842457545	0.5801042704727764	0.915198264254307	0.58
LIF	Hypertension	ieu-b-5144	Tang UKB, hypertension		rs3747150	0.9865383050968435	-0.013553124981015076	0.024542164320628	0.5807850445597782	0.915198264254307	0.58
TEX101	Coeliac disease	ukb-b-8631	UKB, coeliac (self-report)	self-report	rs36081957	0.9996605941501625	-0.00033946346103906443	0.0006156727856381282	0.5813801092590127	0.915198264254307	0.58
PLAU	Hypertension	ieu-b-5144	Tang UKB, hypertension		rs2227551	1.0024099013757053	0.002407002220236534	0.004366389683314819	0.5814576141090311	0.915198264254307	0.58
NRN1	Psoriasis	ukb-b-10537	UKB, psoriasis (self-report)	self-report	rs6906850	0.999495178504392	-0.0005049489608792048	0.0009162235656494998	0.581551543706301	0.915198264254307	0.58
SCARB1	Heart failure	ukb-d-I9_HEARTFAIL	Neale UKB, heart failure		rs7954697	0.9997441268222923	-0.0002559059188343599	0.00046475147991949093	0.5818876173763972	0.915198264254307	0.581887
ANXA11	Rheumatoid arthritis	ukb-d-M13_RHEUMA	Neale UKB, RA (ICD M13)		rs11591611	0.9997004971711714	-0.00029954768875821154	0.0005441088930019437	0.5819566371371241	0.915198264254307	0.581957
BCL7A	Type 2 diabetes	ukb-b-13806	UKB, T2D (self-report)	self-report	rs10840637	0.9995166482081979	-0.0004834686439347805	0.0008861703092438001	0.5853610012496611	0.9159676105207777	0.59
CASP3	Coronary heart disease	ukb-d-I9_CHD	Neale UKB, major CHD event		rs72689261	1.0006959875890329	0.0006957455019908203	0.0012760593871361766	0.5855955336552685	0.9159676105207777	0.585596
HNMT	Ankylosing spondylitis	ukb-b-18194	UKB, AS (self-report)	self-report	rs1522907	0.9997512628518739	-0.00024876808834136294	0.00045685821308876845	0.5860842101642179	0.9159676105207777	0.59
CLINT1	Glaucoma	ukb-d-H40	Neale UKB, glaucoma (ICD H40)		rs11750888	1.0013770478453174	0.0013761005844491942	0.002533606053117074	0.5870340135537473	0.9159676105207777	0.587034
CD2	Glaucoma	ukb-d-H40	Neale UKB, glaucoma (ICD H40)		rs798034	1.001830454662775	0.0018287814221882826	0.003373105281800342	0.5877044770944004	0.9159676105207777	0.587706
ADAMTSL4	Hypertension	ieu-b-5144	Tang UKB, hypertension		rs72700822	0.9983575176026639	-0.0016438327503721678	0.003034904668068216	0.5880649445087549	0.9159676105207777	0.59
LIF	Osteoporosis	ukb-b-12141	UKB, osteoporosis (self-report)	self-report	rs3747150	1.00393290208973	0.0039251884483559735	0.007248912638534932	0.5881722893036567	0.9159676105207777	0.59
CA8	Type 2 diabetes	ukb-b-13806	UKB, T2D (self-report)	self-report	rs7824045	0.9995031584660137	-0.0004969650006385341	0.000920472890781897	0.5892647339640225	0.9159676105207777	0.59
ACE	Rheumatoid arthritis	ukb-d-M13_RHEUMA	Neale UKB, RA (ICD M13)		rs4277405	1.0011605733987494	0.0011599004540600606	0.0021522884789214724	0.58994553594593	0.9159676105207777	0.589946
IL12RB2	Psoriasis	ukb-b-10537	UKB, psoriasis (self-report)	self-report	rs72678531	0.9997372060424152	-0.00026282849396757615	0.0004880248045492878	0.5901935273092425	0.9159676105207777	0.59
SPINK8	Glaucoma	ukb-d-H40	Neale UKB, glaucoma (ICD H40)		rs11713476	0.9995743018955141	-0.00042578873964704085	0.000790693235679521	0.5902315278190304	0.9159676105207777	0.590232
STK11	Venous thromboembolism	ukb-d-I9_VTE	Neale UKB, VTE		rs3764640	0.999422562833304	-0.0005776039477436047	0.0010731705401945204	0.5904238234882322	0.9159676105207777	0.590423
HAVCR1	Type 2 diabetes	ukb-b-13806	UKB, T2D (self-report)	self-report	rs1501909	1.0009589881518415	0.0009585286164729872	0.001787535001606502	0.5918000960976051	0.9159676105207777	0.59
PRKCQ	Hypertension	ieu-b-5144	Tang UKB, hypertension		rs2255088	0.9966537105888987	-0.0033519007591393366	0.006252129615871675	0.5918746204419914	0.9159676105207777	0.59
F12	Rheumatoid arthritis	ukb-d-M13_RHEUMA	Neale UKB, RA (ICD M13)		rs2731673	1.000949982376053	0.0009495314283679314	0.0017714602316424328	0.5919473361640422	0.9159676105207777	0.591949
SPRY2	Psoriasis	ukb-b-10537	UKB, psoriasis (self-report)	self-report	rs7995973	0.9990588937828984	-0.00094154933559374	0.0017576901557668496	0.5921837109878516	0.9159676105207777	0.59
NRN1	Rheumatoid arthritis	ukb-d-M13_RHEUMA	Neale UKB, RA (ICD M13)		rs6906850	1.0003470818904574	0.0003470216714715283	0.0006501745480489646	0.5935240825104404	0.9165640116846132	0.593525
SWAP70	Venous thromboembolism	ukb-d-I9_VTE	Neale UKB, VTE		rs360155	0.9995200697097438	-0.00048004549365911897	0.0009000474070689539	0.5937873165398657	0.9165640116846132	0.593787
CTSH	Venous thromboembolism	ukb-d-I9_VTE	Neale UKB, VTE		rs34843303	0.9997292151013568	-0.0002708215674936055	0.0005095575770066187	0.5950836050385861	0.9175543749353943	0.595084
NOMO1	Coronary heart disease	ukb-d-I9_CHD	Neale UKB, major CHD event		rs7405130	1.0005962997663145	0.000596122050253364	0.0011233408884753439	0.595648255356731	0.9175543749353943	0.595648
F12	Type 2 diabetes	ukb-b-13806	UKB, T2D (self-report)	self-report	rs2731673	1.000995684801782	0.0009951894364610876	0.0018793396052556662	0.5964294493463425	0.9177487194986641	0.6
TNFSF14	Venous thromboembolism	ukb-d-I9_VTE	Neale UKB, VTE		rs2291668	0.9992826431339797	-0.0007176142895738874	0.001357246125236164	0.5969940175343469	0.9177487194986641	0.596994
ACE	Osteoporosis	ukb-b-12141	UKB, osteoporosis (self-report)	self-report	rs4277405	0.998110313019947	-0.001891474690991958	0.0036051622688892523	0.599821448068617	0.9181440411402946	0.6
SNX2	Multiple sclerosis	ukb-b-17670	UKB, MS (self-report)	self-report	rs4836231	1.0007066465262013	0.000706396969103644	0.001350016155243831	0.6007997671758618	0.9181440411402946	0.6
PDLIM7	Crohn's disease	ukb-a-552	Neale UKB, Crohn (ICD K50)		rs2731664	1.000510037124149	0.0005099070994247877	0.0009756555193093513	0.6012315772913759	0.9181440411402946	0.60123
CD14	Glaucoma	ukb-d-H40	Neale UKB, glaucoma (ICD H40)		rs57599368	1.0003174786607583	0.00031742827507231293	0.000608059895988772	0.6016462740213198	0.9181440411402946	0.601646
JMJD1C	Rheumatoid arthritis	ukb-d-M13_RHEUMA	Neale UKB, RA (ICD M13)		rs9919429	1.0015633423746977	0.0015621216271394182	0.0030019389172897073	0.602805095012475	0.9181440411402946	0.602807
MPO	Heart failure	ukb-d-I9_HEARTFAIL	Neale UKB, heart failure		rs12940119	0.9997384895651205	-0.000261544634695844	0.000502888636715884	0.603004612532005	0.9181440411402946	0.603007
HIP1R	Osteoporosis	ukb-b-12141	UKB, osteoporosis (self-report)	self-report	rs4426165	1.001829961936357	0.001828289595914859	0.0035174701268645193	0.6032210874685946	0.9181440411402946	0.6
PSAP	Venous thromboembolism	ukb-d-I9_VTE	Neale UKB, VTE		rs4747202	0.9987905830028505	-0.0012101489320885121	0.0023290515664233726	0.603350258785986	0.9181440411402946	0.603351
LIF	Crohn's disease	ukb-a-552	Neale UKB, Crohn (ICD K50)		rs3747150	1.0016241819763914	0.0016228644192872402	0.0031316282496892064	0.6043065581002383	0.9181440411402946	0.604306
PLAUR	Hypertension	ieu-b-5144	Tang UKB, hypertension		rs4760	1.00507579278061	0.005062954369517364	0.009782313308085188	0.6047638484588771	0.9181440411402946	0.6
GDF15	Coeliac disease	ukb-b-8631	UKB, coeliac (self-report)	self-report	rs4808795	1.0004190835353588	0.00041899574438091934	0.0008098084652484681	0.6048762318989553	0.9181440411402946	0.6
NPDC1	Osteoporosis	ukb-b-12141	UKB, osteoporosis (self-report)	self-report	rs10747042	1.0003415847144712	0.00034152638769470775	0.0006604508366019447	0.6050786804224997	0.9181440411402946	0.61
TNFSF12	Coeliac disease	ukb-b-8631	UKB, coeliac (self-report)	self-report	rs62059804	0.99986331750356	-0.000136691838343779	0.0002649519332952631	0.605915987099394	0.9181440411402946	0.61
TNFRSF1A	Atrial fibrillation	ukb-b-964	UKB, AF/flutter (ICD I48)		rs1800692	1.000471572970873	0.0004714618152836434	0.0009164079186156186	0.6069253873215996	0.9181440411402946	0.61
PIK3IP1	Psoriasis	ukb-b-10537	UKB, psoriasis (self-report)	self-report	rs4820963	1.0002538216333186	0.0002537894260576622	0.0004939129250137623	0.6073678108896228	0.9181440411402946	0.61
CA8	Glaucoma	ukb-d-H40	Neale UKB, glaucoma (ICD H40)		rs7824045	0.9995336230394201	-0.0004664857481399008	0.0009086618796829616	0.6076879094688645	0.9181440411402946	0.607688
PRKCQ	Multiple sclerosis	ukb-b-17670	UKB, MS (self-report)	self-report	rs2255088	0.9995481886452031	-0.0004519134523007421	0.0008807925483406217	0.607898210808012	0.9181440411402946	0.61
SCARB1	Glaucoma	ukb-d-H40	Neale UKB, glaucoma (ICD H40)		rs7954697	0.999733671973076	-0.0002663634985311494	0.0005202745828246859	0.6086739961972636	0.9181440411402946	0.608674
DPEP2	Psoriasis	ukb-b-10537	UKB, psoriasis (self-report)	self-report	rs12934863	0.9995262964157998	-0.00047381581718791135	0.0009259159269081563	0.6088423608358897	0.9181440411402946	0.61
PVALB	Psoriasis	ukb-b-10537	UKB, psoriasis (self-report)	self-report	rs4821544	0.9998152413846154	-0.0001847756853601277	0.00036257856043870506	0.6103208027592704	0.919452260413115	0.61
CA8	Osteoporosis	ukb-b-12141	UKB, osteoporosis (self-report)	self-report	rs7824045	1.0007343112494882	0.0007340417748934058	0.0014541605652229244	0.6137082418855133	0.9223220595870677	0.61
SWAP70	Heart failure	ukb-d-I9_HEARTFAIL	Neale UKB, heart failure		rs360155	1.0002512940456627	0.0002512624766025784	0.0004982141838792826	0.6140321544075731	0.9223220595870677	0.614031
TNFRSF14	Venous thromboembolism	ukb-d-I9_VTE	Neale UKB, VTE		rs3748825	0.9996391294052114	-0.00036093572425105523	0.0007160119618636216	0.6141969027324401	0.9223220595870677	0.614196
PVALB	Type 2 diabetes	ukb-b-13806	UKB, T2D (self-report)	self-report	rs4821544	0.9998631126386095	-0.00013689673132040372	0.00027219257932437416	0.6150059521940885	0.9223220595870677	0.62
IL4	Type 2 diabetes	ukb-b-13806	UKB, T2D (self-report)	self-report	rs2070874	0.9991167403302035	-0.00088364997346197	0.0017599276943846894	0.6156010657497231	0.9223220595870677	0.62
HAVCR1	Multiple sclerosis	ukb-b-17670	UKB, MS (self-report)	self-report	rs1501909	0.9993266439966138	-0.0006735828093597399	0.0013455133753596932	0.6166428199259117	0.9223220595870677	0.62
KRT18	Heart failure	ukb-d-I9_HEARTFAIL	Neale UKB, heart failure		rs902771	1.0007633586944475	0.0007630674843884039	0.0015272109296657146	0.6173231387176399	0.9223220595870677	0.617324
STK11	Type 2 diabetes	ukb-b-13806	UKB, T2D (self-report)	self-report	rs3764640	0.9996640021192214	-0.0003360543407139124	0.0006732885700530822	0.617692181094109	0.9223220595870677	0.62
IL12RB2	Glaucoma	ukb-d-H40	Neale UKB, glaucoma (ICD H40)		rs72678531	1.0001816651940159	0.0001816486948926102	0.00036398599332384553	0.6177412864211058	0.9223220595870677	0.61774
TNFSF13	Psoriasis	ukb-b-10537	UKB, psoriasis (self-report)	self-report	rs11552708	1.0002694723201724	0.00026943601902794335	0.0005410112454570299	0.6184678629791711	0.9224917084079808	0.62
RAPGEF2	Heart failure	ukb-d-I9_HEARTFAIL	Neale UKB, heart failure		rs11100203	0.9998172216392996	-0.00018279506670065333	0.0003684178380039288	0.6197798597188846	0.9226861273463953	0.619781
SIGLEC7	Glaucoma	ukb-d-H40	Neale UKB, glaucoma (ICD H40)		rs12983058	1.0003746287965658	0.00037455864071930665	0.0007563319872125883	0.6204374490860811	0.9226861273463953	0.620437
SIGLEC9	Glaucoma	ukb-d-H40	Neale UKB, glaucoma (ICD H40)		rs12983058	1.0003622351021468	0.0003621695108514925	0.0007313150894719197	0.6204374490860811	0.9226861273463953	0.620437
IL1RL1	Coronary heart disease	ukb-d-I9_CHD	Neale UKB, major CHD event		rs2058660	1.0008711222132283	0.0008707430064806839	0.0017627029069343938	0.6213190924311789	0.9230851274520475	0.62132
HAVCR2	Coronary heart disease	ukb-d-I9_CHD	Neale UKB, major CHD event		rs6891966	1.0009610221657004	0.0009605606795408183	0.001955428628063354	0.6232654195181844	0.9250635664446425	0.623265
TNFSF12	Rheumatoid arthritis	ukb-d-M13_RHEUMA	Neale UKB, RA (ICD M13)		rs62059804	1.0001489552865754	0.0001489441938381916	0.00030467336024366074	0.6249371562509196	0.9266309558203291	0.62494
CTLA4	Multiple sclerosis	ukb-b-17670	UKB, MS (self-report)	self-report	rs13030124	1.0004106618746385	0.0004105775761287654	0.0008422637372782068	0.6259259099724543	0.926783844154015	0.630001
TEX101	Psoriasis	ukb-b-10537	UKB, psoriasis (self-report)	self-report	rs36081957	1.0004884547501152	0.0004883354949259896	0.0010027816384076296	0.6262718734250055	0.926783844154015	0.630001
ANPEP	Ankylosing spondylitis	ukb-b-18194	UKB, AS (self-report)	self-report	rs11073891	1.0000710297031468	7.102718065687304e-05	0.00014679098285217597	0.628480899119612	0.9291392467338075	0.630001
HNMT	Atrial fibrillation	ukb-b-964	UKB, AF/flutter (ICD I48)		rs1522907	1.0004585300748052	0.0004584249820146413	0.0009496236198411248	0.629277609126967	0.929404123391644	0.630001
SERPING1	Multiple sclerosis	ukb-b-17670	UKB, MS (self-report)	self-report	rs28362951	0.9997687954551016	-0.00023123127678965788	0.00048045549916339814	0.6303209792318609	0.9300324252391674	0.630001
TNFRSF1A	Coronary heart disease	ukb-d-I9_CHD	Neale UKB, major CHD event		rs1800692	1.00073863083725	0.0007383581837450061	0.0015448369511566558	0.632684243363044	0.932217264596192	0.632684
TNFSF13	Glaucoma	ukb-d-H40	Neale UKB, glaucoma (ICD H40)		rs11552708	1.0001905214797722	0.00019050333285998156	0.00039963810478102263	0.633583161552135	0.932217264596192	0.633582
SEZ6	Atrial fibrillation	ukb-b-964	UKB, AF/flutter (ICD I48)		rs4795461	0.9965859036720267	-0.003419937653863958	0.0071938804771542455	0.6345051758519213	0.932217264596192	0.630001
CTLA4	Type 2 diabetes	ukb-b-13806	UKB, T2D (self-report)	self-report	rs13030124	1.00053118378192	0.0005310427537538671	0.0011189123139796525	0.6350676657200949	0.932217264596192	0.64
PF4	Hypertension	ieu-b-5144	Tang UKB, hypertension		rs11574452	0.9938506702012675	-0.006168314797245573	0.01299743901863614	0.6350869025315686	0.932217264596192	0.64
TNFRSF1A	Glaucoma	ukb-d-H40	Neale UKB, glaucoma (ICD H40)		rs1800692	0.9996887859434069	-0.00031126249373738553	0.0006567074968015029	0.6355182149340153	0.932217264596192	0.63552
ERBB2	Ankylosing spondylitis	ukb-b-18194	UKB, AS (self-report)	self-report	rs903506	1.0007928557601509	0.0007925416160589043	0.0016895688354688718	0.6390130182336953	0.932483685220008	0.64
LPL	Heart failure	ukb-d-I9_HEARTFAIL	Neale UKB, heart failure		rs80026582	0.9998712797973994	-0.00012872848775689124	0.0002755579619798476	0.6403884463976299	0.932483685220008	0.640388
TMEM106A	Glaucoma	ukb-d-H40	Neale UKB, glaucoma (ICD H40)		rs2171462	1.0004288491145363	0.0004287571850363546	0.000920155958222124	0.6412431096375908	0.932483685220008	0.641244
ADAM15	Hypertension	ieu-b-5144	Tang UKB, hypertension		rs41264285	1.0006883185516553	0.0006880817690894559	0.001478873719766927	0.6417351168954433	0.932483685220008	0.64
TNFRSF1A	Psoriasis	ukb-b-10537	UKB, psoriasis (self-report)	self-report	rs1800692	0.9995879573403331	-0.00041212757256951744	0.0008874987807513385	0.6423828705966887	0.932483685220008	0.64
PIK3IP1	Osteoporosis	ukb-b-12141	UKB, osteoporosis (self-report)	self-report	rs4820963	0.9997283441022956	-0.000271692802851605	0.0005857682009541882	0.642774516243225	0.932483685220008	0.64
PM20D1	Heart failure	ukb-d-I9_HEARTFAIL	Neale UKB, heart failure		rs823080	1.000200642602148	0.0002006224761130285	0.00043515885954903394	0.6447751246021012	0.932483685220008	0.644775
HAVCR2	Psoriasis	ukb-b-10537	UKB, psoriasis (self-report)	self-report	rs6891966	0.9994826880183725	-0.0005174458336348151	0.00112507787548712	0.6455736330678574	0.932483685220008	0.649999
SERPING1	Heart failure	ukb-d-I9_HEARTFAIL	Neale UKB, heart failure		rs28362951	1.0002587572760575	0.00025872380416756575	0.000562679827103656	0.6456551653884657	0.932483685220008	0.645656
CDKN1A	Psoriasis	ukb-b-10537	UKB, psoriasis (self-report)	self-report	rs12199346	1.0005232285742705	0.0005230917379289901	0.0011420633897717071	0.6469356417367336	0.932483685220008	0.649999
ADAM15	Type 2 diabetes	ukb-b-13806	UKB, T2D (self-report)	self-report	rs41264285	0.9998732717915854	-0.00012673623911253775	0.0002770188756689875	0.6473114338204469	0.932483685220008	0.649999
CRIM1	Psoriasis	ukb-b-10537	UKB, psoriasis (self-report)	self-report	rs10172196	0.9993231944846437	-0.0006770346516020404	0.001479994489436842	0.6473422080894968	0.932483685220008	0.649999
LILRB2	Multiple sclerosis	ukb-b-17670	UKB, MS (self-report)	self-report	rs12984962	1.0002844699594677	0.00028442950556055224	0.0006231207908452598	0.6480594714268453	0.932483685220008	0.649999
RAPGEF2	Hypertension	ieu-b-5144	Tang UKB, hypertension		rs11100203	0.9989825178437635	-0.0010180001425967485	0.0022343922712609807	0.6486740946994713	0.932483685220008	0.649999
LYPD3	Psoriasis	ukb-b-10537	UKB, psoriasis (self-report)	self-report	rs2599437	0.9988685802648597	-0.0011320602736397025	0.0024900173024036444	0.6493685974841039	0.932483685220008	0.649999
TSPAN15	Coronary heart disease	ukb-d-I9_CHD	Neale UKB, major CHD event		rs17569412	1.0008438920264076	0.0008435361497317925	0.0018561630986683522	0.649503874774291	0.932483685220008	0.649504
FES	Crohn's disease	ukb-a-552	Neale UKB, Crohn (ICD K50)		rs8027450	0.9998666513159189	-0.0001333575758073219	0.0002954300072815882	0.6517001356575298	0.932483685220008	0.6517
TGFA	Coronary heart disease	ukb-d-I9_CHD	Neale UKB, major CHD event		rs113971512	1.0009833972467435	0.0009829140284419843	0.002188177227055128	0.653292392102538	0.932483685220008	0.653293
CLEC4A	Crohn's disease	ukb-a-552	Neale UKB, Crohn (ICD K50)		rs6486847	0.9997829035998858	-0.00021711996894894248	0.0004836145775027663	0.6534659294149616	0.932483685220008	0.653465
PVALB	Atrial fibrillation	ukb-b-964	UKB, AF/flutter (ICD I48)		rs4821544	0.9998324636004218	-0.00016755043536848983	0.0003743564444141676	0.6544640951585692	0.932483685220008	0.649999
PM20D1	Crohn's disease	ukb-a-552	Neale UKB, Crohn (ICD K50)		rs823080	0.9998492766990013	-0.00015073466089698124	0.0003374020465889112	0.6550549414218383	0.932483685220008	0.655055
IFNGR2	Venous thromboembolism	ukb-d-I9_VTE	Neale UKB, VTE		rs17879003	0.9997068771151828	-0.00029316585372700686	0.0006562436830047032	0.6550676930167032	0.932483685220008	0.655067
PFKFB2	Osteoporosis	ukb-b-12141	UKB, osteoporosis (self-report)	self-report	rs1564879	1.0016456557454063	0.0016443031377378092	0.003681631142255006	0.6551468954121307	0.932483685220008	0.66
SNX2	Glaucoma	ukb-d-H40	Neale UKB, glaucoma (ICD H40)		rs4836231	0.9992108537249471	-0.0007894578148857562	0.001768263809051023	0.6552655089134198	0.932483685220008	0.655265
SPRY2	Osteoporosis	ukb-b-12141	UKB, osteoporosis (self-report)	self-report	rs7995973	1.0009296329397168	0.0009292010986306658	0.0020847541902984843	0.6558049005910944	0.932483685220008	0.66
TPPP3	Coronary heart disease	ukb-d-I9_CHD	Neale UKB, major CHD event		rs149025632	0.9987075520772379	-0.0012932838539212047	0.0029026343686189044	0.6559185735252946	0.932483685220008	0.655919
CRIM1	Ankylosing spondylitis	ukb-b-18194	UKB, AS (self-report)	self-report	rs10172196	0.9996732425200799	-0.00032681087677763376	0.0007352410001971534	0.6566848134057515	0.932483685220008	0.66
FES	Atrial fibrillation	ukb-b-964	UKB, AF/flutter (ICD I48)		rs8027450	1.0002636184313998	0.0002635836901665221	0.0005948344310545511	0.6576781407253811	0.932483685220008	0.66
CLEC4A	Psoriasis	ukb-b-10537	UKB, psoriasis (self-report)	self-report	rs6486847	0.9995826602717752	-0.0004174268386864326	0.0009420180855508326	0.6576791050496902	0.932483685220008	0.66
SORT1	Multiple sclerosis	ukb-b-17670	UKB, MS (self-report)	self-report	rs657420	1.0006785168834118	0.0006782867949046745	0.0015326247983048493	0.65808007442915	0.932483685220008	0.66
GSTM4	Heart failure	ukb-d-I9_HEARTFAIL	Neale UKB, heart failure		rs11101980	1.0000984353419058	9.843049746552493e-05	0.00022248646622376344	0.6581916987024656	0.932483685220008	0.658193
SCARB1	Type 2 diabetes	ukb-b-13806	UKB, T2D (self-report)	self-report	rs7954697	1.00023314769869	0.0002331205239891543	0.0005272540054902153	0.6583872995887761	0.932483685220008	0.66
ERBB3	Multiple sclerosis	ukb-b-17670	UKB, MS (self-report)	self-report	rs11171739	0.9996655920622035	-0.000334463864599466	0.0007584344733584215	0.6592184742576728	0.932483685220008	0.66
DENR	Osteoporosis	ukb-b-12141	UKB, osteoporosis (self-report)	self-report	rs7967318	1.0006341667274827	0.0006339657287370176	0.0014377054595850073	0.6592444079575226	0.932483685220008	0.66
VNN2	Hypertension	ieu-b-5144	Tang UKB, hypertension		rs2300079	0.9994310993475687	-0.0005690625378081745	0.001290788021472764	0.6593111389410844	0.932483685220008	0.66
LILRB2	Coeliac disease	ukb-b-8631	UKB, coeliac (self-report)	self-report	rs12984962	0.99970170992924	-0.0002983345680921015	0.0006769522943286579	0.6594283869071496	0.932483685220008	0.66
CTLA4	Atrial fibrillation	ukb-b-964	UKB, AF/flutter (ICD I48)		rs13030124	0.9993224059965938	-0.0006778236739776896	0.0015388377111368997	0.6595911702357886	0.932483685220008	0.66
MAPT	Heart failure	ukb-d-I9_HEARTFAIL	Neale UKB, heart failure		rs17698176	1.0013736804438749	0.001372737808048844	0.003137310354366031	0.6617107524047778	0.932483685220008	0.66171
HAVCR1	Rheumatoid arthritis	ukb-d-M13_RHEUMA	Neale UKB, RA (ICD M13)		rs1501909	1.0007372538582058	0.0007369822200827682	0.001684388695240846	0.661722016259306	0.932483685220008	0.661723
CTLA4	Venous thromboembolism	ukb-d-I9_VTE	Neale UKB, VTE		rs13030124	1.0007765224259784	0.000776221088426098	0.0017826449342963249	0.6632487083074039	0.932483685220008	0.66325
PACS2	Coeliac disease	ukb-b-8631	UKB, coeliac (self-report)	self-report	rs4555082	1.0009643107848019	0.0009638461358436142	0.0022141202909721396	0.6633317133507992	0.932483685220008	0.66
IL6ST	Atrial fibrillation	ukb-b-964	UKB, AF/flutter (ICD I48)		rs7731626	0.9991243670560587	-0.0008760165344068757	0.0020137758128348634	0.6635537566542173	0.932483685220008	0.66
LTBR	Atrial fibrillation	ukb-b-964	UKB, AF/flutter (ICD I48)		rs2364480	0.9996089189745051	-0.00039115751762283706	0.0009014549429770678	0.6643479948636686	0.932483685220008	0.66
RAPGEF2	Glaucoma	ukb-d-H40	Neale UKB, glaucoma (ICD H40)		rs11100203	1.0001783440423775	0.0001783281409693995	0.0004124321773567324	0.6654639899110726	0.932483685220008	0.665465
ANPEP	Psoriasis	ukb-b-10537	UKB, psoriasis (self-report)	self-report	rs11073891	1.0001276337361924	0.00012762559170013734	0.00029547666735545944	0.6657914172940451	0.932483685220008	0.67
TNFSF12	Multiple sclerosis	ukb-b-17670	UKB, MS (self-report)	self-report	rs62059804	0.9998948394928417	-0.00010516603691203044	0.0002438916026286802	0.6663230199368075	0.932483685220008	0.67
SPINK8	Crohn's disease	ukb-a-552	Neale UKB, Crohn (ICD K50)		rs11713476	1.0002359423186198	0.00023591448860845601	0.0005476537897058935	0.6666334033796406	0.932483685220008	0.666635
SIGLEC9	Coronary heart disease	ukb-d-I9_CHD	Neale UKB, major CHD event		rs12983058	0.9992623058916559	-0.0007379663385327845	0.0017203461974639072	0.6679495283114067	0.932483685220008	0.667949
SIGLEC7	Coronary heart disease	ukb-d-I9_CHD	Neale UKB, major CHD event		rs12983058	0.999237080408406	-0.0007632107628485215	0.001779195967583624	0.6679495283114067	0.932483685220008	0.667949
TNFSF13	Rheumatoid arthritis	ukb-d-M13_RHEUMA	Neale UKB, RA (ICD M13)		rs11552708	1.000163818139801	0.00016380472307476302	0.0003818883770594457	0.6679716107446692	0.932483685220008	0.667972
MYL4	Glaucoma	ukb-d-H40	Neale UKB, glaucoma (ICD H40)		rs11570546	1.0016998148036702	0.0016983717535339663	0.003963270053288845	0.6682668326428303	0.932483685220008	0.668267
CD226	Type 2 diabetes	ukb-b-13806	UKB, T2D (self-report)	self-report	rs763361	0.9997961161951725	-0.00020390459195596507	0.0004768329821875718	0.6689258598515448	0.932483685220008	0.67
TNFSF12	Psoriasis	ukb-b-10537	UKB, psoriasis (self-report)	self-report	rs62059804	1.0001844622626783	0.00018444525160709615	0.0004315612038343398	0.6690947688982463	0.932483685220008	0.67
BCL7A	Multiple sclerosis	ukb-b-17670	UKB, MS (self-report)	self-report	rs10840637	0.9997154123362374	-0.00028462816651639387	0.0006670387699751808	0.6695948764406103	0.932483685220008	0.67
EPHB4	Rheumatoid arthritis	ukb-d-M13_RHEUMA	Neale UKB, RA (ICD M13)		rs314320	1.0001159083381614	0.00011590162130905615	0.0002717801158396165	0.6697773180882582	0.932483685220008	0.669778
TNFRSF1A	Rheumatoid arthritis	ukb-d-M13_RHEUMA	Neale UKB, RA (ICD M13)		rs1800692	0.9997347209923665	-0.00026531420033353297	0.0006275437391592855	0.6724543179400784	0.9333996393738755	0.672455
TGFA	Glaucoma	ukb-d-H40	Neale UKB, glaucoma (ICD H40)		rs113971512	1.0003927764282117	0.00039269931174267534	0.00093019054378618	0.6729003330478656	0.9333996393738755	0.672901
CD226	Coronary heart disease	ukb-d-I9_CHD	Neale UKB, major CHD event		rs763361	1.0004664478647676	0.00046633911177927444	0.0011067147193187853	0.6734831208455234	0.9333996393738755	0.673484
MYL4	Crohn's disease	ukb-a-552	Neale UKB, Crohn (ICD K50)		rs11570546	1.0011538956841977	0.0011532304582576403	0.0027452244790212668	0.6744226062977927	0.9333996393738755	0.674422
CD226	Heart failure	ukb-d-I9_HEARTFAIL	Neale UKB, heart failure		rs763361	0.9998235338524153	-0.00017648171956731871	0.00042025384159864336	0.6745287271952884	0.9333996393738755	0.67453
CASP3	Osteoporosis	ukb-b-12141	UKB, osteoporosis (self-report)	self-report	rs72689261	1.0003628530261737	0.0003627872109346373	0.0008649577585029206	0.6749036108749407	0.9333996393738755	0.67
RELB	Coeliac disease	ukb-b-8631	UKB, coeliac (self-report)	self-report	rs8111826	0.9988522928428937	-0.0011483662773317865	0.0027426551403749236	0.6754309797368923	0.9333996393738755	0.68
MYL4	Atrial fibrillation	ukb-b-964	UKB, AF/flutter (ICD I48)		rs11570546	1.002312259207109	0.0023095900495194656	0.0055262449890940415	0.6759974401094313	0.9333996393738755	0.68
EVI2B	Crohn's disease	ukb-a-552	Neale UKB, Crohn (ICD K50)		rs9902893	1.000446656005479	0.0004465562843783998	0.0010716891835213732	0.6769091844600581	0.9333996393738755	0.676909
NUMB	Psoriasis	ukb-b-10537	UKB, psoriasis (self-report)	self-report	rs61985842	0.9993112065932749	-0.0006890307338895096	0.001654115202348647	0.6770035869752211	0.9333996393738755	0.68
EDN1	Multiple sclerosis	ukb-b-17670	UKB, MS (self-report)	self-report	rs557768	1.0004346458021904	0.0004345513710654373	0.0010454885377479584	0.677670291417797	0.9333996393738755	0.68
PLAUR	Crohn's disease	ukb-a-552	Neale UKB, Crohn (ICD K50)		rs4760	1.0005166404177206	0.000516507005009028	0.001243513320905832	0.6778776118509275	0.9333996393738755	0.677879
NPDC1	Heart failure	ukb-d-I9_HEARTFAIL	Neale UKB, heart failure		rs10747042	0.9998473869340989	-0.0001526247124600055	0.00037001944464834936	0.6799894353602487	0.9346885063721906	0.679988
CA8	Multiple sclerosis	ukb-b-17670	UKB, MS (self-report)	self-report	rs7824045	1.0002857721211942	0.0002857312961191053	0.0006928716592475018	0.6800557571279393	0.9346885063721906	0.68
PHOSPHO1	Venous thromboembolism	ukb-d-I9_VTE	Neale UKB, VTE		rs11650975	1.0006748715981917	0.0006746439747600532	0.0016720850164595547	0.6865990543911278	0.9410850824129214	0.6866
DPEP2	Rheumatoid arthritis	ukb-d-M13_RHEUMA	Neale UKB, RA (ICD M13)		rs12934863	1.0002647241285318	0.00026468909528234535	0.0006562927695184003	0.6867205689582541	0.9410850824129214	0.68672
LYPD3	Atrial fibrillation	ukb-b-964	UKB, AF/flutter (ICD I48)		rs2599437	1.0010371654936112	0.0010366280090887488	0.002571202449453074	0.6868242211808413	0.9410850824129214	0.69
PSRC1	Psoriasis	ukb-b-10537	UKB, psoriasis (self-report)	self-report	rs7528419	1.0002205274803817	0.0002205031677712538	0.0005476395685448588	0.6872109671573425	0.9410850824129214	0.69
JMJD1C	Osteoporosis	ukb-b-12141	UKB, osteoporosis (self-report)	self-report	rs9919429	1.0020134252123953	0.0020114009884793457	0.005029738081394437	0.6892288938733635	0.9414398259504521	0.69
PLAUR	Psoriasis	ukb-b-10537	UKB, psoriasis (self-report)	self-report	rs4760	0.999026474716865	-0.0009739994666515367	0.00243710661405798	0.6894113592367892	0.9414398259504521	0.69
LIF	Coronary heart disease	ukb-d-I9_CHD	Neale UKB, major CHD event		rs3747150	1.0042523179225098	0.004243302367620282	0.010639719675173622	0.6900279608555047	0.9414398259504521	0.690028
LIF	Multiple sclerosis	ukb-b-17670	UKB, MS (self-report)	self-report	rs3747150	1.0013780807583965	0.0013771320765815678	0.0034538703441202682	0.6900984855083481	0.9414398259504521	0.69
HNMT	Heart failure	ukb-d-I9_HEARTFAIL	Neale UKB, heart failure		rs1522907	0.9997568483768422	-0.00024318118930648466	0.0006109404036982826	0.6905977195011954	0.9414398259504521	0.690599
SPON2	Heart failure	ukb-d-I9_HEARTFAIL	Neale UKB, heart failure		rs73067776	1.000352304663881	0.0003522426191647573	0.0008898437518344054	0.6922173716223148	0.9427937957389898	0.692217
STK11	Glaucoma	ukb-d-H40	Neale UKB, glaucoma (ICD H40)		rs3764640	1.0002621464453536	0.00026211209097791173	0.0006650159798335008	0.6934746912952907	0.9432396304789222	0.693475
NUMB	Multiple sclerosis	ukb-b-17670	UKB, MS (self-report)	self-report	rs61985842	0.9996320430601525	-0.0003680246526130418	0.0009347704843884514	0.6937981866712073	0.9432396304789222	0.69
ERBB2	Osteoporosis	ukb-b-12141	UKB, osteoporosis (self-report)	self-report	rs903506	0.9984170377541944	-0.0015842164542926333	0.004034015674633093	0.6945303588805603	0.943382843064299	0.69
ADAMTSL4	Coronary heart disease	ukb-d-I9_CHD	Neale UKB, major CHD event		rs72700822	1.0005203424400617	0.0005202071088779868	0.0013275228596096925	0.6951594323945227	0.9433858843586624	0.69516
NGFR	Ankylosing spondylitis	ukb-b-18194	UKB, AS (self-report)	self-report	rs2671661	1.0006863348507158	0.0006860994306640747	0.001761626457766155	0.6969290134240751	0.9449352839668766	0.7
IL1RN	Coronary heart disease	ukb-d-I9_CHD	Neale UKB, major CHD event		rs72950883	0.9984114474890875	-0.0015898155982833795	0.00410388420327242	0.6984653600554052	0.9461659467897252	0.698466
SPRY2	Glaucoma	ukb-d-H40	Neale UKB, glaucoma (ICD H40)		rs7995973	0.9994993491126062	-0.0005007762548946998	0.0013014474367297284	0.7003973948672808	0.9479299274058072	0.700397
MYL6B	Multiple sclerosis	ukb-b-17670	UKB, MS (self-report)	self-report	rs11171747	0.999671813797249	-0.0003282400676282516	0.0008615620419931603	0.7032162280260787	0.9484530486106644	0.7
SNX2	Hypertension	ieu-b-5144	Tang UKB, hypertension		rs4836231	1.0036522804757844	0.0036456270945360828	0.009578998629968112	0.7035109111708948	0.9484530486106644	0.7
PM20D1	Osteoporosis	ukb-b-12141	UKB, osteoporosis (self-report)	self-report	rs823080	1.0002969350295738	0.0002968909530930164	0.0007805752482785647	0.7036864258934286	0.9484530486106644	0.7
SERPING1	Rheumatoid arthritis	ukb-d-M13_RHEUMA	Neale UKB, RA (ICD M13)		rs28362951	1.0002288177128495	0.00022879153806951887	0.0006019291280131242	0.7038733111374851	0.9484530486106644	0.703873
HIP1R	Venous thromboembolism	ukb-d-I9_VTE	Neale UKB, VTE		rs4426165	1.001350877265674	0.001349965651873766	0.0035524090212205356	0.7039349204638619	0.9484530486106644	0.703934
PVALB	Crohn's disease	ukb-a-552	Neale UKB, Crohn (ICD K50)		rs4821544	0.9999294283491269	-7.057414116923936e-05	0.0001866207609462516	0.7053052334660985	0.949017661223028	0.705307
CTLA4	Hypertension	ieu-b-5144	Tang UKB, hypertension		rs13030124	0.9977678498183181	-0.0022346451423413747	0.005971593906360787	0.7082462176706206	0.949017661223028	0.709999
SPRY2	Atrial fibrillation	ukb-b-964	UKB, AF/flutter (ICD I48)		rs7995973	0.9993224793893677	-0.0006777502314422677	0.0018149668631312428	0.708833701185493	0.949017661223028	0.709999
LDLR	Glaucoma	ukb-d-H40	Neale UKB, glaucoma (ICD H40)		rs8110515	1.0009964732536698	0.000995977103769904	0.002669889350395762	0.709118232936417	0.949017661223028	0.709119
TEX101	Type 2 diabetes	ukb-b-13806	UKB, T2D (self-report)	self-report	rs36081957	0.9997197701868681	-0.0002802690848429016	0.0007528892687231745	0.7097007351275526	0.949017661223028	0.709999
C2	Osteoporosis	ukb-b-12141	UKB, osteoporosis (self-report)	self-report	rs488755	1.0006329976732087	0.0006327974146859032	0.001724327153947399	0.7136322771780634	0.949017661223028	0.709999
SIGLEC7	Ankylosing spondylitis	ukb-b-18194	UKB, AS (self-report)	self-report	rs12983058	0.9998135553771623	-0.00018646200579699491	0.0005083584025823004	0.7137738664159852	0.949017661223028	0.709999
SIGLEC9	Ankylosing spondylitis	ukb-b-18194	UKB, AS (self-report)	self-report	rs12983058	0.9998197217772145	-0.00018029447485765857	0.0004915436302494777	0.7137738664159854	0.949017661223028	0.709999
MPO	Glaucoma	ukb-d-H40	Neale UKB, glaucoma (ICD H40)		rs12940119	0.9997947143337058	-0.00020530674028076097	0.0005629701082386419	0.7153465749599832	0.949017661223028	0.715347
RAPGEF2	Psoriasis	ukb-b-10537	UKB, psoriasis (self-report)	self-report	rs11100203	0.9997973277662704	-0.0002026927745221869	0.0005570414337675654	0.7159522617430154	0.949017661223028	0.719999
JMJD1C	Psoriasis	ukb-b-10537	UKB, psoriasis (self-report)	self-report	rs9919429	1.001535855891493	0.001534677671063573	0.004240748290147921	0.7174354185989493	0.949017661223028	0.719999
NUMB	Hypertension	ieu-b-5144	Tang UKB, hypertension		rs61985842	1.0023989215053049	0.0023960486866376096	0.006639476982485294	0.7181898045364445	0.949017661223028	0.719999
IL12RB2	Crohn's disease	ukb-a-552	Neale UKB, Crohn (ICD K50)		rs72678531	0.9999093291247926	-9.067498605971284e-05	0.000251725581673363	0.7186873811145087	0.949017661223028	0.718687
HAVCR1	Atrial fibrillation	ukb-b-964	UKB, AF/flutter (ICD I48)		rs1501909	0.9991199134275877	-0.000880474075974229	0.002458533983584448	0.720246242161132	0.949017661223028	0.719999
IL1RN	Heart failure	ukb-d-I9_HEARTFAIL	Neale UKB, heart failure		rs72950883	0.9994424385486184	-0.0005577169465691034	0.0015583733952214004	0.7204301045590444	0.949017661223028	0.72043
LTBP2	Crohn's disease	ukb-a-552	Neale UKB, Crohn (ICD K50)		rs754458	0.9997190635859587	-0.0002809758840681784	0.0007866411918009615	0.7209538379231506	0.949017661223028	0.720955
PSRC1	Osteoporosis	ukb-b-12141	UKB, osteoporosis (self-report)	self-report	rs7528419	0.9997680199827794	-0.0002320069287467677	0.0006496412300409568	0.7209938456341729	0.949017661223028	0.719999
CLINT1	Atrial fibrillation	ukb-b-964	UKB, AF/flutter (ICD I48)		rs11750888	0.9987449665683769	-0.00125582164563937	0.0035320421607350763	0.7221767339559197	0.949017661223028	0.719999
KRT18	Coronary heart disease	ukb-d-I9_CHD	Neale UKB, major CHD event		rs902771	0.9985713290208247	-0.0014296925026218233	0.004021830039191184	0.7222277234998125	0.949017661223028	0.722227
BMP6	Heart failure	ukb-d-I9_HEARTFAIL	Neale UKB, heart failure		rs9406052	1.0004345526625922	0.0004344582719281155	0.0012223171134724692	0.7222612878806205	0.949017661223028	0.722261
ERBB2	Psoriasis	ukb-b-10537	UKB, psoriasis (self-report)	self-report	rs903506	0.9987921782273518	-0.001208551777234942	0.0034011526758329835	0.7223379350263608	0.949017661223028	0.719999
VAT1	Type 2 diabetes	ukb-b-13806	UKB, T2D (self-report)	self-report	rs4520874	0.9997909348566353	-0.0002090870005282468	0.0005887391374972084	0.7224819335726853	0.949017661223028	0.719999
PROCR	Type 2 diabetes	ukb-b-13806	UKB, T2D (self-report)	self-report	rs2378335	1.0004521504145607	0.0004520482253640456	0.0012753945299355338	0.7230106965076617	0.949017661223028	0.719999
RAPGEF2	Coronary heart disease	ukb-d-I9_CHD	Neale UKB, major CHD event		rs11100203	1.0003426554272903	0.00034259673432671524	0.0009702055782557665	0.7240002255179079	0.949017661223028	0.724001
SEZ6	Hypertension	ieu-b-5144	Tang UKB, hypertension		rs4795461	0.9901849578857044	-0.00986352715615653	0.027959125005046322	0.7242505083950173	0.949017661223028	0.719999
TNFSF13	Osteoporosis	ukb-b-12141	UKB, osteoporosis (self-report)	self-report	rs11552708	0.9997736844559968	-0.00022634115723046443	0.0006416792548848202	0.7242889575856657	0.949017661223028	0.719999
CDKN1A	Hypertension	ieu-b-5144	Tang UKB, hypertension		rs12199346	0.9983854161460071	-0.0016158886992142145	0.004589591492482028	0.724780664620932	0.949017661223028	0.719999
SLC16A1	Osteoporosis	ukb-b-12141	UKB, osteoporosis (self-report)	self-report	rs7169	0.9992606030885717	-0.0007396704001441209	0.0021091115687226387	0.7258116564595047	0.949017661223028	0.73
EPHB4	Glaucoma	ukb-d-H40	Neale UKB, glaucoma (ICD H40)		rs314320	0.999900281758327	-9.972321386735214e-05	0.00028441201997398313	0.7258664025599915	0.949017661223028	0.725867
CTLA4	Crohn's disease	ukb-a-552	Neale UKB, Crohn (ICD K50)		rs13030124	0.9997323044841633	-0.0002677313526769857	0.0007644429939043301	0.7261656199748563	0.949017661223028	0.726164
DENR	Venous thromboembolism	ukb-d-I9_VTE	Neale UKB, VTE		rs7967318	1.0005076291783084	0.0005075003782035774	0.0014500888343347365	0.7263545933711595	0.949017661223028	0.726355
SPON2	Type 2 diabetes	ukb-b-13806	UKB, T2D (self-report)	self-report	rs73067776	0.999647289844392	-0.00035277237246507837	0.001008922053162328	0.7265993163831674	0.949017661223028	0.73
LDLR	Hypertension	ieu-b-5144	Tang UKB, hypertension		rs8110515	1.0050484734709109	0.005035772657262638	0.014435484049765376	0.727204313988906	0.949017661223028	0.73
IL4	Rheumatoid arthritis	ukb-d-M13_RHEUMA	Neale UKB, RA (ICD M13)		rs2070874	0.9994184603516336	-0.0005817088081329073	0.0016700379485113687	0.7275993403375429	0.949017661223028	0.727599
LYPD3	Type 2 diabetes	ukb-b-13806	UKB, T2D (self-report)	self-report	rs2599437	1.0006494669270833	0.0006492561147108141	0.0018694988151964412	0.728374318062381	0.949017661223028	0.73
TNFSF14	Type 2 diabetes	ukb-b-13806	UKB, T2D (self-report)	self-report	rs2291668	1.0002957104729158	0.0002956667591914514	0.0008537006428952226	0.7290906626278506	0.949017661223028	0.73
PINLYP	Multiple sclerosis	ukb-b-17670	UKB, MS (self-report)	self-report	rs915927	0.9997156135087011	-0.00028442693680546085	0.000822737497805137	0.7295621696899224	0.949017661223028	0.73
VNN2	Coronary heart disease	ukb-d-I9_CHD	Neale UKB, major CHD event		rs2300079	0.999805725563132	-0.000194293310590947	0.0005622299111923762	0.7296611889092435	0.949017661223028	0.729661
MERTK	Venous thromboembolism	ukb-d-I9_VTE	Neale UKB, VTE		rs55812028	0.9997869937854366	-0.00021302890360913484	0.0006205142875618223	0.731365084552124	0.949017661223028	0.731365
EVI2B	Rheumatoid arthritis	ukb-d-M13_RHEUMA	Neale UKB, RA (ICD M13)		rs9902893	1.000507365497583	0.0005072368312275149	0.0014789818403206376	0.7316258976050154	0.949017661223028	0.731627
PM20D1	Hypertension	ieu-b-5144	Tang UKB, hypertension		rs823080	0.9990977539055678	-0.0009026533634293176	0.0026377935874968704	0.7322002717457967	0.949017661223028	0.73
VNN2	Osteoporosis	ukb-b-12141	UKB, osteoporosis (self-report)	self-report	rs2300079	1.000129961438832	0.00012995299457567284	0.0003818293796140132	0.7335981635046869	0.949017661223028	0.73
PVR	Osteoporosis	ukb-b-12141	UKB, osteoporosis (self-report)	self-report	rs79572806	1.000699047493132	0.0006988032732409379	0.0020597190033802143	0.7344054601121848	0.949017661223028	0.73
EPHB4	Type 2 diabetes	ukb-b-13806	UKB, T2D (self-report)	self-report	rs314320	1.0000970579906168	9.705328079475749e-05	0.00028835623928577064	0.7364378811864511	0.949017661223028	0.74
PF4	Coronary heart disease	ukb-d-I9_CHD	Neale UKB, major CHD event		rs11574452	1.0019064716971862	0.0019046566864982432	0.00566111610800581	0.7365349901365792	0.949017661223028	0.736534
PFKFB2	Glaucoma	ukb-d-H40	Neale UKB, glaucoma (ICD H40)		rs1564879	0.9992269859961305	-0.0007733129332556433	0.002298532518593512	0.7365408440762131	0.949017661223028	0.736541
BCL7A	Glaucoma	ukb-d-H40	Neale UKB, glaucoma (ICD H40)		rs10840637	0.99970684211461	-0.0002932008645628743	0.0008735652798761649	0.7371445890049837	0.949017661223028	0.737143
MPO	Coronary heart disease	ukb-d-I9_CHD	Neale UKB, major CHD event		rs12940119	1.0004444368614094	0.00044433812860002165	0.0013243313474675562	0.7372337289253494	0.949017661223028	0.737233
PRKCQ	Crohn's disease	ukb-a-552	Neale UKB, Crohn (ICD K50)		rs2255088	0.9997324328387744	-0.0002676029637049296	0.0007987183822584245	0.7375945754908655	0.949017661223028	0.737593
LILRB2	Rheumatoid arthritis	ukb-d-M13_RHEUMA	Neale UKB, RA (ICD M13)		rs12984962	1.00026164593558	0.00026161171225156846	0.0007821351063705643	0.7380143303349582	0.949017661223028	0.738015
SLC12A2	Type 2 diabetes	ukb-b-13806	UKB, T2D (self-report)	self-report	rs17764730	0.9996995472020848	-0.00030049794289993006	0.000899794994273978	0.7384077245205773	0.949017661223028	0.74
GSTM4	Crohn's disease	ukb-a-552	Neale UKB, Crohn (ICD K50)		rs11101980	0.9999425942972274	-5.740735054294608e-05	0.00017248413972466574	0.7392649995624456	0.949017661223028	0.739265
PSAP	Glaucoma	ukb-d-H40	Neale UKB, glaucoma (ICD H40)		rs4747202	1.0004790605213598	0.00047894580850315087	0.0014432547083810443	0.7400016200084591	0.949017661223028	0.74
VNN2	Type 2 diabetes	ukb-b-13806	UKB, T2D (self-report)	self-report	rs2300079	0.9999198802801089	-8.012292964728904e-05	0.0002417091350938409	0.7402782412737117	0.949017661223028	0.74
LTBR	Hypertension	ieu-b-5144	Tang UKB, hypertension		rs2364480	1.0011482614301774	0.0011476026822498102	0.003501620348692687	0.7431122237891619	0.949017661223028	0.74
SLC16A1	Ankylosing spondylitis	ukb-b-18194	UKB, AS (self-report)	self-report	rs7169	0.9997106774243457	-0.00028936443750525996	0.0008833934161001045	0.743244292897876	0.949017661223028	0.74
CD14	Heart failure	ukb-d-I9_HEARTFAIL	Neale UKB, heart failure		rs57599368	1.0001774391286484	0.00017742338818829334	0.0005431695055430118	0.7439367030982948	0.949017661223028	0.743937
KRT18	Rheumatoid arthritis	ukb-d-M13_RHEUMA	Neale UKB, RA (ICD M13)		rs902771	0.999466960873716	-0.000533181242143541	0.001633746212046221	0.7441557813733055	0.949017661223028	0.744156
NUMB	Crohn's disease	ukb-a-552	Neale UKB, Crohn (ICD K50)		rs61985842	0.999724150178331	-0.00027588787522917375	0.0008458124650564399	0.7442874877194385	0.949017661223028	0.744286
STK11	Multiple sclerosis	ukb-b-17670	UKB, MS (self-report)	self-report	rs3764640	0.999835105276347	-0.00016490832028265664	0.0005067972603853776	0.7448835939743907	0.949017661223028	0.74
DPEP2	Coeliac disease	ukb-b-8631	UKB, coeliac (self-report)	self-report	rs12934863	0.9998152556109222	-0.00018476145642447756	0.0005684214573588888	0.7451484736780007	0.949017661223028	0.75
ANXA11	Heart failure	ukb-d-I9_HEARTFAIL	Neale UKB, heart failure		rs11591611	1.000165299104119	0.00016528544372749478	0.0005086318985248314	0.7452107175619935	0.949017661223028	0.745211
ANXA2	Type 2 diabetes	ukb-b-13806	UKB, T2D (self-report)	self-report	rs62004990	0.9997871470333426	-0.00021287562306510614	0.0006559773826369256	0.7455468722737226	0.949017661223028	0.75
DENR	Coronary heart disease	ukb-d-I9_CHD	Neale UKB, major CHD event		rs7967318	0.9993153218923313	-0.0006849126067679492	0.002113822499915265	0.7459258150134924	0.949017661223028	0.745926
MAPRE3	Psoriasis	ukb-b-10537	UKB, psoriasis (self-report)	self-report	rs6745807	0.9995349036099946	-0.00046520458087881286	0.0014370685395626234	0.7461517383552285	0.949017661223028	0.75
CRISP3	Coeliac disease	ukb-b-8631	UKB, coeliac (self-report)	self-report	rs78730163	1.0003196121549731	0.0003195610898886306	0.0009872394799670054	0.7461715593489116	0.949017661223028	0.75
MERTK	Type 2 diabetes	ukb-b-13806	UKB, T2D (self-report)	self-report	rs55812028	1.0001252480923104	0.00012524024942288083	0.00038981706213478314	0.747998554067526	0.949017661223028	0.75
PACS2	Ankylosing spondylitis	ukb-b-18194	UKB, AS (self-report)	self-report	rs4555082	1.0005753803324313	0.0005752148646359956	0.0017915637721235742	0.7481584083210504	0.949017661223028	0.75
HNMT	Coeliac disease	ukb-b-8631	UKB, coeliac (self-report)	self-report	rs1522907	1.0001811037984591	0.00018108740114586137	0.0005645632145141794	0.748394818859861	0.949017661223028	0.75
IL2RA	Coronary heart disease	ukb-d-I9_CHD	Neale UKB, major CHD event		rs61839660	0.9993500964569443	-0.0006501148219089401	0.002028812514837971	0.7486340078176634	0.949017661223028	0.748635
ADAM15	Glaucoma	ukb-d-H40	Neale UKB, glaucoma (ICD H40)		rs41264285	1.0000870913511595	8.708755892799602e-05	0.0002723243889191698	0.7491249046730613	0.949017661223028	0.749124
RELB	Heart failure	ukb-d-I9_HEARTFAIL	Neale UKB, heart failure		rs8111826	1.0009414433305812	0.0009410004507513513	0.0029567018556650652	0.7502875904782127	0.949691188956863	0.750288
VAT1	Crohn's disease	ukb-a-552	Neale UKB, Crohn (ICD K50)		rs4520874	1.000126760420987	0.00012675238756354286	0.0004023838653806996	0.7527588801561789	0.9515016399283464	0.752759
SIGLEC7	Coeliac disease	ukb-b-8631	UKB, coeliac (self-report)	self-report	rs12983058	0.999802815465406	-0.00019720397802040884	0.0006282845960638979	0.7536145879033813	0.9515016399283464	0.75
SIGLEC9	Coeliac disease	ukb-b-8631	UKB, coeliac (self-report)	self-report	rs12983058	0.9998093370394316	-0.00019068113906132756	0.0006075030718688225	0.7536145879033813	0.9515016399283464	0.75
SLC12A2	Psoriasis	ukb-b-10537	UKB, psoriasis (self-report)	self-report	rs17764730	1.0003748624802902	0.00037479223690447963	0.0011983144592212132	0.7544583109474501	0.9517684475908738	0.75
TGFA	Rheumatoid arthritis	ukb-d-M13_RHEUMA	Neale UKB, RA (ICD M13)		rs113971512	1.0002770402094052	0.0002770018408526616	0.0008888781613754031	0.7553210998340589	0.9520588402430978	0.755322
MAPT	Type 2 diabetes	ukb-b-13806	UKB, T2D (self-report)	self-report	rs17698176	1.0011106343450724	0.0011100180470270534	0.0035744146295831076	0.7561462349730903	0.9523013252171556	0.760001
MAPRE3	Crohn's disease	ukb-a-552	Neale UKB, Crohn (ICD K50)		rs6745807	0.9997720448093272	-0.00022798117640635248	0.0007365120043612989	0.7569094981218525	0.9524655473857759	0.75691
RAPGEF2	Multiple sclerosis	ukb-b-17670	UKB, MS (self-report)	self-report	rs11100203	1.0000964834600665	9.647880583682497e-05	0.00031484217799631226	0.7592731172800156	0.9545094316531421	0.760001
BCL7A	Coronary heart disease	ukb-d-I9_CHD	Neale UKB, major CHD event		rs10840637	0.9993719109048068	-0.000628286425780723	0.0020549659326401714	0.7598021921066207	0.9545094316531421	0.759803
TNFSF14	Atrial fibrillation	ukb-b-964	UKB, AF/flutter (ICD I48)		rs2291668	0.9996422393349708	-0.00035782467664361453	0.0011740876298843225	0.7605426358780838	0.9546427581288709	0.760001
CTSH	Crohn's disease	ukb-a-552	Neale UKB, Crohn (ICD K50)		rs34843303	0.9999342251518823	-6.577701137779422e-05	0.0002189124329497024	0.7638173084131097	0.9552862941857003	0.763816
CTSH	Hypertension	ieu-b-5144	Tang UKB, hypertension		rs34843303	1.0005134971277405	0.0005133653332059661	0.0017095123946207667	0.7639488859738996	0.9552862941857003	0.760001
CA8	Venous thromboembolism	ukb-d-I9_VTE	Neale UKB, VTE		rs7824045	1.0004398020745129	0.00043970538992748004	0.0014663511968687245	0.7642811789295689	0.9552862941857003	0.764283
NRN1	Glaucoma	ukb-d-H40	Neale UKB, glaucoma (ICD H40)		rs6906850	0.9997965176611419	-0.00020350304419812282	0.0006803943635712057	0.7648670094430245	0.9552862941857003	0.764867
SPINK8	Osteoporosis	ukb-b-12141	UKB, osteoporosis (self-report)	self-report	rs11713476	0.9996213132167858	-0.00037875850316092474	0.0012664674942254534	0.7648890036720526	0.9552862941857003	0.760001
SCPEP1	Coeliac disease	ukb-b-8631	UKB, coeliac (self-report)	self-report	rs8072896	1.000270694966973	0.0002706583357008673	0.0009089468964301773	0.7658776898718549	0.9552862941857003	0.77
EDN1	Venous thromboembolism	ukb-d-I9_VTE	Neale UKB, VTE		rs557768	1.0006568562884366	0.0006566406527674249	0.0022113482937802637	0.7665113191637358	0.9552862941857003	0.76651
PRKCQ	Atrial fibrillation	ukb-b-964	UKB, AF/flutter (ICD I48)		rs2255088	1.0004778978667266	0.0004777837099097487	0.001609289868592406	0.7665497125540568	0.9552862941857003	0.77
PILRB	Atrial fibrillation	ukb-b-964	UKB, AF/flutter (ICD I48)		rs6955367	1.000088525455414	8.852153726715184e-05	0.00029982309996884164	0.7678060502689765	0.9552862941857003	0.77
HAVCR1	Venous thromboembolism	ukb-d-I9_VTE	Neale UKB, VTE		rs1501909	1.0008393639352677	0.0008390118663554521	0.0028445261557218456	0.7680270060392769	0.9552862941857003	0.768026
TEX101	Multiple sclerosis	ukb-b-17670	UKB, MS (self-report)	self-report	rs36081957	1.0001671619409178	0.0001671479709173587	0.0005667129493485934	0.7680374856908287	0.9552862941857003	0.77
PHOSPHO1	Rheumatoid arthritis	ukb-d-M13_RHEUMA	Neale UKB, RA (ICD M13)		rs11650975	0.9997112711107049	-0.0002887705795058463	0.0009901312028943643	0.770555157836492	0.9565032645172584	0.770556
FES	Type 2 diabetes	ukb-b-13806	UKB, T2D (self-report)	self-report	rs8027450	0.99987460057706	-0.0001254072861050275	0.0004324903213851811	0.7718426067943416	0.9565032645172584	0.77
GSTM4	Osteoporosis	ukb-b-12141	UKB, osteoporosis (self-report)	self-report	rs11101980	0.9998848857612075	-0.00011512086494501345	0.00039846116975290365	0.7726474692811749	0.9565032645172584	0.77
MAPRE3	Coronary heart disease	ukb-d-I9_CHD	Neale UKB, major CHD event		rs6745807	0.9992830067946239	-0.000717250367934254	0.0025025018970226804	0.7744084170466214	0.9565032645172584	0.774408
ANXA11	Atrial fibrillation	ukb-b-964	UKB, AF/flutter (ICD I48)		rs11591611	1.000227506276852	0.00022748040122337937	0.0007956325739442783	0.7749460031870983	0.9565032645172584	0.77
KRT18	Multiple sclerosis	ukb-b-17670	UKB, MS (self-report)	self-report	rs902771	0.9996278578306697	-0.0003722114314115728	0.0013066768333865801	0.7757564045134377	0.9565032645172584	0.780001
NOMO1	Venous thromboembolism	ukb-d-I9_VTE	Neale UKB, VTE		rs7405130	0.9997817007000919	-0.00021832313066848697	0.0007706161271488663	0.776939335946546	0.9565032645172584	0.776939
TSPAN15	Crohn's disease	ukb-a-552	Neale UKB, Crohn (ICD K50)		rs17569412	1.0001539553594712	0.0001539435095611363	0.0005462083734063164	0.7780659993224326	0.9565032645172584	0.778067
KIAA0319	Venous thromboembolism	ukb-d-I9_VTE	Neale UKB, VTE		rs6935076	1.0002419769795856	0.00024194770787832524	0.0008610961208111716	0.7787284833952242	0.9565032645172584	0.778728
NUMB	Heart failure	ukb-d-I9_HEARTFAIL	Neale UKB, heart failure		rs61985842	1.0003056374290267	0.00030559073142234056	0.0010905825763342653	0.779317388457051	0.9565032645172584	0.779319
PHOSPHO1	Atrial fibrillation	ukb-b-964	UKB, AF/flutter (ICD I48)		rs11650975	1.00040392361716	0.0004038420619763164	0.0014452742550746748	0.7799206503205256	0.9565032645172584	0.780001
NOMO1	Heart failure	ukb-d-I9_HEARTFAIL	Neale UKB, heart failure		rs7405130	0.999880888146273	-0.00011911894810722253	0.0004265671429338799	0.7800528425746429	0.9565032645172584	0.780053
CRIM1	Atrial fibrillation	ukb-b-964	UKB, AF/flutter (ICD I48)		rs10172196	0.999573382413173	-0.00042670861399989496	0.0015282763665939124	0.7800843880007788	0.9565032645172584	0.780001
PSRC1	Rheumatoid arthritis	ukb-d-M13_RHEUMA	Neale UKB, RA (ICD M13)		rs7528419	1.000107954393016	0.000107948566359863	0.0003873056425246952	0.7804622141597544	0.9565032645172584	0.780462
HNMT	Type 2 diabetes	ukb-b-13806	UKB, T2D (self-report)	self-report	rs1522907	0.9998083523739335	-0.00019166599281943974	0.0006904808684800274	0.781332214548129	0.9565032645172584	0.780001
VAT1	Rheumatoid arthritis	ukb-d-M13_RHEUMA	Neale UKB, RA (ICD M13)		rs4520874	0.9998466285548564	-0.00015338320774644254	0.0005554777565755333	0.7824494156670796	0.9565032645172584	0.782451
MYL6B	Coronary heart disease	ukb-d-I9_CHD	Neale UKB, major CHD event		rs11171747	0.99926630529032	-0.0007339639953672225	0.0026582523608791888	0.782465332290925	0.9565032645172584	0.782465
KRT18	Coeliac disease	ukb-b-8631	UKB, coeliac (self-report)	self-report	rs902771	1.0003916146610268	0.00039153800001909614	0.0014194443540144525	0.7826717877833467	0.9565032645172584	0.780001
IL6ST	Crohn's disease	ukb-a-552	Neale UKB, Crohn (ICD K50)		rs7731626	0.9997253022838282	-0.0002747354525003211	0.0010003975340878084	0.783603374466135	0.9565032645172584	0.783605
PDLIM7	Glaucoma	ukb-d-H40	Neale UKB, glaucoma (ICD H40)		rs2731664	1.0003852680420176	0.00038519384534198303	0.0014093320067454164	0.7846098489206679	0.9565032645172584	0.78461
SERPING1	Psoriasis	ukb-b-10537	UKB, psoriasis (self-report)	self-report	rs28362951	1.000232142737761	0.00023211579680495703	0.0008501658290016055	0.7848346569958002	0.9565032645172584	0.780001
PHOSPHO1	Multiple sclerosis	ukb-b-17670	UKB, MS (self-report)	self-report	rs11650975	0.9997842503725098	-0.00021577290478912267	0.0007910057791470154	0.7850200521582678	0.9565032645172584	0.79
SWAP70	Psoriasis	ukb-b-10537	UKB, psoriasis (self-report)	self-report	rs360155	0.9997951819638582	-0.00020483901422023066	0.00075370423243131	0.7857939614153102	0.9565032645172584	0.79
PLAUR	Heart failure	ukb-d-I9_HEARTFAIL	Neale UKB, heart failure		rs4760	0.9995649081347191	-0.0004351865452105361	0.0016066471888216672	0.7864938814851115	0.9565032645172584	0.786493
NOMO1	Osteoporosis	ukb-b-12141	UKB, osteoporosis (self-report)	self-report	rs7405130	0.9997931021144186	-0.0002069192919015726	0.0007650302370378625	0.7867971213882998	0.9565032645172584	0.79
LDLR	Heart failure	ukb-d-I9_HEARTFAIL	Neale UKB, heart failure		rs8110515	0.9993554640118291	-0.0006447437907865789	0.002384951010126752	0.7868999417366147	0.9565032645172584	0.786901
LIF	Ankylosing spondylitis	ukb-b-18194	UKB, AS (self-report)	self-report	rs3747150	1.0008196508533977	0.0008193151230788175	0.00303605556276945	0.7872666513524342	0.9565032645172584	0.79
LIF	Type 2 diabetes	ukb-b-13806	UKB, T2D (self-report)	self-report	rs3747150	0.9987632254308062	-0.0012375400060415955	0.004588521015939981	0.7873883964930661	0.9565032645172584	0.79
MYL6B	Rheumatoid arthritis	ukb-d-M13_RHEUMA	Neale UKB, RA (ICD M13)		rs11171747	1.0002888269342893	0.000288785231819963	0.0010798306913009448	0.7891337475363416	0.9565032645172584	0.789134
CTSH	Atrial fibrillation	ukb-b-964	UKB, AF/flutter (ICD I48)		rs34843303	0.9998827197196178	-0.0001172871582519734	0.00043983897482675	0.7897314844188679	0.9565032645172584	0.79
GSTM4	Type 2 diabetes	ukb-b-13806	UKB, T2D (self-report)	self-report	rs11101980	0.9999333231363049	-6.667908669595859e-05	0.00025223464834215166	0.7915076165742221	0.9565032645172584	0.79
LTBP3	Venous thromboembolism	ukb-d-I9_VTE	Neale UKB, VTE		rs12789028	1.00017359112081	0.00017357605561484226	0.0006566940624910893	0.7915348979162122	0.9565032645172584	0.791535
MAPRE3	Coeliac disease	ukb-b-8631	UKB, coeliac (self-report)	self-report	rs6745807	0.9997691040121963	-0.00023092264838622174	0.0008822239834782204	0.7935137344746663	0.9565032645172584	0.79
ANXA11	Multiple sclerosis	ukb-b-17670	UKB, MS (self-report)	self-report	rs11591611	0.9998861252417324	-0.00011388124249021614	0.00043546153719376256	0.7936926946302392	0.9565032645172584	0.79
IL1RL1	Multiple sclerosis	ukb-b-17670	UKB, MS (self-report)	self-report	rs2058660	0.9998512388461241	-0.00014877221991373344	0.0005704080341209632	0.7942334883875495	0.9565032645172584	0.79
TNFSF8	Ankylosing spondylitis	ukb-b-18194	UKB, AS (self-report)	self-report	rs10817679	1.00009803372836	9.80289233680539e-05	0.00037989554574807384	0.7963746619228178	0.9565032645172584	0.8
PLAUR	Osteoporosis	ukb-b-12141	UKB, osteoporosis (self-report)	self-report	rs4760	0.9992547359663905	-0.000745541880904386	0.0028906107433487667	0.7964698351776112	0.9565032645172584	0.8
CDKN1A	Venous thromboembolism	ukb-d-I9_VTE	Neale UKB, VTE		rs12199346	1.0003534529434777	0.0003533904937008866	0.0013721787028237685	0.7967621711313018	0.9565032645172584	0.796763
PILRB	Rheumatoid arthritis	ukb-d-M13_RHEUMA	Neale UKB, RA (ICD M13)		rs6955367	0.9999470911262843	-5.2910273439534795e-05	0.00020555977470890753	0.7968730541240974	0.9565032645172584	0.796874
CD2	Osteoporosis	ukb-b-12141	UKB, osteoporosis (self-report)	self-report	rs798034	0.9986250120058605	-0.0013759341575397916	0.005355656576739932	0.7972464595550455	0.9565032645172584	0.8
AAMDC	Rheumatoid arthritis	ukb-d-M13_RHEUMA	Neale UKB, RA (ICD M13)		rs12419883	0.9998640990564155	-0.00013591017895445118	0.0005290897889406065	0.797274920931675	0.9565032645172584	0.797275
TPPP3	Crohn's disease	ukb-a-552	Neale UKB, Crohn (ICD K50)		rs149025632	0.9997811982423959	-0.00021882569820088634	0.0008547071138277031	0.7979321572127851	0.9565032645172584	0.797933
TEX101	Glaucoma	ukb-d-H40	Neale UKB, glaucoma (ICD H40)		rs36081957	0.9998107045290514	-0.0001893133895975635	0.0007409925215163371	0.7983475736963896	0.9565032645172584	0.798347
RAB44	Crohn's disease	ukb-a-552	Neale UKB, Crohn (ICD K50)		rs12526889	0.999941813579375	-5.818811352043905e-05	0.00022799291700521105	0.7985539934682919	0.9565032645172584	0.798555
EDN1	Coeliac disease	ukb-b-8631	UKB, coeliac (self-report)	self-report	rs557768	1.000288891728034	0.0002888500068536717	0.0011324497494866466	0.7986717289449816	0.9565032645172584	0.8
SLC16A1	Crohn's disease	ukb-a-552	Neale UKB, Crohn (ICD K50)		rs7169	1.0002324784908403	0.00023245147190332582	0.0009120057044365535	0.7988162429711136	0.9565032645172584	0.798816
SPRY2	Coeliac disease	ukb-b-8631	UKB, coeliac (self-report)	self-report	rs7995973	0.9997253917191643	-0.0002746459925938247	0.0010791045145808287	0.7990993585832549	0.9565032645172584	0.8
SEZ6	Heart failure	ukb-d-I9_HEARTFAIL	Neale UKB, heart failure		rs4795461	1.0011610578462145	0.0011603843398228799	0.004588776063436766	0.8003652142358726	0.9565032645172584	0.800365
ADAMTSL4	Rheumatoid arthritis	ukb-d-M13_RHEUMA	Neale UKB, RA (ICD M13)		rs72700822	1.0001356844859586	0.00013567528165118353	0.0005392666066687323	0.8013562743367351	0.9565032645172584	0.801357
ADM	Coronary heart disease	ukb-d-I9_CHD	Neale UKB, major CHD event		rs7107290	1.0002877301699296	0.00028768878354272097	0.0011483082766569272	0.8021754127614784	0.9565032645172584	0.802175
GSTM4	Hypertension	ieu-b-5144	Tang UKB, hypertension		rs11101980	0.999663416921748	-0.00033663973504975686	0.0013465781678810012	0.8025901092369434	0.9565032645172584	0.8
NRN1	Coeliac disease	ukb-b-8631	UKB, coeliac (self-report)	self-report	rs6906850	0.9998599225981945	-0.0001400872135611313	0.0005620089155480009	0.8031584712233371	0.9565032645172584	0.8
HIP1R	Heart failure	ukb-d-I9_HEARTFAIL	Neale UKB, heart failure		rs4426165	0.9995125300442587	-0.00048758880784636793	0.001966405073311695	0.8041657469790155	0.9565032645172584	0.804166
AAMDC	Venous thromboembolism	ukb-d-I9_VTE	Neale UKB, VTE		rs12419883	0.9997785981795327	-0.00022142633346852107	0.0008935021090636779	0.8042748568128828	0.9565032645172584	0.804276
SCARB1	Rheumatoid arthritis	ukb-d-M13_RHEUMA	Neale UKB, RA (ICD M13)		rs7954697	0.9998769729941255	-0.00012303457431731032	0.0004971691025999651	0.8045442936516383	0.9565032645172584	0.804544
IL1RL1	Atrial fibrillation	ukb-b-964	UKB, AF/flutter (ICD I48)		rs2058660	1.00025784328373	0.00025781004786335366	0.0010421216667663954	0.8046067328098665	0.9565032645172584	0.8
LPL	Psoriasis	ukb-b-10537	UKB, psoriasis (self-report)	self-report	rs80026582	0.9998977044544359	-0.0001023007781102606	0.0004161413576397814	0.8058124411086702	0.9571805239688624	0.81
VAT1	Coronary heart disease	ukb-d-I9_CHD	Neale UKB, major CHD event		rs4520874	1.0003341730095812	0.00033411718621702833	0.001367434970236033	0.8069685681029519	0.9575502646996398	0.806969
RAB44	Osteoporosis	ukb-b-12141	UKB, osteoporosis (self-report)	self-report	rs12526889	0.9998715199723275	-0.0001284882819382862	0.0005270525653737597	0.8073962032583673	0.9575502646996398	0.81
SWAP70	Glaucoma	ukb-d-H40	Neale UKB, glaucoma (ICD H40)		rs360155	1.0001342865496987	0.0001342775340670751	0.0005577356753291366	0.8097451732033003	0.959027043777344	0.809745
SLC12A2	Coronary heart disease	ukb-d-I9_CHD	Neale UKB, major CHD event		rs17764730	1.0005020068617119	0.0005018808984217507	0.0020865228900313532	0.8099158622199365	0.959027043777344	0.809917
EVI2B	Glaucoma	ukb-d-H40	Neale UKB, glaucoma (ICD H40)		rs9902893	0.9996304258612032	-0.0003696424481495878	0.001547726004621079	0.8112378843798052	0.9596230051343455	0.811238
ERBB2	Hypertension	ieu-b-5144	Tang UKB, hypertension		rs903506	1.0032562829847909	0.0032509927765181014	0.013648064781012664	0.8117246277438828	0.9596230051343455	0.81
ANXA2	Multiple sclerosis	ukb-b-17670	UKB, MS (self-report)	self-report	rs62004990	1.000116924145852	0.0001169173107569038	0.000493770161430923	0.8128236783797731	0.9596230051343455	0.81
TEX101	Crohn's disease	ukb-a-552	Neale UKB, Crohn (ICD K50)		rs36081957	0.9998787409297674	-0.00012126642270808848	0.0005131074275861942	0.813170947397382	0.9596230051343455	0.813171
GSTM4	Glaucoma	ukb-d-H40	Neale UKB, glaucoma (ICD H40)		rs11101980	1.0000585649448994	5.8563230040063395e-05	0.0002490679970263127	0.8141082338743952	0.9596230051343455	0.814108
SEZ6	Coronary heart disease	ukb-d-I9_CHD	Neale UKB, major CHD event		rs4795461	1.0028432769031497	0.002839242436969345	0.01208427898530739	0.8142449020309364	0.9596230051343455	0.814245
SCARB1	Crohn's disease	ukb-a-552	Neale UKB, Crohn (ICD K50)		rs7954697	1.000083986435566	8.398290890276445e-05	0.0003600226665262669	0.8155508435689567	0.9602555933826467	0.815552
CD79B	Type 2 diabetes	ukb-b-13806	UKB, T2D (self-report)	self-report	rs12603821	1.0003635427960622	0.000363476730391233	0.0015625451006590358	0.816057743479339	0.9602555933826467	0.82
BMP6	Venous thromboembolism	ukb-d-I9_VTE	Neale UKB, VTE		rs9406052	0.9994900075696633	-0.0005101225207080896	0.002208173083860356	0.8173026507955292	0.9609691323806808	0.817303
TNFRSF1A	Osteoporosis	ukb-b-12141	UKB, osteoporosis (self-report)	self-report	rs1800692	0.9997583190460748	-0.00024171016347326307	0.0010526686720856702	0.8183897345712037	0.961190539530632	0.82
TNFSF8	Crohn's disease	ukb-a-552	Neale UKB, Crohn (ICD K50)		rs10817679	0.9999117656103553	-8.823828252744856e-05	0.00039126416650395044	0.8215739975656358	0.961190539530632	0.821574
TSPAN15	Rheumatoid arthritis	ukb-d-M13_RHEUMA	Neale UKB, RA (ICD M13)		rs17569412	0.9998303396167103	-0.00016967477724058892	0.0007540092778547845	0.8219558644454001	0.961190539530632	0.821956
LILRB2	Coronary heart disease	ukb-d-I9_CHD	Neale UKB, major CHD event		rs12984962	0.9995670573496491	-0.00043303639707906644	0.0019254016252894391	0.8220515857103114	0.961190539530632	0.822052
SEZ6	Rheumatoid arthritis	ukb-d-M13_RHEUMA	Neale UKB, RA (ICD M13)		rs4795461	1.001104137826588	0.0011035287147390302	0.004908853851462188	0.8221319548905361	0.961190539530632	0.822132
C2	Glaucoma	ukb-d-H40	Neale UKB, glaucoma (ICD H40)		rs488755	0.9997606002744298	-0.00023942838625877442	0.0010699305493554734	0.8229289818213992	0.961190539530632	0.822929
MERTK	Osteoporosis	ukb-b-12141	UKB, osteoporosis (self-report)	self-report	rs55812028	0.9998623555886684	-0.0001376538851928743	0.000615779863463044	0.8231121532254893	0.961190539530632	0.82
SERPING1	Coeliac disease	ukb-b-8631	UKB, coeliac (self-report)	self-report	rs28362951	1.0001165934692524	0.00011658667276212407	0.0005219347967294237	0.8232444239924834	0.961190539530632	0.82
PF4	Rheumatoid arthritis	ukb-d-M13_RHEUMA	Neale UKB, RA (ICD M13)		rs11574452	1.0005136728080792	0.0005135409233641507	0.002299648003081217	0.823292035787043	0.961190539530632	0.823292
CASP3	Rheumatoid arthritis	ukb-d-M13_RHEUMA	Neale UKB, RA (ICD M13)		rs72689261	1.0001150851807474	0.00011507855895598295	0.0005183605302807253	0.824310096995678	0.961190539530632	0.82431
F12	Glaucoma	ukb-d-H40	Neale UKB, glaucoma (ICD H40)		rs2731673	0.9995896110419021	-0.00041047319069252027	0.001853794667348344	0.8247629115349528	0.961190539530632	0.824763
SLC12A2	Venous thromboembolism	ukb-d-I9_VTE	Neale UKB, VTE		rs17764730	0.9996838332856869	-0.00031621670554600413	0.0014313647137997707	0.825154934932609	0.961190539530632	0.825155
JMJD1C	Multiple sclerosis	ukb-b-17670	UKB, MS (self-report)	self-report	rs9919429	0.9994729375998551	-0.0005272013463560577	0.0023965090779619054	0.8258811154851962	0.9612924043350505	0.83
CDKN1A	Heart failure	ukb-d-I9_HEARTFAIL	Neale UKB, heart failure		rs12199346	1.0001635648951155	0.0001635515198363902	0.0007595556361128603	0.8295137317297183	0.9647355154763888	0.829514
LIF	Heart failure	ukb-d-I9_HEARTFAIL	Neale UKB, heart failure		rs3747150	0.9991335592801759	-0.0008668162965436237	0.004040234172082057	0.8301212575029393	0.9647355154763888	0.830122
PSRC1	Coeliac disease	ukb-b-8631	UKB, coeliac (self-report)	self-report	rs7528419	0.9999287893949931	-7.121314060239488e-05	0.0003362224361162415	0.8322602175404863	0.9653915754472309	0.83
TEX101	Hypertension	ieu-b-5144	Tang UKB, hypertension		rs36081957	0.9991494771105817	-0.0008508847892283317	0.004024908121800632	0.8325714323241433	0.9653915754472309	0.83
ANXA11	Coronary heart disease	ukb-d-I9_CHD	Neale UKB, major CHD event		rs11591611	0.999716940449463	-0.0002830996194530392	0.0013394497598627024	0.8326101428109671	0.9653915754472309	0.83261
LIF	Atrial fibrillation	ukb-b-964	UKB, AF/flutter (ICD I48)		rs3747150	1.0013101000386775	0.00130924260642149	0.006310920627126118	0.8356532253140483	0.9671742296113734	0.84
PACS2	Osteoporosis	ukb-b-12141	UKB, osteoporosis (self-report)	self-report	rs4555082	1.0008867877157517	0.0008863947518252453	0.004277588818892145	0.8358393636048007	0.9671742296113734	0.84
IL2RA	Atrial fibrillation	ukb-b-964	UKB, AF/flutter (ICD I48)		rs61839660	0.9997501490875863	-0.0002498821303528935	0.0012076506289975038	0.8360755300494331	0.9671742296113734	0.84
PACS2	Glaucoma	ukb-d-H40	Neale UKB, glaucoma (ICD H40)		rs4555082	0.9994549978218551	-0.0005451507458142808	0.002665684198649788	0.8379574198726341	0.9673531978675579	0.837957
TMEM106A	Venous thromboembolism	ukb-d-I9_VTE	Neale UKB, VTE		rs2171462	0.999697798869896	-0.0003022468020671871	0.0014849094734696127	0.838708601429287	0.9673531978675579	0.838709
CDKN1A	Crohn's disease	ukb-a-552	Neale UKB, Crohn (ICD K50)		rs12199346	0.9998800822855769	-0.0001199249051270841	0.0005894197139838401	0.8387734252450121	0.9673531978675579	0.838774
BCL7A	Rheumatoid arthritis	ukb-d-M13_RHEUMA	Neale UKB, RA (ICD M13)		rs10840637	0.9998302006547715	-0.00016981376276939248	0.000834765007813389	0.8388012778851581	0.9673531978675579	0.838802
IL6ST	Venous thromboembolism	ukb-d-I9_VTE	Neale UKB, VTE		rs7731626	0.9995290329651112	-0.0004710779746967579	0.0023307999506681325	0.8398307314383857	0.9677988137938519	0.839831
ANPEP	Crohn's disease	ukb-a-552	Neale UKB, Crohn (ICD K50)		rs11073891	0.999969502663116	-3.0497801937213974e-05	0.00015152442224647525	0.8404849746210052	0.9678116961014636	0.840484
CLEC4A	Multiple sclerosis	ukb-b-17670	UKB, MS (self-report)	self-report	rs6486847	1.0001066659569058	0.00010666026849708742	0.0005323943813091377	0.8412141256790424	0.9679107485833018	0.84
SEZ6	Venous thromboembolism	ukb-d-I9_VTE	Neale UKB, VTE		rs4795461	0.9983539134246071	-0.0016474428644836113	0.008289864515871617	0.8424741357615138	0.9686199956616334	0.842474
PRKCQ	Type 2 diabetes	ukb-b-13806	UKB, T2D (self-report)	self-report	rs2255088	1.0002311668642225	0.00023114014928007174	0.0011701508418198643	0.8434126377760149	0.9689587937808415	0.84
LTBR	Type 2 diabetes	ukb-b-13806	UKB, T2D (self-report)	self-report	rs2364480	1.0001289359850465	0.00012892767351676233	0.0006554717615879324	0.8440666345514583	0.9689704691075094	0.84
NPDC1	Crohn's disease	ukb-a-552	Neale UKB, Crohn (ICD K50)		rs10747042	1.000055456107545	5.5454569911804e-05	0.0002875731358669949	0.8470870908899237	0.9707989347749051	0.847087
IL1RL1	Heart failure	ukb-d-I9_HEARTFAIL	Neale UKB, heart failure		rs2058660	0.9998711278762228	-0.00012888042850282597	0.0006693541097521771	0.8473157419422341	0.9707989347749051	0.847316
KIAA0319	Psoriasis	ukb-b-10537	UKB, psoriasis (self-report)	self-report	rs6935076	1.0001383278211344	0.00013831825472367486	0.0007197009858172002	0.8475945516905152	0.9707989347749051	0.85
EDN1	Glaucoma	ukb-d-H40	Neale UKB, glaucoma (ICD H40)		rs557768	0.9997392655976215	-0.00026076839950241046	0.0013703112932139877	0.8490751055634345	0.9714203253039887	0.849076
GDF15	Multiple sclerosis	ukb-b-17670	UKB, MS (self-report)	self-report	rs4808795	0.9998584952776358	-0.00014151473510197677	0.000745409541976187	0.8494280053820924	0.9714203253039887	0.85
IL4	Heart failure	ukb-d-I9_HEARTFAIL	Neale UKB, heart failure		rs2070874	1.0002933508885514	0.0002933078695923086	0.0015611427367839363	0.8509705343231591	0.9722667675578082	0.850971
VAT1	Coeliac disease	ukb-b-8631	UKB, coeliac (self-report)	self-report	rs4520874	0.9999098545626482	-9.014950069591956e-05	0.0004814247463796864	0.8514601990971369	0.9722667675578082	0.85
EVI2B	Coronary heart disease	ukb-d-I9_CHD	Neale UKB, major CHD event		rs9902893	0.9993243848748959	-0.0006758434558509432	0.003640858889916664	0.8527369032229588	0.9725338991008646	0.852737
HIP1R	Coronary heart disease	ukb-d-I9_CHD	Neale UKB, major CHD event		rs4426165	1.000956996631106	0.0009565390017733244	0.005178415076847465	0.8534513593377899	0.9725338991008646	0.853451
PROCR	Atrial fibrillation	ukb-b-964	UKB, AF/flutter (ICD I48)		rs2378335	1.000321362494269	0.0003213108684027265	0.0017541042389130387	0.8546594462127997	0.9725338991008646	0.85
IL12RB2	Hypertension	ieu-b-5144	Tang UKB, hypertension		rs72678531	1.0003554252023432	0.00035536205376868294	0.001956289862589356	0.8558566047761207	0.9725338991008646	0.86
IL4	Venous thromboembolism	ukb-d-I9_VTE	Neale UKB, VTE		rs2070874	1.000511952869142	0.000511821865981581	0.0028202817949862843	0.8559916300329351	0.9725338991008646	0.855992
KRT18	Ankylosing spondylitis	ukb-b-18194	UKB, AS (self-report)	self-report	rs902771	0.9997918393379616	-0.00020818233047611024	0.0011485787774214835	0.856169691590837	0.9725338991008646	0.86
ADAMTSL4	Glaucoma	ukb-d-H40	Neale UKB, glaucoma (ICD H40)		rs72700822	0.9998987829564564	-0.00010122216633420986	0.0005643299898035296	0.8576495565650561	0.9725338991008646	0.85765
SIGLEC9	Type 2 diabetes	ukb-b-13806	UKB, T2D (self-report)	self-report	rs12983058	0.999867434199356	-0.0001325745882664165	0.0007428972204671449	0.8583647445458407	0.9725338991008646	0.86
SIGLEC7	Type 2 diabetes	ukb-b-13806	UKB, T2D (self-report)	self-report	rs12983058	0.9998628996864252	-0.00013710971268189533	0.000768310320871888	0.8583647445458409	0.9725338991008646	0.86
IFNGR2	Coronary heart disease	ukb-d-I9_CHD	Neale UKB, major CHD event		rs17879003	1.0001702531469143	0.00017023865549200938	0.0009566199118400607	0.8587555586820863	0.9725338991008646	0.858756
IL12RB2	Type 2 diabetes	ukb-b-13806	UKB, T2D (self-report)	self-report	rs72678531	1.0000651973048034	6.519517955157093e-05	0.0003664731637240702	0.8588023600698	0.9725338991008646	0.86
TNFSF8	Heart failure	ukb-d-I9_HEARTFAIL	Neale UKB, heart failure		rs10817679	1.0000890873798924	8.908341184756747e-05	0.0005049855611275202	0.8599735461707203	0.9727068950657248	0.859974
SCARF1	Rheumatoid arthritis	ukb-d-M13_RHEUMA	Neale UKB, RA (ICD M13)		rs150715762	0.9992023605236717	-0.0007979577599570053	0.004566722557260748	0.8612893284588914	0.9727068950657248	0.861289
MYL6B	Venous thromboembolism	ukb-d-I9_VTE	Neale UKB, VTE		rs11171747	1.0003148417470578	0.000314792194795458	0.0018235753239753008	0.8629472754759584	0.9727068950657248	0.862947
LTBP2	Type 2 diabetes	ukb-b-13806	UKB, T2D (self-report)	self-report	rs754458	0.9998013953727237	-0.00019862435178693866	0.0011518934710841031	0.8630971953683764	0.9727068950657248	0.86
CLEC4A	Rheumatoid arthritis	ukb-d-M13_RHEUMA	Neale UKB, RA (ICD M13)		rs6486847	1.000114726955909	0.00011472037527511006	0.0006670862868110021	0.8634592915169592	0.9727068950657248	0.863459
LTBP3	Coronary heart disease	ukb-d-I9_CHD	Neale UKB, major CHD event		rs12789028	0.999835910772198	-0.0001641026919121773	0.0009572734512251263	0.8638878815282109	0.9727068950657248	0.863888
PIK3IP1	Coronary heart disease	ukb-d-I9_CHD	Neale UKB, major CHD event		rs4820963	1.0001472066358736	0.0001471958020400154	0.0008588255719341565	0.8639155726011916	0.9727068950657248	0.863916
ERBB3	Glaucoma	ukb-d-H40	Neale UKB, glaucoma (ICD H40)		rs11171739	0.9998310184966244	-0.00016899578235851737	0.0009938009410490997	0.8649708684628943	0.9727068950657248	0.864971
MAPRE3	Type 2 diabetes	ukb-b-13806	UKB, T2D (self-report)	self-report	rs6745807	1.0001830060200814	0.00018298927652234112	0.0010789935992442355	0.8653305814818884	0.9727068950657248	0.87
NUMB	Type 2 diabetes	ukb-b-13806	UKB, T2D (self-report)	self-report	rs61985842	0.999791885410431	-0.00020813624841529827	0.001241839915622994	0.8668955139753045	0.9727068950657248	0.87
LDLR	Rheumatoid arthritis	ukb-d-M13_RHEUMA	Neale UKB, RA (ICD M13)		rs8110515	1.000426467855367	0.00042637694379750576	0.002551318664486797	0.8672754542390058	0.9727068950657248	0.867276
SERPING1	Type 2 diabetes	ukb-b-13806	UKB, T2D (self-report)	self-report	rs28362951	0.9998933408011638	-0.0001066648873330175	0.0006382753540068912	0.8672801781474218	0.9727068950657248	0.87
PHOSPHO1	Glaucoma	ukb-d-H40	Neale UKB, glaucoma (ICD H40)		rs11650975	1.0001730680984284	0.00017305312387281852	0.0010361452844988503	0.8673572446366795	0.9727068950657248	0.867358
RAB44	Atrial fibrillation	ukb-b-964	UKB, AF/flutter (ICD I48)		rs12526889	0.9999238579133027	-7.614498565305094e-05	0.0004588727072603498	0.8682047710483702	0.9727438305022534	0.87
PF4	Venous thromboembolism	ukb-d-I9_VTE	Neale UKB, VTE		rs11574452	0.9993581328974267	-0.0006420731874527731	0.0038835441582771102	0.8686828625880589	0.9727438305022534	0.868683
LTBP2	Ankylosing spondylitis	ukb-b-18194	UKB, AS (self-report)	self-report	rs754458	0.9998752322727998	-0.00012477551134050294	0.0007621694208814081	0.8699586645818633	0.9734481711492224	0.87
RAPGEF2	Type 2 diabetes	ukb-b-13806	UKB, T2D (self-report)	self-report	rs11100203	0.9999323740616983	-6.762822503851194e-05	0.0004182758754754005	0.8715552539411551	0.9738602261090574	0.87
VAT1	Venous thromboembolism	ukb-d-I9_VTE	Neale UKB, VTE		rs4520874	0.9998484206410337	-0.000151590848278335	0.0009380638172814793	0.8716210794477743	0.9738602261090574	0.871621
SIGLEC7	Venous thromboembolism	ukb-d-I9_VTE	Neale UKB, VTE		rs12983058	0.9998066913249868	-0.00019332736154339296	0.001220534624227539	0.8741450500927095	0.9748866601139182	0.874145
SIGLEC9	Venous thromboembolism	ukb-d-I9_VTE	Neale UKB, VTE		rs12983058	0.9998130847229241	-0.00018693274791343301	0.0011801634771658144	0.8741450500927095	0.9748866601139182	0.874145
SLC16A1	Coeliac disease	ukb-b-8631	UKB, coeliac (self-report)	self-report	rs7169	1.0001715606044168	0.0001715458895793242	0.0010915735815863316	0.8751229498069932	0.9748866601139182	0.88
CRISP3	Heart failure	ukb-d-I9_HEARTFAIL	Neale UKB, heart failure		rs78730163	1.0001675789630802	0.00016756492329417843	0.0010663097871278962	0.8751308158231916	0.9748866601139182	0.875131
GDF15	Rheumatoid arthritis	ukb-d-M13_RHEUMA	Neale UKB, RA (ICD M13)		rs4808795	0.9998543844902998	-0.00014562611266780802	0.0009334895754933087	0.8760315529092704	0.9751682597103934	0.876032
CRIM1	Crohn's disease	ukb-a-552	Neale UKB, Crohn (ICD K50)		rs10172196	1.000116234982223	0.0001162282274608943	0.0007599169009907502	0.8784388081095389	0.9765287613008528	0.878439
IL1RN	Glaucoma	ukb-d-H40	Neale UKB, glaucoma (ICD H40)		rs72950883	0.9997341411430121	-0.00026589420371885285	0.0017445551740512867	0.8788606094257101	0.9765287613008528	0.878861
IL1RN	Venous thromboembolism	ukb-d-I9_VTE	Neale UKB, VTE		rs72950883	0.9995741720840309	-0.00042591860642271295	0.0028152834719188365	0.8797485347940124	0.9765287613008528	0.879749
IL2RA	Glaucoma	ukb-d-H40	Neale UKB, glaucoma (ICD H40)		rs61839660	0.9998696411789191	-0.0001303673185304807	0.0008624434640863957	0.8798491696504693	0.9765287613008528	0.87985
PILRB	Type 2 diabetes	ukb-b-13806	UKB, T2D (self-report)	self-report	rs6955367	0.999967245509482	-3.275502695801902e-05	0.00021800238964337666	0.8805667716298486	0.9766050046447474	0.88
BMP6	Multiple sclerosis	ukb-b-17670	UKB, MS (self-report)	self-report	rs9406052	1.0001535825869523	0.00015357079435426968	0.0010439118870189637	0.8830445038193191	0.9780964477250904	0.88
JMJD1C	Glaucoma	ukb-d-H40	Neale UKB, glaucoma (ICD H40)		rs9919429	0.9995394839986872	-0.0004606220713723918	0.003141457507336043	0.8834265462681754	0.9780964477250904	0.883427
BMP6	Crohn's disease	ukb-a-552	Neale UKB, Crohn (ICD K50)		rs9406052	0.9998622102389986	-0.00013779925488267343	0.0009474781983312341	0.8843651300401447	0.9780964477250904	0.884365
HIP1R	Glaucoma	ukb-d-H40	Neale UKB, glaucoma (ICD H40)		rs4426165	0.9996817262996422	-0.0003183243601813354	0.0022013340900752403	0.8850225900159969	0.9780964477250904	0.885023
SLC12A2	Osteoporosis	ukb-b-12141	UKB, osteoporosis (self-report)	self-report	rs17764730	1.000204658479792	0.00020463754010218997	0.0014214327078699884	0.8855275630244257	0.9780964477250904	0.89
SORT1	Crohn's disease	ukb-a-552	Neale UKB, Crohn (ICD K50)		rs657420	0.9998013188024464	-0.0001987009372773889	0.0013907844827834976	0.8863931028788716	0.9780964477250904	0.886393
SLC16A1	Glaucoma	ukb-d-H40	Neale UKB, glaucoma (ICD H40)		rs7169	1.000188106931327	0.00018808924143651987	0.0013172998473760609	0.8864608336857298	0.9780964477250904	0.886461
F12	Crohn's disease	ukb-a-552	Neale UKB, Crohn (ICD K50)		rs2731673	0.9998234227959827	-0.00017659279560725233	0.0012835568395659384	0.890571719029357	0.981154626653906	0.890572
IL1RN	Rheumatoid arthritis	ukb-d-M13_RHEUMA	Neale UKB, RA (ICD M13)		rs72950883	1.0002278972671488	0.0002278713025113376	0.0016670775058698654	0.8912765557448652	0.981154626653906	0.891276
CLEC4A	Hypertension	ieu-b-5144	Tang UKB, hypertension		rs6486847	1.000515830302479	0.0005156973077616805	0.0037785269081949974	0.8914410068133221	0.981154626653906	0.89
SLC16A1	Heart failure	ukb-d-I9_HEARTFAIL	Neale UKB, heart failure		rs7169	0.9998400077062172	-0.00016000509391521727	0.0011767153142066052	0.8918402187790986	0.981154626653906	0.89184
ERBB3	Type 2 diabetes	ukb-b-13806	UKB, T2D (self-report)	self-report	rs11171739	1.0001357333377612	0.00013572412682511022	0.001007586940485532	0.8928473735215292	0.9815451403578536	0.89
CD79B	Crohn's disease	ukb-a-552	Neale UKB, Crohn (ICD K50)		rs12603821	1.0001411525807833	0.00014114261969516234	0.0010678708930446394	0.8948482564312796	0.9822131141281574	0.894849
SNX2	Crohn's disease	ukb-a-552	Neale UKB, Crohn (ICD K50)		rs4836231	1.0001612147375247	0.00016120174382550323	0.0012239646352458387	0.8952179656027544	0.9822131141281574	0.895217
CD2	Venous thromboembolism	ukb-d-I9_VTE	Neale UKB, VTE		rs798034	1.0007123528644963	0.000712099261623908	0.0054433644179899	0.8959179441762828	0.9822131141281574	0.895918
ANXA2	Coronary heart disease	ukb-d-I9_CHD	Neale UKB, major CHD event		rs62004990	0.9998023758906865	-0.00019764363953089003	0.00152437607528351	0.8968390444477843	0.9822131141281574	0.896839
CTLA4	Glaucoma	ukb-d-H40	Neale UKB, glaucoma (ICD H40)		rs13030124	1.000142817093871	0.0001428068964808242	0.0011046546206111968	0.8971381397700622	0.9822131141281574	0.897138
PM20D1	Psoriasis	ukb-b-10537	UKB, psoriasis (self-report)	self-report	rs823080	0.9999155556574579	-8.444790816629783e-05	0.0006580138120557351	0.8978818169237313	0.9822131141281574	0.9
NGFR	Crohn's disease	ukb-a-552	Neale UKB, Crohn (ICD K50)		rs2671661	0.9997661841420725	-0.000233843197116859	0.0018246383509405253	0.8980234186314582	0.9822131141281574	0.898024
GDF15	Psoriasis	ukb-b-10537	UKB, psoriasis (self-report)	self-report	rs4808795	1.0001671193750257	0.00016710541213849607	0.0013189786920115177	0.8991833595521812	0.9826637652851352	0.9
HNMT	Glaucoma	ukb-d-H40	Neale UKB, glaucoma (ICD H40)		rs1522907	0.9999138363952432	-8.616731705339941e-05	0.0006839319401655326	0.8997413080152268	0.9826637652851352	0.899741
IFNGR2	Crohn's disease	ukb-a-552	Neale UKB, Crohn (ICD K50)		rs17879003	1.000033784808151	3.378423745721311e-05	0.000282035341330517	0.9046516835972915	0.9847158243685254	0.904651
TSPAN15	Psoriasis	ukb-b-10537	UKB, psoriasis (self-report)	self-report	rs17569412	1.0001277009875131	0.00012769283443613526	0.0010674929584905428	0.9047846754073721	0.9847158243685254	0.9
LDLR	Osteoporosis	ukb-b-12141	UKB, osteoporosis (self-report)	self-report	rs8110515	0.999492402686393	-0.0005077261847349357	0.004265435224514942	0.9052494651968863	0.9847158243685254	0.91
HAVCR1	Glaucoma	ukb-d-H40	Neale UKB, glaucoma (ICD H40)		rs1501909	1.0002097783273052	0.00020975632690858727	0.0017626789750925648	0.9052764664568971	0.9847158243685254	0.905277
ERBB3	Crohn's disease	ukb-a-552	Neale UKB, Crohn (ICD K50)		rs11171739	0.9999183838383925	-8.161949238767723e-05	0.0006880970050296083	0.9055793836825494	0.9847158243685254	0.905579
ANXA11	Type 2 diabetes	ukb-b-13806	UKB, T2D (self-report)	self-report	rs11591611	0.9999331907841957	-6.681144763929521e-05	0.0005785213069886858	0.9080594563128741	0.9847158243685254	0.91
MPO	Type 2 diabetes	ukb-b-13806	UKB, T2D (self-report)	self-report	rs12940119	1.0000656754340083	6.567327747131031e-05	0.0005707916638619898	0.9084003577114208	0.9847158243685254	0.91
PINLYP	Type 2 diabetes	ukb-b-13806	UKB, T2D (self-report)	self-report	rs915927	1.0001242518910212	0.0001242441723942622	0.0010930193624676336	0.9094989151302073	0.9847158243685254	0.91
IL12RB2	Osteoporosis	ukb-b-12141	UKB, osteoporosis (self-report)	self-report	rs72678531	1.0000653593011624	6.535716533637132e-05	0.0005789237507122773	0.9101143913357936	0.9847158243685254	0.91
MYL4	Venous thromboembolism	ukb-d-I9_VTE	Neale UKB, VTE		rs11570546	0.9992818945701342	-0.0007183633910729418	0.0063957375464376845	0.9105704096689768	0.9847158243685254	0.910571
ACE	Venous thromboembolism	ukb-d-I9_VTE	Neale UKB, VTE		rs4277405	0.9995933184532781	-0.000406764264089266	0.0036346760724757124	0.91089309548263	0.9847158243685254	0.910893
PHOSPHO1	Psoriasis	ukb-b-10537	UKB, psoriasis (self-report)	self-report	rs11650975	0.9998461592207618	-0.00015385261394465808	0.00139966627562603	0.9124720860838069	0.9847158243685254	0.91
LTBP3	Coeliac disease	ukb-b-8631	UKB, coeliac (self-report)	self-report	rs12789028	1.0000368648165185	3.6864137027905764e-05	0.00033805660587125566	0.9131650281953976	0.9847158243685254	0.91
PDLIM7	Rheumatoid arthritis	ukb-d-M13_RHEUMA	Neale UKB, RA (ICD M13)		rs2731664	1.0001457332431374	0.0001457226250797856	0.0013467447683678084	0.9138341935424781	0.9847158243685254	0.913834
PDLIM7	Ankylosing spondylitis	ukb-b-18194	UKB, AS (self-report)	self-report	rs2731664	0.9998982207970083	-0.0001017843828462288	0.000944633207574907	0.9141938761596178	0.9847158243685254	0.91
CASP3	Atrial fibrillation	ukb-b-964	UKB, AF/flutter (ICD I48)		rs72689261	1.0000807994335132	8.079616941492148e-05	0.0007530482028709751	0.9145572028482827	0.9847158243685254	0.91
SCARB1	Ankylosing spondylitis	ukb-b-18194	UKB, AS (self-report)	self-report	rs7954697	0.9999626403323927	-3.736036549702879e-05	0.00034885559026142006	0.9147143504444646	0.9847158243685254	0.91
PIK3IP1	Glaucoma	ukb-d-H40	Neale UKB, glaucoma (ICD H40)		rs4820963	0.9999611194723689	-3.888128349846818e-05	0.00036508473637278426	0.9151861789688396	0.9847158243685254	0.915187
CRISP3	Crohn's disease	ukb-a-552	Neale UKB, Crohn (ICD K50)		rs78730163	1.0000872675418555	8.726373426512165e-05	0.0008258862452912852	0.9158515477417637	0.9847158243685254	0.915851
RELB	Venous thromboembolism	ukb-d-I9_VTE	Neale UKB, VTE		rs8111826	1.0005612047697579	0.000561047353253574	0.005341442154805399	0.9163467028272416	0.9847158243685254	0.916347
CD79B	Ankylosing spondylitis	ukb-b-18194	UKB, AS (self-report)	self-report	rs12603821	1.0001082776696362	0.0001082718080323245	0.0010338624992349767	0.916593595778521	0.9847158243685254	0.92
NRN1	Venous thromboembolism	ukb-d-I9_VTE	Neale UKB, VTE		rs6906850	1.0001115079933338	0.00011150177677959922	0.001097989112048455	0.9191131581504537	0.9847158243685254	0.919113
IL2RA	Hypertension	ieu-b-5144	Tang UKB, hypertension		rs61839660	0.9995243850513512	-0.0004757280893141319	0.004692061350537001	0.9192408762747253	0.9847158243685254	0.92
CTSH	Glaucoma	ukb-d-H40	Neale UKB, glaucoma (ICD H40)		rs34843303	1.0000317154696554	3.171496673060549e-05	0.000315759800348458	0.9199948831996501	0.9847158243685254	0.919995
IL6ST	Type 2 diabetes	ukb-b-13806	UKB, T2D (self-report)	self-report	rs7731626	0.9998536043246611	-0.0001464063922317835	0.001464209197274522	0.9203522023658324	0.9847158243685254	0.92
CASP3	Venous thromboembolism	ukb-d-I9_VTE	Neale UKB, VTE		rs72689261	1.0000875129960207	8.750916698179951e-05	0.0008753812709818636	0.9203705901408119	0.9847158243685254	0.920371
ADM	Atrial fibrillation	ukb-b-964	UKB, AF/flutter (ICD I48)		rs7107290	1.0000674424886795	6.744021453711568e-05	0.0006811545480966723	0.9211313761650035	0.9847158243685254	0.92
SPINK8	Coeliac disease	ukb-b-8631	UKB, coeliac (self-report)	self-report	rs11713476	0.9999360195158585	-6.398253097993827e-05	0.0006555098722857329	0.9222441491633264	0.9847158243685254	0.92
CTLA4	Coronary heart disease	ukb-d-I9_CHD	Neale UKB, major CHD event		rs13030124	0.9997477679608183	-0.0002522638550325248	0.002598592928975811	0.9226651697436157	0.9847158243685254	0.922665
TEX101	Rheumatoid arthritis	ukb-d-M13_RHEUMA	Neale UKB, RA (ICD M13)		rs36081957	1.0000678054144903	6.780311580710345e-05	0.0007080821063869348	0.9237143573122533	0.9847158243685254	0.923715
ANXA2	Osteoporosis	ukb-b-12141	UKB, osteoporosis (self-report)	self-report	rs62004990	0.9999012922653246	-9.871260660441436e-05	0.001036292530168321	0.9241118543865743	0.9847158243685254	0.92
KRT18	Type 2 diabetes	ukb-b-13806	UKB, T2D (self-report)	self-report	rs902771	0.9998349388710205	-0.0001650747530669355	0.0017359340820322878	0.9242411532628079	0.9847158243685254	0.92
MYL4	Rheumatoid arthritis	ukb-d-M13_RHEUMA	Neale UKB, RA (ICD M13)		rs11570546	1.0003585375656683	0.0003584733064344789	0.003787259874406757	0.9245909127897214	0.9847158243685254	0.924591
TNFSF13	Heart failure	ukb-d-I9_HEARTFAIL	Neale UKB, heart failure		rs11552708	0.9999662951186035	-3.370544941883378e-05	0.00035698735220066313	0.9247784136531176	0.9847158243685254	0.924779
MPO	Psoriasis	ukb-b-10537	UKB, psoriasis (self-report)	self-report	rs12940119	0.9999292813387501	-7.07211619322313e-05	0.0007602572276632157	0.9258855463116771	0.9847158243685254	0.93
IL6ST	Hypertension	ieu-b-5144	Tang UKB, hypertension		rs7731626	1.0007211484199996	0.0007208885174224739	0.007820048371420269	0.9265513239518557	0.9847158243685254	0.93
PM20D1	Coeliac disease	ukb-b-8631	UKB, coeliac (self-report)	self-report	rs823080	0.9999629815132205	-3.7019171980605124e-05	0.00040398904422800597	0.9269887585133787	0.9847158243685254	0.93
NGFR	Coronary heart disease	ukb-d-I9_CHD	Neale UKB, major CHD event		rs2671661	0.9994322013745807	-0.0005679598841033486	0.006199510394513828	0.9270049920048631	0.9847158243685254	0.927005
EPHB4	Heart failure	ukb-d-I9_HEARTFAIL	Neale UKB, heart failure		rs314320	1.0000231763278706	2.317605930378618e-05	0.00025405973536235033	0.9273154996659334	0.9847158243685254	0.927315
CD79B	Heart failure	ukb-d-I9_HEARTFAIL	Neale UKB, heart failure		rs12603821	0.9998751677688178	-0.00012484002337363842	0.0013775735108432171	0.9277920524615078	0.9847158243685254	0.927792
HAVCR2	Coeliac disease	ukb-b-8631	UKB, coeliac (self-report)	self-report	rs6891966	1.0000617498483768	6.174794193341918e-05	0.0006907733899391496	0.9287723057351236	0.9849901675719184	0.93
CA8	Psoriasis	ukb-b-10537	UKB, psoriasis (self-report)	self-report	rs7824045	0.9998913184049978	-0.0001086875012747069	0.0012260193100936932	0.9293594936558964	0.9849901675719184	0.93
NRN1	Osteoporosis	ukb-b-12141	UKB, osteoporosis (self-report)	self-report	rs6906850	0.9999060073544923	-9.399706309324038e-05	0.0010891639879441032	0.9312263248427843	0.9857870395621586	0.93
HNMT	Coronary heart disease	ukb-d-I9_CHD	Neale UKB, major CHD event		rs1522907	1.0001368956492687	0.00013688627991435923	0.0016088810218698297	0.9321964647854275	0.9857870395621586	0.932196
CLINT1	Rheumatoid arthritis	ukb-d-M13_RHEUMA	Neale UKB, RA (ICD M13)		rs11750888	0.9997949017538483	-0.00020511928167318703	0.0024210815438787925	0.9324822703774343	0.9857870395621586	0.932482
CTSH	Osteoporosis	ukb-b-12141	UKB, osteoporosis (self-report)	self-report	rs34843303	0.9999575670639259	-4.243383637660336e-05	0.0005052298188593429	0.9330650373463303	0.9857870395621586	0.93
SLC12A2	Multiple sclerosis	ukb-b-17670	UKB, MS (self-report)	self-report	rs17764730	1.0000566075109287	5.660590878413203e-05	0.0006772919613843448	0.933392896885695	0.9857870395621586	0.93
PLAU	Type 2 diabetes	ukb-b-13806	UKB, T2D (self-report)	self-report	rs2227551	1.0000676334201006	6.763113306392348e-05	0.0008171838870510281	0.9340414075851418	0.9857870395621586	0.93
CD79B	Venous thromboembolism	ukb-d-I9_VTE	Neale UKB, VTE		rs12603821	0.9997999411139001	-0.00020007890054828773	0.002488648711348179	0.9359218291828904	0.986523173597715	0.935922
DPEP2	Multiple sclerosis	ukb-b-17670	UKB, MS (self-report)	self-report	rs12934863	1.0000419849991777	4.198411783237364e-05	0.000523260620316651	0.9360498949485296	0.986523173597715	0.94
MYL6B	Crohn's disease	ukb-a-552	Neale UKB, Crohn (ICD K50)		rs11171747	0.999939372560061	-6.062927785651365e-05	0.000782551677473627	0.9382445739795118	0.9881442154227889	0.938245
TSPAN15	Type 2 diabetes	ukb-b-13806	UKB, T2D (self-report)	self-report	rs17569412	1.0000608912148616	6.088936106691902e-05	0.0008014379862633883	0.9394388785514514	0.9885056883118666	0.94
NUMB	Rheumatoid arthritis	ukb-d-M13_RHEUMA	Neale UKB, RA (ICD M13)		rs61985842	0.9999120671577719	-8.79367085471383e-05	0.0011666609799594765	0.9399165971517178	0.9885056883118666	0.939916
CA8	Heart failure	ukb-d-I9_HEARTFAIL	Neale UKB, heart failure		rs7824045	1.0000604834023152	6.048157326796586e-05	0.0008116875436479277	0.9406019039970286	0.9885056883118666	0.940602
MYL4	Coronary heart disease	ukb-d-I9_CHD	Neale UKB, major CHD event		rs11570546	1.0006773839345475	0.0006771546136032042	0.009323196365357538	0.9420996261174375	0.9885056883118666	0.9421
ARG1	Glaucoma	ukb-d-H40	Neale UKB, glaucoma (ICD H40)		rs2246012	0.9999735982691246	-2.6402079407247493e-05	0.00036700451598443344	0.9426501460242425	0.9885056883118666	0.94265
HIP1R	Rheumatoid arthritis	ukb-d-M13_RHEUMA	Neale UKB, RA (ICD M13)		rs4426165	0.9998499101267674	-0.00015010113784479353	0.0021035677955059903	0.9431148228671915	0.9885056883118666	0.943115
SCARB1	Atrial fibrillation	ukb-b-964	UKB, AF/flutter (ICD I48)		rs7954697	1.0000516777925905	5.167645733946837e-05	0.0007251136117935423	0.9431854939640136	0.9885056883118666	0.94
PRKCQ	Ankylosing spondylitis	ukb-b-18194	UKB, AS (self-report)	self-report	rs2255088	0.9999503094716791	-4.9691762936178354e-05	0.0007742334066903197	0.9488253977647054	0.9929239999631313	0.95
TMEM106A	Coronary heart disease	ukb-d-I9_CHD	Neale UKB, major CHD event		rs2171462	1.0001388042693793	0.00013879463695813608	0.0021645784941558975	0.9488739912713278	0.9929239999631313	0.948874
LPL	Atrial fibrillation	ukb-b-964	UKB, AF/flutter (ICD I48)		rs80026582	0.9999729117831735	-2.7088583718876124e-05	0.0004296945606265655	0.9497334687824392	0.9929239999631313	0.95
NRN1	Heart failure	ukb-d-I9_HEARTFAIL	Neale UKB, heart failure		rs6906850	1.0000376260345059	3.762532666438303e-05	0.0006077797089310529	0.9506375373600018	0.9929239999631313	0.950638
CD14	Atrial fibrillation	ukb-b-964	UKB, AF/flutter (ICD I48)		rs57599368	1.0000520295966047	5.202824311213223e-05	0.0008487518773513976	0.9511205225362009	0.9929239999631313	0.95
MAPT	Rheumatoid arthritis	ukb-d-M13_RHEUMA	Neale UKB, RA (ICD M13)		rs17698176	0.99979693099162	-0.00020308962968277952	0.0033561571690140417	0.9517474204319669	0.9929239999631313	0.951747
TMEM106A	Rheumatoid arthritis	ukb-d-M13_RHEUMA	Neale UKB, RA (ICD M13)		rs2171462	0.9999472449637736	-5.275642782220062e-05	0.0008792914597694106	0.9521565946109012	0.9929239999631313	0.952157
CDKN1A	Type 2 diabetes	ukb-b-13806	UKB, T2D (self-report)	self-report	rs12199346	1.0000510016010964	5.10003005588636e-05	0.0008594215639762883	0.9526792398317352	0.9929239999631313	0.95
PRKCQ	Psoriasis	ukb-b-10537	UKB, psoriasis (self-report)	self-report	rs2255088	1.0000899708229933	8.996677586168428e-05	0.0015586105889731398	0.9539697344674436	0.9929427933541216	0.95
PIK3IP1	Ankylosing spondylitis	ukb-b-18194	UKB, AS (self-report)	self-report	rs4820963	0.999985953408455	-1.404669019933855e-05	0.00024533679707262196	0.9543422874791156	0.9929427933541216	0.95
SCPEP1	Hypertension	ieu-b-5144	Tang UKB, hypertension		rs8072896	0.9996623887093139	-0.00033766829420828854	0.00594119372863012	0.9546765594574178	0.9929427933541216	0.95
LILRB2	Hypertension	ieu-b-5144	Tang UKB, hypertension		rs12984962	1.0002411477033846	0.00024111863195078133	0.004425630700471885	0.9565508935558413	0.9935798451703529	0.96
MAPT	Coeliac disease	ukb-b-8631	UKB, coeliac (self-report)	self-report	rs17698176	0.9998425019901596	-0.00015751041395438282	0.0029228926249173603	0.9570239677487453	0.9935798451703529	0.96
CD79B	Psoriasis	ukb-b-10537	UKB, psoriasis (self-report)	self-report	rs12603821	1.0001112437689066	0.00011123758177742785	0.0020812074535434314	0.9573744997559146	0.9935798451703529	0.96
EDN1	Rheumatoid arthritis	ukb-d-M13_RHEUMA	Neale UKB, RA (ICD M13)		rs557768	0.9999321033349944	-6.789897008850958e-05	0.0013094534757421654	0.9586458980483479	0.9935798451703529	0.958646
PVR	Hypertension	ieu-b-5144	Tang UKB, hypertension		rs79572806	0.9996421808524514	-0.00035788318009498664	0.006970910063915184	0.9590549768103072	0.9935798451703529	0.96
SCPEP1	Crohn's disease	ukb-a-552	Neale UKB, Crohn (ICD K50)		rs8072896	1.000038789375705	3.8788623416645606e-05	0.0007591537816274809	0.9592501761013441	0.9935798451703529	0.95925
PSAP	Crohn's disease	ukb-a-552	Neale UKB, Crohn (ICD K50)		rs4747202	0.9999515217930675	-4.847938203876413e-05	0.0009996357798547385	0.9613201189111305	0.993964116529344	0.96132
ANXA11	Osteoporosis	ukb-b-12141	UKB, osteoporosis (self-report)	self-report	rs11591611	1.00004319794041	4.319700740600907e-05	0.0009139363364038121	0.9623021916157062	0.993964116529344	0.96
PACS2	Type 2 diabetes	ukb-b-13806	UKB, T2D (self-report)	self-report	rs4555082	0.9998735535424303	-0.0001264544525969195	0.002707667388812897	0.9627504507331057	0.993964116529344	0.96
PINLYP	Coeliac disease	ukb-b-8631	UKB, coeliac (self-report)	self-report	rs915927	1.0000416444918134	4.1643624705639494e-05	0.0008938135844594529	0.9628392444438918	0.993964116529344	0.96
CA8	Hypertension	ieu-b-5144	Tang UKB, hypertension		rs7824045	0.9997713801474487	-0.00022864599005351324	0.004918663224203608	0.9629233766775971	0.993964116529344	0.96
PACS2	Psoriasis	ukb-b-10537	UKB, psoriasis (self-report)	self-report	rs4555082	0.9998450926728953	-0.00015491932648391613	0.0036065652735709068	0.9657375568850393	0.9955095026323767	0.97
AAMDC	Glaucoma	ukb-d-H40	Neale UKB, glaucoma (ICD H40)		rs12419883	1.0000233766499615	2.337637673199315e-05	0.0005536792980899496	0.9663232661443335	0.9955095026323767	0.966323
HIP1R	Psoriasis	ukb-b-10537	UKB, psoriasis (self-report)	self-report	rs4426165	0.999875105676129	-0.0001249021238164613	0.002965552648821486	0.966404905877676	0.9955095026323767	0.97
LTBR	Glaucoma	ukb-d-H40	Neale UKB, glaucoma (ICD H40)		rs2364480	1.0000250301501548	2.502983690578021e-05	0.0006483169219402742	0.9692033947539336	0.9975114215456221	0.969203
GDF15	Venous thromboembolism	ukb-d-I9_VTE	Neale UKB, VTE		rs4808795	1.0000599335685803	5.993177263560995e-05	0.001576434474342447	0.9696738935024884	0.9975114215456221	0.969674
F12	Venous thromboembolism	ukb-d-I9_VTE	Neale UKB, VTE		rs2731673	1.0001021022748955	0.00010209706281294021	0.0029915730924751573	0.9727749057707764	0.9995921949189395	0.972775
KRT18	Crohn's disease	ukb-a-552	Neale UKB, Crohn (ICD K50)		rs902771	1.0000394546350142	3.94538567005062e-05	0.0011842768107867153	0.9734236111397172	0.9995921949189395	0.973424
BMP6	Osteoporosis	ukb-b-12141	UKB, osteoporosis (self-report)	self-report	rs9406052	0.9999304577157812	-6.95447023955906e-05	0.0021913807354561375	0.9746829336216583	0.9995921949189395	0.97
CD79B	Hypertension	ieu-b-5144	Tang UKB, hypertension		rs12603821	0.9997494345064486	-0.0002505968903293795	0.008351950432021938	0.9760633885269823	0.9995921949189395	0.98
ADAMTSL4	Heart failure	ukb-d-I9_HEARTFAIL	Neale UKB, heart failure		rs72700822	0.9999850643865057	-1.4935725031720893e-05	0.0005041032294972124	0.9763634898327624	0.9995921949189395	0.976364
TEX101	Venous thromboembolism	ukb-d-I9_VTE	Neale UKB, VTE		rs36081957	1.0000338936752373	3.389310085979296e-05	0.0011957766863374844	0.9773877834475702	0.9995921949189395	0.977388
CLINT1	Coeliac disease	ukb-b-8631	UKB, coeliac (self-report)	self-report	rs11750888	0.9999412457797213	-5.875594637550384e-05	0.002099909274311145	0.9776779184256865	0.9995921949189395	0.98
IFNGR2	Heart failure	ukb-d-I9_HEARTFAIL	Neale UKB, heart failure		rs17879003	1.00000965307572	9.653029129524497e-06	0.00036325804574672204	0.9787999285012603	0.9995921949189395	0.9788
PLAU	Heart failure	ukb-d-I9_HEARTFAIL	Neale UKB, heart failure		rs2227551	1.0000190687501818	1.9068568375460217e-05	0.0007184349872133495	0.9788251819490663	0.9995921949189395	0.978825
SCPEP1	Rheumatoid arthritis	ukb-d-M13_RHEUMA	Neale UKB, RA (ICD M13)		rs8072896	0.9999723344372373	-2.7665945461428152e-05	0.0010475329828574756	0.9789298617068671	0.9995921949189395	0.97893
MYL6B	Type 2 diabetes	ukb-b-13806	UKB, T2D (self-report)	self-report	rs11171747	1.0000291110776067	2.911065388761104e-05	0.0011445963664822919	0.979709495694469	0.9995921949189395	0.98
NGFR	Multiple sclerosis	ukb-b-17670	UKB, MS (self-report)	self-report	rs2671661	0.9999505292753997	-4.947194831689508e-05	0.0020040883285937098	0.9803058105801215	0.9995921949189395	0.98
PLAU	Osteoporosis	ukb-b-12141	UKB, osteoporosis (self-report)	self-report	rs2227551	1.0000310676974355	3.1067214844575174e-05	0.0012909687847794922	0.9808007296507284	0.9995921949189395	0.98
PFKFB2	Hypertension	ieu-b-5144	Tang UKB, hypertension		rs1564879	1.0002891070855642	0.00028906530216381873	0.012440985070852263	0.9814628833904298	0.9995921949189395	0.98
CA8	Coronary heart disease	ukb-d-I9_CHD	Neale UKB, major CHD event		rs7824045	1.0000487533422584	4.8752153852765146e-05	0.0021375310172622743	0.9818036705128057	0.9995921949189395	0.981804
MAPRE3	Rheumatoid arthritis	ukb-d-M13_RHEUMA	Neale UKB, RA (ICD M13)		rs6745807	0.9999789442313841	-2.1055990291746298e-05	0.0010165642605212022	0.9834746813254884	0.9995921949189395	0.983475
SIGLEC9	Hypertension	ieu-b-5144	Tang UKB, hypertension		rs12983058	0.9999186219932507	-8.138131811903498e-05	0.003971603550298396	0.9836518542690693	0.9995921949189395	0.98
SIGLEC7	Hypertension	ieu-b-5144	Tang UKB, hypertension		rs12983058	0.9999158383236246	-8.416521816799314e-05	0.00410746455100062	0.9836518542690693	0.9995921949189395	0.98
ANXA2	Psoriasis	ukb-b-10537	UKB, psoriasis (self-report)	self-report	rs62004990	1.0000159530203534	1.5952893105320363e-05	0.0008736642049244887	0.985431634088934	0.9996680071871814	0.99
NPDC1	Psoriasis	ukb-b-10537	UKB, psoriasis (self-report)	self-report	rs10747042	0.9999898637773151	-1.0136274056763278e-05	0.0005568229134129086	0.9854762982477718	0.9996680071871814	0.99
EPHB4	Ankylosing spondylitis	ukb-b-18194	UKB, AS (self-report)	self-report	rs314320	0.9999968192132334	-3.1807918253029185e-06	0.00019079619132405252	0.986698963343946	0.9996680071871814	0.99
IFNGR2	Atrial fibrillation	ukb-b-964	UKB, AF/flutter (ICD I48)		rs17879003	1.000008693851892	8.693814100530466e-06	0.0005676595649156309	0.987780724025253	0.9996680071871814	0.99
RAB44	Hypertension	ieu-b-5144	Tang UKB, hypertension		rs12526889	0.9999762414355118	-2.375884672735213e-05	0.0017817413331925377	0.9893608264813445	0.9996680071871814	0.99
CDKN1A	Atrial fibrillation	ukb-b-964	UKB, AF/flutter (ICD I48)		rs12199346	1.0000134039196544	1.3403829822779737e-05	0.0011820027215988448	0.9909522376999822	0.9996680071871814	0.99
FES	Venous thromboembolism	ukb-d-I9_VTE	Neale UKB, VTE		rs8027450	0.9999923201554927	-7.679873997462797e-06	0.0006890453397480808	0.9911072237610701	0.9996680071871814	0.991107
MAPT	Glaucoma	ukb-d-H40	Neale UKB, glaucoma (ICD H40)		rs17698176	0.999962279728677	-3.772098275032661e-05	0.0035121395485746523	0.9914307473471824	0.9996680071871814	0.991431
CLEC4A	Atrial fibrillation	ukb-b-964	UKB, AF/flutter (ICD I48)		rs6486847	1.0000101416749583	1.014162353173673e-05	0.0009727199469917775	0.9916813690679371	0.9996680071871814	0.99
RAPGEF2	Rheumatoid arthritis	ukb-d-M13_RHEUMA	Neale UKB, RA (ICD M13)		rs11100203	1.000003826630358	3.826623036281731e-06	0.00039411614456369204	0.9922531580816956	0.9996680071871814	0.992253
PSAP	Rheumatoid arthritis	ukb-d-M13_RHEUMA	Neale UKB, RA (ICD M13)		rs4747202	0.9999882772107923	-1.1722857920161821e-05	0.0013791531658352452	0.9932180304963549	0.9996680071871814	0.993218
SERPING1	Crohn's disease	ukb-a-552	Neale UKB, Crohn (ICD K50)		rs28362951	0.9999970990641059	-2.9009401018287444e-06	0.0004367564030962569	0.9947004822732739	0.9996680071871814	0.9947
STK11	Heart failure	ukb-d-I9_HEARTFAIL	Neale UKB, heart failure		rs3764640	0.999996630437626	-3.3695680510150307e-06	0.0005940455119012294	0.9954742324387933	0.9996680071871814	0.995474
HNMT	Hypertension	ieu-b-5144	Tang UKB, hypertension		rs1522907	0.9999818311167726	-1.8169048283558224e-05	0.0036851151216969725	0.9960661352771172	0.9996680071871814	1.0
SPRY2	Multiple sclerosis	ukb-b-17670	UKB, MS (self-report)	self-report	rs7995973	0.999995173366529	-4.8266451192467665e-06	0.0009933313014800057	0.9961230553581573	0.9996680071871814	1.0
CLEC4A	Osteoporosis	ukb-b-12141	UKB, osteoporosis (self-report)	self-report	rs6486847	0.9999949393328579	-5.060679947322318e-06	0.0011173353150937821	0.9963862015840281	0.9996680071871814	1.0
HNMT	Rheumatoid arthritis	ukb-d-M13_RHEUMA	Neale UKB, RA (ICD M13)		rs1522907	1.0000022737739163	2.2737713312272674e-06	0.0006535581764385588	0.9972241134063271	0.9996680071871814	0.997224
F12	Multiple sclerosis	ukb-b-17670	UKB, MS (self-report)	self-report	rs2731673	0.9999953619655151	-4.638045240645811e-06	0.00141460876956986	0.9973839989265461	0.9996680071871814	1.0
SLC16A1	Venous thromboembolism	ukb-d-I9_VTE	Neale UKB, VTE		rs7169	0.9999933519996497	-6.6480224483270104e-06	0.0021257947460603947	0.99750477046993	0.9996680071871814	0.997505
PHOSPHO1	Osteoporosis	ukb-b-12141	UKB, osteoporosis (self-report)	self-report	rs11650975	0.999997131753319	-2.8682507944459757e-06	0.001660102295514541	0.9986214512846681	0.9996680071871814	1.0
SPON2	Hypertension	ieu-b-5144	Tang UKB, hypertension		rs73067776	0.9999915238255704	-8.47621035258633e-06	0.005389816421994809	0.9987452198633058	0.9996680071871814	1.0
SPINK8	Venous thromboembolism	ukb-d-I9_VTE	Neale UKB, VTE		rs11713476	0.9999986227942813	-1.3772066670072693e-06	0.001275981232068977	0.9991388182712486	0.9996680071871814	0.999139
PDLIM7	Psoriasis	ukb-b-10537	UKB, psoriasis (self-report)	self-report	rs2731664	0.9999988704120517	-1.1295885862266983e-06	0.0019012887267211293	0.9995259629811502	0.9996680071871814	1.0
TNFSF12	Heart failure	ukb-d-I9_HEARTFAIL	Neale UKB, heart failure		rs62059804	1.0000001185062715	1.1850626443570082e-07	0.000284808322266245	0.9996680071871815	0.9996680071871814	0.999668
