olink_id	gene_symbol	protein_name	hpa_protein_class	hpa_bio_process	hpa_mol_function	hpa_disease	rna_blood_cell_specificity	rna_blood_cell_specific_ntpm	rna_blood_lineage_specificity	secretome_location	rna_tissue_specificity	msigdb_c7_immune_gene	cytokine	interleukin	interferon_axis	TNF_axis	chemokine	complement	coagulation	checkpoint	CD_marker	acute_phase	HLA_antigen	immunoglobulin	soluble_receptor	immune_cell_enriched	immune_source_cells	secreted_to_blood	inflammation_immune_annotated	immune_score	is_plasma_immune	immune_class
1	A1BG	Alpha-1B-glycoprotein	Plasma proteins, Predicted intracellular proteins, Predicted secreted proteins				Not detected in immune cells		Not detected	Secreted to blood	Tissue enriched	1	0	0	0	0	0	0	0	0	0	0	0	0	0	0		1	0	0	0	Non-immune
2	AAMDC	Mth938 domain-containing protein	Predicted intracellular proteins				Immune cell enhanced	basophil: 144.6	Low lineage specificity		Tissue enhanced	1	0	0	0	0	0	0	0	0	0	0	0	0	0	1	Granulocyte	0	0	2	1	Immune-cell-enriched
3	AARSD1	Alanyl-tRNA editing protein Aarsd1	Predicted intracellular proteins	Protein biosynthesis			Low immune cell specificity		Low lineage specificity		Low tissue specificity	1	0	0	0	0	0	0	0	0	0	0	0	0	0	0		0	0	0	0	Non-immune
4	ABCA2	ATP-binding cassette sub-family A member 2	Disease related genes, Human disease related genes, Plasma proteins, Potential drug targets, Predicted intracellular proteins, Predicted membrane proteins, Transporters	Transport	Translocase	Disease variant, Epilepsy, Intellectual disability	Not detected in immune cells		Not detected		Tissue enriched	1	0	0	0	0	0	0	0	0	0	0	0	0	0	0		0	0	0	0	Non-immune
5	ABHD14B	Protein ABHD14B	Plasma proteins, Predicted intracellular proteins		Acyltransferase, Transferase		Low immune cell specificity		Low lineage specificity		Low tissue specificity	1	0	0	0	0	0	0	0	0	0	0	0	0	0	0		0	0	0	0	Non-immune
6	ABL1	Tyrosine-protein kinase ABL1	Cancer-related genes, Disease related genes, Enzymes, FDA approved drug targets, Human disease related genes, Predicted intracellular proteins, RAS pathway related proteins	Apoptosis, Autophagy, Cell adhesion, DNA damage, DNA repair, Endocytosis	DNA-binding, Kinase, Transferase, Tyrosine-protein kinase	Cancer-related genes, Disease variant, FDA approved drug targets, Proto-oncogene	Low immune cell specificity		Low lineage specificity		Low tissue specificity	1	0	0	0	0	0	0	0	0	0	0	0	0	0	0		0	0	0	0	Non-immune
7	ABO	Histo-blood group ABO system transferase	Metabolic proteins, Predicted intracellular proteins, Predicted membrane proteins, Predicted secreted proteins				Immune cell enhanced	eosinophil: 2.1;naive B-cell: 2.1	Low lineage specificity	Secreted to blood	Tissue enhanced	1	0	0	0	0	0	0	0	0	0	0	0	0	0	1	Granulocyte;B-cell	1	0	2	1	Immune-cell-enriched
8	ABRAXAS2	BRISC complex subunit Abraxas 2	Predicted intracellular proteins	Cell cycle, Cell division, Mitosis, Ubl conjugation pathway			Low immune cell specificity		Low lineage specificity		Low tissue specificity	1	0	0	0	0	0	0	0	0	0	0	0	0	0	0		0	0	0	0	Non-immune
9	ACAA1	3-ketoacyl-CoA thiolase, peroxisomal	Enzymes, Metabolic proteins, Plasma proteins, Predicted intracellular proteins	Fatty acid metabolism, Lipid metabolism	Acyltransferase, Transferase		Low immune cell specificity		Low lineage specificity		Group enriched	1	0	0	0	0	0	0	0	0	0	0	0	0	0	0		0	0	0	0	Non-immune
10	ACADM	Medium-chain specific acyl-CoA dehydrogenase, mitochondrial	Disease related genes, Enzymes, Human disease related genes, Metabolic proteins, Potential drug targets, Predicted intracellular proteins	Fatty acid metabolism, Lipid metabolism	Oxidoreductase	Disease variant	Low immune cell specificity		Low lineage specificity		Tissue enhanced	1	0	0	0	0	0	0	0	0	0	0	0	0	0	0		0	0	0	0	Non-immune
11	ACADSB	Short/branched chain specific acyl-CoA dehydrogenase, mitochondrial	Disease related genes, Enzymes, Human disease related genes, Metabolic proteins, Plasma proteins, Potential drug targets, Predicted intracellular proteins	Fatty acid metabolism, Lipid metabolism	Oxidoreductase	Disease variant	Low immune cell specificity		Low lineage specificity		Tissue enhanced	1	0	0	0	0	0	0	0	0	0	0	0	0	0	0		0	0	0	0	Non-immune
12	ACAN	Aggrecan core protein	Disease related genes, Human disease related genes, Predicted intracellular proteins, Predicted secreted proteins			Disease variant, Dwarfism	Not detected in immune cells		Not detected	Secreted to extracellular matrix	Tissue enriched	1	0	0	0	0	0	0	0	0	0	0	0	0	0	0		1	0	0	0	Non-immune
13	ACE	Angiotensin-converting enzyme	Candidate cardiovascular disease genes, CD markers, Disease related genes, Enzymes, FDA approved drug targets, Human disease related genes, Metabolic proteins, Plasma proteins, Predicted intracellular proteins, Predicted membrane proteins, Predicted secreted proteins		Calmodulin-binding, Carboxypeptidase, Hydrolase, Metalloprotease, Protease	FDA approved drug targets	Immune cell enhanced	memory B-cell: 1.0	Low lineage specificity	Secreted to blood	Tissue enhanced	1	0	0	0	0	0	0	0	0	0	0	0	0	0	1	B-cell	1	0	2	1	Immune-cell-enriched
14	ACE2	Angiotensin-converting enzyme 2	Enzymes, Metabolic proteins, Predicted membrane proteins, Predicted secreted proteins, Transporters	Host-virus interaction	Carboxypeptidase, Host cell receptor for virus entry, Hydrolase, Metalloprotease, Protease, Receptor		Not detected in immune cells		Not detected	Secreted to blood	Tissue enhanced	1	0	0	0	0	0	0	0	0	0	0	0	0	0	0		1	0	0	0	Non-immune
15	ACHE	Acetylcholinesterase	Blood group antigen proteins, Enzymes, FDA approved drug targets, Metabolic proteins, Predicted intracellular proteins, Predicted membrane proteins	Neurotransmitter degradation	Blood group antigen, Hydrolase, Serine esterase	FDA approved drug targets	Not detected in immune cells		Not detected	Intracellular and membrane	Group enriched	1	0	0	0	0	0	0	0	0	0	0	0	0	0	0		1	1	1	0	Other immune-annotated
16	ACOT13	Acyl-coenzyme A thioesterase 13	Enzymes, Metabolic proteins, Predicted intracellular proteins	Lipid metabolism	Hydrolase		Low immune cell specificity		Low lineage specificity		Tissue enhanced	1	0	0	0	0	0	0	0	0	0	0	0	0	0	0		0	0	0	0	Non-immune
17	ACOX1	Peroxisomal acyl-coenzyme A oxidase 1	Disease related genes, Enzymes, Human disease related genes, Metabolic proteins, Potential drug targets, Predicted intracellular proteins	Fatty acid metabolism, Lipid metabolism	Oxidoreductase	Deafness, Disease variant, Neuropathy	Group enriched	basophil: 61.8;neutrophil: 84.5	Lineage enriched		Tissue enhanced	1	0	0	0	0	0	0	0	0	0	0	0	0	0	1	Granulocyte	0	0	2	1	Immune-cell-enriched
18	ACP1	Low molecular weight phosphotyrosine protein phosphatase	Enzymes, Plasma proteins, Predicted intracellular proteins		Hydrolase, Protein phosphatase		Low immune cell specificity		Low lineage specificity		Low tissue specificity	1	0	0	0	0	0	0	0	0	0	0	0	0	0	0		0	0	0	0	Non-immune
19	ACP5	Tartrate-resistant acid phosphatase type 5	Disease related genes, Enzymes, Human disease related genes, Metabolic proteins, Plasma proteins, Potential drug targets, Predicted intracellular proteins		Hydrolase	Disease variant	Immune cell enhanced	memory B-cell: 172.5	Low lineage specificity	Intracellular and membrane	Tissue enhanced	1	0	0	0	0	0	0	0	0	0	0	0	0	0	1	B-cell	0	0	2	1	Immune-cell-enriched
20	ACP6	Lysophosphatidic acid phosphatase type 6	Enzymes, Metabolic proteins, Predicted intracellular proteins	Lipid metabolism, Phospholipid metabolism	Hydrolase		Low immune cell specificity		Low lineage specificity	Intracellular and membrane	Low tissue specificity	1	0	0	0	0	0	0	0	0	0	0	0	0	0	0		0	0	0	0	Non-immune
21	ACRBP	Acrosin-binding protein	Predicted secreted proteins				Group enriched	classical monocyte: 12.5;intermediate monocyte: 15.8;myeloid DC: 17.7;non-classical monocyte: 31.2	Group enriched	Secreted in male reproductive system	Tissue enriched	1	0	0	0	0	0	0	0	0	0	0	0	0	0	1	Myeloid/Monocyte;Dendritic	1	0	2	1	Immune-cell-enriched
22	ACRV1	Acrosomal protein SP-10	Predicted secreted proteins				Not detected in immune cells		Not detected	Secreted in male reproductive system	Tissue enriched	1	0	0	0	0	0	0	0	0	0	0	0	0	0	0		1	0	0	0	Non-immune
23	ACSL1	Long-chain-fatty-acid--CoA ligase 1	Enzymes, Metabolic proteins, Plasma proteins, Predicted intracellular proteins, Predicted membrane proteins	Fatty acid metabolism, Lipid metabolism	Ligase		Immune cell enriched	neutrophil: 456.1	Lineage enriched		Tissue enhanced	1	0	0	0	0	0	0	0	0	0	0	0	0	0	1	Granulocyte	0	0	2	1	Immune-cell-enriched
24	ACTA2	Actin, aortic smooth muscle	Disease related genes, Human disease related genes, Plasma proteins, Predicted intracellular proteins		Hydrolase, Muscle protein	Aortic aneurysm, Disease variant	Immune cell enhanced	T-reg: 58.8	Low lineage specificity		Tissue enhanced	1	0	0	0	0	0	0	0	0	0	0	0	0	0	1	T-cell	0	0	2	1	Immune-cell-enriched
25	ACTN2	Alpha-actinin-2	Disease related genes, Human disease related genes, Plasma proteins, Potential drug targets, Predicted intracellular proteins, Transporters		Actin-binding	Cardiomyopathy, Disease variant	Not detected in immune cells		Not detected		Group enriched	1	0	0	0	0	0	0	0	0	0	0	0	0	0	0		0	0	0	0	Non-immune
26	ACTN4	Alpha-actinin-4	Disease related genes, Human disease related genes, Plasma proteins, Predicted intracellular proteins	Protein transport, Transport	Actin-binding	Disease variant	Low immune cell specificity		Low lineage specificity		Tissue enhanced	1	0	0	0	0	0	0	0	0	0	0	0	0	0	0		0	0	0	0	Non-immune
27	ACVRL1	Serine/threonine-protein kinase receptor R3	Disease related genes, Enzymes, Human disease related genes, Potential drug targets, Predicted intracellular proteins, Predicted membrane proteins	Angiogenesis	Kinase, Receptor, Serine/threonine-protein kinase, Transferase	Disease variant	Group enriched	classical monocyte: 1.5;myeloid DC: 2.1	Group enriched	Intracellular and membrane	Tissue enhanced	1	0	0	0	0	0	0	0	0	0	0	0	0	1	1	Myeloid/Monocyte;Dendritic	0	0	2	1	Immune-cell-enriched
28	ACY1	Aminoacylase-1	Disease related genes, Enzymes, Human disease related genes, Metabolic proteins, Plasma proteins, Potential drug targets, Predicted intracellular proteins		Hydrolase	Disease variant	Low immune cell specificity		Low lineage specificity		Group enriched	1	0	0	0	0	0	0	0	0	0	0	0	0	0	0		0	0	0	0	Non-immune
29	ACY3	N-acyl-aromatic-L-amino acid amidohydrolase	Enzymes, Metabolic proteins, Predicted intracellular proteins	Host-virus interaction	Hydrolase		Immune cell enhanced	non-classical monocyte: 34.3	Group enriched		Group enriched	1	0	0	0	0	0	0	0	0	0	0	0	0	0	1	Myeloid/Monocyte	0	0	2	1	Immune-cell-enriched
30	ACYP1	Acylphosphatase-1	Enzymes, Metabolic proteins, Predicted intracellular proteins		Hydrolase		Low immune cell specificity		Low lineage specificity		Low tissue specificity	1	0	0	0	0	0	0	0	0	0	0	0	0	0	0		0	0	0	0	Non-immune
31	ADA	Adenosine deaminase	Disease related genes, Enzymes, FDA approved drug targets, Human disease related genes, Metabolic proteins, Plasma proteins, Predicted intracellular proteins, Predicted membrane proteins	Cell adhesion, Nucleotide metabolism	Hydrolase	Disease variant, FDA approved drug targets, Hereditary hemolytic anemia, SCID	Group enriched	intermediate monocyte: 163.0;NK-cell: 90.4;non-classical monocyte: 351.2;plasmacytoid DC: 211.2	Group enriched		Group enriched	1	0	0	0	0	0	0	0	0	0	0	0	0	0	1	Myeloid/Monocyte;NK-cell;Dendritic	0	0	2	1	Immune-cell-enriched
32	ADA2	Adenosine deaminase 2	Disease related genes, Enzymes, Human disease related genes, Metabolic proteins, Plasma proteins, Potential drug targets, Predicted intracellular proteins, Predicted secreted proteins		Heparin-binding, Hydrolase	Disease variant	Low immune cell specificity		Low lineage specificity	Secreted to blood	Tissue enhanced	1	0	0	0	0	0	0	0	0	0	0	0	0	0	0		1	0	0	0	Non-immune
33	ADAM12	Disintegrin and metalloproteinase domain-containing protein 12	Predicted membrane proteins, Predicted secreted proteins, Transporters	Cell adhesion	Hydrolase, Metalloprotease, Protease		Immune cell enriched	MAIT T-cell: 4.5	Lineage enriched	Secreted in female reproductive system	Tissue enriched	1	0	0	0	0	0	0	0	0	0	0	0	0	0	1	T-cell	1	0	2	1	Immune-cell-enriched
34	ADAM15	Disintegrin and metalloproteinase domain-containing protein 15	Predicted intracellular proteins, Predicted membrane proteins	Angiogenesis, Cell adhesion, Collagen degradation	Hydrolase, Metalloprotease, Protease		Group enriched	classical monocyte: 39.1;intermediate monocyte: 26.5;myeloid DC: 64.1	Group enriched		Low tissue specificity	1	0	0	0	0	0	0	0	0	0	0	0	0	0	1	Myeloid/Monocyte;Dendritic	0	0	2	1	Immune-cell-enriched
35	ADAM22	Disintegrin and metalloproteinase domain-containing protein 22	Disease related genes, Human disease related genes, Predicted intracellular proteins, Predicted membrane proteins	Cell adhesion	Receptor	Disease variant, Epilepsy	Not detected in immune cells		Not detected		Tissue enriched	1	0	0	0	0	0	0	0	0	0	0	0	0	0	0		0	0	0	0	Non-immune
36	ADAM23	Disintegrin and metalloproteinase domain-containing protein 23	Predicted intracellular proteins, Predicted membrane proteins, Predicted secreted proteins	Cell adhesion			Immune cell enriched	memory CD4 T-cell: 2.1	Lineage enriched	Secreted in brain	Tissue enhanced	1	0	0	0	0	0	0	0	0	0	0	0	0	0	1	T-cell	1	0	2	1	Immune-cell-enriched
37	ADAM8	Disintegrin and metalloproteinase domain-containing protein 8	CD markers, Plasma proteins, Predicted intracellular proteins, Predicted membrane proteins		Hydrolase, Metalloprotease, Protease		Group enriched	basophil: 107.8;eosinophil: 259.4;neutrophil: 139.8	Lineage enriched	Intracellular and membrane	Tissue enhanced	1	0	0	0	0	0	0	0	0	0	0	0	0	0	1	Granulocyte	0	0	2	1	Immune-cell-enriched
38	ADAM9	Disintegrin and metalloproteinase domain-containing protein 9	Cancer-related genes, Disease related genes, Human disease related genes, Plasma proteins, Predicted membrane proteins, Predicted secreted proteins		Hydrolase, Metalloprotease, Protease	Cancer-related genes, Cone-rod dystrophy	Immune cell enhanced	classical monocyte: 4.0	Low lineage specificity	Secreted - unknown location	Low tissue specificity	1	0	0	0	0	0	0	0	0	0	0	0	0	0	1	Myeloid/Monocyte	1	0	2	1	Immune-cell-enriched
39	ADAMTS1	A disintegrin and metalloproteinase with thrombospondin motifs 1	Cancer-related genes, Plasma proteins, Predicted intracellular proteins, Predicted secreted proteins, Transporters		Heparin-binding, Hydrolase, Metalloprotease, Protease	Cancer-related genes	Group enriched	gdT-cell: 4.5;NK-cell: 6.6	Group enriched	Secreted to extracellular matrix	Tissue enhanced	1	0	0	0	0	0	0	0	0	0	0	0	0	0	1	T-cell;NK-cell	1	0	2	1	Immune-cell-enriched
40	ADAMTS13	A disintegrin and metalloproteinase with thrombospondin motifs 13	Disease related genes, Enzymes, Human disease related genes, Plasma proteins, Potential drug targets, Predicted intracellular proteins, Predicted secreted proteins	Blood coagulation, Hemostasis	Hydrolase, Metalloprotease, Protease	Disease variant	Not detected in immune cells		Not detected	Secreted to blood	Tissue enhanced	1	0	0	0	0	0	0	0	0	0	0	0	0	0	0		1	0	0	0	Non-immune
41	ADAMTS15	A disintegrin and metalloproteinase with thrombospondin motifs 15	Predicted secreted proteins		Hydrolase, Metalloprotease, Protease	Disease variant	Not detected in immune cells		Not detected	Secreted to extracellular matrix	Tissue enhanced	1	0	0	0	0	0	0	0	0	0	0	0	0	0	0		1	0	0	0	Non-immune
42	ADAMTS16	A disintegrin and metalloproteinase with thrombospondin motifs 16	Predicted secreted proteins		Hydrolase, Metalloprotease, Protease		Not detected in immune cells		Not detected	Secreted to extracellular matrix	Tissue enhanced	1	0	0	0	0	0	0	0	0	0	0	0	0	0	0		1	0	0	0	Non-immune
43	ADAMTS4	A disintegrin and metalloproteinase with thrombospondin motifs 4	Cancer-related genes, Enzymes, Predicted intracellular proteins, Predicted secreted proteins, Transporters		Hydrolase, Metalloprotease, Protease	Cancer-related genes	Immune cell enriched	plasmacytoid DC: 4.4	Lineage enriched	Secreted to extracellular matrix	Tissue enhanced	1	0	0	0	0	0	0	0	0	0	0	0	0	0	1	Myeloid/Monocyte;Dendritic	1	0	2	1	Immune-cell-enriched
44	ADAMTS8	A disintegrin and metalloproteinase with thrombospondin motifs 8	Cancer-related genes, Plasma proteins, Predicted secreted proteins		Heparin-binding, Hydrolase, Metalloprotease, Protease	Cancer-related genes	Not detected in immune cells		Not detected	Secreted to extracellular matrix	Tissue enhanced	1	0	0	0	0	0	0	0	0	0	0	0	0	0	0		1	0	0	0	Non-immune
45	ADAMTSL2	ADAMTS-like protein 2	Disease related genes, Human disease related genes, Plasma proteins, Predicted membrane proteins, Predicted secreted proteins			Disease variant, Dwarfism	Not detected in immune cells		Not detected	Secreted in other tissues	Tissue enhanced	1	0	0	0	0	0	0	0	0	0	0	0	0	0	0		1	0	0	0	Non-immune
46	ADAMTSL4	ADAMTS-like protein 4	Disease related genes, Human disease related genes, Predicted secreted proteins	Apoptosis			Immune cell enhanced	non-classical monocyte: 1.3	Low lineage specificity	Secreted to extracellular matrix	Low tissue specificity	1	0	0	0	0	0	0	0	0	0	0	0	0	0	1	Myeloid/Monocyte	1	0	2	1	Immune-cell-enriched
47	ADAMTSL5	ADAMTS-like protein 5	Predicted intracellular proteins, Predicted secreted proteins				Low immune cell specificity		Low lineage specificity	Secreted to extracellular matrix	Tissue enhanced	1	0	0	0	0	0	0	0	0	0	0	0	0	0	0		1	0	0	0	Non-immune
48	ADCYAP1R1	Pituitary adenylate cyclase-activating polypeptide type I receptor	G-protein coupled receptors, Predicted intracellular proteins, Predicted membrane proteins, Transporters	Differentiation, Spermatogenesis	Developmental protein, G-protein coupled receptor, Receptor, Transducer		Not detected in immune cells		Not detected		Group enriched	1	0	0	0	0	0	0	0	0	0	0	0	0	1	0		0	0	0	0	Soluble receptor
49	ADD1	Alpha-adducin	Plasma proteins, Predicted intracellular proteins		Actin-binding, Calmodulin-binding		Low immune cell specificity		Low lineage specificity		Low tissue specificity	1	0	0	0	0	0	0	0	0	0	0	0	0	0	0		0	0	0	0	Non-immune
50	ADGRB3	Adhesion G protein-coupled receptor B3	G-protein coupled receptors, Plasma proteins, Predicted membrane proteins, Transporters		G-protein coupled receptor, Receptor, Transducer		Not detected in immune cells		Not detected		Group enriched	1	0	0	0	0	0	0	0	0	0	0	0	0	1	0		0	0	0	0	Soluble receptor
51	ADGRD1	Adhesion G-protein coupled receptor D1	G-protein coupled receptors, Predicted intracellular proteins, Predicted membrane proteins		G-protein coupled receptor, Receptor, Transducer		Group enriched	classical monocyte: 2.0;intermediate monocyte: 2.3;myeloid DC: 1.1;non-classical monocyte: 1.9	Group enriched		Tissue enhanced	1	0	0	0	0	0	0	0	0	0	0	0	0	1	1	Myeloid/Monocyte;Dendritic	0	0	2	1	Immune-cell-enriched
52	ADGRE1	Adhesion G protein-coupled receptor E1	G-protein coupled receptors, Predicted intracellular proteins, Predicted membrane proteins, Transporters	Adaptive immunity, Immunity	G-protein coupled receptor, Receptor, Transducer		Immune cell enhanced	basophil: 166.6;eosinophil: 325.5	Group enriched		Tissue enhanced	1	0	0	0	0	0	0	0	0	0	0	0	0	1	1	Granulocyte	0	1	3	1	Immune-cell-enriched
53	ADGRE2	Adhesion G protein-coupled receptor E2	CD markers, Disease related genes, G-protein coupled receptors, Human disease related genes, Potential drug targets, Predicted membrane proteins	Cell adhesion, Inflammatory response	G-protein coupled receptor, Receptor, Transducer	Disease variant	Group enriched	basophil: 70.2;eosinophil: 74.8;intermediate monocyte: 46.9;neutrophil: 55.8;non-classical monocyte: 90.2	Group enriched		Tissue enhanced	1	0	0	0	0	0	0	0	0	0	0	0	0	1	1	Myeloid/Monocyte;Granulocyte	0	1	3	1	Immune-cell-enriched
54	ADGRE5	Adhesion G protein-coupled receptor E5	CD markers, G-protein coupled receptors, Predicted intracellular proteins, Predicted membrane proteins, Predicted secreted proteins, Transporters	Cell adhesion	G-protein coupled receptor, Receptor, Transducer		Low immune cell specificity		Low lineage specificity	Secreted to blood	Tissue enhanced	1	0	0	0	0	0	0	0	0	0	0	0	0	1	0		1	0	0	0	Soluble receptor
55	ADGRF5	Adhesion G protein-coupled receptor F5	G-protein coupled receptors, Plasma proteins, Predicted membrane proteins		G-protein coupled receptor, Receptor, Transducer		Not detected in immune cells		Not detected		Tissue enhanced	1	0	0	0	0	0	0	0	0	0	0	0	0	1	0		0	0	0	0	Soluble receptor
56	ADGRG1	Adhesion G-protein coupled receptor G1	Disease related genes, G-protein coupled receptors, Human disease related genes, Potential drug targets, Predicted intracellular proteins, Predicted membrane proteins, Predicted secreted proteins	Cell adhesion, Differentiation, Neurogenesis	Developmental protein, G-protein coupled receptor, Heparin-binding, Receptor, Transducer	Disease variant	Immune cell enhanced	gdT-cell: 160.5	Lineage enriched	Secreted to blood	Tissue enhanced	1	0	0	0	0	0	0	0	0	0	0	0	0	1	1	T-cell	1	0	2	1	Immune-cell-enriched
57	ADGRG2	Adhesion G-protein coupled receptor G2	Disease related genes, G-protein coupled receptors, Human disease related genes, Plasma proteins, Potential drug targets, Predicted membrane proteins, Transporters		G-protein coupled receptor, Receptor, Transducer	Disease variant	Not detected in immune cells		Not detected		Tissue enriched	1	0	0	0	0	0	0	0	0	0	0	0	0	1	0		0	0	0	0	Soluble receptor
58	ADGRV1	Adhesion G-protein coupled receptor V1	Disease related genes, G-protein coupled receptors, Human disease related genes, Potential drug targets, Predicted intracellular proteins, Predicted membrane proteins, Transporters	Sensory transduction, Vision	G-protein coupled receptor, Hydrolase, Receptor, Transducer	Deafness, Retinitis pigmentosa, Usher syndrome	Low immune cell specificity		Low lineage specificity		Tissue enriched	1	0	0	0	0	0	0	0	0	0	0	0	0	1	0		0	0	0	0	Soluble receptor
59	ADH1B	All-trans-retinol dehydrogenase	Enzymes, FDA approved drug targets, Human disease related genes, Metabolic proteins, Plasma proteins, Predicted intracellular proteins	Lipid metabolism	Oxidoreductase	FDA approved drug targets	Not detected in immune cells		Not detected		Tissue enhanced	1	0	0	0	0	0	0	0	0	0	0	0	0	0	0		0	0	0	0	Non-immune
60	ADH4	All-trans-retinol dehydrogenase [NAD(+)] ADH4	Enzymes, Metabolic proteins, Plasma proteins, Predicted intracellular proteins	Lipid metabolism	Oxidoreductase		Not detected in immune cells		Not detected		Tissue enriched	1	0	0	0	0	0	0	0	0	0	0	0	0	0	0		0	0	0	0	Non-immune
61	ADIPOQ	Adiponectin	Candidate cardiovascular disease genes, Disease related genes, Human disease related genes, Plasma proteins, Potential drug targets, Predicted secreted proteins, Transporters		Hormone	Diabetes mellitus, Disease variant, Obesity	Not detected in immune cells		Not detected	Secreted to blood	Group enriched	1	0	0	0	0	0	0	0	0	0	0	0	0	0	0		1	0	0	0	Non-immune
62	ADM	Pro-adrenomedullin	Cancer-related genes, Plasma proteins, Predicted intracellular proteins, Predicted secreted proteins		Hormone	Cancer-related genes	Immune cell enriched	neutrophil: 243.4	Lineage enriched	Secreted to blood	Tissue enhanced	1	0	0	0	0	0	0	0	0	0	0	0	0	0	1	Granulocyte	1	0	2	1	Immune-cell-enriched
63	ADRA2A	Alpha-2A adrenergic receptor	FDA approved drug targets, G-protein coupled receptors, Predicted membrane proteins, Transporters		G-protein coupled receptor, Receptor, Transducer	FDA approved drug targets	Not detected in immune cells		Not detected		Tissue enhanced	1	0	0	0	0	0	0	0	0	0	0	0	0	1	0		0	0	0	0	Soluble receptor
64	AFAP1	Actin filament-associated protein 1	Predicted intracellular proteins		Actin-binding		Immune cell enhanced	eosinophil: 2.5	Group enriched		Low tissue specificity	1	0	0	0	0	0	0	0	0	0	0	0	0	0	1	Granulocyte	0	0	2	1	Immune-cell-enriched
65	AFM	Afamin	Plasma proteins, Predicted secreted proteins	Protein transport, Transport			Not detected in immune cells		Not detected	Secreted to blood	Tissue enriched	1	0	0	0	0	0	0	0	0	0	0	0	0	0	0		1	0	0	0	Non-immune
66	AFP	Alpha-fetoprotein	Cancer-related genes, Disease related genes, Plasma proteins, Predicted secreted proteins			Cancer-related genes	Not detected in immune cells		Not detected	Secreted to blood	Tissue enriched	1	0	0	0	0	0	0	0	0	0	0	0	0	0	0		1	0	0	0	Non-immune
67	AGBL2	Cytosolic carboxypeptidase 2	Enzymes, Predicted intracellular proteins		Carboxypeptidase, Hydrolase, Metalloprotease, Protease		Not detected in immune cells		Not detected		Tissue enhanced	1	0	0	0	0	0	0	0	0	0	0	0	0	0	0		0	0	0	0	Non-immune
68	AGER	Advanced glycosylation end product-specific receptor	Cancer-related genes, Plasma proteins, Predicted membrane proteins, Predicted secreted proteins, Transporters	DNA damage, DNA repair, DNA replication, Inflammatory response, Phagocytosis	DNA-binding, Receptor, RNA-binding	Cancer-related genes	Not detected in immune cells		Not detected	Secreted in other tissues	Tissue enriched	1	0	0	0	0	0	0	0	0	0	0	0	0	1	0		1	1	1	0	Soluble receptor
69	AGR2	Anterior gradient protein 2 homolog	Predicted intracellular proteins			Disease variant, Proto-oncogene	Not detected in immune cells		Not detected	Intracellular and membrane	Tissue enhanced	1	0	0	0	0	0	0	0	0	0	0	0	0	0	0		0	0	0	0	Non-immune
70	AGR3	Anterior gradient protein 3	Predicted intracellular proteins				Not detected in immune cells		Not detected	Intracellular and membrane	Tissue enhanced	1	0	0	0	0	0	0	0	0	0	0	0	0	0	0		0	0	0	0	Non-immune
71	AGRN	Agrin	Disease related genes, Human disease related genes, Plasma proteins, Potential drug targets, Predicted intracellular proteins, Predicted secreted proteins, Transporters	Differentiation	Developmental protein	Congenital myasthenic syndrome, Disease variant	Not detected in immune cells		Not detected	Secreted to extracellular matrix	Low tissue specificity	1	0	0	0	0	0	0	0	0	0	0	0	0	0	0		1	0	0	0	Non-immune
72	AGRP	Agouti-related protein	Disease related genes, Human disease related genes, Plasma proteins, Predicted secreted proteins			Disease variant, Obesity	Low immune cell specificity		Low lineage specificity	Secreted in brain	Group enriched	1	0	0	0	0	0	0	0	0	0	0	0	0	0	0		1	0	0	0	Non-immune
73	AGT	Angiotensinogen	Candidate cardiovascular disease genes, Disease related genes, Human disease related genes, Plasma proteins, Predicted membrane proteins, Predicted secreted proteins		Vasoactive, Vasoconstrictor	Disease variant	Not detected in immune cells		Not detected	Secreted to blood	Tissue enriched	1	0	0	0	0	0	0	0	0	0	0	0	0	0	0		1	0	0	0	Non-immune
74	AGXT	Serine--pyruvate aminotransferase	Disease related genes, Enzymes, Human disease related genes, Metabolic proteins, Plasma proteins, Potential drug targets, Predicted intracellular proteins		Aminotransferase, Transferase	Disease variant	Not detected in immune cells		Not detected		Tissue enriched	1	0	0	0	0	0	0	0	0	0	0	0	0	0	0		0	0	0	0	Non-immune
75	AHCY	Adenosylhomocysteinase	Disease related genes, Enzymes, Essential proteins, Human disease related genes, Metabolic proteins, Plasma proteins, Potential drug targets, Predicted intracellular proteins	One-carbon metabolism	Hydrolase	Disease variant	Low immune cell specificity		Low lineage specificity		Low tissue specificity	1	0	0	0	0	0	0	0	0	0	0	0	0	0	0		0	0	0	0	Non-immune
76	AHNAK	Neuroblast differentiation-associated protein AHNAK	Plasma proteins, Predicted intracellular proteins				Low immune cell specificity		Low lineage specificity		Low tissue specificity	1	0	0	0	0	0	0	0	0	0	0	0	0	0	0		0	0	0	0	Non-immune
77	AHNAK2	Protein AHNAK2	Cancer-related genes, Predicted intracellular proteins			Cancer-related genes	Not detected in immune cells		Not detected		Tissue enhanced	1	0	0	0	0	0	0	0	0	0	0	0	0	0	0		0	0	0	0	Non-immune
78	AHSA1	Activator of 90 kDa heat shock protein ATPase homolog 1	Plasma proteins, Predicted intracellular proteins, Transporters	Host-virus interaction, Stress response	Chaperone		Low immune cell specificity		Low lineage specificity		Low tissue specificity	1	0	0	0	0	0	0	0	0	0	0	0	0	0	0		0	0	0	0	Non-immune
79	AHSG	Alpha-2-HS-glycoprotein	Cancer-related genes, Disease related genes, Human disease related genes, Plasma proteins, Predicted secreted proteins	Mineral balance		Cancer-related genes, Disease variant, Hypotrichosis, Intellectual disability	Not detected in immune cells		Not detected	Secreted to blood	Tissue enriched	1	0	0	0	0	0	0	0	0	0	0	0	0	0	0		1	0	0	0	Non-immune
80	AHSP	Alpha-hemoglobin-stabilizing protein	Plasma proteins, Predicted intracellular proteins		Chaperone		Not detected in immune cells		Not detected		Tissue enriched	1	0	0	0	0	0	0	0	0	0	0	0	0	0	0		0	0	0	0	Non-immune
81	AIDA	Axin interactor, dorsalization-associated protein	Predicted intracellular proteins		Developmental protein		Low immune cell specificity		Low lineage specificity		Low tissue specificity	1	0	0	0	0	0	0	0	0	0	0	0	0	0	0		0	0	0	0	Non-immune
82	AIF1	Allograft inflammatory factor 1	Predicted intracellular proteins		Actin-binding		Group enriched	classical monocyte: 3836.5;intermediate monocyte: 6563.8;myeloid DC: 2046.7;neutrophil: 2962.5;non-classical monocyte: 7784.5	Group enriched		Tissue enhanced	1	0	0	0	0	0	0	0	0	0	0	0	0	0	1	Myeloid/Monocyte;Granulocyte;Dendritic	0	0	2	1	Immune-cell-enriched
83	AIF1L	Allograft inflammatory factor 1-like	Predicted intracellular proteins		Actin-binding		Not detected in immune cells		Not detected		Tissue enhanced	1	0	0	0	0	0	0	0	0	0	0	0	0	0	0		0	0	0	0	Non-immune
84	AIFM1	Apoptosis-inducing factor 1, mitochondrial	Disease related genes, Human disease related genes, Plasma proteins, Predicted intracellular proteins, Predicted membrane proteins	Apoptosis	DNA-binding, Oxidoreductase	Charcot-Marie-Tooth disease, Deafness, Disease variant, Dwarfism, Intellectual disability, Neurodegeneration, Neuropathy, Primary mitochondrial disease	Low immune cell specificity		Low lineage specificity		Low tissue specificity	1	0	0	0	0	0	0	0	0	0	0	0	0	0	0		0	0	0	0	Non-immune
85	AK1	Adenylate kinase isoenzyme 1	Disease related genes, Enzymes, Human disease related genes, Metabolic proteins, Plasma proteins, Potential drug targets, Predicted intracellular proteins		Kinase, Transferase	Disease variant, Hereditary hemolytic anemia	Not detected in immune cells		Not detected		Tissue enhanced	1	0	0	0	0	0	0	0	0	0	0	0	0	0	0		0	0	0	0	Non-immune
86	AK2	Adenylate kinase 2, mitochondrial	Disease related genes, Enzymes, Human disease related genes, Metabolic proteins, Plasma proteins, Potential drug targets, Predicted intracellular proteins		Kinase, Transferase	Disease variant, SCID	Low immune cell specificity		Low lineage specificity		Low tissue specificity	1	0	0	0	0	0	0	0	0	0	0	0	0	0	0		0	0	0	0	Non-immune
87	AKAP12	A-kinase anchor protein 12	Cancer-related genes, Plasma proteins, Predicted intracellular proteins		Calmodulin-binding	Cancer-related genes	Immune cell enriched	basophil: 37.3	Lineage enriched		Low tissue specificity	1	0	0	0	0	0	0	0	0	0	0	0	0	0	1	Granulocyte	0	0	2	1	Immune-cell-enriched
88	AKR1B1	Aldo-keto reductase family 1 member B1	Cancer-related genes, Enzymes, FDA approved drug targets, Metabolic proteins, Plasma proteins, Predicted intracellular proteins	Lipid metabolism	Oxidoreductase	Cancer-related genes, FDA approved drug targets	Low immune cell specificity		Low lineage specificity		Tissue enriched	1	0	0	0	0	0	0	0	0	0	0	0	0	0	0		0	0	0	0	Non-immune
89	AKR1B10	Aldo-keto reductase family 1 member B10	Enzymes, Metabolic proteins, Predicted intracellular proteins, Predicted secreted proteins	Lipid metabolism	Oxidoreductase		Not detected in immune cells		Not detected	Secreted to digestive system	Tissue enhanced	1	0	0	0	0	0	0	0	0	0	0	0	0	0	0		1	0	0	0	Non-immune
90	AKR1C4	Aldo-keto reductase family 1 member C4	Disease related genes, Enzymes, Human disease related genes, Metabolic proteins, Plasma proteins, Potential drug targets, Predicted intracellular proteins	Lipid metabolism	Oxidoreductase		Not detected in immune cells		Not detected		Tissue enriched	1	0	0	0	0	0	0	0	0	0	0	0	0	0	0		0	0	0	0	Non-immune
91	AKR7L	Aflatoxin B1 aldehyde reductase member 4	Predicted intracellular proteins				Not detected in immune cells		Not detected		Group enriched	0	0	0	0	0	0	0	0	0	0	0	0	0	0	0		0	0	0	0	Non-immune
92	AKT1S1	Proline-rich AKT1 substrate 1	Predicted intracellular proteins				Low immune cell specificity		Low lineage specificity		Low tissue specificity	1	0	0	0	0	0	0	0	0	0	0	0	0	0	0		0	0	0	0	Non-immune
93	AKT2	RAC-beta serine/threonine-protein kinase	Cancer-related genes, Disease related genes, Enzymes, Human disease related genes, Potential drug targets, Predicted intracellular proteins, RAS pathway related proteins	Apoptosis, Carbohydrate metabolism, Glucose metabolism, Glycogen biosynthesis, Glycogen metabolism, Sugar transport, Translation regulation, Transport	Developmental protein, Kinase, Serine/threonine-protein kinase, Transferase	Cancer-related genes, Diabetes mellitus, Disease variant, Proto-oncogene	Low immune cell specificity		Low lineage specificity		Low tissue specificity	1	0	0	0	0	0	0	0	0	0	0	0	0	0	0		0	0	0	0	Non-immune
94	AKT3	RAC-gamma serine/threonine-protein kinase	Cancer-related genes, Disease related genes, Enzymes, Human disease related genes, Plasma proteins, Potential drug targets, Predicted intracellular proteins, RAS pathway related proteins		Kinase, Serine/threonine-protein kinase, Transferase	Cancer-related genes, Disease variant	Low immune cell specificity		Low lineage specificity		Low tissue specificity	1	0	0	0	0	0	0	0	0	0	0	0	0	0	0		0	0	0	0	Non-immune
95	ALCAM	CD166 antigen	Cancer-related genes, CD markers, Plasma proteins, Predicted membrane proteins, Predicted secreted proteins, Transporters	Adaptive immunity, Cell adhesion, Immunity		Cancer-related genes	Immune cell enhanced	myeloid DC: 29.6	Lineage enriched	Secreted to blood	Tissue enriched	1	0	0	0	0	0	0	0	0	0	0	0	0	0	1	Myeloid/Monocyte;Dendritic	1	1	3	1	Immune-cell-enriched
96	ALDH1A1	Retinal dehydrogenase 1	Enzymes, Metabolic proteins, Plasma proteins, Predicted intracellular proteins	Lipid metabolism	Oxidoreductase		Immune cell enriched	classical monocyte: 87.5	Lineage enriched		Tissue enhanced	1	0	0	0	0	0	0	0	0	0	0	0	0	0	1	Myeloid/Monocyte	0	0	2	1	Immune-cell-enriched
97	ALDH2	Aldehyde dehydrogenase, mitochondrial	Disease related genes, Enzymes, FDA approved drug targets, Human disease related genes, Metabolic proteins, Plasma proteins, Predicted intracellular proteins		Oxidoreductase	Disease variant, Dwarfism, FDA approved drug targets, Intellectual disability	Immune cell enhanced	classical monocyte: 212.7;myeloid DC: 213.7	Group enriched		Tissue enhanced	1	0	0	0	0	0	0	0	0	0	0	0	0	0	1	Myeloid/Monocyte;Dendritic	0	0	2	1	Immune-cell-enriched
98	ALDH3A1	Aldehyde dehydrogenase, dimeric NADP-preferring	Enzymes, Metabolic proteins, Predicted intracellular proteins	Lipid metabolism	Oxidoreductase		Not detected in immune cells		Not detected		Tissue enhanced	1	0	0	0	0	0	0	0	0	0	0	0	0	0	0		0	0	0	0	Non-immune
99	ALDH5A1	Succinate-semialdehyde dehydrogenase, mitochondrial	Disease related genes, Enzymes, Human disease related genes, Metabolic proteins, Potential drug targets, Predicted intracellular proteins		Oxidoreductase	Disease variant	Low immune cell specificity		Low lineage specificity		Tissue enhanced	1	0	0	0	0	0	0	0	0	0	0	0	0	0	0		0	0	0	0	Non-immune
100	ALMS1	Alstrom syndrome protein 1	Disease related genes, Human disease related genes, Predicted intracellular proteins			Ciliopathy, Cone-rod dystrophy, Deafness, Diabetes mellitus, Obesity	Not detected in immune cells		Not detected		Tissue enhanced	1	0	0	0	0	0	0	0	0	0	0	0	0	0	0		0	0	0	0	Non-immune
101	ALPI	Intestinal-type alkaline phosphatase	Enzymes, Metabolic proteins, Predicted intracellular proteins		Hydrolase		Not detected in immune cells		Not detected	Intracellular and membrane	Tissue enriched	1	0	0	0	0	0	0	0	0	0	0	0	0	0	0		0	0	0	0	Non-immune
102	ALPP	Alkaline phosphatase, placental type	Cancer-related genes, Enzymes, Metabolic proteins, Plasma proteins, Predicted intracellular proteins		Hydrolase	Cancer-related genes	Not detected in immune cells		Not detected	Intracellular and membrane	Group enriched	1	0	0	0	0	0	0	0	0	0	0	0	0	0	0		0	0	0	0	Non-immune
103	AMBN	Ameloblastin	Disease related genes, Human disease related genes, Predicted secreted proteins	Biomineralization		Amelogenesis imperfecta	Not detected in immune cells		Not detected	Secreted in other tissues	Tissue enhanced	1	0	0	0	0	0	0	0	0	0	0	0	0	0	0		1	0	0	0	Non-immune
104	AMBP	Protein AMBP	Plasma proteins, Predicted intracellular proteins, Predicted secreted proteins	Host-virus interaction	Oxidoreductase, Protease inhibitor, Serine protease inhibitor		Not detected in immune cells		Not detected	Secreted to blood	Tissue enriched	1	0	0	0	0	0	0	0	0	0	0	0	0	0	0		1	0	0	0	Non-immune
105	AMDHD2	N-acetylglucosamine-6-phosphate deacetylase	Enzymes, Metabolic proteins, Predicted intracellular proteins	Carbohydrate metabolism	Hydrolase		Low immune cell specificity		Low lineage specificity		Low tissue specificity	1	0	0	0	0	0	0	0	0	0	0	0	0	0	0		0	0	0	0	Non-immune
106	AMFR	E3 ubiquitin-protein ligase AMFR	Enzymes, Metabolic proteins, Predicted intracellular proteins, Predicted membrane proteins, Transporters	Ubl conjugation pathway, Wnt signaling pathway	Receptor, Transferase	Disease variant, Hereditary spastic paraplegia, Neurodegeneration	Low immune cell specificity		Low lineage specificity		Low tissue specificity	1	0	0	0	0	0	0	0	0	0	0	0	0	0	0		0	0	0	0	Non-immune
107	AMIGO1	Amphoterin-induced protein 1	Predicted membrane proteins, Transporters	Cell adhesion, Differentiation, Neurogenesis	Developmental protein		Immune cell enhanced	naive CD4 T-cell: 2.3	Lineage enhanced		Low tissue specificity	1	0	0	0	0	0	0	0	0	0	0	0	0	0	1	T-cell	0	0	2	1	Immune-cell-enriched
108	AMIGO2	Amphoterin-induced protein 2	Predicted membrane proteins	Cell adhesion			Low immune cell specificity		Low lineage specificity		Tissue enhanced	1	0	0	0	0	0	0	0	0	0	0	0	0	0	0		0	0	0	0	Non-immune
109	AMN	Protein amnionless	Disease related genes, Human disease related genes, Metabolic proteins, Predicted intracellular proteins, Predicted membrane proteins, Predicted secreted proteins	Protein transport, Transport	Developmental protein	Disease variant	Not detected in immune cells		Not detected	Secreted in other tissues	Group enriched	1	0	0	0	0	0	0	0	0	0	0	0	0	0	0		1	0	0	0	Non-immune
110	AMOT	Angiomotin	Predicted intracellular proteins				Not detected in immune cells		Not detected		Tissue enhanced	1	0	0	0	0	0	0	0	0	0	0	0	0	0	0		0	0	0	0	Non-immune
111	AMOTL2	Angiomotin-like protein 2	Predicted intracellular proteins	Wnt signaling pathway			Not detected in immune cells		Not detected		Low tissue specificity	1	0	0	0	0	0	0	0	0	0	0	0	0	0	0		0	0	0	0	Non-immune
112	AMPD3	AMP deaminase 3	Disease related genes, Enzymes, Human disease related genes, Metabolic proteins, Plasma proteins, Potential drug targets, Predicted intracellular proteins	Nucleotide metabolism	Hydrolase	Disease variant	Low immune cell specificity		Low lineage specificity		Tissue enhanced	1	0	0	0	0	0	0	0	0	0	0	0	0	0	0		0	0	0	0	Non-immune
113	AMY1A_AMY1B_AMY1C	Alpha-amylase 1A_Alpha-amylase 1B_Alpha-amylase 1C										0	0	0	0	0	0	0	0	0	0	0	0	0	0	0		0	0	0	0	Non-immune
114	AMY2A	Pancreatic alpha-amylase	Enzymes, Essential proteins, FDA approved drug targets, Metabolic proteins, Predicted secreted proteins	Carbohydrate metabolism	Glycosidase, Hydrolase	FDA approved drug targets	Not detected in immune cells		Not detected	Secreted to digestive system	Tissue enriched	1	0	0	0	0	0	0	0	0	0	0	0	0	0	0		1	0	0	0	Non-immune
115	AMY2B	Alpha-amylase 2B	Enzymes, Metabolic proteins, Plasma proteins, Predicted secreted proteins	Carbohydrate metabolism	Glycosidase, Hydrolase		Immune cell enhanced	classical monocyte: 5.3	Low lineage specificity	Secreted to digestive system	Tissue enriched	1	0	0	0	0	0	0	0	0	0	0	0	0	0	1	Myeloid/Monocyte	1	0	2	1	Immune-cell-enriched
116	ANG	Angiogenin	Cancer-related genes, Disease related genes, Human disease related genes, Plasma proteins, Predicted secreted proteins	Angiogenesis, Differentiation, Stress response	Developmental protein, DNA-binding, Endonuclease, Hydrolase, Nuclease, Protein synthesis inhibitor	Amyotrophic lateral sclerosis, Cancer-related genes, Disease variant, Neurodegeneration	Immune cell enhanced	classical monocyte: 24.6;myeloid DC: 14.6	Low lineage specificity	Secreted to blood	Tissue enriched	1	0	0	0	0	0	0	0	0	0	0	0	0	0	1	Myeloid/Monocyte;Dendritic	1	0	2	1	Immune-cell-enriched
117	ANGPT1	Angiopoietin-1	Cancer-related genes, Disease related genes, Human disease related genes, Plasma proteins, Predicted intracellular proteins, Predicted secreted proteins, RAS pathway related proteins	Angiogenesis, Differentiation	Developmental protein	Cancer-related genes, Disease variant	Immune cell enriched	neutrophil: 5.8	Lineage enriched	Secreted to blood	Tissue enhanced	1	0	0	0	0	0	0	0	0	0	0	0	0	0	1	Granulocyte	1	0	2	1	Immune-cell-enriched
118	ANGPT2	Angiopoietin-2	Cancer-related genes, Disease related genes, FDA approved drug targets, Human disease related genes, Plasma proteins, Predicted secreted proteins, RAS pathway related proteins	Angiogenesis, Differentiation	Developmental protein	Cancer-related genes, Disease variant, FDA approved drug targets	Immune cell enhanced	basophil: 1.6	Low lineage specificity	Secreted to blood	Low tissue specificity	1	0	0	0	0	0	0	0	0	0	0	0	0	0	1	Granulocyte	1	0	2	1	Immune-cell-enriched
119	ANGPTL1	Angiopoietin-related protein 1	Predicted secreted proteins				Not detected in immune cells		Not detected	Secreted to blood	Tissue enhanced	1	0	0	0	0	0	0	0	0	0	0	0	0	0	0		1	0	0	0	Non-immune
120	ANGPTL2	Angiopoietin-related protein 2	Predicted intracellular proteins, Predicted secreted proteins				Not detected in immune cells		Not detected	Secreted to blood	Low tissue specificity	1	0	0	0	0	0	0	0	0	0	0	0	0	0	0		1	0	0	0	Non-immune
121	ANGPTL3	Angiopoietin-related protein 3	Disease related genes, FDA approved drug targets, Human disease related genes, Plasma proteins, Predicted secreted proteins	Angiogenesis, Cell adhesion, Lipid metabolism	Heparin-binding	FDA approved drug targets	Not detected in immune cells		Not detected	Secreted to blood	Tissue enriched	1	0	0	0	0	0	0	0	0	0	0	0	0	0	0		1	0	0	0	Non-immune
122	ANGPTL4	Angiopoietin-related protein 4	Plasma proteins, Predicted intracellular proteins, Predicted secreted proteins	Angiogenesis, Lipid metabolism			Immune cell enhanced	basophil: 3.3	Lineage enriched	Secreted to blood	Tissue enhanced	1	0	0	0	0	0	0	0	0	0	0	0	0	0	1	Granulocyte	1	0	2	1	Immune-cell-enriched
123	ANGPTL7	Angiopoietin-related protein 7	Predicted secreted proteins				Not detected in immune cells		Not detected	Secreted in other tissues	Tissue enhanced	1	0	0	0	0	0	0	0	0	0	0	0	0	0	0		1	0	0	0	Non-immune
124	ANK2	Ankyrin-2	Disease related genes, Human disease related genes, Plasma proteins, Potential drug targets, Predicted intracellular proteins, Transporters	Endocytosis, Protein transport, Transport		Disease variant, Long QT syndrome	Not detected in immune cells		Not detected		Tissue enhanced	1	0	0	0	0	0	0	0	0	0	0	0	0	0	0		0	0	0	0	Non-immune
125	ANKMY2	Ankyrin repeat and MYND domain-containing protein 2	Predicted intracellular proteins				Low immune cell specificity		Low lineage specificity		Low tissue specificity	1	0	0	0	0	0	0	0	0	0	0	0	0	0	0		0	0	0	0	Non-immune
126	ANKRA2	Ankyrin repeat family A protein 2	Predicted intracellular proteins				Low immune cell specificity		Low lineage specificity		Low tissue specificity	1	0	0	0	0	0	0	0	0	0	0	0	0	0	0		0	0	0	0	Non-immune
127	ANKRD54	Ankyrin repeat domain-containing protein 54	Predicted intracellular proteins				Low immune cell specificity		Low lineage specificity		Low tissue specificity	1	0	0	0	0	0	0	0	0	0	0	0	0	0	0		0	0	0	0	Non-immune
128	ANP32C	Acidic leucine-rich nuclear phosphoprotein 32 family member C										0	0	0	0	0	0	0	0	0	0	0	0	0	0	0		0	0	0	0	Non-immune
129	ANPEP	Aminopeptidase N	CD markers, Enzymes, Metabolic proteins, Plasma proteins, Predicted membrane proteins	Angiogenesis, Differentiation, Host-virus interaction	Aminopeptidase, Developmental protein, Host cell receptor for virus entry, Hydrolase, Metalloprotease, Protease, Receptor		Immune cell enriched	neutrophil: 227.8	Lineage enriched		Group enriched	1	0	0	0	0	0	0	0	0	0	0	0	0	0	1	Granulocyte	0	0	2	1	Immune-cell-enriched
130	ANXA1	Annexin A1	Cancer-related genes, FDA approved drug targets, Plasma proteins, Predicted intracellular proteins, Predicted secreted proteins, Transporters	Adaptive immunity, Immunity, Inflammatory response, Innate immunity	Phospholipase A2 inhibitor	Cancer-related genes, FDA approved drug targets	Immune cell enhanced	basophil: 2824.3	Low lineage specificity	Secreted to blood	Tissue enhanced	1	0	0	0	0	0	0	0	0	0	0	0	0	0	1	Granulocyte	1	1	3	1	Immune-cell-enriched
131	ANXA10	Annexin A10	Predicted intracellular proteins				Not detected in immune cells		Not detected		Tissue enriched	1	0	0	0	0	0	0	0	0	0	0	0	0	0	0		0	0	0	0	Non-immune
132	ANXA11	Annexin A11	Cancer-related genes, Disease related genes, Human disease related genes, Plasma proteins, Potential drug targets, Predicted intracellular proteins, Transporters	Cell cycle, Cell division		Amyotrophic lateral sclerosis, Cancer-related genes, Disease variant, Neurodegeneration	Immune cell enhanced	eosinophil: 445.0	Low lineage specificity		Low tissue specificity	1	0	0	0	0	0	0	0	0	0	0	0	0	0	1	Granulocyte	0	0	2	1	Immune-cell-enriched
133	ANXA2	Annexin A2	Cancer-related genes, Disease related genes, FDA approved drug targets, Plasma proteins, Predicted intracellular proteins, Predicted secreted proteins, Transporters	Host-virus interaction	RNA-binding	Cancer-related genes, FDA approved drug targets	Group enriched	basophil: 4446.3;classical monocyte: 2767.4;intermediate monocyte: 2404.9;myeloid DC: 4023.2;non-classical monocyte: 2699.3;T-reg: 1686.0	Low lineage specificity	Secreted to blood	Tissue enhanced	1	0	0	0	0	0	0	0	0	0	0	0	0	0	1	Myeloid/Monocyte;Granulocyte;T-cell;Dendritic	1	0	2	1	Immune-cell-enriched
134	ANXA3	Annexin A3	FDA approved drug targets, Metabolic proteins, Plasma proteins, Predicted intracellular proteins		Phospholipase A2 inhibitor	FDA approved drug targets	Immune cell enriched	neutrophil: 208.7	Lineage enriched		Tissue enhanced	1	0	0	0	0	0	0	0	0	0	0	0	0	0	1	Granulocyte	0	0	2	1	Immune-cell-enriched
135	ANXA4	Annexin A4	Cancer-related genes, FDA approved drug targets, Predicted intracellular proteins			Cancer-related genes, FDA approved drug targets	Low immune cell specificity		Low lineage specificity		Tissue enhanced	1	0	0	0	0	0	0	0	0	0	0	0	0	0	0		0	0	0	0	Non-immune
136	ANXA5	Annexin A5	Disease related genes, FDA approved drug targets, Plasma proteins, Predicted intracellular proteins, Transporters	Blood coagulation, Hemostasis		FDA approved drug targets	Low immune cell specificity		Low lineage specificity		Low tissue specificity	1	0	0	0	0	0	0	0	0	0	0	0	0	0	0		0	0	0	0	Non-immune
137	AOC1	Amiloride-sensitive amine oxidase [copper-containing]	Enzymes, Metabolic proteins, Predicted secreted proteins		Heparin-binding, Oxidoreductase		Immune cell enriched	eosinophil: 31.3	Lineage enriched	Secreted in other tissues	Group enriched	1	0	0	0	0	0	0	0	0	0	0	0	0	0	1	Granulocyte	1	0	2	1	Immune-cell-enriched
138	AOC3	Membrane primary amine oxidase	Cancer-related genes, Enzymes, FDA approved drug targets, Metabolic proteins, Plasma proteins, Predicted intracellular proteins	Cell adhesion	Oxidoreductase	Cancer-related genes, FDA approved drug targets	Not detected in immune cells		Not detected		Tissue enhanced	1	0	0	0	0	0	0	0	0	0	0	0	0	0	0		0	0	0	0	Non-immune
139	AP1G2	AP-1 complex subunit gamma-like 2	Predicted intracellular proteins	Host-virus interaction, Protein transport, Transport			Low immune cell specificity		Low lineage specificity		Low tissue specificity	1	0	0	0	0	0	0	0	0	0	0	0	0	0	0		0	0	0	0	Non-immune
140	AP2B1	AP-2 complex subunit beta	Cancer-related genes, Predicted intracellular proteins, Transporters	Endocytosis, Protein transport, Transport		Cancer-related genes	Low immune cell specificity		Low lineage specificity		Low tissue specificity	1	0	0	0	0	0	0	0	0	0	0	0	0	0	0		0	0	0	0	Non-immune
141	AP3B1	AP-3 complex subunit beta-1	Disease related genes, Human disease related genes, Plasma proteins, Predicted intracellular proteins	Protein transport, Transport		Albinism, Disease variant, Hermansky-Pudlak syndrome	Low immune cell specificity		Low lineage specificity		Low tissue specificity	1	0	0	0	0	0	0	0	0	0	0	0	0	0	0		0	0	0	0	Non-immune
142	AP3S2	AP-3 complex subunit sigma-2	Predicted intracellular proteins	Protein transport, Transport			Low immune cell specificity		Low lineage specificity		Low tissue specificity	1	0	0	0	0	0	0	0	0	0	0	0	0	0	0		0	0	0	0	Non-immune
143	APBB1IP	Amyloid beta A4 precursor protein-binding family B member 1-interacting protein	Predicted intracellular proteins				Immune cell enhanced	neutrophil: 183.4	Low lineage specificity		Tissue enhanced	1	0	0	0	0	0	0	0	0	0	0	0	0	0	1	Granulocyte	0	0	2	1	Immune-cell-enriched
144	APCS	Serum amyloid P-component	Disease related genes, Plasma proteins, Potential drug targets, Predicted secreted proteins, Transporters				Not detected in immune cells		Not detected	Secreted to blood	Tissue enriched	1	0	0	0	0	0	0	0	0	0	0	0	0	0	0		1	0	0	0	Non-immune
145	APEX1	DNA-(apurinic or apyrimidinic site) endonuclease	Cancer-related genes, Enzymes, Plasma proteins, Predicted intracellular proteins	DNA damage, DNA recombination, DNA repair, Transcription, Transcription regulation	Activator, DNA-binding, Endonuclease, Exonuclease, Hydrolase, Nuclease, Repressor, RNA-binding	Cancer-related genes	Low immune cell specificity		Low lineage specificity		Low tissue specificity	1	0	0	0	0	0	0	0	0	0	0	0	0	0	0		0	0	0	0	Non-immune
146	APLP1	Amyloid-like protein 1	Plasma proteins, Predicted intracellular proteins, Predicted membrane proteins	Apoptosis, Cell adhesion, Endocytosis	Heparin-binding	Neurodegeneration	Not detected in immune cells		Not detected		Tissue enriched	1	0	0	0	0	0	0	0	0	0	0	0	0	0	0		0	0	0	0	Non-immune
147	APOA1	Apolipoprotein A-I	Cancer-related genes, Candidate cardiovascular disease genes, Disease related genes, Human disease related genes, Plasma proteins, Predicted intracellular proteins, Predicted secreted proteins	Cholesterol metabolism, Lipid metabolism, Lipid transport, Steroid metabolism, Sterol metabolism, Transport		Amyloidosis, Atherosclerosis, Cancer-related genes, Disease variant, Neuropathy	Immune cell enhanced	plasmacytoid DC: 1.2	Low lineage specificity	Secreted to blood	Tissue enriched	1	0	0	0	0	0	0	0	0	0	0	0	0	0	1	Myeloid/Monocyte;Dendritic	1	0	2	1	Immune-cell-enriched
148	APOA2	Apolipoprotein A-II	Cancer-related genes, Candidate cardiovascular disease genes, Human disease related genes, Plasma proteins, Predicted intracellular proteins, Predicted secreted proteins, Transporters	Host-virus interaction, Lipid transport, Transport		Cancer-related genes	Not detected in immune cells		Not detected	Secreted to blood	Tissue enriched	1	0	0	0	0	0	0	0	0	0	0	0	0	0	0		1	0	0	0	Non-immune
149	APOA4	Apolipoprotein A-IV	Candidate cardiovascular disease genes, Plasma proteins, Predicted secreted proteins	Lipid transport, Transport		Amyloidosis, Disease variant	Not detected in immune cells		Not detected	Secreted to blood	Tissue enriched	1	0	0	0	0	0	0	0	0	0	0	0	0	0	0		1	0	0	0	Non-immune
150	APOB	Apolipoprotein B-100	Candidate cardiovascular disease genes, Disease related genes, Human disease related genes, Metabolic proteins, Plasma proteins, Predicted secreted proteins	Cholesterol metabolism, Lipid metabolism, Lipid transport, Steroid metabolism, Sterol metabolism, Transport	Heparin-binding	Atherosclerosis, Disease variant	Not detected in immune cells		Not detected	Secreted to blood	Group enriched	1	0	0	0	0	0	0	0	0	0	0	0	0	0	0		1	0	0	0	Non-immune
151	APOBR	Apolipoprotein B receptor	Predicted intracellular proteins	Cholesterol metabolism, Lipid metabolism, Lipid transport, Steroid metabolism, Sterol metabolism, Transport	Receptor	Atherosclerosis	Low immune cell specificity		Low lineage specificity		Group enriched	1	0	0	0	0	0	0	0	0	0	0	0	0	1	0		0	0	0	0	Soluble receptor
152	APOC1	Apolipoprotein C-I	Cancer-related genes, Candidate cardiovascular disease genes, Metabolic proteins, Plasma proteins, Predicted secreted proteins	Lipid transport, Transport		Cancer-related genes	Immune cell enriched	myeloid DC: 5.9	Lineage enriched	Secreted to blood	Tissue enriched	1	0	0	0	0	0	0	0	0	0	0	0	0	0	1	Myeloid/Monocyte;Dendritic	1	0	2	1	Immune-cell-enriched
153	APOD	Apolipoprotein D	Cancer-related genes, Candidate cardiovascular disease genes, Plasma proteins, Predicted secreted proteins	Transport		Cancer-related genes	Immune cell enriched	memory B-cell: 5.0	Lineage enriched	Secreted to blood	Tissue enhanced	1	0	0	0	0	0	0	0	0	0	0	0	0	0	1	B-cell	1	0	2	1	Immune-cell-enriched
154	APOE	Apolipoprotein E	Cancer-related genes, Candidate cardiovascular disease genes, Disease related genes, Human disease related genes, Metabolic proteins, Plasma proteins, Predicted secreted proteins	Cholesterol metabolism, Host-virus interaction, Lipid metabolism, Lipid transport, Steroid metabolism, Sterol metabolism, Transport	Heparin-binding	Alzheimer disease, Amyloidosis, Cancer-related genes, Disease variant, Hyperlipidemia, Neurodegeneration	Not detected in immune cells		Not detected	Secreted to blood	Tissue enhanced	1	0	0	0	0	0	0	0	0	0	0	0	0	0	0		1	0	0	0	Non-immune
155	APOF	Apolipoprotein F	Plasma proteins, Predicted secreted proteins	Cholesterol metabolism, Lipid metabolism, Lipid transport, Steroid metabolism, Sterol metabolism, Transport			Not detected in immune cells		Not detected	Secreted to blood	Tissue enriched	1	0	0	0	0	0	0	0	0	0	0	0	0	0	0		1	0	0	0	Non-immune
156	APOH	Beta-2-glycoprotein 1	Candidate cardiovascular disease genes, Plasma proteins, Predicted intracellular proteins, Predicted secreted proteins		Heparin-binding		Not detected in immune cells		Not detected	Secreted to blood	Tissue enriched	1	0	0	0	0	0	0	0	0	0	0	0	0	0	0		1	0	0	0	Non-immune
157	APOL1	Apolipoprotein L1	Candidate cardiovascular disease genes, Disease related genes, Human disease related genes, Plasma proteins, Potential drug targets, Predicted membrane proteins, Predicted secreted proteins, Transporters	Cholesterol metabolism, Lipid metabolism, Lipid transport, Steroid metabolism, Sterol metabolism, Transport		Disease variant	Low immune cell specificity		Low lineage specificity	Secreted to blood	Tissue enhanced	1	0	0	0	0	0	0	0	0	0	0	0	0	0	0		1	0	0	0	Non-immune
158	APOM	Apolipoprotein M	Plasma proteins, Predicted intracellular proteins, Predicted secreted proteins	Lipid transport, Transport			Immune cell enhanced	basophil: 3.0	Low lineage specificity	Secreted to blood	Tissue enriched	1	0	0	0	0	0	0	0	0	0	0	0	0	0	1	Granulocyte	1	0	2	1	Immune-cell-enriched
159	APP	Amyloid-beta precursor protein	Disease related genes, FDA approved drug targets, Human disease related genes, Plasma proteins, Predicted intracellular proteins, Predicted membrane proteins, Predicted secreted proteins, Transporters	Apoptosis, Cell adhesion, Endocytosis, Notch signaling pathway	Heparin-binding, Protease inhibitor, Serine protease inhibitor	Alzheimer disease, Amyloidosis, Disease variant, FDA approved drug targets, Neurodegeneration	Immune cell enriched	plasmacytoid DC: 36.4	Lineage enriched	Secreted to blood	Low tissue specificity	1	0	0	0	0	0	0	0	0	0	0	0	0	0	1	Myeloid/Monocyte;Dendritic	1	0	2	1	Immune-cell-enriched
160	APPL2	DCC-interacting protein 13-beta	Disease related genes, Predicted intracellular proteins	Cell cycle			Immune cell enhanced	neutrophil: 21.2	Low lineage specificity		Low tissue specificity	1	0	0	0	0	0	0	0	0	0	0	0	0	0	1	Granulocyte	0	0	2	1	Immune-cell-enriched
161	APRT	Adenine phosphoribosyltransferase	Disease related genes, Enzymes, Human disease related genes, Metabolic proteins, Plasma proteins, Potential drug targets, Predicted intracellular proteins	Purine salvage	Glycosyltransferase, Transferase	Disease variant	Low immune cell specificity		Low lineage specificity		Low tissue specificity	1	0	0	0	0	0	0	0	0	0	0	0	0	0	0		0	0	0	0	Non-immune
162	ARAF	Serine/threonine-protein kinase A-Raf	Enzymes, Human disease related genes, Plasma proteins, Predicted intracellular proteins		Kinase, Serine/threonine-protein kinase, Transferase	Proto-oncogene	Low immune cell specificity		Low lineage specificity		Low tissue specificity	1	0	0	0	0	0	0	0	0	0	0	0	0	0	0		0	0	0	0	Non-immune
163	AREG	Amphiregulin	Cancer-related genes, Human disease related genes, Predicted membrane proteins		Cytokine, Growth factor	Cancer-related genes	Group enriched	basophil: 11.0;eosinophil: 11.8;NK-cell: 3.8	Group enriched		Tissue enhanced	1	0	0	0	0	0	0	0	0	0	0	0	0	0	1	Granulocyte;NK-cell	0	0	2	1	Immune-cell-enriched
164	ARF6	ADP-ribosylation factor 6	Enzymes, Predicted intracellular proteins, RAS pathway related proteins	Cell cycle, Cell division, Differentiation, Neurogenesis, Protein transport, Transport	Hydrolase		Low immune cell specificity		Low lineage specificity		Low tissue specificity	1	0	0	0	0	0	0	0	0	0	0	0	0	0	0		0	0	0	0	Non-immune
165	ARFIP1	Arfaptin-1	Predicted intracellular proteins				Low immune cell specificity		Low lineage specificity		Low tissue specificity	1	0	0	0	0	0	0	0	0	0	0	0	0	0	0		0	0	0	0	Non-immune
166	ARG1	Arginase-1	Disease related genes, Enzymes, Human disease related genes, Metabolic proteins, Plasma proteins, Potential drug targets, Predicted intracellular proteins	Adaptive immunity, Arginine metabolism, Immunity, Innate immunity, Urea cycle	Hydrolase	Disease variant	Immune cell enriched	neutrophil: 45.0	Lineage enriched		Tissue enriched	1	0	0	0	0	0	0	0	0	0	0	0	0	0	1	Granulocyte	0	1	3	1	Immune-cell-enriched
167	ARG2	Arginase-2, mitochondrial	Cancer-related genes, Enzymes, Metabolic proteins, Predicted intracellular proteins	Adaptive immunity, Arginine metabolism, Immunity, Innate immunity, Urea cycle	Hydrolase	Cancer-related genes	Not detected in immune cells		Not detected		Tissue enhanced	1	0	0	0	0	0	0	0	0	0	0	0	0	0	0		0	1	1	0	Other immune-annotated
168	ARHGAP1	Rho GTPase-activating protein 1	Plasma proteins, Predicted intracellular proteins, Predicted membrane proteins		GTPase activation		Low immune cell specificity		Low lineage specificity		Low tissue specificity	1	0	0	0	0	0	0	0	0	0	0	0	0	0	0		0	0	0	0	Non-immune
169	ARHGAP25	Rho GTPase-activating protein 25	Plasma proteins, Predicted intracellular proteins		GTPase activation		Immune cell enhanced	neutrophil: 659.6	Low lineage specificity		Tissue enhanced	1	0	0	0	0	0	0	0	0	0	0	0	0	0	1	Granulocyte	0	0	2	1	Immune-cell-enriched
170	ARHGAP30	Rho GTPase-activating protein 30	Predicted intracellular proteins		GTPase activation		Low immune cell specificity		Low lineage specificity		Tissue enhanced	1	0	0	0	0	0	0	0	0	0	0	0	0	0	0		0	0	0	0	Non-immune
171	ARHGAP45	Rho GTPase-activating protein 45	Plasma proteins, Predicted intracellular proteins		GTPase activation		Low immune cell specificity		Low lineage specificity		Group enriched	1	0	0	0	0	0	0	0	0	0	0	0	0	0	0		0	0	0	0	Non-immune
172	ARHGAP5	Rho GTPase-activating protein 5	Plasma proteins, Predicted intracellular proteins		GTPase activation		Low immune cell specificity		Low lineage specificity		Low tissue specificity	1	0	0	0	0	0	0	0	0	0	0	0	0	0	0		0	0	0	0	Non-immune
173	ARHGEF1	Rho guanine nucleotide exchange factor 1	Disease related genes, Human disease related genes, Plasma proteins, Predicted intracellular proteins		GTPase activation, Guanine-nucleotide releasing factor		Low immune cell specificity		Low lineage specificity		Tissue enhanced	1	0	0	0	0	0	0	0	0	0	0	0	0	0	0		0	0	0	0	Non-immune
174	ARHGEF10	Rho guanine nucleotide exchange factor 10	Disease related genes, Predicted intracellular proteins		Guanine-nucleotide releasing factor	Disease variant	Not detected in immune cells		Not detected		Low tissue specificity	1	0	0	0	0	0	0	0	0	0	0	0	0	0	0		0	0	0	0	Non-immune
175	ARHGEF12	Rho guanine nucleotide exchange factor 12	Cancer-related genes, Disease related genes, Predicted intracellular proteins		GTPase activation, Guanine-nucleotide releasing factor	Cancer-related genes, Proto-oncogene	Not detected in immune cells		Not detected		Low tissue specificity	1	0	0	0	0	0	0	0	0	0	0	0	0	0	0		0	0	0	0	Non-immune
176	ARHGEF5	Rho guanine nucleotide exchange factor 5	Essential proteins, Predicted intracellular proteins		Guanine-nucleotide releasing factor	Proto-oncogene	Immune cell enhanced	T-reg: 1.8	Low lineage specificity		Tissue enhanced	1	0	0	0	0	0	0	0	0	0	0	0	0	0	1	T-cell	0	0	2	1	Immune-cell-enriched
177	ARID3A	AT-rich interactive domain-containing protein 3A	Predicted intracellular proteins, Transcription factors	Transcription, Transcription regulation	DNA-binding		Immune cell enhanced	plasmacytoid DC: 6.3	Low lineage specificity		Tissue enhanced	1	0	0	0	0	0	0	0	0	0	0	0	0	0	1	Myeloid/Monocyte;Dendritic	0	0	2	1	Immune-cell-enriched
178	ARID4B	AT-rich interactive domain-containing protein 4B	Metabolic proteins, Predicted intracellular proteins, Transcription factors	Transcription, Transcription regulation	Chromatin regulator, DNA-binding		Low immune cell specificity		Low lineage specificity		Low tissue specificity	1	0	0	0	0	0	0	0	0	0	0	0	0	0	0		0	0	0	0	Non-immune
179	ARL13B	ADP-ribosylation factor-like protein 13B	Disease related genes, Human disease related genes, Predicted intracellular proteins			Ciliopathy, Disease variant, Joubert syndrome	Low immune cell specificity		Low lineage specificity		Tissue enhanced	1	0	0	0	0	0	0	0	0	0	0	0	0	0	0		0	0	0	0	Non-immune
180	ARL2BP	ADP-ribosylation factor-like protein 2-binding protein	Disease related genes, Human disease related genes, Predicted intracellular proteins			Ciliopathy, Disease variant	Low immune cell specificity		Low lineage specificity		Low tissue specificity	1	0	0	0	0	0	0	0	0	0	0	0	0	0	0		0	0	0	0	Non-immune
181	ARMCX2	Armadillo repeat-containing X-linked protein 2	Predicted intracellular proteins, Predicted membrane proteins				Low immune cell specificity		Low lineage specificity		Tissue enhanced	1	0	0	0	0	0	0	0	0	0	0	0	0	0	0		0	0	0	0	Non-immune
182	ARNT	Aryl hydrocarbon receptor nuclear translocator	Cancer-related genes, Predicted intracellular proteins, Transcription factors	Transcription, Transcription regulation	Activator, DNA-binding	Cancer-related genes	Low immune cell specificity		Low lineage specificity		Low tissue specificity	1	0	0	0	0	0	0	0	0	0	0	0	0	1	0		0	0	0	0	Soluble receptor
183	ARNTL	Aryl hydrocarbon receptor nuclear translocator-like protein 1										0	0	0	0	0	0	0	0	0	0	0	0	0	1	0		0	0	0	0	Soluble receptor
184	ARSA	Arylsulfatase A	Disease related genes, Enzymes, Human disease related genes, Metabolic proteins, Potential drug targets, Predicted intracellular proteins	Lipid metabolism	Hydrolase	Disease variant, Ichthyosis, Leukodystrophy, Metachromatic leukodystrophy	Low immune cell specificity		Low lineage specificity	Intracellular and membrane	Low tissue specificity	1	0	0	0	0	0	0	0	0	0	0	0	0	0	0		0	0	0	0	Non-immune
185	ARSB	Arylsulfatase B	Disease related genes, Enzymes, Human disease related genes, Metabolic proteins, Plasma proteins, Potential drug targets, Predicted intracellular proteins		Hydrolase	Disease variant, Ichthyosis, Leukodystrophy, Metachromatic leukodystrophy, Mucopolysaccharidosis	Immune cell enhanced	eosinophil: 25.5	Group enriched	Intracellular and membrane	Low tissue specificity	1	0	0	0	0	0	0	0	0	0	0	0	0	0	1	Granulocyte	0	0	2	1	Immune-cell-enriched
186	ART3	Ecto-ADP-ribosyltransferase 3	Enzymes, Metabolic proteins, Predicted intracellular proteins, Predicted membrane proteins		Glycosyltransferase, Nucleotidyltransferase, Transferase		Not detected in immune cells		Not detected	Intracellular and membrane	Group enriched	1	0	0	0	0	0	0	0	0	0	0	0	0	0	0		0	0	0	0	Non-immune
187	ART5	Ecto-ADP-ribosyltransferase 5	Enzymes, Metabolic proteins, Predicted intracellular proteins, Predicted secreted proteins		Glycosyltransferase, Nucleotidyltransferase, Transferase		Not detected in immune cells		Not detected	Secreted in other tissues	Tissue enhanced	1	0	0	0	0	0	0	0	0	0	0	0	0	0	0		1	0	0	0	Non-immune
188	ARTN	Artemin	Predicted intracellular proteins, Predicted secreted proteins		Growth factor		Not detected in immune cells		Not detected	Secreted in other tissues	Low tissue specificity	1	0	0	0	0	0	0	0	0	0	0	0	0	0	0		1	0	0	0	Non-immune
189	ASAH1	Acid ceramidase	Disease related genes, Enzymes, Human disease related genes, Metabolic proteins, Potential drug targets, Predicted intracellular proteins, Predicted membrane proteins	Lipid metabolism, Sphingolipid metabolism	Hydrolase	Disease variant, Epilepsy, Neurodegeneration	Low immune cell specificity		Low lineage specificity	Intracellular and membrane	Tissue enhanced	1	0	0	0	0	0	0	0	0	0	0	0	0	0	0		0	0	0	0	Non-immune
190	ASAH2	Neutral ceramidase	Enzymes, Metabolic proteins, Predicted intracellular proteins	Apoptosis, Lipid metabolism, Sphingolipid metabolism	Hydrolase		Not detected in immune cells		Not detected	Intracellular and membrane	Tissue enriched	1	0	0	0	0	0	0	0	0	0	0	0	0	0	0		0	0	0	0	Non-immune
191	ASGR1	Asialoglycoprotein receptor 1	Predicted intracellular proteins, Predicted secreted proteins	Endocytosis, Host-virus interaction	Receptor		Group enriched	classical monocyte: 115.4;intermediate monocyte: 55.6;myeloid DC: 41.2	Group enriched	Secreted to blood	Tissue enriched	1	0	0	0	0	0	0	0	0	0	0	0	0	1	1	Myeloid/Monocyte;Dendritic	1	0	2	1	Immune-cell-enriched
192	ASGR2	Asialoglycoprotein receptor 2	Plasma proteins, Predicted intracellular proteins, Predicted membrane proteins	Endocytosis, Host-virus interaction	Receptor		Group enriched	classical monocyte: 110.6;myeloid DC: 64.9	Group enriched		Tissue enriched	1	0	0	0	0	0	0	0	0	0	0	0	0	1	1	Myeloid/Monocyte;Dendritic	0	0	2	1	Immune-cell-enriched
193	ASPN	Asporin	Disease related genes, Human disease related genes, Plasma proteins, Predicted intracellular proteins, Predicted secreted proteins	Biomineralization			Immune cell enriched	basophil: 1.8	Lineage enriched	Secreted to extracellular matrix	Tissue enhanced	1	0	0	0	0	0	0	0	0	0	0	0	0	0	1	Granulocyte	1	0	2	1	Immune-cell-enriched
194	ASPSCR1	Tether containing UBX domain for GLUT4	Cancer-related genes, Disease related genes, Human disease related genes, Predicted intracellular proteins			Cancer-related genes, Proto-oncogene	Low immune cell specificity		Low lineage specificity		Low tissue specificity	1	0	0	0	0	0	0	0	0	0	0	0	0	0	0		0	0	0	0	Non-immune
195	ASRGL1	Isoaspartyl peptidase/L-asparaginase	Enzymes, Metabolic proteins, Predicted intracellular proteins		Hydrolase, Protease		Immune cell enhanced	basophil: 279.2;eosinophil: 270.3	Lineage enriched		Tissue enhanced	1	0	0	0	0	0	0	0	0	0	0	0	0	0	1	Granulocyte	0	0	2	1	Immune-cell-enriched
196	ASS1	Argininosuccinate synthase	Disease related genes, Enzymes, Human disease related genes, Metabolic proteins, Plasma proteins, Potential drug targets, Predicted intracellular proteins	Amino-acid biosynthesis, Arginine biosynthesis, Urea cycle	Ligase	Disease variant	Immune cell enriched	plasmacytoid DC: 1.5	Lineage enriched		Group enriched	1	0	0	0	0	0	0	0	0	0	0	0	0	0	1	Myeloid/Monocyte;Dendritic	0	0	2	1	Immune-cell-enriched
197	ATF2	Cyclic AMP-dependent transcription factor ATF-2	Predicted intracellular proteins, Transcription factors	DNA damage, Transcription, Transcription regulation	Activator, DNA-binding		Low immune cell specificity		Low lineage specificity		Low tissue specificity	1	0	0	0	0	0	0	0	0	0	0	0	0	0	0		0	0	0	0	Non-immune
198	ATF4	Cyclic AMP-dependent transcription factor ATF-4	Predicted intracellular proteins, Transcription factors	Biological rhythms, Transcription, Transcription regulation	Activator, DNA-binding, Repressor		Low immune cell specificity		Low lineage specificity		Low tissue specificity	1	0	0	0	0	0	0	0	0	0	0	0	0	0	0		0	0	0	0	Non-immune
199	ATG16L1	Autophagy-related protein 16-1	Disease related genes, Human disease related genes, Potential drug targets, Predicted intracellular proteins, Transporters	Autophagy, Protein transport, Transport			Low immune cell specificity		Low lineage specificity		Low tissue specificity	1	0	0	0	0	0	0	0	0	0	0	0	0	0	0		0	0	0	0	Non-immune
200	ATG4A	Cysteine protease ATG4A	Enzymes, Predicted intracellular proteins	Autophagy, Lipid metabolism, Protein transport, Transport, Ubl conjugation pathway	Hydrolase, Protease, Thiol protease		Low immune cell specificity		Low lineage specificity		Low tissue specificity	1	0	0	0	0	0	0	0	0	0	0	0	0	0	0		0	0	0	0	Non-immune
201	ATOX1	Copper transport protein ATOX1	Predicted intracellular proteins	Copper transport, Ion transport, Transport	Chaperone		Low immune cell specificity		Low lineage specificity		Low tissue specificity	1	0	0	0	0	0	0	0	0	0	0	0	0	0	0		0	0	0	0	Non-immune
202	ATP1B1	Sodium/potassium-transporting ATPase subunit beta-1	Metabolic proteins, Predicted intracellular proteins, Predicted membrane proteins, Transporters	Cell adhesion, Immunity, Innate immunity, Ion transport, Potassium transport, Sodium transport, Sodium/potassium transport, Transport			Immune cell enhanced	basophil: 14.7	Low lineage specificity		Tissue enhanced	1	0	0	0	0	0	0	0	0	0	0	0	0	0	1	Granulocyte	0	1	3	1	Immune-cell-enriched
203	ATP1B2	Sodium/potassium-transporting ATPase subunit beta-2	Metabolic proteins, Predicted intracellular proteins, Predicted membrane proteins	Cell adhesion, Ion transport, Potassium transport, Sodium transport, Sodium/potassium transport, Transport			Not detected in immune cells		Not detected		Group enriched	1	0	0	0	0	0	0	0	0	0	0	0	0	0	0		0	0	0	0	Non-immune
204	ATP1B3	Sodium/potassium-transporting ATPase subunit beta-3	CD markers, Metabolic proteins, Predicted intracellular proteins, Predicted membrane proteins, Transporters	Ion transport, Potassium transport, Sodium transport, Sodium/potassium transport, Transport			Low immune cell specificity		Low lineage specificity		Low tissue specificity	1	0	0	0	0	0	0	0	0	0	0	0	0	0	0		0	0	0	0	Non-immune
205	ATP1B4	Protein ATP1B4	Metabolic proteins, Predicted intracellular proteins, Predicted membrane proteins	Transcription, Transcription regulation			Not detected in immune cells		Not detected		Group enriched	1	0	0	0	0	0	0	0	0	0	0	0	0	0	0		0	0	0	0	Non-immune
206	ATP2B4	Plasma membrane calcium-transporting ATPase 4	Enzymes, FDA approved drug targets, Metabolic proteins, Predicted intracellular proteins, Predicted membrane proteins, Transporters	Calcium transport, Ion transport, Transport	Calmodulin-binding, Translocase	FDA approved drug targets	Low immune cell specificity		Low lineage specificity		Tissue enhanced	1	0	0	0	0	0	0	0	0	0	0	0	0	0	0		0	0	0	0	Non-immune
207	ATP5F1D	ATP synthase subunit delta, mitochondrial	Disease related genes, Essential proteins, Human disease related genes, Metabolic proteins, Potential drug targets, Predicted intracellular proteins, Transporters	ATP synthesis, Hydrogen ion transport, Ion transport, Transport		Disease variant, Primary mitochondrial disease	Low immune cell specificity		Low lineage specificity		Tissue enhanced	1	0	0	0	0	0	0	0	0	0	0	0	0	0	0		0	0	0	0	Non-immune
208	ATP5IF1	ATPase inhibitor, mitochondrial	Predicted intracellular proteins, Transporters				Low immune cell specificity		Low lineage specificity		Low tissue specificity	1	0	0	0	0	0	0	0	0	0	0	0	0	0	0		0	0	0	0	Non-immune
209	ATP5PO	ATP synthase subunit O, mitochondrial	Essential proteins, Metabolic proteins, Plasma proteins, Predicted intracellular proteins, Transporters	ATP synthesis, Hydrogen ion transport, Ion transport, Transport		Disease variant, Primary mitochondrial disease	Low immune cell specificity		Low lineage specificity		Tissue enhanced	1	0	0	0	0	0	0	0	0	0	0	0	0	0	0		0	0	0	0	Non-immune
210	ATP6AP2	Renin receptor	Disease related genes, Essential proteins, Human disease related genes, Potential drug targets, Predicted intracellular proteins, Predicted membrane proteins, Transporters		Receptor	Congenital disorder of glycosylation, Disease variant, Epilepsy, Intellectual disability, Neurodegeneration, Parkinsonism	Low immune cell specificity		Low lineage specificity		Tissue enriched	1	0	0	0	0	0	0	0	0	0	0	0	0	1	0		0	0	0	0	Soluble receptor
211	ATP6V1D	V-type proton ATPase subunit D	Essential proteins, Metabolic proteins, Predicted intracellular proteins	Cilium biogenesis/degradation, Hydrogen ion transport, Ion transport, Transport			Low immune cell specificity		Low lineage specificity		Low tissue specificity	1	0	0	0	0	0	0	0	0	0	0	0	0	0	0		0	0	0	0	Non-immune
212	ATP6V1F	V-type proton ATPase subunit F	Essential proteins, Metabolic proteins, Predicted intracellular proteins, Transporters	Hydrogen ion transport, Ion transport, Transport			Low immune cell specificity		Low lineage specificity		Low tissue specificity	1	0	0	0	0	0	0	0	0	0	0	0	0	0	0		0	0	0	0	Non-immune
213	ATP6V1G1	V-type proton ATPase subunit G 1	Essential proteins, Metabolic proteins, Plasma proteins, Predicted intracellular proteins, Transporters	Hydrogen ion transport, Ion transport, Transport			Low immune cell specificity		Low lineage specificity		Low tissue specificity	1	0	0	0	0	0	0	0	0	0	0	0	0	0	0		0	0	0	0	Non-immune
214	ATP6V1G2	V-type proton ATPase subunit G 2	Metabolic proteins, Predicted intracellular proteins	Hydrogen ion transport, Ion transport, Transport			Not detected in immune cells		Not detected		Tissue enriched	1	0	0	0	0	0	0	0	0	0	0	0	0	0	0		0	0	0	0	Non-immune
215	ATRAID	All-trans retinoic acid-induced differentiation factor	Predicted intracellular proteins, Predicted membrane proteins	Differentiation			Low immune cell specificity		Low lineage specificity		Low tissue specificity	1	0	0	0	0	0	0	0	0	0	0	0	0	0	0		0	0	0	0	Non-immune
216	ATRN	Attractin, Isoform 2	Plasma proteins, Predicted membrane proteins, Predicted secreted proteins	Inflammatory response	Receptor		Low immune cell specificity		Low lineage specificity	Secreted to blood	Low tissue specificity	1	0	0	0	0	0	0	0	0	0	0	0	0	0	0		1	1	1	0	Other immune-annotated
217	ATXN10	Ataxin-10	Disease related genes, Essential proteins, Human disease related genes, Predicted intracellular proteins	Cell cycle, Cell division		Ciliopathy, Neurodegeneration, Spinocerebellar ataxia	Low immune cell specificity		Low lineage specificity		Low tissue specificity	1	0	0	0	0	0	0	0	0	0	0	0	0	0	0		0	0	0	0	Non-immune
218	ATXN2	Ataxin-2	Disease related genes, Human disease related genes, Predicted intracellular proteins			Amyotrophic lateral sclerosis, Neurodegeneration, Parkinsonism, Spinocerebellar ataxia	Low immune cell specificity		Low lineage specificity		Low tissue specificity	1	0	0	0	0	0	0	0	0	0	0	0	0	0	0		0	0	0	0	Non-immune
219	ATXN2L	Ataxin-2-like protein	Plasma proteins, Predicted intracellular proteins				Low immune cell specificity		Low lineage specificity		Low tissue specificity	1	0	0	0	0	0	0	0	0	0	0	0	0	0	0		0	0	0	0	Non-immune
220	ATXN3	Ataxin-3	Disease related genes, Enzymes, Human disease related genes, Plasma proteins, Potential drug targets, Predicted intracellular proteins, Predicted membrane proteins	Transcription, Transcription regulation, Ubl conjugation pathway	Hydrolase, Protease, Thiol protease	Neurodegeneration, Spinocerebellar ataxia	Low immune cell specificity		Low lineage specificity		Low tissue specificity	1	0	0	0	0	0	0	0	0	0	0	0	0	0	0		0	0	0	0	Non-immune
221	AXIN1	Axin-1	Cancer-related genes, Disease related genes, Human disease related genes, Plasma proteins, Predicted intracellular proteins	Apoptosis, Wnt signaling pathway	Developmental protein	Cancer-related genes, Disease variant, Tumor suppressor	Low immune cell specificity		Low lineage specificity		Low tissue specificity	1	0	0	0	0	0	0	0	0	0	0	0	0	0	0		0	0	0	0	Non-immune
222	AXL	Tyrosine-protein kinase receptor UFO	Disease related genes, Enzymes, FDA approved drug targets, Plasma proteins, Predicted membrane proteins	Differentiation, Host-virus interaction, Immunity, Innate immunity	Host cell receptor for virus entry, Kinase, Receptor, Transferase, Tyrosine-protein kinase	FDA approved drug targets, Oncogene, Proto-oncogene	Immune cell enhanced	NK-cell: 11.3;plasmacytoid DC: 25.8	Group enriched		Low tissue specificity	1	0	0	0	0	0	0	0	0	0	0	0	0	1	1	Myeloid/Monocyte;NK-cell;Dendritic	0	1	3	1	Immune-cell-enriched
223	AZI2	5-azacytidine-induced protein 2	Predicted intracellular proteins	Host-virus interaction			Low immune cell specificity		Low lineage specificity		Low tissue specificity	1	0	0	0	0	0	0	0	0	0	0	0	0	0	0		0	0	0	0	Non-immune
224	AZU1	Azurocidin	Enzymes, Plasma proteins, Predicted intracellular proteins, Predicted secreted proteins	Chemotaxis	Antibiotic, Antimicrobial, Heparin-binding, Serine protease homolog		Immune cell enriched	neutrophil: 3.3	Lineage enriched	Secreted to blood	Tissue enriched	1	0	0	0	0	0	0	0	0	0	0	0	0	0	1	Granulocyte	1	0	2	1	Immune-cell-enriched
225	B2M	Beta-2-microglobulin	Cancer-related genes, Disease related genes, Human disease related genes, Plasma proteins, Potential drug targets, Predicted secreted proteins, Transporters	Immunity		Amyloidosis, Cancer-related genes, Disease variant	Low immune cell specificity		Low lineage specificity	Secreted to blood	Low tissue specificity	1	0	0	0	0	0	0	0	0	0	0	1	0	0	0		1	1	2	1	HLA/Antigen presentation
226	B3GAT3	Galactosylgalactosylxylosylprotein 3-beta-glucuronosyltransferase 3	Disease related genes, Enzymes, Human disease related genes, Metabolic proteins, Potential drug targets, Predicted intracellular proteins, Predicted membrane proteins		Transferase	Disease variant	Low immune cell specificity		Low lineage specificity		Low tissue specificity	1	0	0	0	0	0	0	0	0	0	0	0	0	0	0		0	0	0	0	Non-immune
227	B3GNT7	UDP-GlcNAc:betaGal beta-1,3-N-acetylglucosaminyltransferase 7	Metabolic proteins, Predicted intracellular proteins		Glycosyltransferase, Transferase		Immune cell enhanced	NK-cell: 32.2	Low lineage specificity		Tissue enhanced	1	0	0	0	0	0	0	0	0	0	0	0	0	0	1	NK-cell	0	0	2	1	Immune-cell-enriched
228	B4GALT1	Beta-1,4-galactosyltransferase 1	Disease related genes, Enzymes, Human disease related genes, Metabolic proteins, Plasma proteins, Potential drug targets, Predicted membrane proteins	Lipid metabolism	Glycosyltransferase, Transferase	Congenital disorder of glycosylation, Disease variant	Immune cell enhanced	plasmacytoid DC: 215.8	Low lineage specificity	Intracellular and membrane	Low tissue specificity	1	0	0	0	0	0	0	0	0	0	0	0	0	0	1	Myeloid/Monocyte;Dendritic	0	0	2	1	Immune-cell-enriched
229	B4GAT1	Beta-1,4-glucuronyltransferase 1	Disease related genes, Human disease related genes, Metabolic proteins, Plasma proteins, Predicted intracellular proteins		Glycosyltransferase, Transferase	Congenital muscular dystrophy, Disease variant, Dystroglycanopathy, Lissencephaly	Low immune cell specificity		Low lineage specificity	Intracellular and membrane	Tissue enhanced	0	0	0	0	0	0	0	0	0	0	0	0	0	0	0		0	0	0	0	Non-immune
230	BABAM1	BRISC and BRCA1-A complex member 1	Predicted intracellular proteins	Cell cycle, Cell division, DNA damage, DNA repair, Mitosis, Ubl conjugation pathway	Chromatin regulator		Low immune cell specificity		Low lineage specificity		Low tissue specificity	1	0	0	0	0	0	0	0	0	0	0	0	0	0	0		0	0	0	0	Non-immune
231	BACH1	Transcription regulator protein BACH1	Plasma proteins, Predicted intracellular proteins, Transcription factors	Transcription, Transcription regulation	Activator, DNA-binding, Repressor		Immune cell enhanced	neutrophil: 151.1	Group enriched		Tissue enhanced	1	0	0	0	0	0	0	0	0	0	0	0	0	0	1	Granulocyte	0	0	2	1	Immune-cell-enriched
232	BAG3	BAG family molecular chaperone regulator 3	Disease related genes, Human disease related genes, Plasma proteins, Predicted intracellular proteins	Apoptosis	Chaperone	Cardiomyopathy, Charcot-Marie-Tooth disease, Disease variant, Myofibrillar myopathy, Neurodegeneration, Neuropathy	Immune cell enhanced	naive CD4 T-cell: 4.1	Lineage enriched		Tissue enhanced	1	0	0	0	0	0	0	0	0	0	0	0	0	0	1	T-cell	0	0	2	1	Immune-cell-enriched
233	BAG4	BAG family molecular chaperone regulator 4	Predicted intracellular proteins		Chaperone		Low immune cell specificity		Low lineage specificity		Low tissue specificity	1	0	0	0	0	0	0	0	0	0	0	0	0	0	0		0	0	0	0	Non-immune
234	BAG6	Large proline-rich protein BAG6	Predicted intracellular proteins	Apoptosis, Differentiation, Immunity, Spermatogenesis, Transport	Chaperone, Chromatin regulator		Low immune cell specificity		Low lineage specificity	Intracellular and membrane	Low tissue specificity	1	0	0	0	0	0	0	0	0	0	0	0	0	0	0		0	1	1	0	Other immune-annotated
235	BAIAP2	Brain-specific angiogenesis inhibitor 1-associated protein 2	Plasma proteins, Predicted intracellular proteins				Immune cell enhanced	plasmacytoid DC: 21.3	Low lineage specificity		Low tissue specificity	1	0	0	0	0	0	0	0	0	0	0	0	0	0	1	Myeloid/Monocyte;Dendritic	0	0	2	1	Immune-cell-enriched
236	BAMBI	BMP and activin membrane-bound inhibitor homolog	Plasma proteins, Predicted membrane proteins				Not detected in immune cells		Not detected		Low tissue specificity	1	0	0	0	0	0	0	0	0	0	0	0	0	0	0		0	0	0	0	Non-immune
237	BANK1	B-cell scaffold protein with ankyrin repeats	Disease related genes, Human disease related genes, Predicted intracellular proteins	B-cell activation		Systemic lupus erythematosus	Group enriched	memory B-cell: 311.4;naive B-cell: 254.2	Lineage enriched		Tissue enriched	1	0	0	0	0	0	0	0	0	0	0	0	0	0	1	B-cell	0	0	2	1	Immune-cell-enriched
238	BAP18	Chromatin complexes subunit BAP18										0	0	0	0	0	0	0	0	0	0	0	0	0	0	0		0	0	0	0	Non-immune
239	BATF	Basic leucine zipper transcriptional factor ATF-like	Predicted intracellular proteins, Transcription factors	Differentiation, Transcription, Transcription regulation	Activator, DNA-binding, Repressor		Low immune cell specificity		Lineage enriched		Tissue enhanced	1	0	0	0	0	0	0	0	0	0	0	0	0	0	0		0	0	0	0	Non-immune
240	BAX	Apoptosis regulator BAX	Cancer-related genes, Human disease related genes, Predicted intracellular proteins, Transporters	Apoptosis, Host-virus interaction		Cancer-related genes, Tumor suppressor	Low immune cell specificity		Low lineage specificity		Low tissue specificity	1	0	0	0	0	0	0	0	0	0	0	0	0	0	0		0	0	0	0	Non-immune
241	BCAM	Basal cell adhesion molecule	Blood group antigen proteins, CD markers, Plasma proteins, Predicted intracellular proteins, Predicted membrane proteins	Cell adhesion	Blood group antigen, Receptor		Not detected in immune cells		Not detected		Tissue enhanced	1	0	0	0	0	0	0	0	0	0	0	0	0	0	0		1	1	1	0	Other immune-annotated
242	BCAN	Brevican core protein	Plasma proteins, Predicted secreted proteins				Immune cell enriched	basophil: 7.8	Lineage enriched	Secreted in brain	Tissue enriched	1	0	0	0	0	0	0	0	0	0	0	0	0	0	1	Granulocyte	1	0	2	1	Immune-cell-enriched
243	BCAT1	Branched-chain-amino-acid aminotransferase, cytosolic	Enzymes, Metabolic proteins, Predicted intracellular proteins	Amino-acid biosynthesis, Branched-chain amino acid biosynthesis, Lipid metabolism	Aminotransferase, Transferase		Immune cell enhanced	non-classical monocyte: 17.3	Group enriched		Tissue enhanced	1	0	0	0	0	0	0	0	0	0	0	0	0	0	1	Myeloid/Monocyte	0	0	2	1	Immune-cell-enriched
244	BCAT2	Branched-chain-amino-acid aminotransferase, mitochondrial	Disease related genes, Enzymes, Human disease related genes, Metabolic proteins, Potential drug targets, Predicted intracellular proteins	Amino-acid biosynthesis, Branched-chain amino acid biosynthesis, Lipid metabolism	Aminotransferase, Transferase	Disease variant	Low immune cell specificity		Low lineage specificity		Tissue enhanced	1	0	0	0	0	0	0	0	0	0	0	0	0	0	0		0	0	0	0	Non-immune
245	BCHE	Cholinesterase	Disease related genes, Enzymes, FDA approved drug targets, Human disease related genes, Metabolic proteins, Plasma proteins, Predicted intracellular proteins, Predicted secreted proteins		Hydrolase, Serine esterase	Disease variant, FDA approved drug targets	Not detected in immune cells		Not detected	Secreted to blood	Tissue enriched	1	0	0	0	0	0	0	0	0	0	0	0	0	0	0		1	0	0	0	Non-immune
246	BCL2	Apoptosis regulator Bcl-2	Cancer-related genes, Disease related genes, FDA approved drug targets, Human disease related genes, Plasma proteins, Predicted intracellular proteins, Predicted membrane proteins, Transporters	Apoptosis, Autophagy		Cancer-related genes, Disease variant, FDA approved drug targets, Proto-oncogene	Low immune cell specificity		Group enriched		Low tissue specificity	1	0	0	0	0	0	0	0	0	0	0	0	0	0	0		0	0	0	0	Non-immune
247	BCL2L1	Bcl-2-like protein 1	Cancer-related genes, Essential proteins, Predicted membrane proteins, RAS pathway related proteins, Transporters	Apoptosis, Endocytosis		Cancer-related genes	Low immune cell specificity		Low lineage specificity		Low tissue specificity	1	0	0	0	0	0	0	0	0	0	0	0	0	0	0		0	0	0	0	Non-immune
248	BCL2L11	Bcl-2-like protein 11, Isoform BimL 	Predicted intracellular proteins, Transporters	Apoptosis			Low immune cell specificity		Low lineage specificity		Low tissue specificity	1	0	0	0	0	0	0	0	0	0	0	0	0	0	0		0	0	0	0	Non-immune
249	BCL2L15	Bcl-2-like protein 15	Predicted intracellular proteins	Apoptosis			Not detected in immune cells		Not detected		Tissue enhanced	1	0	0	0	0	0	0	0	0	0	0	0	0	0	0		0	0	0	0	Non-immune
250	BCL7A	B-cell CLL/lymphoma 7 protein family member A	Cancer-related genes, Disease related genes, Predicted intracellular proteins			Cancer-related genes	Group enriched	memory B-cell: 1.0;naive B-cell: 2.1;plasmacytoid DC: 2.8	Group enriched		Low tissue specificity	1	0	0	0	0	0	0	0	0	0	0	0	0	0	1	Myeloid/Monocyte;B-cell;Dendritic	0	0	2	1	Immune-cell-enriched
251	BCL7B	B-cell CLL/lymphoma 7 protein family member B	Disease related genes, Human disease related genes, Predicted intracellular proteins	Apoptosis, Differentiation, Wnt signaling pathway		Allergen, Williams-Beuren syndrome	Low immune cell specificity		Low lineage specificity		Low tissue specificity	1	0	0	0	0	0	0	0	0	0	0	0	0	0	0		0	0	0	0	Non-immune
252	BCR	Breakpoint cluster region protein	Cancer-related genes, Disease related genes, Enzymes, FDA approved drug targets, Human disease related genes, Predicted intracellular proteins		GTPase activation, Guanine-nucleotide releasing factor, Kinase, Serine/threonine-protein kinase, Transferase	Cancer-related genes, FDA approved drug targets, Proto-oncogene	Low immune cell specificity		Low lineage specificity		Low tissue specificity	1	0	0	0	0	0	0	0	0	0	0	0	0	0	0		0	0	0	0	Non-immune
253	BDNF	Brain-derived neurotrophic factor	Cancer-related genes, Human disease related genes, Plasma proteins, Predicted membrane proteins, Predicted secreted proteins, RAS pathway related proteins		Growth factor	Cancer-related genes	Not detected in immune cells		Not detected	Secreted to blood	Tissue enhanced	1	0	0	0	0	0	0	0	0	0	0	0	0	0	0		1	0	0	0	Non-immune
254	BECN1	Beclin-1	Predicted intracellular proteins, Transporters	Antiviral defense, Apoptosis, Autophagy, Cell cycle, Cell division, Endocytosis, Host-virus interaction			Low immune cell specificity		Low lineage specificity		Low tissue specificity	1	0	0	0	0	0	0	0	0	0	0	0	0	0	0		0	0	0	0	Non-immune
255	BEX3	Protein BEX3	Predicted intracellular proteins	Apoptosis			Immune cell enhanced	naive CD4 T-cell: 151.3;T-reg: 137.6	Lineage enriched		Tissue enhanced	1	0	0	0	0	0	0	0	0	0	0	0	0	0	1	T-cell	0	0	2	1	Immune-cell-enriched
256	BGLAP	Osteocalcin	FDA approved drug targets, Predicted secreted proteins	Biomineralization	Hormone	FDA approved drug targets	Group enriched	NK-cell: 1.8;plasmacytoid DC: 1.6	Group enriched	Secreted to blood	Group enriched	1	0	0	0	0	0	0	0	0	0	0	0	0	0	1	Myeloid/Monocyte;NK-cell;Dendritic	1	0	2	1	Immune-cell-enriched
257	BGN	Biglycan	Disease related genes, Human disease related genes, Predicted secreted proteins			Aortic aneurysm, Disease variant, Dwarfism	Not detected in immune cells		Not detected	Secreted to extracellular matrix	Tissue enriched	1	0	0	0	0	0	0	0	0	0	0	0	0	0	0		1	0	0	0	Non-immune
258	BHLHE40	Class E basic helix-loop-helix protein 40	Predicted intracellular proteins, Transcription factors	Biological rhythms, Transcription, Transcription regulation	DNA-binding, Repressor		Immune cell enhanced	basophil: 101.8	Low lineage specificity		Low tissue specificity	1	0	0	0	0	0	0	0	0	0	0	0	0	0	1	Granulocyte	0	0	2	1	Immune-cell-enriched
259	BHMT2	S-methylmethionine--homocysteine S-methyltransferase BHMT2	Cancer-related genes, Enzymes, Metabolic proteins, Predicted intracellular proteins		Methyltransferase, Transferase	Cancer-related genes	Not detected in immune cells		Not detected		Group enriched	1	0	0	0	0	0	0	0	0	0	0	0	0	0	0		0	0	0	0	Non-immune
260	BID	BH3-interacting domain death agonist	Predicted intracellular proteins	Apoptosis			Low immune cell specificity		Group enriched		Tissue enhanced	1	0	0	0	0	0	0	0	0	0	0	0	0	0	0		0	0	0	0	Non-immune
261	BIN2	Bridging integrator 2	Plasma proteins, Predicted intracellular proteins				Low immune cell specificity		Low lineage specificity		Tissue enhanced	1	0	0	0	0	0	0	0	0	0	0	0	0	0	0		0	0	0	0	Non-immune
262	BIRC2	Baculoviral IAP repeat-containing protein 2	Cancer-related genes, Enzymes, Predicted intracellular proteins	Apoptosis, Transcription, Transcription regulation, Ubl conjugation pathway	Activator, Transferase	Cancer-related genes	Low immune cell specificity		Low lineage specificity		Low tissue specificity	1	0	0	0	0	0	0	0	0	0	0	0	0	0	0		0	0	0	0	Non-immune
263	BLMH	Bleomycin hydrolase	Cancer-related genes, Enzymes, Plasma proteins, Predicted intracellular proteins		Hydrolase, Protease, Thiol protease	Cancer-related genes	Low immune cell specificity		Low lineage specificity		Tissue enhanced	1	0	0	0	0	0	0	0	0	0	0	0	0	0	0		0	0	0	0	Non-immune
264	BLNK	B-cell linker protein	Disease related genes, Human disease related genes, Predicted intracellular proteins	B-cell activation			Group enriched	memory B-cell: 111.3;naive B-cell: 94.9;plasmacytoid DC: 159.3	Group enriched		Tissue enhanced	1	0	0	0	0	0	0	0	0	0	0	0	0	0	1	Myeloid/Monocyte;B-cell;Dendritic	0	0	2	1	Immune-cell-enriched
265	BLOC1S2	Biogenesis of lysosome-related organelles complex 1 subunit 2	Predicted intracellular proteins				Low immune cell specificity		Low lineage specificity		Low tissue specificity	1	0	0	0	0	0	0	0	0	0	0	0	0	0	0		0	0	0	0	Non-immune
266	BLOC1S3	Biogenesis of lysosome-related organelles complex 1 subunit 3	Disease related genes, Human disease related genes, Predicted intracellular proteins			Albinism, Hermansky-Pudlak syndrome	Low immune cell specificity		Low lineage specificity		Low tissue specificity	1	0	0	0	0	0	0	0	0	0	0	0	0	0	0		0	0	0	0	Non-immune
267	BLVRB	Flavin reductase	Enzymes, FDA approved drug targets, Metabolic proteins, Plasma proteins, Predicted intracellular proteins		Oxidoreductase, Transferase	FDA approved drug targets	Immune cell enhanced	classical monocyte: 466.2	Group enriched		Tissue enhanced	1	0	0	0	0	0	0	0	0	0	0	0	0	0	1	Myeloid/Monocyte	0	0	2	1	Immune-cell-enriched
268	BMP10	Bone morphogenetic protein 10	Predicted secreted proteins	Cell adhesion	Cytokine, Developmental protein, Growth factor	Disease variant	Not detected in immune cells		Not detected	Secreted to blood	Tissue enriched	1	0	0	0	0	0	0	0	0	0	0	0	0	0	0		1	0	0	0	Non-immune
269	BMP4	Bone morphogenetic protein 4	Cancer-related genes, Disease related genes, Human disease related genes, Predicted intracellular proteins, Predicted secreted proteins	Chondrogenesis, Differentiation, Osteogenesis	Cytokine, Developmental protein, Growth factor	Cancer-related genes, Disease variant, Microphthalmia	Immune cell enhanced	non-classical monocyte: 1.9	Group enriched	Secreted to blood	Tissue enhanced	1	0	0	0	0	0	0	0	0	0	0	0	0	0	1	Myeloid/Monocyte	1	0	2	1	Immune-cell-enriched
270	BMP6	Bone morphogenetic protein 6	Predicted secreted proteins	Chondrogenesis, Differentiation, Osteogenesis	Cytokine, Developmental protein, Growth factor	Disease variant	Immune cell enhanced	basophil: 1.1	Lineage enriched	Secreted to blood	Tissue enhanced	1	0	0	0	0	0	0	0	0	0	0	0	0	0	1	Granulocyte	1	0	2	1	Immune-cell-enriched
271	BMPER	BMP-binding endothelial regulator protein	Disease related genes, Human disease related genes, Plasma proteins, Predicted intracellular proteins, Predicted secreted proteins			Disease variant	Not detected in immune cells		Not detected	Secreted to extracellular matrix	Low tissue specificity	1	0	0	0	0	0	0	0	0	0	0	0	0	0	0		1	0	0	0	Non-immune
272	BNIP2	BCL2/adenovirus E1B 19 kDa protein-interacting protein 2	Predicted intracellular proteins	Apoptosis			Low immune cell specificity		Low lineage specificity		Tissue enhanced	1	0	0	0	0	0	0	0	0	0	0	0	0	0	0		0	0	0	0	Non-immune
273	BNIP3L	BCL2/adenovirus E1B 19 kDa protein-interacting protein 3-like	Cancer-related genes, Predicted membrane proteins, Transporters	Apoptosis, Host-virus interaction		Cancer-related genes	Low immune cell specificity		Low lineage specificity		Low tissue specificity	1	0	0	0	0	0	0	0	0	0	0	0	0	0	0		0	0	0	0	Non-immune
274	BOC	Brother of CDO	Predicted intracellular proteins, Predicted membrane proteins	Cell adhesion			Not detected in immune cells		Not detected	Intracellular and membrane	Low tissue specificity	1	0	0	0	0	0	0	0	0	0	0	0	0	0	0		0	0	0	0	Non-immune
275	BOLA1	BolA-like protein 1	Predicted intracellular proteins				Low immune cell specificity		Low lineage specificity		Low tissue specificity	1	0	0	0	0	0	0	0	0	0	0	0	0	0	0		0	0	0	0	Non-immune
276	BOLA2_BOLA2B	BolA-like protein 2										0	0	0	0	0	0	0	0	0	0	0	0	0	0	0		0	0	0	0	Non-immune
277	BPIFA2	BPI fold-containing family A member 2	Predicted secreted proteins		Antibiotic, Antimicrobial		Not detected in immune cells		Not detected	Secreted to digestive system	Tissue enriched	1	0	0	0	0	0	0	0	0	0	0	0	0	0	0		1	0	0	0	Non-immune
278	BPIFB1	BPI fold-containing family B member 1	Plasma proteins, Predicted secreted proteins	Immunity, Innate immunity			Not detected in immune cells		Not detected	Secreted in other tissues	Group enriched	1	0	0	0	0	0	0	0	0	0	0	0	0	0	0		1	1	1	0	Other immune-annotated
279	BPIFB2	BPI fold-containing family B member 2	Plasma proteins, Predicted secreted proteins, Transporters				Not detected in immune cells		Not detected	Secreted in other tissues	Tissue enriched	1	0	0	0	0	0	0	0	0	0	0	0	0	0	0		1	0	0	0	Non-immune
280	BRAP	BRCA1-associated protein	Enzymes, Essential proteins, Metabolic proteins, Predicted intracellular proteins, RAS pathway related proteins	Ubl conjugation pathway	Transferase		Low immune cell specificity		Low lineage specificity		Tissue enhanced	1	0	0	0	0	0	0	0	0	0	0	0	0	0	0		0	0	0	0	Non-immune
281	BRD1	Bromodomain-containing protein 1	Predicted intracellular proteins	Erythrocyte maturation	Chromatin regulator		Low immune cell specificity		Low lineage specificity		Low tissue specificity	1	0	0	0	0	0	0	0	0	0	0	0	0	0	0		0	0	0	0	Non-immune
282	BRD2	Bromodomain-containing protein 2	Predicted intracellular proteins	Host-virus interaction, Transcription, Transcription regulation	Chromatin regulator		Low immune cell specificity		Low lineage specificity		Low tissue specificity	1	0	0	0	0	0	0	0	0	0	0	0	0	0	0		0	0	0	0	Non-immune
283	BRD3	Bromodomain-containing protein 3	Cancer-related genes, Disease related genes, Predicted intracellular proteins	Transcription, Transcription regulation	Chromatin regulator	Cancer-related genes	Low immune cell specificity		Low lineage specificity		Low tissue specificity	1	0	0	0	0	0	0	0	0	0	0	0	0	0	0		0	0	0	0	Non-immune
284	BRDT	Bromodomain testis-specific protein	Disease related genes, Human disease related genes, Predicted intracellular proteins	Differentiation, Meiosis, mRNA processing, mRNA splicing, Spermatogenesis, Transcription, Transcription regulation	Activator, Chromatin regulator	Disease variant	Immune cell enhanced	basophil: 1.4	Lineage enriched		Tissue enriched	1	0	0	0	0	0	0	0	0	0	0	0	0	0	1	Granulocyte	0	0	2	1	Immune-cell-enriched
285	BRK1	Protein BRICK1	Predicted intracellular proteins				Low immune cell specificity		Low lineage specificity		Low tissue specificity	1	0	0	0	0	0	0	0	0	0	0	0	0	0	0		0	0	0	0	Non-immune
286	BRME1	Break repair meiotic recombinase recruitment factor 1	Predicted intracellular proteins	Meiosis			Not detected in immune cells		Not detected		Tissue enhanced	1	0	0	0	0	0	0	0	0	0	0	0	0	0	0		0	0	0	0	Non-immune
287	BRSK2	Serine/threonine-protein kinase BRSK2	Enzymes, Predicted intracellular proteins, Predicted membrane proteins	Apoptosis, Cell cycle, Cell division, Exocytosis, Mitosis, Neurogenesis	Kinase, Serine/threonine-protein kinase, Transferase		Not detected in immune cells		Not detected		Group enriched	1	0	0	0	0	0	0	0	0	0	0	0	0	0	0		0	0	0	0	Non-immune
288	BSG	Basigin	Blood group antigen proteins, CD markers, Predicted intracellular proteins, Predicted membrane proteins, Transporters	Angiogenesis, Host-virus interaction	Blood group antigen, Host cell receptor for virus entry, Receptor		Low immune cell specificity		Low lineage specificity		Tissue enhanced	1	0	0	0	0	0	0	0	0	0	0	0	0	0	0		1	1	1	0	Other immune-annotated
289	BSND	Barttin	Disease related genes, Human disease related genes, Potential drug targets, Predicted membrane proteins, Transporters			Bartter syndrome, Deafness, Disease variant	Not detected in immune cells		Not detected		Group enriched	1	0	0	0	0	0	0	0	0	0	0	0	0	0	0		0	0	0	0	Non-immune
290	BST1	ADP-ribosyl cyclase/cyclic ADP-ribose hydrolase 2	CD markers, Enzymes, FDA approved drug targets, Metabolic proteins, Plasma proteins, Predicted intracellular proteins		Hydrolase, Transferase	FDA approved drug targets	Immune cell enhanced	classical monocyte: 258.3;neutrophil: 294.2	Group enriched	Intracellular and membrane	Group enriched	1	0	0	0	0	0	0	0	0	0	0	0	0	0	1	Myeloid/Monocyte;Granulocyte	0	0	2	1	Immune-cell-enriched
291	BST2	Bone marrow stromal antigen 2	CD markers, Plasma proteins, Predicted membrane proteins, Transporters	Antiviral defense, B-cell activation, Host-virus interaction, Immunity, Innate immunity			Low immune cell specificity		Low lineage specificity		Tissue enhanced	1	0	0	0	0	0	0	0	0	0	0	0	0	0	0		0	1	1	0	Other immune-annotated
292	BTC	Probetacellulin	Predicted intracellular proteins, Predicted membrane proteins, Predicted secreted proteins		Growth factor, Mitogen		Not detected in immune cells		Not detected	Secreted to blood	Tissue enhanced	1	0	0	0	0	0	0	0	0	0	0	0	0	0	0		1	0	0	0	Non-immune
293	BTD	Biotinidase	Disease related genes, Enzymes, Human disease related genes, Metabolic proteins, Plasma proteins, Potential drug targets, Predicted intracellular proteins, Predicted secreted proteins		Hydrolase	Disease variant	Low immune cell specificity		Low lineage specificity	Secreted to blood	Tissue enhanced	1	0	0	0	0	0	0	0	0	0	0	0	0	0	0		1	0	0	0	Non-immune
294	BTLA	B- and T-lymphocyte attenuator	CD markers, Predicted membrane proteins, Predicted secreted proteins	Adaptive immunity, Immunity	Receptor		Group enriched	memory B-cell: 65.3;naive B-cell: 96.8;plasmacytoid DC: 24.9	Group enriched	Secreted to blood	Tissue enriched	1	0	0	0	0	0	0	0	1	0	0	0	0	0	1	Myeloid/Monocyte;B-cell;Dendritic	1	1	5	1	Immune checkpoint
295	BTN1A1	Butyrophilin subfamily 1 member A1	Predicted membrane proteins				Immune cell enhanced	memory B-cell: 2.2;naive B-cell: 1.9	Low lineage specificity	Intracellular and membrane	Tissue enriched	1	0	0	0	0	0	0	0	0	0	0	0	0	0	1	B-cell	0	0	2	1	Immune-cell-enriched
296	BTN2A1	Butyrophilin subfamily 2 member A1	Predicted intracellular proteins, Predicted membrane proteins				Low immune cell specificity		Low lineage specificity		Low tissue specificity	1	0	0	0	0	0	0	0	0	0	0	0	0	0	0		0	0	0	0	Non-immune
297	BTN3A2	Butyrophilin subfamily 3 member A2	Predicted intracellular proteins, Predicted membrane proteins	Adaptive immunity, Immunity			Low immune cell specificity		Low lineage specificity		Tissue enhanced	1	0	0	0	0	0	0	0	0	0	0	0	0	0	0		0	1	1	0	Other immune-annotated
298	BTNL10	Butyrophilin-like protein 10										0	0	0	0	0	0	0	0	0	0	0	0	0	0	0		0	0	0	0	Non-immune
299	C19orf12	Protein C19orf12	Disease related genes, Human disease related genes, Predicted intracellular proteins			Disease variant, Hereditary spastic paraplegia, Neurodegeneration	Low immune cell specificity		Low lineage specificity		Tissue enhanced	1	0	0	0	0	0	0	0	0	0	0	0	0	0	0		0	0	0	0	Non-immune
300	C1GALT1C1	C1GALT1-specific chaperone 1	Disease related genes, Human disease related genes, Metabolic proteins, Predicted intracellular proteins		Chaperone	Disease variant, Hemolytic uremic syndrome	Low immune cell specificity		Low lineage specificity		Low tissue specificity	1	0	0	0	0	0	1	0	0	0	0	0	0	0	0		0	0	2	1	Complement/Coagulation
301	C1QA	Complement C1q subcomponent subunit A	Disease related genes, Human disease related genes, Plasma proteins, Predicted intracellular proteins, Predicted secreted proteins	Complement pathway, Host-virus interaction, Immunity, Innate immunity			Group enriched	intermediate monocyte: 227.9;non-classical monocyte: 184.6	Lineage enriched	Secreted to blood	Tissue enhanced	1	0	0	0	0	0	1	0	0	0	0	0	0	0	1	Myeloid/Monocyte	1	1	5	1	Complement/Coagulation
302	C1QBP	Complement component 1 Q subcomponent-binding protein, mitochondrial	Cancer-related genes, Disease related genes, Human disease related genes, Plasma proteins, Potential drug targets, Predicted intracellular proteins, Predicted secreted proteins, Transporters	Adaptive immunity, Apoptosis, Complement pathway, DNA damage, Host-virus interaction, Immunity, Innate immunity, mRNA processing, mRNA splicing, Ribosome biogenesis, Transcription, Transcription regulation		Cancer-related genes, Disease variant, Primary mitochondrial disease	Low immune cell specificity		Low lineage specificity	Secreted to blood	Low tissue specificity	1	0	0	0	0	0	1	0	0	0	0	0	0	0	0		1	1	3	1	Complement/Coagulation
303	C1QL2	Complement C1q-like protein 2	Predicted secreted proteins, Transporters				Not detected in immune cells		Not detected	Secreted in brain	Tissue enriched	1	0	0	0	0	0	1	0	0	0	0	0	0	0	0		1	0	2	1	Complement/Coagulation
304	C1QTNF1	Complement C1q tumor necrosis factor-related protein 1	Predicted intracellular proteins, Predicted secreted proteins				Not detected in immune cells		Not detected	Secreted to blood	Tissue enhanced	1	0	0	0	1	0	1	0	0	0	0	0	0	0	0		1	0	4	1	Complement/Coagulation
305	C1QTNF5	Complement C1q tumor necrosis factor-related protein 5	Disease related genes, Human disease related genes, Predicted secreted proteins			Disease variant	Not detected in immune cells		Not detected	Secreted to blood	Tissue enriched	0	0	0	0	1	0	1	0	0	0	0	0	0	0	0		1	0	4	1	Complement/Coagulation
306	C1QTNF6	Complement C1q tumor necrosis factor-related protein 6	Predicted intracellular proteins, Predicted secreted proteins				Low immune cell specificity		Low lineage specificity	Secreted to blood	Tissue enhanced	1	0	0	0	1	0	1	0	0	0	0	0	0	0	0		1	0	4	1	Complement/Coagulation
307	C1QTNF9	Complement C1q and tumor necrosis factor-related protein 9A	Predicted secreted proteins, Transporters		Hormone		Not detected in immune cells		Not detected	Secreted to blood	Tissue enhanced	1	0	0	0	1	0	1	0	0	0	0	0	0	0	0		1	0	4	1	Complement/Coagulation
308	C1R	Complement C1r subcomponent	Human disease related genes, Predicted intracellular proteins				Not detected in immune cells		Not detected		Tissue enhanced	1	0	0	0	0	0	1	0	0	0	0	0	0	0	0		0	0	2	1	Complement/Coagulation
309	C1RL	Complement C1r subcomponent-like protein	Enzymes, Plasma proteins, Predicted intracellular proteins, Predicted secreted proteins	Complement pathway, Immunity, Innate immunity	Hydrolase, Protease, Serine protease		Immune cell enhanced	neutrophil: 5.4	Lineage enriched	Secreted to blood	Tissue enhanced	1	0	0	0	0	0	1	0	0	0	0	0	0	0	1	Granulocyte	1	1	5	1	Complement/Coagulation
310	C1S	Complement C1s subcomponent	Disease related genes, Enzymes, FDA approved drug targets, Human disease related genes, Plasma proteins, Predicted intracellular proteins, Predicted secreted proteins	Complement pathway, Immunity, Innate immunity	Hydrolase, Protease, Serine protease	Disease variant, Ehlers-Danlos syndrome, FDA approved drug targets	Not detected in immune cells		Not detected	Secreted to blood	Tissue enriched	1	0	0	0	0	0	1	0	0	0	0	0	0	0	0		1	1	3	1	Complement/Coagulation
311	C2	Complement C2	Disease related genes, Enzymes, Human disease related genes, Plasma proteins, Potential drug targets, Predicted intracellular proteins, Predicted secreted proteins	Complement pathway, Immunity, Innate immunity	Hydrolase, Protease, Serine protease	Age-related macular degeneration, Disease variant	Immune cell enhanced	intermediate monocyte: 20.7;non-classical monocyte: 26.1	Lineage enriched	Secreted to blood	Tissue enriched	1	0	0	0	0	0	1	0	0	0	0	0	0	0	1	Myeloid/Monocyte	1	1	5	1	Complement/Coagulation
312	C2CD2L	Phospholipid transfer protein C2CD2L	Predicted intracellular proteins, Predicted membrane proteins, Transporters	Lipid transport, Transport			Low immune cell specificity		Low lineage specificity		Low tissue specificity	1	0	0	0	0	0	1	0	0	0	0	0	0	0	0		0	0	2	1	Complement/Coagulation
313	C2orf69	UPF0565 protein C2orf69	Disease related genes, Human disease related genes, Predicted intracellular proteins	Electron transport, Respiratory chain, Transport		Primary mitochondrial disease	Low immune cell specificity		Low lineage specificity	Intracellular and membrane	Low tissue specificity	1	0	0	0	0	0	1	0	0	0	0	0	0	0	0		0	0	2	1	Complement/Coagulation
314	C3	Complement C3	Candidate cardiovascular disease genes, Disease related genes, FDA approved drug targets, Human disease related genes, Plasma proteins, Predicted intracellular proteins, Predicted secreted proteins	Complement alternate pathway, Complement pathway, Fatty acid metabolism, Immunity, Inflammatory response, Innate immunity, Lipid metabolism		Age-related macular degeneration, Disease variant, FDA approved drug targets, Hemolytic uremic syndrome	Immune cell enriched	non-classical monocyte: 14.5	Lineage enriched	Secreted to blood	Tissue enriched	1	0	0	0	0	0	1	0	0	0	0	0	0	0	1	Myeloid/Monocyte	1	1	5	1	Complement/Coagulation
315	C4BPB	C4b-binding protein beta chain	Human disease related genes, Plasma proteins, Predicted secreted proteins	Complement pathway, Immunity, Innate immunity			Immune cell enhanced	plasmacytoid DC: 1.1	Low lineage specificity	Secreted to blood	Tissue enriched	1	0	0	0	0	0	1	0	0	0	0	0	0	0	1	Myeloid/Monocyte;Dendritic	1	1	5	1	Complement/Coagulation
316	C5	Complement C5	Disease related genes, FDA approved drug targets, Human disease related genes, Plasma proteins, Predicted intracellular proteins, Predicted secreted proteins	Complement alternate pathway, Complement pathway, Cytolysis, Immunity, Inflammatory response, Innate immunity		Disease variant, FDA approved drug targets	Not detected in immune cells		Not detected	Secreted to blood	Tissue enriched	1	0	0	0	0	0	1	0	0	0	0	0	0	0	0		1	1	3	1	Complement/Coagulation
317	C7	Complement component C7	Cancer-related genes, Disease related genes, Human disease related genes, Plasma proteins, Predicted secreted proteins	Complement alternate pathway, Complement pathway, Cytolysis, Immunity, Innate immunity		Cancer-related genes, Disease variant	Not detected in immune cells		Not detected	Secreted to blood	Tissue enhanced	1	0	0	0	0	0	1	0	0	0	0	0	0	0	0		1	1	3	1	Complement/Coagulation
318	C7orf50	Uncharacterized protein C7orf50	Predicted intracellular proteins				Low immune cell specificity		Low lineage specificity		Low tissue specificity	1	0	0	0	0	0	1	0	0	0	0	0	0	0	0		0	0	2	1	Complement/Coagulation
319	C8B	Complement component C8 beta chain	Disease related genes, Human disease related genes, Plasma proteins, Predicted secreted proteins	Complement alternate pathway, Complement pathway, Cytolysis, Immunity, Innate immunity			Immune cell enriched	basophil: 2.3	Lineage enriched	Secreted to blood	Tissue enriched	1	0	0	0	0	0	1	0	0	0	0	0	0	0	1	Granulocyte	1	1	5	1	Complement/Coagulation
320	C9	Complement component C9	Disease related genes, Human disease related genes, Plasma proteins, Predicted intracellular proteins, Predicted secreted proteins	Complement alternate pathway, Complement pathway, Cytolysis, Immunity, Innate immunity		Age-related macular degeneration, Disease variant	Not detected in immune cells		Not detected	Secreted to blood	Tissue enriched	1	0	0	0	0	0	1	0	0	0	0	0	0	0	0		1	1	3	1	Complement/Coagulation
321	C9orf40	Uncharacterized protein C9orf40	Predicted intracellular proteins				Immune cell enhanced	eosinophil: 2.1	Low lineage specificity		Low tissue specificity	1	0	0	0	0	0	1	0	0	0	0	0	0	0	1	Granulocyte	0	0	4	1	Complement/Coagulation
322	CA1	Carbonic anhydrase 1	Enzymes, FDA approved drug targets, Metabolic proteins, Plasma proteins, Predicted intracellular proteins		Lyase	FDA approved drug targets	Not detected in immune cells		Not detected		Group enriched	1	0	0	0	0	0	0	0	0	0	0	0	0	0	0		0	0	0	0	Non-immune
323	CA11	Carbonic anhydrase-related protein 11	Predicted intracellular proteins, Predicted secreted proteins				Low immune cell specificity		Low lineage specificity	Secreted in brain	Tissue enriched	1	0	0	0	0	0	0	0	0	0	0	0	0	0	0		1	0	0	0	Non-immune
324	CA12	Carbonic anhydrase 12	Disease related genes, Enzymes, FDA approved drug targets, Human disease related genes, Metabolic proteins, Predicted membrane proteins		Lyase	Disease variant, FDA approved drug targets	Not detected in immune cells		Not detected		Tissue enhanced	1	0	0	0	0	0	0	0	0	0	0	0	0	0	0		0	0	0	0	Non-immune
325	CA13	Carbonic anhydrase 13	Enzymes, FDA approved drug targets, Metabolic proteins, Predicted intracellular proteins		Lyase	FDA approved drug targets	Not detected in immune cells		Not detected		Tissue enhanced	1	0	0	0	0	0	0	0	0	0	0	0	0	0	0		0	0	0	0	Non-immune
326	CA14	Carbonic anhydrase 14	Enzymes, FDA approved drug targets, Metabolic proteins, Predicted intracellular proteins, Predicted membrane proteins		Lyase	FDA approved drug targets	Not detected in immune cells		Not detected		Tissue enhanced	1	0	0	0	0	0	0	0	0	0	0	0	0	0	0		0	0	0	0	Non-immune
327	CA2	Carbonic anhydrase 2	Disease related genes, Enzymes, FDA approved drug targets, Human disease related genes, Metabolic proteins, Plasma proteins, Predicted intracellular proteins		Lyase	Disease variant, FDA approved drug targets, Osteopetrosis	Immune cell enhanced	basophil: 51.1	Low lineage specificity		Tissue enhanced	1	0	0	0	0	0	0	0	0	0	0	0	0	0	1	Granulocyte	0	0	2	1	Immune-cell-enriched
328	CA3	Carbonic anhydrase 3	Enzymes, FDA approved drug targets, Metabolic proteins, Plasma proteins, Predicted intracellular proteins		Lyase	FDA approved drug targets	Not detected in immune cells		Not detected		Tissue enriched	1	0	0	0	0	0	0	0	0	0	0	0	0	0	0		0	0	0	0	Non-immune
329	CA4	Carbonic anhydrase 4	Disease related genes, Enzymes, FDA approved drug targets, Human disease related genes, Metabolic proteins, Predicted intracellular proteins, Predicted membrane proteins		Lyase	Disease variant, FDA approved drug targets, Retinitis pigmentosa	Immune cell enriched	neutrophil: 100.0	Lineage enriched		Tissue enhanced	1	0	0	0	0	0	0	0	0	0	0	0	0	0	1	Granulocyte	0	0	2	1	Immune-cell-enriched
330	CA5A	Carbonic anhydrase 5A, mitochondrial	Disease related genes, Enzymes, Essential proteins, FDA approved drug targets, Human disease related genes, Metabolic proteins, Predicted intracellular proteins		Lyase	Disease variant, FDA approved drug targets	Not detected in immune cells		Not detected		Tissue enriched	1	0	0	0	0	0	0	0	0	0	0	0	0	0	0		0	0	0	0	Non-immune
331	CA6	Carbonic anhydrase 6	Enzymes, FDA approved drug targets, Metabolic proteins, Predicted secreted proteins		Lyase	FDA approved drug targets	Group enriched	naive CD4 T-cell: 5.7;naive CD8 T-cell: 16.6	Lineage enriched	Secreted to digestive system	Tissue enriched	1	0	0	0	0	0	0	0	0	0	0	0	0	0	1	T-cell	1	0	2	1	Immune-cell-enriched
332	CA7	Carbonic anhydrase 7	Enzymes, FDA approved drug targets, Metabolic proteins, Predicted intracellular proteins		Lyase	FDA approved drug targets	Not detected in immune cells		Not detected		Tissue enriched	1	0	0	0	0	0	0	0	0	0	0	0	0	0	0		0	0	0	0	Non-immune
333	CA8	Carbonic anhydrase-related protein	Cancer-related genes, Disease related genes, Human disease related genes, Predicted intracellular proteins			Cancer-related genes, Disease variant, Intellectual disability	Immune cell enriched	basophil: 76.2	Lineage enriched		Tissue enhanced	1	0	0	0	0	0	0	0	0	0	0	0	0	0	1	Granulocyte	0	0	2	1	Immune-cell-enriched
334	CA9	Carbonic anhydrase 9	Enzymes, FDA approved drug targets, Metabolic proteins, Predicted membrane proteins, Transporters		Lyase	FDA approved drug targets	Not detected in immune cells		Not detected		Tissue enriched	1	0	0	0	0	0	0	0	0	0	0	0	0	0	0		0	0	0	0	Non-immune
335	CABP2	Calcium-binding protein 2	Disease related genes, Human disease related genes, Predicted intracellular proteins	Hearing, Sensory transduction, Vision		Deafness, Disease variant, Non-syndromic deafness	Not detected in immune cells		Not detected		Tissue enriched	1	0	0	0	0	0	0	0	0	0	0	0	0	0	0		0	0	0	0	Non-immune
336	CACNA1C	Voltage-dependent L-type calcium channel subunit alpha-1C	Disease related genes, FDA approved drug targets, Human disease related genes, Predicted membrane proteins, Transporters, Voltage-gated ion channels	Calcium transport, Host-virus interaction, Ion transport, Transport	Calcium channel, Calmodulin-binding, Ion channel, Voltage-gated channel	Autism, Autism spectrum disorder, Brugada syndrome, Disease variant, Epilepsy, FDA approved drug targets, Intellectual disability, Long QT syndrome	Not detected in immune cells		Not detected		Tissue enhanced	1	0	0	0	0	0	0	0	0	0	0	0	0	0	0		0	0	0	0	Non-immune
337	CACNA1H	Voltage-dependent T-type calcium channel subunit alpha-1H	Disease related genes, FDA approved drug targets, Human disease related genes, Predicted membrane proteins, Transporters, Voltage-gated ion channels	Calcium transport, Ion transport, Transport	Calcium channel, Ion channel, Voltage-gated channel	Disease variant, Epilepsy, FDA approved drug targets	Not detected in immune cells		Not detected		Tissue enhanced	1	0	0	0	0	0	0	0	0	0	0	0	0	0	0		0	0	0	0	Non-immune
338	CACNB1	Voltage-dependent L-type calcium channel subunit beta-1	FDA approved drug targets, Predicted intracellular proteins	Calcium transport, Ion transport, Transport	Calcium channel, Ion channel, Voltage-gated channel	FDA approved drug targets	Low immune cell specificity		Low lineage specificity		Group enriched	1	0	0	0	0	0	0	0	0	0	0	0	0	0	0		0	0	0	0	Non-immune
339	CACNB3	Voltage-dependent L-type calcium channel subunit beta-3	Essential proteins, FDA approved drug targets, Predicted intracellular proteins, Transporters	Calcium transport, Ion transport, Transport	Calcium channel, Ion channel, Voltage-gated channel	FDA approved drug targets	Immune cell enhanced	T-reg: 1.8	Lineage enriched		Tissue enhanced	1	0	0	0	0	0	0	0	0	0	0	0	0	0	1	T-cell	0	0	2	1	Immune-cell-enriched
340	CACYBP	Calcyclin-binding protein	Plasma proteins, Predicted intracellular proteins	Ubl conjugation pathway			Low immune cell specificity		Low lineage specificity		Low tissue specificity	1	0	0	0	0	0	0	0	0	0	0	0	0	0	0		0	0	0	0	Non-immune
341	CADPS	Calcium-dependent secretion activator 1	Plasma proteins, Predicted intracellular proteins	Exocytosis, Protein transport, Transport			Not detected in immune cells		Not detected		Tissue enhanced	1	0	0	0	0	0	0	0	0	0	0	0	0	0	0		0	0	0	0	Non-immune
342	CALB1	Calbindin	Predicted intracellular proteins				Immune cell enhanced	non-classical monocyte: 7.0	Group enriched		Tissue enhanced	1	0	0	0	0	0	0	0	0	0	0	0	0	0	1	Myeloid/Monocyte	0	0	2	1	Immune-cell-enriched
343	CALB2	Calretinin	Plasma proteins, Predicted intracellular proteins, Transporters				Not detected in immune cells		Not detected		Tissue enhanced	1	0	0	0	0	0	0	0	0	0	0	0	0	0	0		0	0	0	0	Non-immune
344	CALCA	Calcitonin	Cancer-related genes, FDA approved drug targets, Plasma proteins, Predicted secreted proteins, Transporters		Hormone	Cancer-related genes, FDA approved drug targets	Not detected in immune cells		Not detected	Secreted to blood	Group enriched	1	0	0	0	0	0	0	0	0	0	1	0	0	0	0		1	0	1	0	Acute-phase
345	CALCB	Calcitonin gene-related peptide 2	FDA approved drug targets, Plasma proteins, Predicted secreted proteins		Hormone	FDA approved drug targets	Not detected in immune cells		Not detected	Secreted to blood	Group enriched	1	0	0	0	0	0	0	0	0	0	0	0	0	0	0		1	0	0	0	Non-immune
346	CALCOCO1	Calcium-binding and coiled-coil domain-containing protein 1	Predicted intracellular proteins	Transcription, Transcription regulation, Wnt signaling pathway	Activator		Low immune cell specificity		Low lineage specificity		Low tissue specificity	1	0	0	0	0	0	0	0	0	0	0	0	0	0	0		0	0	0	0	Non-immune
347	CALCOCO2	Calcium-binding and coiled-coil domain-containing protein 2	Predicted intracellular proteins	Autophagy, Host-virus interaction			Low immune cell specificity		Low lineage specificity		Low tissue specificity	1	0	0	0	0	0	0	0	0	0	0	0	0	0	0		0	0	0	0	Non-immune
348	CALY	Neuron-specific vesicular protein calcyon	FDA approved drug targets, Predicted intracellular proteins, Predicted membrane proteins	Endocytosis		FDA approved drug targets	Not detected in immune cells		Not detected		Group enriched	1	0	0	0	0	0	0	0	0	0	0	0	0	0	0		0	0	0	0	Non-immune
349	CAMKK1	Calcium/calmodulin-dependent protein kinase kinase 1	Enzymes, Predicted intracellular proteins		Calmodulin-binding, Kinase, Serine/threonine-protein kinase, Transferase		Low immune cell specificity		Low lineage specificity		Tissue enhanced	1	0	0	0	0	0	0	0	0	0	0	0	0	0	0		0	0	0	0	Non-immune
350	CAMLG	Guided entry of tail-anchored proteins factor CAMLG	Essential proteins, FDA approved drug targets, Predicted intracellular proteins, Predicted membrane proteins, Transporters	ER-Golgi transport, Host-virus interaction, Transport		Congenital disorder of glycosylation, FDA approved drug targets	Low immune cell specificity		Low lineage specificity		Low tissue specificity	1	0	0	0	0	0	0	0	0	0	0	0	0	0	0		0	0	0	0	Non-immune
351	CAMSAP1	Calmodulin-regulated spectrin-associated protein 1	Predicted intracellular proteins			Disease variant, Intellectual disability, Lissencephaly	Low immune cell specificity		Low lineage specificity		Tissue enhanced	1	0	0	0	0	0	0	0	0	0	0	0	0	0	0		0	0	0	0	Non-immune
352	CANT1	Soluble calcium-activated nucleotidase 1	Cancer-related genes, Disease related genes, Enzymes, Human disease related genes, Metabolic proteins, Potential drug targets, Predicted intracellular proteins, Predicted membrane proteins		Hydrolase	Cancer-related genes, Disease variant, Dwarfism	Low immune cell specificity		Low lineage specificity		Low tissue specificity	1	0	0	0	0	0	0	0	0	0	0	0	0	0	0		0	0	0	0	Non-immune
353	CAPG	Macrophage-capping protein	Plasma proteins, Predicted intracellular proteins		Actin capping, Actin-binding		Group enriched	basophil: 1142.1;classical monocyte: 1141.1;eosinophil: 714.5;intermediate monocyte: 431.9;memory B-cell: 577.9;myeloid DC: 1364.5;naive B-cell: 520.3;NK-cell: 606.9;plasmacytoid DC: 961.5	Low lineage specificity		Low tissue specificity	1	0	0	0	0	0	0	0	0	0	0	0	0	0	1	Myeloid/Monocyte;Granulocyte;B-cell;NK-cell;Dendritic	0	0	2	1	Immune-cell-enriched
354	CAPN3	Calpain-3	Disease related genes, Enzymes, Human disease related genes, Metabolic proteins, Potential drug targets, Predicted intracellular proteins		Hydrolase, Protease, Thiol protease	Disease variant, Limb-girdle muscular dystrophy	Low immune cell specificity		Low lineage specificity		Tissue enhanced	1	0	0	0	0	0	0	0	0	0	0	0	0	0	0		0	0	0	0	Non-immune
355	CAPS	Calcyphosin	Predicted intracellular proteins				Low immune cell specificity		Low lineage specificity		Tissue enhanced	1	0	0	0	0	0	0	0	0	0	0	0	0	0	0		0	0	0	0	Non-immune
356	CARHSP1	Calcium-regulated heat-stable protein 1	Predicted intracellular proteins		RNA-binding		Low immune cell specificity		Low lineage specificity		Tissue enhanced	1	0	0	0	0	0	0	0	0	0	0	0	0	0	0		0	0	0	0	Non-immune
357	CASC3	Protein CASC3	Cancer-related genes, Predicted intracellular proteins, Transporters	mRNA processing, mRNA splicing, mRNA transport, Nonsense-mediated mRNA decay, Stress response, Translation regulation, Transport	RNA-binding	Cancer-related genes	Low immune cell specificity		Low lineage specificity		Low tissue specificity	1	0	0	0	0	0	0	0	0	0	0	0	0	0	0		0	0	0	0	Non-immune
358	CASP1	Caspase-1	Cancer-related genes, Enzymes, Predicted intracellular proteins	Apoptosis	Hydrolase, Protease, Thiol protease	Cancer-related genes	Low immune cell specificity		Low lineage specificity		Tissue enhanced	1	0	0	0	0	0	0	0	0	0	0	0	0	0	0		0	0	0	0	Non-immune
359	CASP10	Caspase-10	Cancer-related genes, Disease related genes, Enzymes, Human disease related genes, Potential drug targets, Predicted intracellular proteins	Apoptosis	Hydrolase, Protease, Thiol protease	Cancer-related genes, Disease variant	Low immune cell specificity		Low lineage specificity		Low tissue specificity	1	0	0	0	0	0	0	0	0	0	0	0	0	0	0		0	0	0	0	Non-immune
360	CASP2	Caspase-2	Cancer-related genes, Enzymes, Plasma proteins, Predicted intracellular proteins	Apoptosis	Hydrolase, Protease, Thiol protease	Cancer-related genes, Disease variant, Intellectual disability, Lissencephaly	Low immune cell specificity		Low lineage specificity		Low tissue specificity	1	0	0	0	0	0	0	0	0	0	0	0	0	0	0		0	0	0	0	Non-immune
361	CASP3	Caspase-3	Cancer-related genes, Enzymes, FDA approved drug targets, Plasma proteins, Predicted intracellular proteins	Apoptosis	Hydrolase, Protease, Thiol protease	Cancer-related genes, FDA approved drug targets	Group enriched	basophil: 491.1;eosinophil: 332.6	Lineage enriched		Low tissue specificity	1	0	0	0	0	0	0	0	0	0	0	0	0	0	1	Granulocyte	0	0	2	1	Immune-cell-enriched
362	CASP4	Caspase-4	Cancer-related genes, Enzymes, Predicted intracellular proteins	Immunity, Inflammatory response, Innate immunity, Necrosis	Hydrolase, Protease, Thiol protease	Cancer-related genes	Low immune cell specificity		Low lineage specificity	Intracellular and membrane	Low tissue specificity	1	0	0	0	0	0	0	0	0	0	0	0	0	0	0		0	1	1	0	Other immune-annotated
363	CASP7	Caspase-7	Cancer-related genes, Enzymes, Predicted intracellular proteins	Apoptosis	Allosteric enzyme, Hydrolase, Protease, RNA-binding, Thiol protease	Cancer-related genes	Low immune cell specificity		Low lineage specificity	Intracellular and membrane	Low tissue specificity	1	0	0	0	0	0	0	0	0	0	0	0	0	0	0		0	0	0	0	Non-immune
364	CASP8	Caspase-8	Cancer-related genes, Disease related genes, Enzymes, Human disease related genes, Potential drug targets, Predicted intracellular proteins	Apoptosis, Host-virus interaction	Hydrolase, Protease, Thiol protease	Cancer-related genes, Disease variant	Low immune cell specificity		Low lineage specificity		Tissue enhanced	1	0	0	0	0	0	0	0	0	0	0	0	0	0	0		0	0	0	0	Non-immune
365	CASP9	Caspase-9	Cancer-related genes, Enzymes, Predicted intracellular proteins	Apoptosis	Hydrolase, Protease, Thiol protease	Cancer-related genes	Low immune cell specificity		Low lineage specificity		Low tissue specificity	1	0	0	0	0	0	0	0	0	0	0	0	0	0	0		0	0	0	0	Non-immune
366	CASQ2	Calsequestrin-2	Disease related genes, Human disease related genes, Potential drug targets, Predicted intracellular proteins, Transporters		Muscle protein	Disease variant	Not detected in immune cells		Not detected	Intracellular and membrane	Tissue enriched	1	0	0	0	0	0	0	0	0	0	0	0	0	0	0		0	0	0	0	Non-immune
367	CAT	Catalase	Cancer-related genes, Disease related genes, Enzymes, FDA approved drug targets, Human disease related genes, Metabolic proteins, Plasma proteins, Predicted intracellular proteins	Hydrogen peroxide	Mitogen, Oxidoreductase, Peroxidase	Cancer-related genes, FDA approved drug targets	Immune cell enriched	eosinophil: 4747.5	Lineage enriched		Tissue enhanced	1	0	0	0	0	0	0	0	0	0	0	0	0	0	1	Granulocyte	0	0	2	1	Immune-cell-enriched
368	CBLIF	Cobalamin binding intrinsic factor	Disease related genes, Human disease related genes, Metabolic proteins, Predicted secreted proteins	Cobalt transport, Ion transport, Transport		Disease variant	Not detected in immune cells		Not detected	Secreted to digestive system	Tissue enriched	1	0	0	0	0	0	0	0	0	0	0	0	0	0	0		1	0	0	0	Non-immune
369	CBLN1	Cerebellin-1	Predicted secreted proteins				Not detected in immune cells		Not detected	Secreted in brain	Tissue enriched	1	0	0	0	0	0	0	0	0	0	0	0	0	0	0		1	0	0	0	Non-immune
370	CBLN4	Cerebellin-4	Plasma proteins, Predicted secreted proteins				Not detected in immune cells		Not detected	Secreted in brain	Tissue enhanced	1	0	0	0	0	0	0	0	0	0	0	0	0	0	0		1	0	0	0	Non-immune
371	CBS	Cystathionine beta-synthase	Disease related genes, Enzymes, Human disease related genes, Metabolic proteins, Plasma proteins, Potential drug targets, Predicted intracellular proteins	Amino-acid biosynthesis, Cysteine biosynthesis	Allosteric enzyme, Lyase	Disease variant	Immune cell enriched	neutrophil: 6.5	Lineage enriched		Tissue enhanced	1	0	0	0	0	0	0	0	0	0	0	0	0	0	1	Granulocyte	0	0	2	1	Immune-cell-enriched
372	CBX2	Chromobox protein homolog 2	Disease related genes, Human disease related genes, Predicted intracellular proteins	Differentiation, Sexual differentiation, Transcription, Transcription regulation	Chromatin regulator, DNA-binding, Repressor	Disease variant	Not detected in immune cells		Not detected		Tissue enhanced	1	0	0	0	0	0	0	0	0	0	0	0	0	0	0		0	0	0	0	Non-immune
373	CC2D1A	Coiled-coil and C2 domain-containing protein 1A	Disease related genes, Human disease related genes, Predicted intracellular proteins	Transcription, Transcription regulation	DNA-binding, Repressor	Intellectual disability	Not detected in immune cells		Not detected		Low tissue specificity	1	0	0	0	0	0	0	0	0	0	0	0	0	0	0		0	0	0	0	Non-immune
374	CCAR2	Cell cycle and apoptosis regulator protein 2	Predicted intracellular proteins	Apoptosis, Biological rhythms, Cell cycle, DNA damage, mRNA processing, mRNA splicing, Transcription, Transcription regulation, Wnt signaling pathway	Activator, Metalloenzyme inhibitor, Repressor	Tumor suppressor	Low immune cell specificity		Low lineage specificity		Low tissue specificity	1	0	0	0	0	0	0	0	0	0	0	0	0	0	0		0	0	0	0	Non-immune
375	CCDC134	Coiled-coil domain-containing protein 134	Disease related genes, Human disease related genes, Predicted secreted proteins			Osteogenesis imperfecta	Low immune cell specificity		Low lineage specificity	Secreted to blood	Low tissue specificity	1	0	0	0	0	0	0	0	0	0	0	0	0	0	0		1	0	0	0	Non-immune
376	CCDC28A	Coiled-coil domain-containing protein 28A	Predicted intracellular proteins				Low immune cell specificity		Low lineage specificity		Low tissue specificity	1	0	0	0	0	0	0	0	0	0	0	0	0	0	0		0	0	0	0	Non-immune
377	CCDC50	Coiled-coil domain-containing protein 50	Disease related genes, Human disease related genes, Predicted intracellular proteins			Deafness, Non-syndromic deafness	Immune cell enriched	plasmacytoid DC: 631.6	Lineage enriched		Low tissue specificity	1	0	0	0	0	0	0	0	0	0	0	0	0	0	1	Myeloid/Monocyte;Dendritic	0	0	2	1	Immune-cell-enriched
378	CCDC80	Coiled-coil domain-containing protein 80	Predicted intracellular proteins, Predicted secreted proteins				Not detected in immune cells		Not detected	Secreted to extracellular matrix	Low tissue specificity	1	0	0	0	0	0	0	0	0	0	0	0	0	0	0		1	0	0	0	Non-immune
379	CCER2	Coiled-coil domain-containing glutamate-rich protein 2	Predicted intracellular proteins, Predicted secreted proteins				Not detected in immune cells		Not detected	Secreted - unknown location	Tissue enhanced	0	0	0	0	0	0	0	0	0	0	0	0	0	0	0		1	0	0	0	Non-immune
380	CCL11	Eotaxin	Cancer-related genes, Human disease related genes, Predicted secreted proteins	Chemotaxis, Inflammatory response	Cytokine	Cancer-related genes	Not detected in immune cells		Not detected	Secreted to blood	Tissue enhanced	1	0	0	0	0	1	0	0	0	0	0	0	0	0	0		1	1	3	1	Chemokine axis
381	CCL13	C-C motif chemokine 13	Cancer-related genes, Predicted intracellular proteins, Predicted secreted proteins	Chemotaxis, Inflammatory response	Cytokine	Cancer-related genes	Not detected in immune cells		Not detected	Secreted to blood	Tissue enhanced	1	0	0	0	0	1	0	0	0	0	0	0	0	0	0		1	1	3	1	Chemokine axis
382	CCL14	C-C motif chemokine 14	Cancer-related genes, Plasma proteins, Predicted secreted proteins		Cytokine	Cancer-related genes	Not detected in immune cells		Not detected	Secreted to blood	Tissue enhanced	0	0	0	0	0	1	0	0	0	0	0	0	0	0	0		1	0	2	1	Chemokine axis
383	CCL15	C-C motif chemokine 15	Plasma proteins, Predicted intracellular proteins, Predicted secreted proteins	Chemotaxis	Cytokine, Heparin-binding		Not detected in immune cells		Not detected	Secreted to blood	Group enriched	1	0	0	0	0	1	0	0	0	0	0	0	0	0	0		1	0	2	1	Chemokine axis
384	CCL16	C-C motif chemokine 16	Cancer-related genes, Plasma proteins, Predicted secreted proteins	Chemotaxis, Inflammatory response	Cytokine	Cancer-related genes	Not detected in immune cells		Not detected	Secreted to blood	Tissue enriched	1	0	0	0	0	1	0	0	0	0	0	0	0	0	0		1	1	3	1	Chemokine axis
385	CCL17	C-C motif chemokine 17	Predicted secreted proteins	Chemotaxis, Inflammatory response	Cytokine		Not detected in immune cells		Not detected	Secreted to blood	Tissue enriched	1	0	0	0	0	1	0	0	0	0	0	0	0	0	0		1	1	3	1	Chemokine axis
386	CCL18	C-C motif chemokine 18	Cancer-related genes, Plasma proteins, Predicted secreted proteins	Chemotaxis, Inflammatory response	Cytokine	Cancer-related genes	Not detected in immune cells		Not detected	Secreted to blood	Tissue enriched	1	0	0	0	0	1	0	0	0	0	0	0	0	0	0		1	1	3	1	Chemokine axis
387	CCL19	C-C motif chemokine 19	Cancer-related genes, Predicted secreted proteins	Chemotaxis, Inflammatory response	Cytokine	Cancer-related genes	Not detected in immune cells		Not detected	Secreted to blood	Tissue enhanced	1	0	0	0	0	1	0	0	0	0	0	0	0	0	0		1	1	3	1	Chemokine axis
388	CCL2	C-C motif chemokine 2	Cancer-related genes, Candidate cardiovascular disease genes, Human disease related genes, Plasma proteins, Predicted secreted proteins	Chemotaxis, Inflammatory response	Cytokine	Cancer-related genes	Group enriched	classical monocyte: 7.6;eosinophil: 3.1	Group enriched	Secreted to blood	Tissue enhanced	1	0	0	0	0	1	0	0	0	0	0	0	0	0	1	Myeloid/Monocyte;Granulocyte	1	1	5	1	Chemokine axis
389	CCL20	C-C motif chemokine 20	Predicted secreted proteins	Chemotaxis, Inflammatory response	Antibiotic, Antimicrobial, Cytokine		Immune cell enhanced	MAIT T-cell: 2.7	Lineage enriched	Secreted to blood	Group enriched	1	0	0	0	0	1	0	0	0	0	0	0	0	0	1	T-cell	1	1	5	1	Chemokine axis
390	CCL21	C-C motif chemokine 21	Cancer-related genes, Plasma proteins, Predicted secreted proteins	Chemotaxis, Inflammatory response	Cytokine	Cancer-related genes	Not detected in immune cells		Not detected	Secreted to blood	Tissue enriched	1	0	0	0	0	1	0	0	0	0	0	0	0	0	0		1	1	3	1	Chemokine axis
391	CCL22	C-C motif chemokine 22	Predicted secreted proteins	Chemotaxis	Cytokine		Low immune cell specificity		Low lineage specificity	Secreted to blood	Tissue enhanced	1	0	0	0	0	1	0	0	0	0	0	0	0	0	0		1	0	2	1	Chemokine axis
392	CCL23	C-C motif chemokine 23	Cancer-related genes, Plasma proteins, Predicted secreted proteins	Chemotaxis, Inflammatory response	Cytokine, Heparin-binding	Cancer-related genes	Immune cell enriched	eosinophil: 184.4	Lineage enriched	Secreted to blood	Low tissue specificity	1	0	0	0	0	1	0	0	0	0	0	0	0	0	1	Granulocyte	1	1	5	1	Chemokine axis
393	CCL24	C-C motif chemokine 24	Predicted secreted proteins	Chemotaxis, Inflammatory response	Cytokine		Not detected in immune cells		Not detected	Secreted to blood	Group enriched	1	0	0	0	0	1	0	0	0	0	0	0	0	0	0		1	1	3	1	Chemokine axis
394	CCL25	C-C motif chemokine 25	Predicted secreted proteins	Chemotaxis, Inflammatory response	Cytokine		Immune cell enriched	NK-cell: 3.5	Lineage enriched	Secreted to blood	Group enriched	1	0	0	0	0	1	0	0	0	0	0	0	0	0	1	NK-cell	1	1	5	1	Chemokine axis
395	CCL26	C-C motif chemokine 26	Human disease related genes, Predicted secreted proteins	Chemotaxis, Inflammatory response	Cytokine		Not detected in immune cells		Not detected	Secreted to blood	Group enriched	1	0	0	0	0	1	0	0	0	0	0	0	0	0	0		1	1	3	1	Chemokine axis
396	CCL27	C-C motif chemokine 27	Predicted secreted proteins		Cytokine		Not detected in immune cells		Not detected	Secreted to blood	Tissue enriched	1	0	0	0	0	1	0	0	0	0	0	0	0	0	0		1	0	2	1	Chemokine axis
397	CCL28	C-C motif chemokine 28	Predicted intracellular proteins, Predicted secreted proteins	Chemotaxis	Cytokine		Low immune cell specificity		Low lineage specificity	Secreted to blood	Tissue enriched	1	0	0	0	0	1	0	0	0	0	0	0	0	0	0		1	0	2	1	Chemokine axis
398	CCL3	C-C motif chemokine 3	Cancer-related genes, Predicted secreted proteins	Chemotaxis, Inflammatory response	Cytokine	Cancer-related genes	Immune cell enhanced	gdT-cell: 23.7	Group enriched	Secreted to blood	Tissue enhanced	1	0	0	0	0	1	0	0	0	0	0	0	0	0	1	T-cell	1	1	5	1	Chemokine axis
399	CCL4	C-C motif chemokine 4	Cancer-related genes, Predicted secreted proteins	Chemotaxis, Inflammatory response	Cytokine	Cancer-related genes	Immune cell enhanced	gdT-cell: 416.0	Group enriched	Secreted to blood	Tissue enhanced	1	0	0	0	0	1	0	0	0	0	0	0	0	0	1	T-cell	1	1	5	1	Chemokine axis
400	CCL5	C-C motif chemokine 5	Cancer-related genes, Human disease related genes, Plasma proteins, Predicted membrane proteins, Predicted secreted proteins	Chemotaxis, Inflammatory response	Cytokine	Cancer-related genes	Immune cell enhanced	gdT-cell: 6781.0;memory CD8 T-cell: 7136.0	Group enriched	Secreted to blood	Tissue enhanced	1	0	0	0	0	1	0	0	0	0	0	0	0	0	1	T-cell	1	1	5	1	Chemokine axis
401	CCL7	C-C motif chemokine 7	Cancer-related genes, Predicted membrane proteins, Predicted secreted proteins	Chemotaxis, Inflammatory response	Cytokine, Heparin-binding	Cancer-related genes	Not detected in immune cells		Not detected	Secreted to blood	Tissue enriched	1	0	0	0	0	1	0	0	0	0	0	0	0	0	0		1	1	3	1	Chemokine axis
402	CCL8	C-C motif chemokine 8	Cancer-related genes, Predicted secreted proteins	Chemotaxis, Inflammatory response	Cytokine, Heparin-binding	Cancer-related genes	Immune cell enriched	classical monocyte: 3.4	Lineage enriched	Secreted to blood	Low tissue specificity	1	0	0	0	0	1	0	0	0	0	0	0	0	0	1	Myeloid/Monocyte	1	1	5	1	Chemokine axis
403	CCN1	CCN family member 1	Predicted secreted proteins	Cell adhesion, Chemotaxis	Growth factor binding, Heparin-binding		Not detected in immune cells		Not detected	Secreted to extracellular matrix	Tissue enhanced	1	0	0	0	0	0	0	0	0	0	0	0	0	0	0		1	0	0	0	Non-immune
404	CCN2	CCN family member 2	Cancer-related genes, Plasma proteins, Predicted secreted proteins	Cell adhesion, DNA synthesis	Heparin-binding	Cancer-related genes, Disease variant, Dwarfism	Immune cell enriched	naive B-cell: 8.1	Lineage enriched	Secreted in other tissues	Tissue enhanced	1	0	0	0	0	0	0	0	0	0	0	0	0	0	1	B-cell	1	0	2	1	Immune-cell-enriched
405	CCN3	CCN family member 3	Plasma proteins, Predicted secreted proteins, Transporters		Growth factor, Hormone		Group enriched	eosinophil: 64.9;neutrophil: 30.9	Lineage enriched	Secreted to blood	Group enriched	1	0	0	0	0	0	0	0	0	0	0	0	0	0	1	Granulocyte	1	0	2	1	Immune-cell-enriched
406	CCN4	CCN family member 4	Cancer-related genes, Predicted secreted proteins	Cell adhesion, Wnt signaling pathway		Cancer-related genes, Proto-oncogene	Not detected in immune cells		Not detected	Secreted to extracellular matrix	Tissue enhanced	1	0	0	0	0	0	0	0	0	0	0	0	0	0	0		1	0	0	0	Non-immune
407	CCN5	CCN family member 5	Plasma proteins, Predicted secreted proteins	Cell adhesion			Not detected in immune cells		Not detected	Secreted to extracellular matrix	Tissue enhanced	1	0	0	0	0	0	0	0	0	0	0	0	0	0	0		1	0	0	0	Non-immune
408	CCND2	G1/S-specific cyclin-D2	Cancer-related genes, Disease related genes, Human disease related genes, Predicted intracellular proteins	Cell cycle, Cell division	Cyclin	Cancer-related genes, Disease variant	Low immune cell specificity		Low lineage specificity		Tissue enhanced	1	0	0	0	0	0	0	0	0	0	0	0	0	0	0		0	0	0	0	Non-immune
409	CCNE1	G1/S-specific cyclin-E1	Cancer-related genes, Human disease related genes, Predicted intracellular proteins	Cell cycle, Cell division	Cyclin	Cancer-related genes	Not detected in immune cells		Not detected		Tissue enhanced	1	0	0	0	0	0	0	0	0	0	0	0	0	0	0		0	0	0	0	Non-immune
410	CCS	Copper chaperone for superoxide dismutase	Plasma proteins, Predicted intracellular proteins		Chaperone		Low immune cell specificity		Low lineage specificity		Low tissue specificity	1	0	0	0	0	0	0	0	0	0	0	0	0	0	0		0	0	0	0	Non-immune
411	CCT5	T-complex protein 1 subunit epsilon	Disease related genes, Essential proteins, Human disease related genes, Plasma proteins, Predicted intracellular proteins		Chaperone, Hydrolase	Disease variant, Neuropathy	Low immune cell specificity		Low lineage specificity		Low tissue specificity	1	0	0	0	0	0	0	0	0	0	0	0	0	0	0		0	0	0	0	Non-immune
412	CD101	Immunoglobulin superfamily member 2	CD markers, Predicted membrane proteins				Immune cell enhanced	eosinophil: 97.1	Group enriched		Tissue enhanced	1	0	0	0	0	0	0	0	0	1	0	1	0	0	1	Granulocyte	0	0	3	1	HLA/Antigen presentation
413	CD109	CD109 antigen	CD markers, Plasma proteins, Predicted membrane proteins		Protease inhibitor, Serine protease inhibitor		Not detected in immune cells		Not detected		Tissue enriched	1	0	0	0	0	0	0	0	0	1	0	1	0	0	0		0	0	1	0	HLA/Antigen presentation
414	CD14	Monocyte differentiation antigen CD14	Cancer-related genes, CD markers, Human disease related genes, Plasma proteins, Predicted secreted proteins, Transporters	Immunity, Inflammatory response, Innate immunity		Cancer-related genes	Immune cell enhanced	classical monocyte: 3500.8	Group enriched	Secreted to blood	Tissue enhanced	1	0	0	0	0	0	0	0	0	1	0	1	0	0	1	Myeloid/Monocyte	1	1	4	1	HLA/Antigen presentation
415	CD160	CD160 antigen	CD markers, Predicted secreted proteins	Adaptive immunity, Angiogenesis, Immunity, Innate immunity	Receptor		Group enriched	gdT-cell: 108.0;MAIT T-cell: 44.6;memory CD8 T-cell: 73.0;naive CD8 T-cell: 83.2;NK-cell: 86.1	Group enriched	Secreted to blood	Group enriched	1	0	0	0	0	0	0	0	0	1	0	1	0	0	1	T-cell;NK-cell	1	1	4	1	HLA/Antigen presentation
416	CD163	Scavenger receptor cysteine-rich type 1 protein M130	CD markers, Plasma proteins, Predicted intracellular proteins, Predicted membrane proteins, Predicted secreted proteins	Acute phase, Inflammatory response			Group enriched	classical monocyte: 76.1;myeloid DC: 65.3	Group enriched	Secreted to blood	Tissue enhanced	1	0	0	0	0	0	0	0	0	1	0	1	0	1	1	Myeloid/Monocyte;Dendritic	1	1	4	1	HLA/Antigen presentation
417	CD164	Sialomucin core protein 24	CD markers, Disease related genes, Human disease related genes, Predicted intracellular proteins, Predicted membrane proteins	Cell adhesion, Myogenesis		Deafness, Non-syndromic deafness	Low immune cell specificity		Low lineage specificity	Intracellular and membrane	Low tissue specificity	1	0	0	0	0	0	0	0	0	1	0	1	0	0	0		0	0	1	0	HLA/Antigen presentation
418	CD164L2	CD164 sialomucin-like 2 protein	Predicted membrane proteins				Not detected in immune cells		Not detected		Tissue enhanced	1	0	0	0	0	0	0	0	0	1	0	1	0	0	0		0	0	1	0	HLA/Antigen presentation
419	CD177	CD177 antigen	Predicted intracellular proteins				Immune cell enriched	neutrophil: 8.8	Lineage enriched	Intracellular and membrane	Tissue enhanced	1	0	0	0	0	0	0	0	0	1	0	1	0	0	1	Granulocyte	0	0	3	1	HLA/Antigen presentation
420	CD1C	T-cell surface glycoprotein CD1c	CD markers, Predicted intracellular proteins, Predicted membrane proteins	Adaptive immunity, Immunity			Group enriched	memory B-cell: 84.5;myeloid DC: 325.4	Group enriched		Tissue enriched	1	0	0	0	0	0	0	0	0	1	0	1	0	0	1	Myeloid/Monocyte;B-cell;Dendritic	0	1	4	1	HLA/Antigen presentation
421	CD2	T-cell surface antigen CD2	CD markers, FDA approved drug targets, Predicted intracellular proteins, Predicted membrane proteins	Cell adhesion		FDA approved drug targets	Group enriched	gdT-cell: 422.7;MAIT T-cell: 403.9;memory CD4 T-cell: 611.9;memory CD8 T-cell: 713.9;naive CD4 T-cell: 317.2;naive CD8 T-cell: 487.5;NK-cell: 1110.8;T-reg: 656.9	Group enriched		Tissue enriched	1	0	0	0	0	0	0	0	0	1	0	0	0	0	1	T-cell;NK-cell	0	0	3	1	CD/Leukocyte surface
422	CD200	OX-2 membrane glycoprotein	CD markers, Predicted intracellular proteins, Predicted membrane proteins				Group enriched	memory B-cell: 30.8;naive B-cell: 83.8	Lineage enriched		Tissue enhanced	1	0	0	0	0	0	0	0	0	1	0	0	0	0	1	B-cell	0	0	3	1	CD/Leukocyte surface
423	CD200R1	Cell surface glycoprotein CD200 receptor 1	Predicted intracellular proteins, Predicted membrane proteins	Host-virus interaction	Receptor		Immune cell enriched	basophil: 235.9	Lineage enriched	Intracellular and membrane	Tissue enhanced	1	0	0	0	0	0	0	0	0	1	0	0	0	1	1	Granulocyte	0	0	3	1	CD/Leukocyte surface
424	CD207	C-type lectin domain family 4 member K	CD markers, Disease related genes, Predicted membrane proteins				Immune cell enriched	myeloid DC: 1.1	Lineage enriched		Tissue enriched	1	0	0	0	0	0	0	0	0	1	0	0	0	0	1	Myeloid/Monocyte;Dendritic	0	0	3	1	CD/Leukocyte surface
425	CD209	CD209 antigen	CD markers, Predicted intracellular proteins, Predicted membrane proteins	Adaptive immunity, Cell adhesion, Endocytosis, Host-virus interaction, Immunity, Innate immunity	Host cell receptor for virus entry, Receptor		Group enriched	classical monocyte: 1.4;intermediate monocyte: 1.4;myeloid DC: 1.2	Group enriched	Intracellular and membrane	Tissue enhanced	1	0	0	0	0	0	0	0	0	1	0	0	0	0	1	Myeloid/Monocyte;Dendritic	0	1	4	1	CD/Leukocyte surface
426	CD22	B-cell receptor CD22	CD markers, FDA approved drug targets, Plasma proteins, Predicted intracellular proteins, Predicted membrane proteins	Cell adhesion		FDA approved drug targets	Group enriched	memory B-cell: 97.9;naive B-cell: 120.7	Lineage enriched		Tissue enhanced	1	0	0	0	0	0	0	0	0	1	0	0	0	1	1	B-cell	0	0	3	1	CD/Leukocyte surface
427	CD226	CD226 antigen	CD markers, Human disease related genes, Predicted intracellular proteins, Predicted membrane proteins	Cell adhesion	Receptor		Group enriched	gdT-cell: 36.7;MAIT T-cell: 13.4;memory CD4 T-cell: 28.9;memory CD8 T-cell: 22.5;naive CD4 T-cell: 15.8;naive CD8 T-cell: 17.4;NK-cell: 29.7;T-reg: 11.3	Group enriched		Group enriched	1	0	0	0	0	0	0	0	0	1	0	0	0	0	1	T-cell;NK-cell	0	0	3	1	CD/Leukocyte surface
428	CD244	Natural killer cell receptor 2B4	CD markers, Human disease related genes, Plasma proteins, Predicted membrane proteins	Adaptive immunity, Immunity, Innate immunity	Receptor		Immune cell enriched	basophil: 473.6	Lineage enriched		Tissue enhanced	1	0	0	0	0	0	0	0	0	1	0	0	0	1	1	Granulocyte	0	1	4	1	CD/Leukocyte surface
429	CD248	Endosialin	CD markers, Predicted membrane proteins				Immune cell enriched	naive CD8 T-cell: 21.9	Lineage enriched		Tissue enhanced	1	0	0	0	0	0	0	0	0	1	0	0	0	0	1	T-cell	0	0	3	1	CD/Leukocyte surface
430	CD27	CD27 antigen	Cancer-related genes, CD markers, Disease related genes, Human disease related genes, Plasma proteins, Predicted membrane proteins	Apoptosis	Receptor	Cancer-related genes, Disease variant	Immune cell enhanced	T-reg: 642.1	Group enriched		Group enriched	1	0	0	0	0	0	0	0	0	1	0	0	0	0	1	T-cell	0	0	3	1	CD/Leukocyte surface
431	CD274	Programmed cell death 1 ligand 1	Cancer-related genes, CD markers, Disease related genes, FDA approved drug targets, Predicted membrane proteins, Predicted secreted proteins, Transporters	Adaptive immunity, Immunity	Receptor	Cancer-related genes, FDA approved drug targets	Immune cell enhanced	basophil: 6.7	Lineage enriched	Secreted - unknown location	Tissue enhanced	1	0	0	0	0	0	0	0	1	1	0	0	0	0	1	Granulocyte	1	1	6	1	Immune checkpoint
432	CD276	CD276 antigen	CD markers, Predicted intracellular proteins, Predicted membrane proteins				Not detected in immune cells		Not detected		Low tissue specificity	1	0	0	0	0	0	0	0	1	1	0	0	0	0	0		0	0	3	1	Immune checkpoint
433	CD28	T-cell-specific surface glycoprotein CD28	CD markers, Predicted membrane proteins		Receptor	Disease variant	Immune cell enhanced	T-reg: 102.2	Lineage enriched		Group enriched	1	0	0	0	0	0	0	0	1	1	0	0	0	0	1	T-cell	0	0	5	1	Immune checkpoint
434	CD2AP	CD2-associated protein	Disease related genes, Human disease related genes, Potential drug targets, Predicted intracellular proteins, Transporters	Cell cycle, Cell division, Host-virus interaction, Mitosis			Immune cell enhanced	plasmacytoid DC: 9.9	Low lineage specificity		Low tissue specificity	1	0	0	0	0	0	0	0	0	1	0	0	0	0	1	Myeloid/Monocyte;Dendritic	0	0	3	1	CD/Leukocyte surface
435	CD300A	CMRF35-like molecule 8	CD markers, Plasma proteins, Predicted intracellular proteins, Predicted membrane proteins	Cell adhesion, Immunity	Receptor		Low immune cell specificity		Low lineage specificity	Intracellular and membrane	Tissue enriched	1	0	0	0	0	0	0	0	0	1	0	0	0	0	0		0	1	2	1	CD/Leukocyte surface
436	CD300C	CMRF35-like molecule 6	CD markers, Predicted membrane proteins	Immunity	Receptor		Immune cell enhanced	intermediate monocyte: 228.5;non-classical monocyte: 243.7	Low lineage specificity		Tissue enhanced	1	0	0	0	0	0	0	0	0	1	0	0	0	0	1	Myeloid/Monocyte	0	1	4	1	CD/Leukocyte surface
437	CD300E	CMRF35-like molecule 2	CD markers, Predicted intracellular proteins, Predicted membrane proteins	Immunity	Receptor		Group enriched	classical monocyte: 87.9;intermediate monocyte: 135.0;non-classical monocyte: 149.1	Lineage enriched		Tissue enhanced	1	0	0	0	0	0	0	0	0	1	0	0	0	0	1	Myeloid/Monocyte	0	1	4	1	CD/Leukocyte surface
438	CD300LF	CMRF35-like molecule 1	CD markers, Predicted intracellular proteins, Predicted membrane proteins	Immunity	Receptor		Immune cell enhanced	eosinophil: 234.8	Group enriched		Group enriched	1	0	0	0	0	0	0	0	0	1	0	0	0	0	1	Granulocyte	0	1	4	1	CD/Leukocyte surface
439	CD300LG	CMRF35-like molecule 9	CD markers, Predicted intracellular proteins, Predicted membrane proteins	Immunity	Receptor		Not detected in immune cells		Not detected		Tissue enhanced	1	0	0	0	0	0	0	0	0	1	0	0	0	0	0		0	1	2	1	CD/Leukocyte surface
440	CD302	CD302 antigen	CD markers, Predicted membrane proteins		Receptor		Low immune cell specificity		Group enriched		Tissue enhanced	1	0	0	0	0	0	0	0	0	1	0	0	0	0	0		0	0	1	0	CD/Leukocyte surface
441	CD33	Myeloid cell surface antigen CD33	CD markers, FDA approved drug targets, Plasma proteins, Predicted membrane proteins	Cell adhesion		FDA approved drug targets	Group enriched	classical monocyte: 166.7;intermediate monocyte: 122.1;myeloid DC: 213.7;non-classical monocyte: 58.0	Group enriched		Tissue enhanced	1	0	0	0	0	0	0	0	0	1	0	0	0	0	1	Myeloid/Monocyte;Dendritic	0	0	3	1	CD/Leukocyte surface
442	CD34	Hematopoietic progenitor cell antigen CD34	CD markers, Predicted membrane proteins	Cell adhesion			Not detected in immune cells		Not detected		Low tissue specificity	1	0	0	0	0	0	0	0	0	1	0	0	0	0	0		0	0	1	0	CD/Leukocyte surface
443	CD36	Platelet glycoprotein 4	Cancer-related genes, CD markers, Disease related genes, Human disease related genes, Metabolic proteins, Plasma proteins, Potential drug targets, Predicted intracellular proteins, Predicted membrane proteins, Transporters	Cell adhesion, Lipid transport, Transport	Receptor	Cancer-related genes, Disease variant	Group enriched	classical monocyte: 965.2;intermediate monocyte: 271.3;myeloid DC: 507.9	Group enriched		Tissue enhanced	1	0	0	0	0	0	0	0	0	1	0	0	0	0	1	Myeloid/Monocyte;Dendritic	0	0	3	1	CD/Leukocyte surface
444	CD38	ADP-ribosyl cyclase/cyclic ADP-ribose hydrolase 1	Cancer-related genes, CD markers, Enzymes, Metabolic proteins, Predicted intracellular proteins		Hydrolase, Receptor, Transferase	Cancer-related genes, Diabetes mellitus	Immune cell enhanced	NK-cell: 18.3	Group enriched		Tissue enhanced	1	0	0	0	0	0	0	0	0	1	0	0	0	0	1	NK-cell	0	0	3	1	CD/Leukocyte surface
445	CD3D	T-cell surface glycoprotein CD3 delta chain	CD markers, Disease related genes, FDA approved drug targets, Human disease related genes, Predicted intracellular proteins, Predicted membrane proteins	Adaptive immunity, Immunity	Receptor	FDA approved drug targets, SCID	Group enriched	gdT-cell: 1434.7;MAIT T-cell: 971.2;memory CD4 T-cell: 1184.7;memory CD8 T-cell: 1338.7;naive CD4 T-cell: 1071.7;naive CD8 T-cell: 1320.2;T-reg: 1629.7	Lineage enriched		Tissue enriched	1	0	0	0	0	0	0	0	0	1	0	0	0	0	1	T-cell	0	1	4	1	CD/Leukocyte surface
446	CD3E	T-cell surface glycoprotein CD3 epsilon chain	CD markers, Disease related genes, FDA approved drug targets, Human disease related genes, Predicted membrane proteins, Transporters	Adaptive immunity, Immunity	Receptor	FDA approved drug targets	Group enriched	gdT-cell: 491.6;MAIT T-cell: 421.5;memory CD4 T-cell: 415.6;memory CD8 T-cell: 463.4;naive CD4 T-cell: 493.3;naive CD8 T-cell: 502.8;NK-cell: 203.3;T-reg: 427.4	Group enriched		Tissue enriched	1	0	0	0	0	0	0	0	0	1	0	0	0	0	1	T-cell;NK-cell	0	1	4	1	CD/Leukocyte surface
447	CD3G	T-cell surface glycoprotein CD3 gamma chain	CD markers, Disease related genes, FDA approved drug targets, Human disease related genes, Plasma proteins, Predicted intracellular proteins, Predicted membrane proteins	Adaptive immunity, Immunity	Receptor	FDA approved drug targets	Group enriched	gdT-cell: 228.7;MAIT T-cell: 135.3;memory CD4 T-cell: 187.4;memory CD8 T-cell: 196.4;naive CD4 T-cell: 192.7;naive CD8 T-cell: 241.8;T-reg: 200.1	Lineage enriched		Tissue enriched	1	0	0	0	0	0	0	0	0	1	0	0	0	0	1	T-cell	0	1	4	1	CD/Leukocyte surface
448	CD4	T-cell surface glycoprotein CD4	CD markers, Disease related genes, FDA approved drug targets, Human disease related genes, Predicted intracellular proteins, Predicted membrane proteins, Transporters	Adaptive immunity, Host-virus interaction, Immunity	Host cell receptor for virus entry, Receptor	FDA approved drug targets	Group enriched	classical monocyte: 247.4;intermediate monocyte: 241.4;memory CD4 T-cell: 153.8;myeloid DC: 166.4;naive CD4 T-cell: 128.5;non-classical monocyte: 205.2;plasmacytoid DC: 264.3;T-reg: 154.9	Group enriched		Tissue enhanced	1	0	0	0	0	0	0	0	0	1	0	0	0	0	1	Myeloid/Monocyte;T-cell;Dendritic	0	1	4	1	CD/Leukocyte surface
449	CD40	Tumor necrosis factor receptor superfamily member 5	Cancer-related genes, CD markers, Disease related genes, Human disease related genes, Predicted membrane proteins, Predicted secreted proteins	Immunity	Receptor	Cancer-related genes, Disease variant	Immune cell enhanced	memory B-cell: 108.3;naive B-cell: 123.7	Group enriched	Secreted to blood	Tissue enhanced	1	0	0	0	0	0	0	0	1	1	0	0	0	1	1	B-cell	1	1	6	1	Immune checkpoint
450	CD40LG	CD40 ligand	Cancer-related genes, Candidate cardiovascular disease genes, CD markers, Disease related genes, Human disease related genes, Predicted intracellular proteins, Predicted membrane proteins, Predicted secreted proteins		Cytokine	Cancer-related genes, Disease variant	Group enriched	gdT-cell: 26.4;MAIT T-cell: 64.4;memory CD4 T-cell: 80.5;naive CD4 T-cell: 76.3	Lineage enriched	Secreted to blood	Tissue enhanced	1	0	0	0	0	0	0	0	1	1	0	0	0	0	1	T-cell	1	0	5	1	Immune checkpoint
451	CD46	Membrane cofactor protein	Cancer-related genes, CD markers, Disease related genes, Human disease related genes, Plasma proteins, Predicted intracellular proteins, Predicted membrane proteins	Complement pathway, Fertilization, Host-virus interaction, Immunity, Innate immunity	Host cell receptor for virus entry, Receptor	Cancer-related genes, Disease variant, Hemolytic uremic syndrome	Group enriched	basophil: 301.2;eosinophil: 387.4;neutrophil: 404.1	Lineage enriched		Low tissue specificity	1	0	0	0	0	0	1	0	0	1	0	0	0	0	1	Granulocyte	0	1	6	1	Complement/Coagulation
452	CD48	CD48 antigen	CD markers, Plasma proteins, Predicted membrane proteins, Predicted secreted proteins, Transporters				Low immune cell specificity		Low lineage specificity	Secreted to blood	Group enriched	1	0	0	0	0	0	0	0	0	1	0	0	0	0	0		1	0	1	0	CD/Leukocyte surface
453	CD5	T-cell surface glycoprotein CD5	CD markers, Predicted intracellular proteins, Predicted membrane proteins		Receptor		Immune cell enhanced	T-reg: 138.6	Lineage enriched		Tissue enhanced	1	0	0	0	0	0	0	0	0	1	0	0	0	0	1	T-cell	0	0	3	1	CD/Leukocyte surface
454	CD55	Complement decay-accelerating factor	Blood group antigen proteins, CD markers, Disease related genes, Human disease related genes, Plasma proteins, Predicted intracellular proteins, Predicted membrane proteins, Predicted secreted proteins	Complement pathway, Host-virus interaction, Immunity, Innate immunity	Blood group antigen, Host cell receptor for virus entry, Receptor	Disease variant	Immune cell enhanced	neutrophil: 653.3	Low lineage specificity	Secreted to blood	Low tissue specificity	1	0	0	0	0	0	1	0	0	1	0	0	0	0	1	Granulocyte	1	1	6	1	Complement/Coagulation
455	CD58	Lymphocyte function-associated antigen 3	CD markers, Human disease related genes, Predicted membrane proteins				Low immune cell specificity		Low lineage specificity		Low tissue specificity	1	0	0	0	0	0	0	0	0	1	0	0	0	0	0		0	0	1	0	CD/Leukocyte surface
456	CD59	CD59 glycoprotein	Cancer-related genes, CD markers, Disease related genes, Human disease related genes, Plasma proteins, Predicted intracellular proteins, Predicted membrane proteins			Cancer-related genes, Disease variant, Hereditary hemolytic anemia	Low immune cell specificity		Low lineage specificity	Intracellular and membrane	Low tissue specificity	1	0	0	0	0	0	1	0	0	1	0	0	0	0	0		0	0	3	1	Complement/Coagulation
457	CD5L	CD5 antigen-like	Plasma proteins, Predicted secreted proteins	Apoptosis, Immunity, Inflammatory response			Not detected in immune cells		Not detected	Secreted to blood	Tissue enriched	1	0	0	0	0	0	0	0	0	1	0	0	0	0	0		1	1	2	1	CD/Leukocyte surface
458	CD6	T-cell differentiation antigen CD6	CD markers, Predicted membrane proteins, Predicted secreted proteins	Adaptive immunity, Cell adhesion, Immunity, Innate immunity			Group enriched	gdT-cell: 27.8;MAIT T-cell: 24.7;memory CD4 T-cell: 51.5;memory CD8 T-cell: 48.4;naive CD4 T-cell: 34.5;naive CD8 T-cell: 25.2;T-reg: 25.5	Lineage enriched	Secreted to blood	Tissue enhanced	1	0	0	0	0	0	0	0	0	1	0	0	0	0	1	T-cell	1	1	4	1	CD/Leukocyte surface
459	CD63	CD63 antigen	CD markers, Plasma proteins, Predicted membrane proteins, Transporters	Protein transport, Transport			Immune cell enhanced	eosinophil: 1861.6	Low lineage specificity	Intracellular and membrane	Low tissue specificity	1	0	0	0	0	0	0	0	0	1	0	0	0	0	1	Granulocyte	0	0	3	1	CD/Leukocyte surface
460	CD69	Early activation antigen CD69	CD markers, Predicted membrane proteins		Receptor		Low immune cell specificity		Group enriched		Group enriched	1	0	0	0	0	0	0	0	0	1	0	0	0	0	0		0	0	1	0	CD/Leukocyte surface
461	CD7	T-cell antigen CD7	CD markers, Predicted intracellular proteins, Predicted membrane proteins	Adaptive immunity, Immunity	Receptor		Immune cell enhanced	NK-cell: 232.4	Group enriched		Tissue enhanced	1	0	0	0	0	0	0	0	0	1	0	0	0	0	1	NK-cell	0	1	4	1	CD/Leukocyte surface
462	CD70	CD70 antigen	Cancer-related genes, CD markers, Disease related genes, Human disease related genes, Predicted intracellular proteins, Predicted membrane proteins			Cancer-related genes, Disease variant	Immune cell enhanced	T-reg: 44.3	Group enriched		Tissue enhanced	1	0	0	0	0	0	0	0	0	1	0	0	0	0	1	T-cell	0	0	3	1	CD/Leukocyte surface
463	CD72	B-cell differentiation antigen CD72	CD markers, Predicted intracellular proteins, Predicted membrane proteins		Receptor		Group enriched	memory B-cell: 233.6;naive B-cell: 413.2	Lineage enriched		Tissue enriched	1	0	0	0	0	0	0	0	0	1	0	0	0	0	1	B-cell	0	0	3	1	CD/Leukocyte surface
464	CD74	HLA class II histocompatibility antigen gamma chain	Cancer-related genes, CD markers, Disease related genes, Potential drug targets, Predicted membrane proteins, Predicted secreted proteins, Transporters	Adaptive immunity, Immunity	Chaperone	Cancer-related genes	Group enriched	classical monocyte: 11129.6;intermediate monocyte: 16174.8;memory B-cell: 27121.2;myeloid DC: 23965.9;naive B-cell: 28192.5;non-classical monocyte: 8146.1;plasmacytoid DC: 17015.9	Group enriched	Secreted to blood	Tissue enhanced	1	0	0	0	0	0	0	0	0	1	0	0	0	0	1	Myeloid/Monocyte;B-cell;Dendritic	1	1	4	1	CD/Leukocyte surface
465	CD79B	B-cell antigen receptor complex-associated protein beta chain	Cancer-related genes, CD markers, Disease related genes, FDA approved drug targets, Human disease related genes, Predicted membrane proteins	Adaptive immunity, Immunity	Receptor	Cancer-related genes, Disease variant, FDA approved drug targets	Group enriched	memory B-cell: 1119.4;naive B-cell: 1488.8	Lineage enriched		Tissue enriched	1	0	0	0	0	0	0	0	0	1	0	0	1	1	1	B-cell	0	1	4	1	Ig/B-cell/Fc
466	CD80	T-lymphocyte activation antigen CD80	CD markers, FDA approved drug targets, Predicted intracellular proteins, Predicted membrane proteins	Host-virus interaction	Host cell receptor for virus entry, Receptor	FDA approved drug targets	Immune cell enhanced	memory B-cell: 1.4;T-reg: 1.3	Low lineage specificity	Intracellular and membrane	Tissue enhanced	1	0	0	0	0	0	0	0	1	1	0	0	0	0	1	T-cell;B-cell	0	0	5	1	Immune checkpoint
467	CD82	CD82 antigen	Cancer-related genes, CD markers, Plasma proteins, Predicted intracellular proteins, Predicted membrane proteins			Cancer-related genes	Immune cell enhanced	neutrophil: 537.1	Group enriched		Low tissue specificity	1	0	0	0	0	0	0	0	0	1	0	0	0	0	1	Granulocyte	0	0	3	1	CD/Leukocyte surface
468	CD83	CD83 antigen	CD markers, Predicted membrane proteins				Low immune cell specificity		Low lineage specificity		Tissue enhanced	1	0	0	0	0	0	0	0	0	1	0	0	0	0	0		0	0	1	0	CD/Leukocyte surface
469	CD84	SLAM family member 5	CD markers, Predicted membrane proteins	Adaptive immunity, Autophagy, Cell adhesion, Immunity, Innate immunity	Receptor		Low immune cell specificity		Low lineage specificity		Tissue enhanced	1	0	0	0	0	0	0	0	0	1	0	0	0	0	0		0	1	2	1	CD/Leukocyte surface
470	CD86	T-lymphocyte activation antigen CD86	CD markers, FDA approved drug targets, Predicted intracellular proteins, Predicted membrane proteins	Adaptive immunity, Host-virus interaction, Immunity	Host cell receptor for virus entry, Receptor	FDA approved drug targets	Group enriched	classical monocyte: 80.1;intermediate monocyte: 79.2;memory B-cell: 41.1;myeloid DC: 79.0;naive B-cell: 28.7;non-classical monocyte: 85.6	Group enriched		Tissue enhanced	1	0	0	0	0	0	0	0	1	1	0	0	0	0	1	Myeloid/Monocyte;B-cell;Dendritic	0	1	6	1	Immune checkpoint
471	CD8A	T-cell surface glycoprotein CD8 alpha chain	CD markers, Disease related genes, Human disease related genes, Predicted intracellular proteins, Predicted membrane proteins	Adaptive immunity, Immunity		Disease variant	Group enriched	MAIT T-cell: 227.9;memory CD8 T-cell: 509.4;naive CD8 T-cell: 461.5	Lineage enriched	Intracellular and membrane	Tissue enriched	1	0	0	0	0	0	0	0	0	1	0	0	0	0	1	T-cell	0	1	4	1	CD/Leukocyte surface
472	CD93	Complement component C1q receptor	CD markers, Plasma proteins, Predicted membrane proteins	Cell adhesion, Host-virus interaction	Receptor		Group enriched	classical monocyte: 25.8;intermediate monocyte: 16.8;myeloid DC: 9.1;neutrophil: 27.8;non-classical monocyte: 7.5	Group enriched		Tissue enhanced	1	0	0	0	0	0	0	0	0	1	0	0	0	1	1	Myeloid/Monocyte;Granulocyte;Dendritic	0	0	3	1	CD/Leukocyte surface
473	CD99	CD99 antigen	CD markers, Plasma proteins, Predicted intracellular proteins, Predicted membrane proteins	Cell adhesion			Low immune cell specificity		Low lineage specificity		Low tissue specificity	1	0	0	0	0	0	0	0	0	1	0	0	0	0	0		0	0	1	0	CD/Leukocyte surface
474	CD99L2	CD99 antigen-like protein 2	Predicted intracellular proteins, Predicted membrane proteins, Predicted secreted proteins	Cell adhesion			Low immune cell specificity		Low lineage specificity	Secreted in other tissues	Tissue enhanced	1	0	0	0	0	0	0	0	0	1	0	0	0	0	0		1	0	1	0	CD/Leukocyte surface
475	CDA	Cytidine deaminase	Enzymes, FDA approved drug targets, Metabolic proteins, Plasma proteins, Predicted intracellular proteins		Hydrolase	FDA approved drug targets	Immune cell enhanced	neutrophil: 1240.3	Lineage enriched		Tissue enhanced	1	0	0	0	0	0	0	0	0	0	0	0	0	0	1	Granulocyte	0	0	2	1	Immune-cell-enriched
476	CDAN1	Codanin-1	Disease related genes, Essential proteins, Human disease related genes, Plasma proteins, Predicted intracellular proteins, Predicted membrane proteins			Congenital dyserythropoietic anemia, Disease variant, Hereditary hemolytic anemia	Immune cell enhanced	basophil: 1.0	Lineage enriched		Low tissue specificity	1	0	0	0	0	0	0	0	0	0	0	0	0	0	1	Granulocyte	0	0	2	1	Immune-cell-enriched
477	CDC123	Cell division cycle protein 123 homolog	Essential proteins, Predicted intracellular proteins		Chaperone		Low immune cell specificity		Low lineage specificity		Low tissue specificity	1	0	0	0	0	0	0	0	0	0	0	0	0	0	0		0	0	0	0	Non-immune
478	CDC25A	M-phase inducer phosphatase 1	Cancer-related genes, Enzymes, Plasma proteins, Predicted intracellular proteins	Cell cycle, Cell division, Mitosis	Hydrolase, Protein phosphatase	Cancer-related genes	Not detected in immune cells		Not detected		Tissue enhanced	1	0	0	0	0	0	0	0	0	0	0	0	0	0	0		0	0	0	0	Non-immune
479	CDC26	Anaphase-promoting complex subunit CDC26	Essential proteins, Predicted intracellular proteins	Cell cycle, Cell division, Mitosis, Ubl conjugation pathway			Low immune cell specificity		Low lineage specificity		Low tissue specificity	1	0	0	0	0	0	0	0	0	0	0	0	0	0	0		0	0	0	0	Non-immune
480	CDC27	Cell division cycle protein 27 homolog	Cancer-related genes, Essential proteins, Plasma proteins, Predicted intracellular proteins	Ubl conjugation pathway		Cancer-related genes	Low immune cell specificity		Low lineage specificity		Low tissue specificity	1	0	0	0	0	0	0	0	0	0	0	0	0	0	0		0	0	0	0	Non-immune
481	CDC37	Hsp90 co-chaperone Cdc37	Cancer-related genes, Essential proteins, Predicted intracellular proteins, Transporters		Chaperone	Cancer-related genes	Low immune cell specificity		Low lineage specificity		Low tissue specificity	1	0	0	0	0	0	0	0	0	0	0	0	0	0	0		0	0	0	0	Non-immune
482	CDC42BPB	Serine/threonine-protein kinase MRCK beta	Disease related genes, Enzymes, Potential drug targets, Predicted intracellular proteins		Kinase, Serine/threonine-protein kinase, Transferase	Disease variant, Intellectual disability	Not detected in immune cells		Not detected		Low tissue specificity	1	0	0	0	0	0	0	0	0	0	0	0	0	0	0		0	0	0	0	Non-immune
483	CDCP1	CUB domain-containing protein 1	CD markers, Predicted intracellular proteins, Predicted membrane proteins				Immune cell enhanced	myeloid DC: 2.3;NK-cell: 4.2	Low lineage specificity	Intracellular and membrane	Tissue enhanced	1	0	0	0	0	0	0	0	0	0	0	0	0	0	1	Myeloid/Monocyte;NK-cell;Dendritic	0	0	2	1	Immune-cell-enriched
484	CDH1	Cadherin-1	Cancer-related genes, CD markers, Disease related genes, Human disease related genes, Plasma proteins, Potential drug targets, Predicted membrane proteins, Transporters	Cell adhesion		Cancer-related genes, Disease variant, Ectodermal dysplasia	Group enriched	myeloid DC: 1.7;plasmacytoid DC: 4.7	Lineage enriched		Tissue enhanced	1	0	0	0	0	0	0	0	0	0	0	0	0	0	1	Myeloid/Monocyte;Dendritic	0	0	2	1	Immune-cell-enriched
485	CDH15	Cadherin-15	Disease related genes, Human disease related genes, Predicted membrane proteins	Cell adhesion		Disease variant, Intellectual disability	Not detected in immune cells		Not detected		Group enriched	1	0	0	0	0	0	0	0	0	0	0	0	0	0	0		0	0	0	0	Non-immune
486	CDH17	Cadherin-17	Cancer-related genes, Plasma proteins, Predicted intracellular proteins, Predicted membrane proteins	Cell adhesion, Transport		Cancer-related genes	Immune cell enriched	neutrophil: 14.8	Lineage enriched		Tissue enriched	1	0	0	0	0	0	0	0	0	0	0	0	0	0	1	Granulocyte	0	0	2	1	Immune-cell-enriched
487	CDH2	Cadherin-2	CD markers, Disease related genes, Human disease related genes, Plasma proteins, Predicted intracellular proteins, Predicted membrane proteins	Cell adhesion		Cardiomyopathy, Disease variant, Intellectual disability	Group enriched	basophil: 1.7;neutrophil: 1.3	Lineage enriched		Tissue enhanced	1	0	0	0	0	0	0	0	0	0	0	0	0	0	1	Granulocyte	0	0	2	1	Immune-cell-enriched
488	CDH22	Cadherin-22	Predicted membrane proteins	Cell adhesion			Not detected in immune cells		Not detected		Tissue enriched	1	0	0	0	0	0	0	0	0	0	0	0	0	0	0		0	0	0	0	Non-immune
489	CDH23	Cadherin-23	Disease related genes, Human disease related genes, Predicted intracellular proteins, Predicted membrane proteins	Cell adhesion, Hearing, Sensory transduction, Vision		Deafness, Disease variant, Non-syndromic deafness, Retinitis pigmentosa, Usher syndrome	Immune cell enhanced	intermediate monocyte: 26.8;non-classical monocyte: 38.2	Lineage enriched		Tissue enhanced	1	0	0	0	0	0	0	0	0	0	0	0	0	0	1	Myeloid/Monocyte	0	0	2	1	Immune-cell-enriched
490	CDH3	Cadherin-3	Disease related genes, Human disease related genes, Predicted intracellular proteins, Predicted membrane proteins	Cell adhesion, Sensory transduction, Vision		Disease variant, Ectodermal dysplasia, Hypotrichosis	Not detected in immune cells		Not detected		Tissue enhanced	1	0	0	0	0	0	0	0	0	0	0	0	0	0	0		0	0	0	0	Non-immune
491	CDH4	Cadherin-4	Predicted membrane proteins	Cell adhesion			Not detected in immune cells		Not detected		Group enriched	1	0	0	0	0	0	0	0	0	0	0	0	0	0	0		0	0	0	0	Non-immune
492	CDH5	Cadherin-5	Cancer-related genes, CD markers, Plasma proteins, Predicted intracellular proteins, Predicted membrane proteins	Cell adhesion		Cancer-related genes	Not detected in immune cells		Not detected		Tissue enhanced	1	0	0	0	0	0	0	0	0	0	0	0	0	0	0		0	0	0	0	Non-immune
493	CDH6	Cadherin-6	Plasma proteins, Predicted membrane proteins	Cell adhesion			Not detected in immune cells		Not detected		Tissue enhanced	1	0	0	0	0	0	0	0	0	0	0	0	0	0	0		0	0	0	0	Non-immune
494	CDHR1	Cadherin-related family member 1	Disease related genes, Human disease related genes, Predicted intracellular proteins, Predicted membrane proteins	Cell adhesion	Receptor	Cone-rod dystrophy	Immune cell enriched	NK-cell: 7.5	Lineage enriched	Intracellular and membrane	Group enriched	1	0	0	0	0	0	0	0	0	0	0	0	0	0	1	NK-cell	0	0	2	1	Immune-cell-enriched
495	CDHR2	Cadherin-related family member 2	Plasma proteins, Predicted membrane proteins	Cell adhesion, Differentiation			Not detected in immune cells		Not detected		Tissue enriched	1	0	0	0	0	0	0	0	0	0	0	0	0	0	0		0	0	0	0	Non-immune
496	CDHR5	Cadherin-related family member 5	Plasma proteins, Predicted intracellular proteins, Predicted membrane proteins	Differentiation			Not detected in immune cells		Not detected		Group enriched	1	0	0	0	0	0	0	0	0	0	0	0	0	0	0		0	0	0	0	Non-immune
497	CDK1	Cyclin-dependent kinase 1	Cancer-related genes, Enzymes, Essential proteins, Plasma proteins, Predicted intracellular proteins, Transporters	Apoptosis, Biological rhythms, Cell cycle, Cell division, Host-virus interaction, Mitosis	Host cell receptor for virus entry, Kinase, Receptor, Serine/threonine-protein kinase, Transferase	Cancer-related genes	Immune cell enhanced	NK-cell: 3.3;T-reg: 3.4	Low lineage specificity		Tissue enhanced	1	0	0	0	0	0	0	0	0	0	0	0	0	0	1	T-cell;NK-cell	0	0	2	1	Immune-cell-enriched
498	CDK5RAP3	CDK5 regulatory subunit-associated protein 3	Essential proteins, Plasma proteins, Predicted intracellular proteins	Host-virus interaction, Ubl conjugation pathway			Low immune cell specificity		Low lineage specificity		Low tissue specificity	1	0	0	0	0	0	0	0	0	0	0	0	0	0	0		0	0	0	0	Non-immune
499	CDKL5	Cyclin-dependent kinase-like 5	Disease related genes, Enzymes, Human disease related genes, Plasma proteins, Potential drug targets, Predicted intracellular proteins		Kinase, Serine/threonine-protein kinase, Transferase	Disease variant, Epilepsy, Intellectual disability	Immune cell enhanced	basophil: 5.7	Lineage enriched		Tissue enhanced	1	0	0	0	0	0	0	0	0	0	0	0	0	0	1	Granulocyte	0	0	2	1	Immune-cell-enriched
500	CDKN1A	Cyclin-dependent kinase inhibitor 1	Cancer-related genes, Human disease related genes, Predicted intracellular proteins	Cell cycle	Protein kinase inhibitor	Cancer-related genes	Immune cell enhanced	non-classical monocyte: 74.9	Group enriched		Low tissue specificity	1	0	0	0	0	0	0	0	0	0	0	0	0	0	1	Myeloid/Monocyte	0	0	2	1	Immune-cell-enriched
501	CDKN2D	Cyclin-dependent kinase 4 inhibitor D	Predicted intracellular proteins	Cell cycle		Tumor suppressor	Low immune cell specificity		Low lineage specificity		Group enriched	1	0	0	0	0	0	0	0	0	0	0	0	0	0	0		0	0	0	0	Non-immune
502	CDNF	Cerebral dopamine neurotrophic factor	Predicted intracellular proteins, Predicted secreted proteins		Growth factor		Low immune cell specificity		Low lineage specificity	Secreted in other tissues	Tissue enhanced	1	0	0	0	0	0	0	0	0	0	0	0	0	0	0		1	0	0	0	Non-immune
503	CDON	Cell adhesion molecule-related/down-regulated by oncogenes	Disease related genes, Human disease related genes, Predicted membrane proteins			Disease variant, Holoprosencephaly	Not detected in immune cells		Not detected		Tissue enhanced	1	0	0	0	0	0	0	0	0	0	0	0	0	0	0		0	0	0	0	Non-immune
504	CDSN	Corneodesmosin	Human disease related genes, Predicted secreted proteins				Not detected in immune cells		Not detected	Secreted in other tissues	Tissue enriched	1	0	0	0	0	0	0	0	0	0	0	0	0	0	0		1	0	0	0	Non-immune
505	CEACAM1	Carcinoembryonic antigen-related cell adhesion molecule 1	CD markers, Plasma proteins, Predicted intracellular proteins, Predicted membrane proteins				Group enriched	eosinophil: 44.1;neutrophil: 26.9	Lineage enriched	Intracellular and membrane	Tissue enhanced	1	0	0	0	0	0	0	0	0	0	0	0	0	0	1	Granulocyte	0	0	2	1	Immune-cell-enriched
506	CEACAM16	Carcinoembryonic antigen-related cell adhesion molecule 16	Disease related genes, Human disease related genes, Predicted secreted proteins			Deafness, Disease variant, Non-syndromic deafness	Not detected in immune cells		Not detected	Secreted in other tissues	Tissue enhanced	1	0	0	0	0	0	0	0	0	0	0	0	0	0	0		1	0	0	0	Non-immune
507	CEACAM18	Carcinoembryonic antigen-related cell adhesion molecule 18	Predicted intracellular proteins				Not detected in immune cells		Not detected		Tissue enriched	1	0	0	0	0	0	0	0	0	0	0	0	0	0	0		0	0	0	0	Non-immune
508	CEACAM19	Carcinoembryonic antigen-related cell adhesion molecule 19	Predicted intracellular proteins, Predicted membrane proteins				Not detected in immune cells		Not detected		Low tissue specificity	1	0	0	0	0	0	0	0	0	0	0	0	0	0	0		0	0	0	0	Non-immune
509	CEACAM20	Carcinoembryonic antigen-related cell adhesion molecule 20	Predicted membrane proteins	Immunity			Not detected in immune cells		Not detected		Tissue enriched	1	0	0	0	0	0	0	0	0	0	0	0	0	0	0		0	1	1	0	Other immune-annotated
510	CEACAM21	Carcinoembryonic antigen-related cell adhesion molecule 21	Predicted membrane proteins				Low immune cell specificity		Low lineage specificity		Tissue enhanced	1	0	0	0	0	0	0	0	0	0	0	0	0	0	0		0	0	0	0	Non-immune
511	CEACAM3	Carcinoembryonic antigen-related cell adhesion molecule 3	CD markers, Predicted intracellular proteins, Predicted membrane proteins				Immune cell enriched	neutrophil: 290.5	Lineage enriched		Tissue enriched	1	0	0	0	0	0	0	0	0	0	0	0	0	0	1	Granulocyte	0	0	2	1	Immune-cell-enriched
512	CEACAM5	Carcinoembryonic antigen-related cell adhesion molecule 5	Cancer-related genes, CD markers, Plasma proteins, Predicted intracellular proteins, Predicted membrane proteins	Apoptosis, Cell adhesion		Cancer-related genes, Oncogene	Not detected in immune cells		Not detected		Tissue enriched	1	0	0	0	0	0	0	0	0	0	0	0	0	0	0		0	0	0	0	Non-immune
513	CEACAM6	Carcinoembryonic antigen-related cell adhesion molecule 6	Cancer-related genes, CD markers, Predicted intracellular proteins, Predicted membrane proteins	Apoptosis, Cell adhesion		Cancer-related genes, Oncogene	Immune cell enhanced	neutrophil: 1.1	Low lineage specificity		Tissue enhanced	1	0	0	0	0	0	0	0	0	0	0	0	0	0	1	Granulocyte	0	0	2	1	Immune-cell-enriched
514	CEACAM8	Carcinoembryonic antigen-related cell adhesion molecule 8	CD markers, Plasma proteins, Predicted intracellular proteins	Cell adhesion			Group enriched	neutrophil: 1.6;non-classical monocyte: 1.1	Group enriched	Intracellular and membrane	Tissue enriched	1	0	0	0	0	0	0	0	0	0	0	0	0	0	1	Myeloid/Monocyte;Granulocyte	0	0	2	1	Immune-cell-enriched
515	CEBPA	CCAAT/enhancer-binding protein alpha	Cancer-related genes, Disease related genes, Human disease related genes, Predicted intracellular proteins, Transcription factors	Host-virus interaction, Transcription, Transcription regulation	Activator, Developmental protein, DNA-binding	Cancer-related genes, Disease variant	Group enriched	basophil: 16.1;classical monocyte: 7.1;intermediate monocyte: 12.3;myeloid DC: 5.1;non-classical monocyte: 15.8	Group enriched		Group enriched	1	0	0	0	0	0	0	0	0	0	0	0	0	0	1	Myeloid/Monocyte;Granulocyte;Dendritic	0	0	2	1	Immune-cell-enriched
516	CEBPB	CCAAT/enhancer-binding protein beta	Predicted intracellular proteins, Transcription factors	Differentiation, Transcription, Transcription regulation	Activator, DNA-binding		Immune cell enhanced	neutrophil: 16.8	Group enriched		Low tissue specificity	1	0	0	0	0	0	0	0	0	0	0	0	0	0	1	Granulocyte	0	0	2	1	Immune-cell-enriched
517	CELA2A	Chymotrypsin-like elastase family member 2A	Disease related genes, Enzymes, Human disease related genes, Potential drug targets, Predicted secreted proteins		Hydrolase, Protease, Serine protease	Diabetes mellitus, Disease variant, Obesity	Not detected in immune cells		Not detected	Secreted to digestive system	Tissue enriched	1	0	0	0	0	0	0	0	0	0	0	0	0	0	0		1	0	0	0	Non-immune
518	CELA3A	Chymotrypsin-like elastase family member 3A	Enzymes, Predicted intracellular proteins, Predicted secreted proteins		Hydrolase, Protease, Serine protease		Not detected in immune cells		Not detected	Secreted to digestive system	Tissue enriched	1	0	0	0	0	0	0	0	0	0	0	0	0	0	0		1	0	0	0	Non-immune
519	CELSR2	Cadherin EGF LAG seven-pass G-type receptor 2	Essential proteins, G-protein coupled receptors, Predicted membrane proteins		Developmental protein, G-protein coupled receptor, Receptor, Transducer		Not detected in immune cells		Not detected		Tissue enhanced	1	0	0	0	0	0	0	0	0	0	0	0	0	1	0		0	0	0	0	Soluble receptor
520	CEMIP2	Cell surface hyaluronidase	Enzymes, Predicted intracellular proteins, Predicted membrane proteins	Angiogenesis	Developmental protein, Glycosidase, Hydrolase		Low immune cell specificity		Low lineage specificity		Tissue enhanced	1	0	0	0	0	0	0	0	0	0	0	0	0	0	0		0	0	0	0	Non-immune
521	CEND1	Cell cycle exit and neuronal differentiation protein 1	Predicted membrane proteins	Differentiation			Not detected in immune cells		Not detected		Tissue enriched	1	0	0	0	0	0	0	0	0	0	0	0	0	0	0		0	0	0	0	Non-immune
522	CENPF	Centromere protein F	Cancer-related genes, Disease related genes, Human disease related genes, Plasma proteins, Predicted intracellular proteins	Cell cycle, Cell division, Differentiation, DNA synthesis, Mitosis, Myogenesis	Developmental protein	Cancer-related genes, Ciliopathy, Primary ciliary dyskinesia	Not detected in immune cells		Not detected		Group enriched	1	0	0	0	0	0	0	0	0	0	0	0	0	0	0		0	0	0	0	Non-immune
523	CENPJ	Centromere protein J	Disease related genes, Human disease related genes, Predicted intracellular proteins			Disease variant, Dwarfism, Intellectual disability, Primary microcephaly	Not detected in immune cells		Not detected		Tissue enhanced	1	0	0	0	0	0	0	0	0	0	0	0	0	0	0		0	0	0	0	Non-immune
524	CEP112	Centrosomal protein of 112 kDa	Disease related genes, Human disease related genes, Predicted intracellular proteins			Disease variant	Low immune cell specificity		Low lineage specificity		Tissue enhanced	1	0	0	0	0	0	0	0	0	0	0	0	0	0	0		0	0	0	0	Non-immune
525	CEP152	Centrosomal protein of 152 kDa	Disease related genes, Human disease related genes, Plasma proteins, Predicted intracellular proteins	Cilium biogenesis/degradation		Disease variant, Dwarfism, Intellectual disability, Primary microcephaly	Low immune cell specificity		Low lineage specificity		Tissue enhanced	1	0	0	0	0	0	0	0	0	0	0	0	0	0	0		0	0	0	0	Non-immune
526	CEP164	Centrosomal protein of 164 kDa	Disease related genes, Human disease related genes, Predicted intracellular proteins	Cell cycle, Cell division, Cilium biogenesis/degradation, DNA damage, DNA repair, Mitosis		Ciliopathy, Disease variant, Nephronophthisis	Low immune cell specificity		Low lineage specificity		Low tissue specificity	1	0	0	0	0	0	0	0	0	0	0	0	0	0	0		0	0	0	0	Non-immune
527	CEP170	Centrosomal protein of 170 kDa	Predicted intracellular proteins, Predicted membrane proteins				Low immune cell specificity		Low lineage specificity		Group enriched	1	0	0	0	0	0	0	0	0	0	0	0	0	0	0		0	0	0	0	Non-immune
528	CEP20	Centrosomal protein 20	Predicted intracellular proteins	Cilium biogenesis/degradation			Low immune cell specificity		Low lineage specificity		Low tissue specificity	1	0	0	0	0	0	0	0	0	0	0	0	0	0	0		0	0	0	0	Non-immune
529	CEP290	Centrosomal protein of 290 kDa	Disease related genes, Human disease related genes, Predicted intracellular proteins	Cilium biogenesis/degradation, Protein transport, Transport	Activator	Bardet-Biedl syndrome, Ciliopathy, Disease variant, Intellectual disability, Joubert syndrome, Leber congenital amaurosis, Meckel syndrome, Nephronophthisis, Obesity, Senior-Loken syndrome	Not detected in immune cells		Not detected		Low tissue specificity	1	0	0	0	0	0	0	0	0	0	0	0	0	0	0		0	0	0	0	Non-immune
530	CEP350	Centrosome-associated protein 350	Plasma proteins, Predicted intracellular proteins				Low immune cell specificity		Low lineage specificity		Low tissue specificity	1	0	0	0	0	0	0	0	0	0	0	0	0	0	0		0	0	0	0	Non-immune
531	CEP43	Centrosomal protein 43	Cancer-related genes, Disease related genes, Predicted intracellular proteins, Predicted membrane proteins	Cilium biogenesis/degradation		Cancer-related genes	Immune cell enhanced	neutrophil: 30.8	Low lineage specificity		Tissue enhanced	1	0	0	0	0	0	0	0	0	0	0	0	0	0	1	Granulocyte	0	0	2	1	Immune-cell-enriched
532	CEP85	Centrosomal protein of 85 kDa	Predicted intracellular proteins	Chromosome partition			Immune cell enhanced	eosinophil: 19.2	Low lineage specificity		Tissue enhanced	1	0	0	0	0	0	0	0	0	0	0	0	0	0	1	Granulocyte	0	0	2	1	Immune-cell-enriched
533	CERT	Ceramide transfer protein										0	0	0	0	0	0	0	0	0	0	0	0	0	0	0		0	0	0	0	Non-immune
534	CES1	Liver carboxylesterase 1	Enzymes, Metabolic proteins, Plasma proteins, Predicted intracellular proteins	Lipid metabolism	Hydrolase, Serine esterase		Group enriched	classical monocyte: 109.7;myeloid DC: 114.5	Group enriched	Intracellular and membrane	Tissue enriched	1	0	0	0	0	0	0	0	0	0	0	0	0	0	1	Myeloid/Monocyte;Dendritic	0	0	2	1	Immune-cell-enriched
535	CES2	Cocaine esterase	Enzymes, Metabolic proteins, Predicted intracellular proteins	Lipid metabolism	Hydrolase, Serine esterase		Low immune cell specificity		Low lineage specificity	Intracellular and membrane	Tissue enhanced	1	0	0	0	0	0	0	0	0	0	0	0	0	0	0		0	0	0	0	Non-immune
536	CES3	Carboxylesterase 3	Enzymes, Metabolic proteins, Predicted intracellular proteins		Hydrolase, Serine esterase		Not detected in immune cells		Not detected	Intracellular and membrane	Tissue enhanced	1	0	0	0	0	0	0	0	0	0	0	0	0	0	0		0	0	0	0	Non-immune
537	CETN2	Centrin-2	Predicted intracellular proteins	Cell cycle, Cell division, DNA damage, DNA repair, Mitosis, mRNA transport, Protein transport, Translocation, Transport			Low immune cell specificity		Low lineage specificity		Tissue enhanced	1	0	0	0	0	0	0	0	0	0	0	0	0	0	0		0	0	0	0	Non-immune
538	CETN3	Centrin-3	Predicted intracellular proteins	Cell cycle, Cell division, Mitosis, mRNA transport, Protein transport, Translocation, Transport			Low immune cell specificity		Low lineage specificity		Tissue enhanced	1	0	0	0	0	0	0	0	0	0	0	0	0	0	0		0	0	0	0	Non-immune
539	CFB	Complement factor B	Disease related genes, Enzymes, Human disease related genes, Plasma proteins, Potential drug targets, Predicted secreted proteins	Complement alternate pathway, Immunity, Innate immunity	Hydrolase, Protease, Serine protease	Age-related macular degeneration, Disease variant, Hemolytic uremic syndrome	Not detected in immune cells		Not detected	Secreted to blood	Tissue enriched	1	0	0	0	0	0	1	0	0	0	0	0	0	0	0		1	1	3	1	Complement/Coagulation
540	CFC1	Cryptic protein	Disease related genes, Human disease related genes, Predicted secreted proteins	Gastrulation	Developmental protein	Disease variant, Heterotaxy	Not detected in immune cells		Not detected	Secreted - unknown location	Tissue enhanced	1	0	0	0	0	0	0	0	0	0	0	0	0	0	0		1	0	0	0	Non-immune
541	CFD	Complement factor D	Disease related genes, Enzymes, Human disease related genes, Plasma proteins, Potential drug targets, Predicted intracellular proteins, Predicted secreted proteins	Complement alternate pathway, Immunity, Innate immunity	Hydrolase, Protease, Serine protease	Disease variant	Immune cell enhanced	basophil: 1712.8	Lineage enriched	Secreted to blood	Tissue enhanced	1	0	0	0	0	0	1	0	0	0	0	0	0	0	1	Granulocyte	1	1	5	1	Complement/Coagulation
542	CFH	Complement factor H	Cancer-related genes, Disease related genes, Human disease related genes, Plasma proteins, Predicted intracellular proteins, Predicted secreted proteins	Complement alternate pathway, Host-virus interaction, Immunity, Innate immunity		Age-related macular degeneration, Cancer-related genes, Disease variant, Hemolytic uremic syndrome	Immune cell enhanced	MAIT T-cell: 17.6	Lineage enriched	Secreted to blood	Tissue enriched	1	0	0	0	0	0	1	0	0	0	0	0	0	0	1	T-cell	1	1	5	1	Complement/Coagulation
543	CFHR2	Complement factor H-related protein 2	Plasma proteins, Predicted intracellular proteins, Predicted secreted proteins				Not detected in immune cells		Not detected	Secreted to blood	Tissue enriched	1	0	0	0	0	0	1	0	0	0	0	0	0	0	0		1	0	2	1	Complement/Coagulation
544	CFHR4	Complement factor H-related protein 4	Plasma proteins, Predicted secreted proteins				Not detected in immune cells		Not detected	Secreted to blood	Tissue enriched	1	0	0	0	0	0	1	0	0	0	0	0	0	0	0		1	0	2	1	Complement/Coagulation
545	CFHR5	Complement factor H-related protein 5	Disease related genes, Human disease related genes, Plasma proteins, Predicted intracellular proteins, Predicted secreted proteins			Disease variant, Hemolytic uremic syndrome	Not detected in immune cells		Not detected	Secreted to blood	Tissue enriched	1	0	0	0	0	0	1	0	0	0	0	0	0	0	0		1	0	2	1	Complement/Coagulation
546	CFI	Complement factor I	Disease related genes, Enzymes, Human disease related genes, Plasma proteins, Potential drug targets, Predicted secreted proteins	Complement pathway, Host-virus interaction, Immunity, Innate immunity	Hydrolase, Protease, Serine protease	Age-related macular degeneration, Disease variant, Hemolytic uremic syndrome	Not detected in immune cells		Not detected	Secreted to blood	Tissue enriched	1	0	0	0	0	0	1	0	0	0	0	0	0	0	0		1	1	3	1	Complement/Coagulation
547	CFP	Properdin	Disease related genes, Human disease related genes, Plasma proteins, Predicted intracellular proteins, Predicted secreted proteins	Complement alternate pathway, Immunity, Innate immunity		Disease variant	Group enriched	classical monocyte: 1169.0;intermediate monocyte: 1275.0;myeloid DC: 995.2;neutrophil: 733.0;non-classical monocyte: 872.6	Group enriched	Secreted to blood	Group enriched	1	0	0	0	0	0	1	0	0	0	0	0	0	0	1	Myeloid/Monocyte;Granulocyte;Dendritic	1	1	5	1	Complement/Coagulation
548	CGA	Glycoprotein hormones alpha chain	Cancer-related genes, Plasma proteins, Predicted intracellular proteins, Predicted secreted proteins		Hormone	Cancer-related genes	Not detected in immune cells		Not detected	Secreted to blood	Tissue enriched	1	0	0	0	0	0	0	0	0	0	0	0	0	0	0		1	0	0	0	Non-immune
549	CGB3_CGB5_CGB8	Choriogonadotropin subunit beta 3										0	0	0	0	0	0	0	0	0	0	0	0	0	0	0		0	0	0	0	Non-immune
550	CGN	Cingulin	Plasma proteins, Predicted intracellular proteins				Not detected in immune cells		Not detected		Tissue enhanced	1	0	0	0	0	0	0	0	0	0	0	0	0	0	0		0	0	0	0	Non-immune
551	CGREF1	Cell growth regulator with EF hand domain protein 1	Plasma proteins, Predicted intracellular proteins, Predicted membrane proteins, Predicted secreted proteins	Cell adhesion, Cell cycle, Growth arrest			Not detected in immune cells		Not detected	Secreted in brain	Tissue enhanced	1	0	0	0	0	0	0	0	0	0	0	0	0	0	0		1	0	0	0	Non-immune
552	CHAC2	Glutathione-specific gamma-glutamylcyclotransferase 2	Enzymes, Predicted intracellular proteins		Lyase		Low immune cell specificity		Low lineage specificity		Low tissue specificity	1	0	0	0	0	0	0	0	0	0	0	0	0	0	0		0	0	0	0	Non-immune
553	CHAD	Chondroadherin	Plasma proteins, Predicted intracellular proteins, Predicted secreted proteins				Group enriched	memory B-cell: 21.6;naive B-cell: 8.1	Lineage enriched	Secreted to extracellular matrix	Tissue enhanced	1	0	0	0	0	0	0	0	0	0	0	0	0	0	1	B-cell	1	0	2	1	Immune-cell-enriched
554	CHCHD10	Coiled-coil-helix-coiled-coil-helix domain-containing protein 10, mitochondrial	Disease related genes, Human disease related genes, Predicted intracellular proteins			Amyotrophic lateral sclerosis, Disease variant, Neurodegeneration	Low immune cell specificity		Low lineage specificity		Tissue enhanced	1	0	0	0	0	0	0	0	0	0	0	0	0	0	0		0	0	0	0	Non-immune
555	CHCHD6	MICOS complex subunit MIC25	Predicted intracellular proteins	Host-virus interaction			Low immune cell specificity		Low lineage specificity		Tissue enhanced	1	0	0	0	0	0	0	0	0	0	0	0	0	0	0		0	0	0	0	Non-immune
556	CHEK2	Serine/threonine-protein kinase Chk2	Cancer-related genes, Disease related genes, Enzymes, Human disease related genes, Plasma proteins, Potential drug targets, Predicted intracellular proteins, Predicted membrane proteins	Apoptosis, Cell cycle, Cell division, DNA damage, DNA repair, Host-virus interaction, Mitosis, Transcription, Transcription regulation	Kinase, Serine/threonine-protein kinase, Transferase	Cancer-related genes, Disease variant, Li-Fraumeni syndrome, Tumor suppressor	Low immune cell specificity		Low lineage specificity		Low tissue specificity	1	0	0	0	0	0	0	0	0	0	0	0	0	0	0		0	0	0	0	Non-immune
557	CHGA	Chromogranin-A	Cancer-related genes, Candidate cardiovascular disease genes, Plasma proteins, Predicted intracellular proteins		Antibiotic, Antimicrobial, Fungicide	Cancer-related genes	Not detected in immune cells		Not detected	Intracellular and membrane	Tissue enriched	1	0	0	0	0	0	0	0	0	0	0	0	0	0	0		0	0	0	0	Non-immune
558	CHGB	Secretogranin-1	Plasma proteins, Predicted intracellular proteins				Not detected in immune cells		Not detected	Intracellular and membrane	Tissue enhanced	1	0	0	0	0	0	0	0	0	0	0	0	0	0	0		0	0	0	0	Non-immune
559	CHI3L1	Chitinase-3-like protein 1	Cancer-related genes, Disease related genes, Human disease related genes, Metabolic proteins, Plasma proteins, Predicted intracellular proteins, Predicted secreted proteins	Apoptosis, Inflammatory response	Antimicrobial	Asthma, Cancer-related genes, Schizophrenia	Immune cell enriched	neutrophil: 472.1	Lineage enriched	Secreted to blood	Tissue enhanced	1	0	0	0	0	0	0	0	0	0	0	0	0	0	1	Granulocyte	1	1	3	1	Immune-cell-enriched
560	CHIT1	Chitotriosidase-1	Candidate cardiovascular disease genes, Enzymes, Metabolic proteins, Plasma proteins, Predicted secreted proteins	Carbohydrate metabolism, Chitin degradation, Polysaccharide degradation	Glycosidase, Hydrolase		Not detected in immune cells		Not detected	Secreted to blood	Tissue enhanced	1	0	0	0	0	0	0	0	0	0	0	0	0	0	0		1	0	0	0	Non-immune
561	CHL1	Neural cell adhesion molecule L1-like protein	Plasma proteins, Predicted membrane proteins, Predicted secreted proteins	Cell adhesion, Differentiation, Neurogenesis	Developmental protein		Group enriched	memory B-cell: 2.8;naive B-cell: 3.8	Lineage enriched	Secreted in brain	Tissue enhanced	1	0	0	0	0	0	0	0	0	0	0	0	0	0	1	B-cell	1	0	2	1	Immune-cell-enriched
562	CHM	Rab proteins geranylgeranyltransferase component A 1	Disease related genes, Human disease related genes, Predicted intracellular proteins	Sensory transduction, Vision	GTPase activation	Disease variant	Low immune cell specificity		Low lineage specificity		Low tissue specificity	1	0	0	0	0	0	0	0	0	0	0	0	0	0	0		0	0	0	0	Non-immune
563	CHMP1A	Charged multivesicular body protein 1a	Disease related genes, Human disease related genes, Predicted intracellular proteins	Cell cycle, Cell division, Protein transport, Transcription, Transcription regulation, Transport	Repressor	Neurodegeneration	Low immune cell specificity		Low lineage specificity		Low tissue specificity	1	0	0	0	0	0	0	0	0	0	0	0	0	0	0		0	0	0	0	Non-immune
564	CHMP6	Charged multivesicular body protein 6	Essential proteins, Predicted intracellular proteins	Protein transport, Transport			Low immune cell specificity		Low lineage specificity		Low tissue specificity	1	0	0	0	0	0	0	0	0	0	0	0	0	0	0		0	0	0	0	Non-immune
565	CHP1	Calcineurin B homologous protein 1	Disease related genes, Human disease related genes, Plasma proteins, Potential drug targets, Predicted intracellular proteins, Transporters	Protein transport, Transport	Protein kinase inhibitor	Disease variant, Neurodegeneration	Low immune cell specificity		Low lineage specificity		Low tissue specificity	1	0	0	0	0	0	0	0	0	0	0	0	0	0	0		0	0	0	0	Non-immune
566	CHRDL1	Chordin-like protein 1	Disease related genes, Human disease related genes, Predicted secreted proteins	Differentiation, Neurogenesis, Osteogenesis	Developmental protein	Disease variant	Not detected in immune cells		Not detected	Secreted in other tissues	Tissue enhanced	1	0	0	0	0	0	0	0	0	0	0	0	0	0	0		1	0	0	0	Non-immune
567	CHRDL2	Chordin-like protein 2	Predicted intracellular proteins, Predicted secreted proteins	Chondrogenesis, Differentiation, Osteogenesis	Developmental protein		Not detected in immune cells		Not detected	Secreted to extracellular matrix	Tissue enhanced	1	0	0	0	0	0	0	0	0	0	0	0	0	0	0		1	0	0	0	Non-immune
568	CHRM1	Muscarinic acetylcholine receptor M1	FDA approved drug targets, G-protein coupled receptors, Predicted membrane proteins		G-protein coupled receptor, Receptor, Transducer	FDA approved drug targets	Not detected in immune cells		Not detected		Group enriched	1	0	0	0	0	0	0	0	0	0	0	0	0	1	0		0	0	0	0	Soluble receptor
569	CIAPIN1	Anamorsin	Essential proteins, Predicted intracellular proteins	Apoptosis			Low immune cell specificity		Low lineage specificity		Low tissue specificity	1	0	0	0	0	0	0	0	0	0	0	0	0	0	0		0	0	0	0	Non-immune
570	CILP	Cartilage intermediate layer protein 1	Disease related genes, Human disease related genes, Predicted secreted proteins				Not detected in immune cells		Not detected	Secreted to extracellular matrix	Low tissue specificity	1	0	0	0	0	0	0	0	0	0	0	0	0	0	0		1	0	0	0	Non-immune
571	CINP	Cyclin-dependent kinase 2-interacting protein	Essential proteins, Metabolic proteins, Predicted intracellular proteins	Cell cycle, Cell division, DNA damage, DNA repair, DNA replication, Ribosome biogenesis			Low immune cell specificity		Low lineage specificity		Low tissue specificity	1	0	0	0	0	0	0	0	0	0	0	0	0	0	0		0	0	0	0	Non-immune
572	CIRBP	Cold-inducible RNA-binding protein	Plasma proteins, Predicted intracellular proteins	Stress response	Activator, Repressor, RNA-binding		Low immune cell specificity		Low lineage specificity		Low tissue specificity	1	0	0	0	0	0	0	0	0	0	0	0	0	0	0		0	0	0	0	Non-immune
573	CIT	Citron Rho-interacting kinase	Disease related genes, Enzymes, Essential proteins, Human disease related genes, Potential drug targets, Predicted intracellular proteins	Cell cycle, Cell division, Differentiation, Mitosis, Neurogenesis	Developmental protein, Kinase, Serine/threonine-protein kinase, Transferase	Disease variant, Primary microcephaly	Not detected in immune cells		Not detected		Tissue enhanced	1	0	0	0	0	0	0	0	0	0	0	0	0	0	0		0	0	0	0	Non-immune
574	CKAP4	Cytoskeleton-associated protein 4	Predicted intracellular proteins, Predicted membrane proteins, Transporters				Immune cell enhanced	basophil: 107.4	Lineage enriched		Low tissue specificity	1	0	0	0	0	0	0	0	0	0	0	0	0	0	1	Granulocyte	0	0	2	1	Immune-cell-enriched
575	CKB	Creatine kinase B-type	Cancer-related genes, Candidate cardiovascular disease genes, Enzymes, FDA approved drug targets, Metabolic proteins, Plasma proteins, Predicted intracellular proteins		Kinase, Transferase	Cancer-related genes, FDA approved drug targets	Immune cell enriched	non-classical monocyte: 292.6	Lineage enriched		Tissue enhanced	1	0	0	0	0	0	0	0	0	0	0	0	0	0	1	Myeloid/Monocyte	0	0	2	1	Immune-cell-enriched
576	CKMT1A_CKMT1B	Creatine kinase U-type, mitochondrial										0	0	0	0	0	0	0	0	0	0	0	0	0	0	0		0	0	0	0	Non-immune
577	CLASP1	CLIP-associating protein 1	Essential proteins, Predicted intracellular proteins	Cell cycle, Cell division, Mitosis			Immune cell enhanced	NK-cell: 6.0	Low lineage specificity		Low tissue specificity	1	0	0	0	0	0	0	0	0	0	0	0	0	0	1	NK-cell	0	0	2	1	Immune-cell-enriched
578	CLC	Galectin-10	Predicted intracellular proteins				Group enriched	basophil: 28919.8;eosinophil: 21548.5	Lineage enriched		Tissue enriched	1	0	0	0	0	0	0	0	0	0	0	0	0	0	1	Granulocyte	0	0	2	1	Immune-cell-enriched
579	CLEC10A	C-type lectin domain family 10 member A	CD markers, Predicted intracellular proteins, Predicted membrane proteins	Adaptive immunity, Endocytosis, Immunity, Innate immunity			Immune cell enriched	myeloid DC: 466.5	Lineage enriched		Tissue enhanced	1	0	0	0	0	0	0	0	0	0	0	0	0	0	1	Myeloid/Monocyte;Dendritic	0	1	3	1	Immune-cell-enriched
580	CLEC11A	C-type lectin domain family 11 member A	Plasma proteins, Predicted secreted proteins	Osteogenesis	Growth factor		Immune cell enhanced	classical monocyte: 24.1	Low lineage specificity	Secreted in other tissues	Tissue enhanced	1	0	0	0	0	0	0	0	0	0	0	0	0	0	1	Myeloid/Monocyte	1	0	2	1	Immune-cell-enriched
581	CLEC12A	C-type lectin domain family 12 member A	CD markers, Predicted intracellular proteins, Predicted membrane proteins, Transporters		Receptor		Immune cell enhanced	eosinophil: 203.3	Group enriched		Tissue enhanced	1	0	0	0	0	0	0	0	0	0	0	0	0	0	1	Granulocyte	0	0	2	1	Immune-cell-enriched
582	CLEC14A	C-type lectin domain family 14 member A	Predicted membrane proteins				Not detected in immune cells		Not detected		Low tissue specificity	1	0	0	0	0	0	0	0	0	0	0	0	0	0	0		0	0	0	0	Non-immune
583	CLEC1A	C-type lectin domain family 1 member A	Predicted intracellular proteins, Predicted membrane proteins				Immune cell enhanced	myeloid DC: 2.1	Low lineage specificity		Tissue enhanced	1	0	0	0	0	0	0	0	0	0	0	0	0	0	1	Myeloid/Monocyte;Dendritic	0	0	2	1	Immune-cell-enriched
584	CLEC1B	C-type lectin domain family 1 member B	Predicted intracellular proteins, Predicted membrane proteins	Host-virus interaction	Receptor		Immune cell enhanced	basophil: 15.6	Group enriched		Tissue enriched	1	0	0	0	0	0	0	0	0	0	0	0	0	0	1	Granulocyte	0	0	2	1	Immune-cell-enriched
585	CLEC2L	C-type lectin domain family 2 member L	Predicted intracellular proteins, Predicted membrane proteins				Not detected in immune cells		Not detected		Tissue enhanced	1	0	0	0	0	0	0	0	0	0	0	0	0	0	0		0	0	0	0	Non-immune
586	CLEC3B	Tetranectin	Cancer-related genes, Disease related genes, Plasma proteins, Predicted intracellular proteins, Predicted secreted proteins			Cancer-related genes, Disease variant	Not detected in immune cells		Not detected	Secreted to blood	Tissue enhanced	1	0	0	0	0	0	0	0	0	0	0	0	0	0	0		1	0	0	0	Non-immune
587	CLEC4A	C-type lectin domain family 4 member A	CD markers, Predicted intracellular proteins, Predicted membrane proteins	Adaptive immunity, Host-virus interaction, Immunity, Innate immunity			Group enriched	basophil: 227.9;classical monocyte: 333.0;intermediate monocyte: 198.7;myeloid DC: 328.2;neutrophil: 300.4;non-classical monocyte: 130.7	Group enriched		Tissue enhanced	1	0	0	0	0	0	0	0	0	0	0	0	0	0	1	Myeloid/Monocyte;Granulocyte;Dendritic	0	1	3	1	Immune-cell-enriched
588	CLEC4C	C-type lectin domain family 4 member C	CD markers, Predicted intracellular proteins, Predicted membrane proteins	Adaptive immunity, Immunity, Innate immunity			Immune cell enriched	plasmacytoid DC: 469.2	Lineage enriched		Tissue enhanced	1	0	0	0	0	0	0	0	0	0	0	0	0	0	1	Myeloid/Monocyte;Dendritic	0	1	3	1	Immune-cell-enriched
589	CLEC4D	C-type lectin domain family 4 member D	CD markers, Predicted intracellular proteins	Adaptive immunity, Immunity, Innate immunity			Group enriched	classical monocyte: 57.4;neutrophil: 99.4	Group enriched		Tissue enriched	1	0	0	0	0	0	0	0	0	0	0	0	0	0	1	Myeloid/Monocyte;Granulocyte	0	1	3	1	Immune-cell-enriched
590	CLEC4G	C-type lectin domain family 4 member G	Predicted intracellular proteins, Predicted membrane proteins	Host-virus interaction	Host cell receptor for virus entry, Receptor		Immune cell enhanced	classical monocyte: 18.8;myeloid DC: 15.2	Group enriched		Tissue enhanced	1	0	0	0	0	0	0	0	0	0	0	0	0	0	1	Myeloid/Monocyte;Dendritic	0	0	2	1	Immune-cell-enriched
591	CLEC4M	C-type lectin domain family 4 member M	CD markers, Predicted intracellular proteins, Predicted membrane proteins, Transporters	Adaptive immunity, Endocytosis, Host-virus interaction, Immunity, Innate immunity	Host cell receptor for virus entry, Receptor		Not detected in immune cells		Not detected	Intracellular and membrane	Group enriched	1	0	0	0	0	0	0	0	0	0	0	0	0	0	0		0	1	1	0	Other immune-annotated
592	CLEC5A	C-type lectin domain family 5 member A	Predicted intracellular proteins, Predicted membrane proteins	Host-virus interaction, Immunity, Innate immunity	Host cell receptor for virus entry, Receptor		Immune cell enriched	classical monocyte: 9.1	Lineage enriched		Tissue enriched	1	0	0	0	0	0	0	0	0	0	0	0	0	0	1	Myeloid/Monocyte	0	1	3	1	Immune-cell-enriched
593	CLEC6A	C-type lectin domain family 6 member A	Predicted membrane proteins	Adaptive immunity, Immunity, Innate immunity			Group enriched	classical monocyte: 5.4;myeloid DC: 2.2	Group enriched		Tissue enhanced	1	0	0	0	0	0	0	0	0	0	0	0	0	0	1	Myeloid/Monocyte;Dendritic	0	1	3	1	Immune-cell-enriched
594	CLEC7A	C-type lectin domain family 7 member A	CD markers, Disease related genes, Human disease related genes, Predicted intracellular proteins, Predicted membrane proteins	Immunity, Inflammatory response, Innate immunity	Receptor		Immune cell enhanced	neutrophil: 251.5	Low lineage specificity		Group enriched	1	0	0	0	0	0	0	0	0	0	0	0	0	0	1	Granulocyte	0	1	3	1	Immune-cell-enriched
595	CLGN	Calmegin	Predicted intracellular proteins, Predicted membrane proteins		Chaperone		Not detected in immune cells		Not detected		Tissue enhanced	1	0	0	0	0	0	0	0	0	0	0	0	0	0	0		0	0	0	0	Non-immune
596	CLIC5	Chloride intracellular channel protein 5	Disease related genes, Human disease related genes, Potential drug targets, Predicted intracellular proteins, Transporters	Hearing, Ion transport, Sensory transduction, Transport, Vision	Chloride channel, Ion channel, Oxidoreductase, Voltage-gated channel	Deafness, Non-syndromic deafness	Immune cell enhanced	MAIT T-cell: 5.1	Lineage enriched		Tissue enhanced	1	0	0	0	0	0	0	0	0	0	0	0	0	0	1	T-cell	0	0	2	1	Immune-cell-enriched
597	CLINT1	Clathrin interactor 1	Plasma proteins, Predicted intracellular proteins, Transporters	Endocytosis			Immune cell enriched	basophil: 751.5	Lineage enriched		Low tissue specificity	1	0	0	0	0	0	0	0	0	0	0	0	0	0	1	Granulocyte	0	0	2	1	Immune-cell-enriched
598	CLIP2	CAP-Gly domain-containing linker protein 2	Disease related genes, Human disease related genes, Plasma proteins, Predicted intracellular proteins			Williams-Beuren syndrome	Not detected in immune cells		Not detected		Tissue enriched	1	0	0	0	0	0	0	0	0	0	0	0	0	0	0		0	0	0	0	Non-immune
599	CLMP	CXADR-like membrane protein	Disease related genes, Human disease related genes, Predicted membrane proteins			Disease variant	Not detected in immune cells		Not detected		Tissue enhanced	1	0	0	0	0	0	0	0	0	0	0	0	0	0	0		0	0	0	0	Non-immune
600	CLNS1A	Methylosome subunit pICln	Essential proteins, Predicted intracellular proteins, Transporters	mRNA processing, mRNA splicing			Low immune cell specificity		Low lineage specificity		Low tissue specificity	1	0	0	0	0	0	0	0	0	0	0	0	0	0	0		0	0	0	0	Non-immune
601	CLPP	ATP-dependent Clp protease proteolytic subunit, mitochondrial	Disease related genes, Enzymes, Human disease related genes, Potential drug targets, Predicted intracellular proteins		Hydrolase, Protease, Serine protease	Deafness, Disease variant	Low immune cell specificity		Low lineage specificity		Low tissue specificity	1	0	0	0	0	0	0	0	0	0	0	0	0	0	0		0	0	0	0	Non-immune
602	CLPS	Colipase	Metabolic proteins, Plasma proteins, Predicted intracellular proteins, Predicted secreted proteins	Digestion, Lipid degradation, Lipid metabolism		Diabetes mellitus	Not detected in immune cells		Not detected	Secreted to digestive system	Tissue enriched	1	0	0	0	0	0	0	0	0	0	0	0	0	0	0		1	0	0	0	Non-immune
603	CLSPN	Claspin	Essential proteins, Predicted intracellular proteins	Cell cycle, DNA damage, DNA repair	DNA-binding		Not detected in immune cells		Not detected		Tissue enhanced	1	0	0	0	0	0	0	0	0	0	0	0	0	0	0		0	0	0	0	Non-immune
604	CLSTN1	Calsyntenin-1	Cancer-related genes, Plasma proteins, Predicted membrane proteins	Cell adhesion		Cancer-related genes	Low immune cell specificity		Low lineage specificity		Low tissue specificity	1	0	0	0	0	0	0	0	0	0	0	0	0	0	0		0	0	0	0	Non-immune
605	CLSTN2	Calsyntenin-2	Predicted membrane proteins	Cell adhesion			Not detected in immune cells		Not detected		Tissue enhanced	1	0	0	0	0	0	0	0	0	0	0	0	0	0	0		0	0	0	0	Non-immune
606	CLSTN3	Calsyntenin-3	Plasma proteins, Predicted intracellular proteins, Predicted membrane proteins	Cell adhesion			Immune cell enhanced	NK-cell: 6.9	Low lineage specificity		Tissue enhanced	1	0	0	0	0	0	0	0	0	0	0	0	0	0	1	NK-cell	0	0	2	1	Immune-cell-enriched
607	CLTA	Clathrin light chain A	Plasma proteins, Predicted intracellular proteins, Transporters	Cell cycle, Cell division, Mitosis			Low immune cell specificity		Low lineage specificity		Low tissue specificity	1	0	0	0	0	0	0	0	0	0	0	0	0	0	0		0	0	0	0	Non-immune
608	CLU	Clusterin	Cancer-related genes, Candidate cardiovascular disease genes, Plasma proteins, Predicted intracellular proteins, Predicted secreted proteins	Apoptosis, Complement pathway, Immunity, Innate immunity	Chaperone	Cancer-related genes	Immune cell enriched	basophil: 773.3	Lineage enriched	Secreted to blood	Tissue enhanced	1	0	0	0	0	0	0	0	0	0	0	0	0	0	1	Granulocyte	1	1	3	1	Immune-cell-enriched
609	CLUL1	Clusterin-like protein 1	Predicted intracellular proteins, Predicted secreted proteins				Not detected in immune cells		Not detected	Secreted in other tissues	Tissue enriched	1	0	0	0	0	0	0	0	0	0	0	0	0	0	0		1	0	0	0	Non-immune
610	CMC1	COX assembly mitochondrial protein homolog	Predicted intracellular proteins				Immune cell enhanced	NK-cell: 162.6	Low lineage specificity		Low tissue specificity	1	0	0	0	0	0	0	0	0	0	0	0	0	0	1	NK-cell	0	0	2	1	Immune-cell-enriched
611	CMIP	C-Maf-inducing protein	Predicted intracellular proteins				Immune cell enhanced	basophil: 3.0;neutrophil: 2.4	Lineage enriched		Low tissue specificity	1	0	0	0	0	0	0	0	0	0	0	0	0	0	1	Granulocyte	0	0	2	1	Immune-cell-enriched
612	CNDP1	Beta-Ala-His dipeptidase	Enzymes, Metabolic proteins, Plasma proteins, Predicted intracellular proteins, Predicted secreted proteins		Carboxypeptidase, Hydrolase, Metalloprotease, Protease		Not detected in immune cells		Not detected	Secreted to blood	Tissue enriched	1	0	0	0	0	0	0	0	0	0	0	0	0	0	0		1	0	0	0	Non-immune
613	CNGB3	Cyclic nucleotide-gated cation channel beta-3	Disease related genes, Human disease related genes, Potential drug targets, Predicted intracellular proteins, Predicted membrane proteins, Transporters, Voltage-gated ion channels	Ion transport, Sensory transduction, Transport, Vision	Ion channel, Ligand-gated ion channel	Disease variant, Stargardt disease	Not detected in immune cells		Not detected		Tissue enhanced	1	0	0	0	0	0	0	0	0	0	0	0	0	0	0		0	0	0	0	Non-immune
614	CNP	2',3'-cyclic-nucleotide 3'-phosphodiesterase	Disease related genes, Enzymes, Human disease related genes, Metabolic proteins, Plasma proteins, Potential drug targets, Predicted intracellular proteins		Hydrolase, RNA-binding	Leukodystrophy, Neurodegeneration	Immune cell enhanced	plasmacytoid DC: 149.5	Low lineage specificity		Tissue enriched	1	0	0	0	0	0	0	0	0	0	0	0	0	0	1	Myeloid/Monocyte;Dendritic	0	0	2	1	Immune-cell-enriched
615	CNPY2	Protein canopy homolog 2	Plasma proteins, Predicted intracellular proteins				Low immune cell specificity		Low lineage specificity	Intracellular and membrane	Low tissue specificity	1	0	0	0	0	0	0	0	0	0	0	0	0	0	0		0	0	0	0	Non-immune
616	CNPY4	Protein canopy homolog 4	Predicted intracellular proteins				Low immune cell specificity		Low lineage specificity	Intracellular and membrane	Low tissue specificity	1	0	0	0	0	0	0	0	0	0	0	0	0	0	0		0	0	0	0	Non-immune
617	CNST	Consortin	Predicted intracellular proteins, Predicted membrane proteins				Low immune cell specificity		Low lineage specificity		Low tissue specificity	1	0	0	0	0	0	0	0	0	0	0	0	0	0	0		0	0	0	0	Non-immune
618	CNTF	Ciliary neurotrophic factor	Cancer-related genes, Plasma proteins, Predicted intracellular proteins	Differentiation, Neurogenesis	Developmental protein, Growth factor	Cancer-related genes	Not detected in immune cells		Not detected		Tissue enhanced	1	0	0	0	0	0	0	0	0	0	0	0	0	0	0		0	0	0	0	Non-immune
619	CNTN1	Contactin-1	Disease related genes, Human disease related genes, Plasma proteins, Predicted intracellular proteins	Cell adhesion, Notch signaling pathway			Immune cell enhanced	basophil: 2.5	Low lineage specificity	Intracellular and membrane	Tissue enhanced	1	0	0	0	0	0	0	0	0	0	0	0	0	0	1	Granulocyte	0	0	2	1	Immune-cell-enriched
620	CNTN2	Contactin-2	Disease related genes, Human disease related genes, Plasma proteins, Potential drug targets, Predicted intracellular proteins, Predicted secreted proteins, Transporters	Cell adhesion		Epilepsy	Not detected in immune cells		Not detected	Secreted in brain	Tissue enriched	1	0	0	0	0	0	0	0	0	0	0	0	0	0	0		1	0	0	0	Non-immune
621	CNTN3	Contactin-3	Plasma proteins, Predicted intracellular proteins	Cell adhesion			Not detected in immune cells		Not detected	Intracellular and membrane	Low tissue specificity	1	0	0	0	0	0	0	0	0	0	0	0	0	0	0		0	0	0	0	Non-immune
622	CNTN4	Contactin-4	Disease related genes, Plasma proteins, Predicted intracellular proteins	Cell adhesion			Not detected in immune cells		Not detected	Intracellular and membrane	Tissue enhanced	1	0	0	0	0	0	0	0	0	0	0	0	0	0	0		0	0	0	0	Non-immune
623	CNTN5	Contactin-5	Plasma proteins, Predicted intracellular proteins	Cell adhesion			Not detected in immune cells		Not detected	Intracellular and membrane	Tissue enhanced	1	0	0	0	0	0	0	0	0	0	0	0	0	0	0		0	0	0	0	Non-immune
624	CNTNAP2	Contactin-associated protein-like 2	Disease related genes, Human disease related genes, Plasma proteins, Predicted intracellular proteins, Predicted membrane proteins	Cell adhesion		Autism, Autism spectrum disorder, Epilepsy, Intellectual disability	Immune cell enhanced	naive B-cell: 2.5	Lineage enriched		Group enriched	1	0	0	0	0	0	0	0	0	0	0	0	0	0	1	B-cell	0	0	2	1	Immune-cell-enriched
625	CNTNAP4	Contactin-associated protein-like 4	Predicted membrane proteins	Cell adhesion			Not detected in immune cells		Not detected		Tissue enriched	1	0	0	0	0	0	0	0	0	0	0	0	0	0	0		0	0	0	0	Non-immune
626	COCH	Cochlin	Disease related genes, Human disease related genes, Plasma proteins, Potential drug targets, Predicted intracellular proteins, Predicted secreted proteins, Transporters	Hearing		Deafness, Disease variant, Non-syndromic deafness	Group enriched	memory B-cell: 38.4;naive B-cell: 17.8	Lineage enriched	Secreted in other tissues	Tissue enriched	1	0	0	0	0	0	0	0	0	0	0	0	0	0	1	B-cell	1	0	2	1	Immune-cell-enriched
627	COL15A1	Collagen alpha-1(XV) chain	Plasma proteins, Predicted intracellular proteins, Predicted secreted proteins	Angiogenesis, Cell adhesion, Differentiation	Developmental protein		Not detected in immune cells		Not detected	Secreted to extracellular matrix	Tissue enhanced	1	0	0	0	0	0	0	0	0	0	0	0	0	0	0		1	0	0	0	Non-immune
628	COL18A1	Collagen alpha-1(XVIII) chain	Cancer-related genes, Disease related genes, Human disease related genes, Plasma proteins, Predicted intracellular proteins, Predicted secreted proteins	Cell adhesion		Cancer-related genes, Glaucoma	Immune cell enhanced	neutrophil: 3.2	Lineage enriched	Secreted to extracellular matrix	Tissue enhanced	1	0	0	0	0	0	0	0	0	0	0	0	0	0	1	Granulocyte	1	0	2	1	Immune-cell-enriched
629	COL1A1	Collagen alpha-1(I) chain	Cancer-related genes, Disease related genes, FDA approved drug targets, Human disease related genes, Plasma proteins, Predicted intracellular proteins, Predicted secreted proteins			Cancer-related genes, Disease variant, Dwarfism, Ehlers-Danlos syndrome, FDA approved drug targets, Osteogenesis imperfecta, Osteoporosis	Not detected in immune cells		Not detected	Secreted to extracellular matrix	Tissue enhanced	1	0	0	0	0	0	0	0	0	0	0	0	0	0	0		1	0	0	0	Non-immune
630	COL24A1	Collagen alpha-1(XXIV) chain	Predicted secreted proteins				Immune cell enriched	plasmacytoid DC: 2.7	Lineage enriched	Secreted to extracellular matrix	Tissue enhanced	1	0	0	0	0	0	0	0	0	0	0	0	0	0	1	Myeloid/Monocyte;Dendritic	1	0	2	1	Immune-cell-enriched
631	COL28A1	Collagen alpha-1(XXVIII) chain	Predicted intracellular proteins, Predicted secreted proteins	Cell adhesion	Protease inhibitor, Serine protease inhibitor		Not detected in immune cells		Not detected	Secreted to extracellular matrix	Tissue enhanced	1	0	0	0	0	0	0	0	0	0	0	0	0	0	0		1	0	0	0	Non-immune
632	COL2A1	Collagen alpha-1(II) chain	Cancer-related genes, Disease related genes, FDA approved drug targets, Human disease related genes, Predicted secreted proteins			Cancer-related genes, Cataract, Deafness, Disease variant, Dwarfism, FDA approved drug targets, Stickler syndrome	Not detected in immune cells		Not detected	Secreted to extracellular matrix	Group enriched	1	0	0	0	0	0	0	0	0	0	0	0	0	0	0		1	0	0	0	Non-immune
633	COL3A1	Collagen alpha-1(III) chain	Disease related genes, FDA approved drug targets, Human disease related genes, Plasma proteins, Predicted intracellular proteins, Predicted secreted proteins			Aortic aneurysm, Disease variant, Ehlers-Danlos syndrome, FDA approved drug targets	Not detected in immune cells		Not detected	Secreted to extracellular matrix	Tissue enhanced	1	0	0	0	0	0	0	0	0	0	0	0	0	0	0		1	0	0	0	Non-immune
634	COL4A1	Collagen alpha-1(IV) chain	Disease related genes, Human disease related genes, Predicted intracellular proteins, Predicted secreted proteins	Angiogenesis		Disease variant	Not detected in immune cells		Not detected	Secreted to extracellular matrix	Tissue enhanced	1	0	0	0	0	0	0	0	0	0	0	0	0	0	0		1	0	0	0	Non-immune
635	COL4A4	Collagen alpha-4(IV) chain	Cancer-related genes, Disease related genes, Human disease related genes, Plasma proteins, Predicted intracellular proteins, Predicted secreted proteins			Alport syndrome, Cancer-related genes, Deafness, Disease variant	Immune cell enhanced	memory B-cell: 2.7	Lineage enriched	Secreted to extracellular matrix	Low tissue specificity	1	0	0	0	0	0	0	0	0	0	0	0	0	0	1	B-cell	1	0	2	1	Immune-cell-enriched
636	COL5A1	Collagen alpha-1(V) chain	Cancer-related genes, Disease related genes, Human disease related genes, Plasma proteins, Predicted secreted proteins		Heparin-binding	Cancer-related genes, Disease variant, Ehlers-Danlos syndrome	Not detected in immune cells		Not detected	Secreted to extracellular matrix	Tissue enhanced	1	0	0	0	0	0	0	0	0	0	0	0	0	0	0		1	0	0	0	Non-immune
637	COL6A3	Collagen alpha-3(VI) chain	Disease related genes, Human disease related genes, Plasma proteins, Predicted intracellular proteins, Predicted secreted proteins	Cell adhesion	Protease inhibitor, Serine protease inhibitor	Congenital muscular dystrophy, Disease variant, Dystonia	Not detected in immune cells		Not detected	Secreted to extracellular matrix	Tissue enhanced	1	0	0	0	0	0	0	0	0	0	0	0	0	0	0		1	0	0	0	Non-immune
638	COL9A1	Collagen alpha-1(IX) chain	Disease related genes, Human disease related genes, Predicted secreted proteins			Deafness, Disease variant, Stickler syndrome	Not detected in immune cells		Not detected	Secreted to extracellular matrix	Tissue enhanced	1	0	0	0	0	0	0	0	0	0	0	0	0	0	0		1	0	0	0	Non-immune
639	COL9A2	Collagen alpha-2(IX) chain	Disease related genes, Human disease related genes, Plasma proteins, Predicted intracellular proteins, Predicted secreted proteins			Deafness, Disease variant, Dwarfism, Stickler syndrome	Group enriched	eosinophil: 3.2;myeloid DC: 1.2	Group enriched	Secreted to extracellular matrix	Group enriched	1	0	0	0	0	0	0	0	0	0	0	0	0	0	1	Myeloid/Monocyte;Granulocyte;Dendritic	1	0	2	1	Immune-cell-enriched
640	COLEC12	Collectin-12	Predicted membrane proteins		Receptor		Not detected in immune cells		Not detected		Tissue enhanced	1	0	0	0	0	0	0	0	0	0	0	0	0	0	0		0	0	0	0	Non-immune
641	COMMD1	COMM domain-containing protein 1	Predicted intracellular proteins	Protein transport, Transcription, Transcription regulation, Transport, Ubl conjugation pathway			Low immune cell specificity		Low lineage specificity		Low tissue specificity	1	0	0	0	0	0	0	0	0	0	0	0	0	0	0		0	0	0	0	Non-immune
642	COMMD9	COMM domain-containing protein 9	Predicted intracellular proteins	Ion transport, Sodium transport, Transcription, Transcription regulation, Transport, Ubl conjugation pathway			Low immune cell specificity		Low lineage specificity		Low tissue specificity	1	0	0	0	0	0	0	0	0	0	0	0	0	0	0		0	0	0	0	Non-immune
643	COMP	Cartilage oligomeric matrix protein	Disease related genes, Human disease related genes, Plasma proteins, Predicted intracellular proteins, Predicted secreted proteins	Apoptosis, Cell adhesion	Heparin-binding	Disease variant, Dwarfism	Not detected in immune cells		Not detected	Secreted to extracellular matrix	Tissue enriched	1	0	0	0	0	0	0	0	0	0	0	0	0	0	0		1	0	0	0	Non-immune
644	COMT	Catechol O-methyltransferase	Disease related genes, Enzymes, FDA approved drug targets, Human disease related genes, Metabolic proteins, Plasma proteins, Predicted intracellular proteins	Catecholamine metabolism, Lipid metabolism, Neurotransmitter degradation	Methyltransferase, Transferase	FDA approved drug targets, Schizophrenia	Low immune cell specificity		Low lineage specificity		Low tissue specificity	1	0	0	0	0	0	0	0	0	0	0	0	0	0	0		0	0	0	0	Non-immune
645	COPB2	Coatomer subunit beta'	Disease related genes, Essential proteins, Human disease related genes, Metabolic proteins, Plasma proteins, Predicted intracellular proteins	ER-Golgi transport, Protein transport, Transport		Osteoporosis, Primary microcephaly	Low immune cell specificity		Low lineage specificity		Low tissue specificity	1	0	0	0	0	0	0	0	0	0	0	0	0	0	0		0	0	0	0	Non-immune
646	COPE	Coatomer subunit epsilon	Essential proteins, Metabolic proteins, Predicted intracellular proteins	ER-Golgi transport, Protein transport, Transport			Low immune cell specificity		Low lineage specificity		Low tissue specificity	1	0	0	0	0	0	0	0	0	0	0	0	0	0	0		0	0	0	0	Non-immune
647	COQ7	5-demethoxyubiquinone hydroxylase, mitochondrial	Disease related genes, Enzymes, Human disease related genes, Metabolic proteins, Potential drug targets, Predicted intracellular proteins, Predicted membrane proteins	Ubiquinone biosynthesis	Monooxygenase, Oxidoreductase	Disease variant, Neurodegeneration, Neuropathy, Primary mitochondrial disease	Group enriched	basophil: 40.4;neutrophil: 126.8	Lineage enriched		Low tissue specificity	1	0	0	0	0	0	0	0	0	0	0	0	0	0	1	Granulocyte	0	0	2	1	Immune-cell-enriched
648	CORO1A	Coronin-1A	Disease related genes, Human disease related genes, Plasma proteins, Predicted intracellular proteins		Actin-binding	Disease variant	Low immune cell specificity		Low lineage specificity		Group enriched	1	0	0	0	0	0	0	0	0	0	0	0	0	0	0		0	0	0	0	Non-immune
649	CORO6	Coronin-6	Predicted intracellular proteins				Not detected in immune cells		Not detected		Group enriched	1	0	0	0	0	0	0	0	0	0	0	0	0	0	0		0	0	0	0	Non-immune
650	COX5B	Cytochrome c oxidase subunit 5B, mitochondrial	Metabolic proteins, Predicted intracellular proteins, Transporters				Low immune cell specificity		Low lineage specificity		Tissue enhanced	1	0	0	0	0	0	0	0	0	0	0	0	0	0	0		0	0	0	0	Non-immune
651	COX6B1	Cytochrome c oxidase subunit 6B1	Disease related genes, Essential proteins, Human disease related genes, Metabolic proteins, Plasma proteins, Predicted intracellular proteins			Disease variant, Primary mitochondrial disease	Low immune cell specificity		Low lineage specificity		Tissue enhanced	1	0	0	0	0	0	0	0	0	0	0	0	0	0	0		0	0	0	0	Non-immune
652	CPA1	Carboxypeptidase A1	Enzymes, Metabolic proteins, Predicted intracellular proteins, Predicted secreted proteins		Carboxypeptidase, Hydrolase, Metalloprotease, Protease		Not detected in immune cells		Not detected	Secreted to digestive system	Tissue enriched	1	0	0	0	0	0	0	0	0	0	0	0	0	0	0		1	0	0	0	Non-immune
653	CPA2	Carboxypeptidase A2	Enzymes, Metabolic proteins, Predicted secreted proteins		Carboxypeptidase, Hydrolase, Metalloprotease, Protease		Not detected in immune cells		Not detected	Secreted to digestive system	Tissue enriched	1	0	0	0	0	0	0	0	0	0	0	0	0	0	0		1	0	0	0	Non-immune
654	CPA4	Carboxypeptidase A4	Enzymes, Plasma proteins, Predicted intracellular proteins, Predicted secreted proteins		Carboxypeptidase, Hydrolase, Metalloprotease, Protease		Not detected in immune cells		Not detected	Secreted in other tissues	Tissue enhanced	1	0	0	0	0	0	0	0	0	0	0	0	0	0	0		1	0	0	0	Non-immune
655	CPB1	Carboxypeptidase B	Enzymes, Plasma proteins, Predicted secreted proteins		Carboxypeptidase, Hydrolase, Metalloprotease, Protease		Immune cell enhanced	basophil: 4.0	Low lineage specificity	Secreted to digestive system	Tissue enriched	1	0	0	0	0	0	0	0	0	0	0	0	0	0	1	Granulocyte	1	0	2	1	Immune-cell-enriched
656	CPB2	Carboxypeptidase B2	Enzymes, FDA approved drug targets, Plasma proteins, Predicted secreted proteins	Blood coagulation, Fibrinolysis, Hemostasis	Carboxypeptidase, Hydrolase, Metalloprotease, Protease	FDA approved drug targets	Not detected in immune cells		Not detected	Secreted to blood	Tissue enriched	1	0	0	0	0	0	0	0	0	0	0	0	0	0	0		1	0	0	0	Non-immune
657	CPE	Carboxypeptidase E	Disease related genes, Enzymes, Plasma proteins, Potential drug targets, Predicted intracellular proteins		Carboxypeptidase, Hydrolase, Metalloprotease, Protease	Disease variant, Hypogonadotropic hypogonadism, Intellectual disability, Obesity	Not detected in immune cells		Not detected	Intracellular and membrane	Tissue enhanced	1	0	0	0	0	0	0	0	0	0	0	0	0	0	0		0	0	0	0	Non-immune
658	CPLX2	Complexin-2	Predicted intracellular proteins	Differentiation, Exocytosis, Mast cell degranulation, Neurogenesis, Neurotransmitter transport, Transport			Not detected in immune cells		Not detected		Group enriched	1	0	0	0	0	0	0	0	0	0	0	0	0	0	0		0	1	1	0	Other immune-annotated
659	CPM	Carboxypeptidase M	Enzymes, Plasma proteins, Predicted intracellular proteins, Predicted membrane proteins		Carboxypeptidase, Hydrolase, Metalloprotease, Protease		Group enriched	classical monocyte: 21.1;intermediate monocyte: 14.5;myeloid DC: 16.7;non-classical monocyte: 7.5	Group enriched		Tissue enhanced	1	0	0	0	0	0	0	0	0	0	0	0	0	0	1	Myeloid/Monocyte;Dendritic	0	0	2	1	Immune-cell-enriched
660	CPOX	Oxygen-dependent coproporphyrinogen-III oxidase, mitochondrial	Disease related genes, Enzymes, Human disease related genes, Metabolic proteins, Potential drug targets, Predicted membrane proteins	Heme biosynthesis, Porphyrin biosynthesis	Oxidoreductase	Disease variant, Hereditary hemolytic anemia	Not detected in immune cells		Not detected		Low tissue specificity	1	0	0	0	0	0	0	0	0	0	0	0	0	0	0		0	0	0	0	Non-immune
661	CPPED1	Serine/threonine-protein phosphatase CPPED1	Enzymes, Predicted intracellular proteins		Hydrolase		Immune cell enhanced	neutrophil: 676.1	Low lineage specificity		Low tissue specificity	1	0	0	0	0	0	0	0	0	0	0	0	0	0	1	Granulocyte	0	0	2	1	Immune-cell-enriched
662	CPQ	Carboxypeptidase Q	Enzymes, Plasma proteins, Predicted intracellular proteins, Predicted secreted proteins		Carboxypeptidase, Hydrolase, Metalloprotease, Protease		Immune cell enhanced	neutrophil: 251.8	Low lineage specificity	Secreted to blood	Tissue enhanced	1	0	0	0	0	0	0	0	0	0	0	0	0	0	1	Granulocyte	1	0	2	1	Immune-cell-enriched
663	CPTP	Ceramide-1-phosphate transfer protein	Predicted intracellular proteins	Lipid transport, Transport			Low immune cell specificity		Low lineage specificity		Low tissue specificity	1	0	0	0	0	0	0	0	0	0	0	0	0	0	0		0	0	0	0	Non-immune
664	CPVL	Probable serine carboxypeptidase CPVL	Enzymes, Predicted intracellular proteins		Carboxypeptidase, Hydrolase, Protease		Immune cell enhanced	classical monocyte: 1139.6;intermediate monocyte: 955.1;myeloid DC: 1321.5	Group enriched	Intracellular and membrane	Tissue enhanced	1	0	0	0	0	0	0	0	0	0	0	0	0	0	1	Myeloid/Monocyte;Dendritic	0	0	2	1	Immune-cell-enriched
665	CPXM1	Probable carboxypeptidase X1	Enzymes, Predicted secreted proteins		Carboxypeptidase, Hydrolase, Metalloprotease, Protease		Immune cell enhanced	NK-cell: 1.3	Low lineage specificity	Secreted in other tissues	Tissue enhanced	1	0	0	0	0	0	0	0	0	0	0	0	0	0	1	NK-cell	1	0	2	1	Immune-cell-enriched
666	CPXM2	Inactive carboxypeptidase-like protein X2	Enzymes, Predicted intracellular proteins, Predicted secreted proteins				Not detected in immune cells		Not detected	Secreted - unknown location	Tissue enhanced	1	0	0	0	0	0	0	0	0	0	0	0	0	0	0		1	0	0	0	Non-immune
667	CR1	Complement receptor type 1	Blood group antigen proteins, CD markers, Plasma proteins, Predicted membrane proteins	Complement pathway, Host-virus interaction, Immunity, Innate immunity	Blood group antigen, Host cell receptor for virus entry, Receptor		Group enriched	basophil: 53.8;eosinophil: 17.2;neutrophil: 15.6	Lineage enriched		Tissue enhanced	1	0	0	0	0	0	1	0	0	0	0	0	0	1	1	Granulocyte	1	1	5	1	Complement/Coagulation
668	CR2	Complement receptor type 2	CD markers, Disease related genes, Human disease related genes, Plasma proteins, Predicted intracellular proteins, Predicted membrane proteins	Complement pathway, Host-virus interaction, Immunity, Innate immunity	Host cell receptor for virus entry, Receptor	Systemic lupus erythematosus	Group enriched	memory B-cell: 17.6;naive B-cell: 20.5	Lineage enriched		Tissue enriched	1	0	0	0	0	0	1	0	0	0	0	0	0	1	1	B-cell	0	1	5	1	Complement/Coagulation
669	CRACR2A	EF-hand calcium-binding domain-containing protein 4B	Predicted intracellular proteins	Adaptive immunity, Calcium transport, Immunity, Ion transport, Transport	Hydrolase		Immune cell enhanced	basophil: 16.9	Low lineage specificity		Tissue enhanced	1	0	0	0	0	0	0	0	0	0	0	0	0	0	1	Granulocyte	0	1	3	1	Immune-cell-enriched
670	CRADD	Death domain-containing protein CRADD	Cancer-related genes, Disease related genes, Human disease related genes, Predicted intracellular proteins	Apoptosis		Cancer-related genes, Disease variant, Intellectual disability, Lissencephaly	Low immune cell specificity		Low lineage specificity		Low tissue specificity	1	0	0	0	0	0	0	0	0	0	0	0	0	0	0		0	0	0	0	Non-immune
671	CREB3	Cyclic AMP-responsive element-binding protein 3	Predicted membrane proteins, Transcription factors	Chemotaxis, Host-virus interaction, Transcription, Transcription regulation, Unfolded protein response	Activator, DNA-binding, Repressor		Low immune cell specificity		Low lineage specificity		Low tissue specificity	1	0	0	0	0	0	0	0	0	0	0	0	0	0	0		0	0	0	0	Non-immune
672	CREBZF	CREB/ATF bZIP transcription factor	Predicted intracellular proteins, Transcription factors	Transcription, Transcription regulation			Not detected in immune cells		Not detected		Low tissue specificity	1	0	0	0	0	0	0	0	0	0	0	0	0	0	0		0	0	0	0	Non-immune
673	CREG1	Protein CREG1	Predicted secreted proteins	Growth regulation			Group enriched	basophil: 55.9;classical monocyte: 128.5;eosinophil: 75.9;intermediate monocyte: 75.6;myeloid DC: 89.9;neutrophil: 43.8;non-classical monocyte: 72.7	Group enriched	Secreted to blood	Low tissue specificity	1	0	0	0	0	0	0	0	0	0	0	0	0	0	1	Myeloid/Monocyte;Granulocyte;Dendritic	1	0	2	1	Immune-cell-enriched
674	CRELD1	Protein disulfide isomerase CRELD1	Disease related genes, Enzymes, Human disease related genes, Potential drug targets, Predicted intracellular proteins, Predicted membrane proteins		Isomerase	Disease variant, Epilepsy, Intellectual disability	Low immune cell specificity		Low lineage specificity	Intracellular and membrane	Low tissue specificity	1	0	0	0	0	0	0	0	0	0	0	0	0	0	0		0	0	0	0	Non-immune
675	CRELD2	Protein disulfide isomerase CRELD2	Enzymes, Predicted intracellular proteins		Isomerase		Low immune cell specificity		Low lineage specificity	Intracellular and membrane	Low tissue specificity	1	0	0	0	0	0	0	0	0	0	0	0	0	0	0		0	0	0	0	Non-immune
676	CRH	Corticoliberin	Plasma proteins, Predicted secreted proteins		Hormone		Not detected in immune cells		Not detected	Secreted to blood	Tissue enriched	1	0	0	0	0	0	0	0	0	0	0	0	0	0	0		1	0	0	0	Non-immune
677	CRHBP	Corticotropin-releasing factor-binding protein	Plasma proteins, Predicted secreted proteins				Not detected in immune cells		Not detected	Secreted to blood	Tissue enhanced	1	0	0	0	0	0	0	0	0	0	0	0	0	0	0		1	0	0	0	Non-immune
678	CRHR1	Corticotropin-releasing factor receptor 1	FDA approved drug targets, G-protein coupled receptors, Predicted membrane proteins, Transporters		G-protein coupled receptor, Receptor, Transducer	FDA approved drug targets	Not detected in immune cells		Not detected		Group enriched	1	0	0	0	0	0	0	0	0	0	0	0	0	1	0		0	0	0	0	Soluble receptor
679	CRIM1	Cysteine-rich motor neuron 1 protein	Predicted intracellular proteins, Predicted membrane proteins, Transporters				Immune cell enhanced	plasmacytoid DC: 2.1	Low lineage specificity	Intracellular and membrane	Tissue enhanced	1	0	0	0	0	0	0	0	0	0	0	0	0	0	1	Myeloid/Monocyte;Dendritic	0	0	2	1	Immune-cell-enriched
680	CRIP2	Cysteine-rich protein 2	Predicted intracellular proteins				Group enriched	memory B-cell: 52.3;memory CD4 T-cell: 80.5;naive B-cell: 111.0;T-reg: 116.0	Group enriched		Tissue enhanced	1	0	0	0	0	0	0	0	0	0	0	0	0	0	1	T-cell;B-cell	0	0	2	1	Immune-cell-enriched
681	CRISP2	Cysteine-rich secretory protein 2	Predicted secreted proteins				Not detected in immune cells		Not detected	Secreted in male reproductive system	Tissue enriched	1	0	0	0	0	0	0	0	0	0	0	0	0	0	0		1	0	0	0	Non-immune
682	CRISP3	Cysteine-rich secretory protein 3	Metabolic proteins, Plasma proteins, Predicted intracellular proteins, Predicted secreted proteins				Group enriched	neutrophil: 2.6;non-classical monocyte: 1.2	Group enriched	Secreted in other tissues	Group enriched	1	0	0	0	0	0	0	0	0	0	0	0	0	0	1	Myeloid/Monocyte;Granulocyte	1	0	2	1	Immune-cell-enriched
683	CRKL	Crk-like protein	Essential proteins, Plasma proteins, Predicted intracellular proteins				Low immune cell specificity		Low lineage specificity		Low tissue specificity	1	0	0	0	0	0	0	0	0	0	0	0	0	0	0		0	0	0	0	Non-immune
684	CRLF1	Cytokine receptor-like factor 1	Disease related genes, Human disease related genes, Predicted intracellular proteins, Predicted secreted proteins		Receptor	Disease variant	Not detected in immune cells		Not detected	Secreted in other tissues	Tissue enhanced	1	0	0	0	0	0	0	0	0	0	0	0	0	1	0		1	0	0	0	Soluble receptor
685	CRNN	Cornulin	Disease related genes, Predicted intracellular proteins			Disease variant	Not detected in immune cells		Not detected		Tissue enhanced	1	0	0	0	0	0	0	0	0	0	0	0	0	0	0		0	0	0	0	Non-immune
686	CRTAC1	Cartilage acidic protein 1	Plasma proteins, Predicted intracellular proteins, Predicted secreted proteins				Not detected in immune cells		Not detected	Secreted to extracellular matrix	Tissue enhanced	1	0	0	0	0	0	0	0	0	0	0	0	0	0	0		1	0	0	0	Non-immune
687	CRTAM	Cytotoxic and regulatory T-cell molecule	CD markers, Predicted membrane proteins	Adaptive immunity, Cell adhesion, Immunity			Immune cell enhanced	NK-cell: 54.1	Group enriched		Tissue enriched	1	0	0	0	0	0	0	0	0	0	0	0	0	0	1	NK-cell	0	1	3	1	Immune-cell-enriched
688	CRTAP	Cartilage-associated protein	Disease related genes, Human disease related genes, Predicted secreted proteins			Disease variant, Dwarfism, Osteogenesis imperfecta	Immune cell enhanced	classical monocyte: 377.9	Group enriched	Secreted to blood	Low tissue specificity	1	0	0	0	0	0	0	0	0	0	0	0	0	0	1	Myeloid/Monocyte	1	0	2	1	Immune-cell-enriched
689	CRX	Cone-rod homeobox protein	Disease related genes, Human disease related genes, Predicted intracellular proteins, Transcription factors	Differentiation, Neurogenesis, Sensory transduction, Transcription, Transcription regulation, Vision	Activator, Developmental protein, DNA-binding	Cone-rod dystrophy, Disease variant, Leber congenital amaurosis, Retinitis pigmentosa	Not detected in immune cells		Not detected		Tissue enriched	1	0	0	0	0	0	0	0	0	0	0	0	0	0	0		0	0	0	0	Non-immune
690	CRYBB1	Beta-crystallin B1	Disease related genes, Human disease related genes, Plasma proteins, Predicted intracellular proteins		Eye lens protein	Cataract, Disease variant	Group enriched	intermediate monocyte: 10.3;non-classical monocyte: 7.6	Lineage enriched		Tissue enhanced	1	0	0	0	0	0	0	0	0	0	0	0	0	0	1	Myeloid/Monocyte	0	0	2	1	Immune-cell-enriched
691	CRYBB2	Beta-crystallin B2	Disease related genes, Human disease related genes, Predicted intracellular proteins	Sensory transduction, Vision	Eye lens protein	Cataract, Disease variant	Not detected in immune cells		Not detected		Tissue enhanced	1	0	0	0	0	0	0	0	0	0	0	0	0	0	0		0	0	0	0	Non-immune
692	CRYGD	Gamma-crystallin D	Disease related genes, Human disease related genes, Predicted intracellular proteins	Sensory transduction, Vision	Eye lens protein	Cataract, Disease variant	Not detected in immune cells		Not detected		Tissue enhanced	1	0	0	0	0	0	0	0	0	0	0	0	0	0	0		0	0	0	0	Non-immune
693	CRYM	Ketimine reductase mu-crystallin	Disease related genes, Enzymes, Human disease related genes, Potential drug targets, Predicted intracellular proteins		Oxidoreductase	Deafness, Disease variant, Non-syndromic deafness	Immune cell enriched	plasmacytoid DC: 82.1	Lineage enriched		Tissue enhanced	1	0	0	0	0	0	0	0	0	0	0	0	0	0	1	Myeloid/Monocyte;Dendritic	0	0	2	1	Immune-cell-enriched
694	CRYZL1	Quinone oxidoreductase-like protein 1	Predicted intracellular proteins		Oxidoreductase		Low immune cell specificity		Low lineage specificity		Low tissue specificity	1	0	0	0	0	0	0	0	0	0	0	0	0	0	0		0	0	0	0	Non-immune
695	CSDE1	Cold shock domain-containing protein E1	Cancer-related genes, Plasma proteins, Predicted intracellular proteins		RNA-binding	Cancer-related genes	Low immune cell specificity		Low lineage specificity		Tissue enhanced	1	0	0	0	0	0	0	0	0	0	0	0	0	0	0		0	0	0	0	Non-immune
696	CSF1	Macrophage colony-stimulating factor 1	Cancer-related genes, Candidate cardiovascular disease genes, Disease related genes, Plasma proteins, Predicted intracellular proteins, Predicted membrane proteins, Predicted secreted proteins, RAS pathway related proteins	Immunity, Inflammatory response, Innate immunity	Cytokine, Growth factor	Cancer-related genes	Group enriched	basophil: 13.2;eosinophil: 22.3	Lineage enriched	Secreted to blood	Low tissue specificity	1	1	0	0	0	0	0	0	0	0	0	0	0	0	1	Granulocyte	1	1	5	1	Cytokine/Interleukin
697	CSF1R	Macrophage colony-stimulating factor 1 receptor	Cancer-related genes, CD markers, Disease related genes, Enzymes, FDA approved drug targets, Human disease related genes, Plasma proteins, Predicted intracellular proteins, Predicted membrane proteins, RAS pathway related proteins, Transporters	Immunity, Inflammatory response, Innate immunity	Kinase, Receptor, Transferase, Tyrosine-protein kinase	Cancer-related genes, Disease variant, FDA approved drug targets, Neurodegeneration, Proto-oncogene	Immune cell enhanced	intermediate monocyte: 444.5;non-classical monocyte: 650.1	Lineage enriched	Intracellular and membrane	Tissue enhanced	1	1	0	0	0	0	0	0	0	0	0	0	0	1	1	Myeloid/Monocyte	0	1	5	1	Cytokine/Interleukin
698	CSF2	Granulocyte-macrophage colony-stimulating factor	Cancer-related genes, Predicted secreted proteins		Cytokine, Growth factor	Cancer-related genes	Immune cell enriched	NK-cell: 6.3	Lineage enriched	Secreted to blood	Tissue enhanced	1	1	0	0	0	0	0	0	0	0	0	0	0	0	1	NK-cell	1	0	4	1	Cytokine/Interleukin
699	CSF2RA	Granulocyte-macrophage colony-stimulating factor receptor subunit alpha	Cancer-related genes, CD markers, Disease related genes, FDA approved drug targets, Human disease related genes, Predicted membrane proteins, Predicted secreted proteins		Receptor	Cancer-related genes, Disease variant, FDA approved drug targets	Immune cell enhanced	neutrophil: 319.8	Group enriched	Secreted to blood	Tissue enhanced	1	1	0	0	0	0	0	0	0	0	0	0	0	1	1	Granulocyte	1	0	4	1	Cytokine/Interleukin
700	CSF2RB	Cytokine receptor common subunit beta	CD markers, Disease related genes, FDA approved drug targets, Human disease related genes, Plasma proteins, Predicted intracellular proteins, Predicted membrane proteins		Receptor	FDA approved drug targets	Group enriched	basophil: 239.1;neutrophil: 76.3	Lineage enriched		Tissue enhanced	1	1	0	0	0	0	0	0	0	0	0	0	0	1	1	Granulocyte	0	0	4	1	Cytokine/Interleukin
701	CSF3	Granulocyte colony-stimulating factor	Cancer-related genes, Plasma proteins, Predicted secreted proteins		Cytokine, Growth factor	Cancer-related genes	Not detected in immune cells		Not detected	Secreted to blood	Tissue enhanced	1	1	0	0	0	0	0	0	0	0	0	0	0	0	0		1	0	2	1	Cytokine/Interleukin
702	CSF3R	Granulocyte colony-stimulating factor receptor	Cancer-related genes, CD markers, Disease related genes, FDA approved drug targets, Human disease related genes, Predicted intracellular proteins, Predicted membrane proteins	Cell adhesion	Receptor	Cancer-related genes, Disease variant, FDA approved drug targets	Immune cell enriched	neutrophil: 1924.2	Lineage enriched	Intracellular and membrane	Tissue enhanced	1	1	0	0	0	0	0	0	0	0	0	0	0	1	1	Granulocyte	0	0	4	1	Cytokine/Interleukin
703	CSH1	Chorionic somatomammotropin hormone 1	Predicted intracellular proteins, Predicted secreted proteins		Hormone		Not detected in immune cells		Not detected	Secreted to blood	Tissue enriched	1	0	0	0	0	0	0	0	0	0	0	0	0	0	0		1	0	0	0	Non-immune
704	CSNK1D	Casein kinase I isoform delta	Disease related genes, Enzymes, Human disease related genes, Plasma proteins, Potential drug targets, Predicted intracellular proteins	Biological rhythms, Wnt signaling pathway	Kinase, Serine/threonine-protein kinase, Transferase	Disease variant	Low immune cell specificity		Low lineage specificity		Low tissue specificity	1	0	0	0	0	0	0	0	0	0	0	0	0	0	0		0	0	0	0	Non-immune
705	CSNK2A1	Casein kinase II subunit alpha	Disease related genes, Enzymes, Human disease related genes, Potential drug targets, Predicted intracellular proteins	Apoptosis, Biological rhythms, Cell cycle, Transcription, Transcription regulation, Wnt signaling pathway	Kinase, Serine/threonine-protein kinase, Transferase	Disease variant, Intellectual disability	Low immune cell specificity		Low lineage specificity		Low tissue specificity	1	0	0	0	0	0	0	0	0	0	0	0	0	0	0		0	0	0	0	Non-immune
706	CSPG4	Chondroitin sulfate proteoglycan 4	Predicted membrane proteins	Angiogenesis, Differentiation, Tissue remodeling	Developmental protein, Transducer		Not detected in immune cells		Not detected		Tissue enhanced	1	0	0	0	0	0	0	0	0	0	0	0	0	0	0		0	0	0	0	Non-immune
707	CSPG5	Chondroitin sulfate proteoglycan 5	Predicted membrane proteins, Predicted secreted proteins	Differentiation, Growth regulation, Neurogenesis	Developmental protein		Not detected in immune cells		Not detected	Secreted in brain	Group enriched	1	0	0	0	0	0	0	0	0	0	0	0	0	0	0		1	0	0	0	Non-immune
708	CSRP3	Cysteine and glycine-rich protein 3	Disease related genes, Human disease related genes, Plasma proteins, Predicted intracellular proteins	Differentiation, Myogenesis, Transcription, Transcription regulation	Actin-binding, Developmental protein	Cardiomyopathy, Disease variant	Not detected in immune cells		Not detected		Tissue enhanced	1	0	0	0	0	0	0	0	0	0	0	0	0	0	0		0	0	0	0	Non-immune
709	CST1	Cystatin-SN	Plasma proteins, Predicted secreted proteins		Protease inhibitor, Thiol protease inhibitor		Not detected in immune cells		Not detected	Secreted to digestive system	Tissue enriched	1	0	0	0	0	0	0	0	0	0	0	0	0	0	0		1	0	0	0	Non-immune
710	CST3	Cystatin-C	Cancer-related genes, Disease related genes, Human disease related genes, Plasma proteins, Predicted secreted proteins		Protease inhibitor, Thiol protease inhibitor	Age-related macular degeneration, Amyloidosis, Cancer-related genes, Disease variant	Group enriched	classical monocyte: 4979.2;intermediate monocyte: 6434.2;myeloid DC: 7977.6;non-classical monocyte: 4321.2;plasmacytoid DC: 4438.0	Group enriched	Secreted to blood	Tissue enhanced	1	0	0	0	0	0	0	0	0	0	0	0	0	0	1	Myeloid/Monocyte;Dendritic	1	0	2	1	Immune-cell-enriched
711	CST5	Cystatin-D	Plasma proteins, Predicted secreted proteins		Protease inhibitor, Thiol protease inhibitor		Not detected in immune cells		Not detected	Secreted to digestive system	Tissue enriched	1	0	0	0	0	0	0	0	0	0	0	0	0	0	0		1	0	0	0	Non-immune
712	CST6	Cystatin-M	Cancer-related genes, Disease related genes, Human disease related genes, Plasma proteins, Predicted secreted proteins		Protease inhibitor, Thiol protease inhibitor	Cancer-related genes, Disease variant, Ectodermal dysplasia	Not detected in immune cells		Not detected	Secreted in other tissues	Tissue enriched	1	0	0	0	0	0	0	0	0	0	0	0	0	0	0		1	0	0	0	Non-immune
713	CST7	Cystatin-F	Plasma proteins, Predicted secreted proteins		Protease inhibitor, Thiol protease inhibitor		Immune cell enhanced	gdT-cell: 1290.1	Group enriched	Secreted to blood	Tissue enriched	1	0	0	0	0	0	0	0	0	0	0	0	0	0	1	T-cell	1	0	2	1	Immune-cell-enriched
714	CSTB	Cystatin-B	Cancer-related genes, Disease related genes, Human disease related genes, Plasma proteins, Potential drug targets, Predicted intracellular proteins, Transporters		Protease inhibitor, Thiol protease inhibitor	Cancer-related genes, Disease variant, Epilepsy, Neurodegeneration	Low immune cell specificity		Low lineage specificity		Tissue enriched	1	0	0	0	0	0	0	0	0	0	0	0	0	0	0		0	0	0	0	Non-immune
715	CTAG1A_CTAG1B	Cancer/testis antigen 1										0	0	0	0	0	0	0	0	0	0	0	0	0	0	0		0	0	0	0	Non-immune
716	CTBS	Di-N-acetylchitobiase	Plasma proteins, Predicted intracellular proteins		Glycosidase, Hydrolase		Not detected in immune cells		Not detected	Intracellular and membrane	Low tissue specificity	1	0	0	0	0	0	0	0	0	0	0	0	0	0	0		0	0	0	0	Non-immune
717	CTF1	Cardiotrophin-1	Predicted intracellular proteins, Predicted secreted proteins		Cytokine		Not detected in immune cells		Not detected	Secreted to blood	Low tissue specificity	1	0	0	0	0	0	0	0	0	0	0	0	0	0	0		1	0	0	0	Non-immune
718	CTHRC1	Collagen triple helix repeat-containing protein 1	Disease related genes, Human disease related genes, Predicted intracellular proteins, Predicted secreted proteins				Immune cell enhanced	NK-cell: 2.3	Low lineage specificity	Secreted in other tissues	Tissue enhanced	1	0	0	0	0	0	0	0	0	0	0	0	0	0	1	NK-cell	1	0	2	1	Immune-cell-enriched
719	CTLA4	Cytotoxic T-lymphocyte protein 4	CD markers, Disease related genes, FDA approved drug targets, Human disease related genes, Predicted intracellular proteins, Predicted membrane proteins	Adaptive immunity, Immunity		Diabetes mellitus, Disease variant, FDA approved drug targets, Systemic lupus erythematosus	Immune cell enriched	T-reg: 42.6	Lineage enriched		Tissue enriched	1	0	0	0	0	0	0	0	1	0	0	0	0	0	1	T-cell	0	1	5	1	Immune checkpoint
720	CTNNA1	Catenin alpha-1	Disease related genes, Human disease related genes, Plasma proteins, Predicted intracellular proteins	Cell adhesion			Low immune cell specificity		Low lineage specificity		Low tissue specificity	1	0	0	0	0	0	0	0	0	0	0	0	0	0	0		0	0	0	0	Non-immune
721	CTRB1	Chymotrypsinogen B	Enzymes, Predicted intracellular proteins, Predicted secreted proteins	Digestion	Hydrolase, Protease, Serine protease		Not detected in immune cells		Not detected	Secreted to digestive system	Tissue enriched	1	0	0	0	0	0	0	0	0	0	0	0	0	0	0		1	0	0	0	Non-immune
722	CTRC	Chymotrypsin-C	Disease related genes, Enzymes, Human disease related genes, Potential drug targets, Predicted secreted proteins		Hydrolase, Protease, Serine protease	Disease variant	Not detected in immune cells		Not detected	Secreted to digestive system	Tissue enriched	1	0	0	0	0	0	0	0	0	0	0	0	0	0	0		1	0	0	0	Non-immune
723	CTRL	Chymotrypsin-like protease CTRL-1	Enzymes, Predicted secreted proteins		Hydrolase, Protease, Serine protease		Not detected in immune cells		Not detected	Secreted to digestive system	Tissue enriched	1	0	0	0	0	0	0	0	0	0	0	0	0	0	0		1	0	0	0	Non-immune
724	CTSB	Cathepsin B	Cancer-related genes, Candidate cardiovascular disease genes, Disease related genes, Enzymes, Human disease related genes, Metabolic proteins, Plasma proteins, Potential drug targets, Predicted intracellular proteins, Predicted secreted proteins		Hydrolase, Protease, Thiol protease	Cancer-related genes	Group enriched	basophil: 389.7;classical monocyte: 610.5;intermediate monocyte: 467.6;myeloid DC: 287.7;non-classical monocyte: 309.1;plasmacytoid DC: 410.8	Group enriched	Secreted to blood	Tissue enhanced	1	0	0	0	0	0	0	0	0	0	0	0	0	0	1	Myeloid/Monocyte;Granulocyte;Dendritic	1	0	2	1	Immune-cell-enriched
725	CTSC	Dipeptidyl peptidase 1	Disease related genes, Enzymes, Human disease related genes, Metabolic proteins, Plasma proteins, Potential drug targets, Predicted intracellular proteins, Predicted membrane proteins		Hydrolase, Protease, Thiol protease	Disease variant, Palmoplantar keratoderma	Low immune cell specificity		Low lineage specificity	Intracellular and membrane	Low tissue specificity	1	0	0	0	0	0	0	0	0	0	0	0	0	0	0		0	0	0	0	Non-immune
726	CTSD	Cathepsin D	Cancer-related genes, Disease related genes, Enzymes, Human disease related genes, Metabolic proteins, Plasma proteins, Potential drug targets, Predicted intracellular proteins, Predicted secreted proteins		Aspartyl protease, Hydrolase, Protease	Alzheimer disease, Cancer-related genes, Disease variant, Neurodegeneration, Neuronal ceroid lipofuscinosis	Low immune cell specificity		Low lineage specificity	Secreted to blood	Low tissue specificity	1	0	0	0	0	0	0	0	0	0	0	0	0	0	0		1	0	0	0	Non-immune
727	CTSE	Cathepsin E	Enzymes, Metabolic proteins, Predicted intracellular proteins		Aspartyl protease, Hydrolase, Protease		Not detected in immune cells		Not detected	Intracellular and membrane	Tissue enriched	1	0	0	0	0	0	0	0	0	0	0	0	0	0	0		0	0	0	0	Non-immune
728	CTSF	Cathepsin F	Disease related genes, Enzymes, Human disease related genes, Metabolic proteins, Plasma proteins, Potential drug targets, Predicted intracellular proteins		Hydrolase, Protease, Thiol protease	Disease variant, Neurodegeneration, Neuronal ceroid lipofuscinosis	Low immune cell specificity		Low lineage specificity	Intracellular and membrane	Tissue enhanced	1	0	0	0	0	0	0	0	0	0	0	0	0	0	0		0	0	0	0	Non-immune
729	CTSH	Pro-cathepsin H	Cancer-related genes, Enzymes, Human disease related genes, Metabolic proteins, Plasma proteins, Predicted intracellular proteins		Hydrolase, Protease, Thiol protease	Cancer-related genes	Group enriched	classical monocyte: 209.6;intermediate monocyte: 138.1;memory B-cell: 83.8;myeloid DC: 184.0;naive B-cell: 56.3;non-classical monocyte: 95.3	Group enriched	Intracellular and membrane	Tissue enhanced	1	0	0	0	0	0	0	0	0	0	0	0	0	0	1	Myeloid/Monocyte;B-cell;Dendritic	0	0	2	1	Immune-cell-enriched
730	CTSL	Cathepsin L1	Cancer-related genes, Enzymes, Metabolic proteins, Plasma proteins, Predicted intracellular proteins	Host-virus interaction	Hydrolase, Protease, Thiol protease	Cancer-related genes	Group enriched	intermediate monocyte: 128.2;non-classical monocyte: 196.2	Lineage enriched	Intracellular and membrane	Tissue enhanced	1	0	0	0	0	0	0	0	0	0	0	0	0	0	1	Myeloid/Monocyte	0	0	2	1	Immune-cell-enriched
731	CTSO	Cathepsin O	Enzymes, Metabolic proteins, Predicted intracellular proteins		Hydrolase, Protease, Thiol protease		Low immune cell specificity		Low lineage specificity	Intracellular and membrane	Low tissue specificity	1	0	0	0	0	0	0	0	0	0	0	0	0	0	0		0	0	0	0	Non-immune
732	CTSS	Cathepsin S	Enzymes, Metabolic proteins, Plasma proteins, Predicted intracellular proteins		Hydrolase, Protease, Thiol protease		Immune cell enhanced	classical monocyte: 2462.4	Low lineage specificity	Intracellular and membrane	Tissue enhanced	1	0	0	0	0	0	0	0	0	0	0	0	0	0	1	Myeloid/Monocyte	0	0	2	1	Immune-cell-enriched
733	CTSV	Cathepsin L2	Enzymes, Metabolic proteins, Predicted intracellular proteins		Hydrolase, Protease, Thiol protease		Immune cell enriched	plasmacytoid DC: 15.2	Lineage enriched	Intracellular and membrane	Tissue enriched	1	0	0	0	0	0	0	0	0	0	0	0	0	0	1	Myeloid/Monocyte;Dendritic	0	0	2	1	Immune-cell-enriched
734	CTSZ	Cathepsin Z	Enzymes, Metabolic proteins, Plasma proteins, Predicted intracellular proteins		Hydrolase, Protease, Thiol protease		Low immune cell specificity		Low lineage specificity	Intracellular and membrane	Low tissue specificity	1	0	0	0	0	0	0	0	0	0	0	0	0	0	0		0	0	0	0	Non-immune
735	CUZD1	CUB and zona pellucida-like domain-containing protein 1	Predicted membrane proteins	Cell adhesion, Cell cycle, Cell division			Not detected in immune cells		Not detected		Tissue enriched	1	0	0	0	0	0	0	0	0	0	0	0	0	0	0		0	0	0	0	Non-immune
736	CWC15	Spliceosome-associated protein CWC15 homolog	Essential proteins, Predicted intracellular proteins	mRNA processing, mRNA splicing			Low immune cell specificity		Low lineage specificity		Low tissue specificity	1	0	0	0	0	0	0	0	0	0	0	0	0	0	0		0	0	0	0	Non-immune
737	CX3CL1	Fractalkine	Plasma proteins, Predicted membrane proteins, Predicted secreted proteins	Cell adhesion, Chemotaxis, Host-virus interaction, Inflammatory response	Cytokine		Not detected in immune cells		Not detected	Secreted to blood	Low tissue specificity	1	0	0	0	0	1	0	0	0	0	0	0	0	0	0		1	1	3	1	Chemokine axis
738	CXADR	Coxsackievirus and adenovirus receptor	Predicted membrane proteins, Predicted secreted proteins, Transporters	Cell adhesion, Host-virus interaction	Host cell receptor for virus entry, Receptor		Not detected in immune cells		Not detected	Secreted - unknown location	Tissue enhanced	1	0	0	0	0	0	0	0	0	0	0	0	0	1	0		1	0	0	0	Soluble receptor
739	CXCL1	Growth-regulated alpha protein	Cancer-related genes, Plasma proteins, Predicted secreted proteins	Inflammatory response	Cytokine, Growth factor	Cancer-related genes	Immune cell enriched	neutrophil: 47.5	Lineage enriched	Secreted to blood	Tissue enhanced	1	0	0	0	0	1	0	0	0	0	0	0	0	0	1	Granulocyte	1	1	5	1	Chemokine axis
740	CXCL10	C-X-C motif chemokine 10	Cancer-related genes, Human disease related genes, Plasma proteins, Predicted secreted proteins	Chemotaxis, Inflammatory response	Cytokine	Cancer-related genes	Group enriched	classical monocyte: 21.6;intermediate monocyte: 52.5;non-classical monocyte: 37.1	Lineage enriched	Secreted to blood	Tissue enhanced	1	0	0	0	0	1	0	0	0	0	0	0	0	0	1	Myeloid/Monocyte	1	1	5	1	Chemokine axis
741	CXCL11	C-X-C motif chemokine 11	Human disease related genes, Predicted secreted proteins	Chemotaxis, Inflammatory response	Cytokine		Not detected in immune cells		Not detected	Secreted to blood	Tissue enhanced	1	0	0	0	0	1	0	0	0	0	0	0	0	0	0		1	1	3	1	Chemokine axis
742	CXCL12	Stromal cell-derived factor 1	Predicted secreted proteins	Chemotaxis, Host-virus interaction	Cytokine, Growth factor		Not detected in immune cells		Not detected	Secreted to blood	Low tissue specificity	1	0	0	0	0	1	0	0	0	0	0	0	0	0	0		1	0	2	1	Chemokine axis
743	CXCL13	C-X-C motif chemokine 13	Cancer-related genes, Predicted secreted proteins	Chemotaxis, Inflammatory response	Cytokine	Cancer-related genes	Not detected in immune cells		Not detected	Secreted to blood	Tissue enriched	1	0	0	0	0	1	0	0	0	0	0	0	0	0	0		1	1	3	1	Chemokine axis
744	CXCL14	C-X-C motif chemokine 14	Predicted secreted proteins	Chemotaxis	Cytokine		Not detected in immune cells		Not detected	Secreted to blood	Tissue enhanced	1	0	0	0	0	1	0	0	0	0	0	0	0	0	0		1	0	2	1	Chemokine axis
745	CXCL16	C-X-C motif chemokine 16	Predicted intracellular proteins, Predicted membrane proteins, Predicted secreted proteins, Transporters	Chemotaxis	Cytokine		Group enriched	classical monocyte: 63.2;intermediate monocyte: 107.3;myeloid DC: 38.2;neutrophil: 103.3;non-classical monocyte: 141.8	Group enriched	Secreted to blood	Low tissue specificity	1	0	0	0	0	1	0	0	0	0	0	0	0	0	1	Myeloid/Monocyte;Granulocyte;Dendritic	1	0	4	1	Chemokine axis
746	CXCL17	C-X-C motif chemokine 17	Predicted secreted proteins	Angiogenesis, Chemotaxis, Differentiation	Developmental protein		Not detected in immune cells		Not detected	Secreted to blood	Group enriched	1	0	0	0	0	1	0	0	0	0	0	0	0	0	0		1	0	2	1	Chemokine axis
747	CXCL3	C-X-C motif chemokine 3	Plasma proteins, Predicted secreted proteins	Chemotaxis, Inflammatory response	Cytokine		Not detected in immune cells		Not detected	Secreted to blood	Tissue enhanced	1	0	0	0	0	1	0	0	0	0	0	0	0	0	0		1	1	3	1	Chemokine axis
748	CXCL5	C-X-C motif chemokine 5	Cancer-related genes, Plasma proteins, Predicted secreted proteins		Cytokine	Cancer-related genes	Not detected in immune cells		Not detected	Secreted to blood	Group enriched	1	0	0	0	0	1	0	0	0	0	0	0	0	0	0		1	0	2	1	Chemokine axis
749	CXCL6	C-X-C motif chemokine 6	Predicted secreted proteins	Chemotaxis	Antibiotic, Antimicrobial, Cytokine, Heparin-binding		Immune cell enriched	neutrophil: 10.4	Lineage enriched	Secreted to blood	Group enriched	1	0	0	0	0	1	0	0	0	0	0	0	0	0	1	Granulocyte	1	0	4	1	Chemokine axis
750	CXCL8	Interleukin-8	Cancer-related genes, Candidate cardiovascular disease genes, Plasma proteins, Predicted secreted proteins	Chemotaxis, Inflammatory response	Cytokine	Cancer-related genes	Immune cell enriched	neutrophil: 439.6	Lineage enriched	Secreted to blood	Tissue enriched	1	0	0	0	0	1	0	0	0	0	0	0	0	0	1	Granulocyte	1	1	5	1	Chemokine axis
751	CXCL9	C-X-C motif chemokine 9	Cancer-related genes, Human disease related genes, Plasma proteins, Predicted secreted proteins	Inflammatory response	Cytokine	Cancer-related genes	Not detected in immune cells		Not detected	Secreted to blood	Tissue enriched	1	0	0	0	0	1	0	0	0	0	0	0	0	0	0		1	1	3	1	Chemokine axis
752	CYB5A	Cytochrome b5	Disease related genes, Human disease related genes, Plasma proteins, Predicted intracellular proteins, Predicted membrane proteins	Electron transport, Transport		Disease variant	Low immune cell specificity		Low lineage specificity		Tissue enhanced	1	0	0	0	0	0	0	0	0	0	0	0	0	0	0		0	0	0	0	Non-immune
753	CYB5R2	NADH-cytochrome b5 reductase 2	Enzymes, Metabolic proteins, Predicted intracellular proteins, Predicted membrane proteins	Lipid biosynthesis, Lipid metabolism, Steroid biosynthesis, Steroid metabolism, Sterol biosynthesis, Sterol metabolism	Oxidoreductase		Group enriched	eosinophil: 6.1;memory B-cell: 10.6;naive B-cell: 2.8	Group enriched		Tissue enhanced	1	0	0	0	0	0	0	0	0	0	0	0	0	0	1	Granulocyte;B-cell	0	0	2	1	Immune-cell-enriched
754	CYP24A1	1,25-dihydroxyvitamin D(3) 24-hydroxylase, mitochondrial	Disease related genes, Enzymes, Human disease related genes, Metabolic proteins, Potential drug targets, Predicted intracellular proteins	Lipid metabolism	Monooxygenase, Oxidoreductase	Disease variant	Not detected in immune cells		Not detected		Group enriched	1	0	0	0	0	0	0	0	0	0	0	0	0	0	0		0	0	0	0	Non-immune
755	CYTH3	Cytohesin-3	Predicted intracellular proteins		Guanine-nucleotide releasing factor		Immune cell enhanced	MAIT T-cell: 2.5	Low lineage specificity		Low tissue specificity	1	0	0	0	0	0	0	0	0	0	0	0	0	0	1	T-cell	0	0	2	1	Immune-cell-enriched
756	CYTL1	Cytokine-like protein 1	Plasma proteins, Predicted secreted proteins				Immune cell enriched	NK-cell: 27.1	Lineage enriched	Secreted in other tissues	Tissue enriched	1	0	0	0	0	0	0	0	0	0	0	0	0	0	1	NK-cell	1	0	2	1	Immune-cell-enriched
757	DAAM1	Disheveled-associated activator of morphogenesis 1	Plasma proteins, Predicted intracellular proteins	Wnt signaling pathway	Actin-binding		Low immune cell specificity		Low lineage specificity		Low tissue specificity	1	0	0	0	0	0	0	0	0	0	0	0	0	0	0		0	0	0	0	Non-immune
758	DAB2	Disabled homolog 2	Plasma proteins, Predicted intracellular proteins	Apoptosis, Differentiation, Endocytosis, Protein transport, Transport, Wnt signaling pathway	Developmental protein	Tumor suppressor	Immune cell enriched	plasmacytoid DC: 48.8	Lineage enriched		Tissue enhanced	1	0	0	0	0	0	0	0	0	0	0	0	0	0	1	Myeloid/Monocyte;Dendritic	0	0	2	1	Immune-cell-enriched
759	DAG1	Dystroglycan	Disease related genes, Human disease related genes, Plasma proteins, Potential drug targets, Predicted membrane proteins, Transporters	Host-virus interaction	Host cell receptor for virus entry, Receptor	Congenital muscular dystrophy, Disease variant, Dystroglycanopathy, Limb-girdle muscular dystrophy, Lissencephaly	Low immune cell specificity		Low lineage specificity	Intracellular and membrane	Low tissue specificity	1	0	0	0	0	0	0	0	0	0	0	0	0	0	0		0	0	0	0	Non-immune
760	DAND5	DAN domain family member 5	Predicted secreted proteins			Heterotaxy	Immune cell enhanced	neutrophil: 1.3	Low lineage specificity	Secreted in other tissues	Tissue enhanced	1	0	0	0	0	0	0	0	0	0	0	0	0	0	1	Granulocyte	1	0	2	1	Immune-cell-enriched
761	DAPK2	Death-associated protein kinase 2	Enzymes, Predicted intracellular proteins, Predicted membrane proteins	Apoptosis	Calmodulin-binding, Kinase, Serine/threonine-protein kinase, Transferase		Group enriched	basophil: 64.8;eosinophil: 138.6;neutrophil: 39.2	Lineage enriched		Tissue enhanced	1	0	0	0	0	0	0	0	0	0	0	0	0	0	1	Granulocyte	0	0	2	1	Immune-cell-enriched
762	DAPP1	Dual adapter for phosphotyrosine and 3-phosphotyrosine and 3-phosphoinositide	Predicted intracellular proteins				Low immune cell specificity		Low lineage specificity		Tissue enhanced	1	0	0	0	0	0	0	0	0	0	0	0	0	0	0		0	0	0	0	Non-immune
763	DARS1	Aspartate--tRNA ligase, cytoplasmic	Disease related genes, Enzymes, Essential proteins, Human disease related genes, Metabolic proteins, Plasma proteins, Potential drug targets, Predicted intracellular proteins	Protein biosynthesis	Aminoacyl-tRNA synthetase, Ligase	Disease variant	Low immune cell specificity		Low lineage specificity		Low tissue specificity	1	0	0	0	0	0	0	0	0	0	0	0	0	0	0		0	0	0	0	Non-immune
764	DBH	Dopamine beta-hydroxylase	Disease related genes, Enzymes, FDA approved drug targets, Human disease related genes, Metabolic proteins, Plasma proteins, Predicted intracellular proteins	Catecholamine biosynthesis	Monooxygenase, Oxidoreductase	Disease variant, FDA approved drug targets	Not detected in immune cells		Not detected	Intracellular and membrane	Tissue enriched	1	0	0	0	0	0	0	0	0	0	0	0	0	0	0		0	0	0	0	Non-immune
765	DBI	Acyl-CoA-binding protein	Cancer-related genes, Metabolic proteins, Plasma proteins, Predicted intracellular proteins	Transport		Cancer-related genes	Low immune cell specificity		Low lineage specificity		Low tissue specificity	1	0	0	0	0	0	0	0	0	0	0	0	0	0	0		0	0	0	0	Non-immune
766	DBN1	Drebrin	Disease related genes, Plasma proteins, Predicted intracellular proteins	Differentiation, Neurogenesis	Actin-binding, Developmental protein	Alzheimer disease, Amyloidosis, Neurodegeneration	Low immune cell specificity		Group enriched		Low tissue specificity	1	0	0	0	0	0	0	0	0	0	0	0	0	0	0		0	0	0	0	Non-immune
767	DBNL	Drebrin-like protein	Plasma proteins, Predicted intracellular proteins	Adaptive immunity, Endocytosis, Immunity, Transport	Actin-binding		Low immune cell specificity		Low lineage specificity		Low tissue specificity	1	0	0	0	0	0	0	0	0	0	0	0	0	0	0		0	1	1	0	Other immune-annotated
768	DCBLD2	Discoidin, CUB and LCCL domain-containing protein 2	Predicted intracellular proteins, Predicted membrane proteins				Not detected in immune cells		Not detected		Low tissue specificity	1	0	0	0	0	0	0	0	0	0	0	0	0	0	0		0	0	0	0	Non-immune
769	DCC	Netrin receptor DCC	Cancer-related genes, Disease related genes, Human disease related genes, Plasma proteins, Predicted intracellular proteins, Predicted membrane proteins	Apoptosis	Developmental protein, Receptor	Cancer-related genes, Disease variant, Intellectual disability, Tumor suppressor	Not detected in immune cells		Not detected		Tissue enhanced	1	0	0	0	0	0	0	0	0	0	0	0	0	1	0		0	0	0	0	Soluble receptor
770	DCDC2C	Doublecortin domain-containing protein 2C	Predicted intracellular proteins				Not detected in immune cells		Not detected		Tissue enhanced	1	0	0	0	0	0	0	0	0	0	0	0	0	0	0		0	0	0	0	Non-immune
771	DCLRE1C	Protein artemis	Disease related genes, Human disease related genes, Predicted intracellular proteins	Adaptive immunity, DNA damage, DNA recombination, DNA repair, Immunity	Endonuclease, Exonuclease, Hydrolase, Nuclease	Disease variant, SCID	Low immune cell specificity		Low lineage specificity		Low tissue specificity	1	0	0	0	0	0	0	0	0	0	0	0	0	0	0		0	1	1	0	Other immune-annotated
772	DCN	Decorin	Cancer-related genes, Disease related genes, Human disease related genes, Plasma proteins, Predicted intracellular proteins, Predicted secreted proteins			Cancer-related genes, Corneal dystrophy	Immune cell enriched	basophil: 24.5	Lineage enriched	Secreted to extracellular matrix	Low tissue specificity	1	0	0	0	0	0	0	0	0	0	0	0	0	0	1	Granulocyte	1	0	2	1	Immune-cell-enriched
773	DCTD	Deoxycytidylate deaminase	Enzymes, Metabolic proteins, Predicted intracellular proteins	Nucleotide biosynthesis	Allosteric enzyme, Hydrolase		Low immune cell specificity		Low lineage specificity		Low tissue specificity	1	0	0	0	0	0	0	0	0	0	0	0	0	0	0		0	0	0	0	Non-immune
774	DCTN1	Dynactin subunit 1	Cancer-related genes, Disease related genes, Human disease related genes, Plasma proteins, Predicted intracellular proteins	Cell cycle, Cell division, Mitosis, Transport		Amyotrophic lateral sclerosis, Cancer-related genes, Neurodegeneration, Neuropathy, Parkinsonism	Low immune cell specificity		Low lineage specificity		Low tissue specificity	1	0	0	0	0	0	0	0	0	0	0	0	0	0	0		0	0	0	0	Non-immune
775	DCTN2	Dynactin subunit 2	Essential proteins, Predicted intracellular proteins				Low immune cell specificity		Low lineage specificity		Low tissue specificity	1	0	0	0	0	0	0	0	0	0	0	0	0	0	0		0	0	0	0	Non-immune
776	DCTN6	Dynactin subunit 6	Essential proteins, Predicted intracellular proteins				Low immune cell specificity		Low lineage specificity		Low tissue specificity	1	0	0	0	0	0	0	0	0	0	0	0	0	0	0		0	0	0	0	Non-immune
777	DCTPP1	dCTP pyrophosphatase 1	Enzymes, Metabolic proteins, Predicted intracellular proteins		Hydrolase		Low immune cell specificity		Low lineage specificity		Low tissue specificity	1	0	0	0	0	0	0	0	0	0	0	0	0	0	0		0	0	0	0	Non-immune
778	DCUN1D1	DCN1-like protein 1	Predicted intracellular proteins	Ubl conjugation pathway		Proto-oncogene	Low immune cell specificity		Low lineage specificity		Tissue enriched	1	0	0	0	0	0	0	0	0	0	0	0	0	0	0		0	0	0	0	Non-immune
779	DCUN1D2	DCN1-like protein 2	Predicted intracellular proteins	Ubl conjugation pathway			Immune cell enriched	basophil: 11.2	Lineage enriched		Tissue enhanced	1	0	0	0	0	0	0	0	0	0	0	0	0	0	1	Granulocyte	0	0	2	1	Immune-cell-enriched
780	DCXR	L-xylulose reductase	Disease related genes, Enzymes, Human disease related genes, Metabolic proteins, Plasma proteins, Potential drug targets, Predicted intracellular proteins	Carbohydrate metabolism, Glucose metabolism, Xylose metabolism	Oxidoreductase		Low immune cell specificity		Low lineage specificity		Tissue enriched	1	0	0	0	0	0	0	0	0	0	0	0	0	0	0		0	0	0	0	Non-immune
781	DDA1	DET1- and DDB1-associated protein 1	Essential proteins, Predicted intracellular proteins	Ubl conjugation pathway			Low immune cell specificity		Low lineage specificity		Low tissue specificity	1	0	0	0	0	0	0	0	0	0	0	0	0	0	0		0	0	0	0	Non-immune
782	DDAH1	N(G),N(G)-dimethylarginine dimethylaminohydrolase 1	Enzymes, Metabolic proteins, Plasma proteins, Predicted intracellular proteins		Hydrolase		Not detected in immune cells		Not detected		Tissue enhanced	1	0	0	0	0	0	0	0	0	0	0	0	0	0	0		0	0	0	0	Non-immune
783	DDC	Aromatic-L-amino-acid decarboxylase	Disease related genes, Enzymes, FDA approved drug targets, Human disease related genes, Metabolic proteins, Predicted intracellular proteins	Catecholamine biosynthesis	Decarboxylase, Lyase	Disease variant, FDA approved drug targets	Not detected in immune cells		Not detected		Tissue enhanced	1	0	0	0	0	0	0	0	0	0	0	0	0	0	0		0	0	0	0	Non-immune
784	DDHD2	Phospholipase DDHD2	Disease related genes, Human disease related genes, Predicted intracellular proteins	Lipid degradation, Lipid metabolism	Hydrolase	Disease variant, Hereditary spastic paraplegia, Neurodegeneration	Low immune cell specificity		Low lineage specificity		Low tissue specificity	1	0	0	0	0	0	0	0	0	0	0	0	0	0	0		0	0	0	0	Non-immune
785	DDI2	Protein DDI1 homolog 2	Plasma proteins, Predicted intracellular proteins		Aspartyl protease, Hydrolase, Protease		Low immune cell specificity		Low lineage specificity		Low tissue specificity	1	0	0	0	0	0	0	0	0	0	0	0	0	0	0		0	0	0	0	Non-immune
786	DDR1	Epithelial discoidin domain-containing receptor 1	CD markers, Enzymes, Predicted intracellular proteins, Predicted membrane proteins	Lactation, Pregnancy	Kinase, Receptor, Transferase, Tyrosine-protein kinase		Not detected in immune cells		Not detected	Intracellular and membrane	Low tissue specificity	1	0	0	0	0	0	0	0	0	0	0	0	0	1	0		0	0	0	0	Soluble receptor
787	DDT	D-dopachrome decarboxylase	Enzymes, Plasma proteins, Predicted intracellular proteins	Melanin biosynthesis	Lyase		Low immune cell specificity		Low lineage specificity		Tissue enhanced	1	0	0	0	0	0	0	0	0	0	0	0	0	0	0		0	0	0	0	Non-immune
788	DDX1	ATP-dependent RNA helicase DDX1	Enzymes, Plasma proteins, Predicted intracellular proteins	Antiviral defense, Host-virus interaction, Immunity, Innate immunity, mRNA processing, Transcription, Transcription regulation, tRNA processing	Activator, DNA-binding, Exonuclease, Helicase, Hydrolase, Nuclease, RNA-binding		Low immune cell specificity		Low lineage specificity		Low tissue specificity	1	0	0	0	0	0	0	0	0	0	0	0	0	0	0		0	1	1	0	Other immune-annotated
789	DDX25	ATP-dependent RNA helicase DDX25	Enzymes, Plasma proteins, Predicted intracellular proteins	Differentiation, mRNA transport, Spermatogenesis, Translation regulation, Transport	Developmental protein, Helicase, Hydrolase, RNA-binding		Not detected in immune cells		Not detected		Tissue enhanced	1	0	0	0	0	0	0	0	0	0	0	0	0	0	0		0	0	0	0	Non-immune
790	DDX39A	ATP-dependent RNA helicase DDX39A	Enzymes, Predicted intracellular proteins	mRNA processing, mRNA splicing	Helicase, Hydrolase, RNA-binding		Low immune cell specificity		Low lineage specificity		Tissue enhanced	1	0	0	0	0	0	0	0	0	0	0	0	0	0	0		0	0	0	0	Non-immune
791	DDX4	Probable ATP-dependent RNA helicase DDX4	Enzymes, Predicted intracellular proteins	Differentiation, Meiosis, RNA-mediated gene silencing, Spermatogenesis	Developmental protein, Helicase, Hydrolase		Not detected in immune cells		Not detected		Tissue enriched	1	0	0	0	0	0	0	0	0	0	0	0	0	0	0		0	0	0	0	Non-immune
792	DDX53	Probable ATP-dependent RNA helicase DDX53	Enzymes, Predicted intracellular proteins		Helicase, Hydrolase, RNA-binding		Not detected in immune cells		Not detected		Tissue enriched	1	0	0	0	0	0	0	0	0	0	0	0	0	0	0		0	0	0	0	Non-immune
793	DDX58	Antiviral innate immune response receptor RIG-I										0	0	0	0	0	0	0	0	0	0	0	0	0	1	0		0	0	0	0	Soluble receptor
794	DECR1	2,4-dienoyl-CoA reductase, mitochondrial	Disease related genes, Enzymes, Metabolic proteins, Plasma proteins, Potential drug targets, Predicted intracellular proteins	Fatty acid metabolism, Lipid metabolism	Oxidoreductase		Low immune cell specificity		Low lineage specificity		Tissue enhanced	1	0	0	0	0	0	0	0	0	0	0	0	0	0	0		0	0	0	0	Non-immune
795	DEFA1_DEFA1B	Neutrophil defensin 1										0	0	0	0	0	0	0	0	0	0	0	0	0	0	0		0	0	0	0	Non-immune
796	DEFB103A_DEFB103B	Beta-defensin 103										0	0	0	0	0	0	0	0	0	0	0	0	0	0	0		0	0	0	0	Non-immune
797	DEFB104A_DEFB104B	Beta-defensin 104										0	0	0	0	0	0	0	0	0	0	0	0	0	0	0		0	0	0	0	Non-immune
798	DEFB116	Beta-defensin 116	Predicted secreted proteins		Antibiotic, Antimicrobial, Defensin		Not detected in immune cells		Not detected	Secreted in male reproductive system	Not detected	1	0	0	0	0	0	0	0	0	0	0	0	0	0	0		1	0	0	0	Non-immune
799	DEFB118	Beta-defensin 118	Predicted secreted proteins		Antibiotic, Antimicrobial, Defensin		Not detected in immune cells		Not detected	Secreted in male reproductive system	Tissue enriched	1	0	0	0	0	0	0	0	0	0	0	0	0	0	0		1	0	0	0	Non-immune
800	DEFB4A_DEFB4B	Beta-defensin 4A										0	0	0	0	0	0	0	0	0	0	0	0	0	0	0		0	0	0	0	Non-immune
801	DENND2B	DENN domain-containing protein 2B	Predicted intracellular proteins		Guanine-nucleotide releasing factor		Immune cell enriched	non-classical monocyte: 2.9	Lineage enriched		Low tissue specificity	1	0	0	0	0	0	0	0	0	0	0	0	0	0	1	Myeloid/Monocyte	0	0	2	1	Immune-cell-enriched
802	DENR	Density-regulated protein	Essential proteins, Plasma proteins, Predicted intracellular proteins	Protein biosynthesis	Initiation factor		Immune cell enhanced	basophil: 228.7	Low lineage specificity		Low tissue specificity	1	0	0	0	0	0	0	0	0	0	0	0	0	0	1	Granulocyte	0	0	2	1	Immune-cell-enriched
803	DFFA	DNA fragmentation factor subunit alpha	Plasma proteins, Predicted intracellular proteins	Apoptosis			Low immune cell specificity		Low lineage specificity		Low tissue specificity	1	0	0	0	0	0	0	0	0	0	0	0	0	0	0		0	0	0	0	Non-immune
804	DGCR6	Protein DGCR6	Human disease related genes, Predicted intracellular proteins				Immune cell enhanced	basophil: 10.5	Low lineage specificity		Tissue enhanced	1	0	0	0	0	0	0	0	0	0	0	0	0	0	1	Granulocyte	0	0	2	1	Immune-cell-enriched
805	DGKA	Diacylglycerol kinase alpha	Enzymes, Metabolic proteins, Predicted intracellular proteins	Lipid metabolism	Kinase, Transferase		Low immune cell specificity		Lineage enriched		Tissue enhanced	1	0	0	0	0	0	0	0	0	0	0	0	0	0	0		0	0	0	0	Non-immune
806	DGKZ	Diacylglycerol kinase zeta	Enzymes, Metabolic proteins, Plasma proteins, Predicted intracellular proteins	Lipid metabolism	Kinase, Transferase		Low immune cell specificity		Low lineage specificity		Tissue enhanced	1	0	0	0	0	0	0	0	0	0	0	0	0	0	0		0	0	0	0	Non-immune
807	DHODH	Dihydroorotate dehydrogenase	Disease related genes, Enzymes, FDA approved drug targets, Human disease related genes, Metabolic proteins, Predicted intracellular proteins, Predicted membrane proteins	Pyrimidine biosynthesis	Oxidoreductase	Disease variant, FDA approved drug targets	Low immune cell specificity		Low lineage specificity		Tissue enriched	1	0	0	0	0	0	0	0	0	0	0	0	0	0	0		0	0	0	0	Non-immune
808	DHPS	Deoxyhypusine synthase	Disease related genes, Enzymes, Essential proteins, Human disease related genes, Metabolic proteins, Plasma proteins, Potential drug targets, Predicted intracellular proteins	Hypusine biosynthesis	Transferase	Disease variant, Intellectual disability	Low immune cell specificity		Low lineage specificity		Low tissue specificity	1	0	0	0	0	0	0	0	0	0	0	0	0	0	0		0	0	0	0	Non-immune
809	DHRS4L2	Dehydrogenase/reductase SDR family member 4-like 2	Metabolic proteins, Predicted intracellular proteins, Predicted secreted proteins		Oxidoreductase		Low immune cell specificity		Low lineage specificity	Secreted - unknown location	Tissue enhanced	1	0	0	0	0	0	0	0	0	0	0	0	0	0	0		1	0	0	0	Non-immune
810	DIABLO	Diablo homolog, mitochondrial	Disease related genes, Human disease related genes, Plasma proteins, Predicted intracellular proteins, Predicted membrane proteins	Apoptosis		Deafness, Disease variant, Non-syndromic deafness	Low immune cell specificity		Low lineage specificity		Low tissue specificity	1	0	0	0	0	0	0	0	0	0	0	0	0	0	0		0	0	0	0	Non-immune
811	DIPK1C	Divergent protein kinase domain 1C	Predicted intracellular proteins				Not detected in immune cells		Not detected		Tissue enhanced	1	0	0	0	0	0	0	0	0	0	0	0	0	0	0		0	0	0	0	Non-immune
812	DIPK2B	Divergent protein kinase domain 2B	Disease related genes, Predicted secreted proteins			Autism, Autism spectrum disorder	Not detected in immune cells		Not detected	Secreted - unknown location	Low tissue specificity	1	0	0	0	0	0	0	0	0	0	0	0	0	0	0		1	0	0	0	Non-immune
813	DKK1	Dickkopf-related protein 1	Predicted secreted proteins	Wnt signaling pathway	Developmental protein		Not detected in immune cells		Not detected	Secreted in other tissues	Tissue enhanced	1	0	0	0	0	0	0	0	0	0	0	0	0	0	0		1	0	0	0	Non-immune
814	DKK3	Dickkopf-related protein 3	Plasma proteins, Predicted secreted proteins	Wnt signaling pathway	Developmental protein		Immune cell enhanced	MAIT T-cell: 7.1;memory CD8 T-cell: 4.4	Lineage enriched	Secreted in other tissues	Tissue enhanced	1	0	0	0	0	0	0	0	0	0	0	0	0	0	1	T-cell	1	0	2	1	Immune-cell-enriched
815	DKK4	Dickkopf-related protein 4	Predicted secreted proteins	Wnt signaling pathway	Developmental protein		Not detected in immune cells		Not detected	Secreted in other tissues	Tissue enhanced	1	0	0	0	0	0	0	0	0	0	0	0	0	0	0		1	0	0	0	Non-immune
816	DKKL1	Dickkopf-like protein 1	Predicted intracellular proteins, Predicted secreted proteins				Immune cell enriched	memory B-cell: 1.7	Lineage enriched	Secreted in male reproductive system	Tissue enriched	1	0	0	0	0	0	0	0	0	0	0	0	0	0	1	B-cell	1	0	2	1	Immune-cell-enriched
817	DLG4	Disks large homolog 4	Disease related genes, Human disease related genes, Potential drug targets, Predicted intracellular proteins, Transporters			Disease variant, Intellectual disability	Not detected in immune cells		Not detected		Group enriched	1	0	0	0	0	0	0	0	0	0	0	0	0	0	0		0	0	0	0	Non-immune
818	DLGAP5	Disks large-associated protein 5	Plasma proteins, Predicted intracellular proteins	Cell cycle			Immune cell enhanced	T-reg: 5.4	Lineage enriched		Group enriched	1	0	0	0	0	0	0	0	0	0	0	0	0	0	1	T-cell	0	0	2	1	Immune-cell-enriched
819	DLK1	Protein delta homolog 1	Predicted intracellular proteins, Predicted membrane proteins				Not detected in immune cells		Not detected		Group enriched	1	0	0	0	0	0	0	0	0	0	0	0	0	0	0		0	0	0	0	Non-immune
820	DLL1	Delta-like protein 1	Disease related genes, Human disease related genes, Predicted intracellular proteins, Predicted membrane proteins	Differentiation, Notch signaling pathway	Developmental protein	Autism spectrum disorder, Epilepsy, Intellectual disability	Immune cell enriched	NK-cell: 3.3	Lineage enriched		Tissue enhanced	1	0	0	0	0	0	0	0	0	0	0	0	0	0	1	NK-cell	0	0	2	1	Immune-cell-enriched
821	DLL4	Delta-like protein 4	Disease related genes, Human disease related genes, Predicted membrane proteins	Angiogenesis, Differentiation, Neurogenesis, Notch signaling pathway, Sensory transduction, Vision	Developmental protein	Disease variant	Not detected in immune cells		Not detected		Low tissue specificity	1	0	0	0	0	0	0	0	0	0	0	0	0	0	0		0	0	0	0	Non-immune
822	DMD	Dystrophin	Cancer-related genes, Disease related genes, FDA approved drug targets, Human disease related genes, Plasma proteins, Predicted intracellular proteins, Transporters		Actin-binding	Cancer-related genes, Cardiomyopathy, Disease variant, FDA approved drug targets	Not detected in immune cells		Not detected		Low tissue specificity	1	0	0	0	0	0	0	0	0	0	0	0	0	0	0		0	0	0	0	Non-immune
823	DMP1	Dentin matrix acidic phosphoprotein 1	Disease related genes, Human disease related genes, Predicted secreted proteins	Biomineralization			Not detected in immune cells		Not detected	Secreted to extracellular matrix	Not detected	1	0	0	0	0	0	0	0	0	0	0	0	0	0	0		1	0	0	0	Non-immune
824	DNAJA1	DnaJ homolog subfamily A member 1	Essential proteins, Predicted intracellular proteins		Chaperone		Low immune cell specificity		Low lineage specificity		Low tissue specificity	1	0	0	0	0	0	0	0	0	0	0	0	0	0	0		0	0	0	0	Non-immune
825	DNAJA2	DnaJ homolog subfamily A member 2	Predicted intracellular proteins		Chaperone		Low immune cell specificity		Low lineage specificity		Low tissue specificity	1	0	0	0	0	0	0	0	0	0	0	0	0	0	0		0	0	0	0	Non-immune
826	DNAJA4	DnaJ homolog subfamily A member 4	Predicted intracellular proteins		Chaperone		Low immune cell specificity		Low lineage specificity		Tissue enhanced	1	0	0	0	0	0	0	0	0	0	0	0	0	0	0		0	0	0	0	Non-immune
827	DNAJB1	DnaJ homolog subfamily B member 1	Cancer-related genes, Predicted intracellular proteins	Stress response	Chaperone	Cancer-related genes	Low immune cell specificity		Low lineage specificity		Low tissue specificity	1	0	0	0	0	0	0	0	0	0	0	0	0	0	0		0	0	0	0	Non-immune
828	DNAJB14	DnaJ homolog subfamily B member 14	Predicted intracellular proteins, Predicted membrane proteins, Transporters	Host-virus interaction	Chaperone		Low immune cell specificity		Low lineage specificity		Low tissue specificity	1	0	0	0	0	0	0	0	0	0	0	0	0	0	0		0	0	0	0	Non-immune
829	DNAJB2	DnaJ homolog subfamily B member 2	Disease related genes, Human disease related genes, Predicted intracellular proteins		Chaperone	Neurodegeneration, Neuropathy	Low immune cell specificity		Low lineage specificity		Tissue enhanced	1	0	0	0	0	0	0	0	0	0	0	0	0	0	0		0	0	0	0	Non-immune
830	DNAJB6	DnaJ homolog subfamily B member 6	Disease related genes, Human disease related genes, Predicted intracellular proteins		Chaperone	Disease variant, Limb-girdle muscular dystrophy	Low immune cell specificity		Low lineage specificity		Low tissue specificity	1	0	0	0	0	0	0	0	0	0	0	0	0	0	0		0	0	0	0	Non-immune
831	DNAJB8	DnaJ homolog subfamily B member 8	Predicted intracellular proteins		Chaperone		Not detected in immune cells		Not detected		Tissue enriched	1	0	0	0	0	0	0	0	0	0	0	0	0	0	0		0	0	0	0	Non-immune
832	DNAJC21	DnaJ homolog subfamily C member 21	Disease related genes, Human disease related genes, Predicted intracellular proteins		Chaperone		Low immune cell specificity		Low lineage specificity		Low tissue specificity	1	0	0	0	0	0	0	0	0	0	0	0	0	0	0		0	0	0	0	Non-immune
833	DNAJC6	Putative tyrosine-protein phosphatase auxilin	Disease related genes, Enzymes, Human disease related genes, Potential drug targets, Predicted intracellular proteins		Chaperone, Hydrolase, Protein phosphatase	Disease variant, Neurodegeneration, Parkinson disease, Parkinsonism	Not detected in immune cells		Not detected		Group enriched	1	0	0	0	0	0	0	0	0	0	0	0	0	0	0		0	0	0	0	Non-immune
834	DNAJC9	DnaJ homolog subfamily C member 9	Essential proteins, Predicted intracellular proteins		Chaperone		Low immune cell specificity		Low lineage specificity		Tissue enhanced	1	0	0	0	0	0	0	0	0	0	0	0	0	0	0		0	0	0	0	Non-immune
835	DNER	Delta and Notch-like epidermal growth factor-related receptor	Cancer-related genes, Predicted membrane proteins	Notch signaling pathway	Activator, Receptor	Cancer-related genes	Not detected in immune cells		Not detected		Tissue enhanced	1	0	0	0	0	0	0	0	0	0	0	0	0	1	0		0	0	0	0	Soluble receptor
836	DNLZ	DNL-type zinc finger protein	Predicted intracellular proteins		Chaperone		Low immune cell specificity		Low lineage specificity		Low tissue specificity	1	0	0	0	0	0	0	0	0	0	0	0	0	0	0		0	0	0	0	Non-immune
837	DNM1	Dynamin-1	Disease related genes, Enzymes, Human disease related genes, Metabolic proteins, Plasma proteins, Potential drug targets, Predicted intracellular proteins	Endocytosis	Hydrolase, Motor protein	Disease variant, Epilepsy	Not detected in immune cells		Not detected		Tissue enriched	1	0	0	0	0	0	0	0	0	0	0	0	0	0	0		0	0	0	0	Non-immune
838	DNM3	Dynamin-3	Enzymes, Metabolic proteins, Plasma proteins, Predicted intracellular proteins	Endocytosis	Hydrolase, Motor protein		Not detected in immune cells		Not detected		Tissue enhanced	1	0	0	0	0	0	0	0	0	0	0	0	0	0	0		0	0	0	0	Non-immune
839	DNMBP	Dynamin-binding protein	Disease related genes, Human disease related genes, Predicted intracellular proteins		Guanine-nucleotide releasing factor	Cataract, Disease variant	Low immune cell specificity		Low lineage specificity		Low tissue specificity	1	0	0	0	0	0	0	0	0	0	0	0	0	0	0		0	0	0	0	Non-immune
840	DNPEP	Aspartyl aminopeptidase	Enzymes, Plasma proteins, Predicted intracellular proteins, Predicted membrane proteins		Aminopeptidase, Hydrolase, Metalloprotease, Protease		Low immune cell specificity		Low lineage specificity		Low tissue specificity	1	0	0	0	0	0	0	0	0	0	0	0	0	0	0		0	0	0	0	Non-immune
841	DNPH1	2'-deoxynucleoside 5'-phosphate N-hydrolase 1	Predicted intracellular proteins	Nucleotide metabolism	Glycosidase, Hydrolase		Low immune cell specificity		Low lineage specificity		Low tissue specificity	1	0	0	0	0	0	0	0	0	0	0	0	0	0	0		0	0	0	0	Non-immune
842	DOC2B	Double C2-like domain-containing protein beta	Predicted intracellular proteins				Not detected in immune cells		Not detected		Tissue enhanced	1	0	0	0	0	0	0	0	0	0	0	0	0	0	0		0	0	0	0	Non-immune
843	DOCK9	Dedicator of cytokinesis protein 9	Plasma proteins, Predicted intracellular proteins		Guanine-nucleotide releasing factor		Group enriched	gdT-cell: 1.5;MAIT T-cell: 4.0;memory CD4 T-cell: 4.2;memory CD8 T-cell: 1.7;naive CD4 T-cell: 5.3;naive CD8 T-cell: 3.2;NK-cell: 6.1;T-reg: 1.9	Group enriched		Low tissue specificity	1	0	0	0	0	0	0	0	0	0	0	0	0	0	1	T-cell;NK-cell	0	0	2	1	Immune-cell-enriched
844	DOK1	Docking protein 1	Plasma proteins, Predicted intracellular proteins				Low immune cell specificity		Low lineage specificity		Low tissue specificity	1	0	0	0	0	0	0	0	0	0	0	0	0	0	0		0	0	0	0	Non-immune
845	DOK2	Docking protein 2	Predicted intracellular proteins	Host-virus interaction			Immune cell enhanced	eosinophil: 1568.8	Low lineage specificity		Tissue enhanced	1	0	0	0	0	0	0	0	0	0	0	0	0	0	1	Granulocyte	0	0	2	1	Immune-cell-enriched
846	DPEP1	Dipeptidase 1	Enzymes, FDA approved drug targets, Metabolic proteins, Predicted intracellular proteins	Lipid metabolism	Dipeptidase, Hydrolase, Metalloprotease, Protease	FDA approved drug targets	Not detected in immune cells		Not detected	Intracellular and membrane	Group enriched	1	0	0	0	0	0	0	0	0	0	0	0	0	0	0		0	0	0	0	Non-immune
847	DPEP2	Dipeptidase 2	Enzymes, Metabolic proteins, Plasma proteins, Predicted intracellular proteins, Predicted membrane proteins	Lipid metabolism	Dipeptidase, Hydrolase, Metalloprotease, Protease		Group enriched	basophil: 411.4;eosinophil: 844.3;neutrophil: 361.3	Lineage enriched		Tissue enhanced	1	0	0	0	0	0	0	0	0	0	0	0	0	0	1	Granulocyte	0	0	2	1	Immune-cell-enriched
848	DPP10	Inactive dipeptidyl peptidase 10	Disease related genes, Enzymes, Potential drug targets, Predicted intracellular proteins, Predicted membrane proteins, Transporters			Asthma	Not detected in immune cells		Not detected		Group enriched	1	0	0	0	0	0	0	0	0	0	0	0	0	0	0		0	0	0	0	Non-immune
849	DPP4	Dipeptidyl peptidase 4	CD markers, Enzymes, FDA approved drug targets, Plasma proteins, Predicted intracellular proteins, Predicted secreted proteins, Transporters	Cell adhesion, Host-virus interaction	Aminopeptidase, Hydrolase, Protease, Receptor, Serine protease	FDA approved drug targets	Immune cell enhanced	MAIT T-cell: 52.4	Lineage enriched	Secreted to blood	Tissue enhanced	1	0	0	0	0	0	0	0	0	0	0	0	0	0	1	T-cell	1	0	2	1	Immune-cell-enriched
850	DPP6	Dipeptidyl aminopeptidase-like protein 6	Disease related genes, Enzymes, Human disease related genes, Potential drug targets, Predicted intracellular proteins, Predicted membrane proteins, Transporters			Disease variant, Intellectual disability, Neurodegeneration	Not detected in immune cells		Not detected		Tissue enhanced	1	0	0	0	0	0	0	0	0	0	0	0	0	0	0		0	0	0	0	Non-immune
851	DPP7	Dipeptidyl peptidase 2	Enzymes, Plasma proteins, Predicted secreted proteins		Aminopeptidase, Hydrolase, Protease, Serine protease		Low immune cell specificity		Low lineage specificity	Secreted - unknown location	Low tissue specificity	1	0	0	0	0	0	0	0	0	0	0	0	0	0	0		1	0	0	0	Non-immune
852	DPT	Dermatopontin	Predicted secreted proteins	Cell adhesion			Not detected in immune cells		Not detected	Secreted to extracellular matrix	Tissue enhanced	1	0	0	0	0	0	0	0	0	0	0	0	0	0	0		1	0	0	0	Non-immune
853	DPY30	Protein dpy-30 homolog	Predicted intracellular proteins	Transcription, Transcription regulation	Chromatin regulator		Low immune cell specificity		Low lineage specificity		Low tissue specificity	1	0	0	0	0	0	0	0	0	0	0	0	0	0	0		0	0	0	0	Non-immune
854	DRAXIN	Draxin	Predicted secreted proteins	Wnt signaling pathway	Developmental protein		Immune cell enhanced	basophil: 2.4	Lineage enriched	Secreted in brain	Tissue enhanced	1	0	0	0	0	0	0	0	0	0	0	0	0	0	1	Granulocyte	1	0	2	1	Immune-cell-enriched
855	DRG2	Developmentally-regulated GTP-binding protein 2	Plasma proteins, Predicted intracellular proteins		Hydrolase		Low immune cell specificity		Low lineage specificity		Low tissue specificity	1	0	0	0	0	0	0	0	0	0	0	0	0	0	0		0	0	0	0	Non-immune
856	DSC2	Desmocollin-2	Disease related genes, Human disease related genes, Plasma proteins, Predicted membrane proteins	Cell adhesion		Cardiomyopathy, Disease variant	Group enriched	eosinophil: 29.9;neutrophil: 8.4	Lineage enriched		Tissue enhanced	1	0	0	0	0	0	0	0	0	0	0	0	0	0	1	Granulocyte	0	0	2	1	Immune-cell-enriched
857	DSCAM	Down syndrome cell adhesion molecule	Plasma proteins, Predicted membrane proteins	Cell adhesion, Neurogenesis			Not detected in immune cells		Not detected	Intracellular and membrane	Group enriched	1	0	0	0	0	0	0	0	0	0	0	0	0	0	0		0	0	0	0	Non-immune
858	DSG2	Desmoglein-2	Disease related genes, Human disease related genes, Plasma proteins, Predicted intracellular proteins, Predicted membrane proteins	Cell adhesion		Cardiomyopathy, Disease variant	Immune cell enriched	basophil: 8.7	Lineage enriched		Tissue enhanced	1	0	0	0	0	0	0	0	0	0	0	0	0	0	1	Granulocyte	0	0	2	1	Immune-cell-enriched
859	DSG3	Desmoglein-3	Disease related genes, Plasma proteins, Predicted membrane proteins	Cell adhesion			Immune cell enriched	basophil: 8.1	Lineage enriched		Tissue enhanced	1	0	0	0	0	0	0	0	0	0	0	0	0	0	1	Granulocyte	0	0	2	1	Immune-cell-enriched
860	DSG4	Desmoglein-4	Disease related genes, Human disease related genes, Predicted membrane proteins	Cell adhesion		Disease variant, Hypotrichosis	Not detected in immune cells		Not detected		Tissue enriched	1	0	0	0	0	0	0	0	0	0	0	0	0	0	0		0	0	0	0	Non-immune
861	DTD1	D-aminoacyl-tRNA deacylase 1	Enzymes, Predicted intracellular proteins	DNA replication	DNA-binding, Hydrolase, RNA-binding, tRNA-binding		Low immune cell specificity		Low lineage specificity		Low tissue specificity	1	0	0	0	0	0	0	0	0	0	0	0	0	0	0		0	0	0	0	Non-immune
862	DTNB	Dystrobrevin beta	Plasma proteins, Predicted intracellular proteins				Low immune cell specificity		Low lineage specificity		Tissue enhanced	1	0	0	0	0	0	0	0	0	0	0	0	0	0	0		0	0	0	0	Non-immune
863	DTX2	Probable E3 ubiquitin-protein ligase DTX2	Enzymes, Predicted intracellular proteins	Notch signaling pathway, Ubl conjugation pathway	Transferase		Low immune cell specificity		Low lineage specificity		Tissue enhanced	1	0	0	0	0	0	0	0	0	0	0	0	0	0	0		0	0	0	0	Non-immune
864	DTX3	Probable E3 ubiquitin-protein ligase DTX3	Enzymes, Predicted intracellular proteins	Notch signaling pathway, Ubl conjugation pathway	Transferase		Low immune cell specificity		Group enriched		Low tissue specificity	1	0	0	0	0	0	0	0	0	0	0	0	0	0	0		0	0	0	0	Non-immune
865	DTYMK	Thymidylate kinase	Disease related genes, Enzymes, Essential proteins, Metabolic proteins, Potential drug targets, Predicted intracellular proteins	Nucleotide biosynthesis	Kinase, Transferase	Disease variant, Intellectual disability, Neurodegeneration	Low immune cell specificity		Low lineage specificity		Low tissue specificity	1	0	0	0	0	0	0	0	0	0	0	0	0	0	0		0	0	0	0	Non-immune
866	DUOX2	Dual oxidase 2	Disease related genes, Enzymes, Human disease related genes, Metabolic proteins, Potential drug targets, Predicted membrane proteins, Transporters	Hydrogen peroxide, Thyroid hormones biosynthesis	Oxidoreductase, Peroxidase	Congenital hypothyroidism, Disease variant	Not detected in immune cells		Not detected		Tissue enhanced	1	0	0	0	0	0	0	0	0	0	0	0	0	0	0		0	0	0	0	Non-immune
867	DUSP13	Dual specificity protein phosphatase 13 isoform A	Enzymes, Predicted intracellular proteins, Predicted membrane proteins		Hydrolase, Protein phosphatase		Immune cell enriched	neutrophil: 1.4	Lineage enriched		Tissue enhanced	0	0	0	0	0	0	0	0	0	0	0	0	0	0	1	Granulocyte	0	0	2	1	Immune-cell-enriched
868	DUSP29	Dual specificity phosphatase 29	Enzymes, Predicted intracellular proteins		Hydrolase, Protein phosphatase		Not detected in immune cells		Not detected		Tissue enriched	1	0	0	0	0	0	0	0	0	0	0	0	0	0	0		0	0	0	0	Non-immune
869	DUSP3	Dual specificity protein phosphatase 3	Enzymes, Plasma proteins, Predicted intracellular proteins		Hydrolase, Protein phosphatase		Low immune cell specificity		Group enriched		Tissue enhanced	1	0	0	0	0	0	0	0	0	0	0	0	0	0	0		0	0	0	0	Non-immune
870	DUT	Deoxyuridine 5'-triphosphate nucleotidohydrolase, mitochondrial	Enzymes, Essential proteins, Metabolic proteins, Predicted intracellular proteins	Nucleotide metabolism	Hydrolase	Diabetes mellitus, Disease variant	Low immune cell specificity		Low lineage specificity		Low tissue specificity	1	0	0	0	0	0	0	0	0	0	0	0	0	0	0		0	0	0	0	Non-immune
871	DXO	Decapping and exoribonuclease protein	Predicted intracellular proteins		Exonuclease, Hydrolase, Nuclease, RNA-binding		Low immune cell specificity		Low lineage specificity		Low tissue specificity	1	0	0	0	0	0	0	0	0	0	0	0	0	0	0		0	0	0	0	Non-immune
872	DYNC1H1	Cytoplasmic dynein 1 heavy chain 1	Disease related genes, Essential proteins, Human disease related genes, Plasma proteins, Predicted intracellular proteins	Cell cycle, Cell division, Mitosis, Transport	Motor protein	Charcot-Marie-Tooth disease, Disease variant, Intellectual disability, Neurodegeneration, Neuropathy	Low immune cell specificity		Low lineage specificity		Tissue enhanced	1	0	0	0	0	0	0	0	0	0	0	0	0	0	0		0	0	0	0	Non-immune
873	DYNLT1	Dynein light chain Tctex-type 1	Predicted intracellular proteins	Cell cycle, Cell division, Cytoplasmic inwards viral transport, Host-virus interaction, Microtubular inwards viral transport, Mitosis, Neurogenesis, Transport, Virus entry into host cell	Motor protein		Low immune cell specificity		Low lineage specificity		Low tissue specificity	1	0	0	0	0	0	0	0	0	0	0	0	0	0	0		0	1	1	0	Other immune-annotated
874	DYNLT3	Dynein light chain Tctex-type 3	Predicted intracellular proteins	Cell cycle, Cell division, Mitosis, Transport	Motor protein		Low immune cell specificity		Low lineage specificity		Low tissue specificity	1	0	0	0	0	0	0	0	0	0	0	0	0	0	0		0	0	0	0	Non-immune
875	EBAG9	Receptor-binding cancer antigen expressed on SiSo cells	Cancer-related genes, Predicted intracellular proteins	Apoptosis		Cancer-related genes	Low immune cell specificity		Low lineage specificity		Low tissue specificity	1	0	0	0	0	0	0	0	0	0	0	0	0	1	0		0	0	0	0	Soluble receptor
876	EBI3_IL27	Interleukin-27										0	1	0	0	0	0	0	0	0	0	0	0	0	0	0		0	0	2	1	Cytokine/Interleukin
877	ECE1	Endothelin-converting enzyme 1	Disease related genes, Enzymes, Human disease related genes, Plasma proteins, Potential drug targets, Predicted intracellular proteins, Predicted membrane proteins		Hydrolase, Metalloprotease, Protease	Disease variant, Hirschsprung disease	Immune cell enhanced	neutrophil: 29.8	Low lineage specificity		Low tissue specificity	1	0	0	0	0	0	0	0	0	0	0	0	0	0	1	Granulocyte	0	0	2	1	Immune-cell-enriched
878	ECHDC3	Enoyl-CoA hydratase domain-containing protein 3, mitochondrial	Predicted intracellular proteins	Fatty acid metabolism, Lipid metabolism			Immune cell enriched	eosinophil: 15.5	Lineage enriched		Tissue enhanced	1	0	0	0	0	0	0	0	0	0	0	0	0	0	1	Granulocyte	0	0	2	1	Immune-cell-enriched
879	ECHS1	Enoyl-CoA hydratase, mitochondrial	Disease related genes, Enzymes, FDA approved drug targets, Human disease related genes, Metabolic proteins, Plasma proteins, Predicted intracellular proteins	Fatty acid metabolism, Lipid metabolism	Isomerase, Lyase	Disease variant, FDA approved drug targets, Neurodegeneration	Low immune cell specificity		Low lineage specificity		Tissue enhanced	1	0	0	0	0	0	0	0	0	0	0	0	0	0	0		0	0	0	0	Non-immune
880	ECI2	Enoyl-CoA delta isomerase 2	Enzymes, Metabolic proteins, Predicted intracellular proteins		Isomerase		Low immune cell specificity		Low lineage specificity		Tissue enhanced	1	0	0	0	0	0	0	0	0	0	0	0	0	0	0		0	0	0	0	Non-immune
881	ECM1	Extracellular matrix protein 1	Disease related genes, Human disease related genes, Plasma proteins, Predicted secreted proteins	Angiogenesis, Biomineralization, Mineral balance, Osteogenesis		Disease variant	Not detected in immune cells		Not detected	Secreted to extracellular matrix	Tissue enhanced	1	0	0	0	0	0	0	0	0	0	0	0	0	0	0		1	0	0	0	Non-immune
882	ECSCR	Endothelial cell-specific chemotaxis regulator	Predicted membrane proteins	Angiogenesis, Apoptosis, Chemotaxis, Differentiation	Developmental protein		Not detected in immune cells		Not detected		Low tissue specificity	1	0	0	0	0	0	0	0	0	0	0	0	0	0	0		0	0	0	0	Non-immune
883	EDA2R	Tumor necrosis factor receptor superfamily member 27	Predicted membrane proteins	Differentiation	Developmental protein, Receptor		Not detected in immune cells		Not detected		Low tissue specificity	1	0	0	0	0	0	0	0	0	0	0	0	0	1	0		0	0	0	0	Soluble receptor
884	EDAR	Tumor necrosis factor receptor superfamily member EDAR	Disease related genes, Human disease related genes, Plasma proteins, Predicted membrane proteins	Apoptosis, Differentiation	Developmental protein, Receptor	Disease variant, Ectodermal dysplasia	Group enriched	naive CD4 T-cell: 7.5;naive CD8 T-cell: 3.8	Lineage enriched		Tissue enhanced	1	0	0	0	0	0	0	0	0	0	0	0	0	1	1	T-cell	0	0	2	1	Immune-cell-enriched
885	EDDM3B	Epididymal secretory protein E3-beta	Predicted secreted proteins				Not detected in immune cells		Not detected	Secreted in male reproductive system	Tissue enriched	1	0	0	0	0	0	0	0	0	0	0	0	0	0	0		1	0	0	0	Non-immune
886	EDEM2	ER degradation-enhancing alpha-mannosidase-like protein 2	Predicted intracellular proteins	Unfolded protein response			Low immune cell specificity		Low lineage specificity	Intracellular and membrane	Low tissue specificity	1	0	0	0	0	0	0	0	0	0	0	0	0	0	0		0	0	0	0	Non-immune
887	EDF1	Endothelial differentiation-related factor 1	Predicted intracellular proteins	Differentiation, Transcription, Transcription regulation	Activator, Calmodulin-binding, Developmental protein, DNA-binding		Low immune cell specificity		Low lineage specificity		Low tissue specificity	1	0	0	0	0	0	0	0	0	0	0	0	0	0	0		0	0	0	0	Non-immune
888	EDIL3	EGF-like repeat and discoidin I-like domain-containing protein 3	Predicted secreted proteins	Cell adhesion	Developmental protein		Not detected in immune cells		Not detected	Secreted to blood	Tissue enhanced	1	0	0	0	0	0	0	0	0	0	0	0	0	0	0		1	0	0	0	Non-immune
889	EDN1	Endothelin-1	Cancer-related genes, Candidate cardiovascular disease genes, Disease related genes, Human disease related genes, Plasma proteins, Predicted secreted proteins		Vasoactive, Vasoconstrictor	Cancer-related genes, Disease variant	Immune cell enriched	non-classical monocyte: 4.9	Lineage enriched	Secreted to blood	Tissue enhanced	1	0	0	0	0	0	0	0	0	0	0	0	0	0	1	Myeloid/Monocyte	1	0	2	1	Immune-cell-enriched
890	EDNRB	Endothelin receptor type B	Disease related genes, FDA approved drug targets, G-protein coupled receptors, Human disease related genes, Predicted membrane proteins		G-protein coupled receptor, Receptor, Transducer	Albinism, Deafness, Disease variant, FDA approved drug targets, Hirschsprung disease, Waardenburg syndrome	Not detected in immune cells		Not detected		Tissue enhanced	1	0	0	0	0	0	0	0	0	0	0	0	0	1	0		0	0	0	0	Soluble receptor
891	EEF1D	Elongation factor 1-delta	Plasma proteins, Predicted intracellular proteins	Protein biosynthesis, Transcription, Transcription regulation	DNA-binding, Elongation factor		Low immune cell specificity		Low lineage specificity		Low tissue specificity	1	0	0	0	0	0	0	0	0	0	0	0	0	0	0		0	0	0	0	Non-immune
892	EFCAB14	EF-hand calcium-binding domain-containing protein 14	Predicted membrane proteins				Low immune cell specificity		Low lineage specificity		Tissue enhanced	1	0	0	0	0	0	0	0	0	0	0	0	0	0	0		0	0	0	0	Non-immune
893	EFCAB2	Dynein regulatory complex protein 8	Predicted intracellular proteins				Immune cell enhanced	plasmacytoid DC: 5.4	Low lineage specificity		Low tissue specificity	1	0	0	0	0	0	0	0	0	0	0	0	0	0	1	Myeloid/Monocyte;Dendritic	0	0	2	1	Immune-cell-enriched
894	EFEMP1	EGF-containing fibulin-like extracellular matrix protein 1	Disease related genes, Human disease related genes, Plasma proteins, Predicted intracellular proteins, Predicted secreted proteins		Growth factor	Disease variant, Glaucoma	Not detected in immune cells		Not detected	Secreted to extracellular matrix	Tissue enhanced	1	0	0	0	0	0	0	0	0	0	0	0	0	0	0		1	0	0	0	Non-immune
895	EFHD1	EF-hand domain-containing protein D1	Predicted intracellular proteins				Immune cell enhanced	neutrophil: 2.2	Low lineage specificity		Tissue enhanced	1	0	0	0	0	0	0	0	0	0	0	0	0	0	1	Granulocyte	0	0	2	1	Immune-cell-enriched
896	EFNA1	Ephrin-A1	Cancer-related genes, Predicted secreted proteins, RAS pathway related proteins	Angiogenesis		Cancer-related genes, Tumor suppressor	Group enriched	naive CD4 T-cell: 11.5;naive CD8 T-cell: 5.9	Lineage enriched	Secreted to blood	Tissue enhanced	1	0	0	0	0	0	0	0	0	0	0	0	0	0	1	T-cell	1	0	2	1	Immune-cell-enriched
897	EFNA4	Ephrin-A4	Predicted membrane proteins, Predicted secreted proteins, RAS pathway related proteins				Low immune cell specificity		Low lineage specificity	Secreted to blood	Tissue enhanced	1	0	0	0	0	0	0	0	0	0	0	0	0	0	0		1	0	0	0	Non-immune
898	EFNB2	Ephrin-B2	Cancer-related genes, Plasma proteins, Predicted membrane proteins	Angiogenesis, Differentiation, Host-virus interaction, Neurogenesis	Developmental protein, Host cell receptor for virus entry, Receptor	Cancer-related genes	Not detected in immune cells		Not detected		Low tissue specificity	1	0	0	0	0	0	0	0	0	0	0	0	0	0	0		0	0	0	0	Non-immune
899	EGF	Pro-epidermal growth factor	Cancer-related genes, Disease related genes, FDA approved drug targets, Human disease related genes, Plasma proteins, Predicted membrane proteins, RAS pathway related proteins		Growth factor	Cancer-related genes, Disease variant, FDA approved drug targets, Primary hypomagnesemia	Not detected in immune cells		Not detected		Group enriched	1	0	0	0	0	0	0	0	0	0	0	0	0	0	0		0	0	0	0	Non-immune
900	EGFL7	Epidermal growth factor-like protein 7	Predicted secreted proteins	Angiogenesis, Cell adhesion, Differentiation	Developmental protein		Group enriched	classical monocyte: 2.1;eosinophil: 3.5;intermediate monocyte: 6.2;non-classical monocyte: 5.6;plasmacytoid DC: 5.9	Group enriched	Secreted to extracellular matrix	Low tissue specificity	1	0	0	0	0	0	0	0	0	0	0	0	0	0	1	Myeloid/Monocyte;Granulocyte;Dendritic	1	0	2	1	Immune-cell-enriched
901	EGFLAM	Pikachurin	Predicted intracellular proteins, Predicted secreted proteins				Not detected in immune cells		Not detected	Secreted - unknown location	Tissue enhanced	1	0	0	0	0	0	0	0	0	0	0	0	0	0	0		1	0	0	0	Non-immune
902	EGFR	Epidermal growth factor receptor	Cancer-related genes, Disease related genes, Enzymes, FDA approved drug targets, Human disease related genes, Metabolic proteins, Plasma proteins, Predicted membrane proteins, Predicted secreted proteins, RAS pathway related proteins, Transporters	Host-virus interaction	Developmental protein, Host cell receptor for virus entry, Kinase, Receptor, Transferase, Tyrosine-protein kinase	Cancer-related genes, Disease variant, FDA approved drug targets, Proto-oncogene	Not detected in immune cells		Not detected	Secreted to blood	Tissue enhanced	1	0	0	0	0	0	0	0	0	0	0	0	0	1	0		1	0	0	0	Soluble receptor
903	EGLN1	Egl nine homolog 1	Disease related genes, Enzymes, FDA approved drug targets, Human disease related genes, Plasma proteins, Predicted intracellular proteins		Dioxygenase, Oxidoreductase	Congenital erythrocytosis, Disease variant, FDA approved drug targets	Immune cell enriched	neutrophil: 29.2	Lineage enriched		Group enriched	1	0	0	0	0	0	0	0	0	0	0	0	0	0	1	Granulocyte	0	0	2	1	Immune-cell-enriched
904	EHBP1	EH domain-binding protein 1	Disease related genes, Human disease related genes, Plasma proteins, Predicted intracellular proteins	Endocytosis, Protein transport, Transport			Low immune cell specificity		Low lineage specificity		Low tissue specificity	1	0	0	0	0	0	0	0	0	0	0	0	0	0	0		0	0	0	0	Non-immune
905	EHD3	EH domain-containing protein 3	Plasma proteins, Predicted intracellular proteins	Cilium biogenesis/degradation, Protein transport, Transport			Group enriched	memory B-cell: 20.9;naive B-cell: 5.6	Lineage enriched		Tissue enhanced	1	0	0	0	0	0	0	0	0	0	0	0	0	0	1	B-cell	0	0	2	1	Immune-cell-enriched
906	EIF1AX	Eukaryotic translation initiation factor 1A, X-chromosomal	Essential proteins, Predicted intracellular proteins	Host-virus interaction, Protein biosynthesis	Initiation factor, RNA-binding, tRNA-binding		Low immune cell specificity		Low lineage specificity		Low tissue specificity	1	0	0	0	0	0	0	0	0	0	0	0	0	0	0		0	0	0	0	Non-immune
907	EIF2AK2	Interferon-induced, double-stranded RNA-activated protein kinase	Disease related genes, Enzymes, Human disease related genes, Potential drug targets, Predicted intracellular proteins	Antiviral defense, Host-virus interaction, Immunity, Innate immunity, Transcription, Transcription regulation	Kinase, RNA-binding, Serine/threonine-protein kinase, Transferase, Tyrosine-protein kinase	Disease variant, Dystonia	Low immune cell specificity		Low lineage specificity		Low tissue specificity	1	0	0	0	0	0	0	0	0	0	0	0	0	0	0		0	1	1	0	Other immune-annotated
908	EIF2AK3	Eukaryotic translation initiation factor 2-alpha kinase 3	Disease related genes, Enzymes, Human disease related genes, Potential drug targets, Predicted intracellular proteins, Predicted membrane proteins	Stress response, Translation regulation, Unfolded protein response	Kinase, Serine/threonine-protein kinase, Transferase, Tyrosine-protein kinase	Diabetes mellitus, Disease variant	Low immune cell specificity		Low lineage specificity		Tissue enhanced	1	0	0	0	0	0	0	0	0	0	0	0	0	0	0		0	0	0	0	Non-immune
909	EIF2S2	Eukaryotic translation initiation factor 2 subunit 2	Cancer-related genes, Essential proteins, Plasma proteins, Predicted intracellular proteins	Host-virus interaction, Protein biosynthesis	Initiation factor	Cancer-related genes	Low immune cell specificity		Low lineage specificity		Low tissue specificity	1	0	0	0	0	0	0	0	0	0	0	0	0	0	0		0	0	0	0	Non-immune
910	EIF4B	Eukaryotic translation initiation factor 4B	Essential proteins, Predicted intracellular proteins	Protein biosynthesis	Initiation factor, RNA-binding		Low immune cell specificity		Low lineage specificity		Low tissue specificity	1	0	0	0	0	0	0	0	0	0	0	0	0	0	0		0	0	0	0	Non-immune
911	EIF4E	Eukaryotic translation initiation factor 4E	Cancer-related genes, Disease related genes, Essential proteins, Human disease related genes, Plasma proteins, Predicted intracellular proteins	Host-virus interaction, mRNA transport, Protein biosynthesis, Translation regulation, Transport	Initiation factor, RNA-binding	Autism, Autism spectrum disorder, Cancer-related genes	Low immune cell specificity		Low lineage specificity		Low tissue specificity	1	0	0	0	0	0	0	0	0	0	0	0	0	0	0		0	0	0	0	Non-immune
912	EIF4EBP1	Eukaryotic translation initiation factor 4E-binding protein 1	Cancer-related genes, Predicted intracellular proteins	Translation regulation	Protein synthesis inhibitor	Cancer-related genes	Low immune cell specificity		Low lineage specificity		Tissue enhanced	1	0	0	0	0	0	0	0	0	0	0	0	0	0	0		0	0	0	0	Non-immune
913	EIF4G1	Eukaryotic translation initiation factor 4 gamma 1	Cancer-related genes, Disease related genes, Essential proteins, Human disease related genes, Plasma proteins, Predicted intracellular proteins	Host-virus interaction, Protein biosynthesis, Translation regulation	Initiation factor, RNA-binding, Translational shunt	Cancer-related genes, Disease variant, Neurodegeneration, Parkinson disease, Parkinsonism	Low immune cell specificity		Low lineage specificity		Low tissue specificity	1	0	0	0	0	0	0	0	0	0	0	0	0	0	0		0	0	0	0	Non-immune
914	EIF4G3	Eukaryotic translation initiation factor 4 gamma 3	Plasma proteins, Predicted intracellular proteins	Protein biosynthesis, Translation regulation	Initiation factor, RNA-binding		Low immune cell specificity		Low lineage specificity		Low tissue specificity	1	0	0	0	0	0	0	0	0	0	0	0	0	0	0		0	0	0	0	Non-immune
915	EIF5	Eukaryotic translation initiation factor 5	Essential proteins, Predicted intracellular proteins	Protein biosynthesis	GTPase activation, Initiation factor		Low immune cell specificity		Low lineage specificity		Low tissue specificity	1	0	0	0	0	0	0	0	0	0	0	0	0	0	0		0	0	0	0	Non-immune
916	EIF5A	Eukaryotic translation initiation factor 5A-1	Cancer-related genes, Disease related genes, Essential proteins, Plasma proteins, Potential drug targets, Predicted intracellular proteins, Transporters	Protein biosynthesis	Elongation factor, RNA-binding	Cancer-related genes, Disease variant	Low immune cell specificity		Low lineage specificity		Low tissue specificity	1	0	0	0	0	0	0	0	0	0	0	0	0	0	0		0	0	0	0	Non-immune
917	ELAC1	Zinc phosphodiesterase ELAC protein 1	Enzymes, Predicted intracellular proteins	tRNA processing	Endonuclease, Hydrolase, Nuclease		Low immune cell specificity		Low lineage specificity		Low tissue specificity	1	0	0	0	0	0	0	0	0	0	0	0	0	0	0		0	0	0	0	Non-immune
918	ELAVL4	ELAV-like protein 4	Predicted intracellular proteins	mRNA processing, mRNA splicing	RNA-binding		Immune cell enhanced	non-classical monocyte: 1.2	Lineage enriched		Tissue enhanced	1	0	0	0	0	0	0	0	0	0	0	0	0	0	1	Myeloid/Monocyte	0	0	2	1	Immune-cell-enriched
919	ELN	Elastin	Disease related genes, Human disease related genes, Plasma proteins, Predicted intracellular proteins, Predicted secreted proteins			Williams-Beuren syndrome	Not detected in immune cells		Not detected	Secreted to extracellular matrix	Tissue enriched	1	0	0	0	0	0	0	0	0	0	0	0	0	0	0		1	0	0	0	Non-immune
920	ELOA	Elongin-A	Plasma proteins, Predicted intracellular proteins	Transcription, Transcription regulation			Low immune cell specificity		Low lineage specificity		Low tissue specificity	1	0	0	0	0	0	0	0	0	0	0	0	0	0	0		0	0	0	0	Non-immune
921	ELOB	Elongin-B	Essential proteins, Predicted intracellular proteins	Host-virus interaction, Transcription, Transcription regulation, Ubl conjugation pathway			Low immune cell specificity		Low lineage specificity		Low tissue specificity	1	0	0	0	0	0	0	0	0	0	0	0	0	0	0		0	0	0	0	Non-immune
922	ENAH	Protein enabled homolog	Predicted intracellular proteins		Actin-binding		Not detected in immune cells		Not detected		Low tissue specificity	1	0	0	0	0	0	0	0	0	0	0	0	0	0	0		0	0	0	0	Non-immune
923	ENDOU	Poly(U)-specific endoribonuclease	Predicted secreted proteins		Endonuclease, Hydrolase, Lyase, Nuclease, RNA-binding		Not detected in immune cells		Not detected	Secreted in other tissues	Tissue enhanced	1	0	0	0	0	0	0	0	0	0	0	0	0	0	0		1	0	0	0	Non-immune
924	ENG	Endoglin	Cancer-related genes, Candidate cardiovascular disease genes, CD markers, Disease related genes, Human disease related genes, Plasma proteins, Predicted membrane proteins	Angiogenesis, Cell adhesion		Cancer-related genes, Disease variant	Group enriched	classical monocyte: 19.9;intermediate monocyte: 28.2;myeloid DC: 10.3;NK-cell: 7.6;non-classical monocyte: 22.2	Group enriched		Tissue enhanced	1	0	0	0	0	0	0	0	0	0	0	0	0	0	1	Myeloid/Monocyte;NK-cell;Dendritic	0	0	2	1	Immune-cell-enriched
925	ENO1	Alpha-enolase	Cancer-related genes, Enzymes, Metabolic proteins, Plasma proteins, Predicted intracellular proteins	Glycolysis, Plasminogen activation, Transcription, Transcription regulation	DNA-binding, Lyase, Repressor	Cancer-related genes	Low immune cell specificity		Low lineage specificity		Low tissue specificity	1	0	0	0	0	0	0	0	0	0	0	0	0	0	0		0	0	0	0	Non-immune
926	ENO2	Gamma-enolase	Cancer-related genes, Candidate cardiovascular disease genes, Enzymes, Metabolic proteins, Plasma proteins, Predicted intracellular proteins	Glycolysis	Lyase	Cancer-related genes	Group enriched	gdT-cell: 9.9;MAIT T-cell: 11.4;memory B-cell: 6.8;memory CD4 T-cell: 13.1;memory CD8 T-cell: 11.4;naive B-cell: 4.5;naive CD4 T-cell: 8.2;naive CD8 T-cell: 8.6;neutrophil: 7.0;T-reg: 7.5	Group enriched		Group enriched	1	0	0	0	0	0	0	0	0	0	0	0	0	0	1	Granulocyte;T-cell;B-cell	0	0	2	1	Immune-cell-enriched
927	ENO3	Beta-enolase	Candidate cardiovascular disease genes, Disease related genes, Enzymes, Human disease related genes, Metabolic proteins, Plasma proteins, Potential drug targets, Predicted intracellular proteins	Glycolysis	Lyase	Disease variant, Glycogen storage disease	Low immune cell specificity		Low lineage specificity		Group enriched	1	0	0	0	0	0	0	0	0	0	0	0	0	0	0		0	0	0	0	Non-immune
928	ENOPH1	Enolase-phosphatase E1	Enzymes, Metabolic proteins, Predicted intracellular proteins	Amino-acid biosynthesis, Methionine biosynthesis	Hydrolase		Low immune cell specificity		Low lineage specificity		Tissue enhanced	1	0	0	0	0	0	0	0	0	0	0	0	0	0	0		0	0	0	0	Non-immune
929	ENOX2	Ecto-NOX disulfide-thiol exchanger 2	Predicted intracellular proteins	Biological rhythms, Electron transport, Growth regulation, Transport	Oxidoreductase		Low immune cell specificity		Low lineage specificity	Intracellular and membrane	Low tissue specificity	1	0	0	0	0	0	0	0	0	0	0	0	0	0	0		0	0	0	0	Non-immune
930	ENPEP	Glutamyl aminopeptidase	CD markers, Enzymes, Plasma proteins, Predicted membrane proteins		Aminopeptidase, Hydrolase, Metalloprotease, Protease		Not detected in immune cells		Not detected		Tissue enhanced	1	0	0	0	0	0	0	0	0	0	0	0	0	0	0		0	0	0	0	Non-immune
931	ENPP2	Ectonucleotide pyrophosphatase/phosphodiesterase family member 2	Cancer-related genes, Enzymes, Metabolic proteins, Plasma proteins, Predicted intracellular proteins, Predicted secreted proteins	Chemotaxis, Lipid degradation, Lipid metabolism	Hydrolase	Cancer-related genes, Obesity	Immune cell enriched	basophil: 54.0	Lineage enriched	Secreted to blood	Tissue enriched	1	0	0	0	0	0	0	0	0	0	0	0	0	0	1	Granulocyte	1	0	2	1	Immune-cell-enriched
932	ENPP5	Ectonucleotide pyrophosphatase/phosphodiesterase family member 5	Predicted membrane proteins		Hydrolase		Immune cell enhanced	gdT-cell: 14.9	Lineage enriched	Intracellular and membrane	Tissue enriched	1	0	0	0	0	0	0	0	0	0	0	0	0	0	1	T-cell	0	0	2	1	Immune-cell-enriched
933	ENPP6	Glycerophosphocholine cholinephosphodiesterase ENPP6	Enzymes, Metabolic proteins, Predicted intracellular proteins	Lipid degradation, Lipid metabolism	Hydrolase		Not detected in immune cells		Not detected	Intracellular and membrane	Group enriched	1	0	0	0	0	0	0	0	0	0	0	0	0	0	0		0	0	0	0	Non-immune
934	ENPP7	Ectonucleotide pyrophosphatase/phosphodiesterase family member 7	Enzymes, Metabolic proteins, Predicted intracellular proteins	Lipid metabolism	Hydrolase		Not detected in immune cells		Not detected	Intracellular and membrane	Tissue enriched	1	0	0	0	0	0	0	0	0	0	0	0	0	0	0		0	0	0	0	Non-immune
935	ENSA	Alpha-endosulfine	Plasma proteins, Predicted intracellular proteins	Cell cycle, Cell division, Mitosis	Protein phosphatase inhibitor		Low immune cell specificity		Low lineage specificity		Low tissue specificity	1	0	0	0	0	0	0	0	0	0	0	0	0	0	0		0	0	0	0	Non-immune
936	ENTPD2	Ectonucleoside triphosphate diphosphohydrolase 2	Metabolic proteins, Predicted membrane proteins		Hydrolase		Not detected in immune cells		Not detected		Low tissue specificity	1	0	0	0	0	0	0	0	0	0	0	0	0	0	0		0	0	0	0	Non-immune
937	ENTPD5	Ectonucleoside triphosphate diphosphohydrolase 5	Enzymes, Metabolic proteins, Plasma proteins, Predicted intracellular proteins, Predicted secreted proteins		Hydrolase	Proto-oncogene	Group enriched	basophil: 18.4;eosinophil: 9.4	Lineage enriched	Secreted to blood	Tissue enhanced	1	0	0	0	0	0	0	0	0	0	0	0	0	0	1	Granulocyte	1	0	2	1	Immune-cell-enriched
938	ENTPD6	Ectonucleoside triphosphate diphosphohydrolase 6	Enzymes, Metabolic proteins, Predicted intracellular proteins, Predicted membrane proteins, Predicted secreted proteins		Hydrolase		Low immune cell specificity		Low lineage specificity	Secreted to blood	Low tissue specificity	1	0	0	0	0	0	0	0	0	0	0	0	0	0	0		1	0	0	0	Non-immune
939	ENTR1	Endosome-associated-trafficking regulator 1	Predicted intracellular proteins	Cell cycle, Cell division, Cilium biogenesis/degradation, Protein transport, Transport			Low immune cell specificity		Low lineage specificity		Low tissue specificity	1	0	0	0	0	0	0	0	0	0	0	0	0	0	0		0	0	0	0	Non-immune
940	EP300	Histone acetyltransferase p300	Cancer-related genes, Disease related genes, Enzymes, Human disease related genes, Metabolic proteins, Potential drug targets, Predicted intracellular proteins	Biological rhythms, Cell cycle, Host-virus interaction, Transcription, Transcription regulation	Acyltransferase, Transferase	Cancer-related genes, Disease variant, Intellectual disability	Low immune cell specificity		Low lineage specificity		Low tissue specificity	1	0	0	0	0	0	0	0	0	0	0	0	0	0	0		0	0	0	0	Non-immune
941	EPB41L5	Band 4.1-like protein 5	Predicted intracellular proteins				Low immune cell specificity		Low lineage specificity		Low tissue specificity	1	0	0	0	0	0	0	0	0	0	0	0	0	0	0		0	0	0	0	Non-immune
942	EPCAM	Epithelial cell adhesion molecule	Cancer-related genes, CD markers, Disease related genes, FDA approved drug targets, Human disease related genes, Plasma proteins, Predicted intracellular proteins, Predicted membrane proteins		Tumor antigen	Cancer-related genes, Disease variant, FDA approved drug targets, Hereditary nonpolyposis colorectal cancer	Not detected in immune cells		Not detected		Tissue enhanced	1	0	0	0	0	0	0	0	0	0	0	0	0	0	0		0	0	0	0	Non-immune
943	EPGN	Epigen	Predicted intracellular proteins, Predicted membrane proteins, Predicted secreted proteins		Growth factor		Not detected in immune cells		Not detected	Secreted in other tissues	Tissue enriched	1	0	0	0	0	0	0	0	0	0	0	0	0	0	0		1	0	0	0	Non-immune
944	EPHA1	Ephrin type-A receptor 1	Cancer-related genes, Enzymes, Plasma proteins, Predicted membrane proteins	Angiogenesis, Cell adhesion	Kinase, Receptor, Transferase, Tyrosine-protein kinase	Cancer-related genes	Group enriched	memory CD4 T-cell: 1.9;naive CD4 T-cell: 3.8;naive CD8 T-cell: 2.9	Lineage enriched		Group enriched	1	0	0	0	0	0	0	0	0	0	0	0	0	1	1	T-cell	0	0	2	1	Immune-cell-enriched
945	EPHA10	Ephrin type-A receptor 10	Enzymes, Predicted intracellular proteins, Predicted membrane proteins		Kinase, Receptor, Transferase, Tyrosine-protein kinase	Deafness, Non-syndromic deafness	Not detected in immune cells		Not detected	Intracellular and membrane	Tissue enhanced	1	0	0	0	0	0	0	0	0	0	0	0	0	1	0		0	0	0	0	Soluble receptor
946	EPHA2	Ephrin type-A receptor 2	Cancer-related genes, Disease related genes, Enzymes, FDA approved drug targets, Human disease related genes, Predicted membrane proteins, RAS pathway related proteins	Angiogenesis, Apoptosis, Cell adhesion, Differentiation, Host-virus interaction	Host cell receptor for virus entry, Kinase, Receptor, Transferase, Tyrosine-protein kinase	Cancer-related genes, Cataract, Disease variant, FDA approved drug targets	Immune cell enriched	plasmacytoid DC: 9.4	Lineage enriched		Tissue enhanced	1	0	0	0	0	0	0	0	0	0	0	0	0	1	1	Myeloid/Monocyte;Dendritic	0	0	2	1	Immune-cell-enriched
947	EPHA4	Ephrin type-A receptor 4	Cancer-related genes, Enzymes, Plasma proteins, Predicted intracellular proteins, Predicted membrane proteins	Cell adhesion, Neurogenesis	Developmental protein, Kinase, Receptor, Transferase, Tyrosine-protein kinase	Cancer-related genes	Group enriched	basophil: 1.6;gdT-cell: 1.7;MAIT T-cell: 1.7;memory B-cell: 1.3;memory CD4 T-cell: 2.5;memory CD8 T-cell: 1.7;naive B-cell: 1.2;naive CD4 T-cell: 1.0;NK-cell: 3.5;T-reg: 1.2	Low lineage specificity		Tissue enhanced	1	0	0	0	0	0	0	0	0	0	0	0	0	1	1	Granulocyte;T-cell;B-cell;NK-cell	0	0	2	1	Immune-cell-enriched
948	EPHB4	Ephrin type-B receptor 4	Cancer-related genes, Disease related genes, Enzymes, Human disease related genes, Plasma proteins, Potential drug targets, Predicted intracellular proteins, Predicted membrane proteins, Transporters	Angiogenesis	Developmental protein, Kinase, Receptor, Transferase, Tyrosine-protein kinase	Cancer-related genes, Disease variant	Immune cell enhanced	classical monocyte: 2.0;neutrophil: 4.3	Low lineage specificity		Low tissue specificity	1	0	0	0	0	0	0	0	0	0	0	0	0	1	1	Myeloid/Monocyte;Granulocyte	0	0	2	1	Immune-cell-enriched
949	EPHB6	Ephrin type-B receptor 6	Predicted intracellular proteins, Predicted membrane proteins				Low immune cell specificity		Low lineage specificity	Intracellular and membrane	Tissue enhanced	1	0	0	0	0	0	0	0	0	0	0	0	0	1	0		0	0	0	0	Soluble receptor
950	EPHX2	Bifunctional epoxide hydrolase 2	Enzymes, Human disease related genes, Metabolic proteins, Plasma proteins, Predicted intracellular proteins	Aromatic hydrocarbons catabolism, Detoxification, Lipid metabolism	Hydrolase, Multifunctional enzyme		Group enriched	memory CD4 T-cell: 35.1;naive CD4 T-cell: 107.0;naive CD8 T-cell: 50.6;T-reg: 29.7	Lineage enriched		Tissue enhanced	1	0	0	0	0	0	0	0	0	0	0	0	0	0	1	T-cell	0	0	2	1	Immune-cell-enriched
951	EPN1	Epsin-1	Plasma proteins, Predicted intracellular proteins	Endocytosis			Low immune cell specificity		Low lineage specificity		Low tissue specificity	1	0	0	0	0	0	0	0	0	0	0	0	0	0	0		0	0	0	0	Non-immune
952	EPO	Erythropoietin	Cancer-related genes, Candidate cardiovascular disease genes, Disease related genes, Human disease related genes, Predicted secreted proteins	Erythrocyte maturation	Hormone	Cancer-related genes, Congenital erythrocytosis, Disease variant	Not detected in immune cells		Not detected	Secreted to blood	Tissue enriched	1	0	0	0	0	0	0	0	0	0	0	0	0	0	0		1	0	0	0	Non-immune
953	EPPK1	Epiplakin	Plasma proteins, Predicted intracellular proteins				Not detected in immune cells		Not detected		Tissue enriched	1	0	0	0	0	0	0	0	0	0	0	0	0	0	0		0	0	0	0	Non-immune
954	EPS8L2	Epidermal growth factor receptor kinase substrate 8-like protein 2	Disease related genes, Human disease related genes, Predicted intracellular proteins			Deafness, Non-syndromic deafness	Immune cell enhanced	plasmacytoid DC: 1.4	Low lineage specificity		Tissue enhanced	1	0	0	0	0	0	0	0	0	0	0	0	0	1	1	Myeloid/Monocyte;Dendritic	0	0	2	1	Immune-cell-enriched
955	ERBB2	Receptor tyrosine-protein kinase erbB-2	Cancer-related genes, CD markers, Disease related genes, Enzymes, FDA approved drug targets, Human disease related genes, Plasma proteins, Predicted intracellular proteins, Predicted membrane proteins, Transporters	Transcription, Transcription regulation	Activator, Kinase, Receptor, Transferase, Tyrosine-protein kinase	Cancer-related genes, Disease variant, FDA approved drug targets	Immune cell enhanced	gdT-cell: 5.0	Group enriched		Low tissue specificity	1	0	0	0	0	0	0	0	0	0	0	0	0	1	1	T-cell	0	0	2	1	Immune-cell-enriched
956	ERBB3	Receptor tyrosine-protein kinase erbB-3	Cancer-related genes, Disease related genes, Enzymes, Human disease related genes, Plasma proteins, Potential drug targets, Predicted intracellular proteins, Predicted membrane proteins, Predicted secreted proteins, Transporters		Kinase, Receptor, Transferase, Tyrosine-protein kinase	Cancer-related genes, Disease variant	Immune cell enhanced	basophil: 1.0	Lineage enriched	Secreted - unknown location	Low tissue specificity	1	0	0	0	0	0	0	0	0	0	0	0	0	1	1	Granulocyte	1	0	2	1	Immune-cell-enriched
957	ERBB4	Receptor tyrosine-protein kinase erbB-4	Cancer-related genes, Disease related genes, Enzymes, FDA approved drug targets, Human disease related genes, Plasma proteins, Predicted intracellular proteins, Predicted membrane proteins, Transporters	Apoptosis, Lactation, Transcription, Transcription regulation	Activator, Developmental protein, Kinase, Receptor, Transferase, Tyrosine-protein kinase	Amyotrophic lateral sclerosis, Cancer-related genes, Disease variant, FDA approved drug targets, Neurodegeneration	Not detected in immune cells		Not detected		Tissue enhanced	1	0	0	0	0	0	0	0	0	0	0	0	0	1	0		0	0	0	0	Soluble receptor
958	ERBIN	Erbin	Predicted intracellular proteins				Low immune cell specificity		Low lineage specificity		Low tissue specificity	1	0	0	0	0	0	0	0	0	0	0	0	0	0	0		0	0	0	0	Non-immune
959	ERC2	ERC protein 2	Plasma proteins, Predicted intracellular proteins				Not detected in immune cells		Not detected		Tissue enriched	1	0	0	0	0	0	0	0	0	0	0	0	0	0	0		0	0	0	0	Non-immune
960	ERCC1	DNA excision repair protein ERCC-1	Cancer-related genes, Disease related genes, Human disease related genes, Predicted intracellular proteins	DNA damage, DNA repair	DNA-binding	Cancer-related genes, Cataract	Low immune cell specificity		Low lineage specificity		Low tissue specificity	1	0	0	0	0	0	0	0	0	0	0	0	0	0	0		0	0	0	0	Non-immune
961	EREG	Proepiregulin	Human disease related genes, Predicted membrane proteins, Predicted secreted proteins	Angiogenesis, Differentiation	Developmental protein, Growth factor, Mitogen		Not detected in immune cells		Not detected	Secreted to blood	Tissue enriched	1	0	0	0	0	0	0	0	0	0	0	0	0	0	0		1	0	0	0	Non-immune
962	ERI1	3'-5' exoribonuclease 1	Predicted intracellular proteins	RNA-mediated gene silencing, rRNA processing	Exonuclease, Hydrolase, Nuclease, RNA-binding	Disease variant, Dwarfism, Intellectual disability	Low immune cell specificity		Low lineage specificity		Low tissue specificity	1	0	0	0	0	0	0	0	0	0	0	0	0	0	0		0	0	0	0	Non-immune
963	ERMAP	Erythroid membrane-associated protein	Blood group antigen proteins, Predicted intracellular proteins, Predicted membrane proteins		Blood group antigen		Low immune cell specificity		Low lineage specificity		Low tissue specificity	1	0	0	0	0	0	0	0	0	0	0	0	0	0	0		1	1	1	0	Other immune-annotated
964	ERN1	Serine/threonine-protein kinase/endoribonuclease IRE1	Enzymes, Plasma proteins, Predicted intracellular proteins, Predicted membrane proteins, Transporters	Apoptosis, Transcription, Transcription regulation, Unfolded protein response	Hydrolase, Kinase, Multifunctional enzyme, Serine/threonine-protein kinase, Transferase		Immune cell enhanced	basophil: 17.9	Group enriched		Tissue enhanced	1	0	0	0	0	0	0	0	0	0	0	0	0	0	1	Granulocyte	0	0	2	1	Immune-cell-enriched
965	ERP29	Endoplasmic reticulum resident protein 29	Plasma proteins, Predicted intracellular proteins				Low immune cell specificity		Low lineage specificity	Intracellular and membrane	Low tissue specificity	1	0	0	0	0	0	0	0	0	0	0	0	0	0	0		0	0	0	0	Non-immune
966	ERP44	Endoplasmic reticulum resident protein 44	Plasma proteins, Predicted intracellular proteins	Stress response	Chaperone		Low immune cell specificity		Low lineage specificity	Intracellular and membrane	Low tissue specificity	1	0	0	0	0	0	0	0	0	0	0	0	0	0	0		0	0	0	0	Non-immune
967	ERVV-1	Endogenous retrovirus group V member 1 Env polyprotein	Predicted membrane proteins				Not detected in immune cells		Not detected		Tissue enriched	1	0	0	0	0	0	0	0	0	0	0	0	0	0	0		0	0	0	0	Non-immune
968	ESAM	Endothelial cell-selective adhesion molecule	Plasma proteins, Predicted membrane proteins	Cell adhesion		Disease variant, Intellectual disability	Immune cell enhanced	basophil: 8.2;naive B-cell: 7.5	Group enriched		Low tissue specificity	1	0	0	0	0	0	0	0	0	0	0	0	0	0	1	Granulocyte;B-cell	0	0	2	1	Immune-cell-enriched
969	ESM1	Endothelial cell-specific molecule 1	Predicted secreted proteins	Angiogenesis			Immune cell enhanced	NK-cell: 1.4	Low lineage specificity	Secreted to blood	Tissue enhanced	1	0	0	0	0	0	0	0	0	0	0	0	0	0	1	NK-cell	1	0	2	1	Immune-cell-enriched
970	ESPL1	Separin	Enzymes, Essential proteins, Predicted intracellular proteins, Predicted membrane proteins	Chromosome partition	Hydrolase, Protease, Thiol protease		Not detected in immune cells		Not detected		Tissue enhanced	1	0	0	0	0	0	0	0	0	0	0	0	0	0	0		0	0	0	0	Non-immune
971	ESR1	Estrogen receptor	Cancer-related genes, Disease related genes, FDA approved drug targets, Human disease related genes, Nuclear receptors, Predicted intracellular proteins, Transcription factors	Transcription, Transcription regulation	Activator, DNA-binding, Receptor	Cancer-related genes, Disease variant, FDA approved drug targets, Osteoporosis	Not detected in immune cells		Not detected		Tissue enhanced	1	0	0	0	0	0	0	0	0	0	0	0	0	1	0		0	0	0	0	Soluble receptor
972	ESYT2	Extended synaptotagmin-2	Plasma proteins, Predicted membrane proteins, Transporters	Endocytosis, Lipid transport, Transport			Low immune cell specificity		Low lineage specificity		Low tissue specificity	1	0	0	0	0	0	0	0	0	0	0	0	0	0	0		0	0	0	0	Non-immune
973	EVI2B	Protein EVI2B	CD markers, Predicted membrane proteins			Proto-oncogene	Immune cell enhanced	neutrophil: 1371.1	Group enriched		Tissue enhanced	1	0	0	0	0	0	0	0	0	0	0	0	0	0	1	Granulocyte	0	0	2	1	Immune-cell-enriched
974	EVI5	Ecotropic viral integration site 5 protein homolog	Disease related genes, Predicted intracellular proteins, Predicted membrane proteins	Cell cycle, Cell division			Low immune cell specificity		Low lineage specificity		Low tissue specificity	1	0	0	0	0	0	0	0	0	0	0	0	0	0	0		0	0	0	0	Non-immune
975	EVPL	Envoplakin	Predicted intracellular proteins	Keratinization			Not detected in immune cells		Not detected		Tissue enhanced	1	0	0	0	0	0	0	0	0	0	0	0	0	0	0		0	0	0	0	Non-immune
976	EXOSC10	Exosome component 10	Essential proteins, Predicted intracellular proteins	DNA damage, DNA repair, Nonsense-mediated mRNA decay, rRNA processing	Exonuclease, Hydrolase, Nuclease, RNA-binding		Low immune cell specificity		Low lineage specificity		Low tissue specificity	1	0	0	0	0	0	0	0	0	0	0	0	0	0	0		0	0	0	0	Non-immune
977	EXTL1	Exostosin-like 1	Enzymes, Metabolic proteins, Predicted intracellular proteins		Glycosyltransferase, Transferase		Not detected in immune cells		Not detected		Group enriched	1	0	0	0	0	0	0	0	0	0	0	0	0	0	0		0	0	0	0	Non-immune
978	EZR	Ezrin	Cancer-related genes, Plasma proteins, Predicted intracellular proteins	Cell shape		Cancer-related genes	Low immune cell specificity		Low lineage specificity		Low tissue specificity	1	0	0	0	0	0	0	0	0	0	0	0	0	0	0		0	0	0	0	Non-immune
979	F10	Coagulation factor X	Candidate cardiovascular disease genes, Disease related genes, Enzymes, FDA approved drug targets, Human disease related genes, Plasma proteins, Predicted secreted proteins	Blood coagulation, Hemostasis	Hydrolase, Protease, Serine protease	Disease variant, FDA approved drug targets	Not detected in immune cells		Not detected	Secreted to blood	Tissue enhanced	1	0	0	0	0	0	0	1	0	0	0	0	0	0	0		1	0	1	0	Non-immune
980	F11	Coagulation factor XI	Candidate cardiovascular disease genes, Disease related genes, Enzymes, FDA approved drug targets, Human disease related genes, Plasma proteins, Predicted intracellular proteins, Predicted secreted proteins	Blood coagulation, Hemostasis	Heparin-binding, Hydrolase, Protease, Serine protease	Disease variant, FDA approved drug targets	Not detected in immune cells		Not detected	Secreted to blood	Tissue enriched	1	0	0	0	0	0	0	1	0	0	0	0	0	0	0		1	0	1	0	Non-immune
981	F11R	Junctional adhesion molecule A	CD markers, Plasma proteins, Predicted membrane proteins	Host-virus interaction	Host cell receptor for virus entry, Receptor		Group enriched	eosinophil: 166.2;neutrophil: 114.1	Lineage enriched		Low tissue specificity	1	0	0	0	0	0	0	1	0	0	0	0	0	0	1	Granulocyte	0	0	3	1	Immune-cell-enriched
982	F12	Coagulation factor XII	Candidate cardiovascular disease genes, Disease related genes, Enzymes, FDA approved drug targets, Human disease related genes, Plasma proteins, Predicted secreted proteins	Blood coagulation, Fibrinolysis, Hemostasis	Hydrolase, Protease, Serine protease	Disease variant, FDA approved drug targets	Immune cell enhanced	eosinophil: 1.7	Lineage enhanced	Secreted to blood	Tissue enriched	1	0	0	0	0	0	0	1	0	0	0	0	0	0	1	Granulocyte	1	0	3	1	Immune-cell-enriched
983	F13B	Coagulation factor XIII B chain	Cancer-related genes, Candidate cardiovascular disease genes, Disease related genes, FDA approved drug targets, Human disease related genes, Metabolic proteins, Plasma proteins, Predicted intracellular proteins, Predicted secreted proteins	Blood coagulation, Hemostasis		Cancer-related genes, Disease variant, FDA approved drug targets	Not detected in immune cells		Not detected	Secreted to blood	Tissue enriched	1	0	0	0	0	0	0	1	0	0	0	0	0	0	0		1	0	1	0	Non-immune
984	F2	Prothrombin	Cancer-related genes, Candidate cardiovascular disease genes, Disease related genes, Enzymes, FDA approved drug targets, Human disease related genes, Metabolic proteins, Plasma proteins, Predicted intracellular proteins, Predicted secreted proteins	Acute phase, Blood coagulation, Hemostasis	Hydrolase, Protease, Serine protease	Cancer-related genes, Disease variant, FDA approved drug targets, Thrombophilia	Not detected in immune cells		Not detected	Secreted to blood	Tissue enriched	1	0	0	0	0	0	0	1	0	0	0	0	0	0	0		1	0	1	0	Non-immune
985	F2R	Proteinase-activated receptor 1	FDA approved drug targets, G-protein coupled receptors, Predicted intracellular proteins, Predicted membrane proteins, Transporters	Blood coagulation, Hemostasis	G-protein coupled receptor, Receptor, Transducer	FDA approved drug targets	Immune cell enhanced	gdT-cell: 25.5	Group enriched		Tissue enhanced	1	0	0	0	0	0	0	1	0	0	0	0	0	1	1	T-cell	0	0	3	1	Immune-cell-enriched
986	F3	Tissue factor	Cancer-related genes, Candidate cardiovascular disease genes, CD markers, FDA approved drug targets, Plasma proteins, Predicted membrane proteins, Predicted secreted proteins, Transporters	Blood coagulation, Hemostasis		Cancer-related genes, FDA approved drug targets	Not detected in immune cells		Not detected	Secreted to blood	Low tissue specificity	1	0	0	0	0	0	0	1	0	0	0	0	0	0	0		1	0	1	0	Non-immune
987	F7	Coagulation factor VII	Candidate cardiovascular disease genes, Disease related genes, Enzymes, FDA approved drug targets, Human disease related genes, Plasma proteins, Predicted secreted proteins	Blood coagulation, Hemostasis	Hydrolase, Protease, Serine protease	Disease variant, FDA approved drug targets	Not detected in immune cells		Not detected	Secreted to blood	Tissue enriched	1	0	0	0	0	0	0	1	0	0	0	0	0	0	0		1	0	1	0	Non-immune
988	F9	Coagulation factor IX	Candidate cardiovascular disease genes, Disease related genes, Enzymes, FDA approved drug targets, Human disease related genes, Plasma proteins, Predicted secreted proteins	Blood coagulation, Hemostasis	Hydrolase, Protease, Serine protease	Disease variant, FDA approved drug targets, Hemophilia, Thrombophilia	Not detected in immune cells		Not detected	Secreted to blood	Tissue enriched	1	0	0	0	0	0	0	1	0	0	0	0	0	0	0		1	0	1	0	Non-immune
989	FABP1	Fatty acid-binding protein, liver	Cancer-related genes, Metabolic proteins, Plasma proteins, Predicted intracellular proteins	Transport		Cancer-related genes	Not detected in immune cells		Not detected		Group enriched	1	0	0	0	0	0	0	0	0	0	0	0	0	0	0		0	0	0	0	Non-immune
990	FABP2	Fatty acid-binding protein, intestinal	Cancer-related genes, Metabolic proteins, Plasma proteins, Predicted intracellular proteins	Transport		Cancer-related genes	Group enriched	basophil: 1.6;neutrophil: 4.2	Lineage enriched		Tissue enriched	1	0	0	0	0	0	0	0	0	0	0	0	0	0	1	Granulocyte	0	0	2	1	Immune-cell-enriched
991	FABP3	Fatty acid-binding protein, heart	Candidate cardiovascular disease genes, Metabolic proteins, Plasma proteins, Predicted intracellular proteins	Transport			Not detected in immune cells		Not detected		Group enriched	1	0	0	0	0	0	0	0	0	0	0	0	0	0	0		0	0	0	0	Non-immune
992	FABP4	Fatty acid-binding protein, adipocyte	Cancer-related genes, Metabolic proteins, Plasma proteins, Predicted intracellular proteins	Transport		Cancer-related genes	Not detected in immune cells		Not detected		Group enriched	1	0	0	0	0	0	0	0	0	0	0	0	0	0	0		0	0	0	0	Non-immune
993	FABP5	Fatty acid-binding protein 5	Cancer-related genes, Metabolic proteins, Plasma proteins, Predicted intracellular proteins, Transporters	Lipid transport, Transport		Cancer-related genes	Low immune cell specificity		Low lineage specificity	Intracellular and membrane	Tissue enhanced	1	0	0	0	0	0	0	0	0	0	0	0	0	0	0		0	0	0	0	Non-immune
994	FABP6	Gastrotropin	Metabolic proteins, Predicted intracellular proteins	Lipid transport, Transport			Not detected in immune cells		Not detected	Intracellular and membrane	Tissue enriched	1	0	0	0	0	0	0	0	0	0	0	0	0	0	0		0	0	0	0	Non-immune
995	FABP9	Fatty acid-binding protein 9	Metabolic proteins, Predicted intracellular proteins	Transport			Not detected in immune cells		Not detected		Tissue enriched	1	0	0	0	0	0	0	0	0	0	0	0	0	0	0		0	0	0	0	Non-immune
996	FADD	FAS-associated death domain protein	Cancer-related genes, Disease related genes, Predicted intracellular proteins	Apoptosis, Host-virus interaction, Immunity, Innate immunity		Cancer-related genes, Disease variant	Low immune cell specificity		Low lineage specificity		Low tissue specificity	1	0	0	0	0	0	0	0	0	0	0	0	0	0	0		0	1	1	0	Other immune-annotated
997	FAM13A	Protein FAM13A	Plasma proteins, Predicted intracellular proteins		GTPase activation		Low immune cell specificity		Low lineage specificity		Low tissue specificity	1	0	0	0	0	0	0	0	0	0	0	0	0	0	0		0	0	0	0	Non-immune
998	FAM171A2	Protein FAM171A2	Predicted membrane proteins				Not detected in immune cells		Not detected		Tissue enhanced	1	0	0	0	0	0	0	0	0	0	0	0	0	0	0		0	0	0	0	Non-immune
999	FAM171B	Protein FAM171B	Predicted membrane proteins				Not detected in immune cells		Not detected		Tissue enhanced	1	0	0	0	0	0	0	0	0	0	0	0	0	0	0		0	0	0	0	Non-immune
1000	FAM172A	Cotranscriptional regulator FAM172A	Predicted intracellular proteins	mRNA processing, mRNA splicing			Low immune cell specificity		Low lineage specificity	Intracellular and membrane	Low tissue specificity	0	0	0	0	0	0	0	0	0	0	0	0	0	0	0		0	0	0	0	Non-immune
1001	FAM20A	Pseudokinase FAM20A	Disease related genes, Human disease related genes, Predicted intracellular proteins, Predicted secreted proteins	Biomineralization		Amelogenesis imperfecta, Disease variant	Not detected in immune cells		Not detected	Secreted in other tissues	Tissue enhanced	1	0	0	0	0	0	0	0	0	0	0	0	0	0	0		1	0	0	0	Non-immune
1002	FAM3B	Protein FAM3B	Predicted intracellular proteins, Predicted membrane proteins, Predicted secreted proteins	Apoptosis	Cytokine		Immune cell enhanced	eosinophil: 1.4;neutrophil: 2.8	Lineage enriched	Secreted to blood	Tissue enhanced	1	0	0	0	0	0	0	0	0	0	0	0	0	0	1	Granulocyte	1	0	2	1	Immune-cell-enriched
1003	FAM3C	Protein FAM3C	Plasma proteins, Predicted intracellular proteins, Predicted secreted proteins		Developmental protein	Oncogene	Group enriched	memory B-cell: 22.6;naive B-cell: 20.1	Lineage enriched	Secreted in other tissues	Low tissue specificity	1	0	0	0	0	0	0	0	0	0	0	0	0	0	1	B-cell	1	0	2	1	Immune-cell-enriched
1004	FAM3D	Protein FAM3D	Predicted intracellular proteins, Predicted secreted proteins				Immune cell enhanced	neutrophil: 3.7	Lineage enhanced	Secreted to digestive system	Group enriched	1	0	0	0	0	0	0	0	0	0	0	0	0	0	1	Granulocyte	1	0	2	1	Immune-cell-enriched
1005	FAP	Prolyl endopeptidase FAP	Cancer-related genes, Enzymes, Plasma proteins, Predicted intracellular proteins, Predicted secreted proteins	Angiogenesis, Apoptosis, Cell adhesion	Hydrolase, Protease, Serine protease	Cancer-related genes	Not detected in immune cells		Not detected	Secreted to blood	Tissue enhanced	1	0	0	0	0	0	0	0	0	0	0	0	0	0	0		1	0	0	0	Non-immune
1006	FARSA	Phenylalanine--tRNA ligase alpha subunit	Disease related genes, Enzymes, Essential proteins, Human disease related genes, Metabolic proteins, Potential drug targets, Predicted intracellular proteins	Protein biosynthesis	Aminoacyl-tRNA synthetase, Ligase	Disease variant	Low immune cell specificity		Low lineage specificity		Low tissue specificity	1	0	0	0	0	0	0	0	0	0	0	0	0	0	0		0	0	0	0	Non-immune
1007	FAS	Tumor necrosis factor receptor superfamily member 6	Cancer-related genes, Candidate cardiovascular disease genes, CD markers, Disease related genes, Human disease related genes, Predicted intracellular proteins, Predicted membrane proteins, Predicted secreted proteins	Apoptosis	Calmodulin-binding, Receptor	Cancer-related genes, Disease variant	Immune cell enhanced	neutrophil: 101.1	Group enriched	Secreted to blood	Low tissue specificity	1	0	0	0	0	0	0	0	0	0	0	0	0	1	1	Granulocyte	1	0	2	1	Immune-cell-enriched
1008	FASLG	Tumor necrosis factor ligand superfamily member 6	Cancer-related genes, CD markers, Disease related genes, Human disease related genes, Plasma proteins, Potential drug targets, Predicted membrane proteins, Predicted secreted proteins, RAS pathway related proteins, Transporters	Apoptosis, Transcription, Transcription regulation	Cytokine, Repressor	Cancer-related genes	Immune cell enhanced	gdT-cell: 58.2	Group enriched	Secreted to blood	Tissue enhanced	1	0	0	0	0	0	0	0	0	0	0	0	0	0	1	T-cell	1	0	2	1	Immune-cell-enriched
1009	FBLN2	Fibulin-2	Plasma proteins, Predicted intracellular proteins, Predicted secreted proteins				Immune cell enhanced	myeloid DC: 6.7;naive CD8 T-cell: 3.7	Low lineage specificity	Secreted to extracellular matrix	Tissue enhanced	1	0	0	0	0	0	0	0	0	0	0	0	0	0	1	Myeloid/Monocyte;T-cell;Dendritic	1	0	2	1	Immune-cell-enriched
1010	FBN2	Fibrillin-2	Cancer-related genes, Disease related genes, Human disease related genes, Plasma proteins, Predicted secreted proteins		Hormone	Cancer-related genes, Disease variant	Immune cell enhanced	non-classical monocyte: 2.2	Lineage enriched	Secreted to blood	Tissue enriched	1	0	0	0	0	0	0	0	0	0	0	0	0	0	1	Myeloid/Monocyte	1	0	2	1	Immune-cell-enriched
1011	FBP1	Fructose-1,6-bisphosphatase 1	Disease related genes, Enzymes, Human disease related genes, Metabolic proteins, Plasma proteins, Potential drug targets, Predicted intracellular proteins	Carbohydrate metabolism, Gluconeogenesis	Allosteric enzyme, Hydrolase	Disease variant	Immune cell enhanced	eosinophil: 403.7	Low lineage specificity		Tissue enhanced	1	0	0	0	0	0	0	0	0	0	0	0	0	0	1	Granulocyte	0	0	2	1	Immune-cell-enriched
1012	FCAMR	High affinity immunoglobulin alpha and immunoglobulin mu Fc receptor	CD markers, Predicted membrane proteins	Adaptive immunity, Immunity	Receptor		Not detected in immune cells		Not detected		Group enriched	1	0	0	0	0	0	0	0	0	0	0	0	0	1	0		0	1	1	0	Soluble receptor
1013	FCAR	Immunoglobulin alpha Fc receptor	CD markers, Predicted intracellular proteins, Predicted membrane proteins		IgA-binding protein, Receptor		Group enriched	classical monocyte: 1.3;neutrophil: 4.1	Group enriched	Intracellular and membrane	Tissue enhanced	1	0	0	0	0	0	0	0	0	0	0	0	0	1	1	Myeloid/Monocyte;Granulocyte	0	0	2	1	Immune-cell-enriched
1014	FCER1A	High affinity immunoglobulin epsilon receptor subunit alpha	FDA approved drug targets, Predicted membrane proteins		IgE-binding protein, Receptor	FDA approved drug targets	Immune cell enriched	basophil: 21795.4	Lineage enriched		Tissue enhanced	1	0	0	0	0	0	0	0	0	0	0	0	1	1	1	Granulocyte	0	0	3	1	Ig/B-cell/Fc
1015	FCER2	Low affinity immunoglobulin epsilon Fc receptor	Cancer-related genes, CD markers, Predicted intracellular proteins, Predicted membrane proteins, Predicted secreted proteins		IgE-binding protein, Receptor	Cancer-related genes	Group enriched	memory B-cell: 201.7;naive B-cell: 497.3	Lineage enriched	Secreted to blood	Tissue enriched	1	0	0	0	0	0	0	0	0	0	0	0	1	1	1	B-cell	1	0	3	1	Ig/B-cell/Fc
1016	FCGR2A	Low affinity immunoglobulin gamma Fc region receptor II-a	CD markers, FDA approved drug targets, Human disease related genes, Plasma proteins, Predicted intracellular proteins, Predicted membrane proteins	Immunity	IgG-binding protein, Receptor	FDA approved drug targets	Immune cell enriched	neutrophil: 2531.1	Lineage enriched		Tissue enhanced	1	0	0	0	0	0	0	0	0	0	0	0	1	1	1	Granulocyte	0	1	4	1	Ig/B-cell/Fc
1017	FCGR2B	Low affinity immunoglobulin gamma Fc region receptor II-b	Cancer-related genes, CD markers, Disease related genes, FDA approved drug targets, Human disease related genes, Predicted membrane proteins	Host-virus interaction	IgG-binding protein, Receptor	Cancer-related genes, FDA approved drug targets, Proto-oncogene, Systemic lupus erythematosus	Immune cell enhanced	basophil: 328.6;memory B-cell: 203.6	Low lineage specificity		Tissue enriched	1	0	0	0	0	0	0	0	0	0	0	0	1	1	1	Granulocyte;B-cell	0	0	3	1	Ig/B-cell/Fc
1018	FCGR3B	Low affinity immunoglobulin gamma Fc region receptor III-B	CD markers, FDA approved drug targets, Human disease related genes, Plasma proteins, Predicted intracellular proteins, Predicted membrane proteins, Predicted secreted proteins, Transporters		IgG-binding protein, Receptor	FDA approved drug targets	Immune cell enriched	neutrophil: 6077.6	Lineage enriched	Secreted to blood	Tissue enhanced	1	0	0	0	0	0	0	0	0	0	0	0	1	1	1	Granulocyte	1	0	3	1	Ig/B-cell/Fc
1019	FCN1	Ficolin-1	Plasma proteins, Predicted secreted proteins	Immunity, Innate immunity			Immune cell enhanced	classical monocyte: 1694.0;intermediate monocyte: 1189.2	Lineage enhanced	Secreted to blood	Group enriched	1	0	0	0	0	0	0	0	0	0	0	0	0	0	1	Myeloid/Monocyte	1	1	3	1	Immune-cell-enriched
1020	FCN2	Ficolin-2	Plasma proteins, Predicted secreted proteins	Complement activation lectin pathway, Immunity, Innate immunity			Immune cell enhanced	classical monocyte: 5.5;intermediate monocyte: 4.6	Low lineage specificity	Secreted to blood	Group enriched	1	0	0	0	0	0	0	0	0	0	0	0	0	0	1	Myeloid/Monocyte	1	1	3	1	Immune-cell-enriched
1021	FCRL1	Fc receptor-like protein 1	CD markers, Predicted intracellular proteins, Predicted membrane proteins		Receptor		Group enriched	memory B-cell: 39.4;naive B-cell: 68.3	Lineage enriched		Group enriched	1	0	0	0	0	0	0	0	0	0	0	0	1	1	1	B-cell	0	0	3	1	Ig/B-cell/Fc
1022	FCRL2	Fc receptor-like protein 2	CD markers, Predicted membrane proteins		Receptor		Group enriched	memory B-cell: 29.8;naive B-cell: 18.5	Lineage enriched		Group enriched	1	0	0	0	0	0	0	0	0	0	0	0	1	1	1	B-cell	0	0	3	1	Ig/B-cell/Fc
1023	FCRL3	Fc receptor-like protein 3	CD markers, Disease related genes, Predicted intracellular proteins, Predicted membrane proteins	Fertilization	Receptor		Immune cell enhanced	naive B-cell: 35.4	Group enriched		Tissue enriched	1	0	0	0	0	0	0	0	0	0	0	0	1	1	1	B-cell	0	0	3	1	Ig/B-cell/Fc
1024	FCRL5	Fc receptor-like protein 5	CD markers, Disease related genes, Predicted membrane proteins, Predicted secreted proteins	Fertilization	Receptor		Group enriched	memory B-cell: 13.0;naive B-cell: 14.2	Lineage enriched	Secreted to blood	Tissue enriched	1	0	0	0	0	0	0	0	0	0	0	0	1	1	1	B-cell	1	0	3	1	Ig/B-cell/Fc
1025	FCRL6	Fc receptor-like protein 6	Predicted intracellular proteins, Predicted membrane proteins		Receptor		Group enriched	gdT-cell: 143.2;memory CD8 T-cell: 134.3;naive CD8 T-cell: 103.2;NK-cell: 51.5	Group enriched		Tissue enhanced	1	0	0	0	0	0	0	0	0	0	0	0	1	1	1	T-cell;NK-cell	0	0	3	1	Ig/B-cell/Fc
1026	FCRLB	Fc receptor-like B	Predicted intracellular proteins				Low immune cell specificity		Low lineage specificity	Intracellular and membrane	Tissue enhanced	1	0	0	0	0	0	0	0	0	0	0	0	1	1	0		0	0	1	0	Ig/B-cell/Fc
1027	FDX1	Adrenodoxin, mitochondrial	Predicted intracellular proteins	Cholesterol metabolism, Electron transport, Lipid metabolism, Steroid metabolism, Steroidogenesis, Sterol metabolism, Transport			Low immune cell specificity		Low lineage specificity		Tissue enriched	1	0	0	0	0	0	0	0	0	0	0	0	0	0	0		0	0	0	0	Non-immune
1028	FDX2	Ferredoxin-2, mitochondrial	Disease related genes, Essential proteins, Predicted intracellular proteins	Electron transport, Transport		Disease variant, Primary mitochondrial disease	Low immune cell specificity		Low lineage specificity		Low tissue specificity	1	0	0	0	0	0	0	0	0	0	0	0	0	0	0		0	0	0	0	Non-immune
1029	FEN1	Flap endonuclease 1	Cancer-related genes, Essential proteins, Plasma proteins, Predicted intracellular proteins	DNA damage, DNA repair, DNA replication	Endonuclease, Exonuclease, Hydrolase, Nuclease	Cancer-related genes	Low immune cell specificity		Low lineage specificity		Tissue enhanced	1	0	0	0	0	0	0	0	0	0	0	0	0	0	0		0	0	0	0	Non-immune
1030	FES	Tyrosine-protein kinase Fes/Fps	Cancer-related genes, Disease related genes, Enzymes, Potential drug targets, Predicted intracellular proteins		Kinase, Transferase, Tyrosine-protein kinase	Cancer-related genes, Proto-oncogene, Tumor suppressor	Immune cell enhanced	eosinophil: 316.6	Group enriched		Tissue enhanced	1	0	0	0	0	0	0	0	0	0	0	0	0	0	1	Granulocyte	0	0	2	1	Immune-cell-enriched
1031	FETUB	Fetuin-B	Plasma proteins, Predicted intracellular proteins, Predicted secreted proteins	Fertilization	Metalloenzyme inhibitor, Metalloprotease inhibitor, Protease inhibitor		Not detected in immune cells		Not detected	Secreted to blood	Tissue enriched	1	0	0	0	0	0	0	0	0	0	0	0	0	0	0		1	0	0	0	Non-immune
1032	FGA	Fibrinogen alpha chain	Cancer-related genes, Candidate cardiovascular disease genes, Disease related genes, FDA approved drug targets, Human disease related genes, Metabolic proteins, Plasma proteins, Predicted secreted proteins	Adaptive immunity, Blood coagulation, Hemostasis, Immunity, Innate immunity		Amyloidosis, Cancer-related genes, Disease variant, FDA approved drug targets	Not detected in immune cells		Not detected	Secreted to blood	Tissue enriched	1	0	0	0	0	0	0	1	0	0	1	0	0	0	0		1	1	2	1	Acute-phase
1033	FGD3	FYVE, RhoGEF and PH domain-containing protein 3	Plasma proteins, Predicted intracellular proteins		Guanine-nucleotide releasing factor		Low immune cell specificity		Low lineage specificity		Tissue enhanced	1	0	0	0	0	0	0	0	0	0	0	0	0	0	0		0	0	0	0	Non-immune
1034	FGF12	Fibroblast growth factor 12	Disease related genes, Human disease related genes, Predicted intracellular proteins		Growth factor	Disease variant, Epilepsy	Not detected in immune cells		Not detected		Tissue enriched	1	0	0	0	0	0	0	0	0	0	0	0	0	0	0		0	0	0	0	Non-immune
1035	FGF16	Fibroblast growth factor 16	Disease related genes, Human disease related genes, Predicted intracellular proteins, Predicted secreted proteins, RAS pathway related proteins		Growth factor	Disease variant	Not detected in immune cells		Not detected	Secreted in other tissues	Tissue enriched	1	0	0	0	0	0	0	0	0	0	0	0	0	0	0		1	0	0	0	Non-immune
1036	FGF19	Fibroblast growth factor 19	Cancer-related genes, Predicted secreted proteins, RAS pathway related proteins		Growth factor	Cancer-related genes	Not detected in immune cells		Not detected	Secreted to blood	Tissue enriched	1	0	0	0	0	0	0	0	0	0	0	0	0	0	0		1	0	0	0	Non-immune
1037	FGF2	Fibroblast growth factor 2	Cancer-related genes, Candidate cardiovascular disease genes, FDA approved drug targets, Predicted intracellular proteins, Predicted secreted proteins, RAS pathway related proteins, Transporters	Angiogenesis, Differentiation	Developmental protein, Growth factor, Heparin-binding, Mitogen	Cancer-related genes, FDA approved drug targets	Not detected in immune cells		Not detected	Secreted in other tissues	Low tissue specificity	1	0	0	0	0	0	0	0	0	0	0	0	0	0	0		1	0	0	0	Non-immune
1038	FGF20	Fibroblast growth factor 20	Disease related genes, Human disease related genes, Plasma proteins, Predicted intracellular proteins, Predicted secreted proteins, RAS pathway related proteins		Growth factor		Not detected in immune cells		Not detected	Secreted in other tissues	Tissue enhanced	1	0	0	0	0	0	0	0	0	0	0	0	0	0	0		1	0	0	0	Non-immune
1039	FGF21	Fibroblast growth factor 21	Predicted secreted proteins, RAS pathway related proteins		Growth factor		Not detected in immune cells		Not detected	Secreted to blood	Tissue enriched	1	0	0	0	0	0	0	0	0	0	0	0	0	0	0		1	0	0	0	Non-immune
1040	FGF23	Fibroblast growth factor 23	Cancer-related genes, Disease related genes, Human disease related genes, Plasma proteins, Potential drug targets, Predicted secreted proteins, RAS pathway related proteins, Transporters	Differentiation	Growth factor	Cancer-related genes, Disease variant	Immune cell enhanced	basophil: 9.0	Lineage enriched	Secreted to blood	Tissue enhanced	1	0	0	0	0	0	0	0	0	0	0	0	0	0	1	Granulocyte	1	0	2	1	Immune-cell-enriched
1041	FGF3	Fibroblast growth factor 3	Cancer-related genes, Disease related genes, Human disease related genes, Predicted secreted proteins, RAS pathway related proteins	Differentiation	Developmental protein, Growth factor, Mitogen	Cancer-related genes, Disease variant, Proto-oncogene	Not detected in immune cells		Not detected	Secreted in brain	Tissue enriched	1	0	0	0	0	0	0	0	0	0	0	0	0	0	0		1	0	0	0	Non-immune
1042	FGF5	Fibroblast growth factor 5	Disease related genes, Human disease related genes, Predicted secreted proteins, RAS pathway related proteins		Growth factor, Mitogen	Disease variant, Proto-oncogene	Not detected in immune cells		Not detected	Secreted in brain	Tissue enhanced	1	0	0	0	0	0	0	0	0	0	0	0	0	0	0		1	0	0	0	Non-immune
1043	FGF6	Fibroblast growth factor 6	Cancer-related genes, Predicted intracellular proteins, Predicted secreted proteins, RAS pathway related proteins	Angiogenesis, Differentiation	Developmental protein, Growth factor, Mitogen	Cancer-related genes, Proto-oncogene	Not detected in immune cells		Not detected	Secreted in other tissues	Group enriched	1	0	0	0	0	0	0	0	0	0	0	0	0	0	0		1	0	0	0	Non-immune
1044	FGF7	Fibroblast growth factor 7	Cancer-related genes, Predicted intracellular proteins, Predicted secreted proteins, RAS pathway related proteins		Growth factor, Heparin-binding, Mitogen	Cancer-related genes	Not detected in immune cells		Not detected	Secreted in other tissues	Low tissue specificity	1	0	0	0	0	0	0	0	0	0	0	0	0	0	0		1	0	0	0	Non-immune
1045	FGF9	Fibroblast growth factor 9	Cancer-related genes, Disease related genes, Human disease related genes, Predicted intracellular proteins, Predicted secreted proteins, RAS pathway related proteins	Differentiation	Developmental protein, Growth factor, Heparin-binding, Mitogen	Cancer-related genes, Deafness, Disease variant	Not detected in immune cells		Not detected	Secreted in other tissues	Tissue enhanced	1	0	0	0	0	0	0	0	0	0	0	0	0	0	0		1	0	0	0	Non-immune
1046	FGFBP1	Fibroblast growth factor-binding protein 1	Cancer-related genes, Predicted secreted proteins		Growth factor binding	Cancer-related genes	Not detected in immune cells		Not detected	Secreted in other tissues	Tissue enhanced	1	0	0	0	0	0	0	0	0	0	0	0	0	0	0		1	0	0	0	Non-immune
1047	FGFBP2	Fibroblast growth factor-binding protein 2	Plasma proteins, Predicted secreted proteins		Growth factor binding		Immune cell enhanced	gdT-cell: 552.5;memory CD8 T-cell: 331.9	Lineage enriched	Secreted to blood	Tissue enhanced	1	0	0	0	0	0	0	0	0	0	0	0	0	0	1	T-cell	1	0	2	1	Immune-cell-enriched
1048	FGFBP3	Fibroblast growth factor-binding protein 3	Predicted secreted proteins		Growth factor binding, Heparin-binding		Immune cell enhanced	naive B-cell: 1.7	Low lineage specificity	Secreted in brain	Tissue enhanced	1	0	0	0	0	0	0	0	0	0	0	0	0	0	1	B-cell	1	0	2	1	Immune-cell-enriched
1049	FGFR2	Fibroblast growth factor receptor 2	Cancer-related genes, CD markers, Disease related genes, Enzymes, FDA approved drug targets, Human disease related genes, Plasma proteins, Predicted intracellular proteins, Predicted membrane proteins, Predicted secreted proteins, RAS pathway related proteins	Apoptosis	Heparin-binding, Kinase, Receptor, Transferase, Tyrosine-protein kinase	Cancer-related genes, Craniosynostosis, Disease variant, Ectodermal dysplasia, FDA approved drug targets, Intellectual disability, Lacrimo-auriculo-dento-digital syndrome, Proto-oncogene	Group enriched	basophil: 3.0;eosinophil: 2.0	Lineage enriched	Secreted - unknown location	Tissue enriched	1	0	0	0	0	0	0	0	0	0	0	0	0	1	1	Granulocyte	1	0	2	1	Immune-cell-enriched
1050	FGFR4	Fibroblast growth factor receptor 4	Cancer-related genes, CD markers, Disease related genes, Enzymes, FDA approved drug targets, Plasma proteins, Predicted intracellular proteins, Predicted membrane proteins, RAS pathway related proteins, Transporters		Kinase, Receptor, Transferase, Tyrosine-protein kinase	Cancer-related genes, FDA approved drug targets	Not detected in immune cells		Not detected	Intracellular and membrane	Tissue enhanced	1	0	0	0	0	0	0	0	0	0	0	0	0	1	0		0	0	0	0	Soluble receptor
1051	FGL1	Fibrinogen-like protein 1	Plasma proteins, Predicted secreted proteins	Adaptive immunity, Immunity			Not detected in immune cells		Not detected	Secreted to blood	Tissue enriched	1	0	0	0	0	0	0	0	0	0	0	0	0	0	0		1	1	1	0	Other immune-annotated
1052	FGR	Tyrosine-protein kinase Fgr	Disease related genes, Enzymes, Plasma proteins, Potential drug targets, Predicted intracellular proteins	Immunity, Innate immunity	Kinase, Transferase, Tyrosine-protein kinase	Proto-oncogene	Low immune cell specificity		Low lineage specificity		Group enriched	1	0	0	0	0	0	0	0	0	0	0	0	0	0	0		0	1	1	0	Other immune-annotated
1053	FH	Fumarate hydratase, mitochondrial	Cancer-related genes, Citric acid cycle related proteins, Disease related genes, Enzymes, Human disease related genes, Metabolic proteins, Plasma proteins, Potential drug targets, Predicted intracellular proteins	DNA damage, DNA repair, Tricarboxylic acid cycle	Lyase	Cancer-related genes, Disease variant, Tumor suppressor	Low immune cell specificity		Low lineage specificity		Tissue enhanced	1	0	0	0	0	0	0	0	0	0	0	0	0	0	0		0	0	0	0	Non-immune
1054	FHIP2A	FHF complex subunit HOOK interacting protein 2A	Predicted intracellular proteins				Low immune cell specificity		Low lineage specificity		Tissue enhanced	1	0	0	0	0	0	0	0	0	0	0	0	0	0	0		0	0	0	0	Non-immune
1055	FHIT	Bis(5'-adenosyl)-triphosphatase	Cancer-related genes, Disease related genes, Enzymes, Human disease related genes, Metabolic proteins, Potential drug targets, Predicted intracellular proteins	Apoptosis, Transcription, Transcription regulation	Hydrolase, Transferase	Cancer-related genes, Tumor suppressor	Immune cell enriched	naive CD4 T-cell: 87.9	Lineage enriched		Tissue enriched	1	0	0	0	0	0	0	0	0	0	0	0	0	0	1	T-cell	0	0	2	1	Immune-cell-enriched
1056	FIS1	Mitochondrial fission 1 protein	Plasma proteins, Predicted intracellular proteins, Predicted membrane proteins	Apoptosis			Low immune cell specificity		Low lineage specificity		Low tissue specificity	1	0	0	0	0	0	0	0	0	0	0	0	0	0	0		0	0	0	0	Non-immune
1057	FKBP14	Peptidyl-prolyl cis-trans isomerase FKBP14	Disease related genes, Enzymes, Human disease related genes, Metabolic proteins, Potential drug targets, Predicted intracellular proteins		Isomerase, Rotamase	Deafness, Ehlers-Danlos syndrome	Not detected in immune cells		Not detected	Intracellular and membrane	Low tissue specificity	1	0	0	0	0	0	0	0	0	0	0	0	0	0	0		0	0	0	0	Non-immune
1058	FKBP1B	Peptidyl-prolyl cis-trans isomerase FKBP1B	Enzymes, Metabolic proteins, Predicted intracellular proteins		Isomerase, Rotamase		Immune cell enhanced	eosinophil: 2.2;T-reg: 2.8	Low lineage specificity		Tissue enhanced	1	0	0	0	0	0	0	0	0	0	0	0	0	0	1	Granulocyte;T-cell	0	0	2	1	Immune-cell-enriched
1059	FKBP4	Peptidyl-prolyl cis-trans isomerase FKBP4	Enzymes, Metabolic proteins, Plasma proteins, Predicted intracellular proteins		Chaperone, Isomerase, Rotamase		Low immune cell specificity		Low lineage specificity		Low tissue specificity	1	0	0	0	0	0	0	0	0	0	0	0	0	0	0		0	0	0	0	Non-immune
1060	FKBP5	Peptidyl-prolyl cis-trans isomerase FKBP5	Cancer-related genes, Enzymes, Human disease related genes, Metabolic proteins, Plasma proteins, Predicted intracellular proteins		Chaperone, Isomerase, Rotamase	Cancer-related genes	Low immune cell specificity		Low lineage specificity		Tissue enhanced	1	0	0	0	0	0	0	0	0	0	0	0	0	0	0		0	0	0	0	Non-immune
1061	FKBP7	Peptidyl-prolyl cis-trans isomerase FKBP7	Enzymes, Metabolic proteins, Predicted intracellular proteins		Isomerase, Rotamase		Low immune cell specificity		Low lineage specificity	Intracellular and membrane	Tissue enhanced	1	0	0	0	0	0	0	0	0	0	0	0	0	0	0		0	0	0	0	Non-immune
1062	FKBPL	FK506-binding protein-like	Predicted intracellular proteins				Low immune cell specificity		Low lineage specificity		Low tissue specificity	1	0	0	0	0	0	0	0	0	0	0	0	0	0	0		0	0	0	0	Non-immune
1063	FLI1	Friend leukemia integration 1 transcription factor	Cancer-related genes, Disease related genes, Human disease related genes, Predicted intracellular proteins, Transcription factors	Transcription, Transcription regulation	Activator, DNA-binding	Cancer-related genes, Disease variant, Proto-oncogene	Low immune cell specificity		Low lineage specificity		Tissue enhanced	1	0	0	0	0	0	0	0	0	0	0	0	0	0	0		0	0	0	0	Non-immune
1064	FLRT2	Leucine-rich repeat transmembrane protein FLRT2	Predicted intracellular proteins, Predicted membrane proteins	Cell adhesion	Developmental protein		Not detected in immune cells		Not detected	Intracellular and membrane	Tissue enhanced	1	0	0	0	0	0	0	0	0	0	0	0	0	0	0		0	0	0	0	Non-immune
1065	FLT1	Vascular endothelial growth factor receptor 1	Cancer-related genes, Disease related genes, Enzymes, FDA approved drug targets, Plasma proteins, Predicted membrane proteins, Predicted secreted proteins, RAS pathway related proteins	Angiogenesis, Chemotaxis, Differentiation	Developmental protein, Kinase, Receptor, Transferase, Tyrosine-protein kinase	Cancer-related genes, FDA approved drug targets	Not detected in immune cells		Not detected	Secreted to blood	Tissue enriched	1	0	0	0	0	0	0	0	0	0	0	0	0	1	0		1	0	0	0	Soluble receptor
1066	FLT3	Receptor-type tyrosine-protein kinase FLT3	Cancer-related genes, CD markers, Disease related genes, Enzymes, FDA approved drug targets, Human disease related genes, Predicted membrane proteins, RAS pathway related proteins	Host-virus interaction	Kinase, Receptor, Transferase, Tyrosine-protein kinase	Cancer-related genes, Disease variant, FDA approved drug targets, Proto-oncogene	Group enriched	myeloid DC: 68.7;plasmacytoid DC: 26.3	Lineage enriched		Tissue enhanced	1	0	0	0	0	0	0	0	0	0	0	0	0	1	1	Myeloid/Monocyte;Dendritic	0	0	2	1	Immune-cell-enriched
1067	FLT3LG	Fms-related tyrosine kinase 3 ligand	Predicted intracellular proteins, Predicted membrane proteins, Predicted secreted proteins, RAS pathway related proteins		Cytokine		Group enriched	gdT-cell: 77.9;MAIT T-cell: 144.7;memory CD4 T-cell: 158.7;memory CD8 T-cell: 102.0;naive CD4 T-cell: 170.1;naive CD8 T-cell: 138.2;T-reg: 171.5	Lineage enriched	Secreted to blood	Low tissue specificity	1	0	0	0	0	0	0	0	0	0	0	0	0	0	1	T-cell	1	0	2	1	Immune-cell-enriched
1068	FLT4	Vascular endothelial growth factor receptor 3	Cancer-related genes, Disease related genes, Enzymes, FDA approved drug targets, Human disease related genes, Plasma proteins, Predicted intracellular proteins, Predicted membrane proteins, Predicted secreted proteins, RAS pathway related proteins, Transporters	Angiogenesis	Kinase, Receptor, Transferase, Tyrosine-protein kinase	Cancer-related genes, Disease variant, FDA approved drug targets	Immune cell enriched	MAIT T-cell: 3.8	Lineage enriched	Secreted to blood	Low tissue specificity	1	0	0	0	0	0	0	0	0	0	0	0	0	1	1	T-cell	1	0	2	1	Immune-cell-enriched
1069	FMNL1	Formin-like protein 1	Predicted intracellular proteins, Predicted membrane proteins				Low immune cell specificity		Low lineage specificity		Tissue enhanced	1	0	0	0	0	0	0	0	0	0	0	0	0	0	0		0	0	0	0	Non-immune
1070	FMR1	Synaptic functional regulator FMR1	Disease related genes, Human disease related genes, Predicted intracellular proteins	DNA damage, Host-virus interaction, mRNA processing, mRNA splicing, mRNA transport, Neurogenesis, RNA-mediated gene silencing, Translation regulation, Transport	Activator, Repressor, Ribonucleoprotein, RNA-binding	Disease variant, Intellectual disability, Neurodegeneration, Premature ovarian failure	Low immune cell specificity		Low lineage specificity		Low tissue specificity	1	0	0	0	0	0	0	0	0	0	0	0	0	0	0		0	0	0	0	Non-immune
1071	FN1	Fibronectin	Cancer-related genes, Candidate cardiovascular disease genes, Disease related genes, FDA approved drug targets, Human disease related genes, Plasma proteins, Predicted intracellular proteins, Predicted secreted proteins	Acute phase, Angiogenesis, Cell adhesion, Cell shape	Heparin-binding	Cancer-related genes, Disease variant, Dwarfism, FDA approved drug targets	Not detected in immune cells		Not detected	Secreted to blood	Tissue enhanced	1	0	0	0	0	0	0	0	0	0	0	0	0	0	0		1	0	0	0	Non-immune
1072	FNDC1	Fibronectin type III domain-containing protein 1	Predicted intracellular proteins, Predicted secreted proteins				Not detected in immune cells		Not detected	Secreted to extracellular matrix	Tissue enhanced	1	0	0	0	0	0	0	0	0	0	0	0	0	0	0		1	0	0	0	Non-immune
1073	FNTA	Protein farnesyltransferase/geranylgeranyltransferase type-1 subunit alpha	Enzymes, Essential proteins, FDA approved drug targets, Metabolic proteins, Predicted intracellular proteins		Prenyltransferase, Transferase	FDA approved drug targets	Low immune cell specificity		Low lineage specificity		Low tissue specificity	1	0	0	0	0	0	0	0	0	0	0	0	0	0	0		0	0	0	0	Non-immune
1074	FOLH1	Glutamate carboxypeptidase 2	Cancer-related genes, Enzymes, FDA approved drug targets, Plasma proteins, Predicted intracellular proteins, Predicted membrane proteins		Carboxypeptidase, Dipeptidase, Hydrolase, Metalloprotease, Multifunctional enzyme, Protease	Cancer-related genes, FDA approved drug targets	Not detected in immune cells		Not detected	Intracellular and membrane	Tissue enhanced	1	0	0	0	0	0	0	0	0	0	0	0	0	0	0		0	0	0	0	Non-immune
1075	FOLR1	Folate receptor alpha	Disease related genes, FDA approved drug targets, Human disease related genes, Metabolic proteins, Predicted membrane proteins, Predicted secreted proteins, Transporters	Transport	Receptor	FDA approved drug targets, Neurodegeneration	Not detected in immune cells		Not detected	Secreted to blood	Tissue enriched	1	0	0	0	0	0	0	0	0	0	0	0	0	1	0		1	0	0	0	Soluble receptor
1076	FOLR2	Folate receptor beta	Metabolic proteins, Predicted intracellular proteins, Predicted membrane proteins, Predicted secreted proteins	Transport	Receptor		Immune cell enhanced	classical monocyte: 64.4;intermediate monocyte: 50.8	Group enriched	Secreted to blood	Tissue enhanced	1	0	0	0	0	0	0	0	0	0	0	0	0	1	1	Myeloid/Monocyte	1	0	2	1	Immune-cell-enriched
1077	FOLR3	Folate receptor gamma	Metabolic proteins, Predicted secreted proteins		Receptor		Group enriched	classical monocyte: 325.3;neutrophil: 490.4	Group enriched	Secreted to blood	Group enriched	1	0	0	0	0	0	0	0	0	0	0	0	0	1	1	Myeloid/Monocyte;Granulocyte	1	0	2	1	Immune-cell-enriched
1078	FOS	Proto-oncogene c-Fos	Cancer-related genes, Predicted intracellular proteins, Transcription factors		DNA-binding	Cancer-related genes, Proto-oncogene	Immune cell enriched	neutrophil: 506.6	Lineage enriched		Low tissue specificity	1	0	0	0	0	0	0	0	0	0	0	0	0	0	1	Granulocyte	0	0	2	1	Immune-cell-enriched
1079	FOSB	Protein fosB	Predicted intracellular proteins, Transcription factors		DNA-binding		Immune cell enhanced	neutrophil: 4.6	Low lineage specificity		Low tissue specificity	1	0	0	0	0	0	0	0	0	0	0	0	0	0	1	Granulocyte	0	0	2	1	Immune-cell-enriched
1080	FOXJ3	Forkhead box protein J3	Predicted intracellular proteins, Transcription factors	Differentiation, Meiosis, Spermatogenesis, Transcription, Transcription regulation	DNA-binding		Low immune cell specificity		Low lineage specificity		Low tissue specificity	1	0	0	0	0	0	0	0	0	0	0	0	0	0	0		0	0	0	0	Non-immune
1081	FOXO1	Forkhead box protein O1	Cancer-related genes, Disease related genes, Human disease related genes, Predicted intracellular proteins, Transcription factors	Apoptosis, Autophagy, Differentiation, Transcription, Transcription regulation	Activator, DNA-binding	Cancer-related genes, Proto-oncogene	Low immune cell specificity		Low lineage specificity		Tissue enhanced	1	0	0	0	0	0	0	0	0	0	0	0	0	0	0		0	0	0	0	Non-immune
1082	FOXO3	Forkhead box protein O3	Cancer-related genes, Disease related genes, Predicted intracellular proteins, Transcription factors	Apoptosis, Transcription, Transcription regulation	Activator, DNA-binding	Cancer-related genes, Proto-oncogene	Immune cell enhanced	neutrophil: 15.7	Low lineage specificity		Low tissue specificity	1	0	0	0	0	0	0	0	0	0	0	0	0	0	1	Granulocyte	0	0	2	1	Immune-cell-enriched
1083	FRMD4B	FERM domain-containing protein 4B	Plasma proteins, Predicted intracellular proteins				Low immune cell specificity		Low lineage specificity		Low tissue specificity	1	0	0	0	0	0	0	0	0	0	0	0	0	0	0		0	0	0	0	Non-immune
1084	FRMD7	FERM domain-containing protein 7	Cancer-related genes, Disease related genes, Human disease related genes, Potential drug targets, Predicted intracellular proteins, Transporters	Neurogenesis		Cancer-related genes, Disease variant	Not detected in immune cells		Not detected		Tissue enhanced	1	0	0	0	0	0	0	0	0	0	0	0	0	0	0		0	0	0	0	Non-immune
1085	FRZB	Secreted frizzled-related protein 3	Disease related genes, Predicted secreted proteins	Differentiation, Wnt signaling pathway	Developmental protein	Disease variant	Not detected in immune cells		Not detected	Secreted in other tissues	Group enriched	1	0	0	0	0	0	0	0	0	0	0	0	0	0	0		1	0	0	0	Non-immune
1086	FSHB	Follitropin subunit beta	Cancer-related genes, Disease related genes, Human disease related genes, Predicted secreted proteins		Hormone	Cancer-related genes, Disease variant, Hypogonadotropic hypogonadism	Not detected in immune cells		Not detected	Secreted to blood	Tissue enriched	1	0	0	0	0	0	0	0	0	0	0	0	0	0	0		1	0	0	0	Non-immune
1087	FST	Follistatin	Cancer-related genes, Candidate cardiovascular disease genes, Plasma proteins, Predicted intracellular proteins, Predicted secreted proteins			Cancer-related genes	Not detected in immune cells		Not detected	Secreted to blood	Tissue enhanced	1	0	0	0	0	0	0	0	0	0	0	0	0	0	0		1	0	0	0	Non-immune
1088	FSTL1	Follistatin-related protein 1	Plasma proteins, Predicted intracellular proteins, Predicted secreted proteins		Heparin-binding		Immune cell enriched	basophil: 12.0	Lineage enriched	Secreted to blood	Low tissue specificity	1	0	0	0	0	0	0	0	0	0	0	0	0	0	1	Granulocyte	1	0	2	1	Immune-cell-enriched
1089	FSTL3	Follistatin-related protein 3	Cancer-related genes, Disease related genes, Predicted intracellular proteins, Predicted secreted proteins	Osteogenesis, Transcription, Transcription regulation		Cancer-related genes, Proto-oncogene	Low immune cell specificity		Low lineage specificity	Secreted in other tissues	Low tissue specificity	1	0	0	0	0	0	0	0	0	0	0	0	0	0	0		1	0	0	0	Non-immune
1090	FTCD	Formimidoyltransferase-cyclodeaminase	Disease related genes, Enzymes, Human disease related genes, Metabolic proteins, Potential drug targets, Predicted intracellular proteins	Histidine metabolism	Lyase, Multifunctional enzyme, Transferase	Disease variant	Not detected in immune cells		Not detected		Tissue enriched	1	0	0	0	0	0	0	0	0	0	0	0	0	0	0		0	0	0	0	Non-immune
1091	FUCA1	Tissue alpha-L-fucosidase	Disease related genes, Enzymes, Human disease related genes, Metabolic proteins, Plasma proteins, Potential drug targets, Predicted intracellular proteins	Lipid metabolism	Glycosidase, Hydrolase	Disease variant	Low immune cell specificity		Low lineage specificity	Intracellular and membrane	Low tissue specificity	1	0	0	0	0	0	0	0	0	0	0	0	0	0	0		0	0	0	0	Non-immune
1092	FUOM	Fucose mutarotase	Enzymes, Predicted intracellular proteins		Isomerase		Low immune cell specificity		Low lineage specificity		Tissue enriched	1	0	0	0	0	0	0	0	0	0	0	0	0	0	0		0	0	0	0	Non-immune
1093	FURIN	Furin	Enzymes, Plasma proteins, Predicted membrane proteins	Host-virus interaction	Heparin-binding, Hydrolase, Protease, Serine protease		Low immune cell specificity		Low lineage specificity	Intracellular and membrane	Tissue enhanced	1	0	0	0	0	0	0	0	0	0	0	0	0	0	0		0	0	0	0	Non-immune
1094	FUS	RNA-binding protein FUS	Cancer-related genes, Disease related genes, Human disease related genes, Plasma proteins, Predicted intracellular proteins		DNA-binding, RNA-binding	Amyotrophic lateral sclerosis, Cancer-related genes, Disease variant, Neurodegeneration, Proto-oncogene	Low immune cell specificity		Low lineage specificity		Low tissue specificity	1	0	0	0	0	0	0	0	0	0	0	0	0	0	0		0	0	0	0	Non-immune
1095	FUT1	Galactoside alpha-(1,2)-fucosyltransferase 1	Blood group antigen proteins, Enzymes, Metabolic proteins, Predicted membrane proteins	Lipid metabolism	Blood group antigen, Glycosyltransferase, Transferase		Immune cell enhanced	basophil: 1.3	Low lineage specificity		Tissue enhanced	1	0	0	0	0	0	0	0	0	0	0	0	0	0	1	Granulocyte	1	1	3	1	Immune-cell-enriched
1096	FUT3_FUT5	3-galactosyl-N-acetylglucosaminide 4-alpha-L-fucosyltransferase FUT3_4-galactosyl-N-acetylglucosaminide 3-alpha-L-fucosyltransferase FUT5										0	0	0	0	0	0	0	0	0	0	0	0	0	0	0		0	0	0	0	Non-immune
1097	FUT8	Alpha-(1,6)-fucosyltransferase	Disease related genes, Enzymes, Human disease related genes, Metabolic proteins, Potential drug targets, Predicted intracellular proteins, Predicted membrane proteins		Glycosyltransferase, Transferase	Congenital disorder of glycosylation, Disease variant	Low immune cell specificity		Group enriched		Low tissue specificity	1	0	0	0	0	0	0	0	0	0	0	0	0	0	0		0	0	0	0	Non-immune
1098	FXN	Frataxin, mitochondrial	Disease related genes, Enzymes, Essential proteins, Human disease related genes, Metabolic proteins, Potential drug targets, Predicted intracellular proteins, Transporters	Heme biosynthesis, Ion transport, Iron storage, Iron transport, Transport	Oxidoreductase	Disease variant	Low immune cell specificity		Low lineage specificity		Low tissue specificity	1	0	0	0	0	0	0	0	0	0	0	0	0	0	0		0	0	0	0	Non-immune
1099	FXYD5	FXYD domain-containing ion transport regulator 5	Plasma proteins, Predicted membrane proteins, Transporters	Ion transport, Potassium transport, Sodium transport, Sodium/potassium transport, Transport			Low immune cell specificity		Low lineage specificity		Low tissue specificity	1	0	0	0	0	0	0	0	0	0	0	0	0	0	0		0	0	0	0	Non-immune
1100	FYB1	FYN-binding protein 1	Disease related genes, Human disease related genes, Predicted intracellular proteins			Disease variant	Immune cell enhanced	neutrophil: 1680.2	Low lineage specificity		Group enriched	1	0	0	0	0	0	0	0	0	0	0	0	0	0	1	Granulocyte	0	0	2	1	Immune-cell-enriched
1101	FZD10	Frizzled-10	CD markers, G-protein coupled receptors, Predicted intracellular proteins, Predicted membrane proteins	Wnt signaling pathway	Developmental protein, G-protein coupled receptor, Receptor, Transducer		Not detected in immune cells		Not detected		Tissue enhanced	1	0	0	0	0	0	0	0	0	0	0	0	0	0	0		0	0	0	0	Non-immune
1102	FZD8	Frizzled-8	G-protein coupled receptors, Plasma proteins, Predicted membrane proteins	Wnt signaling pathway	Developmental protein, G-protein coupled receptor, Receptor, Transducer		Not detected in immune cells		Not detected		Tissue enhanced	1	0	0	0	0	0	0	0	0	0	0	0	0	0	0		0	0	0	0	Non-immune
1103	GABARAP	Gamma-aminobutyric acid receptor-associated protein	Predicted intracellular proteins, Transporters	Apoptosis, Autophagy, Protein transport, Transport			Low immune cell specificity		Low lineage specificity		Low tissue specificity	1	0	0	0	0	0	0	0	0	0	0	0	0	1	0		0	0	0	0	Soluble receptor
1104	GABARAPL1	Gamma-aminobutyric acid receptor-associated protein-like 1	Predicted intracellular proteins	Autophagy, Host-virus interaction			Immune cell enhanced	neutrophil: 62.4	Group enriched		Low tissue specificity	1	0	0	0	0	0	0	0	0	0	0	0	0	1	1	Granulocyte	0	0	2	1	Immune-cell-enriched
1105	GABRA4	Gamma-aminobutyric acid receptor subunit alpha-4	FDA approved drug targets, Predicted membrane proteins	Ion transport, Transport	Chloride channel, Ion channel, Ligand-gated ion channel, Receptor	FDA approved drug targets	Not detected in immune cells		Not detected		Group enriched	1	0	0	0	0	0	0	0	0	0	0	0	0	1	0		0	0	0	0	Soluble receptor
1106	GAD1	Glutamate decarboxylase 1	Disease related genes, Enzymes, Human disease related genes, Metabolic proteins, Potential drug targets, Predicted intracellular proteins	Neurotransmitter biosynthesis	Decarboxylase, Lyase	Disease variant, Epilepsy, Intellectual disability	Not detected in immune cells		Not detected		Group enriched	1	0	0	0	0	0	0	0	0	0	0	0	0	0	0		0	0	0	0	Non-immune
1107	GAD2	Glutamate decarboxylase 2	Enzymes, Metabolic proteins, Predicted intracellular proteins	Neurotransmitter biosynthesis	Decarboxylase, Lyase		Not detected in immune cells		Not detected		Tissue enriched	1	0	0	0	0	0	0	0	0	0	0	0	0	0	0		0	0	0	0	Non-immune
1108	GADD45B	Growth arrest and DNA damage-inducible protein GADD45 beta	Predicted intracellular proteins	Apoptosis, Differentiation	Developmental protein		Low immune cell specificity		Low lineage specificity		Low tissue specificity	1	0	0	0	0	0	0	0	0	0	0	0	0	0	0		0	0	0	0	Non-immune
1109	GADD45GIP1	Growth arrest and DNA damage-inducible proteins-interacting protein 1	Predicted intracellular proteins, Ribosomal proteins	Cell cycle, Host-virus interaction	Ribonucleoprotein, Ribosomal protein		Low immune cell specificity		Low lineage specificity		Low tissue specificity	1	0	0	0	0	0	0	0	0	0	0	0	0	0	0		0	0	0	0	Non-immune
1110	GAGE2A	G antigen 2A	Predicted intracellular proteins				Not detected in immune cells		Not detected		Tissue enriched	0	0	0	0	0	0	0	0	0	0	0	0	0	0	0		0	0	0	0	Non-immune
1111	GAL	Galanin peptides	Disease related genes, Human disease related genes, Plasma proteins, Predicted secreted proteins		Hormone, Neuropeptide	Disease variant, Epilepsy	Not detected in immune cells		Not detected	Secreted to blood	Tissue enriched	1	0	0	0	0	0	0	0	0	0	0	0	0	0	0		1	0	0	0	Non-immune
1112	GALNT10	Polypeptide N-acetylgalactosaminyltransferase 10	Enzymes, Metabolic proteins, Predicted intracellular proteins		Glycosyltransferase, Transferase		Low immune cell specificity		Low lineage specificity	Intracellular and membrane	Tissue enhanced	1	0	0	0	0	0	0	0	0	0	0	0	0	0	0		0	0	0	0	Non-immune
1113	GALNT2	Polypeptide N-acetylgalactosaminyltransferase 2	Disease related genes, Enzymes, Human disease related genes, Metabolic proteins, Plasma proteins, Potential drug targets, Predicted intracellular proteins		Glycosyltransferase, Transferase	Congenital disorder of glycosylation, Disease variant	Low immune cell specificity		Low lineage specificity	Intracellular and membrane	Low tissue specificity	1	0	0	0	0	0	0	0	0	0	0	0	0	0	0		0	0	0	0	Non-immune
1114	GALNT3	Polypeptide N-acetylgalactosaminyltransferase 3	Disease related genes, Enzymes, Human disease related genes, Metabolic proteins, Potential drug targets, Predicted intracellular proteins, Predicted membrane proteins		Glycosyltransferase, Transferase	Disease variant	Immune cell enhanced	basophil: 50.8	Low lineage specificity		Tissue enhanced	1	0	0	0	0	0	0	0	0	0	0	0	0	0	1	Granulocyte	0	0	2	1	Immune-cell-enriched
1115	GALNT5	Polypeptide N-acetylgalactosaminyltransferase 5	Enzymes, Metabolic proteins, Predicted intracellular proteins		Glycosyltransferase, Transferase		Not detected in immune cells		Not detected		Tissue enhanced	1	0	0	0	0	0	0	0	0	0	0	0	0	0	0		0	0	0	0	Non-immune
1116	GALNT7	N-acetylgalactosaminyltransferase 7	Enzymes, Metabolic proteins, Predicted intracellular proteins		Glycosyltransferase, Transferase		Low immune cell specificity		Low lineage specificity		Tissue enhanced	1	0	0	0	0	0	0	0	0	0	0	0	0	0	0		0	0	0	0	Non-immune
1117	GAMT	Guanidinoacetate N-methyltransferase	Disease related genes, Enzymes, FDA approved drug targets, Human disease related genes, Metabolic proteins, Plasma proteins, Predicted intracellular proteins		Methyltransferase, Transferase	Disease variant, FDA approved drug targets	Low immune cell specificity		Low lineage specificity		Tissue enhanced	1	0	0	0	0	0	0	0	0	0	0	0	0	0	0		0	0	0	0	Non-immune
1118	GAPDH	Glyceraldehyde-3-phosphate dehydrogenase	Enzymes, Essential proteins, FDA approved drug targets, Metabolic proteins, Plasma proteins, Predicted intracellular proteins	Apoptosis, Glycolysis, Immunity, Innate immunity, Translation regulation	Oxidoreductase, Transferase	FDA approved drug targets	Low immune cell specificity		Low lineage specificity		Group enriched	1	0	0	0	0	0	0	0	0	0	0	0	0	0	0		0	1	1	0	Other immune-annotated
1119	GART	Trifunctional purine biosynthetic protein adenosine-3	Enzymes, Essential proteins, FDA approved drug targets, Metabolic proteins, Plasma proteins, Predicted intracellular proteins	Purine biosynthesis	Ligase, Multifunctional enzyme, Transferase	FDA approved drug targets	Low immune cell specificity		Low lineage specificity		Low tissue specificity	1	0	0	0	0	0	0	0	0	0	0	0	0	0	0		0	0	0	0	Non-immune
1120	GAS2	Growth arrest-specific protein 2	Predicted intracellular proteins	Apoptosis, Cell cycle, Cell shape, Growth arrest		Deafness, Non-syndromic deafness	Not detected in immune cells		Not detected		Tissue enhanced	1	0	0	0	0	0	0	0	0	0	0	0	0	0	0		0	0	0	0	Non-immune
1121	GAS6	Growth arrest-specific protein 6	Predicted secreted proteins	Growth regulation, Host-virus interaction			Immune cell enriched	plasmacytoid DC: 70.8	Lineage enriched	Secreted to blood	Tissue enriched	1	0	0	0	0	0	0	0	0	0	0	0	0	0	1	Myeloid/Monocyte;Dendritic	1	0	2	1	Immune-cell-enriched
1122	GASK1A	Golgi-associated kinase 1A	Predicted intracellular proteins, Predicted secreted proteins				Not detected in immune cells		Not detected	Secreted - unknown location	Low tissue specificity	1	0	0	0	0	0	0	0	0	0	0	0	0	0	0		1	0	0	0	Non-immune
1123	GAST	Gastrin	Cancer-related genes, FDA approved drug targets, Predicted secreted proteins		Hormone	Cancer-related genes, FDA approved drug targets	Not detected in immune cells		Not detected	Secreted to digestive system	Tissue enriched	1	0	0	0	0	0	0	0	0	0	0	0	0	0	0		1	0	0	0	Non-immune
1124	GATA3	Trans-acting T-cell-specific transcription factor GATA-3	Cancer-related genes, Disease related genes, Human disease related genes, Plasma proteins, Predicted intracellular proteins, Transcription factors	Immunity, Innate immunity, Transcription, Transcription regulation	Activator, DNA-binding	Cancer-related genes, Deafness, Disease variant	Group enriched	gdT-cell: 25.0;MAIT T-cell: 32.5;memory CD4 T-cell: 41.5;memory CD8 T-cell: 34.4;naive CD4 T-cell: 24.6;naive CD8 T-cell: 23.7;NK-cell: 39.6;T-reg: 51.4	Group enriched		Tissue enhanced	1	0	0	0	0	0	0	0	0	0	0	0	0	0	1	T-cell;NK-cell	0	1	3	1	Immune-cell-enriched
1125	GATD3	Glutamine amidotransferase-like class 1 domain-containing protein 3B, mitochondrial	Predicted intracellular proteins				Low immune cell specificity		Low lineage specificity		Tissue enhanced	1	0	0	0	0	0	0	0	0	0	0	0	0	0	0		0	0	0	0	Non-immune
1126	GBA	Lysosomal acid glucosylceramidase										0	0	0	0	0	0	0	0	0	0	0	0	0	0	0		0	0	0	0	Non-immune
1127	GBP1	Guanylate-binding protein 1	Plasma proteins, Predicted intracellular proteins	Antiviral defense, Immunity, Innate immunity	Hydrolase		Low immune cell specificity		Low lineage specificity	Intracellular and membrane	Tissue enhanced	1	0	0	0	0	0	0	0	0	0	0	0	0	0	0		0	1	1	0	Other immune-annotated
1128	GBP2	Guanylate-binding protein 2	Predicted intracellular proteins	Immunity, Innate immunity	Antimicrobial, Hydrolase		Low immune cell specificity		Low lineage specificity		Low tissue specificity	1	0	0	0	0	0	0	0	0	0	0	0	0	0	0		0	1	1	0	Other immune-annotated
1129	GBP4	Guanylate-binding protein 4	Plasma proteins, Predicted intracellular proteins	Immunity, Innate immunity	Hydrolase		Low immune cell specificity		Low lineage specificity		Low tissue specificity	1	0	0	0	0	0	0	0	0	0	0	0	0	0	0		0	1	1	0	Other immune-annotated
1130	GBP6	Guanylate-binding protein 6	Predicted intracellular proteins	Immunity, Innate immunity	Antimicrobial, Hydrolase		Not detected in immune cells		Not detected		Tissue enriched	1	0	0	0	0	0	0	0	0	0	0	0	0	0	0		0	1	1	0	Other immune-annotated
1131	GC	Vitamin D-binding protein	Metabolic proteins, Plasma proteins, Predicted secreted proteins	Transport	Actin-binding		Not detected in immune cells		Not detected	Secreted to blood	Tissue enriched	1	0	0	0	0	0	0	0	0	0	0	0	0	0	0		1	0	0	0	Non-immune
1132	GCC1	GRIP and coiled-coil domain-containing protein 1	Predicted intracellular proteins				Low immune cell specificity		Low lineage specificity		Low tissue specificity	1	0	0	0	0	0	0	0	0	0	0	0	0	0	0		0	0	0	0	Non-immune
1133	GCG	Pro-glucagon	Predicted secreted proteins		Hormone		Not detected in immune cells		Not detected	Secreted to blood	Tissue enriched	1	0	0	0	0	0	0	0	0	0	0	0	0	0	0		1	0	0	0	Non-immune
1134	GCHFR	GTP cyclohydrolase 1 feedback regulatory protein	Predicted intracellular proteins				Low immune cell specificity		Low lineage specificity		Tissue enriched	1	0	0	0	0	0	0	0	0	0	0	0	0	0	0		0	0	0	0	Non-immune
1135	GCLM	Glutamate--cysteine ligase regulatory subunit	Cancer-related genes, Human disease related genes, Metabolic proteins, Predicted intracellular proteins	Glutathione biosynthesis		Cancer-related genes	Low immune cell specificity		Low lineage specificity		Tissue enhanced	1	0	0	0	0	0	0	0	0	0	0	0	0	0	0		0	0	0	0	Non-immune
1136	GCNT1	Beta-1,3-galactosyl-O-glycosyl-glycoprotein beta-1,6-N-acetylglucosaminyltransferase	Enzymes, Metabolic proteins, Predicted intracellular proteins		Glycosyltransferase, Transferase		Immune cell enhanced	eosinophil: 21.7	Low lineage specificity		Group enriched	1	0	0	0	0	0	0	0	0	0	0	0	0	0	1	Granulocyte	0	0	2	1	Immune-cell-enriched
1137	GDF15	Growth/differentiation factor 15	Cancer-related genes, Disease related genes, Plasma proteins, Predicted secreted proteins		Cytokine, Hormone	Cancer-related genes, Disease variant	Immune cell enhanced	neutrophil: 2.5	Group enriched	Secreted to blood	Tissue enhanced	1	0	0	0	0	0	0	0	0	0	0	0	0	0	1	Granulocyte	1	0	2	1	Immune-cell-enriched
1138	GDF2	Growth/differentiation factor 2	Disease related genes, Human disease related genes, Plasma proteins, Predicted secreted proteins	Angiogenesis	Cytokine, Growth factor	Disease variant	Not detected in immune cells		Not detected	Secreted to blood	Tissue enriched	1	0	0	0	0	0	0	0	0	0	0	0	0	0	0		1	0	0	0	Non-immune
1139	GDNF	Glial cell line-derived neurotrophic factor	Cancer-related genes, Disease related genes, Human disease related genes, Predicted intracellular proteins, Predicted secreted proteins		Growth factor	Cancer-related genes, Disease variant, Hirschsprung disease	Not detected in immune cells		Not detected	Secreted in other tissues	Tissue enhanced	1	0	0	0	0	0	0	0	0	0	0	0	0	0	0		1	0	0	0	Non-immune
1140	GET3	ATPase GET3	Essential proteins, Predicted intracellular proteins, Transporters	Transport	Hydrolase	Cardiomyopathy, Disease variant	Low immune cell specificity		Low lineage specificity		Low tissue specificity	1	0	0	0	0	0	0	0	0	0	0	0	0	0	0		0	0	0	0	Non-immune
1141	GFAP	Glial fibrillary acidic protein	Candidate cardiovascular disease genes, Disease related genes, Human disease related genes, Plasma proteins, Predicted intracellular proteins			Disease variant, Leukodystrophy	Immune cell enhanced	neutrophil: 6.1	Group enriched		Tissue enriched	1	0	0	0	0	0	0	0	0	0	0	0	0	0	1	Granulocyte	0	0	2	1	Immune-cell-enriched
1142	GFER	FAD-linked sulfhydryl oxidase ALR	Disease related genes, Enzymes, Essential proteins, Potential drug targets, Predicted intracellular proteins, Predicted secreted proteins		Growth factor, Oxidoreductase	Cataract, Deafness, Disease variant, Primary mitochondrial disease	Low immune cell specificity		Low lineage specificity	Secreted to blood	Low tissue specificity	1	0	0	0	0	0	0	0	0	0	0	0	0	0	0		1	0	0	0	Non-immune
1143	GFOD2	Glucose-fructose oxidoreductase domain-containing protein 2	Predicted intracellular proteins, Predicted secreted proteins		Oxidoreductase		Low immune cell specificity		Low lineage specificity	Secreted to blood	Tissue enhanced	1	0	0	0	0	0	0	0	0	0	0	0	0	0	0		1	0	0	0	Non-immune
1144	GFRA1	GDNF family receptor alpha-1	Disease related genes, Predicted intracellular proteins, Predicted membrane proteins		Receptor	Disease variant	Not detected in immune cells		Not detected		Low tissue specificity	1	0	0	0	0	0	0	0	0	0	0	0	0	1	0		0	0	0	0	Soluble receptor
1145	GFRA2	GDNF family receptor alpha-2	Predicted intracellular proteins		Receptor		Immune cell enhanced	intermediate monocyte: 9.3	Group enriched	Intracellular and membrane	Tissue enhanced	1	0	0	0	0	0	0	0	0	0	0	0	0	1	1	Myeloid/Monocyte	0	0	2	1	Immune-cell-enriched
1146	GFRA3	GDNF family receptor alpha-3	Predicted membrane proteins		Receptor		Not detected in immune cells		Not detected		Tissue enhanced	1	0	0	0	0	0	0	0	0	0	0	0	0	1	0		0	0	0	0	Soluble receptor
1147	GFRAL	GDNF family receptor alpha-like	Predicted membrane proteins		Hormone, Receptor		Not detected in immune cells		Not detected		Not detected	1	0	0	0	0	0	0	0	0	0	0	0	0	1	0		0	0	0	0	Soluble receptor
1148	GGA1	ADP-ribosylation factor-binding protein GGA1	Predicted intracellular proteins, Transporters	Protein transport, Transport			Low immune cell specificity		Low lineage specificity		Tissue enhanced	1	0	0	0	0	0	0	0	0	0	0	0	0	0	0		0	0	0	0	Non-immune
1149	GGACT	Gamma-glutamylaminecyclotransferase	Enzymes, Metabolic proteins, Predicted intracellular proteins		Lyase		Low immune cell specificity		Low lineage specificity		Tissue enriched	1	0	0	0	0	0	0	0	0	0	0	0	0	0	0		0	0	0	0	Non-immune
1150	GGCT	Gamma-glutamylcyclotransferase	Enzymes, Metabolic proteins, Plasma proteins, Predicted intracellular proteins		Lyase		Low immune cell specificity		Low lineage specificity		Low tissue specificity	1	0	0	0	0	0	0	0	0	0	0	0	0	0	0		0	0	0	0	Non-immune
1151	GGH	Gamma-glutamyl hydrolase	Enzymes, Metabolic proteins, Plasma proteins, Predicted intracellular proteins		Hydrolase		Immune cell enriched	plasmacytoid DC: 30.6	Lineage enriched	Intracellular and membrane	Tissue enhanced	1	0	0	0	0	0	0	0	0	0	0	0	0	0	1	Myeloid/Monocyte;Dendritic	0	0	2	1	Immune-cell-enriched
1152	GGT1	Glutathione hydrolase 1 proenzyme	Candidate cardiovascular disease genes, CD markers, Disease related genes, Enzymes, Metabolic proteins, Plasma proteins, Potential drug targets, Predicted intracellular proteins, Predicted membrane proteins	Glutathione biosynthesis, Lipid metabolism	Acyltransferase, Hydrolase, Protease, Transferase	Disease variant, Intellectual disability	Low immune cell specificity		Low lineage specificity	Intracellular and membrane	Tissue enhanced	1	0	0	0	0	0	0	0	0	0	0	0	0	0	0		0	0	0	0	Non-immune
1153	GGT5	Glutathione hydrolase 5 proenzyme	Enzymes, Metabolic proteins, Predicted intracellular proteins	Glutathione biosynthesis, Leukotriene biosynthesis	Acyltransferase, Hydrolase, Protease, Transferase		Immune cell enhanced	basophil: 2.3;eosinophil: 4.5	Lineage enriched		Low tissue specificity	1	0	0	0	0	0	0	0	0	0	0	0	0	0	1	Granulocyte	0	0	2	1	Immune-cell-enriched
1154	GH1	Somatotropin	Cancer-related genes, Candidate cardiovascular disease genes, Disease related genes, Human disease related genes, Predicted intracellular proteins, Predicted secreted proteins		Hormone	Cancer-related genes, Disease variant, Dwarfism	Not detected in immune cells		Not detected	Secreted to blood	Tissue enriched	1	0	0	0	0	0	0	0	0	0	0	0	0	0	0		1	0	0	0	Non-immune
1155	GH2	Growth hormone variant	Cancer-related genes, Predicted secreted proteins		Hormone	Cancer-related genes	Not detected in immune cells		Not detected	Secreted to blood	Group enriched	1	0	0	0	0	0	0	0	0	0	0	0	0	0	0		1	0	0	0	Non-immune
1156	GHR	Growth hormone receptor	Disease related genes, FDA approved drug targets, Human disease related genes, Predicted membrane proteins, Predicted secreted proteins	Endocytosis	Receptor	Disease variant, Dwarfism, FDA approved drug targets	Not detected in immune cells		Not detected	Secreted to blood	Tissue enhanced	1	0	0	0	0	0	0	0	0	0	0	0	0	1	0		1	0	0	0	Soluble receptor
1157	GHRHR	Growth hormone-releasing hormone receptor	Disease related genes, FDA approved drug targets, G-protein coupled receptors, Human disease related genes, Predicted intracellular proteins, Predicted membrane proteins, Transporters		G-protein coupled receptor, Receptor, Transducer	Disease variant, Dwarfism, FDA approved drug targets	Not detected in immune cells		Not detected		Tissue enriched	1	0	0	0	0	0	0	0	0	0	0	0	0	1	0		0	0	0	0	Soluble receptor
1158	GHRL	Appetite-regulating hormone	Human disease related genes, Plasma proteins, Predicted intracellular proteins, Predicted secreted proteins		Hormone		Group enriched	basophil: 17.6;classical monocyte: 11.1;eosinophil: 12.4;myeloid DC: 41.9;neutrophil: 25.9;plasmacytoid DC: 28.6	Group enriched	Secreted to blood	Tissue enriched	1	0	0	0	0	0	0	0	0	0	0	0	0	0	1	Myeloid/Monocyte;Granulocyte;Dendritic	1	0	2	1	Immune-cell-enriched
1159	GID8	Glucose-induced degradation protein 8 homolog	Predicted intracellular proteins	Wnt signaling pathway			Low immune cell specificity		Low lineage specificity		Low tissue specificity	1	0	0	0	0	0	0	0	0	0	0	0	0	0	0		0	0	0	0	Non-immune
1160	GIGYF2	GRB10-interacting GYF protein 2	Disease related genes, Human disease related genes, Predicted intracellular proteins			Disease variant, Neurodegeneration, Parkinson disease, Parkinsonism	Low immune cell specificity		Low lineage specificity		Low tissue specificity	1	0	0	0	0	0	0	0	0	0	0	0	0	0	0		0	0	0	0	Non-immune
1161	GIMAP7	GTPase IMAP family member 7	Predicted intracellular proteins				Low immune cell specificity		Group enriched		Tissue enhanced	1	0	0	0	0	0	0	0	0	0	0	0	0	0	0		0	0	0	0	Non-immune
1162	GIMAP8	GTPase IMAP family member 8	Predicted intracellular proteins				Low immune cell specificity		Low lineage specificity		Tissue enhanced	1	0	0	0	0	0	0	0	0	0	0	0	0	0	0		0	0	0	0	Non-immune
1163	GIP	Gastric inhibitory polypeptide	FDA approved drug targets, Plasma proteins, Predicted secreted proteins		Hormone	FDA approved drug targets	Not detected in immune cells		Not detected	Secreted to blood	Tissue enriched	1	0	0	0	0	0	0	0	0	0	0	0	0	0	0		1	0	0	0	Non-immune
1164	GIPC2	PDZ domain-containing protein GIPC2	Predicted intracellular proteins				Not detected in immune cells		Not detected		Tissue enhanced	1	0	0	0	0	0	0	0	0	0	0	0	0	0	0		0	0	0	0	Non-immune
1165	GIPC3	PDZ domain-containing protein GIPC3	Disease related genes, Human disease related genes, Predicted intracellular proteins			Deafness, Disease variant, Non-syndromic deafness	Not detected in immune cells		Not detected		Tissue enhanced	1	0	0	0	0	0	0	0	0	0	0	0	0	0	0		0	0	0	0	Non-immune
1166	GIPR	Gastric inhibitory polypeptide receptor	G-protein coupled receptors, Predicted intracellular proteins, Predicted membrane proteins, Transporters		G-protein coupled receptor, Receptor, Transducer		Low immune cell specificity		Low lineage specificity		Tissue enhanced	1	0	0	0	0	0	0	0	0	0	0	0	0	1	0		0	0	0	0	Soluble receptor
1167	GIT1	ARF GTPase-activating protein GIT1	Plasma proteins, Predicted intracellular proteins		GTPase activation		Low immune cell specificity		Low lineage specificity		Tissue enhanced	1	0	0	0	0	0	0	0	0	0	0	0	0	0	0		0	0	0	0	Non-immune
1168	GJA8	Gap junction alpha-8 protein	Disease related genes, Human disease related genes, Potential drug targets, Predicted membrane proteins, Transporters			Cataract, Disease variant	Not detected in immune cells		Not detected		Tissue enriched	1	0	0	0	0	0	0	0	0	0	0	0	0	0	0		0	0	0	0	Non-immune
1169	GKN1	Gastrokine-1	Plasma proteins, Predicted secreted proteins, Transporters		Mitogen		Not detected in immune cells		Not detected	Secreted to digestive system	Tissue enriched	1	0	0	0	0	0	0	0	0	0	0	0	0	0	0		1	0	0	0	Non-immune
1170	GLA	Alpha-galactosidase A	Disease related genes, Enzymes, Human disease related genes, Metabolic proteins, Potential drug targets, Predicted intracellular proteins	Lipid metabolism	Glycosidase, Hydrolase	Disease variant	Low immune cell specificity		Low lineage specificity	Intracellular and membrane	Low tissue specificity	1	0	0	0	0	0	0	0	0	0	0	0	0	0	0		0	0	0	0	Non-immune
1171	GLB1	Beta-galactosidase	Disease related genes, Enzymes, Human disease related genes, Metabolic proteins, Plasma proteins, Potential drug targets, Predicted intracellular proteins		Glycosidase, Hydrolase	Disease variant, Gangliosidosis, Mucopolysaccharidosis	Low immune cell specificity		Low lineage specificity	Intracellular and membrane	Low tissue specificity	1	0	0	0	0	0	0	0	0	0	0	0	0	0	0		0	0	0	0	Non-immune
1172	GLI2	Zinc finger protein GLI2	Disease related genes, Human disease related genes, Predicted intracellular proteins, Transcription factors	Transcription, Transcription regulation	Activator, Developmental protein, DNA-binding, Repressor	Disease variant, Holoprosencephaly	Not detected in immune cells		Not detected		Tissue enhanced	1	0	0	0	0	0	0	0	0	0	0	0	0	0	0		0	0	0	0	Non-immune
1173	GLIPR1	Glioma pathogenesis-related protein 1	Predicted intracellular proteins, Predicted membrane proteins, Transporters				Low immune cell specificity		Low lineage specificity	Intracellular and membrane	Tissue enhanced	1	0	0	0	0	0	0	0	0	0	0	0	0	0	0		0	0	0	0	Non-immune
1174	GLO1	Lactoylglutathione lyase	Cancer-related genes, Enzymes, Metabolic proteins, Plasma proteins, Predicted intracellular proteins		Lyase	Cancer-related genes	Low immune cell specificity		Low lineage specificity		Low tissue specificity	1	0	0	0	0	0	0	0	0	0	0	0	0	0	0		0	0	0	0	Non-immune
1175	GLOD4	Glyoxalase domain-containing protein 4	Metabolic proteins, Predicted intracellular proteins				Low immune cell specificity		Low lineage specificity		Low tissue specificity	1	0	0	0	0	0	0	0	0	0	0	0	0	0	0		0	0	0	0	Non-immune
1176	GLP1R	Glucagon-like peptide 1 receptor	FDA approved drug targets, G-protein coupled receptors, Predicted membrane proteins, Transporters		G-protein coupled receptor, Receptor, Transducer	FDA approved drug targets	Not detected in immune cells		Not detected		Tissue enhanced	1	0	0	0	0	0	0	0	0	0	0	0	0	1	0		0	0	0	0	Soluble receptor
1177	GLRX	Glutaredoxin-1	Metabolic proteins, Plasma proteins, Predicted intracellular proteins	Electron transport, Transport			Low immune cell specificity		Low lineage specificity		Tissue enhanced	1	0	0	0	0	0	0	0	0	0	0	0	0	0	0		0	0	0	0	Non-immune
1178	GLRX5	Glutaredoxin-related protein 5, mitochondrial	Disease related genes, Human disease related genes, Predicted intracellular proteins			Disease variant	Low immune cell specificity		Low lineage specificity		Low tissue specificity	1	0	0	0	0	0	0	0	0	0	0	0	0	0	0		0	0	0	0	Non-immune
1179	GLT8D2	Glycosyltransferase 8 domain-containing protein 2	Metabolic proteins, Predicted intracellular proteins		Glycosyltransferase, Transferase		Not detected in immune cells		Not detected		Low tissue specificity	1	0	0	0	0	0	0	0	0	0	0	0	0	0	0		0	0	0	0	Non-immune
1180	GLYR1	Putative oxidoreductase GLYR1	Predicted intracellular proteins		DNA-binding		Low immune cell specificity		Low lineage specificity		Low tissue specificity	1	0	0	0	0	0	0	0	0	0	0	0	0	0	0		0	0	0	0	Non-immune
1181	GM2A	Ganglioside GM2 activator	Disease related genes, Human disease related genes, Metabolic proteins, Plasma proteins, Predicted intracellular proteins	Lipid metabolism, Sphingolipid metabolism	Hydrolase	Disease variant, Gangliosidosis	Low immune cell specificity		Group enriched	Intracellular and membrane	Low tissue specificity	1	0	0	0	0	0	0	0	0	0	0	0	0	0	0		0	0	0	0	Non-immune
1182	GMFG	Glia maturation factor gamma	Plasma proteins, Predicted intracellular proteins		Growth factor		Low immune cell specificity		Low lineage specificity		Tissue enhanced	1	0	0	0	0	0	0	0	0	0	0	0	0	0	0		0	0	0	0	Non-immune
1183	GMPR	GMP reductase 1	Enzymes, Metabolic proteins, Plasma proteins, Predicted intracellular proteins	Purine metabolism	Oxidoreductase		Immune cell enhanced	basophil: 14.9	Group enriched		Tissue enhanced	1	0	0	0	0	0	0	0	0	0	0	0	0	0	1	Granulocyte	0	0	2	1	Immune-cell-enriched
1184	GMPR2	GMP reductase 2	Enzymes, Metabolic proteins, Plasma proteins, Predicted intracellular proteins	Purine metabolism	Oxidoreductase		Low immune cell specificity		Low lineage specificity		Low tissue specificity	1	0	0	0	0	0	0	0	0	0	0	0	0	0	0		0	0	0	0	Non-immune
1185	GNAS	Neuroendocrine secretory protein 55	Cancer-related genes, Disease related genes, Human disease related genes, Potential drug targets, Predicted intracellular proteins, Predicted membrane proteins, Transporters		Hydrolase, Transducer	Cancer-related genes, Cushing syndrome, Disease variant, Dwarfism, Obesity, Proto-oncogene	Low immune cell specificity		Low lineage specificity		Low tissue specificity	1	0	0	0	0	0	0	0	0	0	0	0	0	0	0		0	0	0	0	Non-immune
1186	GNE	Bifunctional UDP-N-acetylglucosamine 2-epimerase/N-acetylmannosamine kinase	Disease related genes, Enzymes, Human disease related genes, Metabolic proteins, Potential drug targets, Predicted intracellular proteins, Predicted membrane proteins		Allosteric enzyme, Hydrolase, Kinase, Multifunctional enzyme, Transferase	Disease variant	Low immune cell specificity		Low lineage specificity		Group enriched	1	0	0	0	0	0	0	0	0	0	0	0	0	0	0		0	0	0	0	Non-immune
1187	GNGT1	Guanine nucleotide-binding protein G(T) subunit gamma-T1	Predicted intracellular proteins, RAS pathway related proteins		Transducer		Not detected in immune cells		Not detected		Tissue enriched	1	0	0	0	0	0	0	0	0	0	0	0	0	0	0		0	0	0	0	Non-immune
1188	GNLY	Granulysin	Predicted intracellular proteins, Predicted secreted proteins, Transporters		Antibiotic, Antimicrobial, Fungicide		Immune cell enhanced	NK-cell: 17662.2	Group enriched	Secreted to blood	Tissue enhanced	1	0	0	0	0	0	0	0	0	0	0	0	0	0	1	NK-cell	1	0	2	1	Immune-cell-enriched
1189	GNPDA1	Glucosamine-6-phosphate isomerase 1	Enzymes, Metabolic proteins, Predicted intracellular proteins	Carbohydrate metabolism	Hydrolase, Isomerase		Low immune cell specificity		Low lineage specificity		Low tissue specificity	1	0	0	0	0	0	0	0	0	0	0	0	0	0	0		0	0	0	0	Non-immune
1190	GNPDA2	Glucosamine-6-phosphate isomerase 2	Enzymes, Metabolic proteins, Predicted intracellular proteins	Carbohydrate metabolism	Hydrolase, Isomerase		Low immune cell specificity		Low lineage specificity		Low tissue specificity	1	0	0	0	0	0	0	0	0	0	0	0	0	0	0		0	0	0	0	Non-immune
1191	GOLGA3	Golgin subfamily A member 3	Predicted intracellular proteins				Low immune cell specificity		Low lineage specificity		Low tissue specificity	1	0	0	0	0	0	0	0	0	0	0	0	0	0	0		0	0	0	0	Non-immune
1192	GOLM2	Protein GOLM2	Predicted intracellular proteins				Low immune cell specificity		Low lineage specificity		Low tissue specificity	1	0	0	0	0	0	0	0	0	0	0	0	0	0	0		0	0	0	0	Non-immune
1193	GOPC	Golgi-associated PDZ and coiled-coil motif-containing protein	Cancer-related genes, Disease related genes, Potential drug targets, Predicted intracellular proteins, Transporters	Protein transport, Transport		Cancer-related genes	Low immune cell specificity		Low lineage specificity		Low tissue specificity	1	0	0	0	0	0	0	0	0	0	0	0	0	0	0		0	0	0	0	Non-immune
1194	GORASP2	Golgi reassembly-stacking protein 2	Predicted intracellular proteins	Differentiation, Spermatogenesis			Low immune cell specificity		Low lineage specificity		Low tissue specificity	1	0	0	0	0	0	0	0	0	0	0	0	0	0	0		0	0	0	0	Non-immune
1195	GOT1	Aspartate aminotransferase, cytoplasmic	Cancer-related genes, Enzymes, Metabolic proteins, Plasma proteins, Predicted intracellular proteins	Amino-acid biosynthesis	Aminotransferase, Transferase	Cancer-related genes	Low immune cell specificity		Low lineage specificity		Tissue enhanced	1	0	0	0	0	0	0	0	0	0	0	0	0	0	0		0	0	0	0	Non-immune
1196	GP1BA	Platelet glycoprotein Ib alpha chain	CD markers, Disease related genes, Human disease related genes, Plasma proteins, Predicted membrane proteins	Blood coagulation, Cell adhesion, Hemostasis		Bernard Soulier syndrome, Disease variant, von Willebrand disease	Immune cell enriched	basophil: 7.0	Lineage enriched		Tissue enhanced	1	0	0	0	0	0	0	0	0	0	0	0	0	0	1	Granulocyte	0	0	2	1	Immune-cell-enriched
1197	GP1BB	Platelet glycoprotein Ib beta chain	CD markers, Disease related genes, Human disease related genes, Predicted membrane proteins	Blood coagulation, Cell adhesion, Hemostasis		Bernard Soulier syndrome, Disease variant	Group enriched	basophil: 73.7;neutrophil: 74.7	Lineage enriched		Tissue enriched	1	0	0	0	0	0	0	0	0	0	0	0	0	0	1	Granulocyte	0	0	2	1	Immune-cell-enriched
1198	GP2	Pancreatic secretory granule membrane major glycoprotein GP2	Predicted intracellular proteins, Predicted membrane proteins, Predicted secreted proteins	Immunity, Innate immunity	Receptor		Not detected in immune cells		Not detected	Secreted to digestive system	Tissue enriched	1	0	0	0	0	0	0	0	0	0	0	0	0	0	0		1	1	1	0	Other immune-annotated
1199	GP5	Platelet glycoprotein V	CD markers, Plasma proteins, Predicted membrane proteins	Blood coagulation, Cell adhesion, Hemostasis			Not detected in immune cells		Not detected		Tissue enhanced	1	0	0	0	0	0	0	0	0	0	0	0	0	0	0		0	0	0	0	Non-immune
1200	GP6	Platelet glycoprotein VI	Disease related genes, Human disease related genes, Plasma proteins, Predicted intracellular proteins, Predicted membrane proteins	Blood coagulation, Hemostasis	Receptor	Disease variant	Not detected in immune cells		Not detected	Intracellular and membrane	Tissue enhanced	1	0	0	0	0	0	0	0	0	0	0	0	0	0	0		0	0	0	0	Non-immune
1201	GPA33	Cell surface A33 antigen	Cancer-related genes, Plasma proteins, Predicted intracellular proteins, Predicted membrane proteins			Cancer-related genes	Immune cell enhanced	naive CD4 T-cell: 24.3;T-reg: 19.6	Lineage enriched		Tissue enriched	1	0	0	0	0	0	0	0	0	0	0	0	0	0	1	T-cell	0	0	2	1	Immune-cell-enriched
1202	GPC1	Glypican-1	Disease related genes, Predicted intracellular proteins, Predicted membrane proteins				Not detected in immune cells		Not detected	Intracellular and membrane	Tissue enhanced	1	0	0	0	0	0	0	0	0	0	0	0	0	0	0		0	0	0	0	Non-immune
1203	GPC5	Glypican-5	Predicted intracellular proteins				Not detected in immune cells		Not detected	Intracellular and membrane	Tissue enhanced	1	0	0	0	0	0	0	0	0	0	0	0	0	0	0		0	0	0	0	Non-immune
1204	GPD1	Glycerol-3-phosphate dehydrogenase	Disease related genes, Enzymes, Metabolic proteins, Plasma proteins, Potential drug targets, Predicted intracellular proteins		Oxidoreductase	Disease variant	Not detected in immune cells		Not detected		Tissue enhanced	1	0	0	0	0	0	0	0	0	0	0	0	0	0	0		0	0	0	0	Non-immune
1205	GPHA2	Glycoprotein hormone alpha-2	Predicted secreted proteins		Hormone		Not detected in immune cells		Not detected	Secreted to blood	Tissue enriched	1	0	0	0	0	0	0	0	0	0	0	0	0	0	0		1	0	0	0	Non-immune
1206	GPI	Glucose-6-phosphate isomerase	Cancer-related genes, Disease related genes, Enzymes, Human disease related genes, Metabolic proteins, Plasma proteins, Potential drug targets, Predicted intracellular proteins, Predicted membrane proteins, Predicted secreted proteins	Gluconeogenesis, Glycolysis	Cytokine, Growth factor, Isomerase	Cancer-related genes, Disease variant, Hereditary hemolytic anemia	Low immune cell specificity		Low lineage specificity	Secreted to blood	Low tissue specificity	1	0	0	0	0	0	0	0	0	0	0	0	0	0	0		1	0	0	0	Non-immune
1207	GPIHBP1	Glycosylphosphatidylinositol-anchored high density lipoprotein-binding protein 1	Disease related genes, Human disease related genes, Metabolic proteins, Predicted intracellular proteins	Transport		Disease variant	Not detected in immune cells		Not detected	Intracellular and membrane	Tissue enhanced	1	0	0	0	0	0	0	0	0	0	0	0	0	0	0		0	0	0	0	Non-immune
1208	GPKOW	G-patch domain and KOW motifs-containing protein	Essential proteins, Predicted intracellular proteins	mRNA processing, mRNA splicing	RNA-binding		Low immune cell specificity		Low lineage specificity		Low tissue specificity	1	0	0	0	0	0	0	0	0	0	0	0	0	0	0		0	0	0	0	Non-immune
1209	GPNMB	Transmembrane glycoprotein NMB	Disease related genes, Human disease related genes, Plasma proteins, Predicted intracellular proteins, Predicted membrane proteins			Amyloidosis, Disease variant	Group enriched	classical monocyte: 2.1;intermediate monocyte: 3.9	Lineage enriched	Intracellular and membrane	Tissue enhanced	1	0	0	0	0	0	0	0	0	0	0	0	0	0	1	Myeloid/Monocyte	0	0	2	1	Immune-cell-enriched
1210	GPR101	Probable G-protein coupled receptor 101	Disease related genes, G-protein coupled receptors, Human disease related genes, Potential drug targets, Predicted membrane proteins		G-protein coupled receptor, Receptor, Transducer	Disease variant	Not detected in immune cells		Not detected		Tissue enriched	1	0	0	0	0	0	0	0	0	0	0	0	0	1	0		0	0	0	0	Soluble receptor
1211	GPR158	Probable G-protein coupled receptor 158	G-protein coupled receptors, Predicted membrane proteins		G-protein coupled receptor, Receptor, Transducer		Not detected in immune cells		Not detected		Group enriched	1	0	0	0	0	0	0	0	0	0	0	0	0	1	0		0	0	0	0	Soluble receptor
1212	GPR15L	Protein GPR15L										0	0	0	0	0	0	0	0	0	0	0	0	0	0	0		0	0	0	0	Non-immune
1213	GPR37	Prosaposin receptor GPR37	G-protein coupled receptors, Predicted membrane proteins, Transporters		G-protein coupled receptor, Receptor, Transducer		Not detected in immune cells		Not detected		Group enriched	1	0	0	0	0	0	0	0	0	0	0	0	0	1	0		0	0	0	0	Soluble receptor
1214	GPRC5C	G-protein coupled receptor family C group 5 member C	G-protein coupled receptors, Predicted intracellular proteins, Predicted membrane proteins, Transporters		G-protein coupled receptor, Receptor, Transducer		Immune cell enhanced	plasmacytoid DC: 7.9	Group enriched		Tissue enhanced	1	0	0	0	0	0	0	0	0	0	0	0	0	1	1	Myeloid/Monocyte;Dendritic	0	0	2	1	Immune-cell-enriched
1215	GRAP2	GRB2-related adapter protein 2	Plasma proteins, Predicted intracellular proteins				Group enriched	gdT-cell: 51.5;MAIT T-cell: 38.3;memory CD4 T-cell: 37.6;memory CD8 T-cell: 56.2;naive CD4 T-cell: 31.3;naive CD8 T-cell: 58.4;T-reg: 35.1	Lineage enriched		Tissue enriched	1	0	0	0	0	0	0	0	0	0	0	0	0	0	1	T-cell	0	0	2	1	Immune-cell-enriched
1216	GRHPR	Glyoxylate reductase/hydroxypyruvate reductase	Disease related genes, Enzymes, Human disease related genes, Metabolic proteins, Plasma proteins, Potential drug targets, Predicted intracellular proteins		Oxidoreductase		Low immune cell specificity		Low lineage specificity		Tissue enhanced	1	0	0	0	0	0	0	0	0	0	0	0	0	0	0		0	0	0	0	Non-immune
1217	GRIK2	Glutamate receptor ionotropic, kainate 2	Disease related genes, FDA approved drug targets, Human disease related genes, Predicted intracellular proteins, Predicted membrane proteins	Ion transport, Transport	Ion channel, Ligand-gated ion channel, Receptor	Disease variant, Epilepsy, FDA approved drug targets, Intellectual disability	Not detected in immune cells		Not detected	Intracellular and membrane	Group enriched	1	0	0	0	0	0	0	0	0	0	0	0	0	1	0		0	0	0	0	Soluble receptor
1218	GRIN2B	Glutamate receptor ionotropic, NMDA 2B	Disease related genes, FDA approved drug targets, Human disease related genes, Predicted intracellular proteins, Predicted membrane proteins, RAS pathway related proteins	Ion transport, Transport	Ion channel, Ligand-gated ion channel, Receptor	Disease variant, Epilepsy, FDA approved drug targets, Intellectual disability	Not detected in immune cells		Not detected		Tissue enriched	1	0	0	0	0	0	0	0	0	0	0	0	0	1	0		0	0	0	0	Soluble receptor
1219	GRK5	G protein-coupled receptor kinase 5	Enzymes, Predicted intracellular proteins	Apoptosis, Wnt signaling pathway	Kinase, Serine/threonine-protein kinase, Transferase		Low immune cell specificity		Low lineage specificity		Low tissue specificity	1	0	0	0	0	0	0	0	0	0	0	0	0	1	0		0	0	0	0	Soluble receptor
1220	GRN	Progranulin	Disease related genes, Human disease related genes, Plasma proteins, Predicted intracellular proteins, Predicted secreted proteins		Cytokine	Neurodegeneration, Neuronal ceroid lipofuscinosis	Group enriched	classical monocyte: 2059.0;intermediate monocyte: 1123.1;myeloid DC: 1535.9;neutrophil: 854.4;non-classical monocyte: 550.5;plasmacytoid DC: 1334.2	Group enriched	Secreted to blood	Low tissue specificity	1	0	0	0	0	0	0	0	0	0	0	0	0	0	1	Myeloid/Monocyte;Granulocyte;Dendritic	1	0	2	1	Immune-cell-enriched
1221	GRP	Gastrin-releasing peptide	Predicted intracellular proteins, Predicted secreted proteins	Mast cell degranulation			Not detected in immune cells		Not detected	Secreted in other tissues	Tissue enhanced	1	0	0	0	0	0	0	0	0	0	0	0	0	0	0		1	1	1	0	Other immune-annotated
1222	GRPEL1	GrpE protein homolog 1, mitochondrial	Essential proteins, Predicted intracellular proteins		Chaperone		Low immune cell specificity		Low lineage specificity		Low tissue specificity	1	0	0	0	0	0	0	0	0	0	0	0	0	0	0		0	0	0	0	Non-immune
1223	GRSF1	G-rich sequence factor 1	Predicted intracellular proteins	mRNA processing, tRNA processing	RNA-binding		Low immune cell specificity		Low lineage specificity		Tissue enhanced	1	0	0	0	0	0	0	0	0	0	0	0	0	0	0		0	0	0	0	Non-immune
1224	GSAP	Gamma-secretase-activating protein	Predicted intracellular proteins				Low immune cell specificity		Low lineage specificity		Low tissue specificity	1	0	0	0	0	0	0	0	0	0	0	0	0	0	0		0	0	0	0	Non-immune
1225	GSN	Gelsolin	Cancer-related genes, Disease related genes, Human disease related genes, Plasma proteins, Predicted intracellular proteins, Predicted secreted proteins	Cilium biogenesis/degradation	Actin capping, Actin-binding	Amyloidosis, Cancer-related genes, Corneal dystrophy, Disease variant	Immune cell enhanced	eosinophil: 1140.0	Low lineage specificity	Secreted to blood	Tissue enhanced	1	0	0	0	0	0	0	0	0	0	0	0	0	0	1	Granulocyte	1	0	2	1	Immune-cell-enriched
1226	GSR	Glutathione reductase, mitochondrial	Cancer-related genes, Disease related genes, Enzymes, FDA approved drug targets, Human disease related genes, Metabolic proteins, Plasma proteins, Predicted intracellular proteins		Oxidoreductase	Cancer-related genes, Disease variant, FDA approved drug targets, Hereditary hemolytic anemia	Immune cell enhanced	basophil: 32.3	Low lineage specificity		Low tissue specificity	1	0	0	0	0	0	0	0	0	0	0	0	0	0	1	Granulocyte	0	0	2	1	Immune-cell-enriched
1227	GSTA1	Glutathione S-transferase A1	Enzymes, Metabolic proteins, Plasma proteins, Predicted intracellular proteins	Lipid metabolism	Isomerase, Oxidoreductase, Peroxidase, Transferase		Not detected in immune cells		Not detected		Tissue enhanced	1	0	0	0	0	0	0	0	0	0	0	0	0	0	0		0	0	0	0	Non-immune
1228	GSTA3	Glutathione S-transferase A3	Enzymes, Metabolic proteins, Predicted intracellular proteins	Lipid metabolism	Transferase		Not detected in immune cells		Not detected		Group enriched	1	0	0	0	0	0	0	0	0	0	0	0	0	0	0		0	0	0	0	Non-immune
1229	GSTM4	Glutathione S-transferase Mu 4	Enzymes, Metabolic proteins, Predicted intracellular proteins	Lipid metabolism	Lyase, Transferase		Immune cell enriched	eosinophil: 343.9	Lineage enriched		Tissue enhanced	1	0	0	0	0	0	0	0	0	0	0	0	0	0	1	Granulocyte	0	0	2	1	Immune-cell-enriched
1230	GSTP1	Glutathione S-transferase P	Cancer-related genes, Enzymes, Human disease related genes, Metabolic proteins, Plasma proteins, Predicted intracellular proteins	Lipid metabolism	Transferase	Cancer-related genes	Low immune cell specificity		Low lineage specificity		Tissue enhanced	1	0	0	0	0	0	0	0	0	0	0	0	0	0	0		0	0	0	0	Non-immune
1231	GSTT2B	Glutathione S-transferase theta-2B	Enzymes, Metabolic proteins, Predicted intracellular proteins		Transferase		Not detected in immune cells		Not detected		Group enriched	0	0	0	0	0	0	0	0	0	0	0	0	0	0	0		0	0	0	0	Non-immune
1232	GTF2IRD1	General transcription factor II-I repeat domain-containing protein 1	Disease related genes, Human disease related genes, Predicted intracellular proteins	Transcription, Transcription regulation	Developmental protein, DNA-binding	Williams-Beuren syndrome	Not detected in immune cells		Not detected		Tissue enhanced	1	0	0	0	0	0	0	0	0	0	0	0	0	0	0		0	0	0	0	Non-immune
1233	GTPBP2	GTP-binding protein 2	Disease related genes, Human disease related genes, Predicted intracellular proteins			Disease variant, Intellectual disability	Immune cell enhanced	basophil: 5.4	Lineage enriched		Low tissue specificity	1	0	0	0	0	0	0	0	0	0	0	0	0	0	1	Granulocyte	0	0	2	1	Immune-cell-enriched
1234	GUCA2A	Guanylin	Plasma proteins, Predicted secreted proteins				Not detected in immune cells		Not detected	Secreted to blood	Tissue enriched	1	0	0	0	0	0	0	0	0	0	0	0	0	0	0		1	0	0	0	Non-immune
1235	GUCY2C	Heat-stable enterotoxin receptor	Disease related genes, Enzymes, FDA approved drug targets, Human disease related genes, Metabolic proteins, Predicted membrane proteins, Transporters	cGMP biosynthesis	Lyase, Receptor	Disease variant, FDA approved drug targets	Immune cell enhanced	memory B-cell: 1.5	Low lineage specificity		Tissue enriched	1	0	0	0	0	0	0	0	0	0	0	0	0	1	1	B-cell	0	0	2	1	Immune-cell-enriched
1236	GUK1	Guanylate kinase	Enzymes, Essential proteins, Metabolic proteins, Predicted intracellular proteins		Kinase, Transferase	Disease variant	Low immune cell specificity		Low lineage specificity		Tissue enhanced	1	0	0	0	0	0	0	0	0	0	0	0	0	0	0		0	0	0	0	Non-immune
1237	GUSB	Beta-glucuronidase	Cancer-related genes, Disease related genes, Enzymes, Human disease related genes, Metabolic proteins, Plasma proteins, Potential drug targets, Predicted intracellular proteins		Glycosidase, Hydrolase	Cancer-related genes, Disease variant, Mucopolysaccharidosis	Low immune cell specificity		Low lineage specificity	Intracellular and membrane	Low tissue specificity	1	0	0	0	0	0	0	0	0	0	0	0	0	0	0		0	0	0	0	Non-immune
1238	GYS1	Glycogen [starch] synthase, muscle	Disease related genes, Enzymes, Human disease related genes, Metabolic proteins, Plasma proteins, Potential drug targets, Predicted intracellular proteins	Glycogen biosynthesis	Allosteric enzyme, Glycosyltransferase, Transferase	Diabetes mellitus, Disease variant	Low immune cell specificity		Low lineage specificity		Group enriched	1	0	0	0	0	0	0	0	0	0	0	0	0	0	0		0	0	0	0	Non-immune
1239	GZMA	Granzyme A	Enzymes, Predicted secreted proteins	Cytolysis	Hydrolase, Protease, Serine protease		Group enriched	gdT-cell: 943.6;MAIT T-cell: 927.9;memory CD4 T-cell: 250.8;memory CD8 T-cell: 922.8;naive CD8 T-cell: 495.6;NK-cell: 720.7	Group enriched	Secreted to blood	Tissue enhanced	1	0	0	0	0	0	0	0	0	0	0	0	0	0	1	T-cell;NK-cell	1	0	2	1	Immune-cell-enriched
1240	GZMB	Granzyme B	Enzymes, Plasma proteins, Predicted intracellular proteins, Predicted secreted proteins	Apoptosis, Cytolysis	Hydrolase, Protease, Serine protease		Immune cell enriched	plasmacytoid DC: 6750.5	Lineage enriched	Secreted to blood	Group enriched	1	0	0	0	0	0	0	0	0	0	0	0	0	0	1	Myeloid/Monocyte;Dendritic	1	0	2	1	Immune-cell-enriched
1241	GZMH	Granzyme H	Enzymes, Predicted secreted proteins	Cytolysis	Hydrolase, Protease, Serine protease		Group enriched	gdT-cell: 1682.7;memory CD4 T-cell: 492.5;memory CD8 T-cell: 1389.7;naive CD8 T-cell: 1217.5	Lineage enriched	Secreted to blood	Tissue enhanced	1	0	0	0	0	0	0	0	0	0	0	0	0	0	1	T-cell	1	0	2	1	Immune-cell-enriched
1242	H2AP	Huntingtin-interacting protein M	Predicted intracellular proteins				Not detected in immune cells		Not detected		Tissue enriched	1	0	0	0	0	0	0	0	0	0	0	0	0	0	0		0	0	0	0	Non-immune
1243	HADH	Hydroxyacyl-coenzyme A dehydrogenase, mitochondrial	Disease related genes, Enzymes, FDA approved drug targets, Human disease related genes, Metabolic proteins, Predicted intracellular proteins	Differentiation, Fatty acid metabolism, Lipid metabolism, Spermatogenesis	Oxidoreductase, Transferase	Disease variant, FDA approved drug targets	Low immune cell specificity		Low lineage specificity		Low tissue specificity	1	0	0	0	0	0	0	0	0	0	0	0	0	0	0		0	0	0	0	Non-immune
1244	HAGH	Hydroxyacylglutathione hydrolase, mitochondrial	Enzymes, Metabolic proteins, Plasma proteins, Predicted intracellular proteins		Hydrolase		Low immune cell specificity		Low lineage specificity		Low tissue specificity	1	0	0	0	0	0	0	0	0	0	0	0	0	0	0		0	0	0	0	Non-immune
1245	HAO1	Hydroxyacid oxidase 1	Enzymes, FDA approved drug targets, Metabolic proteins, Predicted intracellular proteins	Amino-acid biosynthesis	Oxidoreductase	FDA approved drug targets	Not detected in immune cells		Not detected		Tissue enriched	1	0	0	0	0	0	0	0	0	0	0	0	0	0	0		0	0	0	0	Non-immune
1246	HARS1	Histidine--tRNA ligase, cytoplasmic	Disease related genes, Enzymes, Essential proteins, Human disease related genes, Metabolic proteins, Plasma proteins, Potential drug targets, Predicted intracellular proteins	Protein biosynthesis	Aminoacyl-tRNA synthetase, Ligase	Charcot-Marie-Tooth disease, Deafness, Disease variant, Neurodegeneration, Neuropathy, Retinitis pigmentosa, Usher syndrome	Low immune cell specificity		Low lineage specificity		Low tissue specificity	1	0	0	0	0	0	0	0	0	0	0	0	0	0	0		0	0	0	0	Non-immune
1247	HAVCR1	Hepatitis A virus cellular receptor 1	CD markers, Predicted membrane proteins	Host-virus interaction	Host cell receptor for virus entry, Receptor		Immune cell enhanced	naive CD4 T-cell: 2.5	Low lineage specificity		Group enriched	1	0	0	0	0	0	0	0	0	0	0	0	0	1	1	T-cell	0	0	2	1	Immune-cell-enriched
1248	HAVCR2	Hepatitis A virus cellular receptor 2	CD markers, Disease related genes, Predicted intracellular proteins, Predicted membrane proteins	Adaptive immunity, Immunity, Inflammatory response, Innate immunity		Disease variant	Group enriched	classical monocyte: 57.2;intermediate monocyte: 62.7;myeloid DC: 118.8;NK-cell: 76.0;non-classical monocyte: 45.9	Group enriched		Low tissue specificity	1	0	0	0	0	0	0	0	1	0	0	0	0	1	1	Myeloid/Monocyte;NK-cell;Dendritic	0	1	5	1	Immune checkpoint
1249	HBEGF	Proheparin-binding EGF-like growth factor	Predicted membrane proteins, Predicted secreted proteins		Growth factor, Heparin-binding, Receptor		Group enriched	intermediate monocyte: 2.2;myeloid DC: 1.6;non-classical monocyte: 1.6	Group enriched	Secreted to blood	Tissue enhanced	1	0	0	0	0	0	0	0	0	0	0	0	0	0	1	Myeloid/Monocyte;Dendritic	1	0	2	1	Immune-cell-enriched
1250	HBQ1	Hemoglobin subunit theta-1	Predicted intracellular proteins	Oxygen transport, Transport			Low immune cell specificity		Group enriched		Group enriched	1	0	0	0	0	0	0	0	0	0	0	0	0	0	0		0	0	0	0	Non-immune
1251	HBZ	Hemoglobin subunit zeta	Predicted intracellular proteins	Oxygen transport, Transport			Not detected in immune cells		Not detected		Group enriched	1	0	0	0	0	0	0	0	0	0	0	0	0	0	0		0	0	0	0	Non-immune
1252	HCG22	Protein PBMUCL2	Human disease related genes, Predicted intracellular proteins				Not detected in immune cells		Not detected		Not detected	1	0	0	0	0	0	0	0	0	0	0	0	0	0	0		0	0	0	0	Non-immune
1253	HCLS1	Hematopoietic lineage cell-specific protein	Plasma proteins, Predicted intracellular proteins				Low immune cell specificity		Low lineage specificity		Tissue enhanced	1	0	0	0	0	0	0	0	0	0	0	0	0	0	0		0	0	0	0	Non-immune
1254	HDAC8	Histone deacetylase 8	Disease related genes, Enzymes, FDA approved drug targets, Human disease related genes, Predicted intracellular proteins	Transcription, Transcription regulation	Chromatin regulator, Hydrolase, Repressor	Disease variant, FDA approved drug targets, Intellectual disability, Obesity	Low immune cell specificity		Low lineage specificity		Low tissue specificity	1	0	0	0	0	0	0	0	0	0	0	0	0	0	0		0	0	0	0	Non-immune
1255	HDAC9	Histone deacetylase 9	Disease related genes, Enzymes, FDA approved drug targets, Plasma proteins, Predicted intracellular proteins	Transcription, Transcription regulation	Chromatin regulator, Hydrolase, Repressor	FDA approved drug targets	Immune cell enhanced	myeloid DC: 73.7	Group enriched		Low tissue specificity	1	0	0	0	0	0	0	0	0	0	0	0	0	0	1	Myeloid/Monocyte;Dendritic	0	0	2	1	Immune-cell-enriched
1256	HDDC2	5'-deoxynucleotidase HDDC2	Enzymes, Predicted intracellular proteins		Hydrolase		Low immune cell specificity		Low lineage specificity		Tissue enhanced	1	0	0	0	0	0	0	0	0	0	0	0	0	0	0		0	0	0	0	Non-immune
1257	HDGF	Hepatoma-derived growth factor	Plasma proteins, Predicted intracellular proteins, Predicted secreted proteins	Transcription, Transcription regulation	DNA-binding, Growth factor, Heparin-binding, Repressor		Low immune cell specificity		Low lineage specificity	Secreted to blood	Low tissue specificity	1	0	0	0	0	0	0	0	0	0	0	0	0	0	0		1	0	0	0	Non-immune
1258	HDGFL2	Hepatoma-derived growth factor-related protein 2	Predicted intracellular proteins	DNA damage, DNA recombination, DNA repair, Myogenesis			Immune cell enhanced	naive B-cell: 5.7	Low lineage specificity		Low tissue specificity	0	0	0	0	0	0	0	0	0	0	0	0	0	0	1	B-cell	0	0	2	1	Immune-cell-enriched
1259	HEBP1	Heme-binding protein 1	Predicted intracellular proteins				Low immune cell specificity		Low lineage specificity		Low tissue specificity	1	0	0	0	0	0	0	0	0	0	0	0	0	0	0		0	0	0	0	Non-immune
1260	HEG1	Protein HEG homolog 1	Plasma proteins, Predicted membrane proteins		Developmental protein		Low immune cell specificity		Group enriched	Intracellular and membrane	Low tissue specificity	1	0	0	0	0	0	0	0	0	0	0	0	0	0	0		0	0	0	0	Non-immune
1261	HEPACAM2	HEPACAM family member 2	Predicted membrane proteins	Cell cycle, Cell division, Mitosis			Not detected in immune cells		Not detected		Tissue enriched	1	0	0	0	0	0	0	0	0	0	0	0	0	0	0		0	0	0	0	Non-immune
1262	HEPH	Hephaestin	Metabolic proteins, Predicted membrane proteins, Transporters	Ion transport, Iron transport, Transport	Oxidoreductase		Not detected in immune cells		Not detected		Tissue enhanced	1	0	0	0	0	0	0	0	0	0	0	0	0	0	0		0	0	0	0	Non-immune
1263	HEXIM1	Protein HEXIM1	Predicted intracellular proteins	Immunity, Innate immunity, Transcription, Transcription regulation	Repressor		Low immune cell specificity		Low lineage specificity		Low tissue specificity	1	0	0	0	0	0	0	0	0	0	0	0	0	0	0		0	1	1	0	Other immune-annotated
1264	HGF	Hepatocyte growth factor	Cancer-related genes, Candidate cardiovascular disease genes, Disease related genes, Enzymes, Human disease related genes, Plasma proteins, Potential drug targets, Predicted secreted proteins, RAS pathway related proteins		Growth factor, Serine protease homolog	Cancer-related genes, Deafness, Non-syndromic deafness	Immune cell enriched	basophil: 94.6	Lineage enriched	Secreted to blood	Tissue enriched	1	0	0	0	0	0	0	0	0	0	0	0	0	0	1	Granulocyte	1	0	2	1	Immune-cell-enriched
1265	HGFAC	Hepatocyte growth factor activator	Cancer-related genes, Enzymes, Plasma proteins, Predicted secreted proteins		Hydrolase, Protease, Serine protease	Cancer-related genes	Not detected in immune cells		Not detected	Secreted to blood	Tissue enriched	1	0	0	0	0	0	0	0	0	0	0	0	0	0	0		1	0	0	0	Non-immune
1266	HGS	Hepatocyte growth factor-regulated tyrosine kinase substrate	Essential proteins, Plasma proteins, Predicted intracellular proteins	Protein transport, Transport			Low immune cell specificity		Low lineage specificity		Low tissue specificity	1	0	0	0	0	0	0	0	0	0	0	0	0	0	0		0	0	0	0	Non-immune
1267	HHEX	Hematopoietically-expressed homeobox protein HHEX	Human disease related genes, Predicted intracellular proteins, Transcription factors	Differentiation, Transcription, Transcription regulation, Wnt signaling pathway	Developmental protein, DNA-binding, Repressor		Group enriched	basophil: 28.0;classical monocyte: 41.5;eosinophil: 61.9;intermediate monocyte: 45.7;memory B-cell: 59.5;myeloid DC: 30.9;naive B-cell: 66.0;neutrophil: 31.6;non-classical monocyte: 50.9;plasmacytoid DC: 36.4	Low lineage specificity		Tissue enhanced	1	0	0	0	0	0	0	0	0	0	0	0	0	0	1	Myeloid/Monocyte;Granulocyte;B-cell;Dendritic	0	0	2	1	Immune-cell-enriched
1268	HIF1A	Hypoxia-inducible factor 1-alpha	Cancer-related genes, Human disease related genes, Metabolic proteins, Plasma proteins, Predicted intracellular proteins, Transcription factors	Host-virus interaction, Transcription, Transcription regulation	Activator, DNA-binding	Cancer-related genes	Immune cell enhanced	eosinophil: 155.1	Lineage enriched		Tissue enhanced	1	0	0	0	0	0	0	0	0	0	0	0	0	0	1	Granulocyte	0	0	2	1	Immune-cell-enriched
1269	HIP1	Huntingtin-interacting protein 1	Cancer-related genes, Disease related genes, Potential drug targets, Predicted intracellular proteins, Transporters	Apoptosis, Differentiation, Endocytosis, Transcription, Transcription regulation	Actin-binding, Activator	Cancer-related genes, Neurodegeneration	Group enriched	basophil: 9.6;eosinophil: 6.9;neutrophil: 6.8;NK-cell: 3.0;plasmacytoid DC: 3.3	Low lineage specificity		Low tissue specificity	1	0	0	0	0	0	0	0	0	0	0	0	0	0	1	Myeloid/Monocyte;Granulocyte;NK-cell;Dendritic	0	0	2	1	Immune-cell-enriched
1270	HIP1R	Huntingtin-interacting protein 1-related protein	Cancer-related genes, Predicted intracellular proteins	Endocytosis	Actin-binding	Cancer-related genes	Immune cell enhanced	memory B-cell: 9.3;naive B-cell: 10.6	Group enriched		Low tissue specificity	1	0	0	0	0	0	0	0	0	0	0	0	0	0	1	B-cell	0	0	2	1	Immune-cell-enriched
1271	HJV	Hemojuvelin	Disease related genes, Essential proteins, Human disease related genes, Predicted intracellular proteins, Predicted membrane proteins			Disease variant	Not detected in immune cells		Not detected		Group enriched	1	0	0	0	0	0	0	0	0	0	0	0	0	0	0		0	0	0	0	Non-immune
1272	HK2	Hexokinase-2	Cancer-related genes, Enzymes, Metabolic proteins, Plasma proteins, Predicted intracellular proteins	Glycolysis	Allosteric enzyme, Kinase, Transferase	Cancer-related genes	Immune cell enhanced	eosinophil: 51.8	Low lineage specificity		Tissue enhanced	1	0	0	0	0	0	0	0	0	0	0	0	0	0	1	Granulocyte	0	0	2	1	Immune-cell-enriched
1273	HLA-A	HLA class I histocompatibility antigen, A alpha chain	Cancer-related genes, Disease related genes, Human disease related genes, Plasma proteins, Potential drug targets, Predicted intracellular proteins, Predicted membrane proteins, Transporters	Adaptive immunity, Host-virus interaction, Immunity, Innate immunity		Cancer-related genes	Low immune cell specificity		Low lineage specificity		Low tissue specificity	1	0	0	0	0	0	0	0	0	0	0	1	0	0	0		0	1	2	1	HLA/Antigen presentation
1274	HLA-DRA	HLA class II histocompatibility antigen, DR alpha chain	Plasma proteins, Predicted membrane proteins	Adaptive immunity, Host-virus interaction, Immunity			Group enriched	classical monocyte: 209.9;intermediate monocyte: 408.5;memory B-cell: 380.1;naive B-cell: 419.5;non-classical monocyte: 255.4;plasmacytoid DC: 231.2	Group enriched		Tissue enhanced	1	0	0	0	0	0	0	0	0	0	0	1	0	0	1	Myeloid/Monocyte;B-cell;Dendritic	0	1	4	1	HLA/Antigen presentation
1275	HLA-E	HLA class I histocompatibility antigen, alpha chain E	Plasma proteins, Predicted membrane proteins, Predicted secreted proteins	Adaptive immunity, Host-virus interaction, Immunity, Innate immunity			Low immune cell specificity		Low lineage specificity	Secreted to blood	Low tissue specificity	1	0	0	0	0	0	0	0	0	0	0	1	0	0	0		1	1	2	1	HLA/Antigen presentation
1276	HMBS	Porphobilinogen deaminase	Disease related genes, Enzymes, Human disease related genes, Metabolic proteins, Plasma proteins, Potential drug targets, Predicted intracellular proteins	Heme biosynthesis, Porphyrin biosynthesis	Transferase	Disease variant	Low immune cell specificity		Low lineage specificity		Tissue enriched	1	0	0	0	0	0	0	0	0	0	0	0	0	0	0		0	0	0	0	Non-immune
1277	HMCN2	Hemicentin-2	Predicted intracellular proteins, Predicted secreted proteins	Sensory transduction			Not detected in immune cells		Not detected	Secreted to extracellular matrix	Tissue enhanced	1	0	0	0	0	0	0	0	0	0	0	0	0	0	0		1	0	0	0	Non-immune
1278	HMGCL	Hydroxymethylglutaryl-CoA lyase, mitochondrial	Disease related genes, Enzymes, Human disease related genes, Metabolic proteins, Plasma proteins, Potential drug targets, Predicted intracellular proteins	Lipid metabolism	Lyase	Disease variant	Low immune cell specificity		Low lineage specificity		Tissue enhanced	1	0	0	0	0	0	0	0	0	0	0	0	0	0	0		0	0	0	0	Non-immune
1279	HMGCS1	Hydroxymethylglutaryl-CoA synthase, cytoplasmic	Enzymes, Essential proteins, Metabolic proteins, Plasma proteins, Predicted intracellular proteins	Cholesterol biosynthesis, Cholesterol metabolism, Lipid biosynthesis, Lipid metabolism, Steroid biosynthesis, Steroid metabolism, Sterol biosynthesis, Sterol metabolism	Transferase		Low immune cell specificity		Low lineage specificity		Tissue enhanced	1	0	0	0	0	0	0	0	0	0	0	0	0	0	0		0	0	0	0	Non-immune
1280	HMMR	Hyaluronan mediated motility receptor	CD markers, FDA approved drug targets, Human disease related genes, Predicted intracellular proteins			FDA approved drug targets	Immune cell enhanced	T-reg: 1.5	Low lineage specificity		Tissue enhanced	1	0	0	0	0	0	0	0	0	0	0	0	0	1	1	T-cell	0	0	2	1	Immune-cell-enriched
1281	HMOX1	Heme oxygenase 1	Cancer-related genes, Disease related genes, Enzymes, Human disease related genes, Metabolic proteins, Potential drug targets, Predicted intracellular proteins, Predicted membrane proteins	Apoptosis, Host-virus interaction	Oxidoreductase	Cancer-related genes	Group enriched	classical monocyte: 98.9;intermediate monocyte: 239.0;non-classical monocyte: 331.0	Lineage enriched		Tissue enriched	1	0	0	0	0	0	0	0	0	0	0	0	0	0	1	Myeloid/Monocyte	0	0	2	1	Immune-cell-enriched
1282	HMOX2	Heme oxygenase 2	Enzymes, Metabolic proteins, Plasma proteins, Predicted intracellular proteins, Predicted membrane proteins		Oxidoreductase		Low immune cell specificity		Low lineage specificity		Low tissue specificity	1	0	0	0	0	0	0	0	0	0	0	0	0	0	0		0	0	0	0	Non-immune
1283	HNF1A	Hepatocyte nuclear factor 1-alpha	Cancer-related genes, Human disease related genes, Predicted intracellular proteins			Cancer-related genes	Not detected in immune cells		Not detected		Group enriched	1	0	0	0	0	0	0	0	0	0	0	0	0	0	0		0	0	0	0	Non-immune
1284	HNMT	Histamine N-methyltransferase	Disease related genes, Enzymes, Human disease related genes, Metabolic proteins, Potential drug targets, Predicted intracellular proteins		Methyltransferase, Transferase	Disease variant, Intellectual disability	Group enriched	classical monocyte: 111.1;intermediate monocyte: 89.9;myeloid DC: 68.3;non-classical monocyte: 52.5	Group enriched		Tissue enhanced	1	0	0	0	0	0	0	0	0	0	0	0	0	0	1	Myeloid/Monocyte;Dendritic	0	0	2	1	Immune-cell-enriched
1285	HNRNPK	Heterogeneous nuclear ribonucleoprotein K	Disease related genes, Essential proteins, Human disease related genes, Plasma proteins, Predicted intracellular proteins	Host-virus interaction, mRNA processing, mRNA splicing, Transcription, Transcription regulation	Activator, DNA-binding, Repressor, Ribonucleoprotein, RNA-binding	Intellectual disability	Low immune cell specificity		Low lineage specificity		Low tissue specificity	1	0	0	0	0	0	0	0	0	0	0	0	0	0	0		0	0	0	0	Non-immune
1286	HNRNPUL1	Heterogeneous nuclear ribonucleoprotein U-like protein 1	Plasma proteins, Predicted intracellular proteins	Transcription, Transcription regulation	Activator, Repressor, Ribonucleoprotein, RNA-binding		Low immune cell specificity		Low lineage specificity		Low tissue specificity	1	0	0	0	0	0	0	0	0	0	0	0	0	0	0		0	0	0	0	Non-immune
1287	HPCAL1	Hippocalcin-like protein 1	Plasma proteins, Predicted intracellular proteins				Low immune cell specificity		Low lineage specificity		Tissue enriched	1	0	0	0	0	0	0	0	0	0	1	0	0	0	0		0	0	1	0	Acute-phase
1288	HPGDS	Hematopoietic prostaglandin D synthase	Enzymes, Metabolic proteins, Predicted intracellular proteins	Fatty acid biosynthesis, Fatty acid metabolism, Lipid biosynthesis, Lipid metabolism, Prostaglandin biosynthesis, Prostaglandin metabolism	Isomerase, Transferase		Immune cell enriched	basophil: 18.2	Lineage enriched		Tissue enhanced	1	0	0	0	0	0	0	0	0	0	1	0	0	0	1	Granulocyte	0	0	3	1	Acute-phase
1289	HPSE	Heparanase	Enzymes, Metabolic proteins, Predicted secreted proteins	Cell adhesion	Hydrolase		Immune cell enhanced	classical monocyte: 27.2;neutrophil: 18.6	Group enriched	Secreted to extracellular matrix	Low tissue specificity	1	0	0	0	0	0	0	0	0	0	1	0	0	0	1	Myeloid/Monocyte;Granulocyte	1	0	3	1	Acute-phase
1290	HRAS	GTPase Hras	Cancer-related genes, Disease related genes, Enzymes, Human disease related genes, Plasma proteins, Potential drug targets, Predicted intracellular proteins, RAS pathway related proteins		Hydrolase	Cancer-related genes, Disease variant, Proto-oncogene	Immune cell enhanced	non-classical monocyte: 4.0	Low lineage specificity		Tissue enhanced	1	0	0	0	0	0	0	0	0	0	0	0	0	0	1	Myeloid/Monocyte	0	0	2	1	Immune-cell-enriched
1291	HRC	Sarcoplasmic reticulum histidine-rich calcium-binding protein	Predicted intracellular proteins				Not detected in immune cells		Not detected	Intracellular and membrane	Group enriched	1	0	0	0	0	0	0	0	0	0	0	0	0	0	0		0	0	0	0	Non-immune
1292	HRG	Histidine-rich glycoprotein	Disease related genes, Human disease related genes, Plasma proteins, Predicted secreted proteins	Angiogenesis, Blood coagulation, Chemotaxis, Fibrinolysis, Hemostasis	Heparin-binding	Disease variant, Thrombophilia	Not detected in immune cells		Not detected	Secreted to blood	Tissue enriched	1	0	0	0	0	0	0	0	0	0	0	0	0	0	0		1	0	0	0	Non-immune
1293	HS1BP3	HCLS1-binding protein 3	Predicted intracellular proteins				Low immune cell specificity		Low lineage specificity		Low tissue specificity	1	0	0	0	0	0	0	0	0	0	0	0	0	0	0		0	0	0	0	Non-immune
1294	HS3ST3B1	Heparan sulfate glucosamine 3-O-sulfotransferase 3B1	Enzymes, Metabolic proteins, Predicted intracellular proteins		Transferase		Immune cell enhanced	plasmacytoid DC: 35.1	Group enriched		Tissue enhanced	1	0	0	0	0	0	0	0	0	0	0	0	0	0	1	Myeloid/Monocyte;Dendritic	0	0	2	1	Immune-cell-enriched
1295	HS6ST1	Heparan-sulfate 6-O-sulfotransferase 1	Disease related genes, Essential proteins, Human disease related genes, Metabolic proteins, Predicted intracellular proteins		Transferase	Disease variant, Hypogonadotropic hypogonadism, Kallmann syndrome	Low immune cell specificity		Low lineage specificity		Low tissue specificity	1	0	0	0	0	0	0	0	0	0	0	0	0	0	0		0	0	0	0	Non-immune
1296	HS6ST2	Heparan-sulfate 6-O-sulfotransferase 2	Disease related genes, Human disease related genes, Metabolic proteins, Predicted intracellular proteins, Predicted membrane proteins		Transferase	Disease variant, Intellectual disability	Not detected in immune cells		Not detected	Intracellular and membrane	Tissue enhanced	1	0	0	0	0	0	0	0	0	0	0	0	0	0	0		0	0	0	0	Non-immune
1297	HSBP1	Heat shock factor-binding protein 1	Predicted intracellular proteins				Low immune cell specificity		Low lineage specificity		Low tissue specificity	1	0	0	0	0	0	0	0	0	0	0	0	0	0	0		0	0	0	0	Non-immune
1298	HSD11B1	Corticosteroid 11-beta-dehydrogenase isozyme 1	Disease related genes, Enzymes, FDA approved drug targets, Human disease related genes, Metabolic proteins, Predicted intracellular proteins	Lipid metabolism, Steroid metabolism	Oxidoreductase	Disease variant, FDA approved drug targets	Immune cell enhanced	memory CD4 T-cell: 5.7	Lineage enriched		Tissue enriched	1	0	0	0	0	0	0	0	0	0	0	0	0	0	1	T-cell	0	0	2	1	Immune-cell-enriched
1299	HSD17B14	17-beta-hydroxysteroid dehydrogenase 14	Enzymes, Metabolic proteins, Predicted intracellular proteins	Carbohydrate metabolism, Fucose metabolism, Lipid metabolism, Steroid metabolism	Oxidoreductase		Low immune cell specificity		Group enriched		Tissue enhanced	1	0	0	0	0	0	0	0	0	0	0	0	0	0	0		0	0	0	0	Non-immune
1300	HSD17B3	Testosterone 17-beta-dehydrogenase 3	Disease related genes, Enzymes, Human disease related genes, Metabolic proteins, Potential drug targets, Predicted intracellular proteins, Predicted membrane proteins	Lipid biosynthesis, Lipid metabolism, Steroid biosynthesis	Oxidoreductase	Disease variant, Pseudohermaphroditism	Not detected in immune cells		Not detected		Tissue enhanced	1	0	0	0	0	0	0	0	0	0	0	0	0	0	0		0	0	0	0	Non-immune
1301	HSDL2	Hydroxysteroid dehydrogenase-like protein 2	Plasma proteins, Predicted intracellular proteins		Oxidoreductase		Low immune cell specificity		Lineage enriched		Tissue enhanced	1	0	0	0	0	0	0	0	0	0	0	0	0	0	0		0	0	0	0	Non-immune
1302	HSP90B1	Endoplasmin	Cancer-related genes, Essential proteins, Plasma proteins, Predicted intracellular proteins		Chaperone, Hydrolase	Cancer-related genes	Low immune cell specificity		Low lineage specificity	Intracellular and membrane	Tissue enhanced	1	0	0	0	0	0	0	0	0	0	0	0	0	0	0		0	0	0	0	Non-immune
1303	HSPA1A	Heat shock 70 kDa protein 1A	Disease related genes, Predicted intracellular proteins	Host-virus interaction, Stress response	Chaperone, Host cell receptor for virus entry, Receptor		Low immune cell specificity		Group enriched	Intracellular and membrane	Low tissue specificity	1	0	0	0	0	0	0	0	0	0	0	0	0	0	0		0	0	0	0	Non-immune
1304	HSPA2	Heat shock-related 70 kDa protein 2	Cancer-related genes, Plasma proteins, Predicted intracellular proteins	Differentiation, Spermatogenesis, Stress response	Chaperone	Cancer-related genes	Immune cell enhanced	T-reg: 1.2	Low lineage specificity		Tissue enhanced	1	0	0	0	0	0	0	0	0	0	0	0	0	0	1	T-cell	0	0	2	1	Immune-cell-enriched
1305	HSPB1	Heat shock protein beta-1	Cancer-related genes, Disease related genes, Human disease related genes, Plasma proteins, Predicted intracellular proteins	Host-virus interaction, Stress response	Chaperone	Cancer-related genes, Charcot-Marie-Tooth disease, Disease variant, Neurodegeneration, Neuropathy	Low immune cell specificity		Low lineage specificity		Tissue enhanced	1	0	0	0	0	0	0	0	0	0	0	0	0	0	0		0	0	0	0	Non-immune
1306	HSPB6	Heat shock protein beta-6	Predicted intracellular proteins	Stress response	Chaperone		Not detected in immune cells		Not detected	Intracellular and membrane	Tissue enhanced	1	0	0	0	0	0	0	0	0	0	0	0	0	0	0		0	0	0	0	Non-immune
1307	HSPG2	Basement membrane-specific heparan sulfate proteoglycan core protein	Disease related genes, Human disease related genes, Plasma proteins, Predicted intracellular proteins, Predicted secreted proteins	Angiogenesis		Disease variant	Not detected in immune cells		Not detected	Secreted to extracellular matrix	Tissue enhanced	1	0	0	0	0	0	0	0	0	0	0	0	0	0	0		1	0	0	0	Non-immune
1308	HTR1A	5-hydroxytryptamine receptor 1A	Disease related genes, FDA approved drug targets, G-protein coupled receptors, Predicted intracellular proteins, Predicted membrane proteins, Transporters	Behavior	G-protein coupled receptor, Receptor, Transducer	FDA approved drug targets	Not detected in immune cells		Not detected		Tissue enriched	1	0	0	0	0	0	0	0	0	0	0	0	0	1	0		0	0	0	0	Soluble receptor
1309	HTR1B	5-hydroxytryptamine receptor 1B	FDA approved drug targets, G-protein coupled receptors, Predicted membrane proteins, Transporters	Behavior	G-protein coupled receptor, Receptor, Transducer	FDA approved drug targets	Not detected in immune cells		Not detected		Group enriched	1	0	0	0	0	0	0	0	0	0	0	0	0	1	0		0	0	0	0	Soluble receptor
1310	HTRA2	Serine protease HTRA2, mitochondrial	Disease related genes, Enzymes, Human disease related genes, Plasma proteins, Potential drug targets, Predicted membrane proteins	Apoptosis	Hydrolase, Protease, Serine protease	Disease variant, Epilepsy, Neurodegeneration, Parkinson disease, Parkinsonism	Low immune cell specificity		Low lineage specificity		Low tissue specificity	1	0	0	0	0	0	0	0	0	0	0	0	0	0	0		0	0	0	0	Non-immune
1311	HYAL1	Hyaluronidase-1	Disease related genes, Enzymes, Human disease related genes, Metabolic proteins, Plasma proteins, Potential drug targets, Predicted intracellular proteins, Predicted secreted proteins		Glycosidase, Hydrolase	Disease variant, Mucopolysaccharidosis	Immune cell enhanced	neutrophil: 3.3	Lineage enriched	Secreted to blood	Tissue enhanced	1	0	0	0	0	0	0	0	0	0	0	0	0	0	1	Granulocyte	1	0	2	1	Immune-cell-enriched
1312	HYOU1	Hypoxia up-regulated protein 1	Disease related genes, Essential proteins, Human disease related genes, Plasma proteins, Potential drug targets, Predicted intracellular proteins, Transporters	Stress response	Chaperone	Disease variant	Low immune cell specificity		Low lineage specificity	Intracellular and membrane	Low tissue specificity	1	0	0	0	0	0	0	0	0	0	0	0	0	0	0		0	0	0	0	Non-immune
1313	ICA1	Islet cell autoantigen 1	Predicted intracellular proteins, Predicted membrane proteins	Neurotransmitter transport, Transport			Immune cell enriched	T-reg: 30.0	Lineage enriched		Low tissue specificity	1	0	0	0	0	0	0	0	0	0	0	0	0	0	1	T-cell	0	0	2	1	Immune-cell-enriched
1314	ICAM1	Intercellular adhesion molecule 1	Cancer-related genes, Candidate cardiovascular disease genes, CD markers, FDA approved drug targets, Human disease related genes, Plasma proteins, Predicted intracellular proteins, Predicted membrane proteins, Transporters	Cell adhesion, Host-virus interaction	Host cell receptor for virus entry, Receptor	Cancer-related genes, FDA approved drug targets	Low immune cell specificity		Low lineage specificity		Tissue enhanced	1	0	0	0	0	0	0	0	0	0	0	0	0	0	0		0	0	0	0	Non-immune
1315	ICAM2	Intercellular adhesion molecule 2	CD markers, Plasma proteins, Predicted intracellular proteins, Predicted membrane proteins	Cell adhesion			Low immune cell specificity		Low lineage specificity		Tissue enhanced	1	0	0	0	0	0	0	0	0	0	0	0	0	0	0		0	0	0	0	Non-immune
1316	ICAM3	Intercellular adhesion molecule 3	CD markers, Plasma proteins, Predicted membrane proteins	Cell adhesion, Phagocytosis			Immune cell enhanced	neutrophil: 1772.8	Lineage enriched		Tissue enhanced	1	0	0	0	0	0	0	0	0	0	0	0	0	0	1	Granulocyte	0	0	2	1	Immune-cell-enriched
1317	ICAM4	Intercellular adhesion molecule 4	Blood group antigen proteins, CD markers, Predicted intracellular proteins, Predicted membrane proteins	Cell adhesion	Blood group antigen		Immune cell enriched	non-classical monocyte: 216.1	Lineage enriched	Intracellular and membrane	Group enriched	1	0	0	0	0	0	0	0	0	0	0	0	0	0	1	Myeloid/Monocyte	1	1	3	1	Immune-cell-enriched
1318	ICAM5	Intercellular adhesion molecule 5	Plasma proteins, Predicted membrane proteins	Cell adhesion			Not detected in immune cells		Not detected		Tissue enriched	1	0	0	0	0	0	0	0	0	0	0	0	0	0	0		0	0	0	0	Non-immune
1319	ICOSLG	ICOS ligand	CD markers, Plasma proteins, Predicted intracellular proteins, Predicted membrane proteins	Adaptive immunity, B-cell activation, Immunity			Low immune cell specificity		Low lineage specificity		Low tissue specificity	1	0	0	0	0	0	0	0	1	0	0	0	0	0	0		0	1	3	1	Immune checkpoint
1320	ID4	DNA-binding protein inhibitor ID-4	Predicted intracellular proteins, Transcription factors	Transcription, Transcription regulation	Repressor		Not detected in immune cells		Not detected		Tissue enhanced	1	0	0	0	0	0	0	0	0	0	0	0	0	0	0		0	0	0	0	Non-immune
1321	IDI2	Isopentenyl-diphosphate delta-isomerase 2	Enzymes, Metabolic proteins, Predicted intracellular proteins	Cholesterol biosynthesis, Cholesterol metabolism, Isoprene biosynthesis, Lipid biosynthesis, Lipid metabolism, Steroid biosynthesis, Steroid metabolism, Sterol biosynthesis, Sterol metabolism	Isomerase		Not detected in immune cells		Not detected		Tissue enriched	1	0	0	0	0	0	0	0	0	0	0	0	0	0	0		0	0	0	0	Non-immune
1322	IDO1	Indoleamine 2,3-dioxygenase 1	Cancer-related genes, Enzymes, Metabolic proteins, Predicted intracellular proteins	Immunity, Tryptophan catabolism	Dioxygenase, Oxidoreductase	Cancer-related genes	Immune cell enriched	eosinophil: 465.9	Lineage enriched		Tissue enhanced	1	0	0	0	0	0	0	0	0	0	0	0	0	0	1	Granulocyte	0	1	3	1	Immune-cell-enriched
1323	IDS	Iduronate 2-sulfatase	Disease related genes, Enzymes, Human disease related genes, Metabolic proteins, Potential drug targets, Predicted intracellular proteins		Hydrolase	Disease variant, Mucopolysaccharidosis	Low immune cell specificity		Low lineage specificity	Intracellular and membrane	Tissue enriched	1	0	0	0	0	0	0	0	0	0	0	0	0	0	0		0	0	0	0	Non-immune
1324	IDUA	Alpha-L-iduronidase	Disease related genes, Enzymes, Human disease related genes, Metabolic proteins, Plasma proteins, Potential drug targets, Predicted intracellular proteins		Glycosidase, Hydrolase	Disease variant, Mucopolysaccharidosis	Low immune cell specificity		Low lineage specificity	Intracellular and membrane	Low tissue specificity	1	0	0	0	0	0	0	0	0	0	0	0	0	0	0		0	0	0	0	Non-immune
1325	IFI30	Gamma-interferon-inducible lysosomal thiol reductase	Predicted intracellular proteins, Predicted membrane proteins	Immunity	Oxidoreductase		Group enriched	classical monocyte: 9529.3;eosinophil: 3901.6;intermediate monocyte: 14264.3;myeloid DC: 5706.8;non-classical monocyte: 9916.5	Group enriched	Intracellular and membrane	Tissue enhanced	1	0	0	0	0	0	0	0	0	0	0	0	0	0	1	Myeloid/Monocyte;Granulocyte;Dendritic	0	1	3	1	Immune-cell-enriched
1326	IFIT1	Interferon-induced protein with tetratricopeptide repeats 1	Predicted intracellular proteins	Antiviral defense, Host-virus interaction, Immunity, Innate immunity	RNA-binding		Immune cell enhanced	neutrophil: 67.0	Group enriched		Low tissue specificity	1	0	0	0	0	0	0	0	0	0	0	0	0	0	1	Granulocyte	0	1	3	1	Immune-cell-enriched
1327	IFIT3	Interferon-induced protein with tetratricopeptide repeats 3	Plasma proteins, Predicted intracellular proteins	Antiviral defense, Immunity, Innate immunity			Immune cell enhanced	neutrophil: 489.5	Group enriched		Low tissue specificity	1	0	0	0	0	0	0	0	0	0	0	0	0	0	1	Granulocyte	0	1	3	1	Immune-cell-enriched
1328	IFNAR1	Interferon alpha/beta receptor 1	Cancer-related genes, Disease related genes, FDA approved drug targets, Plasma proteins, Predicted intracellular proteins, Predicted membrane proteins, Transporters		Receptor	Cancer-related genes, Disease variant, FDA approved drug targets	Low immune cell specificity		Low lineage specificity		Low tissue specificity	1	1	0	1	0	0	0	0	0	0	0	0	0	1	0		0	0	2	1	Interferon axis
1329	IFNG	Interferon gamma	Cancer-related genes, Disease related genes, FDA approved drug targets, Human disease related genes, Plasma proteins, Predicted secreted proteins	Antiviral defense, Growth regulation	Cytokine	Cancer-related genes, FDA approved drug targets	Group enriched	gdT-cell: 5.5;memory CD4 T-cell: 2.4;memory CD8 T-cell: 6.6;naive CD8 T-cell: 3.7	Lineage enriched	Secreted to blood	Group enriched	1	1	0	1	0	0	0	0	0	0	0	0	0	0	1	T-cell	1	0	4	1	Interferon axis
1330	IFNGR1	Interferon gamma receptor 1	CD markers, Disease related genes, FDA approved drug targets, Human disease related genes, Predicted intracellular proteins, Predicted membrane proteins		Receptor	Disease variant, FDA approved drug targets	Low immune cell specificity		Low lineage specificity		Low tissue specificity	1	1	0	1	0	0	0	0	0	0	0	0	0	1	0		0	0	2	1	Interferon axis
1331	IFNGR2	Interferon gamma receptor 2	Disease related genes, FDA approved drug targets, Human disease related genes, Predicted membrane proteins		Receptor	Disease variant, FDA approved drug targets	Immune cell enhanced	neutrophil: 671.0	Low lineage specificity		Low tissue specificity	1	1	0	1	0	0	0	0	0	0	0	0	0	1	1	Granulocyte	0	0	4	1	Interferon axis
1332	IFNL1	Interferon lambda-1	Predicted secreted proteins	Antiviral defense	Cytokine		Group enriched	gdT-cell: 2.7;MAIT T-cell: 2.8;memory CD4 T-cell: 1.3;memory CD8 T-cell: 2.7;myeloid DC: 2.3;naive CD8 T-cell: 1.4;NK-cell: 4.6	Group enriched	Secreted to blood	Not detected	1	1	0	1	0	0	0	0	0	0	0	0	0	0	1	Myeloid/Monocyte;T-cell;NK-cell;Dendritic	1	0	4	1	Interferon axis
1333	IFNL2	Interferon lambda-2	Predicted secreted proteins	Antiviral defense	Cytokine		Not detected in immune cells		Not detected	Secreted to blood	Not detected	1	1	0	1	0	0	0	0	0	0	0	0	0	0	0		1	0	2	1	Interferon axis
1334	IFNLR1	Interferon lambda receptor 1	Human disease related genes, Predicted intracellular proteins, Predicted membrane proteins	Antiviral defense	Receptor		Group enriched	memory B-cell: 4.9;naive B-cell: 5.9;plasmacytoid DC: 11.4	Group enriched	Intracellular and membrane	Low tissue specificity	1	1	0	1	0	0	0	0	0	0	0	0	0	1	1	Myeloid/Monocyte;B-cell;Dendritic	0	0	4	1	Interferon axis
1335	IFNW1	Interferon omega-1	Predicted secreted proteins	Antiviral defense	Cytokine		Not detected in immune cells		Not detected	Secreted to blood	Not detected	1	1	0	1	0	0	0	0	0	0	0	0	0	0	0		1	0	2	1	Interferon axis
1336	IFT20	Intraflagellar transport protein 20 homolog	Predicted intracellular proteins	Cilium biogenesis/degradation, Differentiation, Spermatogenesis			Low immune cell specificity		Low lineage specificity		Low tissue specificity	1	0	0	0	0	0	0	0	0	0	0	0	0	0	0		0	0	0	0	Non-immune
1337	IGBP1	Immunoglobulin-binding protein 1	Disease related genes, Essential proteins, Human disease related genes, Predicted intracellular proteins	B-cell activation	Chaperone	Intellectual disability	Low immune cell specificity		Low lineage specificity		Low tissue specificity	1	0	0	0	0	0	0	0	0	0	0	0	0	0	0		0	0	0	0	Non-immune
1338	IGDCC3	Immunoglobulin superfamily DCC subclass member 3	Predicted intracellular proteins, Predicted membrane proteins				Not detected in immune cells		Not detected		Tissue enhanced	1	0	0	0	0	0	0	0	0	0	0	0	0	0	0		0	0	0	0	Non-immune
1339	IGDCC4	Immunoglobulin superfamily DCC subclass member 4	Plasma proteins, Predicted membrane proteins				Not detected in immune cells		Not detected		Tissue enhanced	1	0	0	0	0	0	0	0	0	0	0	0	0	0	0		0	0	0	0	Non-immune
1340	IGF1R	Insulin-like growth factor 1 receptor	Cancer-related genes, CD markers, Disease related genes, Enzymes, FDA approved drug targets, Human disease related genes, Plasma proteins, Predicted intracellular proteins, Predicted membrane proteins, RAS pathway related proteins	Host-virus interaction	Kinase, Receptor, Transferase, Tyrosine-protein kinase	Cancer-related genes, Disease variant, FDA approved drug targets	Immune cell enhanced	neutrophil: 4.3	Group enriched		Low tissue specificity	1	0	0	0	0	0	0	0	0	0	0	0	0	1	1	Granulocyte	0	0	2	1	Immune-cell-enriched
1341	IGF2BP3	Insulin-like growth factor 2 mRNA-binding protein 3	Predicted intracellular proteins	mRNA transport, Translation regulation, Transport	RNA-binding		Not detected in immune cells		Not detected		Tissue enhanced	1	0	0	0	0	0	0	0	0	0	0	0	0	0	0		0	0	0	0	Non-immune
1342	IGF2R	Cation-independent mannose-6-phosphate receptor	Cancer-related genes, CD markers, Human disease related genes, Plasma proteins, Predicted intracellular proteins, Predicted membrane proteins, Transporters	Transport	Receptor	Cancer-related genes	Immune cell enhanced	neutrophil: 4.4	Low lineage specificity		Low tissue specificity	1	0	0	0	0	0	0	0	0	0	0	0	0	1	1	Granulocyte	0	0	2	1	Immune-cell-enriched
1343	IGFBP1	Insulin-like growth factor-binding protein 1	Candidate cardiovascular disease genes, Plasma proteins, Predicted secreted proteins		Growth factor binding		Not detected in immune cells		Not detected	Secreted to blood	Tissue enriched	1	0	0	0	0	0	0	0	0	0	0	0	0	0	0		1	0	0	0	Non-immune
1344	IGFBP2	Insulin-like growth factor-binding protein 2	Cancer-related genes, Plasma proteins, Predicted intracellular proteins, Predicted secreted proteins	Growth regulation	Growth factor binding	Cancer-related genes	Not detected in immune cells		Not detected	Secreted to blood	Tissue enhanced	1	0	0	0	0	0	0	0	0	0	0	0	0	0	0		1	0	0	0	Non-immune
1345	IGFBP3	Insulin-like growth factor-binding protein 3	Cancer-related genes, Plasma proteins, Predicted intracellular proteins, Predicted secreted proteins	Apoptosis	Growth factor binding	Cancer-related genes	Immune cell enriched	plasmacytoid DC: 48.9	Lineage enriched	Secreted to blood	Tissue enhanced	1	0	0	0	0	0	0	0	0	0	0	0	0	0	1	Myeloid/Monocyte;Dendritic	1	0	2	1	Immune-cell-enriched
1346	IGFBP4	Insulin-like growth factor-binding protein 4	Plasma proteins, Predicted secreted proteins		Growth factor binding		Group enriched	MAIT T-cell: 19.6;NK-cell: 37.1	Group enriched	Secreted to blood	Low tissue specificity	1	0	0	0	0	0	0	0	0	0	0	0	0	0	1	T-cell;NK-cell	1	0	2	1	Immune-cell-enriched
1347	IGFBP6	Insulin-like growth factor-binding protein 6	Plasma proteins, Predicted intracellular proteins, Predicted secreted proteins		Growth factor binding		Immune cell enhanced	eosinophil: 31.7;non-classical monocyte: 20.2	Low lineage specificity	Secreted to blood	Tissue enhanced	1	0	0	0	0	0	0	0	0	0	0	0	0	0	1	Myeloid/Monocyte;Granulocyte	1	0	2	1	Immune-cell-enriched
1348	IGFBP7	Insulin-like growth factor-binding protein 7	Disease related genes, Plasma proteins, Predicted secreted proteins	Cell adhesion	Growth factor binding		Immune cell enhanced	eosinophil: 21.8	Low lineage specificity	Secreted to blood	Tissue enhanced	1	0	0	0	0	0	0	0	0	0	0	0	0	0	1	Granulocyte	1	0	2	1	Immune-cell-enriched
1349	IGFBPL1	Insulin-like growth factor-binding protein-like 1	Predicted secreted proteins				Not detected in immune cells		Not detected	Secreted to blood	Tissue enhanced	1	0	0	0	0	0	0	0	0	0	0	0	0	0	0		1	0	0	0	Non-immune
1350	IGFL4	Insulin growth factor-like family member 4	Predicted intracellular proteins, Predicted secreted proteins				Low immune cell specificity		Low lineage specificity	Secreted - unknown location	Group enriched	0	0	0	0	0	0	0	0	0	0	0	0	0	0	0		1	0	0	0	Non-immune
1351	IGHMBP2	DNA-binding protein SMUBP-2	Disease related genes, Enzymes, Human disease related genes, Potential drug targets, Predicted intracellular proteins	Transcription, Transcription regulation	Activator, DNA-binding, Helicase, Hydrolase, Ribonucleoprotein, RNA-binding, tRNA-binding	Charcot-Marie-Tooth disease, Disease variant, Neurodegeneration, Neuropathy	Low immune cell specificity		Low lineage specificity		Low tissue specificity	1	0	0	0	0	0	0	0	0	0	0	0	1	0	0		0	0	1	0	Ig/B-cell/Fc
1352	IGLC2	Immunoglobulin lambda constant 2	Immunoglobulin genes, Predicted intracellular proteins, Predicted secreted proteins	Adaptive immunity, Immunity	Bence-Jones protein		Group enriched	memory B-cell: 11410.9;naive B-cell: 10729.1	Lineage enriched	Immunoglobulin genes	Tissue enhanced	1	0	0	0	0	0	0	0	0	0	0	0	1	0	1	B-cell	1	1	4	1	Ig/B-cell/Fc
1353	IGLON5	IgLON family member 5	Predicted secreted proteins				Not detected in immune cells		Not detected	Secreted in brain	Tissue enriched	1	0	0	0	0	0	0	0	0	0	0	0	1	0	0		1	0	1	0	Ig/B-cell/Fc
1354	IGSF21	Immunoglobulin superfamily member 21	Predicted intracellular proteins				Not detected in immune cells		Not detected	Intracellular and membrane	Tissue enriched	1	0	0	0	0	0	0	0	0	0	0	0	0	0	0		0	0	0	0	Non-immune
1355	IGSF3	Immunoglobulin superfamily member 3	Disease related genes, Human disease related genes, Predicted intracellular proteins, Predicted membrane proteins				Not detected in immune cells		Not detected		Low tissue specificity	1	0	0	0	0	0	0	0	0	0	0	0	0	0	0		0	0	0	0	Non-immune
1356	IGSF8	Immunoglobulin superfamily member 8	CD markers, Predicted intracellular proteins, Predicted membrane proteins		Receptor		Low immune cell specificity		Low lineage specificity		Tissue enhanced	1	0	0	0	0	0	0	0	0	0	0	0	0	0	0		0	0	0	0	Non-immune
1357	IGSF9	Protein turtle homolog A	Predicted membrane proteins	Differentiation, Neurogenesis	Developmental protein		Not detected in immune cells		Not detected		Tissue enhanced	1	0	0	0	0	0	0	0	0	0	0	0	0	0	0		0	0	0	0	Non-immune
1358	IKBKG	NF-kappa-B essential modulator	Disease related genes, Human disease related genes, Predicted intracellular proteins, RAS pathway related proteins	DNA damage, Host-virus interaction, Transcription, Transcription regulation		Disease variant, Ectodermal dysplasia, Osteopetrosis	Low immune cell specificity		Low lineage specificity		Low tissue specificity	1	0	0	0	0	0	0	0	0	0	0	0	0	0	0		0	0	0	0	Non-immune
1359	IKZF2	Zinc finger protein Helios	Predicted intracellular proteins, Transcription factors	Hearing, Transcription, Transcription regulation	Activator, DNA-binding		Low immune cell specificity		Group enriched		Tissue enhanced	1	0	0	0	0	0	0	0	0	0	0	0	0	0	0		0	0	0	0	Non-immune
1360	IL10	Interleukin-10	Cancer-related genes, Candidate cardiovascular disease genes, Human disease related genes, Plasma proteins, Predicted intracellular proteins, Predicted secreted proteins		Cytokine	Cancer-related genes	Immune cell enhanced	classical monocyte: 1.6;intermediate monocyte: 1.3	Lineage enriched	Secreted to blood	Tissue enhanced	1	1	1	0	0	0	0	0	0	0	0	0	0	0	1	Myeloid/Monocyte	1	0	4	1	Cytokine/Interleukin
1361	IL10RA	Interleukin-10 receptor subunit alpha	CD markers, Disease related genes, Human disease related genes, Potential drug targets, Predicted membrane proteins, Transporters		Receptor	Disease variant	Low immune cell specificity		Low lineage specificity		Tissue enhanced	1	1	1	0	0	0	0	0	0	0	0	0	0	1	0		0	0	2	1	Cytokine/Interleukin
1362	IL10RB	Interleukin-10 receptor subunit beta	CD markers, Disease related genes, Human disease related genes, Plasma proteins, Potential drug targets, Predicted membrane proteins, Transporters	Antiviral defense	Receptor		Low immune cell specificity		Low lineage specificity		Low tissue specificity	1	1	1	0	0	0	0	0	0	0	0	0	0	1	0		0	0	2	1	Cytokine/Interleukin
1363	IL11	Interleukin-11	Cancer-related genes, Predicted intracellular proteins, Predicted secreted proteins		Cytokine, Growth factor	Cancer-related genes	Not detected in immune cells		Not detected	Secreted to blood	Tissue enhanced	1	1	1	0	0	0	0	0	0	0	0	0	0	0	0		1	0	2	1	Cytokine/Interleukin
1364	IL12A_IL12B	Interleukin-12										0	1	1	0	0	0	0	0	0	0	0	0	0	0	0		0	0	2	1	Cytokine/Interleukin
1365	IL12B	Interleukin-12 subunit beta	Disease related genes, FDA approved drug targets, Human disease related genes, Plasma proteins, Predicted intracellular proteins, Predicted secreted proteins		Cytokine	FDA approved drug targets	Not detected in immune cells		Not detected	Secreted to blood	Tissue enhanced	1	1	1	0	0	0	0	0	0	0	0	0	0	0	0		1	0	2	1	Cytokine/Interleukin
1366	IL12RB1	Interleukin-12 receptor subunit beta-1	CD markers, Disease related genes, Human disease related genes, Predicted intracellular proteins, Predicted membrane proteins		Receptor	Disease variant	Low immune cell specificity		Low lineage specificity	Intracellular and membrane	Tissue enhanced	1	1	1	0	0	0	0	0	0	0	0	0	0	1	0		0	0	2	1	Cytokine/Interleukin
1367	IL12RB2	Interleukin-12 receptor subunit beta-2	Human disease related genes, Predicted intracellular proteins, Predicted membrane proteins		Receptor		Group enriched	gdT-cell: 4.8;NK-cell: 15.9	Group enriched	Intracellular and membrane	Tissue enhanced	1	1	1	0	0	0	0	0	0	0	0	0	0	1	1	T-cell;NK-cell	0	0	4	1	Cytokine/Interleukin
1368	IL13	Interleukin-13	Cancer-related genes, Disease related genes, FDA approved drug targets, Human disease related genes, Plasma proteins, Predicted secreted proteins		Cytokine	Cancer-related genes, FDA approved drug targets	Not detected in immune cells		Not detected	Secreted to blood	Tissue enriched	1	1	1	0	0	0	0	0	0	0	0	0	0	0	0		1	0	2	1	Cytokine/Interleukin
1369	IL13RA1	Interleukin-13 receptor subunit alpha-1	CD markers, Predicted intracellular proteins, Predicted membrane proteins, Transporters		Receptor		Group enriched	classical monocyte: 10.9;eosinophil: 12.1;myeloid DC: 17.2;neutrophil: 29.0	Group enriched	Intracellular and membrane	Low tissue specificity	1	1	1	0	0	0	0	0	0	0	0	0	0	1	1	Myeloid/Monocyte;Granulocyte;Dendritic	0	0	4	1	Cytokine/Interleukin
1370	IL13RA2	Interleukin-13 receptor subunit alpha-2	Cancer-related genes, CD markers, Predicted membrane proteins		Receptor	Cancer-related genes	Not detected in immune cells		Not detected		Tissue enhanced	1	1	1	0	0	0	0	0	0	0	0	0	0	1	0		0	0	2	1	Cytokine/Interleukin
1371	IL15	Interleukin-15	Cancer-related genes, Predicted intracellular proteins, Predicted secreted proteins		Cytokine	Cancer-related genes	Low immune cell specificity		Low lineage specificity	Secreted to blood	Low tissue specificity	1	1	1	0	0	0	0	0	0	0	0	0	0	0	0		1	0	2	1	Cytokine/Interleukin
1372	IL15RA	Interleukin-15 receptor subunit alpha	CD markers, Predicted intracellular proteins, Predicted membrane proteins, Predicted secreted proteins		Receptor		Low immune cell specificity		Low lineage specificity	Secreted to blood	Low tissue specificity	1	1	1	0	0	0	0	0	0	0	0	0	0	1	0		1	0	2	1	Cytokine/Interleukin
1373	IL16	Pro-interleukin-16	Cancer-related genes, Human disease related genes, Plasma proteins, Predicted intracellular proteins, Predicted secreted proteins	Chemotaxis, Host-virus interaction, Transcription, Transcription regulation	Cytokine	Cancer-related genes	Low immune cell specificity		Low lineage specificity	Secreted to blood	Tissue enhanced	1	1	1	0	0	0	0	0	0	0	0	0	0	0	0		1	0	2	1	Cytokine/Interleukin
1374	IL17A	Interleukin-17A	Cancer-related genes, FDA approved drug targets, Plasma proteins, Predicted secreted proteins	Adaptive immunity, Immunity, Inflammatory response, Innate immunity	Cytokine	Cancer-related genes, FDA approved drug targets	Not detected in immune cells		Not detected	Secreted to blood	Tissue enhanced	1	1	1	0	0	0	0	0	0	0	0	0	0	0	0		1	1	3	1	Cytokine/Interleukin
1375	IL17C	Interleukin-17C	Predicted secreted proteins	Inflammatory response	Cytokine		Not detected in immune cells		Not detected	Secreted to blood	Tissue enhanced	1	1	1	0	0	0	0	0	0	0	0	0	0	0	0		1	1	3	1	Cytokine/Interleukin
1376	IL17D	Interleukin-17D	Predicted secreted proteins		Cytokine		Not detected in immune cells		Not detected	Secreted to blood	Group enriched	1	1	1	0	0	0	0	0	0	0	0	0	0	0	0		1	0	2	1	Cytokine/Interleukin
1377	IL17F	Interleukin-17F	Disease related genes, FDA approved drug targets, Human disease related genes, Predicted secreted proteins	Adaptive immunity, Immunity, Inflammatory response, Innate immunity	Cytokine	Disease variant, FDA approved drug targets	Not detected in immune cells		Not detected	Secreted to blood	Tissue enhanced	1	1	1	0	0	0	0	0	0	0	0	0	0	0	0		1	1	3	1	Cytokine/Interleukin
1378	IL17RA	Interleukin-17 receptor A	CD markers, Disease related genes, Human disease related genes, Predicted membrane proteins, Predicted secreted proteins	Adaptive immunity, Host-virus interaction, Immunity, Inflammatory response, Innate immunity	Receptor		Immune cell enhanced	neutrophil: 15.3	Low lineage specificity	Secreted to blood	Tissue enhanced	1	1	1	0	0	0	0	0	0	0	0	0	0	1	1	Granulocyte	1	1	5	1	Cytokine/Interleukin
1379	IL17RB	Interleukin-17 receptor B	Predicted membrane proteins		Receptor		Immune cell enhanced	basophil: 1.3	Low lineage specificity	Intracellular and membrane	Group enriched	1	1	1	0	0	0	0	0	0	0	0	0	0	1	1	Granulocyte	0	0	4	1	Cytokine/Interleukin
1380	IL18	Interleukin-18	Cancer-related genes, Candidate cardiovascular disease genes, Human disease related genes, Plasma proteins, Predicted intracellular proteins, Predicted secreted proteins	Inflammatory response	Cytokine	Cancer-related genes	Immune cell enhanced	myeloid DC: 25.8	Low lineage specificity	Secreted to blood	Tissue enhanced	1	1	1	0	0	0	0	0	0	0	0	0	0	0	1	Myeloid/Monocyte;Dendritic	1	1	5	1	Cytokine/Interleukin
1381	IL18BP	Interleukin-18-binding protein	Disease related genes, Human disease related genes, Predicted intracellular proteins, Predicted secreted proteins				Low immune cell specificity		Low lineage specificity	Secreted to blood	Tissue enhanced	1	1	1	0	0	0	0	0	0	0	0	0	0	0	0		1	0	2	1	Cytokine/Interleukin
1382	IL18R1	Interleukin-18 receptor 1	CD markers, Enzymes, Plasma proteins, Predicted membrane proteins	Inflammatory response	Hydrolase, Receptor		Immune cell enhanced	NK-cell: 45.8	Low lineage specificity		Tissue enhanced	1	1	1	0	0	0	0	0	0	0	0	0	0	1	1	NK-cell	0	1	5	1	Cytokine/Interleukin
1383	IL18RAP	Interleukin-18 receptor accessory protein	CD markers, Enzymes, Predicted intracellular proteins, Predicted membrane proteins	Inflammatory response	Hydrolase, Receptor		Immune cell enhanced	NK-cell: 120.7	Group enriched		Tissue enriched	1	1	1	0	0	0	0	0	0	0	0	0	0	1	1	NK-cell	0	1	5	1	Cytokine/Interleukin
1384	IL19	Interleukin-19	Predicted secreted proteins	Apoptosis	Cytokine		Not detected in immune cells		Not detected	Secreted to blood	Group enriched	1	1	1	0	0	0	0	0	0	0	0	0	0	0	0		1	0	2	1	Cytokine/Interleukin
1385	IL1A	Interleukin-1 alpha	Cancer-related genes, Human disease related genes, Plasma proteins, Predicted intracellular proteins, Predicted secreted proteins, Transporters	Inflammatory response	Cytokine, Mitogen, Pyrogen	Cancer-related genes	Not detected in immune cells		Not detected	Secreted to blood	Tissue enhanced	1	1	1	0	0	0	0	0	0	0	0	0	0	0	0		1	1	3	1	Cytokine/Interleukin
1386	IL1B	Interleukin-1 beta	Cancer-related genes, Candidate cardiovascular disease genes, FDA approved drug targets, Human disease related genes, Plasma proteins, Predicted intracellular proteins, Predicted secreted proteins, Transporters	Inflammatory response	Cytokine, Mitogen, Pyrogen	Cancer-related genes, FDA approved drug targets	Immune cell enriched	neutrophil: 94.5	Lineage enriched	Secreted to blood	Tissue enhanced	1	1	1	0	0	0	0	0	0	0	0	0	0	0	1	Granulocyte	1	1	5	1	Cytokine/Interleukin
1387	IL1R1	Interleukin-1 receptor type 1	Cancer-related genes, CD markers, Enzymes, FDA approved drug targets, Human disease related genes, Predicted membrane proteins, Predicted secreted proteins, Transporters	Inflammatory response	Hydrolase, Receptor	Cancer-related genes, Disease variant, FDA approved drug targets	Immune cell enhanced	neutrophil: 1.1	Low lineage specificity	Secreted to blood	Low tissue specificity	1	1	1	0	0	0	0	0	0	0	0	0	0	1	1	Granulocyte	1	1	5	1	Cytokine/Interleukin
1388	IL1R2	Interleukin-1 receptor type 2	Cancer-related genes, CD markers, Plasma proteins, Predicted membrane proteins, Predicted secreted proteins		Receptor	Cancer-related genes	Immune cell enriched	neutrophil: 378.7	Lineage enriched	Secreted to blood	Tissue enhanced	1	1	1	0	0	0	0	0	0	0	0	0	0	1	1	Granulocyte	1	0	4	1	Cytokine/Interleukin
1389	IL1RAP	Interleukin-1 receptor accessory protein	Enzymes, Plasma proteins, Predicted intracellular proteins, Predicted membrane proteins, Predicted secreted proteins	Immunity, Inflammatory response, Innate immunity	Hydrolase, Receptor		Group enriched	eosinophil: 23.9;neutrophil: 95.8	Lineage enriched	Secreted to blood	Tissue enriched	1	1	1	0	0	0	0	0	0	0	0	0	0	1	1	Granulocyte	1	1	5	1	Cytokine/Interleukin
1390	IL1RL1	Interleukin-1 receptor-like 1	Candidate cardiovascular disease genes, Enzymes, Plasma proteins, Predicted intracellular proteins, Predicted membrane proteins, Predicted secreted proteins		Hydrolase, Receptor		Group enriched	basophil: 38.4;eosinophil: 29.4	Lineage enriched	Secreted to blood	Group enriched	1	1	1	0	0	0	0	0	0	0	0	0	0	1	1	Granulocyte	1	0	4	1	Cytokine/Interleukin
1391	IL1RL2	Interleukin-1 receptor-like 2	Enzymes, FDA approved drug targets, Predicted intracellular proteins, Predicted membrane proteins	Immunity, Inflammatory response, Innate immunity	Hydrolase, Receptor	FDA approved drug targets	Not detected in immune cells		Not detected		Tissue enhanced	1	1	1	0	0	0	0	0	0	0	0	0	0	1	0		0	1	3	1	Cytokine/Interleukin
1392	IL1RN	Interleukin-1 receptor antagonist protein	Cancer-related genes, Candidate cardiovascular disease genes, Disease related genes, Human disease related genes, Plasma proteins, Predicted intracellular proteins, Predicted secreted proteins			Cancer-related genes	Group enriched	classical monocyte: 69.8;myeloid DC: 66.9;neutrophil: 257.2	Group enriched	Secreted to blood	Tissue enriched	1	1	1	0	0	0	0	0	0	0	0	0	0	1	1	Myeloid/Monocyte;Granulocyte;Dendritic	1	0	4	1	Cytokine/Interleukin
1393	IL2	Interleukin-2	Cancer-related genes, Candidate cardiovascular disease genes, Disease related genes, Human disease related genes, Plasma proteins, Predicted secreted proteins	Adaptive immunity, Immunity	Cytokine, Growth factor	Cancer-related genes, Proto-oncogene	Not detected in immune cells		Not detected	Secreted to blood	Not detected	1	1	1	0	0	0	0	0	0	0	0	0	0	0	0		1	1	3	1	Cytokine/Interleukin
1394	IL20	Interleukin-20	Predicted secreted proteins		Cytokine		Not detected in immune cells		Not detected	Secreted to blood	Tissue enhanced	1	1	1	0	0	0	0	0	0	0	0	0	0	0	0		1	0	2	1	Cytokine/Interleukin
1395	IL20RA	Interleukin-20 receptor subunit alpha	Predicted intracellular proteins, Predicted membrane proteins		Receptor		Not detected in immune cells		Not detected		Tissue enhanced	1	1	1	0	0	0	0	0	0	0	0	0	0	1	0		0	0	2	1	Cytokine/Interleukin
1396	IL20RB	Interleukin-20 receptor subunit beta	Predicted membrane proteins		Receptor		Not detected in immune cells		Not detected		Group enriched	1	1	1	0	0	0	0	0	0	0	0	0	0	1	0		0	0	2	1	Cytokine/Interleukin
1397	IL21R	Interleukin-21 receptor	Cancer-related genes, CD markers, Disease related genes, Human disease related genes, Predicted membrane proteins		Receptor	Cancer-related genes, Disease variant	Low immune cell specificity		Low lineage specificity		Group enriched	1	1	1	0	0	0	0	0	0	0	0	0	0	1	0		0	0	2	1	Cytokine/Interleukin
1398	IL22	Interleukin-22	Predicted secreted proteins		Cytokine		Not detected in immune cells		Not detected	Secreted to blood	Tissue enhanced	1	1	1	0	0	0	0	0	0	0	0	0	0	0	0		1	0	2	1	Cytokine/Interleukin
1399	IL22RA1	Interleukin-22 receptor subunit alpha-1	Predicted membrane proteins		Receptor		Not detected in immune cells		Not detected		Tissue enriched	1	1	1	0	0	0	0	0	0	0	0	0	0	1	0		0	0	2	1	Cytokine/Interleukin
1400	IL24	Interleukin-24	Cancer-related genes, Predicted intracellular proteins, Predicted secreted proteins	Apoptosis	Cytokine	Cancer-related genes	Low immune cell specificity		Group enriched	Secreted to blood	Tissue enhanced	1	1	1	0	0	0	0	0	0	0	0	0	0	0	0		1	0	2	1	Cytokine/Interleukin
1401	IL25	Interleukin-25	Predicted intracellular proteins, Predicted secreted proteins		Cytokine		Not detected in immune cells		Not detected	Secreted to blood	Not detected	1	1	1	0	0	0	0	0	0	0	0	0	0	0	0		1	0	2	1	Cytokine/Interleukin
1402	IL2RA	Interleukin-2 receptor subunit alpha	Cancer-related genes, CD markers, Disease related genes, FDA approved drug targets, Human disease related genes, Plasma proteins, Predicted membrane proteins	Immunity	Receptor	Cancer-related genes, Diabetes mellitus, Disease variant, FDA approved drug targets	Group enriched	basophil: 192.6;T-reg: 271.0	Group enriched		Tissue enhanced	1	1	1	0	0	0	0	0	0	0	0	0	0	1	1	Granulocyte;T-cell	0	1	5	1	Cytokine/Interleukin
1403	IL2RB	Interleukin-2 receptor subunit beta	Cancer-related genes, CD markers, Disease related genes, FDA approved drug targets, Human disease related genes, Predicted membrane proteins, Transporters	Host-virus interaction	Receptor	Cancer-related genes, Disease variant, FDA approved drug targets	Group enriched	gdT-cell: 49.8;NK-cell: 184.0	Group enriched		Tissue enhanced	1	1	1	0	0	0	0	0	0	0	0	0	0	1	1	T-cell;NK-cell	0	0	4	1	Cytokine/Interleukin
1404	IL2RG	Cytokine receptor common subunit gamma	Cancer-related genes, CD markers, Disease related genes, FDA approved drug targets, Human disease related genes, Predicted intracellular proteins, Predicted membrane proteins	Host-virus interaction	Receptor	Cancer-related genes, Disease variant, FDA approved drug targets, SCID	Low immune cell specificity		Low lineage specificity		Tissue enhanced	1	1	1	0	0	0	0	0	0	0	0	0	0	1	0		0	0	2	1	Cytokine/Interleukin
1405	IL3	Interleukin-3	Predicted secreted proteins		Cytokine, Growth factor		Not detected in immune cells		Not detected	Secreted to blood	Not detected	1	1	1	0	0	0	0	0	0	0	0	0	0	0	0		1	0	2	1	Cytokine/Interleukin
1406	IL31	Interleukin-31	Predicted secreted proteins	Immunity	Cytokine		Not detected in immune cells		Not detected	Secreted to blood	Not detected	1	1	1	0	0	0	0	0	0	0	0	0	0	0	0		1	1	3	1	Cytokine/Interleukin
1407	IL31RA	Interleukin-31 receptor subunit alpha	Disease related genes, Human disease related genes, Predicted intracellular proteins, Predicted membrane proteins	Immunity	Receptor	Amyloidosis, Disease variant	Not detected in immune cells		Not detected		Tissue enhanced	1	1	1	0	0	0	0	0	0	0	0	0	0	1	0		0	1	3	1	Cytokine/Interleukin
1408	IL32	Interleukin-32	Plasma proteins, Predicted intracellular proteins, Predicted secreted proteins		Cytokine		Immune cell enhanced	T-reg: 4640.3	Lineage enriched	Secreted to blood	Tissue enhanced	1	1	1	0	0	0	0	0	0	0	0	0	0	0	1	T-cell	1	0	4	1	Cytokine/Interleukin
1409	IL33	Interleukin-33	Predicted intracellular proteins, Predicted secreted proteins	Transcription	Cytokine		Not detected in immune cells		Not detected	Secreted to blood	Tissue enhanced	1	1	1	0	0	0	0	0	0	0	0	0	0	0	0		1	0	2	1	Cytokine/Interleukin
1410	IL34	Interleukin-34	Predicted intracellular proteins, Predicted secreted proteins	Immunity, Inflammatory response, Innate immunity	Cytokine, Growth factor		Immune cell enriched	eosinophil: 18.6	Lineage enriched	Secreted to blood	Tissue enhanced	1	1	1	0	0	0	0	0	0	0	0	0	0	0	1	Granulocyte	1	1	5	1	Cytokine/Interleukin
1411	IL36A	Interleukin-36 alpha	Predicted intracellular proteins, Predicted secreted proteins	Immunity, Inflammatory response, Innate immunity	Cytokine		Not detected in immune cells		Not detected	Secreted to blood	Group enriched	1	1	1	0	0	0	0	0	0	0	0	0	0	0	0		1	1	3	1	Cytokine/Interleukin
1412	IL36G	Interleukin-36 gamma	Predicted intracellular proteins, Predicted secreted proteins	Immunity, Inflammatory response, Innate immunity	Cytokine		Not detected in immune cells		Not detected	Secreted to blood	Group enriched	1	1	1	0	0	0	0	0	0	0	0	0	0	0	0		1	1	3	1	Cytokine/Interleukin
1413	IL3RA	Interleukin-3 receptor subunit alpha	CD markers, FDA approved drug targets, Predicted intracellular proteins, Predicted membrane proteins		Receptor	FDA approved drug targets	Immune cell enriched	basophil: 2669.0	Lineage enriched		Low tissue specificity	1	1	1	0	0	0	0	0	0	0	0	0	0	1	1	Granulocyte	0	0	4	1	Cytokine/Interleukin
1414	IL4	Interleukin-4	Cancer-related genes, Disease related genes, FDA approved drug targets, Human disease related genes, Plasma proteins, Predicted secreted proteins	B-cell activation	Cytokine, Growth factor	Cancer-related genes, FDA approved drug targets	Immune cell enriched	basophil: 476.8	Lineage enriched	Secreted to blood	Not detected	1	1	1	0	0	0	0	0	0	0	0	0	0	0	1	Granulocyte	1	0	4	1	Cytokine/Interleukin
1415	IL4R	Interleukin-4 receptor subunit alpha	Cancer-related genes, CD markers, FDA approved drug targets, Human disease related genes, Plasma proteins, Predicted intracellular proteins, Predicted membrane proteins, Predicted secreted proteins, Transporters	Immunity	Receptor	Cancer-related genes, FDA approved drug targets	Immune cell enhanced	naive B-cell: 77.1	Group enriched	Secreted to blood	Low tissue specificity	1	1	1	0	0	0	0	0	0	0	0	0	0	1	1	B-cell	1	1	5	1	Cytokine/Interleukin
1416	IL5	Interleukin-5	Cancer-related genes, FDA approved drug targets, Predicted intracellular proteins, Predicted secreted proteins		Cytokine, Growth factor	Cancer-related genes, FDA approved drug targets	Immune cell enriched	memory B-cell: 1.4	Lineage enriched	Secreted to blood	Tissue enriched	1	1	1	0	0	0	0	0	0	0	0	0	0	0	1	B-cell	1	0	4	1	Cytokine/Interleukin
1417	IL5RA	Interleukin-5 receptor subunit alpha	CD markers, FDA approved drug targets, Plasma proteins, Predicted intracellular proteins, Predicted membrane proteins		Receptor	FDA approved drug targets	Group enriched	basophil: 179.4;eosinophil: 356.1	Lineage enriched	Intracellular and membrane	Tissue enhanced	1	1	1	0	0	0	0	0	0	0	0	0	0	1	1	Granulocyte	0	0	4	1	Cytokine/Interleukin
1418	IL6	Interleukin-6	Cancer-related genes, Candidate cardiovascular disease genes, Disease related genes, FDA approved drug targets, Human disease related genes, Plasma proteins, Predicted intracellular proteins, Predicted membrane proteins, Predicted secreted proteins	Acute phase	Cytokine, Growth factor	Cancer-related genes, FDA approved drug targets	Group enriched	memory B-cell: 4.1;naive B-cell: 5.2	Lineage enriched	Secreted to blood	Tissue enhanced	1	1	1	0	0	0	0	0	0	0	0	0	0	0	1	B-cell	1	0	4	1	Cytokine/Interleukin
1419	IL6R	Interleukin-6 receptor subunit alpha	Cancer-related genes, Candidate cardiovascular disease genes, CD markers, Disease related genes, FDA approved drug targets, Human disease related genes, Plasma proteins, Predicted intracellular proteins, Predicted membrane proteins, Predicted secreted proteins		Receptor	Cancer-related genes, FDA approved drug targets	Immune cell enhanced	neutrophil: 89.4	Low lineage specificity	Secreted to blood	Tissue enhanced	1	1	1	0	0	0	0	0	0	0	0	0	0	1	1	Granulocyte	1	0	4	1	Cytokine/Interleukin
1420	IL6ST	Interleukin-6 receptor subunit beta	Cancer-related genes, Candidate cardiovascular disease genes, CD markers, Disease related genes, Human disease related genes, Plasma proteins, Predicted membrane proteins, Predicted secreted proteins	Host-virus interaction	Receptor	Cancer-related genes, Disease variant	Immune cell enhanced	naive CD4 T-cell: 22.8	Lineage enriched	Secreted to blood	Low tissue specificity	1	1	1	0	0	0	0	0	0	0	0	0	0	1	1	T-cell	1	0	4	1	Cytokine/Interleukin
1421	IL7	Interleukin-7	Cancer-related genes, Disease related genes, Human disease related genes, Plasma proteins, Predicted secreted proteins		Cytokine, Growth factor	Cancer-related genes, Disease variant	Immune cell enhanced	memory B-cell: 9.8;naive B-cell: 8.8	Low lineage specificity	Secreted to blood	Low tissue specificity	1	1	1	0	0	0	0	0	0	0	0	0	0	0	1	B-cell	1	0	4	1	Cytokine/Interleukin
1422	IL7R	Interleukin-7 receptor subunit alpha	Cancer-related genes, CD markers, Disease related genes, Human disease related genes, Predicted intracellular proteins, Predicted membrane proteins		Receptor	Cancer-related genes, Disease variant, SCID	Group enriched	gdT-cell: 102.3;MAIT T-cell: 370.2;memory CD4 T-cell: 214.4;memory CD8 T-cell: 151.1;naive CD4 T-cell: 180.0;naive CD8 T-cell: 125.1;NK-cell: 113.4	Group enriched	Intracellular and membrane	Tissue enhanced	1	1	1	0	0	0	0	0	0	0	0	0	0	1	1	T-cell;NK-cell	0	0	4	1	Cytokine/Interleukin
1423	IL9	Interleukin-9	Cancer-related genes, Predicted secreted proteins		Cytokine, Growth factor	Cancer-related genes	Not detected in immune cells		Not detected	Secreted to blood	Not detected	1	1	1	0	0	0	0	0	0	0	0	0	0	0	0		1	0	2	1	Cytokine/Interleukin
1424	ILKAP	Integrin-linked kinase-associated serine/threonine phosphatase 2C	Enzymes, Predicted intracellular proteins		Hydrolase, Protein phosphatase		Low immune cell specificity		Low lineage specificity		Low tissue specificity	1	0	0	0	0	0	0	0	0	0	0	0	0	0	0		0	0	0	0	Non-immune
1425	IMMT	MICOS complex subunit MIC60	Essential proteins, Predicted intracellular proteins, Transporters	Host-virus interaction			Low immune cell specificity		Low lineage specificity		Tissue enhanced	1	0	0	0	0	0	0	0	0	0	0	0	0	0	0		0	0	0	0	Non-immune
1426	IMPA1	Inositol monophosphatase 1	Disease related genes, Enzymes, Human disease related genes, Metabolic proteins, Potential drug targets, Predicted intracellular proteins		Hydrolase	Intellectual disability	Low immune cell specificity		Low lineage specificity		Low tissue specificity	1	0	0	0	0	0	0	0	0	0	0	0	0	0	0		0	0	0	0	Non-immune
1427	IMPACT	Protein IMPACT	Predicted intracellular proteins	Differentiation, Neurogenesis, Stress response, Translation regulation	Actin-binding, Repressor		Immune cell enhanced	basophil: 66.2	Lineage enriched		Low tissue specificity	1	0	0	0	0	0	0	0	0	0	0	0	0	0	1	Granulocyte	0	0	2	1	Immune-cell-enriched
1428	IMPG1	Interphotoreceptor matrix proteoglycan 1	Disease related genes, Human disease related genes, Predicted intracellular proteins, Predicted secreted proteins		Heparin-binding, Receptor	Disease variant, Retinitis pigmentosa	Not detected in immune cells		Not detected	Secreted in other tissues	Tissue enriched	1	0	0	0	0	0	0	0	0	0	0	0	0	1	0		1	0	0	0	Soluble receptor
1429	ING1	Inhibitor of growth protein 1	Cancer-related genes, Disease related genes, Human disease related genes, Predicted intracellular proteins	Cell cycle		Cancer-related genes, Disease variant, Tumor suppressor	Low immune cell specificity		Low lineage specificity		Low tissue specificity	1	0	0	0	0	0	0	0	0	0	0	0	0	0	0		0	0	0	0	Non-immune
1430	INHBB	Inhibin beta B chain	Cancer-related genes, Predicted secreted proteins		Growth factor, Hormone	Cancer-related genes	Not detected in immune cells		Not detected	Secreted to blood	Tissue enhanced	1	0	0	0	0	0	0	0	0	0	0	0	0	0	0		1	0	0	0	Non-immune
1431	INHBC	Inhibin beta C chain	Plasma proteins, Predicted secreted proteins		Growth factor, Hormone		Not detected in immune cells		Not detected	Secreted to blood	Tissue enriched	1	0	0	0	0	0	0	0	0	0	0	0	0	0	0		1	0	0	0	Non-immune
1432	INPP1	Inositol polyphosphate 1-phosphatase	Enzymes, Metabolic proteins, Predicted intracellular proteins		Hydrolase		Immune cell enhanced	eosinophil: 96.3	Lineage enriched		Low tissue specificity	1	0	0	0	0	0	0	0	0	0	0	0	0	0	1	Granulocyte	0	0	2	1	Immune-cell-enriched
1433	INPP5D	Phosphatidylinositol 3,4,5-trisphosphate 5-phosphatase 1	Enzymes, Metabolic proteins, Plasma proteins, Predicted intracellular proteins	Apoptosis, Immunity, Lipid metabolism	Hydrolase		Low immune cell specificity		Low lineage specificity		Tissue enhanced	1	0	0	0	0	0	0	0	0	0	0	0	0	0	0		0	1	1	0	Other immune-annotated
1434	INPP5J	Phosphatidylinositol 4,5-bisphosphate 5-phosphatase A	Enzymes, Metabolic proteins, Predicted intracellular proteins, Predicted membrane proteins		Hydrolase		Not detected in immune cells		Not detected		Tissue enhanced	1	0	0	0	0	0	0	0	0	0	0	0	0	0	0		0	0	0	0	Non-immune
1435	INPPL1	Phosphatidylinositol 3,4,5-trisphosphate 5-phosphatase 2	Cancer-related genes, Disease related genes, Enzymes, Human disease related genes, Metabolic proteins, Potential drug targets, Predicted intracellular proteins	Cell adhesion, Immunity, Lipid metabolism	Actin-binding, Hydrolase	Cancer-related genes, Diabetes mellitus, Disease variant	Low immune cell specificity		Low lineage specificity		Low tissue specificity	1	0	0	0	0	0	0	0	0	0	0	0	0	0	0		0	1	1	0	Other immune-annotated
1436	INSL3	Insulin-like 3	Disease related genes, Human disease related genes, Predicted secreted proteins		Hormone	Disease variant	Low immune cell specificity		Low lineage specificity	Secreted to blood	Group enriched	1	0	0	0	0	0	0	0	0	0	0	0	0	0	0		1	0	0	0	Non-immune
1437	INSL4	Early placenta insulin-like peptide	Predicted secreted proteins		Hormone		Not detected in immune cells		Not detected	Secreted to blood	Tissue enriched	1	0	0	0	0	0	0	0	0	0	0	0	0	0	0		1	0	0	0	Non-immune
1438	INSL5	Insulin-like peptide INSL5	Predicted secreted proteins		Hormone		Not detected in immune cells		Not detected	Secreted to blood	Tissue enriched	1	0	0	0	0	0	0	0	0	0	0	0	0	0	0		1	0	0	0	Non-immune
1439	INSR	Insulin receptor	CD markers, Disease related genes, Enzymes, FDA approved drug targets, Human disease related genes, Plasma proteins, Predicted intracellular proteins, Predicted membrane proteins, RAS pathway related proteins	Carbohydrate metabolism	Kinase, Receptor, Transferase, Tyrosine-protein kinase	Diabetes mellitus, Disease variant, FDA approved drug targets	Low immune cell specificity		Group enriched		Low tissue specificity	1	0	0	0	0	0	0	0	0	0	0	0	0	1	0		0	0	0	0	Soluble receptor
1440	IPCEF1	Interactor protein for cytohesin exchange factors 1	Predicted intracellular proteins				Low immune cell specificity		Low lineage specificity		Group enriched	1	0	0	0	0	0	0	0	0	0	0	0	0	0	0		0	0	0	0	Non-immune
1441	IQGAP2	Ras GTPase-activating-like protein IQGAP2	Plasma proteins, Predicted intracellular proteins, Predicted membrane proteins		Calmodulin-binding		Immune cell enhanced	basophil: 21.3	Low lineage specificity		Tissue enhanced	1	0	0	0	0	0	0	0	0	0	0	0	0	0	1	Granulocyte	0	0	2	1	Immune-cell-enriched
1442	IRAG2	Inositol 1,4,5-triphosphate receptor associated 2	Predicted intracellular proteins, Predicted membrane proteins, Transporters	Fertilization, Immunity			Low immune cell specificity		Low lineage specificity		Group enriched	1	0	0	0	0	0	0	0	0	0	0	0	0	1	0		0	1	1	0	Soluble receptor
1443	IRAK1	Interleukin-1 receptor-associated kinase 1	Enzymes, Predicted intracellular proteins	Host-virus interaction, Immunity, Innate immunity	Kinase, Serine/threonine-protein kinase, Transferase		Low immune cell specificity		Low lineage specificity		Low tissue specificity	1	0	0	0	0	0	0	0	0	0	0	0	0	1	0		0	1	1	0	Soluble receptor
1444	IRAK4	Interleukin-1 receptor-associated kinase 4	Disease related genes, Enzymes, Human disease related genes, Plasma proteins, Potential drug targets, Predicted intracellular proteins	Immunity, Innate immunity	Kinase, Serine/threonine-protein kinase, Transferase	Disease variant	Low immune cell specificity		Low lineage specificity		Low tissue specificity	1	0	0	0	0	0	0	0	0	0	0	0	0	1	0		0	1	1	0	Soluble receptor
1445	ISLR2	Immunoglobulin superfamily containing leucine-rich repeat protein 2	Predicted intracellular proteins, Predicted membrane proteins	Neurogenesis	Developmental protein		Not detected in immune cells		Not detected		Group enriched	1	0	0	0	0	0	0	0	0	0	0	0	0	0	0		0	0	0	0	Non-immune
1446	ISM1	Isthmin-1	Predicted secreted proteins				Immune cell enhanced	memory CD4 T-cell: 1.1	Lineage enriched	Secreted in other tissues	Tissue enhanced	1	0	0	0	0	0	0	0	0	0	0	0	0	0	1	T-cell	1	0	2	1	Immune-cell-enriched
1447	ISM2	Isthmin-2	Predicted secreted proteins				Not detected in immune cells		Not detected	Secreted in female reproductive system	Tissue enriched	1	0	0	0	0	0	0	0	0	0	0	0	0	0	0		1	0	0	0	Non-immune
1448	IST1	IST1 homolog	Plasma proteins, Predicted intracellular proteins	Cell cycle, Cell division			Low immune cell specificity		Low lineage specificity		Low tissue specificity	1	0	0	0	0	0	0	0	0	0	0	0	0	0	0		0	0	0	0	Non-immune
1449	ITGA11	Integrin alpha-11	Predicted membrane proteins, Transporters	Cell adhesion	Integrin, Receptor		Not detected in immune cells		Not detected		Tissue enhanced	1	0	0	0	0	0	0	0	0	0	0	0	0	0	0		0	0	0	0	Non-immune
1450	ITGA2	Integrin alpha-2	Cancer-related genes, CD markers, Human disease related genes, Plasma proteins, Predicted membrane proteins	Cell adhesion, Host-virus interaction	Host cell receptor for virus entry, Integrin, Receptor	Cancer-related genes	Not detected in immune cells		Not detected		Low tissue specificity	1	0	0	0	0	0	0	0	0	0	0	0	0	0	0		0	0	0	0	Non-immune
1451	ITGA5	Integrin alpha-5	Cancer-related genes, CD markers, Plasma proteins, Predicted membrane proteins, Transporters	Cell adhesion, Host-virus interaction	Host cell receptor for virus entry, Integrin, Receptor	Cancer-related genes	Immune cell enhanced	neutrophil: 89.4	Low lineage specificity		Tissue enhanced	1	0	0	0	0	0	0	0	0	0	0	0	0	0	1	Granulocyte	0	0	2	1	Immune-cell-enriched
1452	ITGA6	Integrin alpha-6	Cancer-related genes, CD markers, Disease related genes, Human disease related genes, Plasma proteins, Potential drug targets, Predicted intracellular proteins, Predicted membrane proteins, Transporters	Cell adhesion	Integrin, Receptor	Cancer-related genes, Epidermolysis bullosa	Immune cell enhanced	eosinophil: 22.5	Group enriched		Low tissue specificity	1	0	0	0	0	0	0	0	0	0	0	0	0	0	1	Granulocyte	0	0	2	1	Immune-cell-enriched
1453	ITGAL	Integrin alpha-L	CD markers, FDA approved drug targets, Predicted intracellular proteins, Predicted membrane proteins, Transporters	Cell adhesion, Host-virus interaction, Phagocytosis	Integrin, Receptor	FDA approved drug targets	Immune cell enhanced	non-classical monocyte: 122.4	Low lineage specificity		Tissue enhanced	1	0	0	0	0	0	0	0	0	0	0	0	0	0	1	Myeloid/Monocyte	0	0	2	1	Immune-cell-enriched
1454	ITGAM	Integrin alpha-M	Cancer-related genes, CD markers, Disease related genes, Predicted intracellular proteins, Predicted membrane proteins	Cell adhesion, Immunity, Innate immunity	Integrin, Receptor	Cancer-related genes, Systemic lupus erythematosus	Low immune cell specificity		Low lineage specificity		Tissue enriched	1	0	0	0	0	0	0	0	0	0	0	0	0	0	0		0	1	1	0	Other immune-annotated
1455	ITGAV	Integrin alpha-V	Cancer-related genes, CD markers, FDA approved drug targets, Predicted intracellular proteins, Predicted membrane proteins, Transporters	Cell adhesion, Host-virus interaction	Host cell receptor for virus entry, Integrin, Receptor	Cancer-related genes, FDA approved drug targets	Low immune cell specificity		Low lineage specificity		Low tissue specificity	1	0	0	0	0	0	0	0	0	0	0	0	0	0	0		0	0	0	0	Non-immune
1456	ITGAX	Integrin alpha-X	CD markers, FDA approved drug targets, Predicted intracellular proteins, Predicted membrane proteins	Cell adhesion	Integrin, Receptor	FDA approved drug targets	Immune cell enhanced	neutrophil: 86.3	Low lineage specificity		Tissue enhanced	1	0	0	0	0	0	0	0	0	0	0	0	0	0	1	Granulocyte	0	0	2	1	Immune-cell-enriched
1457	ITGB1	Integrin beta-1	Cancer-related genes, CD markers, FDA approved drug targets, Plasma proteins, Predicted intracellular proteins, Predicted membrane proteins, Transporters	Cell adhesion, Host-virus interaction, Myogenesis	Host cell receptor for virus entry, Integrin, Receptor	Cancer-related genes, FDA approved drug targets	Low immune cell specificity		Low lineage specificity		Low tissue specificity	1	0	0	0	0	0	0	0	0	0	0	0	0	0	0		0	0	0	0	Non-immune
1458	ITGB1BP1	Integrin beta-1-binding protein 1	Predicted intracellular proteins, Transporters	Angiogenesis, Biomineralization, Cell adhesion, Differentiation, Notch signaling pathway, Transcription, Transcription regulation	Mitogen		Low immune cell specificity		Low lineage specificity		Low tissue specificity	1	0	0	0	0	0	0	0	0	0	0	0	0	0	0		0	0	0	0	Non-immune
1459	ITGB1BP2	Integrin beta-1-binding protein 2	Predicted intracellular proteins				Not detected in immune cells		Not detected		Tissue enhanced	1	0	0	0	0	0	0	0	0	0	0	0	0	0	0		0	0	0	0	Non-immune
1460	ITGB2	Integrin beta-2	CD markers, Disease related genes, Human disease related genes, Plasma proteins, Predicted intracellular proteins, Predicted membrane proteins	Cell adhesion, Phagocytosis	Integrin, Receptor	Disease variant	Low immune cell specificity		Low lineage specificity		Tissue enhanced	1	0	0	0	0	0	0	0	0	0	0	0	0	0	0		0	0	0	0	Non-immune
1461	ITGB5	Integrin beta-5	Cancer-related genes, Plasma proteins, Predicted intracellular proteins, Predicted membrane proteins	Cell adhesion, Host-virus interaction	Host cell receptor for virus entry, Integrin, Receptor	Cancer-related genes	Not detected in immune cells		Not detected		Tissue enhanced	1	0	0	0	0	0	0	0	0	0	0	0	0	0	0		0	0	0	0	Non-immune
1462	ITGB6	Integrin beta-6	Cancer-related genes, Disease related genes, Human disease related genes, Plasma proteins, Predicted membrane proteins	Cell adhesion, Host-virus interaction	Host cell receptor for virus entry, Integrin, Receptor	Amelogenesis imperfecta, Cancer-related genes, Disease variant	Not detected in immune cells		Not detected		Tissue enhanced	1	0	0	0	0	0	0	0	0	0	0	0	0	0	0		0	0	0	0	Non-immune
1463	ITGB7	Integrin beta-7	Cancer-related genes, FDA approved drug targets, Plasma proteins, Predicted intracellular proteins, Predicted membrane proteins	Cell adhesion	Host cell receptor for virus entry, Integrin, Receptor	Cancer-related genes, FDA approved drug targets	Low immune cell specificity		Low lineage specificity		Tissue enhanced	1	0	0	0	0	0	0	0	0	0	0	0	0	0	0		0	0	0	0	Non-immune
1464	ITGBL1	Integrin beta-like protein 1	Predicted intracellular proteins, Predicted secreted proteins, Transporters				Not detected in immune cells		Not detected	Secreted - unknown location	Tissue enriched	1	0	0	0	0	0	0	0	0	0	0	0	0	0	0		1	0	0	0	Non-immune
1465	ITIH1	Inter-alpha-trypsin inhibitor heavy chain H1	Plasma proteins, Predicted intracellular proteins, Predicted secreted proteins		Protease inhibitor, Serine protease inhibitor		Not detected in immune cells		Not detected	Secreted to blood	Tissue enriched	1	0	0	0	0	0	0	0	0	0	0	0	0	0	0		1	0	0	0	Non-immune
1466	ITIH3	Inter-alpha-trypsin inhibitor heavy chain H3	Plasma proteins, Predicted secreted proteins		Protease inhibitor, Serine protease inhibitor		Not detected in immune cells		Not detected	Secreted to blood	Tissue enriched	1	0	0	0	0	0	0	0	0	0	0	0	0	0	0		1	0	0	0	Non-immune
1467	ITIH4	Inter-alpha-trypsin inhibitor heavy chain H4	Cancer-related genes, Plasma proteins, Predicted intracellular proteins, Predicted secreted proteins	Acute phase	Protease inhibitor, Serine protease inhibitor	Cancer-related genes	Not detected in immune cells		Not detected	Secreted to blood	Tissue enriched	1	0	0	0	0	0	0	0	0	0	0	0	0	0	0		1	0	0	0	Non-immune
1468	ITIH5	Inter-alpha-trypsin inhibitor heavy chain H5	Predicted intracellular proteins, Predicted secreted proteins				Not detected in immune cells		Not detected	Secreted to blood	Tissue enhanced	1	0	0	0	0	0	0	0	0	0	0	0	0	0	0		1	0	0	0	Non-immune
1469	ITM2A	Integral membrane protein 2A	Predicted intracellular proteins, Predicted membrane proteins, Transporters				Group enriched	basophil: 173.0;eosinophil: 88.6;gdT-cell: 107.2;MAIT T-cell: 79.4;memory CD4 T-cell: 205.2;memory CD8 T-cell: 170.3;naive CD4 T-cell: 217.2;naive CD8 T-cell: 101.8;NK-cell: 130.9;T-reg: 168.4	Group enriched		Tissue enhanced	1	0	0	0	0	0	0	0	0	0	0	0	0	0	1	Granulocyte;T-cell;NK-cell	0	0	2	1	Immune-cell-enriched
1470	ITPA	Inosine triphosphate pyrophosphatase	Disease related genes, Enzymes, Human disease related genes, Metabolic proteins, Potential drug targets, Predicted intracellular proteins	Nucleotide metabolism	Hydrolase	Disease variant, Epilepsy	Low immune cell specificity		Low lineage specificity		Low tissue specificity	1	0	0	0	0	0	0	0	0	0	0	0	0	0	0		0	0	0	0	Non-immune
1471	ITPR1	Inositol 1,4,5-trisphosphate receptor type 1	Disease related genes, Human disease related genes, Plasma proteins, Potential drug targets, Predicted intracellular proteins, Predicted membrane proteins, Transporters	Apoptosis, Calcium transport, Ion transport, Transport	Calcium channel, Ion channel, Ligand-gated ion channel, Receptor	Disease variant, Intellectual disability, Neurodegeneration, Spinocerebellar ataxia	Low immune cell specificity		Low lineage specificity		Low tissue specificity	1	0	0	0	0	0	0	0	0	0	0	0	0	1	0		0	0	0	0	Soluble receptor
1472	ITPRIP	Inositol 1,4,5-trisphosphate receptor-interacting protein	Predicted membrane proteins				Immune cell enhanced	neutrophil: 30.7	Low lineage specificity		Tissue enhanced	1	0	0	0	0	0	0	0	0	0	0	0	0	1	1	Granulocyte	0	0	2	1	Immune-cell-enriched
1473	IVD	Isovaleryl-CoA dehydrogenase, mitochondrial	Disease related genes, Enzymes, Human disease related genes, Metabolic proteins, Potential drug targets, Predicted intracellular proteins	Fatty acid metabolism, Lipid metabolism	Oxidoreductase	Disease variant	Low immune cell specificity		Low lineage specificity		Low tissue specificity	1	0	0	0	0	0	0	0	0	0	0	0	0	0	0		0	0	0	0	Non-immune
1474	IZUMO1	Izumo sperm-egg fusion protein 1	Predicted intracellular proteins, Predicted membrane proteins, Transporters	Fertilization			Not detected in immune cells		Not detected		Tissue enriched	1	0	0	0	0	0	0	0	0	0	0	0	0	0	0		0	0	0	0	Non-immune
1475	JAM2	Junctional adhesion molecule B	CD markers, Disease related genes, Human disease related genes, Predicted membrane proteins			Disease variant	Not detected in immune cells		Not detected		Tissue enhanced	1	0	0	0	0	0	0	0	0	0	0	0	0	0	0		0	0	0	0	Non-immune
1476	JAM3	Junctional adhesion molecule C	Disease related genes, Human disease related genes, Predicted intracellular proteins, Predicted membrane proteins, Predicted secreted proteins	Angiogenesis, Cell adhesion, Differentiation, Spermatogenesis		Disease variant	Immune cell enhanced	memory B-cell: 5.3	Group enriched	Secreted to blood	Low tissue specificity	1	0	0	0	0	0	0	0	0	0	0	0	0	0	1	B-cell	1	0	2	1	Immune-cell-enriched
1477	JCHAIN	Immunoglobulin J chain	Plasma proteins, Predicted secreted proteins				Group enriched	memory B-cell: 4194.2;naive B-cell: 2578.5;plasmacytoid DC: 3595.4	Group enriched	Secreted to blood	Tissue enhanced	1	0	0	0	0	0	0	0	0	0	0	0	1	0	1	Myeloid/Monocyte;B-cell;Dendritic	1	0	3	1	Ig/B-cell/Fc
1478	JMJD1C	Probable JmjC domain-containing histone demethylation protein 2C	Predicted intracellular proteins	Transcription, Transcription regulation	Chromatin regulator, Dioxygenase, Oxidoreductase		Immune cell enhanced	neutrophil: 14.1	Low lineage specificity		Low tissue specificity	1	0	0	0	0	0	0	0	0	0	0	0	0	0	1	Granulocyte	0	0	2	1	Immune-cell-enriched
1479	JPT2	Jupiter microtubule associated homolog 2	Predicted intracellular proteins	Host-virus interaction			Low immune cell specificity		Low lineage specificity		Tissue enhanced	1	0	0	0	0	0	0	0	0	0	0	0	0	0	0		0	0	0	0	Non-immune
1480	JUN	Transcription factor AP-1	Cancer-related genes, FDA approved drug targets, Predicted intracellular proteins, Transcription factors	Transcription, Transcription regulation	Activator, DNA-binding	Cancer-related genes, FDA approved drug targets, Proto-oncogene	Not detected in immune cells		Not detected		Low tissue specificity	1	0	0	0	0	0	0	0	0	0	0	0	0	0	0		0	0	0	0	Non-immune
1481	KAZALD1	Kazal-type serine protease inhibitor domain-containing protein 1	Predicted secreted proteins	Differentiation, Osteogenesis	Developmental protein		Not detected in immune cells		Not detected	Secreted to extracellular matrix	Tissue enhanced	1	0	0	0	0	0	0	0	0	0	0	0	0	0	0		1	0	0	0	Non-immune
1482	KAZN	Kazrin	Predicted intracellular proteins	Keratinization			Immune cell enriched	neutrophil: 3.5	Lineage enriched		Tissue enhanced	1	0	0	0	0	0	0	0	0	0	0	0	0	0	1	Granulocyte	0	0	2	1	Immune-cell-enriched
1483	KCNC4	Potassium voltage-gated channel subfamily C member 4	Predicted intracellular proteins, Predicted membrane proteins, Voltage-gated ion channels	Ion transport, Potassium transport, Transport	Ion channel, Potassium channel, Voltage-gated channel		Not detected in immune cells		Not detected		Tissue enhanced	1	0	0	0	0	0	0	0	0	0	0	0	0	0	0		0	0	0	0	Non-immune
1484	KCNH2	Potassium voltage-gated channel subfamily H member 2	Disease related genes, FDA approved drug targets, Human disease related genes, Plasma proteins, Predicted membrane proteins, Transporters, Voltage-gated ion channels	Ion transport, Potassium transport, Transport	Ion channel, Potassium channel, Voltage-gated channel	Deafness, Disease variant, FDA approved drug targets, Long QT syndrome, Short QT syndrome	Not detected in immune cells		Not detected		Tissue enhanced	1	0	0	0	0	0	0	0	0	0	0	0	0	0	0		0	0	0	0	Non-immune
1485	KCNIP4	Kv channel-interacting protein 4	Predicted intracellular proteins, Transporters	Ion transport, Potassium transport, Transport	Ion channel, Potassium channel, Voltage-gated channel		Not detected in immune cells		Not detected		Tissue enhanced	1	0	0	0	0	0	0	0	0	0	0	0	0	0	0		0	0	0	0	Non-immune
1486	KCTD5	BTB/POZ domain-containing protein KCTD5	Predicted intracellular proteins	Host-virus interaction			Immune cell enhanced	plasmacytoid DC: 63.7	Group enriched		Low tissue specificity	1	0	0	0	0	0	0	0	0	0	0	0	0	0	1	Myeloid/Monocyte;Dendritic	0	0	2	1	Immune-cell-enriched
1487	KDM3A	Lysine-specific demethylase 3A	Enzymes, Predicted intracellular proteins	Differentiation, Spermatogenesis, Transcription, Transcription regulation	Activator, Chromatin regulator, Dioxygenase, Oxidoreductase		Low immune cell specificity		Low lineage specificity		Low tissue specificity	1	0	0	0	0	0	0	0	0	0	0	0	0	0	0		0	0	0	0	Non-immune
1488	KDR	Vascular endothelial growth factor receptor 2	Cancer-related genes, CD markers, Disease related genes, Enzymes, FDA approved drug targets, Human disease related genes, Plasma proteins, Predicted membrane proteins, RAS pathway related proteins	Angiogenesis, Differentiation, Host-virus interaction	Developmental protein, Kinase, Receptor, Transferase, Tyrosine-protein kinase	Cancer-related genes, FDA approved drug targets	Not detected in immune cells		Not detected	Intracellular and membrane	Low tissue specificity	1	0	0	0	0	0	0	0	0	0	0	0	0	1	0		0	0	0	0	Soluble receptor
1489	KEL	Kell blood group glycoprotein	Blood group antigen proteins, Cancer-related genes, CD markers, Enzymes, Predicted intracellular proteins, Predicted membrane proteins		Blood group antigen, Hydrolase, Metalloprotease, Protease	Cancer-related genes	Not detected in immune cells		Not detected		Group enriched	1	0	0	0	0	0	0	0	0	0	0	0	0	0	0		1	1	1	0	Other immune-annotated
1490	KHDC3L	KH domain-containing protein 3	Disease related genes, Human disease related genes, Predicted intracellular proteins				Not detected in immune cells		Not detected		Tissue enhanced	1	0	0	0	0	0	0	0	0	0	0	0	0	0	0		0	0	0	0	Non-immune
1491	KHK	Ketohexokinase	Disease related genes, Enzymes, Metabolic proteins, Plasma proteins, Potential drug targets, Predicted intracellular proteins	Carbohydrate metabolism	Kinase, Transferase	Disease variant	Low immune cell specificity		Low lineage specificity		Group enriched	1	0	0	0	0	0	0	0	0	0	0	0	0	0	0		0	0	0	0	Non-immune
1492	KIAA0319	Dyslexia-associated protein KIAA0319	Disease related genes, Human disease related genes, Predicted membrane proteins, Predicted secreted proteins	Neurogenesis	Developmental protein		Immune cell enhanced	neutrophil: 1.6	Lineage enhanced	Secreted in brain	Group enriched	1	0	0	0	0	0	0	0	0	0	0	0	0	0	1	Granulocyte	1	0	2	1	Immune-cell-enriched
1493	KIAA1549	UPF0606 protein KIAA1549	Disease related genes, Human disease related genes, Predicted membrane proteins			Retinitis pigmentosa	Not detected in immune cells		Not detected		Low tissue specificity	1	0	0	0	0	0	0	0	0	0	0	0	0	0	0		0	0	0	0	Non-immune
1494	KIAA1549L	UPF0606 protein KIAA1549L	Predicted membrane proteins				Not detected in immune cells		Not detected		Group enriched	1	0	0	0	0	0	0	0	0	0	0	0	0	0	0		0	0	0	0	Non-immune
1495	KIAA2013	Uncharacterized protein KIAA2013	Predicted membrane proteins				Low immune cell specificity		Low lineage specificity		Low tissue specificity	1	0	0	0	0	0	0	0	0	0	0	0	0	0	0		0	0	0	0	Non-immune
1496	KIF1C	Kinesin-like protein KIF1C	Disease related genes, Human disease related genes, Plasma proteins, Predicted intracellular proteins		Motor protein	Disease variant, Neurodegeneration	Low immune cell specificity		Low lineage specificity		Tissue enhanced	1	0	0	0	0	0	0	0	0	0	0	0	0	0	0		0	0	0	0	Non-immune
1497	KIF20B	Kinesin-like protein KIF20B	Predicted intracellular proteins	Cell cycle, Cell division, Mitosis	Motor protein	Oncogene	Low immune cell specificity		Low lineage specificity		Tissue enhanced	1	0	0	0	0	0	0	0	0	0	0	0	0	0	0		0	0	0	0	Non-immune
1498	KIF22	Kinesin-like protein KIF22	Disease related genes, Human disease related genes, Plasma proteins, Predicted intracellular proteins		DNA-binding, Motor protein	Disease variant, Dwarfism	Low immune cell specificity		Low lineage specificity		Tissue enhanced	1	0	0	0	0	0	0	0	0	0	0	0	0	0	0		0	0	0	0	Non-immune
1499	KIFBP	KIF-binding protein	Disease related genes, Essential proteins, Human disease related genes, Predicted intracellular proteins	Differentiation, Neurogenesis	Developmental protein	Hirschsprung disease	Low immune cell specificity		Low lineage specificity		Low tissue specificity	1	0	0	0	0	0	0	0	0	0	0	0	0	0	0		0	0	0	0	Non-immune
1500	KIR2DL2	Killer cell immunoglobulin-like receptor 2DL2										1	0	0	0	0	0	0	0	0	0	0	0	0	1	0		0	0	0	0	Soluble receptor
1501	KIR2DL3	Killer cell immunoglobulin-like receptor 2DL3	CD markers, Predicted membrane proteins		Receptor		Immune cell enhanced	NK-cell: 1.4	Low lineage specificity		Tissue enhanced	1	0	0	0	0	0	0	0	0	0	0	0	0	1	1	NK-cell	0	0	2	1	Immune-cell-enriched
1502	KIR2DS4	Killer cell immunoglobulin-like receptor 2DS4	Predicted secreted proteins				Not detected in immune cells		Not detected	Secreted to blood	Not detected	1	0	0	0	0	0	0	0	0	0	0	0	0	1	0		1	0	0	0	Soluble receptor
1503	KIR3DL1	Killer cell immunoglobulin-like receptor 3DL1	CD markers, Predicted membrane proteins		Receptor		Immune cell enriched	gdT-cell: 1.8	Lineage enriched		Tissue enhanced	1	0	0	0	0	0	0	0	0	0	0	0	0	1	1	T-cell	0	0	2	1	Immune-cell-enriched
1504	KIR3DL2	Killer cell immunoglobulin-like receptor 3DL2	CD markers, Predicted membrane proteins		Receptor		Not detected in immune cells		Not detected		Tissue enhanced	1	0	0	0	0	0	0	0	0	0	0	0	0	1	0		0	0	0	0	Soluble receptor
1505	KIRREL1	Kin of IRRE-like protein 1	Disease related genes, Human disease related genes, Predicted membrane proteins			Disease variant	Not detected in immune cells		Not detected		Low tissue specificity	1	0	0	0	0	0	0	0	0	0	0	0	0	0	0		0	0	0	0	Non-immune
1506	KIRREL2	Kin of IRRE-like protein 2	Predicted intracellular proteins, Predicted membrane proteins				Not detected in immune cells		Not detected	Intracellular and membrane	Tissue enriched	1	0	0	0	0	0	0	0	0	0	0	0	0	0	0		0	0	0	0	Non-immune
1507	KIT	Mast/stem cell growth factor receptor Kit	Cancer-related genes, CD markers, Disease related genes, Enzymes, FDA approved drug targets, Human disease related genes, Plasma proteins, Predicted intracellular proteins, Predicted membrane proteins, RAS pathway related proteins		Kinase, Receptor, Transferase, Tyrosine-protein kinase	Cancer-related genes, Disease variant, FDA approved drug targets, Proto-oncogene	Group enriched	basophil: 16.1;eosinophil: 9.6;NK-cell: 11.1	Group enriched		Tissue enhanced	1	0	0	0	0	0	0	0	0	0	0	0	0	1	1	Granulocyte;NK-cell	0	0	2	1	Immune-cell-enriched
1508	KITLG	Kit ligand	Cancer-related genes, Disease related genes, Human disease related genes, Plasma proteins, Predicted intracellular proteins, Predicted membrane proteins, RAS pathway related proteins	Cell adhesion	Growth factor	Cancer-related genes, Deafness, Disease variant, Non-syndromic deafness, Waardenburg syndrome	Not detected in immune cells		Not detected	Intracellular and membrane	Low tissue specificity	1	0	0	0	0	0	0	0	0	0	0	0	0	0	0		0	0	0	0	Non-immune
1509	KLB	Beta-klotho	Predicted membrane proteins, Transporters				Not detected in immune cells		Not detected		Tissue enhanced	1	0	0	0	0	0	0	0	0	0	0	0	0	0	0		0	0	0	0	Non-immune
1510	KLF4	Krueppel-like factor 4	Cancer-related genes, Human disease related genes, Predicted intracellular proteins, Transcription factors	Transcription, Transcription regulation	Activator, DNA-binding	Cancer-related genes	Immune cell enhanced	intermediate monocyte: 1.0;non-classical monocyte: 1.0	Low lineage specificity		Tissue enhanced	1	0	0	0	0	0	0	0	0	0	0	0	0	0	1	Myeloid/Monocyte	0	0	2	1	Immune-cell-enriched
1511	KLHL41	Kelch-like protein 41	Disease related genes, Human disease related genes, Plasma proteins, Predicted intracellular proteins			Disease variant, Nemaline myopathy	Not detected in immune cells		Not detected		Group enriched	1	0	0	0	0	0	0	0	0	0	0	0	0	0	0		0	0	0	0	Non-immune
1512	KLK1	Kallikrein-1	Enzymes, Metabolic proteins, Predicted secreted proteins		Hydrolase, Protease, Serine protease		Group enriched	memory B-cell: 9.5;naive B-cell: 4.0	Lineage enriched	Secreted to digestive system	Group enriched	1	0	0	0	0	0	0	0	0	0	0	0	0	0	1	B-cell	1	0	2	1	Immune-cell-enriched
1513	KLK10	Kallikrein-10	Cancer-related genes, Enzymes, Predicted secreted proteins	Cell cycle	Hydrolase, Protease, Serine protease	Cancer-related genes, Tumor suppressor	Not detected in immune cells		Not detected	Secreted in other tissues	Group enriched	1	0	0	0	0	0	0	0	0	0	0	0	0	0	0		1	0	0	0	Non-immune
1514	KLK11	Kallikrein-11	Cancer-related genes, Enzymes, Plasma proteins, Predicted intracellular proteins, Predicted secreted proteins		Hydrolase, Protease, Serine protease	Cancer-related genes, Disease variant, Ichthyosis	Not detected in immune cells		Not detected	Secreted in other tissues	Tissue enhanced	1	0	0	0	0	0	0	0	0	0	0	0	0	0	0		1	0	0	0	Non-immune
1515	KLK12	Kallikrein-12	Enzymes, Predicted secreted proteins		Hydrolase, Protease, Serine protease		Not detected in immune cells		Not detected	Secreted in other tissues	Group enriched	1	0	0	0	0	0	0	0	0	0	0	0	0	0	0		1	0	0	0	Non-immune
1516	KLK13	Kallikrein-13	Cancer-related genes, Enzymes, Predicted secreted proteins		Hydrolase, Protease, Serine protease	Cancer-related genes	Not detected in immune cells		Not detected	Secreted in other tissues	Tissue enhanced	1	0	0	0	0	0	0	0	0	0	0	0	0	0	0		1	0	0	0	Non-immune
1517	KLK14	Kallikrein-14	Cancer-related genes, Enzymes, Plasma proteins, Predicted secreted proteins		Hydrolase, Protease, Serine protease	Cancer-related genes	Not detected in immune cells		Not detected	Secreted in other tissues	Tissue enhanced	1	0	0	0	0	0	0	0	0	0	0	0	0	0	0		1	0	0	0	Non-immune
1518	KLK15	Kallikrein-15	Cancer-related genes, Enzymes, Predicted intracellular proteins, Predicted secreted proteins		Hydrolase, Protease, Serine protease	Cancer-related genes	Not detected in immune cells		Not detected	Secreted to blood	Tissue enhanced	1	0	0	0	0	0	0	0	0	0	0	0	0	0	0		1	0	0	0	Non-immune
1519	KLK3	Prostate-specific antigen	Cancer-related genes, Enzymes, FDA approved drug targets, Plasma proteins, Predicted secreted proteins		Hydrolase, Protease, Serine protease	Cancer-related genes, FDA approved drug targets	Not detected in immune cells		Not detected	Secreted in male reproductive system	Tissue enriched	1	0	0	0	0	0	0	0	0	0	0	0	0	0	0		1	0	0	0	Non-immune
1520	KLK4	Kallikrein-4	Cancer-related genes, Disease related genes, Enzymes, Human disease related genes, Potential drug targets, Predicted intracellular proteins, Predicted secreted proteins	Biomineralization	Hydrolase, Protease, Serine protease	Amelogenesis imperfecta, Cancer-related genes	Not detected in immune cells		Not detected	Secreted in male reproductive system	Tissue enriched	1	0	0	0	0	0	0	0	0	0	0	0	0	0	0		1	0	0	0	Non-immune
1521	KLK6	Kallikrein-6	Cancer-related genes, Enzymes, Plasma proteins, Predicted intracellular proteins, Predicted secreted proteins		Hydrolase, Protease, Serine protease	Cancer-related genes	Not detected in immune cells		Not detected	Secreted in other tissues	Tissue enriched	1	0	0	0	0	0	0	0	0	0	0	0	0	0	0		1	0	0	0	Non-immune
1522	KLK7	Kallikrein-7	Cancer-related genes, Enzymes, Predicted intracellular proteins, Predicted secreted proteins		Hydrolase, Protease, Serine protease	Cancer-related genes	Not detected in immune cells		Not detected	Secreted in other tissues	Tissue enhanced	1	0	0	0	0	0	0	0	0	0	0	0	0	0	0		1	0	0	0	Non-immune
1523	KLK8	Kallikrein-8	Cancer-related genes, Enzymes, Plasma proteins, Predicted intracellular proteins, Predicted secreted proteins		Hydrolase, Protease, Serine protease	Cancer-related genes	Not detected in immune cells		Not detected	Secreted in other tissues	Group enriched	1	0	0	0	0	0	0	0	0	0	0	0	0	0	0		1	0	0	0	Non-immune
1524	KLKB1	Plasma kallikrein	Disease related genes, Enzymes, FDA approved drug targets, Human disease related genes, Plasma proteins, Predicted intracellular proteins, Predicted secreted proteins	Blood coagulation, Fibrinolysis, Hemostasis, Inflammatory response	Hydrolase, Protease, Serine protease	Disease variant, FDA approved drug targets	Not detected in immune cells		Not detected	Secreted to blood	Tissue enriched	1	0	0	0	0	0	0	0	0	0	0	0	0	0	0		1	1	1	0	Other immune-annotated
1525	KLRB1	Killer cell lectin-like receptor subfamily B member 1	CD markers, Predicted membrane proteins		Receptor		Immune cell enhanced	MAIT T-cell: 2180.9	Group enriched		Tissue enhanced	1	0	0	0	0	0	0	0	0	0	0	0	0	1	1	T-cell	0	0	2	1	Immune-cell-enriched
1526	KLRC1	NKG2-A/NKG2-B type II integral membrane protein	CD markers, Predicted intracellular proteins, Predicted membrane proteins	Adaptive immunity, Host-virus interaction, Immunity, Innate immunity	Receptor		Group enriched	gdT-cell: 229.7;NK-cell: 368.5	Group enriched		Tissue enhanced	1	0	0	0	0	0	0	0	0	0	0	0	0	0	1	T-cell;NK-cell	0	1	3	1	Immune-cell-enriched
1527	KLRD1	Natural killer cells antigen CD94	CD markers, Predicted intracellular proteins, Predicted membrane proteins	Adaptive immunity, Host-virus interaction, Immunity, Innate immunity	Receptor		Group enriched	gdT-cell: 513.3;memory CD8 T-cell: 218.1;naive CD8 T-cell: 219.5;NK-cell: 737.5	Group enriched		Tissue enhanced	1	0	0	0	0	0	0	0	0	0	0	0	0	0	1	T-cell;NK-cell	0	1	3	1	Immune-cell-enriched
1528	KLRF1	Killer cell lectin-like receptor subfamily F member 1	Predicted membrane proteins	Immunity, Innate immunity	Receptor		Immune cell enriched	NK-cell: 665.9	Lineage enriched		Tissue enhanced	1	0	0	0	0	0	0	0	0	0	0	0	0	1	1	NK-cell	0	1	3	1	Immune-cell-enriched
1529	KLRK1	NKG2-D type II integral membrane protein	Cancer-related genes, CD markers, Predicted membrane proteins, Transporters	Adaptive immunity, Differentiation, Immunity, Innate immunity	Receptor	Cancer-related genes	Group enriched	gdT-cell: 287.0;MAIT T-cell: 111.2;memory CD8 T-cell: 260.3;naive CD8 T-cell: 258.6;NK-cell: 335.6	Group enriched		Tissue enhanced	1	0	0	0	0	0	0	0	0	0	0	0	0	0	1	T-cell;NK-cell	0	1	3	1	Immune-cell-enriched
1530	KRT14	Keratin, type I cytoskeletal 14	Cancer-related genes, Disease related genes, Human disease related genes, Plasma proteins, Predicted intracellular proteins			Cancer-related genes, Disease variant, Ectodermal dysplasia, Epidermolysis bullosa, Palmoplantar keratoderma	Not detected in immune cells		Not detected		Tissue enriched	1	0	0	0	0	0	0	0	0	0	0	0	0	0	0		0	0	0	0	Non-immune
1531	KRT17	Keratin, type I cytoskeletal 17	Cancer-related genes, Disease related genes, Human disease related genes, Plasma proteins, Predicted intracellular proteins			Cancer-related genes, Disease variant, Ectodermal dysplasia, Palmoplantar keratoderma	Not detected in immune cells		Not detected		Tissue enhanced	1	0	0	0	0	0	0	0	0	0	0	0	0	0	0		0	0	0	0	Non-immune
1532	KRT18	Keratin, type I cytoskeletal 18	Cancer-related genes, Disease related genes, Human disease related genes, Predicted intracellular proteins	Cell cycle, Host-virus interaction		Cancer-related genes, Disease variant	Immune cell enriched	basophil: 76.8	Lineage enriched		Low tissue specificity	1	0	0	0	0	0	0	0	0	0	0	0	0	0	1	Granulocyte	0	0	2	1	Immune-cell-enriched
1533	KRT19	Keratin, type I cytoskeletal 19	Cancer-related genes, Plasma proteins, Predicted intracellular proteins	Host-virus interaction		Cancer-related genes	Not detected in immune cells		Not detected		Tissue enhanced	1	0	0	0	0	0	0	0	0	0	0	0	0	0	0		0	0	0	0	Non-immune
1534	KRT5	Keratin, type II cytoskeletal 5	Disease related genes, Human disease related genes, Plasma proteins, Predicted intracellular proteins			Disease variant, Epidermolysis bullosa	Immune cell enriched	plasmacytoid DC: 32.6	Lineage enriched		Group enriched	1	0	0	0	0	0	0	0	0	0	0	0	0	0	1	Myeloid/Monocyte;Dendritic	0	0	2	1	Immune-cell-enriched
1535	KRT6C	Keratin, type II cytoskeletal 6C	Disease related genes, Human disease related genes, Plasma proteins, Predicted intracellular proteins			Disease variant, Palmoplantar keratoderma	Not detected in immune cells		Not detected		Tissue enhanced	0	0	0	0	0	0	0	0	0	0	0	0	0	0	0		0	0	0	0	Non-immune
1536	KRT8	Keratin, type II cytoskeletal 8	Cancer-related genes, Disease related genes, Essential proteins, Human disease related genes, Plasma proteins, Predicted intracellular proteins	Host-virus interaction		Cancer-related genes, Disease variant	Immune cell enhanced	plasmacytoid DC: 1.8	Low lineage specificity		Tissue enhanced	1	0	0	0	0	0	0	0	0	0	0	0	0	0	1	Myeloid/Monocyte;Dendritic	0	0	2	1	Immune-cell-enriched
1537	KYAT1	Kynurenine--oxoglutarate transaminase 1	Enzymes, Metabolic proteins, Predicted intracellular proteins		Aminotransferase, Lyase, Transferase		Low immune cell specificity		Low lineage specificity		Low tissue specificity	1	0	0	0	0	0	0	0	0	0	0	0	0	0	0		0	0	0	0	Non-immune
1538	KYNU	Kynureninase	Disease related genes, Enzymes, Human disease related genes, Metabolic proteins, Plasma proteins, Potential drug targets, Predicted intracellular proteins	Pyridine nucleotide biosynthesis	Hydrolase	Disease variant	Group enriched	classical monocyte: 109.6;intermediate monocyte: 142.9;memory B-cell: 73.8;myeloid DC: 111.3;naive B-cell: 51.6;non-classical monocyte: 124.0;plasmacytoid DC: 77.8	Group enriched		Tissue enhanced	1	0	0	0	0	0	0	0	0	0	0	0	0	0	1	Myeloid/Monocyte;B-cell;Dendritic	0	0	2	1	Immune-cell-enriched
1539	L1CAM	Neural cell adhesion molecule L1	CD markers, Disease related genes, Human disease related genes, Plasma proteins, Predicted intracellular proteins, Predicted membrane proteins	Cell adhesion, Differentiation, Neurogenesis	Developmental protein	Disease variant, Hereditary spastic paraplegia, Hirschsprung disease, Intellectual disability, Neurodegeneration	Not detected in immune cells		Not detected		Tissue enhanced	1	0	0	0	0	0	0	0	0	0	0	0	0	0	0		0	0	0	0	Non-immune
1540	L3HYPDH	Trans-3-hydroxy-L-proline dehydratase	Enzymes, Predicted intracellular proteins		Lyase		Low immune cell specificity		Low lineage specificity		Low tissue specificity	1	0	0	0	0	0	0	0	0	0	0	0	0	0	0		0	0	0	0	Non-immune
1541	LACRT	Extracellular glycoprotein lacritin	Plasma proteins, Predicted intracellular proteins, Predicted secreted proteins				Not detected in immune cells		Not detected	Secreted to digestive system	Tissue enriched	1	0	0	0	0	0	0	0	0	0	0	0	0	0	0		1	0	0	0	Non-immune
1542	LACTB2	Endoribonuclease LACTB2	Predicted intracellular proteins		Endonuclease, Hydrolase, Nuclease, RNA-binding		Low immune cell specificity		Low lineage specificity		Tissue enhanced	1	0	0	0	0	0	0	0	0	0	0	0	0	0	0		0	0	0	0	Non-immune
1543	LAG3	Lymphocyte activation gene 3 protein	CD markers, FDA approved drug targets, Predicted intracellular proteins, Predicted membrane proteins	Adaptive immunity, Immunity		FDA approved drug targets	Immune cell enhanced	gdT-cell: 12.6;MAIT T-cell: 10.0;memory CD8 T-cell: 11.0	Lineage enriched	Intracellular and membrane	Tissue enhanced	1	0	0	0	0	0	0	0	1	0	0	0	0	0	1	T-cell	0	1	5	1	Immune checkpoint
1544	LAIR1	Leukocyte-associated immunoglobulin-like receptor 1	CD markers, Predicted intracellular proteins, Predicted membrane proteins	Adaptive immunity, Immunity	Receptor		Low immune cell specificity		Low lineage specificity		Tissue enhanced	1	0	0	0	0	0	0	0	0	0	0	0	0	1	0		0	1	1	0	Soluble receptor
1545	LAIR2	Leukocyte-associated immunoglobulin-like receptor 2	CD markers, Predicted intracellular proteins, Predicted secreted proteins		Receptor		Group enriched	gdT-cell: 14.0;memory CD4 T-cell: 13.8;memory CD8 T-cell: 19.6;naive CD8 T-cell: 13.3;T-reg: 49.6	Lineage enriched	Secreted to blood	Tissue enhanced	1	0	0	0	0	0	0	0	0	0	0	0	0	1	1	T-cell	1	0	2	1	Immune-cell-enriched
1546	LAMA1	Laminin subunit alpha-1	Disease related genes, Human disease related genes, Plasma proteins, Predicted secreted proteins	Cell adhesion			Not detected in immune cells		Not detected	Secreted to extracellular matrix	Tissue enhanced	1	0	0	0	0	0	0	0	0	0	0	0	0	0	0		1	0	0	0	Non-immune
1547	LAMA4	Laminin subunit alpha-4	Disease related genes, Human disease related genes, Plasma proteins, Predicted intracellular proteins, Predicted secreted proteins	Cell adhesion		Cardiomyopathy, Disease variant	Not detected in immune cells		Not detected	Secreted to extracellular matrix	Tissue enhanced	1	0	0	0	0	0	0	0	0	0	0	0	0	0	0		1	0	0	0	Non-immune
1548	LAMB1	Laminin subunit beta-1	Cancer-related genes, Disease related genes, Human disease related genes, Plasma proteins, Predicted intracellular proteins, Predicted secreted proteins	Cell adhesion		Cancer-related genes, Lissencephaly	Not detected in immune cells		Not detected	Secreted to extracellular matrix	Tissue enhanced	1	0	0	0	0	0	0	0	0	0	0	0	0	0	0		1	0	0	0	Non-immune
1549	LAMP1	Lysosome-associated membrane glycoprotein 1	CD markers, Plasma proteins, Predicted membrane proteins, Transporters	Host-virus interaction	Host cell receptor for virus entry, Receptor		Low immune cell specificity		Low lineage specificity		Low tissue specificity	1	0	0	0	0	0	0	0	0	0	0	0	0	0	0		0	0	0	0	Non-immune
1550	LAMP2	Lysosome-associated membrane glycoprotein 2	CD markers, Disease related genes, Human disease related genes, Plasma proteins, Potential drug targets, Predicted membrane proteins, Transporters	Autophagy		Disease variant, Glycogen storage disease	Immune cell enhanced	neutrophil: 564.0	Lineage enriched		Low tissue specificity	1	0	0	0	0	0	0	0	0	0	0	0	0	0	1	Granulocyte	0	0	2	1	Immune-cell-enriched
1551	LAMP3	Lysosome-associated membrane glycoprotein 3	CD markers, Predicted intracellular proteins, Predicted membrane proteins	Adaptive immunity, Host-virus interaction, Immunity			Immune cell enhanced	eosinophil: 5.6	Group enriched		Tissue enriched	1	0	0	0	0	0	0	0	0	0	0	0	0	0	1	Granulocyte	0	1	3	1	Immune-cell-enriched
1552	LAMTOR5	Ragulator complex protein LAMTOR5	Plasma proteins, Predicted intracellular proteins				Low immune cell specificity		Low lineage specificity		Low tissue specificity	1	0	0	0	0	0	0	0	0	0	0	0	0	0	0		0	0	0	0	Non-immune
1553	LAP3	Cytosol aminopeptidase	Enzymes, Metabolic proteins, Plasma proteins, Predicted intracellular proteins		Aminopeptidase, Hydrolase, Protease		Low immune cell specificity		Low lineage specificity		Low tissue specificity	1	0	0	0	0	0	0	0	0	0	0	0	0	0	0		0	0	0	0	Non-immune
1554	LARP1	La-related protein 1	Plasma proteins, Predicted intracellular proteins	Protein biosynthesis, Translation regulation	Repressor, RNA-binding		Low immune cell specificity		Low lineage specificity		Low tissue specificity	1	0	0	0	0	0	0	0	0	0	0	0	0	0	0		0	0	0	0	Non-immune
1555	LAT	Linker for activation of T-cells family member 1	Disease related genes, Human disease related genes, Plasma proteins, Predicted intracellular proteins, Predicted membrane proteins, RAS pathway related proteins	Adaptive immunity, Immunity, Mast cell degranulation			Group enriched	basophil: 308.6;gdT-cell: 303.5;MAIT T-cell: 212.3;memory CD4 T-cell: 295.3;memory CD8 T-cell: 306.9;naive CD4 T-cell: 276.3;naive CD8 T-cell: 267.4;NK-cell: 114.7;T-reg: 411.7	Group enriched		Tissue enhanced	1	0	0	0	0	0	0	0	0	0	0	0	0	0	1	Granulocyte;T-cell;NK-cell	0	1	3	1	Immune-cell-enriched
1556	LAT2	Linker for activation of T-cells family member 2	Disease related genes, Human disease related genes, Predicted intracellular proteins	Adaptive immunity, Immunity, Mast cell degranulation		Williams-Beuren syndrome	Immune cell enhanced	basophil: 873.1	Low lineage specificity		Tissue enhanced	1	0	0	0	0	0	0	0	0	0	0	0	0	0	1	Granulocyte	0	1	3	1	Immune-cell-enriched
1557	LATS1	Serine/threonine-protein kinase LATS1	Cancer-related genes, Enzymes, Predicted intracellular proteins	Cell cycle, Cell division, Mitosis	Kinase, Serine/threonine-protein kinase, Transferase	Cancer-related genes, Tumor suppressor	Low immune cell specificity		Low lineage specificity		Low tissue specificity	1	0	0	0	0	0	0	0	0	0	0	0	0	0	0		0	0	0	0	Non-immune
1558	LAYN	Layilin	Predicted intracellular proteins, Predicted membrane proteins				Group enriched	myeloid DC: 11.2;T-reg: 13.4	Group enriched		Low tissue specificity	1	0	0	0	0	0	0	0	0	0	0	0	0	0	1	Myeloid/Monocyte;T-cell;Dendritic	0	0	2	1	Immune-cell-enriched
1559	LBP	Lipopolysaccharide-binding protein	Plasma proteins, Predicted secreted proteins, Transporters	Immunity, Innate immunity, Lipid transport, Transport	Antibiotic, Antimicrobial		Not detected in immune cells		Not detected	Secreted to blood	Tissue enriched	1	0	0	0	0	0	0	0	0	0	1	0	0	0	0		1	1	2	1	Acute-phase
1560	LBR	Delta(14)-sterol reductase LBR	Disease related genes, Enzymes, Human disease related genes, Metabolic proteins, Plasma proteins, Potential drug targets, Predicted intracellular proteins, Predicted membrane proteins	Cholesterol biosynthesis, Cholesterol metabolism, Lipid biosynthesis, Lipid metabolism, Steroid biosynthesis, Steroid metabolism, Sterol biosynthesis, Sterol metabolism	DNA-binding, Oxidoreductase, Receptor	Disease variant, Dwarfism	Low immune cell specificity		Low lineage specificity		Low tissue specificity	1	0	0	0	0	0	0	0	0	0	0	0	0	0	0		0	0	0	0	Non-immune
1561	LCAT	Phosphatidylcholine-sterol acyltransferase	Disease related genes, Enzymes, Human disease related genes, Metabolic proteins, Plasma proteins, Potential drug targets, Predicted intracellular proteins, Predicted secreted proteins	Cholesterol metabolism, Lipid metabolism, Steroid metabolism, Sterol metabolism	Acyltransferase, Hydrolase, Transferase	Corneal dystrophy, Disease variant	Immune cell enhanced	eosinophil: 1.9	Low lineage specificity	Secreted to blood	Tissue enriched	1	0	0	0	0	0	0	0	0	0	0	0	0	0	1	Granulocyte	1	0	2	1	Immune-cell-enriched
1562	LCN15	Lipocalin-15	Predicted secreted proteins				Not detected in immune cells		Not detected	Secreted in other tissues	Tissue enhanced	1	0	0	0	0	0	0	0	0	0	0	0	0	0	0		1	0	0	0	Non-immune
1563	LCN2	Neutrophil gelatinase-associated lipocalin	Candidate cardiovascular disease genes, Plasma proteins, Predicted secreted proteins	Apoptosis, Immunity, Innate immunity, Ion transport, Iron transport, Transport			Group enriched	basophil: 9.7;neutrophil: 11.9;non-classical monocyte: 4.7	Group enriched	Secreted in other tissues	Tissue enhanced	1	0	0	0	0	0	0	0	0	0	0	0	0	0	1	Myeloid/Monocyte;Granulocyte	1	1	3	1	Immune-cell-enriched
1564	LCP1	Plastin-2	Cancer-related genes, Disease related genes, Plasma proteins, Predicted intracellular proteins		Actin-binding	Cancer-related genes, Disease variant	Low immune cell specificity		Low lineage specificity		Tissue enhanced	1	0	0	0	0	0	0	0	0	0	0	0	0	0	0		0	0	0	0	Non-immune
1565	LDLR	Low-density lipoprotein receptor	Disease related genes, Human disease related genes, Metabolic proteins, Plasma proteins, Predicted intracellular proteins, Predicted membrane proteins	Cholesterol metabolism, Endocytosis, Host-virus interaction, Lipid metabolism, Lipid transport, Steroid metabolism, Sterol metabolism, Transport	Host cell receptor for virus entry, Receptor	Disease variant	Immune cell enriched	basophil: 46.2	Lineage enriched		Tissue enhanced	1	0	0	0	0	0	0	0	0	0	0	0	0	1	1	Granulocyte	0	0	2	1	Immune-cell-enriched
1566	LDLRAP1	Low density lipoprotein receptor adapter protein 1	Disease related genes, Human disease related genes, Predicted intracellular proteins	Cholesterol metabolism, Endocytosis, Lipid metabolism, Steroid metabolism, Sterol metabolism		Atherosclerosis, Disease variant, Hyperlipidemia	Low immune cell specificity		Group enriched		Tissue enhanced	1	0	0	0	0	0	0	0	0	0	0	0	0	1	0		0	0	0	0	Soluble receptor
1567	LECT2	Leukocyte cell-derived chemotaxin-2	Plasma proteins, Predicted intracellular proteins, Predicted secreted proteins	Chemotaxis			Not detected in immune cells		Not detected	Secreted to blood	Tissue enriched	1	0	0	0	0	0	0	0	0	0	0	0	0	0	0		1	0	0	0	Non-immune
1568	LEFTY2	Left-right determination factor 2	Disease related genes, Predicted secreted proteins		Cytokine, Developmental protein, Growth factor	Disease variant, Heterotaxy	Not detected in immune cells		Not detected	Secreted in other tissues	Tissue enhanced	1	0	0	0	0	0	0	0	0	0	0	0	0	0	0		1	0	0	0	Non-immune
1569	LEG1	Protein LEG1 homolog										0	0	0	0	0	0	0	0	0	0	0	0	0	0	0		0	0	0	0	Non-immune
1570	LELP1	Late cornified envelope-like proline-rich protein 1	Predicted intracellular proteins				Not detected in immune cells		Not detected		Tissue enriched	1	0	0	0	0	0	0	0	0	0	0	0	0	0	0		0	0	0	0	Non-immune
1571	LEO1	RNA polymerase-associated protein LEO1	Predicted intracellular proteins	Transcription, Transcription regulation, Wnt signaling pathway	Activator		Low immune cell specificity		Low lineage specificity		Low tissue specificity	1	0	0	0	0	0	0	0	0	0	0	0	0	0	0		0	0	0	0	Non-immune
1572	LEP	Leptin	Cancer-related genes, Candidate cardiovascular disease genes, Disease related genes, Human disease related genes, Plasma proteins, Predicted secreted proteins			Cancer-related genes, Diabetes mellitus, Disease variant, Obesity	Not detected in immune cells		Not detected	Secreted to blood	Group enriched	1	0	0	0	0	0	0	0	0	0	0	0	0	0	0		1	0	0	0	Non-immune
1573	LEPR	Leptin receptor	Cancer-related genes, Candidate cardiovascular disease genes, CD markers, Disease related genes, FDA approved drug targets, Human disease related genes, Plasma proteins, Predicted membrane proteins		Receptor	Cancer-related genes, FDA approved drug targets, Obesity	Immune cell enhanced	basophil: 5.0	Lineage enriched	Intracellular and membrane	Tissue enriched	1	0	0	0	0	0	0	0	0	0	0	0	0	1	1	Granulocyte	0	0	2	1	Immune-cell-enriched
1574	LETM1	Mitochondrial proton/calcium exchanger protein	Essential proteins, Human disease related genes, Predicted membrane proteins, Transporters	Antiport, Calcium transport, Ion transport, Potassium transport, Transport		Disease variant, Neurodegeneration	Low immune cell specificity		Low lineage specificity		Low tissue specificity	1	0	0	0	0	0	0	0	0	0	0	0	0	0	0		0	0	0	0	Non-immune
1575	LGALS1	Galectin-1	Plasma proteins, Predicted intracellular proteins, Predicted secreted proteins	Apoptosis			Low immune cell specificity		Low lineage specificity	Secreted to blood	Low tissue specificity	1	0	0	0	0	0	0	0	0	0	0	0	0	0	0		1	0	0	0	Non-immune
1576	LGALS3	Galectin-3	Cancer-related genes, Plasma proteins, Predicted intracellular proteins, Predicted secreted proteins	Differentiation, Immunity, Innate immunity, mRNA processing, mRNA splicing	IgE-binding protein	Cancer-related genes	Group enriched	classical monocyte: 652.7;intermediate monocyte: 545.4;myeloid DC: 398.3;non-classical monocyte: 443.7;T-reg: 252.7	Group enriched	Secreted to blood	Tissue enhanced	1	0	0	0	0	0	0	0	0	0	0	0	0	0	1	Myeloid/Monocyte;T-cell;Dendritic	1	1	3	1	Immune-cell-enriched
1577	LGALS3BP	Galectin-3-binding protein	Cancer-related genes, Plasma proteins, Predicted secreted proteins	Cell adhesion		Cancer-related genes	Low immune cell specificity		Group enriched	Secreted to blood	Low tissue specificity	1	0	0	0	0	0	0	0	0	0	0	0	0	0	0		1	0	0	0	Non-immune
1578	LGALS4	Galectin-4	Cancer-related genes, Plasma proteins, Predicted intracellular proteins			Cancer-related genes	Not detected in immune cells		Not detected		Tissue enriched	1	0	0	0	0	0	0	0	0	0	0	0	0	0	0		0	0	0	0	Non-immune
1579	LGALS7_LGALS7B	Galectin-7										0	0	0	0	0	0	0	0	0	0	0	0	0	0	0		0	0	0	0	Non-immune
1580	LGALS8	Galectin-8	Predicted intracellular proteins	Autophagy			Immune cell enhanced	basophil: 119.5	Low lineage specificity		Low tissue specificity	1	0	0	0	0	0	0	0	0	0	0	0	0	0	1	Granulocyte	0	0	2	1	Immune-cell-enriched
1581	LGALS9	Galectin-9	Essential proteins, Predicted intracellular proteins, Predicted secreted proteins	Chemotaxis, Immunity			Low immune cell specificity		Low lineage specificity	Secreted to blood	Tissue enhanced	1	0	0	0	0	0	0	0	0	0	0	0	0	0	0		1	1	1	0	Other immune-annotated
1582	LGMN	Legumain	Cancer-related genes, Enzymes, Metabolic proteins, Predicted intracellular proteins		Hydrolase, Protease, Thiol protease	Cancer-related genes	Immune cell enriched	plasmacytoid DC: 209.4	Lineage enriched	Intracellular and membrane	Low tissue specificity	1	0	0	0	0	0	0	0	0	0	0	0	0	0	1	Myeloid/Monocyte;Dendritic	0	0	2	1	Immune-cell-enriched
1583	LHB	Lutropin subunit beta	Cancer-related genes, Disease related genes, Human disease related genes, Predicted secreted proteins		Hormone	Cancer-related genes, Disease variant, Hypogonadotropic hypogonadism	Not detected in immune cells		Not detected	Secreted to blood	Tissue enriched	1	0	0	0	0	0	0	0	0	0	0	0	0	0	0		1	0	0	0	Non-immune
1584	LHPP	Phospholysine phosphohistidine inorganic pyrophosphate phosphatase	Enzymes, Metabolic proteins, Predicted intracellular proteins		Hydrolase		Low immune cell specificity		Low lineage specificity		Tissue enriched	1	0	0	0	0	0	0	0	0	0	0	0	0	0	0		0	0	0	0	Non-immune
1585	LIF	Leukemia inhibitory factor	Cancer-related genes, Plasma proteins, Predicted intracellular proteins, Predicted secreted proteins		Cytokine, Growth factor	Cancer-related genes	Not detected in immune cells		Not detected	Secreted in other tissues	Tissue enhanced	1	1	0	0	0	0	0	0	0	0	0	0	0	0	0		1	0	2	1	Cytokine/Interleukin
1586	LIFR	Leukemia inhibitory factor receptor	Cancer-related genes, CD markers, Disease related genes, Human disease related genes, Plasma proteins, Predicted intracellular proteins, Predicted membrane proteins		Receptor	Cancer-related genes, Disease variant	Not detected in immune cells		Not detected	Intracellular and membrane	Low tissue specificity	1	1	0	0	0	0	0	0	0	0	0	0	0	1	0		0	0	2	1	Cytokine/Interleukin
1587	LILRA2	Leukocyte immunoglobulin-like receptor subfamily A member 2	CD markers, Plasma proteins, Predicted intracellular proteins, Predicted membrane proteins, Predicted secreted proteins	Immunity, Innate immunity	Receptor		Immune cell enhanced	neutrophil: 31.8	Group enriched	Secreted to blood	Tissue enhanced	1	0	0	0	0	0	0	0	0	0	0	0	0	1	1	Granulocyte	1	1	3	1	Immune-cell-enriched
1588	LILRA3	Leukocyte immunoglobulin-like receptor subfamily A member 3										1	0	0	0	0	0	0	0	0	0	0	0	0	1	0		0	0	0	0	Soluble receptor
1589	LILRA4	Leukocyte immunoglobulin-like receptor subfamily A member 4	CD markers, Predicted membrane proteins	Immunity, Innate immunity	Receptor		Immune cell enriched	plasmacytoid DC: 176.0	Lineage enriched		Group enriched	1	0	0	0	0	0	0	0	0	0	0	0	0	1	1	Myeloid/Monocyte;Dendritic	0	1	3	1	Immune-cell-enriched
1590	LILRA5	Leukocyte immunoglobulin-like receptor subfamily A member 5	CD markers, Predicted membrane proteins, Predicted secreted proteins	Immunity, Innate immunity	Receptor		Group enriched	classical monocyte: 128.6;intermediate monocyte: 252.9;neutrophil: 137.5;non-classical monocyte: 312.7	Group enriched	Secreted to blood	Tissue enhanced	1	0	0	0	0	0	0	0	0	0	0	0	0	1	1	Myeloid/Monocyte;Granulocyte	1	1	3	1	Immune-cell-enriched
1591	LILRA6	Leukocyte immunoglobulin-like receptor subfamily A member 6	Predicted membrane proteins	Adaptive immunity, Immunity	Receptor		Group enriched	classical monocyte: 3.5;intermediate monocyte: 3.9;neutrophil: 8.4	Group enriched		Group enriched	1	0	0	0	0	0	0	0	0	0	0	0	0	1	1	Myeloid/Monocyte;Granulocyte	0	1	3	1	Immune-cell-enriched
1592	LILRB1	Leukocyte immunoglobulin-like receptor subfamily B member 1	Predicted membrane proteins				Group enriched	intermediate monocyte: 52.6;non-classical monocyte: 74.2	Lineage enriched	Intracellular and membrane	Tissue enriched	1	0	0	0	0	0	0	0	0	0	0	0	0	1	1	Myeloid/Monocyte	0	0	2	1	Immune-cell-enriched
1593	LILRB2	Leukocyte immunoglobulin-like receptor subfamily B member 2	CD markers, Predicted membrane proteins	Adaptive immunity, Immunity	Receptor		Group enriched	classical monocyte: 61.3;intermediate monocyte: 131.4;neutrophil: 63.2;non-classical monocyte: 152.2	Group enriched		Group enriched	1	0	0	0	0	0	0	0	0	0	0	0	0	1	1	Myeloid/Monocyte;Granulocyte	0	1	3	1	Immune-cell-enriched
1594	LILRB4	Leukocyte immunoglobulin-like receptor subfamily B member 4	CD markers, Predicted intracellular proteins, Predicted membrane proteins	Adaptive immunity, Immunity	Receptor		Immune cell enhanced	plasmacytoid DC: 37.8	Group enriched		Tissue enhanced	1	0	0	0	0	0	0	0	0	0	0	0	0	1	1	Myeloid/Monocyte;Dendritic	0	1	3	1	Immune-cell-enriched
1595	LILRB5	Leukocyte immunoglobulin-like receptor subfamily B member 5	CD markers, Plasma proteins, Predicted membrane proteins	Adaptive immunity, Immunity	Receptor		Not detected in immune cells		Not detected		Tissue enhanced	1	0	0	0	0	0	0	0	0	0	0	0	0	1	0		0	1	1	0	Soluble receptor
1596	LIPF	Gastric triacylglycerol lipase	Enzymes, FDA approved drug targets, Metabolic proteins, Predicted secreted proteins	Lipid degradation, Lipid metabolism	Hydrolase	FDA approved drug targets	Not detected in immune cells		Not detected	Secreted to digestive system	Tissue enriched	1	0	0	0	0	0	0	0	0	0	0	0	0	0	0		1	0	0	0	Non-immune
1597	LMNB1	Lamin-B1	Disease related genes, Human disease related genes, Plasma proteins, Predicted intracellular proteins			Disease variant, Intellectual disability, Leukodystrophy, Primary microcephaly	Low immune cell specificity		Low lineage specificity		Tissue enhanced	1	0	0	0	0	0	0	0	0	0	0	0	0	0	0		0	0	0	0	Non-immune
1598	LMNB2	Lamin-B2	Disease related genes, Human disease related genes, Plasma proteins, Predicted intracellular proteins			Disease variant, Epilepsy, Intellectual disability, Neurodegeneration, Primary microcephaly	Low immune cell specificity		Low lineage specificity		Low tissue specificity	1	0	0	0	0	0	0	0	0	0	0	0	0	0	0		0	0	0	0	Non-immune
1599	LMOD1	Leiomodin-1	Disease related genes, Human disease related genes, Plasma proteins, Predicted intracellular proteins		Actin-binding	Disease variant	Not detected in immune cells		Not detected		Tissue enhanced	1	0	0	0	0	0	0	0	0	0	0	0	0	0	0		0	0	0	0	Non-immune
1600	LMOD2	Leiomodin-2	Disease related genes, Predicted intracellular proteins		Actin-binding	Cardiomyopathy, Disease variant	Not detected in immune cells		Not detected		Group enriched	1	0	0	0	0	0	0	0	0	0	0	0	0	0	0		0	0	0	0	Non-immune
1601	LONP1	Lon protease homolog, mitochondrial	Disease related genes, Enzymes, Essential proteins, Human disease related genes, Potential drug targets, Predicted intracellular proteins		DNA-binding, Hydrolase, Protease, Serine protease	Cataract, Deafness, Disease variant, Dwarfism	Low immune cell specificity		Low lineage specificity		Tissue enhanced	1	0	0	0	0	0	0	0	0	0	0	0	0	0	0		0	0	0	0	Non-immune
1602	LPA	Apolipoprotein(a)	Candidate cardiovascular disease genes, Enzymes, Plasma proteins, Predicted intracellular proteins, Predicted secreted proteins	Lipid transport, Transport	Hydrolase, Protease, Serine protease	Atherosclerosis	Not detected in immune cells		Not detected	Secreted to blood	Tissue enriched	1	0	0	0	0	0	0	0	0	0	0	0	0	0	0		1	0	0	0	Non-immune
1603	LPCAT2	Lysophosphatidylcholine acyltransferase 2	Enzymes, Metabolic proteins, Predicted intracellular proteins, Predicted membrane proteins	Lipid biosynthesis, Lipid metabolism, Phospholipid biosynthesis, Phospholipid metabolism	Acyltransferase, Transferase		Immune cell enhanced	basophil: 151.7;eosinophil: 199.7	Lineage enriched		Tissue enhanced	1	0	0	0	0	0	0	0	0	0	0	0	0	0	1	Granulocyte	0	0	2	1	Immune-cell-enriched
1604	LPL	Lipoprotein lipase	Candidate cardiovascular disease genes, Disease related genes, Enzymes, FDA approved drug targets, Human disease related genes, Metabolic proteins, Plasma proteins, Predicted intracellular proteins, Predicted secreted proteins	Lipid degradation, Lipid metabolism	Heparin-binding, Hydrolase	Disease variant, FDA approved drug targets, Hyperlipidemia	Immune cell enhanced	non-classical monocyte: 4.2	Lineage enriched	Secreted to blood	Tissue enhanced	1	0	0	0	0	0	0	0	0	0	0	0	0	0	1	Myeloid/Monocyte	1	0	2	1	Immune-cell-enriched
1605	LPO	Lactoperoxidase	Enzymes, Metabolic proteins, Predicted intracellular proteins, Predicted secreted proteins	Hydrogen peroxide	Antimicrobial, Oxidoreductase, Peroxidase		Not detected in immune cells		Not detected	Secreted to digestive system	Tissue enriched	1	0	0	0	0	0	0	0	0	0	0	0	0	0	0		1	0	0	0	Non-immune
1606	LPP	Lipoma-preferred partner	Cancer-related genes, Disease related genes, Human disease related genes, Plasma proteins, Predicted intracellular proteins	Cell adhesion	Activator	Cancer-related genes	Immune cell enhanced	neutrophil: 18.8	Low lineage specificity		Tissue enhanced	1	0	0	0	0	0	0	0	0	0	0	0	0	0	1	Granulocyte	0	0	2	1	Immune-cell-enriched
1607	LRCH4	Leucine-rich repeat and calponin homology domain-containing protein 4	Predicted intracellular proteins, Predicted membrane proteins				Low immune cell specificity		Low lineage specificity		Low tissue specificity	1	0	0	0	0	0	0	0	0	0	0	0	0	0	0		0	0	0	0	Non-immune
1608	LRFN2	Leucine-rich repeat and fibronectin type-III domain-containing protein 2	Predicted membrane proteins				Not detected in immune cells		Not detected		Group enriched	1	0	0	0	0	0	0	0	0	0	0	0	0	0	0		0	0	0	0	Non-immune
1609	LRG1	Leucine-rich alpha-2-glycoprotein	Plasma proteins, Predicted secreted proteins				Immune cell enriched	neutrophil: 285.0	Lineage enriched	Secreted to blood	Tissue enriched	1	0	0	0	0	0	0	0	0	0	0	0	0	0	1	Granulocyte	1	0	2	1	Immune-cell-enriched
1610	LRIG1	Leucine-rich repeats and immunoglobulin-like domains protein 1	Predicted membrane proteins, Transporters				Immune cell enhanced	T-reg: 1.1	Lineage enhanced		Tissue enhanced	1	0	0	0	0	0	0	0	0	0	0	0	0	0	1	T-cell	0	0	2	1	Immune-cell-enriched
1611	LRIG3	Leucine-rich repeats and immunoglobulin-like domains protein 3	Cancer-related genes, Predicted intracellular proteins, Predicted membrane proteins		Developmental protein	Cancer-related genes	Not detected in immune cells		Not detected		Low tissue specificity	1	0	0	0	0	0	0	0	0	0	0	0	0	0	0		0	0	0	0	Non-immune
1612	LRP1	Prolow-density lipoprotein receptor-related protein 1	Candidate cardiovascular disease genes, CD markers, Disease related genes, Human disease related genes, Plasma proteins, Potential drug targets, Predicted intracellular proteins, Predicted membrane proteins, Transporters	Endocytosis, Host-virus interaction	Developmental protein, Receptor	Disease variant	Group enriched	classical monocyte: 4.3;intermediate monocyte: 2.2;myeloid DC: 1.6;non-classical monocyte: 2.5	Group enriched	Intracellular and membrane	Tissue enhanced	1	0	0	0	0	0	0	0	0	0	0	0	0	1	1	Myeloid/Monocyte;Dendritic	0	0	2	1	Immune-cell-enriched
1613	LRP11	Low-density lipoprotein receptor-related protein 11	Predicted intracellular proteins, Predicted membrane proteins		Receptor		Not detected in immune cells		Not detected		Low tissue specificity	1	0	0	0	0	0	0	0	0	0	0	0	0	1	0		0	0	0	0	Soluble receptor
1614	LRP2	Low-density lipoprotein receptor-related protein 2	Disease related genes, Human disease related genes, Metabolic proteins, Plasma proteins, Potential drug targets, Predicted intracellular proteins, Predicted membrane proteins, Transporters	Endocytosis, Hearing, Neurogenesis, Transport	Receptor	Deafness, Disease variant	Not detected in immune cells		Not detected		Tissue enhanced	1	0	0	0	0	0	0	0	0	0	0	0	0	1	0		0	0	0	0	Soluble receptor
1615	LRP2BP	LRP2-binding protein	Predicted intracellular proteins				Not detected in immune cells		Not detected		Tissue enhanced	1	0	0	0	0	0	0	0	0	0	0	0	0	0	0		0	0	0	0	Non-immune
1616	LRPAP1	Alpha-2-macroglobulin receptor-associated protein	Disease related genes, Human disease related genes, Predicted intracellular proteins		Heparin-binding		Low immune cell specificity		Low lineage specificity		Low tissue specificity	1	0	0	0	0	0	0	0	0	0	0	0	0	1	0		0	0	0	0	Soluble receptor
1617	LRRC25	Leucine-rich repeat-containing protein 25	Predicted membrane proteins				Group enriched	classical monocyte: 320.9;eosinophil: 357.0;intermediate monocyte: 512.1;myeloid DC: 229.7;neutrophil: 574.9;non-classical monocyte: 710.4	Group enriched		Group enriched	1	0	0	0	0	0	0	0	0	0	0	0	0	0	1	Myeloid/Monocyte;Granulocyte;Dendritic	0	0	2	1	Immune-cell-enriched
1618	LRRC37A2	Leucine-rich repeat-containing protein 37A2	Predicted intracellular proteins, Predicted membrane proteins				Immune cell enhanced	basophil: 1.7	Low lineage specificity		Tissue enriched	1	0	0	0	0	0	0	0	0	0	0	0	0	0	1	Granulocyte	0	0	2	1	Immune-cell-enriched
1619	LRRC38	Leucine-rich repeat-containing protein 38	Predicted membrane proteins	Ion transport, Transport	Ion channel		Not detected in immune cells		Not detected		Group enriched	1	0	0	0	0	0	0	0	0	0	0	0	0	0	0		0	0	0	0	Non-immune
1620	LRRC59	Leucine-rich repeat-containing protein 59	Predicted intracellular proteins, Predicted membrane proteins, Transporters				Low immune cell specificity		Low lineage specificity		Low tissue specificity	1	0	0	0	0	0	0	0	0	0	0	0	0	0	0		0	0	0	0	Non-immune
1621	LRRFIP1	Leucine-rich repeat flightless-interacting protein 1	Plasma proteins, Predicted intracellular proteins, Transcription factors	Transcription, Transcription regulation	DNA-binding, Repressor		Low immune cell specificity		Low lineage specificity		Low tissue specificity	1	0	0	0	0	0	0	0	0	0	0	0	0	0	0		0	0	0	0	Non-immune
1622	LRRN1	Leucine-rich repeat neuronal protein 1	Predicted membrane proteins				Not detected in immune cells		Not detected		Tissue enhanced	1	0	0	0	0	0	0	0	0	0	0	0	0	0	0		0	0	0	0	Non-immune
1623	LRTM1	Leucine-rich repeat and transmembrane domain-containing protein 1	Predicted membrane proteins				Not detected in immune cells		Not detected		Tissue enhanced	1	0	0	0	0	0	0	0	0	0	0	0	0	0	0		0	0	0	0	Non-immune
1624	LRTM2	Leucine-rich repeat and transmembrane domain-containing protein 2	Predicted intracellular proteins, Predicted membrane proteins				Not detected in immune cells		Not detected		Tissue enriched	1	0	0	0	0	0	0	0	0	0	0	0	0	0	0		0	0	0	0	Non-immune
1625	LSM1	U6 snRNA-associated Sm-like protein LSm1	Predicted intracellular proteins	mRNA processing, mRNA splicing	Ribonucleoprotein, RNA-binding		Low immune cell specificity		Low lineage specificity		Low tissue specificity	1	0	0	0	0	0	0	0	0	0	0	0	0	0	0		0	0	0	0	Non-immune
1626	LSM8	U6 snRNA-associated Sm-like protein LSm8	Essential proteins, Plasma proteins, Predicted intracellular proteins	mRNA processing, mRNA splicing	Ribonucleoprotein, RNA-binding		Low immune cell specificity		Low lineage specificity		Low tissue specificity	0	0	0	0	0	0	0	0	0	0	0	0	0	0	0		0	0	0	0	Non-immune
1627	LSP1	Lymphocyte-specific protein 1	Predicted intracellular proteins				Low immune cell specificity		Low lineage specificity		Tissue enhanced	1	0	0	0	0	0	0	0	0	0	0	0	0	0	0		0	0	0	0	Non-immune
1628	LTA	Lymphotoxin-alpha	Cancer-related genes, Disease related genes, FDA approved drug targets, Human disease related genes, Predicted secreted proteins		Cytokine	Cancer-related genes, FDA approved drug targets	Not detected in immune cells		Not detected	Secreted to blood	Group enriched	1	1	0	0	0	0	0	0	0	0	0	0	0	0	0		1	0	2	1	Cytokine/Interleukin
1629	LTA4H	Leukotriene A-4 hydrolase	Cancer-related genes, Enzymes, Metabolic proteins, Plasma proteins, Predicted intracellular proteins	Leukotriene biosynthesis, Lipid metabolism	Hydrolase, Metalloprotease, Protease	Cancer-related genes	Low immune cell specificity		Low lineage specificity		Low tissue specificity	1	1	0	0	0	0	0	0	0	0	0	0	0	0	0		0	0	2	1	Cytokine/Interleukin
1630	LTB	Lymphotoxin-beta	Cancer-related genes, Plasma proteins, Predicted intracellular proteins		Cytokine	Cancer-related genes	Low immune cell specificity		Low lineage specificity		Group enriched	1	1	0	0	0	0	0	0	0	0	0	0	0	0	0		0	0	2	1	Cytokine/Interleukin
1631	LTBP2	Latent-transforming growth factor beta-binding protein 2	Disease related genes, Human disease related genes, Plasma proteins, Predicted intracellular proteins, Predicted secreted proteins		Growth factor binding, Heparin-binding	Disease variant, Dwarfism, Glaucoma	Not detected in immune cells		Not detected	Secreted to extracellular matrix	Tissue enriched	1	1	0	0	0	0	0	0	0	0	0	0	0	0	0		1	0	2	1	Cytokine/Interleukin
1632	LTBP3	Latent-transforming growth factor beta-binding protein 3	Disease related genes, Human disease related genes, Predicted intracellular proteins, Predicted secreted proteins		Growth factor binding	Amelogenesis imperfecta, Disease variant, Dwarfism	Group enriched	memory B-cell: 55.7;naive B-cell: 44.7	Lineage enriched	Secreted to blood	Tissue enhanced	1	1	0	0	0	0	0	0	0	0	0	0	0	0	1	B-cell	1	0	4	1	Cytokine/Interleukin
1633	LTBR	Tumor necrosis factor receptor superfamily member 3	Cancer-related genes, Plasma proteins, Predicted intracellular proteins, Predicted membrane proteins	Apoptosis, Host-virus interaction	Receptor	Cancer-related genes	Group enriched	classical monocyte: 71.4;intermediate monocyte: 66.4;myeloid DC: 49.9;neutrophil: 45.2;non-classical monocyte: 50.3	Group enriched		Low tissue specificity	1	1	0	0	0	0	0	0	0	0	0	0	0	1	1	Myeloid/Monocyte;Granulocyte;Dendritic	0	0	4	1	Cytokine/Interleukin
1634	LTO1	Protein LTO1 homolog	Essential proteins, Predicted intracellular proteins				Low immune cell specificity		Low lineage specificity		Low tissue specificity	1	0	0	0	0	0	0	0	0	0	0	0	0	0	0		0	0	0	0	Non-immune
1635	LUZP2	Leucine zipper protein 2	Predicted intracellular proteins, Predicted secreted proteins				Not detected in immune cells		Not detected	Secreted in brain	Group enriched	1	0	0	0	0	0	0	0	0	0	0	0	0	0	0		1	0	0	0	Non-immune
1636	LXN	Latexin	Predicted intracellular proteins	Inflammatory response	Heparin-binding, Metalloenzyme inhibitor, Metalloprotease inhibitor, Protease inhibitor		Low immune cell specificity		Low lineage specificity		Low tissue specificity	1	0	0	0	0	0	0	0	0	0	0	0	0	0	0		0	1	1	0	Other immune-annotated
1637	LY6D	Lymphocyte antigen 6D	Plasma proteins, Predicted membrane proteins	Cell adhesion			Not detected in immune cells		Not detected		Tissue enhanced	1	0	0	0	0	0	0	0	0	0	0	0	0	0	0		0	0	0	0	Non-immune
1638	LY75	Lymphocyte antigen 75	CD markers, Predicted membrane proteins	Endocytosis	Receptor		Low immune cell specificity		Low lineage specificity		Tissue enriched	1	0	0	0	0	0	0	0	0	0	0	0	0	0	0		0	0	0	0	Non-immune
1639	LY9	T-lymphocyte surface antigen Ly-9	CD markers, Predicted membrane proteins, Predicted secreted proteins	Adaptive immunity, Cell adhesion, Immunity, Innate immunity			Group enriched	gdT-cell: 113.2;MAIT T-cell: 113.7;memory B-cell: 56.2;memory CD4 T-cell: 97.8;memory CD8 T-cell: 109.8;naive B-cell: 53.0;naive CD4 T-cell: 110.0;naive CD8 T-cell: 112.6;plasmacytoid DC: 73.0;T-reg: 80.5	Low lineage specificity	Secreted - unknown location	Tissue enhanced	1	0	0	0	0	0	0	0	0	0	0	0	0	0	1	Myeloid/Monocyte;T-cell;B-cell;Dendritic	1	1	3	1	Immune-cell-enriched
1640	LY96	Lymphocyte antigen 96	Predicted secreted proteins	Immunity, Inflammatory response, Innate immunity			Immune cell enriched	neutrophil: 632.0	Lineage enriched	Secreted to blood	Tissue enhanced	1	0	0	0	0	0	0	0	0	0	0	0	0	0	1	Granulocyte	1	1	3	1	Immune-cell-enriched
1641	LYAR	Cell growth-regulating nucleolar protein	Predicted intracellular proteins, Transcription factors	Immunity, Innate immunity, rRNA processing, Transcription, Transcription regulation	DNA-binding, Repressor		Low immune cell specificity		Low lineage specificity		Tissue enriched	1	0	0	0	0	0	0	0	0	0	0	0	0	0	0		0	1	1	0	Other immune-annotated
1642	LYN	Tyrosine-protein kinase Lyn	Cancer-related genes, Disease related genes, Enzymes, Potential drug targets, Predicted intracellular proteins	Adaptive immunity, Host-virus interaction, Immunity, Inflammatory response, Innate immunity	Kinase, Transferase, Tyrosine-protein kinase	Cancer-related genes, Disease variant, Proto-oncogene	Immune cell enhanced	neutrophil: 64.6	Low lineage specificity		Tissue enhanced	1	0	0	0	0	0	0	0	0	0	0	0	0	0	1	Granulocyte	0	1	3	1	Immune-cell-enriched
1643	LYPD1	Ly6/PLAUR domain-containing protein 1	Predicted intracellular proteins				Immune cell enriched	eosinophil: 3.6	Lineage enriched	Intracellular and membrane	Group enriched	1	0	0	0	0	0	0	0	0	0	0	0	0	0	1	Granulocyte	0	0	2	1	Immune-cell-enriched
1644	LYPD3	Ly6/PLAUR domain-containing protein 3	Predicted membrane proteins				Immune cell enhanced	naive CD4 T-cell: 5.5	Group enriched		Tissue enhanced	1	0	0	0	0	0	0	0	0	0	0	0	0	0	1	T-cell	0	0	2	1	Immune-cell-enriched
1645	LYPD8	Ly6/PLAUR domain-containing protein 8	Predicted secreted proteins				Not detected in immune cells		Not detected	Secreted to digestive system	Tissue enriched	1	0	0	0	0	0	0	0	0	0	0	0	0	0	0		1	0	0	0	Non-immune
1646	LYPLA2	Acyl-protein thioesterase 2	Enzymes, Metabolic proteins, Predicted intracellular proteins	Fatty acid metabolism, Lipid metabolism	Hydrolase		Low immune cell specificity		Low lineage specificity		Low tissue specificity	1	0	0	0	0	0	0	0	0	0	0	0	0	0	0		0	0	0	0	Non-immune
1647	LYSMD3	LysM and putative peptidoglycan-binding domain-containing protein 3	Predicted intracellular proteins, Predicted membrane proteins				Low immune cell specificity		Low lineage specificity		Low tissue specificity	1	0	0	0	0	0	0	0	0	0	0	0	0	0	0		0	0	0	0	Non-immune
1648	LYVE1	Lymphatic vessel endothelial hyaluronic acid receptor 1	Plasma proteins, Predicted membrane proteins, Transporters	Transport	Receptor		Not detected in immune cells		Not detected		Tissue enhanced	1	0	0	0	0	0	0	0	0	0	0	0	0	1	0		0	0	0	0	Soluble receptor
1649	LYZL2	Lysozyme-like protein 2	Enzymes, Predicted intracellular proteins, Predicted secreted proteins		Glycosidase, Hydrolase		Not detected in immune cells		Not detected	Secreted in male reproductive system	Tissue enriched	1	0	0	0	0	0	0	0	0	0	0	0	0	0	0		1	0	0	0	Non-immune
1650	LZTFL1	Leucine zipper transcription factor-like protein 1	Disease related genes, Human disease related genes, Predicted intracellular proteins			Bardet-Biedl syndrome, Ciliopathy, Disease variant, Obesity	Low immune cell specificity		Low lineage specificity		Low tissue specificity	1	0	0	0	0	0	0	0	0	0	0	0	0	0	0		0	0	0	0	Non-immune
1651	M6PR	Cation-dependent mannose-6-phosphate receptor	FDA approved drug targets, Predicted intracellular proteins, Predicted membrane proteins, Transporters	Transport	Receptor	FDA approved drug targets	Low immune cell specificity		Low lineage specificity		Low tissue specificity	1	0	0	0	0	0	0	0	0	0	0	0	0	1	0		0	0	0	0	Soluble receptor
1652	MAD1L1	Mitotic spindle assembly checkpoint protein MAD1	Disease related genes, Human disease related genes, Predicted intracellular proteins	Cell cycle, Cell division, Mitosis		Disease variant	Low immune cell specificity		Low lineage specificity		Low tissue specificity	1	0	0	0	0	0	0	0	0	0	0	0	0	0	0		0	0	0	0	Non-immune
1653	MAEA	E3 ubiquitin-protein transferase MAEA	Enzymes, Predicted intracellular proteins	Cell cycle, Cell division, Erythrocyte maturation, Ubl conjugation pathway	Actin-binding, Transferase		Low immune cell specificity		Low lineage specificity		Low tissue specificity	1	0	0	0	0	0	0	0	0	0	0	0	0	0	0		0	0	0	0	Non-immune
1654	MAG	Myelin-associated glycoprotein	Disease related genes, Human disease related genes, Plasma proteins, Predicted intracellular proteins, Predicted membrane proteins	Cell adhesion		Disease variant, Hereditary spastic paraplegia, Neurodegeneration	Immune cell enriched	plasmacytoid DC: 2.9	Lineage enriched		Tissue enriched	1	0	0	0	0	0	0	0	0	0	0	0	0	0	1	Myeloid/Monocyte;Dendritic	0	0	2	1	Immune-cell-enriched
1655	MAGEA3	Melanoma-associated antigen 3	Cancer-related genes, Predicted intracellular proteins	Ubl conjugation pathway	Tumor antigen	Cancer-related genes	Not detected in immune cells		Not detected		Tissue enriched	1	0	0	0	0	0	0	0	0	0	0	0	0	0	0		0	0	0	0	Non-immune
1656	MAGED1	Melanoma-associated antigen D1	Cancer-related genes, Predicted intracellular proteins	Biological rhythms, Ubl conjugation pathway	Tumor antigen	Cancer-related genes	Low immune cell specificity		Low lineage specificity		Low tissue specificity	1	0	0	0	0	0	0	0	0	0	0	0	0	0	0		0	0	0	0	Non-immune
1657	MAMDC2	MAM domain-containing protein 2	Predicted secreted proteins				Not detected in immune cells		Not detected	Secreted in other tissues	Tissue enhanced	1	0	0	0	0	0	0	0	0	0	0	0	0	0	0		1	0	0	0	Non-immune
1658	MAMDC4	Apical endosomal glycoprotein	Predicted membrane proteins	Protein transport, Transport			Not detected in immune cells		Not detected		Tissue enhanced	1	0	0	0	0	0	0	0	0	0	0	0	0	0	0		0	0	0	0	Non-immune
1659	MAN1A2	Mannosyl-oligosaccharide 1,2-alpha-mannosidase IB	Enzymes, Metabolic proteins, Plasma proteins, Predicted intracellular proteins, Predicted membrane proteins		Glycosidase, Hydrolase		Low immune cell specificity		Low lineage specificity		Low tissue specificity	1	0	0	0	0	0	0	0	0	0	0	0	0	0	0		0	0	0	0	Non-immune
1660	MAN2B2	Epididymis-specific alpha-mannosidase	Enzymes, Metabolic proteins, Plasma proteins, Predicted secreted proteins		Glycosidase, Hydrolase		Low immune cell specificity		Low lineage specificity	Secreted to blood	Low tissue specificity	1	0	0	0	0	0	0	0	0	0	0	0	0	0	0		1	0	0	0	Non-immune
1661	MANEAL	Glycoprotein endo-alpha-1,2-mannosidase-like protein	Predicted intracellular proteins		Hydrolase		Not detected in immune cells		Not detected	Intracellular and membrane	Tissue enhanced	1	0	0	0	0	0	0	0	0	0	0	0	0	0	0		0	0	0	0	Non-immune
1662	MANF	Mesencephalic astrocyte-derived neurotrophic factor	Plasma proteins, Predicted secreted proteins	Stress response, Unfolded protein response	Growth factor	Deafness, Diabetes mellitus, Dwarfism	Immune cell enhanced	plasmacytoid DC: 109.9	Low lineage specificity	Secreted to blood	Low tissue specificity	1	0	0	0	0	0	0	0	0	0	0	0	0	0	1	Myeloid/Monocyte;Dendritic	1	0	2	1	Immune-cell-enriched
1663	MANSC1	MANSC domain-containing protein 1	Metabolic proteins, Plasma proteins, Predicted intracellular proteins, Predicted membrane proteins				Immune cell enriched	neutrophil: 98.6	Lineage enriched		Tissue enhanced	1	0	0	0	0	0	0	0	0	0	0	0	0	0	1	Granulocyte	0	0	2	1	Immune-cell-enriched
1664	MANSC4	MANSC domain-containing protein 4	Predicted membrane proteins				Not detected in immune cells		Not detected		Tissue enhanced	0	0	0	0	0	0	0	0	0	0	0	0	0	0	0		0	0	0	0	Non-immune
1665	MAP1LC3A	Microtubule-associated proteins 1A/1B light chain 3A	Predicted intracellular proteins	Autophagy, Ubl conjugation pathway			Immune cell enriched	neutrophil: 85.9	Lineage enriched		Low tissue specificity	1	0	0	0	0	0	0	0	0	0	0	0	0	0	1	Granulocyte	0	0	2	1	Immune-cell-enriched
1666	MAP1LC3B2	Microtubule-associated proteins 1A/1B light chain 3 beta 2	Predicted intracellular proteins	Autophagy, Ubl conjugation pathway			Low immune cell specificity		Low lineage specificity		Tissue enhanced	1	0	0	0	0	0	0	0	0	0	0	0	0	0	0		0	0	0	0	Non-immune
1667	MAP2	Microtubule-associated protein 2	FDA approved drug targets, Plasma proteins, Predicted intracellular proteins		Calmodulin-binding	FDA approved drug targets	Not detected in immune cells		Not detected		Group enriched	1	0	0	0	0	0	0	0	0	0	0	0	0	0	0		0	0	0	0	Non-immune
1668	MAP2K1	Dual specificity mitogen-activated protein kinase kinase 1	Cancer-related genes, Disease related genes, Enzymes, FDA approved drug targets, Human disease related genes, Predicted intracellular proteins, RAS pathway related proteins		Kinase, Serine/threonine-protein kinase, Transferase, Tyrosine-protein kinase	Cancer-related genes, Cardiomyopathy, Disease variant, Ectodermal dysplasia, FDA approved drug targets, Intellectual disability	Low immune cell specificity		Low lineage specificity		Low tissue specificity	1	0	0	0	0	0	0	0	0	0	0	0	0	0	0		0	0	0	0	Non-immune
1669	MAP2K6	Dual specificity mitogen-activated protein kinase kinase 6	Enzymes, Predicted intracellular proteins	Apoptosis, Stress response, Transcription, Transcription regulation	Kinase, Serine/threonine-protein kinase, Transferase, Tyrosine-protein kinase		Group enriched	classical monocyte: 22.0;neutrophil: 46.0;plasmacytoid DC: 78.5	Group enriched		Tissue enhanced	1	0	0	0	0	0	0	0	0	0	0	0	0	0	1	Myeloid/Monocyte;Granulocyte;Dendritic	0	0	2	1	Immune-cell-enriched
1670	MAP3K5	Mitogen-activated protein kinase kinase kinase 5	Enzymes, Plasma proteins, Predicted intracellular proteins	Apoptosis, Host-virus interaction, Immunity, Innate immunity, Stress response	Kinase, Serine/threonine-protein kinase, Transferase		Low immune cell specificity		Low lineage specificity		Tissue enhanced	1	0	0	0	0	0	0	0	0	0	0	0	0	0	0		0	1	1	0	Other immune-annotated
1671	MAP4K5	Mitogen-activated protein kinase kinase kinase kinase 5	Enzymes, Essential proteins, Predicted intracellular proteins		Kinase, Serine/threonine-protein kinase, Transferase		Group enriched	basophil: 18.9;eosinophil: 5.5	Lineage enriched		Low tissue specificity	1	0	0	0	0	0	0	0	0	0	0	0	0	0	1	Granulocyte	0	0	2	1	Immune-cell-enriched
1672	MAPK13	Mitogen-activated protein kinase 13	Enzymes, Predicted intracellular proteins	Cell cycle, Stress response, Transcription, Transcription regulation	Kinase, Serine/threonine-protein kinase, Transferase		Low immune cell specificity		Low lineage specificity		Low tissue specificity	1	0	0	0	0	0	0	0	0	0	0	0	0	0	0		0	0	0	0	Non-immune
1673	MAPK9	Mitogen-activated protein kinase 9	Enzymes, Predicted intracellular proteins, RAS pathway related proteins	Biological rhythms	Kinase, Serine/threonine-protein kinase, Transferase		Immune cell enriched	basophil: 16.3	Lineage enriched		Low tissue specificity	1	0	0	0	0	0	0	0	0	0	0	0	0	0	1	Granulocyte	0	0	2	1	Immune-cell-enriched
1674	MAPKAPK2	MAP kinase-activated protein kinase 2	Cancer-related genes, Enzymes, Predicted membrane proteins	DNA damage	Kinase, Serine/threonine-protein kinase, Transferase	Cancer-related genes	Immune cell enriched	plasmacytoid DC: 21.9	Lineage enriched		Low tissue specificity	1	0	0	0	0	0	0	0	0	0	0	0	0	0	1	Myeloid/Monocyte;Dendritic	0	0	2	1	Immune-cell-enriched
1675	MAPRE3	Microtubule-associated protein RP/EB family member 3	Predicted intracellular proteins	Cell cycle, Cell division, Mitosis			Immune cell enhanced	neutrophil: 3.5	Low lineage specificity		Tissue enhanced	1	0	0	0	0	0	0	0	0	0	0	0	0	0	1	Granulocyte	0	0	2	1	Immune-cell-enriched
1676	MAPT	Microtubule-associated protein tau	Candidate cardiovascular disease genes, Disease related genes, FDA approved drug targets, Human disease related genes, Plasma proteins, Predicted intracellular proteins, Predicted secreted proteins			Alzheimer disease, Disease variant, FDA approved drug targets, Neurodegeneration, Parkinsonism	Immune cell enhanced	non-classical monocyte: 1.7	Low lineage specificity	Secreted to blood	Tissue enhanced	1	0	0	0	0	0	0	0	0	0	0	0	0	0	1	Myeloid/Monocyte	1	0	2	1	Immune-cell-enriched
1677	MARCO	Macrophage receptor MARCO	Plasma proteins, Predicted intracellular proteins, Predicted membrane proteins	Immunity, Innate immunity	Receptor		Group enriched	classical monocyte: 33.8;intermediate monocyte: 56.6	Lineage enriched		Tissue enhanced	1	0	0	0	0	0	0	0	0	0	0	0	0	1	1	Myeloid/Monocyte	0	1	3	1	Immune-cell-enriched
1678	MARS1	Methionine--tRNA ligase, cytoplasmic	Disease related genes, Enzymes, Essential proteins, Human disease related genes, Metabolic proteins, Potential drug targets, Predicted intracellular proteins, Predicted membrane proteins	Protein biosynthesis	Aminoacyl-tRNA synthetase, Ligase, RNA-binding, tRNA-binding	Charcot-Marie-Tooth disease, Disease variant, Hereditary spastic paraplegia, Neurodegeneration, Neuropathy	Low immune cell specificity		Low lineage specificity		Low tissue specificity	1	0	0	0	0	0	0	0	0	0	0	0	0	0	0		0	0	0	0	Non-immune
1679	MASP1	Mannan-binding lectin serine protease 1	Disease related genes, Enzymes, Human disease related genes, Plasma proteins, Potential drug targets, Predicted intracellular proteins, Predicted secreted proteins	Complement activation lectin pathway, Immunity, Innate immunity	Hydrolase, Protease, Serine protease	Disease variant	Not detected in immune cells		Not detected	Secreted to blood	Tissue enhanced	1	0	0	0	0	0	1	0	0	0	0	0	0	0	0		1	1	3	1	Complement/Coagulation
1680	MATN2	Matrilin-2	Predicted intracellular proteins, Predicted secreted proteins				Immune cell enriched	MAIT T-cell: 5.2	Lineage enriched	Secreted to extracellular matrix	Low tissue specificity	1	0	0	0	0	0	0	0	0	0	0	0	0	0	1	T-cell	1	0	2	1	Immune-cell-enriched
1681	MATN3	Matrilin-3	Disease related genes, Human disease related genes, Predicted secreted proteins			Disease variant, Dwarfism	Not detected in immune cells		Not detected	Secreted to extracellular matrix	Tissue enhanced	1	0	0	0	0	0	0	0	0	0	0	0	0	0	0		1	0	0	0	Non-immune
1682	MAVS	Mitochondrial antiviral-signaling protein	Predicted membrane proteins	Antiviral defense, Host-virus interaction, Immunity, Innate immunity			Low immune cell specificity		Low lineage specificity		Low tissue specificity	1	0	0	0	0	0	0	0	0	0	0	0	0	0	0		0	1	1	0	Other immune-annotated
1683	MAX	Protein max	Cancer-related genes, Disease related genes, Essential proteins, Human disease related genes, Predicted intracellular proteins, Transcription factors	Transcription, Transcription regulation	Activator, DNA-binding, Repressor	Cancer-related genes, Disease variant	Low immune cell specificity		Low lineage specificity		Low tissue specificity	1	0	0	0	0	0	0	0	0	0	0	0	0	0	0		0	0	0	0	Non-immune
1684	MB	Myoglobin	Candidate cardiovascular disease genes, FDA approved drug targets, Plasma proteins, Predicted intracellular proteins, Transporters	Oxygen transport, Transport	Muscle protein, Oxidoreductase	Disease variant, FDA approved drug targets	Immune cell enriched	NK-cell: 1.3	Lineage enriched		Group enriched	1	0	0	0	0	0	0	0	0	0	0	0	0	0	1	NK-cell	0	0	2	1	Immune-cell-enriched
1685	MBL2	Mannose-binding protein C	Human disease related genes, Plasma proteins, Predicted secreted proteins	Complement activation lectin pathway, Complement pathway, Immunity, Innate immunity			Not detected in immune cells		Not detected	Secreted to blood	Tissue enriched	1	0	0	0	0	0	1	0	0	0	0	0	0	0	0		1	1	3	1	Complement/Coagulation
1686	MCAM	Cell surface glycoprotein MUC18	CD markers, Plasma proteins, Predicted membrane proteins	Cell adhesion			Not detected in immune cells		Not detected		Group enriched	1	0	0	0	0	0	0	0	0	0	0	0	0	0	0		0	0	0	0	Non-immune
1687	MCEE	Methylmalonyl-CoA epimerase, mitochondrial	Disease related genes, Enzymes, Human disease related genes, Metabolic proteins, Potential drug targets, Predicted intracellular proteins		Isomerase		Low immune cell specificity		Low lineage specificity		Low tissue specificity	1	0	0	0	0	0	0	0	0	0	0	0	0	0	0		0	0	0	0	Non-immune
1688	MCEMP1	Mast cell-expressed membrane protein 1	Predicted membrane proteins				Group enriched	classical monocyte: 124.0;neutrophil: 57.5	Group enriched		Group enriched	1	0	0	0	0	0	0	0	0	0	0	0	0	0	1	Myeloid/Monocyte;Granulocyte	0	0	2	1	Immune-cell-enriched
1689	MCFD2	Multiple coagulation factor deficiency protein 2	Disease related genes, Human disease related genes, Plasma proteins, Potential drug targets, Predicted intracellular proteins, Transporters	ER-Golgi transport, Protein transport, Transport		Disease variant	Low immune cell specificity		Low lineage specificity	Intracellular and membrane	Low tissue specificity	1	0	0	0	0	0	0	0	0	0	0	0	0	0	0		0	0	0	0	Non-immune
1690	MCTS1	Malignant T-cell-amplified sequence 1	Predicted intracellular proteins	Cell cycle, DNA damage, Growth regulation, Protein biosynthesis, Transcription, Transcription regulation	Initiation factor	Tumor suppressor	Low immune cell specificity		Low lineage specificity		Low tissue specificity	1	0	0	0	0	0	0	0	0	0	0	0	0	0	0		0	0	0	0	Non-immune
1691	MDGA1	MAM domain-containing glycosylphosphatidylinositol anchor protein 1	Predicted intracellular proteins	Differentiation, Neurogenesis	Developmental protein		Not detected in immune cells		Not detected	Intracellular and membrane	Tissue enriched	1	0	0	0	0	0	0	0	0	0	0	0	0	0	0		0	0	0	0	Non-immune
1692	MDH1	Malate dehydrogenase, cytoplasmic	Cancer-related genes, Citric acid cycle related proteins, Disease related genes, Enzymes, Human disease related genes, Metabolic proteins, Plasma proteins, Potential drug targets, Predicted intracellular proteins	Tricarboxylic acid cycle	Oxidoreductase	Cancer-related genes, Disease variant, Epilepsy	Low immune cell specificity		Low lineage specificity		Tissue enhanced	1	0	0	0	0	0	0	0	0	0	0	0	0	0	0		0	0	0	0	Non-immune
1693	MDK	Midkine	Cancer-related genes, Predicted secreted proteins	Differentiation	Developmental protein, Growth factor, Heparin-binding, Mitogen	Cancer-related genes	Immune cell enhanced	memory B-cell: 1.8;neutrophil: 2.1	Low lineage specificity	Secreted to blood	Tissue enhanced	1	0	0	0	0	0	0	0	0	0	0	0	0	0	1	Granulocyte;B-cell	1	0	2	1	Immune-cell-enriched
1694	MDM1	Nuclear protein MDM1	Predicted intracellular proteins, Predicted membrane proteins				Low immune cell specificity		Low lineage specificity		Low tissue specificity	1	0	0	0	0	0	0	0	0	0	0	0	0	0	0		0	0	0	0	Non-immune
1695	MECR	Enoyl-[acyl-carrier-protein] reductase, mitochondrial	Disease related genes, Enzymes, Human disease related genes, Metabolic proteins, Potential drug targets, Predicted intracellular proteins	Fatty acid biosynthesis, Fatty acid metabolism, Lipid biosynthesis, Lipid metabolism	Oxidoreductase	Disease variant, Dystonia	Low immune cell specificity		Low lineage specificity		Low tissue specificity	1	0	0	0	0	0	0	0	0	0	0	0	0	0	0		0	0	0	0	Non-immune
1696	MED18	Mediator of RNA polymerase II transcription subunit 18	Essential proteins, Predicted intracellular proteins	Transcription, Transcription regulation	Activator		Low immune cell specificity		Low lineage specificity		Low tissue specificity	1	0	0	0	0	0	0	0	0	0	0	0	0	0	0		0	0	0	0	Non-immune
1697	MED21	Mediator of RNA polymerase II transcription subunit 21	Essential proteins, Predicted intracellular proteins	Transcription, Transcription regulation	Activator		Low immune cell specificity		Low lineage specificity		Low tissue specificity	1	0	0	0	0	0	0	0	0	0	0	0	0	0	0		0	0	0	0	Non-immune
1698	MEGF10	Multiple epidermal growth factor-like domains protein 10	Disease related genes, Human disease related genes, Predicted intracellular proteins, Predicted membrane proteins	Cell adhesion, Myogenesis, Phagocytosis		Disease variant	Not detected in immune cells		Not detected	Intracellular and membrane	Tissue enhanced	1	0	0	0	0	0	0	0	0	0	0	0	0	0	0		0	0	0	0	Non-immune
1699	MEGF11	Multiple epidermal growth factor-like domains protein 11	Predicted intracellular proteins, Predicted membrane proteins				Not detected in immune cells		Not detected		Group enriched	1	0	0	0	0	0	0	0	0	0	0	0	0	0	0		0	0	0	0	Non-immune
1700	MEGF9	Multiple epidermal growth factor-like domains protein 9	Plasma proteins, Predicted membrane proteins				Immune cell enhanced	neutrophil: 25.2	Group enriched		Tissue enhanced	1	0	0	0	0	0	0	0	0	0	0	0	0	0	1	Granulocyte	0	0	2	1	Immune-cell-enriched
1701	MELTF	Melanotransferrin	CD markers, Plasma proteins, Predicted intracellular proteins	Ion transport, Iron transport, Transport			Not detected in immune cells		Not detected	Intracellular and membrane	Tissue enhanced	1	0	0	0	0	0	0	0	0	0	0	0	0	0	0		0	0	0	0	Non-immune
1702	MENT	Protein MENT										0	0	0	0	0	0	0	0	0	0	0	0	0	0	0		0	0	0	0	Non-immune
1703	MEP1A	Meprin A subunit alpha	Enzymes, Plasma proteins, Predicted membrane proteins		Hydrolase, Metalloprotease, Protease		Not detected in immune cells		Not detected		Tissue enriched	1	0	0	0	0	0	0	0	0	0	0	0	0	0	0		0	0	0	0	Non-immune
1704	MEP1B	Meprin A subunit beta	Enzymes, Predicted membrane proteins, Predicted secreted proteins, Transporters	Inflammatory response	Hydrolase, Metalloprotease, Protease		Not detected in immune cells		Not detected	Secreted to digestive system	Tissue enriched	1	0	0	0	0	0	0	0	0	0	0	0	0	0	0		1	1	1	0	Other immune-annotated
1705	MEPE	Matrix extracellular phosphoglycoprotein	Predicted intracellular proteins, Predicted secreted proteins	Biomineralization			Not detected in immune cells		Not detected	Secreted to extracellular matrix	Tissue enriched	1	0	0	0	0	0	0	0	0	0	0	0	0	0	0		1	0	0	0	Non-immune
1706	MERTK	Tyrosine-protein kinase Mer	Disease related genes, Enzymes, Human disease related genes, Plasma proteins, Potential drug targets, Predicted intracellular proteins, Predicted membrane proteins		Kinase, Receptor, Transferase, Tyrosine-protein kinase	Disease variant, Proto-oncogene, Retinitis pigmentosa	Group enriched	intermediate monocyte: 8.7;non-classical monocyte: 5.5	Lineage enriched		Tissue enhanced	1	0	0	0	0	0	0	0	0	0	0	0	0	0	1	Myeloid/Monocyte	0	0	2	1	Immune-cell-enriched
1707	MESD	LRP chaperone MESD	Disease related genes, Human disease related genes, Predicted intracellular proteins	Wnt signaling pathway	Chaperone	Disease variant, Osteogenesis imperfecta	Low immune cell specificity		Low lineage specificity	Intracellular and membrane	Low tissue specificity	1	0	0	0	0	0	0	0	0	0	0	0	0	0	0		0	0	0	0	Non-immune
1708	MET	Hepatocyte growth factor receptor	Cancer-related genes, Disease related genes, Enzymes, FDA approved drug targets, Human disease related genes, Plasma proteins, Predicted intracellular proteins, Predicted membrane proteins, Predicted secreted proteins, RAS pathway related proteins, Transporters		Kinase, Receptor, Transferase, Tyrosine-protein kinase	Cancer-related genes, Deafness, Disease variant, FDA approved drug targets, Non-syndromic deafness, Proto-oncogene	Not detected in immune cells		Not detected	Secreted to blood	Tissue enhanced	1	0	0	0	0	0	0	0	0	0	0	0	0	1	0		1	0	0	0	Soluble receptor
1709	METAP1	Methionine aminopeptidase 1	Enzymes, Essential proteins, Plasma proteins, Predicted intracellular proteins		Aminopeptidase, Hydrolase, Protease		Low immune cell specificity		Low lineage specificity		Low tissue specificity	1	0	0	0	0	0	0	0	0	0	0	0	0	0	0		0	0	0	0	Non-immune
1710	METAP1D	Methionine aminopeptidase 1D, mitochondrial	Enzymes, Predicted intracellular proteins		Aminopeptidase, Hydrolase, Protease		Low immune cell specificity		Low lineage specificity		Low tissue specificity	1	0	0	0	0	0	0	0	0	0	0	0	0	0	0		0	0	0	0	Non-immune
1711	METAP2	Methionine aminopeptidase 2	Enzymes, Essential proteins, Plasma proteins, Predicted intracellular proteins		Aminopeptidase, Hydrolase, Protease		Low immune cell specificity		Low lineage specificity		Low tissue specificity	1	0	0	0	0	0	0	0	0	0	0	0	0	0	0		0	0	0	0	Non-immune
1712	MFAP3	Microfibril-associated glycoprotein 3	Predicted intracellular proteins, Predicted membrane proteins				Low immune cell specificity		Low lineage specificity		Low tissue specificity	1	0	0	0	0	0	0	0	0	0	0	0	0	0	0		0	0	0	0	Non-immune
1713	MFAP3L	Microfibrillar-associated protein 3-like	Predicted intracellular proteins, Predicted membrane proteins				Group enriched	basophil: 5.7;eosinophil: 1.8;neutrophil: 3.5	Lineage enriched	Intracellular and membrane	Tissue enhanced	1	0	0	0	0	0	0	0	0	0	0	0	0	0	1	Granulocyte	0	0	2	1	Immune-cell-enriched
1714	MFAP4	Microfibril-associated glycoprotein 4	Plasma proteins, Predicted secreted proteins	Cell adhesion			Group enriched	eosinophil: 1.0;intermediate monocyte: 1.8;non-classical monocyte: 1.9	Group enriched	Secreted to extracellular matrix	Tissue enhanced	1	0	0	0	0	0	0	0	0	0	0	0	0	0	1	Myeloid/Monocyte;Granulocyte	1	0	2	1	Immune-cell-enriched
1715	MFAP5	Microfibrillar-associated protein 5	Disease related genes, Human disease related genes, Plasma proteins, Predicted intracellular proteins, Predicted secreted proteins			Aortic aneurysm, Disease variant	Immune cell enhanced	basophil: 3.0	Low lineage specificity	Secreted to extracellular matrix	Tissue enhanced	1	0	0	0	0	0	0	0	0	0	0	0	0	0	1	Granulocyte	1	0	2	1	Immune-cell-enriched
1716	MFGE8	Lactadherin	Cancer-related genes, Predicted intracellular proteins, Predicted secreted proteins	Angiogenesis, Cell adhesion, Fertilization		Cancer-related genes	Immune cell enhanced	T-reg: 15.9	Group enriched	Secreted to blood	Tissue enriched	1	0	0	0	0	0	0	0	0	0	0	0	0	0	1	T-cell	1	0	2	1	Immune-cell-enriched
1717	MGLL	Monoglyceride lipase	Enzymes, Metabolic proteins, Predicted intracellular proteins	Fatty acid biosynthesis, Fatty acid metabolism, Lipid biosynthesis, Lipid degradation, Lipid metabolism	Hydrolase, Serine esterase		Immune cell enhanced	intermediate monocyte: 84.6	Group enriched		Low tissue specificity	1	0	0	0	0	0	0	0	0	0	0	0	0	0	1	Myeloid/Monocyte	0	0	2	1	Immune-cell-enriched
1718	MGMT	Methylated-DNA--protein-cysteine methyltransferase	Cancer-related genes, Enzymes, Metabolic proteins, Predicted intracellular proteins	DNA damage, DNA repair	DNA-binding, Methyltransferase, Transferase	Cancer-related genes	Low immune cell specificity		Low lineage specificity		Tissue enhanced	1	0	0	0	0	0	0	0	0	0	0	0	0	0	0		0	0	0	0	Non-immune
1719	MIA	Melanoma-derived growth regulatory protein	Cancer-related genes, Predicted secreted proteins		Growth factor	Cancer-related genes	Immune cell enriched	neutrophil: 2.7	Lineage enriched	Secreted to blood	Tissue enhanced	1	0	0	0	0	0	0	0	0	0	0	0	0	0	1	Granulocyte	1	0	2	1	Immune-cell-enriched
1720	MICALL2	MICAL-like protein 2	Predicted intracellular proteins				Not detected in immune cells		Not detected		Low tissue specificity	1	0	0	0	0	0	0	0	0	0	0	0	0	0	0		0	0	0	0	Non-immune
1721	MICB_MICA	MHC class I polypeptide-related sequence A_MHC class I polypeptide-related sequence B										0	0	0	0	0	0	0	0	0	0	0	0	0	0	0		0	0	0	0	Non-immune
1722	MIF	Macrophage migration inhibitory factor	Cancer-related genes, Disease related genes, Enzymes, Human disease related genes, Metabolic proteins, Plasma proteins, Potential drug targets, Predicted intracellular proteins, Predicted secreted proteins	Immunity, Inflammatory response, Innate immunity	Cytokine, Isomerase	Cancer-related genes	Low immune cell specificity		Low lineage specificity	Secreted to blood	Low tissue specificity	1	0	0	0	0	0	0	0	0	0	0	0	0	0	0		1	1	1	0	Other immune-annotated
1723	MILR1	Allergin-1	Essential proteins, Predicted intracellular proteins, Predicted membrane proteins				Immune cell enhanced	basophil: 83.1	Low lineage specificity		Tissue enhanced	1	0	0	0	0	0	0	0	0	0	0	0	0	0	1	Granulocyte	0	0	2	1	Immune-cell-enriched
1724	MINDY1	Ubiquitin carboxyl-terminal hydrolase MINDY-1	Enzymes, Predicted intracellular proteins	Ubl conjugation pathway	Hydrolase, Protease, Thiol protease		Group enriched	basophil: 99.8;eosinophil: 56.7;neutrophil: 93.9	Lineage enriched		Low tissue specificity	1	0	0	0	0	0	0	0	0	0	0	0	0	0	1	Granulocyte	0	0	2	1	Immune-cell-enriched
1725	MINK1	Misshapen-like kinase 1	Enzymes, Predicted intracellular proteins		Kinase, Serine/threonine-protein kinase, Transferase		Low immune cell specificity		Low lineage specificity		Low tissue specificity	1	0	0	0	0	0	0	0	0	0	0	0	0	0	0		0	0	0	0	Non-immune
1726	MITD1	MIT domain-containing protein 1	Predicted intracellular proteins	Cell cycle, Cell division, Transport			Low immune cell specificity		Low lineage specificity		Low tissue specificity	1	0	0	0	0	0	0	0	0	0	0	0	0	0	0		0	0	0	0	Non-immune
1727	MKI67	Proliferation marker protein Ki-67	Cancer-related genes, Plasma proteins, Predicted intracellular proteins	Cell cycle	DNA-binding	Cancer-related genes	Not detected in immune cells		Not detected		Group enriched	1	0	0	0	0	0	0	0	0	0	0	0	0	0	0		0	0	0	0	Non-immune
1728	MLLT1	Protein ENL	Cancer-related genes, Disease related genes, Predicted intracellular proteins	Transcription, Transcription regulation	Activator	Cancer-related genes, Proto-oncogene	Low immune cell specificity		Low lineage specificity		Low tissue specificity	1	0	0	0	0	0	0	0	0	0	0	0	0	0	0		0	0	0	0	Non-immune
1729	MLN	Promotilin	Predicted secreted proteins		Hormone		Not detected in immune cells		Not detected	Secreted to blood	Tissue enriched	1	0	0	0	0	0	0	0	0	0	0	0	0	0	0		1	0	0	0	Non-immune
1730	MME	Neprilysin	Cancer-related genes, Candidate cardiovascular disease genes, CD markers, Disease related genes, Enzymes, FDA approved drug targets, Human disease related genes, Plasma proteins, Predicted intracellular proteins, Predicted membrane proteins		Hydrolase, Metalloprotease, Protease	Cancer-related genes, Charcot-Marie-Tooth disease, Disease variant, FDA approved drug targets, Neurodegeneration, Neuropathy, Spinocerebellar ataxia	Immune cell enriched	neutrophil: 139.9	Lineage enriched		Tissue enhanced	1	0	0	0	0	0	0	0	0	0	0	0	0	0	1	Granulocyte	0	0	2	1	Immune-cell-enriched
1731	MMP1	Interstitial collagenase	Cancer-related genes, Candidate cardiovascular disease genes, Enzymes, Human disease related genes, Plasma proteins, Predicted secreted proteins	Collagen degradation, Host-virus interaction	Hydrolase, Metalloprotease, Protease	Cancer-related genes	Not detected in immune cells		Not detected	Secreted to extracellular matrix	Tissue enhanced	1	0	0	0	0	0	0	0	0	0	0	0	0	0	0		1	0	0	0	Non-immune
1732	MMP10	Stromelysin-2	Cancer-related genes, Enzymes, Predicted secreted proteins	Collagen degradation	Hydrolase, Metalloprotease, Protease	Cancer-related genes	Not detected in immune cells		Not detected	Secreted to extracellular matrix	Tissue enriched	1	0	0	0	0	0	0	0	0	0	0	0	0	0	0		1	0	0	0	Non-immune
1733	MMP12	Macrophage metalloelastase	Cancer-related genes, Enzymes, Predicted secreted proteins		Hydrolase, Metalloprotease, Protease	Cancer-related genes	Not detected in immune cells		Not detected	Secreted to extracellular matrix	Tissue enhanced	1	0	0	0	0	0	0	0	0	0	0	0	0	0	0		1	0	0	0	Non-immune
1734	MMP13	Collagenase 3	Cancer-related genes, Disease related genes, Enzymes, Human disease related genes, Plasma proteins, Potential drug targets, Predicted secreted proteins	Collagen degradation	Hydrolase, Metalloprotease, Protease	Cancer-related genes, Disease variant, Dwarfism	Not detected in immune cells		Not detected	Secreted to extracellular matrix	Tissue enriched	1	0	0	0	0	0	0	0	0	0	0	0	0	0	0		1	0	0	0	Non-immune
1735	MMP15	Matrix metalloproteinase-15	Cancer-related genes, Enzymes, Plasma proteins, Predicted intracellular proteins, Predicted membrane proteins		Hydrolase, Metalloprotease, Protease	Cancer-related genes	Not detected in immune cells		Not detected		Tissue enhanced	1	0	0	0	0	0	0	0	0	0	0	0	0	0	0		0	0	0	0	Non-immune
1736	MMP3	Stromelysin-1	Cancer-related genes, Candidate cardiovascular disease genes, Disease related genes, Enzymes, Human disease related genes, Plasma proteins, Potential drug targets, Predicted intracellular proteins, Predicted secreted proteins	Collagen degradation, Immunity, Innate immunity	Hydrolase, Metalloprotease, Protease	Cancer-related genes	Not detected in immune cells		Not detected	Secreted to extracellular matrix	Tissue enhanced	1	0	0	0	0	0	0	0	0	0	0	0	0	0	0		1	1	1	0	Other immune-annotated
1737	MMP7	Matrilysin	Cancer-related genes, Enzymes, Plasma proteins, Predicted secreted proteins	Collagen degradation	Hydrolase, Metalloprotease, Protease	Cancer-related genes	Not detected in immune cells		Not detected	Secreted to extracellular matrix	Tissue enhanced	1	0	0	0	0	0	0	0	0	0	0	0	0	0	0		1	0	0	0	Non-immune
1738	MMP8	Neutrophil collagenase	Cancer-related genes, Enzymes, Plasma proteins, Predicted intracellular proteins, Predicted secreted proteins	Collagen degradation	Hydrolase, Metalloprotease, Protease	Cancer-related genes	Immune cell enhanced	non-classical monocyte: 1.7	Lineage enhanced	Secreted to extracellular matrix	Tissue enriched	1	0	0	0	0	0	0	0	0	0	0	0	0	0	1	Myeloid/Monocyte	1	0	2	1	Immune-cell-enriched
1739	MMP9	Matrix metalloproteinase-9	Cancer-related genes, Candidate cardiovascular disease genes, Disease related genes, Enzymes, Human disease related genes, Plasma proteins, Potential drug targets, Predicted secreted proteins	Collagen degradation	Hydrolase, Metalloprotease, Protease	Cancer-related genes	Immune cell enriched	neutrophil: 272.9	Lineage enriched	Secreted to blood	Group enriched	1	0	0	0	0	0	0	0	0	0	0	0	0	0	1	Granulocyte	1	0	2	1	Immune-cell-enriched
1740	MMUT	Methylmalonyl-CoA mutase, mitochondrial	Disease related genes, Enzymes, FDA approved drug targets, Human disease related genes, Metabolic proteins, Plasma proteins, Predicted intracellular proteins		Isomerase	Disease variant, FDA approved drug targets	Low immune cell specificity		Low lineage specificity		Tissue enhanced	1	0	0	0	0	0	0	0	0	0	0	0	0	0	0		0	0	0	0	Non-immune
1741	MN1	Transcriptional activator MN1	Cancer-related genes, Disease related genes, Human disease related genes, Predicted intracellular proteins	Transcription, Transcription regulation	Activator, Developmental protein	Cancer-related genes, Disease variant, Intellectual disability, Tumor suppressor	Not detected in immune cells		Not detected		Tissue enhanced	1	0	0	0	0	0	0	0	0	0	0	0	0	0	0		0	0	0	0	Non-immune
1742	MNAT1	CDK-activating kinase assembly factor MAT1	Essential proteins, Predicted intracellular proteins	Cell cycle, Transcription, Transcription regulation			Low immune cell specificity		Low lineage specificity		Low tissue specificity	1	0	0	0	0	0	0	0	0	0	0	0	0	0	0		0	0	0	0	Non-immune
1743	MNDA	Myeloid cell nuclear differentiation antigen	Predicted intracellular proteins	Transcription, Transcription regulation	Activator, DNA-binding, Repressor		Immune cell enriched	neutrophil: 6034.1	Lineage enriched		Group enriched	1	0	0	0	0	0	0	0	0	0	0	0	0	0	1	Granulocyte	0	0	2	1	Immune-cell-enriched
1744	MOCS2	Molybdopterin synthase catalytic subunit	Disease related genes, Enzymes, FDA approved drug targets, Human disease related genes, Metabolic proteins, Predicted intracellular proteins	Molybdenum cofactor biosynthesis	Transferase	Disease variant, FDA approved drug targets	Low immune cell specificity		Low lineage specificity		Low tissue specificity	1	0	0	0	0	0	0	0	0	0	0	0	0	0	0		0	0	0	0	Non-immune
1745	MOG	Myelin-oligodendrocyte glycoprotein	Disease related genes, Human disease related genes, Predicted membrane proteins	Cell adhesion, Host-virus interaction	Host cell receptor for virus entry, Receptor	Disease variant	Not detected in immune cells		Not detected		Tissue enriched	1	0	0	0	0	0	0	0	0	0	0	0	0	0	0		0	0	0	0	Non-immune
1746	MORC3	MORC family CW-type zinc finger protein 3	Predicted intracellular proteins	Host-virus interaction, Immunity, Innate immunity	RNA-binding		Low immune cell specificity		Low lineage specificity		Low tissue specificity	1	0	0	0	0	0	0	0	0	0	0	0	0	0	0		0	1	1	0	Other immune-annotated
1747	MORF4L1	Mortality factor 4-like protein 1	Plasma proteins, Predicted intracellular proteins	DNA damage, DNA recombination, DNA repair, Growth regulation, Transcription, Transcription regulation	Chromatin regulator		Low immune cell specificity		Low lineage specificity		Low tissue specificity	1	0	0	0	0	0	0	0	0	0	0	0	0	0	0		0	0	0	0	Non-immune
1748	MORF4L2	Mortality factor 4-like protein 2	Plasma proteins, Predicted intracellular proteins	DNA damage, DNA repair, Growth regulation, Transcription, Transcription regulation	Chromatin regulator		Low immune cell specificity		Low lineage specificity		Low tissue specificity	1	0	0	0	0	0	0	0	0	0	0	0	0	0	0		0	0	0	0	Non-immune
1749	MORN4	MORN repeat-containing protein 4	Predicted intracellular proteins				Low immune cell specificity		Low lineage specificity		Low tissue specificity	1	0	0	0	0	0	0	0	0	0	0	0	0	0	0		0	0	0	0	Non-immune
1750	MPHOSPH8	M-phase phosphoprotein 8	Predicted intracellular proteins	Transcription, Transcription regulation	Repressor		Low immune cell specificity		Low lineage specificity		Low tissue specificity	1	0	0	0	0	0	0	0	0	0	0	0	0	0	0		0	0	0	0	Non-immune
1751	MPI	Mannose-6-phosphate isomerase	Disease related genes, Enzymes, Human disease related genes, Metabolic proteins, Potential drug targets, Predicted intracellular proteins		Isomerase	Congenital disorder of glycosylation, Disease variant	Low immune cell specificity		Low lineage specificity		Low tissue specificity	1	0	0	0	0	0	0	0	0	0	0	0	0	0	0		0	0	0	0	Non-immune
1752	MPIG6B	Megakaryocyte and platelet inhibitory receptor G6b	Disease related genes, Human disease related genes, Predicted intracellular proteins, Predicted membrane proteins		Heparin-binding, Receptor		Immune cell enhanced	NK-cell: 1.6	Low lineage specificity	Intracellular and membrane	Tissue enhanced	1	0	0	0	0	0	0	0	0	0	0	0	0	1	1	NK-cell	0	0	2	1	Immune-cell-enriched
1753	MPO	Myeloperoxidase	Cancer-related genes, Candidate cardiovascular disease genes, Disease related genes, Enzymes, Human disease related genes, Metabolic proteins, Plasma proteins, Potential drug targets, Predicted intracellular proteins	Hydrogen peroxide	Oxidoreductase, Peroxidase	Cancer-related genes, Disease variant	Immune cell enhanced	classical monocyte: 1.2	Low lineage specificity	Intracellular and membrane	Tissue enriched	1	0	0	0	0	0	0	0	0	0	0	0	0	0	1	Myeloid/Monocyte	0	0	2	1	Immune-cell-enriched
1754	MPRIP	Myosin phosphatase Rho-interacting protein	Predicted intracellular proteins		Actin-binding		Immune cell enhanced	T-reg: 61.0	Lineage enriched		Low tissue specificity	1	0	0	0	0	0	0	0	0	0	0	0	0	0	1	T-cell	0	0	2	1	Immune-cell-enriched
1755	MRC1	Macrophage mannose receptor 1	CD markers, FDA approved drug targets, Plasma proteins, Predicted membrane proteins	Endocytosis, Host-virus interaction	Host cell receptor for virus entry, Receptor	FDA approved drug targets	Immune cell enriched	myeloid DC: 4.8	Lineage enriched		Tissue enhanced	1	0	0	0	0	0	0	0	0	0	0	0	0	1	1	Myeloid/Monocyte;Dendritic	0	0	2	1	Immune-cell-enriched
1756	MRI1	Methylthioribose-1-phosphate isomerase	Enzymes, Metabolic proteins, Predicted intracellular proteins	Amino-acid biosynthesis, Methionine biosynthesis	Isomerase		Low immune cell specificity		Low lineage specificity		Low tissue specificity	1	0	0	0	0	0	0	0	0	0	0	0	0	0	0		0	0	0	0	Non-immune
1757	MRPL24	39S ribosomal protein L24, mitochondrial	Essential proteins, Predicted intracellular proteins, Ribosomal proteins		Ribonucleoprotein, Ribosomal protein		Low immune cell specificity		Low lineage specificity		Low tissue specificity	1	0	0	0	0	0	0	0	0	0	0	0	0	0	0		0	0	0	0	Non-immune
1758	MRPL28	39S ribosomal protein L28, mitochondrial	Predicted intracellular proteins, Ribosomal proteins		Ribonucleoprotein, Ribosomal protein		Low immune cell specificity		Low lineage specificity		Low tissue specificity	1	0	0	0	0	0	0	0	0	0	0	0	0	0	0		0	0	0	0	Non-immune
1759	MRPL46	39S ribosomal protein L46, mitochondrial	Predicted intracellular proteins, Ribosomal proteins		Ribonucleoprotein, Ribosomal protein		Low immune cell specificity		Low lineage specificity		Low tissue specificity	1	0	0	0	0	0	0	0	0	0	0	0	0	0	0		0	0	0	0	Non-immune
1760	MRPL52	39S ribosomal protein L52, mitochondrial	Predicted intracellular proteins, Ribosomal proteins		Ribonucleoprotein, Ribosomal protein		Low immune cell specificity		Low lineage specificity		Low tissue specificity	1	0	0	0	0	0	0	0	0	0	0	0	0	0	0		0	0	0	0	Non-immune
1761	MRPL58	Peptidyl-tRNA hydrolase ICT1, mitochondrial	Enzymes, Essential proteins, Metabolic proteins, Predicted intracellular proteins, Ribosomal proteins	Protein biosynthesis	Hydrolase, Ribonucleoprotein, Ribosomal protein		Low immune cell specificity		Low lineage specificity		Low tissue specificity	1	0	0	0	0	0	0	0	0	0	0	0	0	0	0		0	0	0	0	Non-immune
1762	MRPS16	28S ribosomal protein S16, mitochondrial	Disease related genes, Essential proteins, Human disease related genes, Predicted intracellular proteins, Ribosomal proteins		Ribonucleoprotein, Ribosomal protein	Primary mitochondrial disease	Low immune cell specificity		Low lineage specificity		Low tissue specificity	1	0	0	0	0	0	0	0	0	0	0	0	0	0	0		0	0	0	0	Non-immune
1763	MSLN	Mesothelin	Cancer-related genes, Disease related genes, Plasma proteins, Predicted intracellular proteins, Predicted membrane proteins	Cell adhesion		Cancer-related genes	Immune cell enhanced	myeloid DC: 5.9	Group enriched	Intracellular and membrane	Tissue enhanced	1	0	0	0	0	0	0	0	0	0	0	0	0	0	1	Myeloid/Monocyte;Dendritic	0	0	2	1	Immune-cell-enriched
1764	MSLNL	Mesothelin-like protein	Predicted membrane proteins	Cell adhesion			Not detected in immune cells		Not detected		Not detected	1	0	0	0	0	0	0	0	0	0	0	0	0	0	0		0	0	0	0	Non-immune
1765	MSMB	Beta-microseminoprotein	Cancer-related genes, Disease related genes, Human disease related genes, Predicted membrane proteins, Predicted secreted proteins			Cancer-related genes	Not detected in immune cells		Not detected	Secreted in male reproductive system	Tissue enriched	1	0	0	0	0	0	0	0	0	0	0	0	0	0	0		1	0	0	0	Non-immune
1766	MSR1	Macrophage scavenger receptor types I and II	Cancer-related genes, CD markers, Disease related genes, Human disease related genes, Plasma proteins, Predicted intracellular proteins, Predicted membrane proteins	Endocytosis	Receptor	Cancer-related genes	Immune cell enhanced	intermediate monocyte: 16.8	Lineage enriched		Tissue enriched	1	0	0	0	0	0	0	0	0	0	0	0	0	1	1	Myeloid/Monocyte	0	0	2	1	Immune-cell-enriched
1767	MSRA	Mitochondrial peptide methionine sulfoxide reductase	Enzymes, Metabolic proteins, Predicted intracellular proteins		Oxidoreductase		Immune cell enhanced	eosinophil: 5.7	Low lineage specificity		Tissue enhanced	1	0	0	0	0	0	0	0	0	0	0	0	0	0	1	Granulocyte	0	0	2	1	Immune-cell-enriched
1768	MST1	Hepatocyte growth factor-like protein	Cancer-related genes, Human disease related genes, Predicted intracellular proteins, Predicted secreted proteins			Cancer-related genes	Not detected in immune cells		Not detected	Secreted to blood	Tissue enriched	1	0	0	0	0	0	0	0	0	0	0	0	0	0	0		1	0	0	0	Non-immune
1769	MSTN	Growth/differentiation factor 8	Disease related genes, Human disease related genes, Predicted secreted proteins		Cytokine, Growth factor, Heparin-binding		Not detected in immune cells		Not detected	Secreted in other tissues	Group enriched	1	0	0	0	0	0	0	0	0	0	0	0	0	0	0		1	0	0	0	Non-immune
1770	MTDH	Protein LYRIC	Predicted intracellular proteins, Predicted membrane proteins				Low immune cell specificity		Low lineage specificity		Low tissue specificity	1	0	0	0	0	0	0	0	0	0	0	0	0	0	0		0	0	0	0	Non-immune
1771	MTHFD2	Bifunctional methylenetetrahydrofolate dehydrogenase/cyclohydrolase, mitochondrial	Enzymes, Metabolic proteins, Predicted intracellular proteins	One-carbon metabolism	Hydrolase, Multifunctional enzyme, Oxidoreductase		Low immune cell specificity		Low lineage specificity		Low tissue specificity	1	0	0	0	0	0	0	0	0	0	0	0	0	0	0		0	0	0	0	Non-immune
1772	MTHFSD	Methenyltetrahydrofolate synthase domain-containing protein	Predicted intracellular proteins		RNA-binding		Low immune cell specificity		Low lineage specificity		Low tissue specificity	1	0	0	0	0	0	0	0	0	0	0	0	0	0	0		0	0	0	0	Non-immune
1773	MTIF3	Translation initiation factor IF-3, mitochondrial	Predicted intracellular proteins	Protein biosynthesis	Initiation factor		Low immune cell specificity		Low lineage specificity		Low tissue specificity	1	0	0	0	0	0	0	0	0	0	0	0	0	0	0		0	0	0	0	Non-immune
1774	MTPN	Myotrophin	Plasma proteins, Predicted intracellular proteins				Low immune cell specificity		Low lineage specificity		Low tissue specificity	1	0	0	0	0	0	0	0	0	0	0	0	0	0	0		0	0	0	0	Non-immune
1775	MTR	Methionine synthase	Disease related genes, Enzymes, FDA approved drug targets, Human disease related genes, Metabolic proteins, Predicted intracellular proteins	Amino-acid biosynthesis, Methionine biosynthesis	Methyltransferase, Transferase	Disease variant, FDA approved drug targets	Low immune cell specificity		Low lineage specificity		Low tissue specificity	1	0	0	0	0	0	0	0	0	0	0	0	0	0	0		0	0	0	0	Non-immune
1776	MTSS1	Protein MTSS 1	Plasma proteins, Predicted intracellular proteins		Actin-binding	Tumor suppressor	Immune cell enhanced	non-classical monocyte: 169.7	Group enriched		Low tissue specificity	1	0	0	0	0	0	0	0	0	0	0	0	0	0	1	Myeloid/Monocyte	0	0	2	1	Immune-cell-enriched
1777	MTSS2	Protein MTSS 2	Predicted intracellular proteins		Actin-binding	Disease variant, Intellectual disability	Not detected in immune cells		Not detected		Tissue enhanced	1	0	0	0	0	0	0	0	0	0	0	0	0	0	0		0	0	0	0	Non-immune
1778	MTUS1	Microtubule-associated tumor suppressor 1	Disease related genes, Predicted intracellular proteins, Predicted membrane proteins			Disease variant, Tumor suppressor	Immune cell enhanced	naive CD4 T-cell: 1.8;naive CD8 T-cell: 1.4	Lineage enriched		Low tissue specificity	1	0	0	0	0	0	0	0	0	0	0	0	0	0	1	T-cell	0	0	2	1	Immune-cell-enriched
1779	MUC13	Mucin-13	Predicted membrane proteins, Predicted secreted proteins				Not detected in immune cells		Not detected	Secreted to digestive system	Tissue enriched	1	0	0	0	0	0	0	0	0	0	0	0	0	0	0		1	0	0	0	Non-immune
1780	MUC16	Mucin-16	Plasma proteins, Predicted membrane proteins, Predicted secreted proteins				Not detected in immune cells		Not detected	Secreted in other tissues	Group enriched	1	0	0	0	0	0	0	0	0	0	0	0	0	0	0		1	0	0	0	Non-immune
1781	MUC2	Mucin-2	Predicted intracellular proteins				Not detected in immune cells		Not detected	Intracellular and membrane	Tissue enriched	1	0	0	0	0	0	0	0	0	0	0	0	0	0	0		0	0	0	0	Non-immune
1782	MUCL3	Mucin-like protein 3	Predicted membrane proteins				Not detected in immune cells		Not detected		Tissue enriched	1	0	0	0	0	0	0	0	0	0	0	0	0	0	0		0	0	0	0	Non-immune
1783	MVK	Mevalonate kinase	Disease related genes, Enzymes, Essential proteins, Human disease related genes, Metabolic proteins, Potential drug targets, Predicted intracellular proteins	Cholesterol biosynthesis, Cholesterol metabolism, Lipid biosynthesis, Lipid metabolism, Steroid biosynthesis, Steroid metabolism, Sterol biosynthesis, Sterol metabolism	Kinase, Transferase	Cataract, Disease variant	Low immune cell specificity		Low lineage specificity		Tissue enhanced	1	0	0	0	0	0	0	0	0	0	0	0	0	0	0		0	0	0	0	Non-immune
1784	MXRA8	Matrix remodeling-associated protein 8	Predicted membrane proteins	Cell adhesion, Host-virus interaction			Immune cell enriched	naive CD8 T-cell: 6.4	Lineage enriched		Low tissue specificity	1	0	0	0	0	0	0	0	0	0	0	0	0	0	1	T-cell	0	0	2	1	Immune-cell-enriched
1785	MYBPC1	Myosin-binding protein C, slow-type	Disease related genes, Human disease related genes, Predicted intracellular proteins	Cell adhesion	Actin-binding, Muscle protein	Disease variant	Not detected in immune cells		Not detected		Group enriched	1	0	0	0	0	0	0	0	0	0	0	0	0	0	0		0	0	0	0	Non-immune
1786	MYBPC2	Myosin-binding protein C, fast-type	Predicted intracellular proteins	Cell adhesion	Actin-binding, Muscle protein		Not detected in immune cells		Not detected		Group enriched	1	0	0	0	0	0	0	0	0	0	0	0	0	0	0		0	0	0	0	Non-immune
1787	MYCBP2	E3 ubiquitin-protein ligase MYCBP2	Enzymes, Metabolic proteins, Predicted intracellular proteins	Biological rhythms, Ubl conjugation pathway	Guanine-nucleotide releasing factor, Transferase		Low immune cell specificity		Low lineage specificity		Low tissue specificity	1	0	0	0	0	0	0	0	0	0	0	0	0	0	0		0	0	0	0	Non-immune
1788	MYDGF	Myeloid-derived growth factor	Plasma proteins, Predicted intracellular proteins, Predicted secreted proteins	Angiogenesis, Apoptosis			Low immune cell specificity		Low lineage specificity	Secreted to blood	Low tissue specificity	1	0	0	0	0	0	0	0	0	0	0	0	0	0	0		1	0	0	0	Non-immune
1789	MYH4	Myosin-4	Plasma proteins, Predicted intracellular proteins		Actin-binding, Calmodulin-binding, Motor protein, Muscle protein, Myosin		Not detected in immune cells		Not detected		Tissue enriched	1	0	0	0	0	0	0	0	0	0	0	0	0	0	0		0	0	0	0	Non-immune
1790	MYH7B	Myosin-7B	Predicted intracellular proteins		Actin-binding, Motor protein, Muscle protein, Myosin		Not detected in immune cells		Not detected		Group enriched	1	0	0	0	0	0	0	0	0	0	0	0	0	0	0		0	0	0	0	Non-immune
1791	MYH9	Myosin-9	Cancer-related genes, Disease related genes, Human disease related genes, Plasma proteins, Predicted intracellular proteins	Cell adhesion, Cell shape	Actin-binding, Calmodulin-binding, Host cell receptor for virus entry, Motor protein, Myosin, Receptor	Alport syndrome, Cancer-related genes, Cataract, Deafness, Disease variant, Non-syndromic deafness	Low immune cell specificity		Low lineage specificity		Tissue enhanced	1	0	0	0	0	0	0	0	0	0	0	0	0	0	0		0	0	0	0	Non-immune
1792	MYL1	Myosin light chain 1/3, skeletal muscle isoform	Disease related genes, Human disease related genes, Plasma proteins, Predicted intracellular proteins		Motor protein, Muscle protein, Myosin	Disease variant	Not detected in immune cells		Not detected		Group enriched	1	0	0	0	0	0	0	0	0	0	0	0	0	0	0		0	0	0	0	Non-immune
1793	MYL3	Myosin light chain 3	Candidate cardiovascular disease genes, Disease related genes, Human disease related genes, Plasma proteins, Predicted intracellular proteins		Motor protein, Muscle protein, Myosin	Cardiomyopathy, Disease variant	Not detected in immune cells		Not detected		Tissue enhanced	1	0	0	0	0	0	0	0	0	0	0	0	0	0	0		0	0	0	0	Non-immune
1794	MYL4	Myosin light chain 4	Disease related genes, Human disease related genes, Plasma proteins, Predicted intracellular proteins		Motor protein, Muscle protein, Myosin	Atrial fibrillation, Disease variant	Immune cell enriched	plasmacytoid DC: 1.8	Lineage enriched		Tissue enriched	1	0	0	0	0	0	0	0	0	0	0	0	0	0	1	Myeloid/Monocyte;Dendritic	0	0	2	1	Immune-cell-enriched
1795	MYL6B	Myosin light chain 6B	Plasma proteins, Predicted intracellular proteins		Motor protein, Muscle protein, Myosin		Immune cell enhanced	plasmacytoid DC: 30.4	Group enriched		Tissue enhanced	1	0	0	0	0	0	0	0	0	0	0	0	0	0	1	Myeloid/Monocyte;Dendritic	0	0	2	1	Immune-cell-enriched
1796	MYLPF	Myosin regulatory light chain 2, skeletal muscle isoform										0	0	0	0	0	0	0	0	0	0	0	0	0	0	0		0	0	0	0	Non-immune
1797	MYO6	Unconventional myosin-VI	Disease related genes, Human disease related genes, Plasma proteins, Predicted intracellular proteins	Endocytosis, Hearing, Protein transport, Transport	Actin-binding, Calmodulin-binding, Motor protein, Myosin	Cardiomyopathy, Deafness, Disease variant, Non-syndromic deafness	Group enriched	gdT-cell: 5.4;MAIT T-cell: 3.0;memory CD4 T-cell: 1.7;memory CD8 T-cell: 3.1;naive CD8 T-cell: 3.0;NK-cell: 2.9	Group enriched		Low tissue specificity	1	0	0	0	0	0	0	0	0	0	0	0	0	0	1	T-cell;NK-cell	0	0	2	1	Immune-cell-enriched
1798	MYO9B	Unconventional myosin-IXb	Disease related genes, Human disease related genes, Plasma proteins, Predicted intracellular proteins		Actin-binding, Calmodulin-binding, GTPase activation, Motor protein, Myosin		Low immune cell specificity		Low lineage specificity		Tissue enhanced	1	0	0	0	0	0	0	0	0	0	0	0	0	0	0		0	0	0	0	Non-immune
1799	MYOC	Myocilin	Disease related genes, Human disease related genes, Plasma proteins, Predicted secreted proteins			Disease variant, Glaucoma	Not detected in immune cells		Not detected	Secreted to extracellular matrix	Tissue enhanced	1	0	0	0	0	0	0	0	0	0	0	0	0	0	0		1	0	0	0	Non-immune
1800	MYOM1	Myomesin-1	Predicted intracellular proteins		Muscle protein		Not detected in immune cells		Not detected		Group enriched	1	0	0	0	0	0	0	0	0	0	0	0	0	0	0		0	0	0	0	Non-immune
1801	MYOM2	Myomesin-2	Predicted intracellular proteins		Muscle protein		Not detected in immune cells		Not detected		Group enriched	1	0	0	0	0	0	0	0	0	0	0	0	0	0	0		0	0	0	0	Non-immune
1802	MYOM3	Myomesin-3	Predicted intracellular proteins				Not detected in immune cells		Not detected		Group enriched	1	0	0	0	0	0	0	0	0	0	0	0	0	0	0		0	0	0	0	Non-immune
1803	MZB1	Marginal zone B- and B1-cell-specific protein	Predicted secreted proteins	Apoptosis			Group enriched	memory B-cell: 160.8;plasmacytoid DC: 570.5	Group enriched	Secreted to blood	Tissue enhanced	1	0	0	0	0	0	0	0	0	0	0	0	0	0	1	Myeloid/Monocyte;B-cell;Dendritic	1	0	2	1	Immune-cell-enriched
1804	MZT1	Mitotic-spindle organizing protein 1	Essential proteins, Predicted intracellular proteins				Low immune cell specificity		Low lineage specificity		Low tissue specificity	1	0	0	0	0	0	0	0	0	0	0	0	0	0	0		0	0	0	0	Non-immune
1805	NAA10	N-alpha-acetyltransferase 10	Disease related genes, Enzymes, Essential proteins, Human disease related genes, Metabolic proteins, Potential drug targets, Predicted intracellular proteins		Acyltransferase, Transferase	Disease variant, Microphthalmia	Low immune cell specificity		Low lineage specificity		Low tissue specificity	1	0	0	0	0	0	0	0	0	0	0	0	0	0	0		0	0	0	0	Non-immune
1806	NAA80	N-alpha-acetyltransferase 80	Metabolic proteins, Predicted intracellular proteins		Acyltransferase, Transferase	Deafness, Disease variant, Tumor suppressor	Immune cell enriched	eosinophil: 56.5	Lineage enriched		Tissue enhanced	1	0	0	0	0	0	0	0	0	0	0	0	0	0	1	Granulocyte	0	0	2	1	Immune-cell-enriched
1807	NAAA	N-acylethanolamine-hydrolyzing acid amidase	Enzymes, Metabolic proteins, Predicted intracellular proteins	Fatty acid metabolism, Lipid degradation, Lipid metabolism	Hydrolase		Immune cell enhanced	intermediate monocyte: 671.9;non-classical monocyte: 585.2	Lineage enriched	Intracellular and membrane	Low tissue specificity	1	0	0	0	0	0	0	0	0	0	0	0	0	0	1	Myeloid/Monocyte	0	0	2	1	Immune-cell-enriched
1808	NACC1	Nucleus accumbens-associated protein 1	Disease related genes, Human disease related genes, Predicted intracellular proteins	Transcription, Transcription regulation	Repressor	Disease variant, Epilepsy, Intellectual disability	Not detected in immune cells		Not detected		Low tissue specificity	1	0	0	0	0	0	0	0	0	0	0	0	0	0	0		0	0	0	0	Non-immune
1809	NADK	NAD kinase	Enzymes, Metabolic proteins, Predicted intracellular proteins		Kinase, Transferase		Immune cell enhanced	neutrophil: 507.6	Group enriched		Low tissue specificity	1	0	0	0	0	0	0	0	0	0	0	0	0	0	1	Granulocyte	0	0	2	1	Immune-cell-enriched
1810	NAGA	Alpha-N-acetylgalactosaminidase	Cancer-related genes, Disease related genes, Enzymes, Human disease related genes, Metabolic proteins, Plasma proteins, Potential drug targets, Predicted intracellular proteins	Lipid metabolism	Glycosidase, Hydrolase	Cancer-related genes, Disease variant, Epilepsy	Group enriched	classical monocyte: 202.7;intermediate monocyte: 249.1;myeloid DC: 195.3;non-classical monocyte: 259.0;plasmacytoid DC: 120.0	Group enriched	Intracellular and membrane	Low tissue specificity	1	0	0	0	0	0	0	0	0	0	0	0	0	0	1	Myeloid/Monocyte;Dendritic	0	0	2	1	Immune-cell-enriched
1811	NAGK	N-acetyl-D-glucosamine kinase	Enzymes, Metabolic proteins, Predicted intracellular proteins	Immunity, Innate immunity	Kinase, Transferase		Low immune cell specificity		Group enriched		Low tissue specificity	1	0	0	0	0	0	0	0	0	0	0	0	0	0	0		0	1	1	0	Other immune-annotated
1812	NAGPA	N-acetylglucosamine-1-phosphodiester alpha-N-acetylglucosaminidase	Disease related genes, Enzymes, Metabolic proteins, Plasma proteins, Potential drug targets, Predicted intracellular proteins, Predicted membrane proteins		Hydrolase		Low immune cell specificity		Low lineage specificity		Low tissue specificity	1	0	0	0	0	0	0	0	0	0	0	0	0	0	0		0	0	0	0	Non-immune
1813	NAMPT	Nicotinamide phosphoribosyltransferase	Cancer-related genes, Enzymes, Metabolic proteins, Plasma proteins, Predicted intracellular proteins, Predicted secreted proteins	Biological rhythms, Pyridine nucleotide biosynthesis	Cytokine, Glycosyltransferase, Transferase	Cancer-related genes	Immune cell enriched	neutrophil: 281.8	Lineage enriched	Secreted to blood	Tissue enhanced	1	0	0	0	0	0	0	0	0	0	0	0	0	0	1	Granulocyte	1	0	2	1	Immune-cell-enriched
1814	NAP1L4	Nucleosome assembly protein 1-like 4	Plasma proteins, Predicted intracellular proteins		Chaperone		Low immune cell specificity		Low lineage specificity		Low tissue specificity	1	0	0	0	0	0	0	0	0	0	0	0	0	0	0		0	0	0	0	Non-immune
1815	NAPRT	Nicotinate phosphoribosyltransferase	Enzymes, Metabolic proteins, Predicted intracellular proteins	Pyridine nucleotide biosynthesis	Ligase, Transferase		Low immune cell specificity		Low lineage specificity		Tissue enhanced	1	0	0	0	0	0	0	0	0	0	0	0	0	0	0		0	0	0	0	Non-immune
1816	NARS1	Asparagine--tRNA ligase, cytoplasmic	Disease related genes, Enzymes, Essential proteins, Human disease related genes, Metabolic proteins, Plasma proteins, Potential drug targets, Predicted intracellular proteins	Protein biosynthesis	Aminoacyl-tRNA synthetase, Ligase	Disease variant, Epilepsy, Intellectual disability, Neurodegeneration	Low immune cell specificity		Low lineage specificity		Low tissue specificity	1	0	0	0	0	0	0	0	0	0	0	0	0	0	0		0	0	0	0	Non-immune
1817	NBL1	Neuroblastoma suppressor of tumorigenicity 1	Predicted intracellular proteins, Predicted secreted proteins			Tumor suppressor	Not detected in immune cells		Not detected	Secreted in other tissues	Low tissue specificity	1	0	0	0	0	0	0	0	0	0	0	0	0	0	0		1	0	0	0	Non-immune
1818	NBN	Nibrin	Cancer-related genes, Disease related genes, Human disease related genes, Predicted intracellular proteins	Cell cycle, DNA damage, DNA repair, Host-virus interaction, Meiosis		Cancer-related genes, Disease variant	Low immune cell specificity		Low lineage specificity		Low tissue specificity	1	0	0	0	0	0	0	0	0	0	0	0	0	0	0		0	0	0	0	Non-immune
1819	NCAM1	Neural cell adhesion molecule 1	Cancer-related genes, CD markers, Plasma proteins, Predicted intracellular proteins, Predicted membrane proteins, Predicted secreted proteins, Transporters	Cell adhesion, Host-virus interaction	Host cell receptor for virus entry, Receptor	Cancer-related genes	Immune cell enriched	NK-cell: 53.9	Lineage enriched	Secreted in other tissues	Tissue enhanced	1	0	0	0	0	0	0	0	0	0	0	0	0	0	1	NK-cell	1	0	2	1	Immune-cell-enriched
1820	NCAM2	Neural cell adhesion molecule 2	Plasma proteins, Predicted membrane proteins	Cell adhesion			Not detected in immune cells		Not detected		Tissue enhanced	1	0	0	0	0	0	0	0	0	0	0	0	0	0	0		0	0	0	0	Non-immune
1821	NCAN	Neurocan core protein	Plasma proteins, Predicted intracellular proteins, Predicted secreted proteins	Cell adhesion			Not detected in immune cells		Not detected	Secreted in brain	Tissue enriched	1	0	0	0	0	0	0	0	0	0	0	0	0	0	0		1	0	0	0	Non-immune
1822	NCF2	Neutrophil cytosol factor 2	Disease related genes, Human disease related genes, Plasma proteins, Predicted intracellular proteins			Chronic granulomatous disease, Disease variant	Immune cell enhanced	eosinophil: 1253.7	Low lineage specificity		Tissue enhanced	1	0	0	0	0	0	0	0	0	0	0	0	0	0	1	Granulocyte	0	0	2	1	Immune-cell-enriched
1823	NCK2	Cytoplasmic protein NCK2	Plasma proteins, Predicted intracellular proteins	Translation regulation			Low immune cell specificity		Low lineage specificity		Low tissue specificity	1	0	0	0	0	0	0	0	0	0	0	0	0	0	0		0	0	0	0	Non-immune
1824	NCLN	Nicalin	Predicted intracellular proteins, Predicted membrane proteins, Transporters				Low immune cell specificity		Low lineage specificity		Low tissue specificity	1	0	0	0	0	0	0	0	0	0	0	0	0	0	0		0	0	0	0	Non-immune
1825	NCR1	Natural cytotoxicity triggering receptor 1	CD markers, Predicted membrane proteins		Receptor		Immune cell enriched	NK-cell: 1.1	Lineage enriched		Tissue enriched	1	0	0	0	0	0	0	0	0	0	0	0	0	1	1	NK-cell	0	0	2	1	Immune-cell-enriched
1826	NCR3LG1	Natural cytotoxicity triggering receptor 3 ligand 1	Predicted membrane proteins				Not detected in immune cells		Not detected		Tissue enhanced	1	0	0	0	0	0	0	0	0	0	0	0	0	1	0		0	0	0	0	Soluble receptor
1827	NCS1	Neuronal calcium sensor 1	Predicted intracellular proteins				Not detected in immune cells		Not detected		Tissue enhanced	1	0	0	0	0	0	0	0	0	0	0	0	0	0	0		0	0	0	0	Non-immune
1828	NDRG1	Protein NDRG1	Cancer-related genes, Disease related genes, Human disease related genes, Plasma proteins, Predicted intracellular proteins, Predicted membrane proteins			Cancer-related genes, Charcot-Marie-Tooth disease, Neurodegeneration, Neuropathy	Low immune cell specificity		Low lineage specificity		Low tissue specificity	1	0	0	0	0	0	0	0	0	0	0	0	0	0	0		0	0	0	0	Non-immune
1829	NDST1	Bifunctional heparan sulfate N-deacetylase/N-sulfotransferase 1	Disease related genes, Enzymes, Human disease related genes, Metabolic proteins, Potential drug targets, Predicted intracellular proteins, Predicted membrane proteins	Inflammatory response	Hydrolase, Multifunctional enzyme, Transferase	Disease variant, Intellectual disability	Group enriched	basophil: 1.4;classical monocyte: 5.5;eosinophil: 3.6;intermediate monocyte: 1.7;myeloid DC: 4.2;neutrophil: 5.4;non-classical monocyte: 4.7	Group enriched		Low tissue specificity	1	0	0	0	0	0	0	0	0	0	0	0	0	0	1	Myeloid/Monocyte;Granulocyte;Dendritic	0	1	3	1	Immune-cell-enriched
1830	NDUFA5	NADH dehydrogenase [ubiquinone] 1 alpha subcomplex subunit 5	Metabolic proteins, Predicted intracellular proteins	Electron transport, Respiratory chain, Transport			Low immune cell specificity		Low lineage specificity		Tissue enhanced	1	0	0	0	0	0	0	0	0	0	0	0	0	0	0		0	0	0	0	Non-immune
1831	NDUFB7	NADH dehydrogenase [ubiquinone] 1 beta subcomplex subunit 7	Essential proteins, Metabolic proteins, Predicted intracellular proteins	Electron transport, Respiratory chain, Transport		Primary mitochondrial disease	Low immune cell specificity		Low lineage specificity		Low tissue specificity	1	0	0	0	0	0	0	0	0	0	0	0	0	0	0		0	0	0	0	Non-immune
1832	NDUFS6	NADH dehydrogenase [ubiquinone] iron-sulfur protein 6, mitochondrial	Disease related genes, Human disease related genes, Metabolic proteins, Plasma proteins, Predicted intracellular proteins	Electron transport, Respiratory chain, Transport		Disease variant, Primary mitochondrial disease	Low immune cell specificity		Low lineage specificity		Tissue enhanced	1	0	0	0	0	0	0	0	0	0	0	0	0	0	0		0	0	0	0	Non-immune
1833	NEB	Nebulin	Cancer-related genes, Disease related genes, Human disease related genes, Plasma proteins, Predicted intracellular proteins		Actin-binding, Muscle protein	Cancer-related genes, Disease variant, Nemaline myopathy	Not detected in immune cells		Not detected		Group enriched	1	0	0	0	0	0	0	0	0	0	0	0	0	0	0		0	0	0	0	Non-immune
1834	NECAP2	Adaptin ear-binding coat-associated protein 2	Predicted intracellular proteins	Endocytosis, Protein transport, Transport			Low immune cell specificity		Low lineage specificity		Low tissue specificity	1	0	0	0	0	0	0	0	0	0	0	0	0	0	0		0	0	0	0	Non-immune
1835	NECTIN1	Nectin-1	CD markers, Disease related genes, Human disease related genes, Plasma proteins, Predicted membrane proteins, Predicted secreted proteins	Cell adhesion, Host-virus interaction	Host cell receptor for virus entry, Receptor	Disease variant, Ectodermal dysplasia	Immune cell enhanced	plasmacytoid DC: 1.6	Low lineage specificity	Secreted in other tissues	Tissue enhanced	1	0	0	0	0	0	0	0	0	0	0	0	0	0	1	Myeloid/Monocyte;Dendritic	1	0	2	1	Immune-cell-enriched
1836	NECTIN2	Nectin-2	CD markers, Plasma proteins, Predicted intracellular proteins, Predicted membrane proteins	Cell adhesion, Host-virus interaction	Host cell receptor for virus entry, Receptor		Immune cell enhanced	eosinophil: 10.4	Lineage enhanced		Low tissue specificity	1	0	0	0	0	0	0	0	0	0	0	0	0	0	1	Granulocyte	0	0	2	1	Immune-cell-enriched
1837	NECTIN4	Nectin-4	Disease related genes, Human disease related genes, Predicted membrane proteins, Predicted secreted proteins	Cell adhesion, Host-virus interaction	Host cell receptor for virus entry, Receptor	Disease variant, Ectodermal dysplasia	Not detected in immune cells		Not detected	Secreted in other tissues	Group enriched	1	0	0	0	0	0	0	0	0	0	0	0	0	0	0		1	0	0	0	Non-immune
1838	NEDD4L	E3 ubiquitin-protein ligase NEDD4-like	Cancer-related genes, Disease related genes, Enzymes, Human disease related genes, Metabolic proteins, Potential drug targets, Predicted intracellular proteins	Differentiation, Host-virus interaction, Ubl conjugation pathway	Transferase	Cancer-related genes, Disease variant	Immune cell enriched	T-reg: 5.1	Lineage enriched		Low tissue specificity	1	0	0	0	0	0	0	0	0	0	0	0	0	0	1	T-cell	0	0	2	1	Immune-cell-enriched
1839	NEDD9	Enhancer of filamentation 1	Plasma proteins, Predicted intracellular proteins	Cell adhesion, Cell cycle, Cell division, Growth regulation, Mitosis			Low immune cell specificity		Low lineage specificity		Low tissue specificity	1	0	0	0	0	0	0	0	0	0	0	0	0	0	0		0	0	0	0	Non-immune
1840	NEFL	Neurofilament light polypeptide	Disease related genes, Human disease related genes, Predicted intracellular proteins			Charcot-Marie-Tooth disease, Disease variant, Neurodegeneration, Neuropathy	Immune cell enriched	memory CD4 T-cell: 11.2	Lineage enriched		Group enriched	1	0	0	0	0	0	0	0	0	0	0	0	0	0	1	T-cell	0	0	2	1	Immune-cell-enriched
1841	NEK7	Serine/threonine-protein kinase Nek7	Enzymes, Predicted intracellular proteins, Transporters		Kinase, Serine/threonine-protein kinase, Transferase		Low immune cell specificity		Low lineage specificity		Tissue enhanced	1	0	0	0	0	0	0	0	0	0	0	0	0	0	0		0	0	0	0	Non-immune
1842	NELL1	Protein kinase C-binding protein NELL1	Predicted secreted proteins	Differentiation			Not detected in immune cells		Not detected	Secreted in other tissues	Tissue enhanced	1	0	0	0	0	0	0	0	0	0	0	0	0	0	0		1	0	0	0	Non-immune
1843	NELL2	Protein kinase C-binding protein NELL2	Plasma proteins, Predicted intracellular proteins, Predicted membrane proteins, Predicted secreted proteins	Neurogenesis			Immune cell enhanced	naive CD4 T-cell: 70.6;naive CD8 T-cell: 111.4	Lineage enriched	Secreted to blood	Tissue enhanced	1	0	0	0	0	0	0	0	0	0	0	0	0	0	1	T-cell	1	0	2	1	Immune-cell-enriched
1844	NENF	Neudesin	Plasma proteins, Predicted secreted proteins				Low immune cell specificity		Low lineage specificity	Secreted to blood	Low tissue specificity	1	0	0	0	0	0	0	0	0	0	0	0	0	0	0		1	0	0	0	Non-immune
1845	NEO1	Neogenin	Cancer-related genes, Plasma proteins, Predicted membrane proteins	Cell adhesion		Cancer-related genes	Not detected in immune cells		Not detected		Low tissue specificity	1	0	0	0	0	0	0	0	0	0	0	0	0	0	0		0	0	0	0	Non-immune
1846	NEXN	Nexilin	Disease related genes, Human disease related genes, Predicted intracellular proteins		Actin-binding	Cardiomyopathy, Disease variant	Low immune cell specificity		Low lineage specificity		Tissue enhanced	1	0	0	0	0	0	0	0	0	0	0	0	0	0	0		0	0	0	0	Non-immune
1847	NFASC	Neurofascin	Disease related genes, Human disease related genes, Plasma proteins, Predicted intracellular proteins, Predicted membrane proteins	Cell adhesion		Disease variant	Not detected in immune cells		Not detected		Tissue enhanced	1	0	0	0	0	0	0	0	0	0	0	0	0	0	0		0	0	0	0	Non-immune
1848	NFAT5	Nuclear factor of activated T-cells 5	Predicted intracellular proteins, Transcription factors	DNA damage, Transcription, Transcription regulation	Activator, DNA-binding		Not detected in immune cells		Not detected		Low tissue specificity	1	0	0	0	0	0	0	0	0	0	0	0	0	0	0		0	0	0	0	Non-immune
1849	NFATC1	Nuclear factor of activated T-cells, cytoplasmic 1	Predicted intracellular proteins, Transcription factors	Transcription, Transcription regulation	Activator, DNA-binding, Repressor		Low immune cell specificity		Low lineage specificity		Tissue enhanced	1	0	0	0	0	0	0	0	0	0	0	0	0	0	0		0	0	0	0	Non-immune
1850	NFATC3	Nuclear factor of activated T-cells, cytoplasmic 3	Predicted intracellular proteins, Transcription factors	Transcription, Transcription regulation	Activator, Developmental protein, DNA-binding		Low immune cell specificity		Low lineage specificity		Tissue enhanced	1	0	0	0	0	0	0	0	0	0	0	0	0	0	0		0	0	0	0	Non-immune
1851	NFE2	Transcription factor NF-E2 45 kDa subunit	Predicted intracellular proteins, Transcription factors	Transcription, Transcription regulation	Activator, DNA-binding		Group enriched	basophil: 1493.0;neutrophil: 813.5	Lineage enriched		Group enriched	1	0	0	0	0	0	0	0	0	0	0	0	0	0	1	Granulocyte	0	0	2	1	Immune-cell-enriched
1852	NFIC	Nuclear factor 1 C-type	Predicted intracellular proteins, Transcription factors	DNA replication, Transcription, Transcription regulation	Activator, DNA-binding		Low immune cell specificity		Low lineage specificity		Tissue enhanced	1	0	0	0	0	0	0	0	0	0	0	0	0	0	0		0	0	0	0	Non-immune
1853	NFKB1	Nuclear factor NF-kappa-B p105 subunit	Cancer-related genes, Disease related genes, FDA approved drug targets, Human disease related genes, Plasma proteins, Predicted intracellular proteins, RAS pathway related proteins, Transcription factors	Apoptosis, Transcription, Transcription regulation	Activator, DNA-binding	Cancer-related genes, FDA approved drug targets	Low immune cell specificity		Low lineage specificity		Low tissue specificity	1	0	0	0	0	0	0	0	0	0	0	0	0	0	0		0	0	0	0	Non-immune
1854	NFKB2	Nuclear factor NF-kappa-B p100 subunit	Cancer-related genes, Disease related genes, FDA approved drug targets, Human disease related genes, Predicted intracellular proteins, Transcription factors	Biological rhythms, Transcription, Transcription regulation	Activator, DNA-binding, Repressor	Cancer-related genes, Disease variant, FDA approved drug targets, Proto-oncogene	Immune cell enhanced	neutrophil: 2.9	Low lineage specificity		Low tissue specificity	1	0	0	0	0	0	0	0	0	0	0	0	0	0	1	Granulocyte	0	0	2	1	Immune-cell-enriched
1855	NFKBIE	NF-kappa-B inhibitor epsilon	Cancer-related genes, Human disease related genes, Predicted intracellular proteins, Transcription factors			Cancer-related genes	Low immune cell specificity		Low lineage specificity		Tissue enhanced	1	0	0	0	0	0	0	0	0	0	0	0	0	0	0		0	0	0	0	Non-immune
1856	NFU1	NFU1 iron-sulfur cluster scaffold homolog, mitochondrial	Disease related genes, Human disease related genes, Predicted intracellular proteins			Disease variant, Hereditary spastic paraplegia, Neurodegeneration, Primary mitochondrial disease	Low immune cell specificity		Low lineage specificity		Low tissue specificity	1	0	0	0	0	0	0	0	0	0	0	0	0	0	0		0	0	0	0	Non-immune
1857	NFX1	Transcriptional repressor NF-X1	Plasma proteins, Predicted intracellular proteins, Transcription factors	Host-virus interaction, Transcription, Transcription regulation, Ubl conjugation pathway	Activator, DNA-binding, Repressor, Transferase		Low immune cell specificity		Low lineage specificity		Low tissue specificity	1	0	0	0	0	0	0	0	0	0	0	0	0	0	0		0	0	0	0	Non-immune
1858	NFYA	Nuclear transcription factor Y subunit alpha	Predicted intracellular proteins, Transcription factors	Biological rhythms, Transcription, Transcription regulation	Activator, DNA-binding		Low immune cell specificity		Low lineage specificity		Low tissue specificity	1	0	0	0	0	0	0	0	0	0	0	0	0	0	0		0	0	0	0	Non-immune
1859	NGF	Beta-nerve growth factor	Cancer-related genes, Candidate cardiovascular disease genes, Disease related genes, Human disease related genes, Plasma proteins, Predicted intracellular proteins, Predicted secreted proteins, RAS pathway related proteins		Growth factor, Metalloenzyme inhibitor, Metalloprotease inhibitor, Protease inhibitor	Cancer-related genes, Disease variant, Neurodegeneration, Neuropathy	Not detected in immune cells		Not detected	Secreted in other tissues	Tissue enhanced	1	0	0	0	0	0	0	0	0	0	0	0	0	0	0		1	0	0	0	Non-immune
1860	NGFR	Tumor necrosis factor receptor superfamily member 16	Cancer-related genes, CD markers, Predicted intracellular proteins, Predicted membrane proteins, RAS pathway related proteins, Transporters	Apoptosis, Biological rhythms, Differentiation, Neurogenesis	Developmental protein, Receptor	Cancer-related genes	Immune cell enriched	plasmacytoid DC: 1.2	Lineage enriched		Low tissue specificity	1	0	0	0	0	0	0	0	0	0	0	0	0	1	1	Myeloid/Monocyte;Dendritic	0	0	2	1	Immune-cell-enriched
1861	NGRN	Neugrin	Predicted intracellular proteins	Differentiation	Developmental protein		Low immune cell specificity		Low lineage specificity	Intracellular and membrane	Tissue enhanced	1	0	0	0	0	0	0	0	0	0	0	0	0	0	0		0	0	0	0	Non-immune
1862	NHLRC3	NHL repeat-containing protein 3	Predicted intracellular proteins, Predicted secreted proteins				Low immune cell specificity		Low lineage specificity	Secreted to blood	Low tissue specificity	1	0	0	0	0	0	0	0	0	0	0	0	0	0	0		1	0	0	0	Non-immune
1863	NID1	Nidogen-1	Plasma proteins, Predicted secreted proteins	Cell adhesion			Group enriched	classical monocyte: 5.7;intermediate monocyte: 11.2;myeloid DC: 4.4;non-classical monocyte: 7.3	Group enriched	Secreted to extracellular matrix	Tissue enhanced	1	0	0	0	0	0	0	0	0	0	0	0	0	0	1	Myeloid/Monocyte;Dendritic	1	0	2	1	Immune-cell-enriched
1864	NID2	Nidogen-2	Plasma proteins, Predicted intracellular proteins, Predicted secreted proteins	Cell adhesion			Not detected in immune cells		Not detected	Secreted to extracellular matrix	Tissue enhanced	1	0	0	0	0	0	0	0	0	0	0	0	0	0	0		1	0	0	0	Non-immune
1865	NINJ1	Ninjurin-1	Predicted membrane proteins	Angiogenesis, Cell adhesion, Cytolysis, Inflammatory response			Immune cell enhanced	neutrophil: 1675.7	Lineage enriched	Intracellular and membrane	Tissue enhanced	1	0	0	0	0	0	0	0	0	0	0	0	0	0	1	Granulocyte	0	1	3	1	Immune-cell-enriched
1866	NIT1	Deaminated glutathione amidase	Enzymes, Predicted intracellular proteins		Hydrolase		Low immune cell specificity		Low lineage specificity		Low tissue specificity	1	0	0	0	0	0	0	0	0	0	0	0	0	0	0		0	0	0	0	Non-immune
1867	NIT2	Omega-amidase NIT2	Enzymes, Metabolic proteins, Plasma proteins, Predicted intracellular proteins		Hydrolase		Low immune cell specificity		Low lineage specificity		Tissue enhanced	1	0	0	0	0	0	0	0	0	0	0	0	0	0	0		0	0	0	0	Non-immune
1868	NLGN1	Neuroligin-1	Disease related genes, Human disease related genes, Potential drug targets, Predicted intracellular proteins, Predicted membrane proteins, Transporters	Biological rhythms, Cell adhesion		Autism, Autism spectrum disorder, Disease variant	Not detected in immune cells		Not detected	Intracellular and membrane	Tissue enhanced	1	0	0	0	0	0	0	0	0	0	0	0	0	0	0		0	0	0	0	Non-immune
1869	NLGN2	Neuroligin-2	Predicted intracellular proteins, Predicted membrane proteins, Transporters	Cell adhesion			Not detected in immune cells		Not detected		Low tissue specificity	1	0	0	0	0	0	0	0	0	0	0	0	0	0	0		0	0	0	0	Non-immune
1870	NME1	Nucleoside diphosphate kinase A	Cancer-related genes, Enzymes, Metabolic proteins, Plasma proteins, Predicted intracellular proteins	Differentiation, Endocytosis, Neurogenesis, Nucleotide metabolism	Kinase, Transferase	Cancer-related genes	Low immune cell specificity		Low lineage specificity		Low tissue specificity	1	0	0	0	0	0	0	0	0	0	0	0	0	0	0		0	0	0	0	Non-immune
1871	NME3	Nucleoside diphosphate kinase 3	Enzymes, Metabolic proteins, Plasma proteins, Predicted intracellular proteins	Nucleotide metabolism	Kinase, Transferase		Low immune cell specificity		Low lineage specificity	Intracellular and membrane	Low tissue specificity	1	0	0	0	0	0	0	0	0	0	0	0	0	0	0		0	0	0	0	Non-immune
1872	NMI	N-myc-interactor	Plasma proteins, Predicted intracellular proteins, Predicted secreted proteins	Host-virus interaction, Immunity, Innate immunity			Low immune cell specificity		Low lineage specificity	Secreted to blood	Low tissue specificity	1	0	0	0	0	0	0	0	0	0	0	0	0	0	0		1	1	1	0	Other immune-annotated
1873	NMNAT1	Nicotinamide/nicotinic acid mononucleotide adenylyltransferase 1	Disease related genes, Enzymes, Human disease related genes, Metabolic proteins, Potential drug targets, Predicted intracellular proteins	Pyridine nucleotide biosynthesis	Nucleotidyltransferase, Transferase	Deafness, Disease variant, Dwarfism, Intellectual disability, Leber congenital amaurosis	Low immune cell specificity		Low lineage specificity		Low tissue specificity	1	0	0	0	0	0	0	0	0	0	0	0	0	0	0		0	0	0	0	Non-immune
1874	NMRK2	Nicotinamide riboside kinase 2	Enzymes, Metabolic proteins, Predicted intracellular proteins	Pyridine nucleotide biosynthesis	Kinase, Transferase		Not detected in immune cells		Not detected		Group enriched	1	0	0	0	0	0	0	0	0	0	0	0	0	0	0		0	0	0	0	Non-immune
1875	NMT1	Glycylpeptide N-tetradecanoyltransferase 1	Enzymes, Essential proteins, Metabolic proteins, Predicted intracellular proteins		Acyltransferase, Transferase		Low immune cell specificity		Low lineage specificity		Low tissue specificity	1	0	0	0	0	0	0	0	0	0	0	0	0	0	0		0	0	0	0	Non-immune
1876	NOMO1	Nodal modulator 1	Plasma proteins, Predicted intracellular proteins, Predicted membrane proteins				Immune cell enhanced	basophil: 3.7	Low lineage specificity		Tissue enhanced	1	0	0	0	0	0	0	0	0	0	0	0	0	0	1	Granulocyte	0	0	2	1	Immune-cell-enriched
1877	NOP56	Nucleolar protein 56	Disease related genes, Essential proteins, Human disease related genes, Plasma proteins, Predicted intracellular proteins	Ribosome biogenesis	Ribonucleoprotein	Neurodegeneration, Spinocerebellar ataxia	Low immune cell specificity		Low lineage specificity		Low tissue specificity	1	0	0	0	0	0	0	0	0	0	0	0	0	0	0		0	0	0	0	Non-immune
1878	NOS1	Nitric oxide synthase, brain	Cancer-related genes, Enzymes, FDA approved drug targets, Metabolic proteins, Plasma proteins, Predicted intracellular proteins, Transporters		Calmodulin-binding, Oxidoreductase	Cancer-related genes, FDA approved drug targets	Not detected in immune cells		Not detected		Group enriched	1	0	0	0	0	0	0	0	0	0	0	0	0	0	0		0	0	0	0	Non-immune
1879	NOS2	Nitric oxide synthase, inducible	Cancer-related genes, Enzymes, FDA approved drug targets, Human disease related genes, Metabolic proteins, Plasma proteins, Predicted intracellular proteins		Calmodulin-binding, Oxidoreductase	Cancer-related genes, FDA approved drug targets	Not detected in immune cells		Not detected		Group enriched	1	0	0	0	0	0	0	0	0	0	0	0	0	0	0		0	0	0	0	Non-immune
1880	NOS3	Nitric oxide synthase, endothelial	Cancer-related genes, Disease related genes, Enzymes, FDA approved drug targets, Human disease related genes, Metabolic proteins, Plasma proteins, Predicted intracellular proteins		Calmodulin-binding, Oxidoreductase	Cancer-related genes, FDA approved drug targets	Low immune cell specificity		Lineage enriched		Tissue enhanced	1	0	0	0	0	0	0	0	0	0	0	0	0	0	0		0	0	0	0	Non-immune
1881	NOTCH1	Neurogenic locus notch homolog protein 1	Cancer-related genes, Disease related genes, Human disease related genes, Plasma proteins, Potential drug targets, Predicted membrane proteins, Transporters	Angiogenesis, Differentiation, Notch signaling pathway, Transcription, Transcription regulation	Activator, Developmental protein, Receptor	Cancer-related genes, Disease variant	Immune cell enhanced	neutrophil: 2.3	Low lineage specificity		Low tissue specificity	1	0	0	0	0	0	0	0	0	0	0	0	0	0	1	Granulocyte	0	0	2	1	Immune-cell-enriched
1882	NOTCH2	Neurogenic locus notch homolog protein 2	Cancer-related genes, Disease related genes, Human disease related genes, Plasma proteins, Predicted intracellular proteins, Predicted membrane proteins	Differentiation, Notch signaling pathway, Transcription, Transcription regulation	Activator, Developmental protein, Receptor	Cancer-related genes, Disease variant, Osteoporosis	Low immune cell specificity		Low lineage specificity		Low tissue specificity	1	0	0	0	0	0	0	0	0	0	0	0	0	0	0		0	0	0	0	Non-immune
1883	NOTCH3	Neurogenic locus notch homolog protein 3	Cancer-related genes, Disease related genes, Human disease related genes, Plasma proteins, Predicted intracellular proteins, Predicted membrane proteins	Differentiation, Notch signaling pathway, Transcription, Transcription regulation	Activator, Developmental protein, Receptor	Cancer-related genes, Disease variant	Not detected in immune cells		Not detected		Tissue enhanced	1	0	0	0	0	0	0	0	0	0	0	0	0	0	0		0	0	0	0	Non-immune
1884	NPC2	NPC intracellular cholesterol transporter 2	Disease related genes, Human disease related genes, Plasma proteins, Potential drug targets, Predicted intracellular proteins, Predicted secreted proteins, Transporters	Cholesterol metabolism, Lipid metabolism, Lipid transport, Steroid metabolism, Sterol metabolism, Transport		Disease variant, Niemann-Pick disease	Group enriched	basophil: 671.5;classical monocyte: 1304.7;intermediate monocyte: 1776.9;myeloid DC: 588.8;neutrophil: 678.2;non-classical monocyte: 1258.0;plasmacytoid DC: 2119.0	Group enriched	Secreted to blood	Tissue enriched	1	0	0	0	0	0	0	0	0	0	0	0	0	0	1	Myeloid/Monocyte;Granulocyte;Dendritic	1	0	2	1	Immune-cell-enriched
1885	NPDC1	Neural proliferation differentiation and control protein 1	Predicted intracellular proteins, Predicted membrane proteins				Group enriched	gdT-cell: 12.3;MAIT T-cell: 14.7;memory CD4 T-cell: 19.1;memory CD8 T-cell: 18.9;T-reg: 15.9	Lineage enriched		Low tissue specificity	1	0	0	0	0	0	0	0	0	0	0	0	0	0	1	T-cell	0	0	2	1	Immune-cell-enriched
1886	NPHS1	Nephrin	Disease related genes, Human disease related genes, Plasma proteins, Potential drug targets, Predicted intracellular proteins, Predicted membrane proteins, Transporters	Cell adhesion, Myogenesis	Developmental protein	Disease variant	Not detected in immune cells		Not detected		Group enriched	1	0	0	0	0	0	0	0	0	0	0	0	0	0	0		0	0	0	0	Non-immune
1887	NPHS2	Podocin	Disease related genes, Human disease related genes, Potential drug targets, Predicted membrane proteins, Transporters			Disease variant	Not detected in immune cells		Not detected		Tissue enriched	1	0	0	0	0	0	0	0	0	0	0	0	0	0	0		0	0	0	0	Non-immune
1888	NPL	N-acetylneuraminate lyase	Enzymes, Metabolic proteins, Predicted intracellular proteins	Carbohydrate metabolism	Lyase		Immune cell enhanced	neutrophil: 440.3	Group enriched		Tissue enhanced	1	0	0	0	0	0	0	0	0	0	0	0	0	0	1	Granulocyte	0	0	2	1	Immune-cell-enriched
1889	NPM1	Nucleophosmin	Cancer-related genes, Disease related genes, Essential proteins, Human disease related genes, Predicted intracellular proteins	Host-virus interaction	Chaperone, RNA-binding	Cancer-related genes, Proto-oncogene	Low immune cell specificity		Low lineage specificity		Low tissue specificity	1	0	0	0	0	0	0	0	0	0	0	0	0	0	0		0	0	0	0	Non-immune
1890	NPPB	Natriuretic peptides B	Candidate cardiovascular disease genes, Plasma proteins, Predicted secreted proteins		Hormone, Vasoactive, Vasodilator		Not detected in immune cells		Not detected	Secreted to blood	Tissue enriched	1	0	0	0	0	0	0	0	0	0	0	0	0	0	0		1	0	0	0	Non-immune
1891	NPPC	C-type natriuretic peptide	Predicted secreted proteins, Transporters	Osteogenesis	Hormone, Vasoactive		Not detected in immune cells		Not detected	Secreted to blood	Tissue enhanced	1	0	0	0	0	0	0	0	0	0	0	0	0	0	0		1	0	0	0	Non-immune
1892	NPR1	Atrial natriuretic peptide receptor 1	Enzymes, FDA approved drug targets, Metabolic proteins, Predicted membrane proteins, Transporters	cGMP biosynthesis	Lyase, Receptor, Vasoactive	FDA approved drug targets	Not detected in immune cells		Not detected		Tissue enhanced	1	0	0	0	0	0	0	0	0	0	0	0	0	1	0		0	0	0	0	Soluble receptor
1893	NPTN	Neuroplastin	Predicted intracellular proteins, Predicted membrane proteins, Transporters	Cell adhesion, Neurogenesis			Low immune cell specificity		Low lineage specificity		Low tissue specificity	1	0	0	0	0	0	0	0	0	0	0	0	0	0	0		0	0	0	0	Non-immune
1894	NPTX1	Neuronal pentraxin-1	Predicted intracellular proteins, Predicted secreted proteins, Transporters			Disease variant, Neurodegeneration, Spinocerebellar ataxia	Not detected in immune cells		Not detected	Secreted in brain	Tissue enriched	1	0	0	0	0	0	0	0	0	0	0	0	0	0	0		1	0	0	0	Non-immune
1895	NPTX2	Neuronal pentraxin-2	Predicted secreted proteins				Not detected in immune cells		Not detected	Secreted to blood	Tissue enriched	1	0	0	0	0	0	0	0	0	0	0	0	0	0	0		1	0	0	0	Non-immune
1896	NPTXR	Neuronal pentraxin receptor	Plasma proteins, Predicted intracellular proteins		Receptor		Not detected in immune cells		Not detected	Intracellular and membrane	Tissue enriched	1	0	0	0	0	0	0	0	0	0	0	0	0	1	0		0	0	0	0	Soluble receptor
1897	NPY	Pro-neuropeptide Y	FDA approved drug targets, Plasma proteins, Predicted secreted proteins		Neuropeptide	FDA approved drug targets	Not detected in immune cells		Not detected	Secreted to blood	Group enriched	1	0	0	0	0	0	0	0	0	0	0	0	0	0	0		1	0	0	0	Non-immune
1898	NRCAM	Neuronal cell adhesion molecule	Disease related genes, Plasma proteins, Predicted membrane proteins, Predicted secreted proteins	Cell adhesion		Disease variant, Intellectual disability	Immune cell enriched	naive CD8 T-cell: 2.1	Lineage enriched	Secreted in brain	Tissue enhanced	1	0	0	0	0	0	0	0	0	0	0	0	0	0	1	T-cell	1	0	2	1	Immune-cell-enriched
1899	NRGN	Neurogranin	Predicted intracellular proteins		Calmodulin-binding		Low immune cell specificity		Group enriched		Tissue enriched	1	0	0	0	0	0	0	0	0	0	0	0	0	0	0		0	0	0	0	Non-immune
1900	NRN1	Neuritin	Predicted membrane proteins				Group enriched	MAIT T-cell: 2.6;neutrophil: 2.3	Group enriched		Tissue enhanced	1	0	0	0	0	0	0	0	0	0	0	0	0	0	1	Granulocyte;T-cell	0	0	2	1	Immune-cell-enriched
1901	NRP1	Neuropilin-1	Cancer-related genes, CD markers, Plasma proteins, Predicted intracellular proteins, Predicted membrane proteins, Predicted secreted proteins, Transporters	Angiogenesis, Differentiation, Host-virus interaction, Neurogenesis	Developmental protein, Heparin-binding, Receptor	Cancer-related genes	Immune cell enriched	plasmacytoid DC: 39.4	Lineage enriched	Secreted in other tissues	Low tissue specificity	1	0	0	0	0	0	0	0	0	0	0	0	0	0	1	Myeloid/Monocyte;Dendritic	1	0	2	1	Immune-cell-enriched
1902	NRP2	Neuropilin-2	Cancer-related genes, Plasma proteins, Predicted membrane proteins, Predicted secreted proteins, Transporters	Differentiation, Host-virus interaction, Neurogenesis	Developmental protein, Heparin-binding, Receptor	Cancer-related genes	Not detected in immune cells		Not detected	Secreted in other tissues	Tissue enhanced	1	0	0	0	0	0	0	0	0	0	0	0	0	0	0		1	0	0	0	Non-immune
1903	NRTN	Neurturin	Disease related genes, Predicted secreted proteins		Growth factor	Disease variant, Hirschsprung disease	Not detected in immune cells		Not detected	Secreted to blood	Tissue enhanced	1	0	0	0	0	0	0	0	0	0	0	0	0	0	0		1	0	0	0	Non-immune
1904	NRXN3	Neurexin-3	Plasma proteins, Predicted intracellular proteins, Predicted membrane proteins	Angiogenesis, Cell adhesion			Not detected in immune cells		Not detected		Tissue enhanced	1	0	0	0	0	0	0	0	0	0	0	0	0	0	0		0	0	0	0	Non-immune
1905	NSFL1C	NSFL1 cofactor p47	Plasma proteins, Predicted intracellular proteins				Low immune cell specificity		Low lineage specificity		Low tissue specificity	1	0	0	0	0	0	0	0	0	0	0	0	0	0	0		0	0	0	0	Non-immune
1906	NT5C	5'(3')-deoxyribonucleotidase, cytosolic type	Metabolic proteins, Predicted intracellular proteins	Nucleotide metabolism	Hydrolase		Low immune cell specificity		Low lineage specificity		Low tissue specificity	1	0	0	0	0	0	0	0	0	0	0	0	0	0	0		0	0	0	0	Non-immune
1907	NT5C1A	Cytosolic 5'-nucleotidase 1A	Enzymes, Metabolic proteins, Predicted intracellular proteins	Nucleotide metabolism	Hydrolase		Not detected in immune cells		Not detected		Group enriched	1	0	0	0	0	0	0	0	0	0	0	0	0	0	0		0	0	0	0	Non-immune
1908	NT5C3A	Cytosolic 5'-nucleotidase 3A	Disease related genes, Enzymes, Human disease related genes, Metabolic proteins, Plasma proteins, Potential drug targets, Predicted intracellular proteins	Nucleotide metabolism	Hydrolase, Transferase	Disease variant	Low immune cell specificity		Low lineage specificity		Tissue enhanced	1	0	0	0	0	0	0	0	0	0	0	0	0	0	0		0	0	0	0	Non-immune
1909	NT5E	5'-nucleotidase	CD markers, Disease related genes, Enzymes, Human disease related genes, Metabolic proteins, Potential drug targets, Predicted intracellular proteins, Predicted membrane proteins		Hydrolase	Disease variant	Immune cell enhanced	naive B-cell: 33.1;naive CD8 T-cell: 30.8	Group enriched	Intracellular and membrane	Tissue enhanced	1	0	0	0	0	0	0	0	0	0	0	0	0	0	1	T-cell;B-cell	0	0	2	1	Immune-cell-enriched
1910	NTF3	Neurotrophin-3	Cancer-related genes, Predicted secreted proteins, RAS pathway related proteins		Growth factor	Cancer-related genes	Not detected in immune cells		Not detected	Secreted in other tissues	Tissue enhanced	1	0	0	0	0	0	0	0	0	0	0	0	0	0	0		1	0	0	0	Non-immune
1911	NTF4	Neurotrophin-4	Cancer-related genes, Disease related genes, Human disease related genes, Predicted secreted proteins, RAS pathway related proteins		Growth factor	Cancer-related genes, Glaucoma	Not detected in immune cells		Not detected	Secreted in other tissues	Tissue enhanced	1	0	0	0	0	0	0	0	0	0	0	0	0	0	0		1	0	0	0	Non-immune
1912	NTproBNP	N-terminal prohormone of brain natriuretic peptide										0	0	0	0	0	0	0	0	0	0	0	0	0	0	0		0	0	0	0	Non-immune
1913	NTRK2	BDNF/NT-3 growth factors receptor	Cancer-related genes, Disease related genes, Enzymes, FDA approved drug targets, Human disease related genes, Plasma proteins, Predicted intracellular proteins, Predicted membrane proteins, RAS pathway related proteins, Transporters	Differentiation, Neurogenesis	Developmental protein, Kinase, Receptor, Transferase, Tyrosine-protein kinase	Cancer-related genes, Disease variant, Epilepsy, FDA approved drug targets, Obesity	Not detected in immune cells		Not detected		Tissue enhanced	1	0	0	0	0	0	0	0	0	0	0	0	0	1	0		0	0	0	0	Soluble receptor
1914	NTRK3	NT-3 growth factor receptor	Cancer-related genes, Disease related genes, Enzymes, FDA approved drug targets, Human disease related genes, Plasma proteins, Predicted intracellular proteins, Predicted membrane proteins	Differentiation, Neurogenesis	Developmental protein, Kinase, Receptor, Transferase, Tyrosine-protein kinase	Cancer-related genes, FDA approved drug targets	Not detected in immune cells		Not detected		Group enriched	1	0	0	0	0	0	0	0	0	0	0	0	0	1	0		0	0	0	0	Soluble receptor
1915	NUB1	NEDD8 ultimate buster 1	Predicted intracellular proteins				Low immune cell specificity		Low lineage specificity		Low tissue specificity	1	0	0	0	0	0	0	0	0	0	0	0	0	0	0		0	0	0	0	Non-immune
1916	NUBP1	Cytosolic Fe-S cluster assembly factor NUBP1	Essential proteins, Predicted intracellular proteins	Cilium biogenesis/degradation			Low immune cell specificity		Low lineage specificity		Low tissue specificity	1	0	0	0	0	0	0	0	0	0	0	0	0	0	0		0	0	0	0	Non-immune
1917	NUCB2	Nucleobindin-2	Cancer-related genes, Plasma proteins, Predicted intracellular proteins, Predicted secreted proteins		DNA-binding, Guanine-nucleotide releasing factor	Cancer-related genes	Low immune cell specificity		Low lineage specificity	Secreted to blood	Tissue enhanced	1	0	0	0	0	0	0	0	0	0	0	0	0	0	0		1	0	0	0	Non-immune
1918	NUDC	Nuclear migration protein nudC	Essential proteins, Predicted intracellular proteins, Predicted membrane proteins	Cell cycle, Cell division, Mitosis			Low immune cell specificity		Low lineage specificity		Low tissue specificity	1	0	0	0	0	0	0	0	0	0	0	0	0	0	0		0	0	0	0	Non-immune
1919	NUDT10	Diphosphoinositol polyphosphate phosphohydrolase 3-alpha	Enzymes, Metabolic proteins, Predicted intracellular proteins		Hydrolase		Not detected in immune cells		Not detected		Tissue enhanced	1	0	0	0	0	0	0	0	0	0	0	0	0	0	0		0	0	0	0	Non-immune
1920	NUDT15	Nucleotide triphosphate diphosphatase NUDT15	Enzymes, Predicted intracellular proteins		Hydrolase		Low immune cell specificity		Low lineage specificity		Low tissue specificity	1	0	0	0	0	0	0	0	0	0	0	0	0	0	0		0	0	0	0	Non-immune
1921	NUDT16	U8 snoRNA-decapping enzyme	Enzymes, Predicted intracellular proteins	Nucleotide metabolism	Hydrolase, RNA-binding		Group enriched	classical monocyte: 41.7;eosinophil: 47.1;intermediate monocyte: 54.6;myeloid DC: 32.5;neutrophil: 34.1;non-classical monocyte: 63.7	Group enriched		Low tissue specificity	1	0	0	0	0	0	0	0	0	0	0	0	0	0	1	Myeloid/Monocyte;Granulocyte;Dendritic	0	0	2	1	Immune-cell-enriched
1922	NUDT2	Bis(5'-nucleosyl)-tetraphosphatase [asymmetrical]	Disease related genes, Enzymes, Metabolic proteins, Potential drug targets, Predicted intracellular proteins		Hydrolase	Disease variant, Intellectual disability, Neuropathy	Low immune cell specificity		Low lineage specificity		Low tissue specificity	1	0	0	0	0	0	0	0	0	0	0	0	0	0	0		0	0	0	0	Non-immune
1923	NUDT5	ADP-sugar pyrophosphatase	Enzymes, Metabolic proteins, Plasma proteins, Predicted intracellular proteins		Hydrolase, RNA-binding, Transferase		Low immune cell specificity		Low lineage specificity		Low tissue specificity	1	0	0	0	0	0	0	0	0	0	0	0	0	0	0		0	0	0	0	Non-immune
1924	NUMB	Protein numb homolog	Cancer-related genes, Predicted intracellular proteins	Neurogenesis	Developmental protein	Cancer-related genes	Immune cell enhanced	neutrophil: 292.1	Low lineage specificity		Low tissue specificity	1	0	0	0	0	0	0	0	0	0	0	0	0	0	1	Granulocyte	0	0	2	1	Immune-cell-enriched
1925	NUP50	Nuclear pore complex protein Nup50	Essential proteins, Metabolic proteins, Plasma proteins, Predicted intracellular proteins, Transporters	mRNA transport, Protein transport, Translocation, Transport			Low immune cell specificity		Low lineage specificity		Low tissue specificity	1	0	0	0	0	0	0	0	0	0	0	0	0	0	0		0	0	0	0	Non-immune
1926	NXPE4	NXPE family member 4	Predicted intracellular proteins, Predicted secreted proteins				Not detected in immune cells		Not detected	Secreted to digestive system	Group enriched	1	0	0	0	0	0	0	0	0	0	0	0	0	0	0		1	0	0	0	Non-immune
1927	NXPH1	Neurexophilin-1	Predicted intracellular proteins, Predicted secreted proteins				Not detected in immune cells		Not detected	Secreted in brain	Group enriched	1	0	0	0	0	0	0	0	0	0	0	0	0	0	0		1	0	0	0	Non-immune
1928	NXPH3	Neurexophilin-3	Predicted secreted proteins				Not detected in immune cells		Not detected	Secreted in brain	Tissue enhanced	1	0	0	0	0	0	0	0	0	0	0	0	0	0	0		1	0	0	0	Non-immune
1929	OBP2B	Odorant-binding protein 2b	Predicted secreted proteins	Olfaction, Sensory transduction, Transport			Not detected in immune cells		Not detected	Secreted in other tissues	Tissue enhanced	1	0	0	0	0	0	0	0	0	0	0	0	0	0	0		1	0	0	0	Non-immune
1930	OCLN	Occludin	Disease related genes, Human disease related genes, Potential drug targets, Predicted intracellular proteins, Predicted membrane proteins, Transporters			Disease variant	Immune cell enhanced	neutrophil: 2.6	Lineage enriched		Tissue enhanced	1	0	0	0	0	0	0	0	0	0	0	0	0	0	1	Granulocyte	0	0	2	1	Immune-cell-enriched
1931	ODAM	Odontogenic ameloblast-associated protein	Cancer-related genes, Predicted intracellular proteins	Biomineralization		Cancer-related genes	Not detected in immune cells		Not detected	Intracellular and membrane	Tissue enriched	1	0	0	0	0	0	0	0	0	0	0	0	0	0	0		0	0	0	0	Non-immune
1932	OFD1	Oral-facial-digital syndrome 1 protein	Disease related genes, Human disease related genes, Plasma proteins, Predicted intracellular proteins	Cilium biogenesis/degradation		Ciliopathy, Disease variant, Joubert syndrome, Retinitis pigmentosa	Immune cell enriched	plasmacytoid DC: 69.8	Lineage enriched		Low tissue specificity	1	0	0	0	0	0	0	0	0	0	0	0	0	0	1	Myeloid/Monocyte;Dendritic	0	0	2	1	Immune-cell-enriched
1933	OGA	Protein O-GlcNAcase	Enzymes, Metabolic proteins, Predicted intracellular proteins	Host-virus interaction	Glycosidase, Hydrolase		Low immune cell specificity		Low lineage specificity		Low tissue specificity	1	0	0	0	0	0	0	0	0	0	0	0	0	0	0		0	0	0	0	Non-immune
1934	OGFR	Opioid growth factor receptor	Predicted intracellular proteins	Growth regulation	Receptor		Group enriched	eosinophil: 12.5;neutrophil: 3.1	Lineage enriched		Low tissue specificity	1	0	0	0	0	0	0	0	0	0	0	0	0	1	1	Granulocyte	0	0	2	1	Immune-cell-enriched
1935	OGN	Mimecan	Plasma proteins, Predicted intracellular proteins, Predicted secreted proteins		Growth factor		Immune cell enriched	T-reg: 1.7	Lineage enriched	Secreted in other tissues	Tissue enhanced	1	0	0	0	0	0	0	0	0	0	0	0	0	0	1	T-cell	1	0	2	1	Immune-cell-enriched
1936	OGT	UDP-N-acetylglucosamine--peptide N-acetylglucosaminyltransferase 110 kDa subunit	Disease related genes, Enzymes, Essential proteins, Human disease related genes, Metabolic proteins, Potential drug targets, Predicted intracellular proteins	Apoptosis, Biological rhythms, Host-virus interaction, Ubl conjugation pathway	Chromatin regulator, Glycosyltransferase, Transferase	Disease variant, Intellectual disability	Low immune cell specificity		Low lineage specificity		Low tissue specificity	1	0	0	0	0	0	0	0	0	0	0	0	0	0	0		0	0	0	0	Non-immune
1937	OLFM4	Olfactomedin-4	Predicted secreted proteins	Cell adhesion			Not detected in immune cells		Not detected	Secreted to digestive system	Tissue enhanced	1	0	0	0	0	0	0	0	0	0	0	0	0	0	0		1	0	0	0	Non-immune
1938	OLR1	Oxidized low-density lipoprotein receptor 1	Disease related genes, Human disease related genes, Predicted intracellular proteins, Predicted membrane proteins	Cell adhesion, Immunity, Inflammatory response	Receptor		Immune cell enhanced	myeloid DC: 2.8	Low lineage specificity	Intracellular and membrane	Tissue enhanced	1	0	0	0	0	0	0	0	0	0	0	0	0	1	1	Myeloid/Monocyte;Dendritic	0	1	3	1	Immune-cell-enriched
1939	OMD	Osteomodulin	Predicted secreted proteins	Cell adhesion			Not detected in immune cells		Not detected	Secreted in other tissues	Tissue enhanced	1	0	0	0	0	0	0	0	0	0	0	0	0	0	0		1	0	0	0	Non-immune
1940	OMG	Oligodendrocyte-myelin glycoprotein	Plasma proteins, Predicted intracellular proteins	Cell adhesion			Not detected in immune cells		Not detected	Intracellular and membrane	Tissue enriched	1	0	0	0	0	0	0	0	0	0	0	0	0	0	0		0	0	0	0	Non-immune
1941	OMP	Olfactory marker protein	Predicted intracellular proteins	Olfaction, Sensory transduction			Not detected in immune cells		Not detected		Tissue enhanced	1	0	0	0	0	0	0	0	0	0	0	0	0	0	0		0	0	0	0	Non-immune
1942	OPHN1	Oligophrenin-1	Disease related genes, Human disease related genes, Plasma proteins, Predicted intracellular proteins	Endocytosis, Neurogenesis	GTPase activation	Disease variant, Intellectual disability	Immune cell enhanced	neutrophil: 4.1	Low lineage specificity		Low tissue specificity	1	0	0	0	0	0	0	0	0	0	0	0	0	0	1	Granulocyte	0	0	2	1	Immune-cell-enriched
1943	OPLAH	5-oxoprolinase	Disease related genes, Enzymes, Human disease related genes, Metabolic proteins, Potential drug targets, Predicted intracellular proteins		Hydrolase		Immune cell enhanced	classical monocyte: 1.1;neutrophil: 1.1	Group enriched		Tissue enhanced	1	0	0	0	0	0	0	0	0	0	0	0	0	0	1	Myeloid/Monocyte;Granulocyte	0	0	2	1	Immune-cell-enriched
1944	OPTC	Opticin	Predicted secreted proteins				Not detected in immune cells		Not detected	Secreted in other tissues	Not detected	1	0	0	0	0	0	0	0	0	0	0	0	0	0	0		1	0	0	0	Non-immune
1945	ORM1	Alpha-1-acid glycoprotein 1	Cancer-related genes, Candidate cardiovascular disease genes, FDA approved drug targets, Plasma proteins, Predicted secreted proteins	Acute phase, Transport		Cancer-related genes, FDA approved drug targets	Immune cell enriched	neutrophil: 201.8	Lineage enriched	Secreted to blood	Tissue enriched	1	0	0	0	0	0	0	0	0	0	1	0	0	0	1	Granulocyte	1	0	3	1	Acute-phase
1946	OSBPL2	Oxysterol-binding protein-related protein 2	Disease related genes, Human disease related genes, Predicted intracellular proteins	Lipid transport, Transport		Deafness, Non-syndromic deafness	Immune cell enhanced	neutrophil: 94.9	Lineage enriched		Low tissue specificity	1	0	0	0	0	0	0	0	0	0	0	0	0	0	1	Granulocyte	0	0	2	1	Immune-cell-enriched
1947	OSCAR	Osteoclast-associated immunoglobulin-like receptor	Predicted intracellular proteins, Predicted membrane proteins		Receptor		Group enriched	classical monocyte: 41.9;eosinophil: 26.4;intermediate monocyte: 28.1;myeloid DC: 19.6;neutrophil: 38.8;non-classical monocyte: 26.7	Group enriched	Intracellular and membrane	Group enriched	1	0	0	0	0	0	0	0	0	0	0	0	0	1	1	Myeloid/Monocyte;Granulocyte;Dendritic	0	0	2	1	Immune-cell-enriched
1948	OSM	Oncostatin-M	Cancer-related genes, Plasma proteins, Predicted intracellular proteins, Predicted secreted proteins	Growth regulation	Cytokine, Mitogen	Cancer-related genes	Group enriched	basophil: 65.5;neutrophil: 35.0	Lineage enriched	Secreted to blood	Tissue enriched	1	1	0	0	0	0	0	0	0	0	0	0	0	0	1	Granulocyte	1	0	4	1	Cytokine/Interleukin
1949	OSMR	Oncostatin-M-specific receptor subunit beta	Disease related genes, Human disease related genes, Plasma proteins, Predicted intracellular proteins, Predicted membrane proteins		Receptor	Amyloidosis, Disease variant	Not detected in immune cells		Not detected	Intracellular and membrane	Low tissue specificity	1	1	0	0	0	0	0	0	0	0	0	0	0	1	0		0	0	2	1	Cytokine/Interleukin
1950	OSTN	Osteocrin	Predicted secreted proteins	Differentiation	Developmental protein, Hormone		Not detected in immune cells		Not detected	Secreted in other tissues	Tissue enhanced	1	0	0	0	0	0	0	0	0	0	0	0	0	0	0		1	0	0	0	Non-immune
1951	OTOA	Otoancorin	Disease related genes, Human disease related genes, Predicted intracellular proteins, Predicted secreted proteins	Hearing		Deafness, Non-syndromic deafness	Immune cell enhanced	plasmacytoid DC: 1.3	Lineage enriched	Secreted in other tissues	Group enriched	1	0	0	0	0	0	0	0	0	0	0	0	0	0	1	Myeloid/Monocyte;Dendritic	1	0	2	1	Immune-cell-enriched
1952	OTUD6B	Deubiquitinase OTUD6B	Disease related genes, Enzymes, Human disease related genes, Potential drug targets, Predicted intracellular proteins	Ubl conjugation pathway	Hydrolase, Protease, Thiol protease	Disease variant, Epilepsy, Intellectual disability	Low immune cell specificity		Low lineage specificity		Low tissue specificity	1	0	0	0	0	0	0	0	0	0	0	0	0	0	0		0	0	0	0	Non-immune
1953	OTUD7B	OTU domain-containing protein 7B	Enzymes, Predicted intracellular proteins	Adaptive immunity, Immunity, Ubl conjugation pathway	Hydrolase, Protease, Thiol protease		Immune cell enhanced	basophil: 2.0	Low lineage specificity		Low tissue specificity	1	0	0	0	0	0	0	0	0	0	0	0	0	0	1	Granulocyte	0	1	3	1	Immune-cell-enriched
1954	OXCT1	Succinyl-CoA:3-ketoacid coenzyme A transferase 1, mitochondrial	Disease related genes, Enzymes, Human disease related genes, Metabolic proteins, Potential drug targets, Predicted intracellular proteins	Lipid metabolism	Transferase	Disease variant	Low immune cell specificity		Low lineage specificity		Tissue enhanced	1	0	0	0	0	0	0	0	0	0	0	0	0	0	0		0	0	0	0	Non-immune
1955	OXT	Oxytocin-neurophysin 1	Plasma proteins, Predicted secreted proteins		Hormone		Low immune cell specificity		Low lineage specificity	Secreted to blood	Tissue enriched	1	0	0	0	0	0	0	0	0	0	0	0	0	0	0		1	0	0	0	Non-immune
1956	P4HB	Protein disulfide-isomerase	Disease related genes, Enzymes, Human disease related genes, Metabolic proteins, Plasma proteins, Potential drug targets, Predicted intracellular proteins		Chaperone, Isomerase	Craniosynostosis, Disease variant, Osteogenesis imperfecta	Low immune cell specificity		Low lineage specificity	Intracellular and membrane	Tissue enhanced	1	0	0	0	0	0	0	0	0	0	0	0	0	0	0		0	0	0	0	Non-immune
1957	PACS2	Phosphofurin acidic cluster sorting protein 2	Disease related genes, Human disease related genes, Potential drug targets, Predicted intracellular proteins, Transporters	Apoptosis, Host-virus interaction		Disease variant, Epilepsy	Immune cell enhanced	plasmacytoid DC: 2.2	Group enriched		Group enriched	1	0	0	0	0	0	0	0	0	0	0	0	0	0	1	Myeloid/Monocyte;Dendritic	0	0	2	1	Immune-cell-enriched
1958	PADI2	Protein-arginine deiminase type-2	Enzymes, Metabolic proteins, Predicted intracellular proteins		Hydrolase		Group enriched	eosinophil: 43.4;neutrophil: 100.9	Lineage enriched		Tissue enhanced	1	0	0	0	0	0	0	0	0	0	0	0	0	0	1	Granulocyte	0	0	2	1	Immune-cell-enriched
1959	PADI4	Protein-arginine deiminase type-4	Disease related genes, Enzymes, Metabolic proteins, Plasma proteins, Potential drug targets, Predicted intracellular proteins	Immunity, Innate immunity, Transcription, Transcription regulation	Chromatin regulator, Hydrolase		Group enriched	basophil: 80.1;classical monocyte: 71.3;eosinophil: 97.7;neutrophil: 183.5	Group enriched		Group enriched	1	0	0	0	0	0	0	0	0	0	0	0	0	0	1	Myeloid/Monocyte;Granulocyte	0	1	3	1	Immune-cell-enriched
1960	PAEP	Glycodelin	Predicted intracellular proteins, Predicted secreted proteins				Group enriched	basophil: 3.1;neutrophil: 1.4	Lineage enriched	Secreted in female reproductive system	Tissue enriched	1	0	0	0	0	0	0	0	0	0	0	0	0	0	1	Granulocyte	1	0	2	1	Immune-cell-enriched
1961	PAFAH1B3	Platelet-activating factor acetylhydrolase IB subunit alpha1	Enzymes, Metabolic proteins, Predicted intracellular proteins	Lipid degradation, Lipid metabolism	Hydrolase		Low immune cell specificity		Low lineage specificity		Low tissue specificity	1	0	0	0	0	0	0	0	0	0	0	0	0	0	0		0	0	0	0	Non-immune
1962	PAFAH2	Platelet-activating factor acetylhydrolase 2, cytoplasmic	Enzymes, Metabolic proteins, Predicted intracellular proteins	Lipid degradation, Lipid metabolism	Hydrolase, Transferase		Low immune cell specificity		Low lineage specificity		Tissue enhanced	1	0	0	0	0	0	0	0	0	0	0	0	0	0	0		0	0	0	0	Non-immune
1963	PAG1	Phosphoprotein associated with glycosphingolipid-enriched microdomains 1	Predicted intracellular proteins	Adaptive immunity, Immunity			Low immune cell specificity		Low lineage specificity		Low tissue specificity	1	0	0	0	0	0	0	0	0	0	0	0	0	0	0		0	1	1	0	Other immune-annotated
1964	PAGR1	PAXIP1-associated glutamate-rich protein 1	Predicted intracellular proteins	DNA damage, DNA recombination, DNA repair, Transcription, Transcription regulation			Low immune cell specificity		Low lineage specificity		Tissue enhanced	1	0	0	0	0	0	0	0	0	0	0	0	0	0	0		0	0	0	0	Non-immune
1965	PAIP2B	Polyadenylate-binding protein-interacting protein 2B	Predicted intracellular proteins	Translation regulation	Repressor		Low immune cell specificity		Low lineage specificity		Tissue enhanced	1	0	0	0	0	0	0	0	0	0	0	0	0	0	0		0	0	0	0	Non-immune
1966	PAK4	Serine/threonine-protein kinase PAK 4	Enzymes, Predicted intracellular proteins, RAS pathway related proteins	Apoptosis, Cell cycle	Kinase, Serine/threonine-protein kinase, Transferase		Low immune cell specificity		Low lineage specificity		Low tissue specificity	1	0	0	0	0	0	0	0	0	0	0	0	0	0	0		0	0	0	0	Non-immune
1967	PALLD	Palladin	Disease related genes, Human disease related genes, Predicted intracellular proteins		Actin-binding		Immune cell enhanced	basophil: 13.9	Low lineage specificity		Low tissue specificity	1	0	0	0	0	0	0	0	0	0	0	0	0	0	1	Granulocyte	0	0	2	1	Immune-cell-enriched
1968	PALM	Paralemmin-1	Predicted intracellular proteins	Cell shape			Immune cell enriched	non-classical monocyte: 1.9	Lineage enriched		Tissue enhanced	1	0	0	0	0	0	0	0	0	0	0	0	0	0	1	Myeloid/Monocyte	0	0	2	1	Immune-cell-enriched
1969	PALM2	Paralemmin-2										0	0	0	0	0	0	0	0	0	0	0	0	0	0	0		0	0	0	0	Non-immune
1970	PALM3	Paralemmin-3	Predicted intracellular proteins				Not detected in immune cells		Not detected		Tissue enhanced	1	0	0	0	0	0	0	0	0	0	0	0	0	0	0		0	0	0	0	Non-immune
1971	PAM	Peptidyl-glycine alpha-amidating monooxygenase	Enzymes, Metabolic proteins, Plasma proteins, Predicted intracellular proteins, Predicted membrane proteins, Predicted secreted proteins	Lipid metabolism	Lyase, Monooxygenase, Multifunctional enzyme, Oxidoreductase		Low immune cell specificity		Low lineage specificity	Secreted in other tissues	Tissue enhanced	1	0	0	0	0	0	0	0	0	0	0	0	0	0	0		1	0	0	0	Non-immune
1972	PAMR1	Inactive serine protease PAMR1	Enzymes, Predicted intracellular proteins, Predicted secreted proteins		Serine protease homolog		Not detected in immune cells		Not detected	Secreted - unknown location	Low tissue specificity	1	0	0	0	0	0	0	0	0	0	0	0	0	0	0		1	0	0	0	Non-immune
1973	PAPPA	Pappalysin-1	Cancer-related genes, Candidate cardiovascular disease genes, Enzymes, Plasma proteins, Predicted secreted proteins		Hydrolase, Metalloprotease, Protease	Cancer-related genes	Not detected in immune cells		Not detected	Secreted in female reproductive system	Tissue enriched	1	0	0	0	0	0	0	0	0	0	0	0	0	0	0		1	0	0	0	Non-immune
1974	PARD3	Partitioning defective 3 homolog	Disease related genes, Plasma proteins, Predicted intracellular proteins	Cell cycle, Cell division, Differentiation		Disease variant	Immune cell enriched	basophil: 9.6	Lineage enriched		Low tissue specificity	1	0	0	0	0	0	0	0	0	0	0	0	0	0	1	Granulocyte	0	0	2	1	Immune-cell-enriched
1975	PARK7	Parkinson disease protein 7	Disease related genes, Enzymes, Human disease related genes, Plasma proteins, Potential drug targets, Predicted intracellular proteins	Autophagy, DNA damage, DNA repair, Fertilization, Inflammatory response, Stress response	Chaperone, Hydrolase, Protease, RNA-binding	Disease variant, Neurodegeneration, Parkinson disease, Parkinsonism, Tumor suppressor	Low immune cell specificity		Low lineage specificity		Low tissue specificity	1	0	0	0	0	0	0	0	0	0	0	0	0	0	0		0	1	1	0	Other immune-annotated
1976	PARP1	Poly [ADP-ribose] polymerase 1	Cancer-related genes, Enzymes, FDA approved drug targets, Metabolic proteins, Plasma proteins, Predicted intracellular proteins	Apoptosis, DNA damage, DNA repair, Immunity, Innate immunity, Transcription, Transcription regulation	Allosteric enzyme, DNA-binding, Glycosyltransferase, Nucleotidyltransferase, Transferase	Cancer-related genes, FDA approved drug targets	Low immune cell specificity		Low lineage specificity		Low tissue specificity	1	0	0	0	0	0	0	0	0	0	0	0	0	0	0		0	1	1	0	Other immune-annotated
1977	PAXX	Protein PAXX	Predicted intracellular proteins	DNA damage, DNA repair			Low immune cell specificity		Low lineage specificity		Low tissue specificity	1	0	0	0	0	0	0	0	0	0	0	0	0	0	0		0	0	0	0	Non-immune
1978	PBK	Lymphokine-activated killer T-cell-originated protein kinase	Enzymes, Plasma proteins, Predicted intracellular proteins		Kinase, Serine/threonine-protein kinase, Transferase		Not detected in immune cells		Not detected		Group enriched	1	0	0	0	0	0	0	0	0	0	0	0	0	0	0		0	0	0	0	Non-immune
1979	PBLD	Phenazine biosynthesis-like domain-containing protein	Predicted intracellular proteins		Isomerase		Low immune cell specificity		Low lineage specificity		Group enriched	1	0	0	0	0	0	0	0	0	0	0	0	0	0	0		0	0	0	0	Non-immune
1980	PBXIP1	Pre-B-cell leukemia transcription factor-interacting protein 1	Predicted intracellular proteins, Predicted membrane proteins				Low immune cell specificity		Group enriched		Tissue enhanced	1	0	0	0	0	0	0	0	0	0	0	0	0	0	0		0	0	0	0	Non-immune
1981	PCARE	Photoreceptor cilium actin regulator	Disease related genes, Human disease related genes, Predicted intracellular proteins	Sensory transduction, Vision		Ciliopathy, Cone-rod dystrophy, Disease variant, Retinitis pigmentosa	Not detected in immune cells		Not detected		Tissue enriched	1	0	0	0	0	0	0	0	0	0	0	0	0	1	0		0	0	0	0	Soluble receptor
1982	PCBD1	Pterin-4-alpha-carbinolamine dehydratase	Disease related genes, Enzymes, Human disease related genes, Metabolic proteins, Potential drug targets, Predicted intracellular proteins	Tetrahydrobiopterin biosynthesis, Transcription, Transcription regulation	Activator, Lyase	Disease variant	Low immune cell specificity		Low lineage specificity		Tissue enhanced	1	0	0	0	0	0	0	0	0	0	0	0	0	0	0		0	0	0	0	Non-immune
1983	PCBP2	Poly(rC)-binding protein 2	Essential proteins, Plasma proteins, Predicted intracellular proteins	Antiviral defense, Host-virus interaction, Immunity, Innate immunity, Viral RNA replication	DNA-binding, Ribonucleoprotein, RNA-binding		Low immune cell specificity		Low lineage specificity		Low tissue specificity	1	0	0	0	0	0	0	0	0	0	0	0	0	0	0		0	1	1	0	Other immune-annotated
1984	PCDH1	Protocadherin-1	Plasma proteins, Predicted intracellular proteins, Predicted membrane proteins	Cell adhesion			Not detected in immune cells		Not detected		Low tissue specificity	1	0	0	0	0	0	0	0	0	0	0	0	0	0	0		0	0	0	0	Non-immune
1985	PCDH12	Protocadherin-12	Disease related genes, Human disease related genes, Plasma proteins, Predicted membrane proteins, Predicted secreted proteins	Cell adhesion		Disease variant, Epilepsy, Intellectual disability, Primary microcephaly	Immune cell enriched	non-classical monocyte: 4.7	Lineage enriched	Secreted to blood	Tissue enhanced	1	0	0	0	0	0	0	0	0	0	0	0	0	0	1	Myeloid/Monocyte	1	0	2	1	Immune-cell-enriched
1986	PCDH17	Protocadherin-17	Predicted intracellular proteins, Predicted membrane proteins	Cell adhesion			Not detected in immune cells		Not detected		Tissue enhanced	1	0	0	0	0	0	0	0	0	0	0	0	0	0	0		0	0	0	0	Non-immune
1987	PCDH7	Protocadherin-7	Plasma proteins, Predicted intracellular proteins, Predicted membrane proteins	Cell adhesion			Not detected in immune cells		Not detected		Tissue enhanced	1	0	0	0	0	0	0	0	0	0	0	0	0	0	0		0	0	0	0	Non-immune
1988	PCDH9	Protocadherin-9	Plasma proteins, Predicted membrane proteins	Cell adhesion			Group enriched	basophil: 4.5;memory B-cell: 5.3;naive B-cell: 17.3	Group enriched		Tissue enriched	1	0	0	0	0	0	0	0	0	0	0	0	0	0	1	Granulocyte;B-cell	0	0	2	1	Immune-cell-enriched
1989	PCDHB15	Protocadherin beta-15	Predicted intracellular proteins, Predicted membrane proteins	Cell adhesion			Not detected in immune cells		Not detected		Low tissue specificity	1	0	0	0	0	0	0	0	0	0	0	0	0	0	0		0	0	0	0	Non-immune
1990	PCNA	Proliferating cell nuclear antigen	Cancer-related genes, Disease related genes, Essential proteins, Human disease related genes, Plasma proteins, Predicted intracellular proteins	DNA damage, DNA repair, DNA replication, Host-virus interaction	DNA-binding	Cancer-related genes, Deafness, Disease variant, Dwarfism, Neurodegeneration	Low immune cell specificity		Low lineage specificity		Tissue enhanced	1	0	0	0	0	0	0	0	0	0	0	0	0	0	0		0	0	0	0	Non-immune
1991	PCOLCE	Procollagen C-endopeptidase enhancer 1	Plasma proteins, Predicted secreted proteins				Not detected in immune cells		Not detected	Secreted to extracellular matrix	Low tissue specificity	1	0	0	0	0	0	0	0	0	0	0	0	0	0	0		1	0	0	0	Non-immune
1992	PCSK7	Proprotein convertase subtilisin/kexin type 7	Enzymes, Predicted intracellular proteins, Predicted membrane proteins		Hydrolase, Protease, Serine protease		Low immune cell specificity		Low lineage specificity		Low tissue specificity	1	0	0	0	0	0	0	0	0	0	0	0	0	0	0		0	0	0	0	Non-immune
1993	PCSK9	Proprotein convertase subtilisin/kexin type 9	Disease related genes, Enzymes, FDA approved drug targets, Human disease related genes, Plasma proteins, Predicted intracellular proteins, Predicted secreted proteins	Apoptosis, Cholesterol metabolism, Lipid metabolism, Steroid metabolism, Sterol metabolism	Hydrolase, Protease, Serine protease	Disease variant, FDA approved drug targets	Not detected in immune cells		Not detected	Secreted to blood	Tissue enriched	1	0	0	0	0	0	0	0	0	0	0	0	0	0	0		1	0	0	0	Non-immune
1994	PCYT2	Ethanolamine-phosphate cytidylyltransferase	Disease related genes, Enzymes, Human disease related genes, Metabolic proteins, Plasma proteins, Potential drug targets, Predicted intracellular proteins	Lipid biosynthesis, Lipid metabolism, Phospholipid biosynthesis, Phospholipid metabolism	Nucleotidyltransferase, Transferase	Disease variant, Hereditary spastic paraplegia, Neurodegeneration	Low immune cell specificity		Low lineage specificity		Tissue enhanced	1	0	0	0	0	0	0	0	0	0	0	0	0	0	0		0	0	0	0	Non-immune
1995	PDAP1	28 kDa heat- and acid-stable phosphoprotein	Cancer-related genes, Essential proteins, Plasma proteins, Predicted intracellular proteins			Cancer-related genes	Low immune cell specificity		Low lineage specificity		Low tissue specificity	1	0	0	0	0	0	0	0	0	0	0	0	0	0	0		0	0	0	0	Non-immune
1996	PDCD1	Programmed cell death protein 1	CD markers, Disease related genes, FDA approved drug targets, Human disease related genes, Predicted intracellular proteins, Predicted membrane proteins, Transporters	Adaptive immunity, Apoptosis, Immunity		FDA approved drug targets	Group enriched	gdT-cell: 4.4;MAIT T-cell: 4.8;memory CD4 T-cell: 8.7;memory CD8 T-cell: 12.4;T-reg: 4.3	Lineage enriched		Tissue enhanced	1	0	0	0	0	0	0	0	1	0	0	0	0	0	1	T-cell	0	1	5	1	Immune checkpoint
1997	PDCD1LG2	Programmed cell death 1 ligand 2	Cancer-related genes, CD markers, Predicted membrane proteins, Predicted secreted proteins	Adaptive immunity, Immunity	Receptor	Cancer-related genes	Low immune cell specificity		Low lineage specificity	Secreted - unknown location	Tissue enhanced	1	0	0	0	0	0	0	0	1	0	0	0	0	0	0		1	1	3	1	Immune checkpoint
1998	PDCD5	Programmed cell death protein 5	Essential proteins, Plasma proteins, Predicted intracellular proteins	Apoptosis			Low immune cell specificity		Low lineage specificity		Low tissue specificity	1	0	0	0	0	0	0	0	0	0	0	0	0	0	0		0	0	0	0	Non-immune
1999	PDCD6	Programmed cell death protein 6	Plasma proteins, Predicted intracellular proteins, Transporters	Angiogenesis, Apoptosis			Low immune cell specificity		Low lineage specificity		Low tissue specificity	1	0	0	0	0	0	0	0	0	0	0	0	0	0	0		0	0	0	0	Non-immune
2000	PDCL2	Phosducin-like protein 2	Predicted intracellular proteins	Differentiation, Spermatogenesis			Not detected in immune cells		Not detected		Tissue enriched	1	0	0	0	0	0	0	0	0	0	0	0	0	0	0		0	0	0	0	Non-immune
2001	PDE1C	Calcium/calmodulin-dependent 3',5'-cyclic nucleotide phosphodiesterase 1C	Disease related genes, Enzymes, Human disease related genes, Metabolic proteins, Predicted intracellular proteins		Calmodulin-binding, Hydrolase	Deafness, Disease variant, Non-syndromic deafness	Not detected in immune cells		Not detected		Tissue enhanced	1	0	0	0	0	0	0	0	0	0	0	0	0	0	0		0	0	0	0	Non-immune
2002	PDE4D	cAMP-specific 3',5'-cyclic phosphodiesterase 4D	Disease related genes, Enzymes, FDA approved drug targets, Human disease related genes, Metabolic proteins, Predicted intracellular proteins		Hydrolase	Disease variant, FDA approved drug targets	Immune cell enriched	eosinophil: 58.2	Lineage enriched		Tissue enhanced	1	0	0	0	0	0	0	0	0	0	0	0	0	0	1	Granulocyte	0	0	2	1	Immune-cell-enriched
2003	PDE5A	cGMP-specific 3',5'-cyclic phosphodiesterase	Enzymes, FDA approved drug targets, Metabolic proteins, Predicted intracellular proteins		Allosteric enzyme, Hydrolase	FDA approved drug targets	Not detected in immune cells		Not detected		Low tissue specificity	1	0	0	0	0	0	0	0	0	0	0	0	0	0	0		0	0	0	0	Non-immune
2004	PDGFA	Platelet-derived growth factor subunit A	Cancer-related genes, Candidate cardiovascular disease genes, Human disease related genes, Predicted intracellular proteins, Predicted secreted proteins, RAS pathway related proteins		Developmental protein, Growth factor, Mitogen	Cancer-related genes	Immune cell enhanced	basophil: 9.5	Low lineage specificity	Secreted to blood	Tissue enhanced	1	0	0	0	0	0	0	0	0	0	0	0	0	0	1	Granulocyte	1	0	2	1	Immune-cell-enriched
2005	PDGFB	Platelet-derived growth factor subunit B	Cancer-related genes, Candidate cardiovascular disease genes, Disease related genes, Human disease related genes, Plasma proteins, Predicted intracellular proteins, Predicted secreted proteins, RAS pathway related proteins		Developmental protein, Growth factor, Mitogen	Cancer-related genes, Disease variant, Proto-oncogene	Immune cell enhanced	MAIT T-cell: 10.0	Lineage enriched	Secreted to blood	Low tissue specificity	1	0	0	0	0	0	0	0	0	0	0	0	0	0	1	T-cell	1	0	2	1	Immune-cell-enriched
2006	PDGFC	Platelet-derived growth factor C	Predicted secreted proteins, RAS pathway related proteins		Developmental protein, Growth factor, Mitogen		Not detected in immune cells		Not detected	Secreted to blood	Tissue enhanced	1	0	0	0	0	0	0	0	0	0	0	0	0	0	0		1	0	0	0	Non-immune
2007	PDGFRA	Platelet-derived growth factor receptor alpha	Cancer-related genes, CD markers, Disease related genes, Enzymes, FDA approved drug targets, Human disease related genes, Plasma proteins, Predicted intracellular proteins, Predicted membrane proteins, RAS pathway related proteins	Chemotaxis, Host-virus interaction	Developmental protein, Kinase, Receptor, Transferase, Tyrosine-protein kinase	Cancer-related genes, Disease variant, FDA approved drug targets, Proto-oncogene	Not detected in immune cells		Not detected	Intracellular and membrane	Tissue enhanced	1	0	0	0	0	0	0	0	0	0	0	0	0	1	0		0	0	0	0	Soluble receptor
2008	PDGFRB	Platelet-derived growth factor receptor beta	Cancer-related genes, CD markers, Disease related genes, Enzymes, FDA approved drug targets, Human disease related genes, Plasma proteins, Predicted intracellular proteins, Predicted membrane proteins, RAS pathway related proteins, Transporters	Chemotaxis	Developmental protein, Kinase, Receptor, Transferase, Tyrosine-protein kinase	Cancer-related genes, Disease variant, FDA approved drug targets, Proto-oncogene	Immune cell enhanced	non-classical monocyte: 1.6	Low lineage specificity		Low tissue specificity	1	0	0	0	0	0	0	0	0	0	0	0	0	1	1	Myeloid/Monocyte	0	0	2	1	Immune-cell-enriched
2009	PDIA2	Protein disulfide-isomerase A2	Enzymes, Predicted intracellular proteins		Chaperone, Isomerase		Not detected in immune cells		Not detected	Intracellular and membrane	Tissue enriched	1	0	0	0	0	0	0	0	0	0	0	0	0	0	0		0	0	0	0	Non-immune
2010	PDIA3	Protein disulfide-isomerase A3	Enzymes, Metabolic proteins, Plasma proteins, Predicted intracellular proteins, Transporters	Adaptive immunity, Immunity	Isomerase		Low immune cell specificity		Low lineage specificity	Intracellular and membrane	Tissue enhanced	1	0	0	0	0	0	0	0	0	0	0	0	0	0	0		0	1	1	0	Other immune-annotated
2011	PDIA4	Protein disulfide-isomerase A4	Enzymes, Metabolic proteins, Plasma proteins, Predicted intracellular proteins	Host-virus interaction	Isomerase		Low immune cell specificity		Low lineage specificity	Intracellular and membrane	Low tissue specificity	1	0	0	0	0	0	0	0	0	0	0	0	0	0	0		0	0	0	0	Non-immune
2012	PDIA5	Protein disulfide-isomerase A5	Enzymes, Metabolic proteins, Predicted intracellular proteins		Isomerase		Immune cell enhanced	plasmacytoid DC: 12.8	Low lineage specificity	Intracellular and membrane	Tissue enhanced	1	0	0	0	0	0	0	0	0	0	0	0	0	0	1	Myeloid/Monocyte;Dendritic	0	0	2	1	Immune-cell-enriched
2013	PDLIM5	PDZ and LIM domain protein 5	Plasma proteins, Predicted intracellular proteins, Predicted membrane proteins				Immune cell enriched	basophil: 217.8	Lineage enriched		Group enriched	1	0	0	0	0	0	0	0	0	0	0	0	0	0	1	Granulocyte	0	0	2	1	Immune-cell-enriched
2014	PDLIM7	PDZ and LIM domain protein 7	Predicted intracellular proteins	Differentiation, Osteogenesis	Developmental protein		Group enriched	basophil: 178.3;eosinophil: 121.5;neutrophil: 440.6	Lineage enriched		Tissue enhanced	1	0	0	0	0	0	0	0	0	0	0	0	0	0	1	Granulocyte	0	0	2	1	Immune-cell-enriched
2015	PDP1	[Pyruvate dehydrogenase [acetyl-transferring]]-phosphatase 1, mitochondrial	Disease related genes, Enzymes, Human disease related genes, Metabolic proteins, Plasma proteins, Potential drug targets, Predicted intracellular proteins		Hydrolase, Protein phosphatase	Disease variant	Low immune cell specificity		Low lineage specificity		Low tissue specificity	1	0	0	0	0	0	0	0	0	0	0	0	0	0	0		0	0	0	0	Non-immune
2016	PDRG1	p53 and DNA damage-regulated protein 1	Essential proteins, Predicted intracellular proteins		Chaperone		Low immune cell specificity		Low lineage specificity		Low tissue specificity	1	0	0	0	0	0	0	0	0	0	0	0	0	0	0		0	0	0	0	Non-immune
2017	PDXDC1	Pyridoxal-dependent decarboxylase domain-containing protein 1	Predicted intracellular proteins		Decarboxylase, Lyase		Low immune cell specificity		Low lineage specificity		Low tissue specificity	1	0	0	0	0	0	0	0	0	0	0	0	0	0	0		0	0	0	0	Non-immune
2018	PDZD2	PDZ domain-containing protein 2	Predicted intracellular proteins	Cell adhesion			Not detected in immune cells		Not detected	Intracellular and membrane	Tissue enhanced	1	0	0	0	0	0	0	0	0	0	0	0	0	0	0		0	0	0	0	Non-immune
2019	PDZK1	Na(+)/H(+) exchange regulatory cofactor NHE-RF3	Predicted intracellular proteins				Immune cell enriched	NK-cell: 4.2	Lineage enriched		Tissue enriched	1	0	0	0	0	0	0	0	0	0	0	0	0	0	1	NK-cell	0	0	2	1	Immune-cell-enriched
2020	PEAR1	Platelet endothelial aggregation receptor 1	Plasma proteins, Predicted intracellular proteins, Predicted membrane proteins				Not detected in immune cells		Not detected		Low tissue specificity	1	0	0	0	0	0	0	0	0	0	0	0	0	1	0		0	0	0	0	Soluble receptor
2021	PEBP1	Phosphatidylethanolamine-binding protein 1	Plasma proteins, Predicted intracellular proteins		Protease inhibitor, Serine protease inhibitor		Low immune cell specificity		Low lineage specificity		Tissue enhanced	1	0	0	0	0	0	0	0	0	0	0	0	0	0	0		0	0	0	0	Non-immune
2022	PECAM1	Platelet endothelial cell adhesion molecule	Cancer-related genes, Candidate cardiovascular disease genes, CD markers, Plasma proteins, Predicted intracellular proteins, Predicted membrane proteins	Cell adhesion, Phagocytosis		Cancer-related genes	Immune cell enhanced	non-classical monocyte: 706.3	Low lineage specificity		Tissue enhanced	1	0	0	0	0	0	0	0	0	0	0	0	0	0	1	Myeloid/Monocyte	0	0	2	1	Immune-cell-enriched
2023	PECR	Peroxisomal trans-2-enoyl-CoA reductase	Enzymes, Metabolic proteins, Predicted intracellular proteins	Fatty acid biosynthesis, Fatty acid metabolism, Lipid biosynthesis, Lipid metabolism	Oxidoreductase		Low immune cell specificity		Low lineage specificity		Tissue enriched	1	0	0	0	0	0	0	0	0	0	0	0	0	0	0		0	0	0	0	Non-immune
2024	PENK	Proenkephalin-A	Plasma proteins, Predicted secreted proteins, Transporters		Endorphin, Neuropeptide, Opioid peptide		Not detected in immune cells		Not detected	Secreted in other tissues	Group enriched	1	0	0	0	0	0	0	0	0	0	0	0	0	0	0		1	0	0	0	Non-immune
2025	PEPD	Xaa-Pro dipeptidase	Disease related genes, Enzymes, Human disease related genes, Metabolic proteins, Plasma proteins, Potential drug targets, Predicted intracellular proteins	Collagen degradation	Dipeptidase, Hydrolase, Metalloprotease, Protease	Disease variant	Low immune cell specificity		Low lineage specificity		Tissue enhanced	1	0	0	0	0	0	0	0	0	0	0	0	0	0	0		0	0	0	0	Non-immune
2026	PER3	Period circadian protein homolog 3	Disease related genes, Human disease related genes, Predicted intracellular proteins	Biological rhythms, Transcription, Transcription regulation		Disease variant	Low immune cell specificity		Low lineage specificity		Low tissue specificity	1	0	0	0	0	0	0	0	0	0	0	0	0	0	0		0	0	0	0	Non-immune
2027	PF4	Platelet factor 4	Cancer-related genes, Candidate cardiovascular disease genes, Plasma proteins, Predicted secreted proteins	Chemotaxis	Cytokine, Heparin-binding	Cancer-related genes	Immune cell enriched	neutrophil: 2.0	Lineage enriched	Secreted to blood	Group enriched	1	0	0	0	0	1	0	0	0	0	0	0	0	0	1	Granulocyte	1	0	4	1	Chemokine axis
2028	PFDN2	Prefoldin subunit 2	Essential proteins, Plasma proteins, Predicted intracellular proteins		Chaperone		Low immune cell specificity		Low lineage specificity		Low tissue specificity	1	0	0	0	0	0	0	0	0	0	0	0	0	0	0		0	0	0	0	Non-immune
2029	PFDN4	Prefoldin subunit 4	Plasma proteins, Predicted intracellular proteins		Chaperone		Low immune cell specificity		Low lineage specificity		Low tissue specificity	1	0	0	0	0	0	0	0	0	0	0	0	0	0	0		0	0	0	0	Non-immune
2030	PFDN6	Prefoldin subunit 6	Essential proteins, Plasma proteins, Predicted intracellular proteins		Chaperone		Low immune cell specificity		Low lineage specificity		Low tissue specificity	1	0	0	0	0	0	0	0	0	0	0	0	0	0	0		0	0	0	0	Non-immune
2031	PFKFB2	6-phosphofructo-2-kinase/fructose-2,6-bisphosphatase 2	Enzymes, Metabolic proteins, Predicted intracellular proteins		Hydrolase, Kinase, Multifunctional enzyme, Transferase		Group enriched	eosinophil: 20.8;plasmacytoid DC: 23.8	Group enriched		Tissue enhanced	1	0	0	0	0	0	0	0	0	0	0	0	0	0	1	Myeloid/Monocyte;Granulocyte;Dendritic	0	0	2	1	Immune-cell-enriched
2032	PGA4	Pepsin A-4	Enzymes, Predicted intracellular proteins, Predicted secreted proteins	Digestion	Aspartyl protease, Hydrolase, Protease		Group enriched	classical monocyte: 9.9;intermediate monocyte: 10.8;non-classical monocyte: 3.4	Lineage enriched	Secreted to digestive system	Tissue enriched	1	0	0	0	0	0	0	0	0	0	0	0	0	0	1	Myeloid/Monocyte	1	0	2	1	Immune-cell-enriched
2033	PGD	6-phosphogluconate dehydrogenase, decarboxylating	Enzymes, Essential proteins, Metabolic proteins, Plasma proteins, Predicted intracellular proteins	Gluconate utilization, Pentose shunt	Oxidoreductase		Group enriched	basophil: 1064.8;classical monocyte: 321.6;eosinophil: 1077.6;neutrophil: 334.4	Group enriched		Group enriched	1	0	0	0	0	0	0	0	0	0	0	0	0	0	1	Myeloid/Monocyte;Granulocyte	0	0	2	1	Immune-cell-enriched
2034	PGF	Placenta growth factor	Cancer-related genes, Candidate cardiovascular disease genes, FDA approved drug targets, Plasma proteins, Predicted secreted proteins, RAS pathway related proteins	Angiogenesis, Differentiation	Developmental protein, Growth factor, Heparin-binding, Mitogen	Cancer-related genes, FDA approved drug targets	Not detected in immune cells		Not detected	Secreted to blood	Tissue enhanced	1	0	0	0	0	0	0	0	0	0	0	0	0	0	0		1	0	0	0	Non-immune
2035	PGLYRP1	Peptidoglycan recognition protein 1	Metabolic proteins, Plasma proteins, Predicted secreted proteins	Immunity, Innate immunity	Antibiotic, Antimicrobial		Group enriched	eosinophil: 445.1;neutrophil: 497.3	Lineage enriched	Secreted to blood	Tissue enriched	1	0	0	0	0	0	0	0	0	0	0	0	0	0	1	Granulocyte	1	1	3	1	Immune-cell-enriched
2036	PGLYRP2	N-acetylmuramoyl-L-alanine amidase	Enzymes, Metabolic proteins, Plasma proteins, Predicted intracellular proteins, Predicted secreted proteins	Immunity	Hydrolase		Low immune cell specificity		Group enriched	Secreted to blood	Tissue enriched	1	0	0	0	0	0	0	0	0	0	0	0	0	0	0		1	1	1	0	Other immune-annotated
2037	PGLYRP4	Peptidoglycan recognition protein 4	Metabolic proteins, Predicted secreted proteins	Immunity, Innate immunity	Antibiotic, Antimicrobial		Not detected in immune cells		Not detected	Secreted in other tissues	Group enriched	1	0	0	0	0	0	0	0	0	0	0	0	0	0	0		1	1	1	0	Other immune-annotated
2038	PGM2	Phosphoglucomutase-2	Enzymes, Metabolic proteins, Predicted intracellular proteins	Carbohydrate metabolism, Glucose metabolism	Isomerase		Low immune cell specificity		Low lineage specificity		Low tissue specificity	1	0	0	0	0	0	0	0	0	0	0	0	0	0	0		0	0	0	0	Non-immune
2039	PGR	Progesterone receptor	Cancer-related genes, FDA approved drug targets, Human disease related genes, Nuclear receptors, Predicted intracellular proteins, Transcription factors, Transporters	Transcription, Transcription regulation	DNA-binding, Receptor	Cancer-related genes, FDA approved drug targets	Not detected in immune cells		Not detected		Group enriched	1	0	0	0	0	0	0	0	0	0	0	0	0	1	0		0	0	0	0	Soluble receptor
2040	PHACTR2	Phosphatase and actin regulator 2	Predicted intracellular proteins		Actin-binding, Protein phosphatase inhibitor		Low immune cell specificity		Low lineage specificity		Tissue enhanced	1	0	0	0	0	0	0	0	0	0	0	0	0	0	0		0	0	0	0	Non-immune
2041	PHLDB1	Pleckstrin homology-like domain family B member 1	Predicted intracellular proteins			Osteogenesis imperfecta	Not detected in immune cells		Not detected		Low tissue specificity	1	0	0	0	0	0	0	0	0	0	0	0	0	0	0		0	0	0	0	Non-immune
2042	PHLDB2	Pleckstrin homology-like domain family B member 2	Predicted intracellular proteins, Predicted membrane proteins				Low immune cell specificity		Low lineage specificity		Low tissue specificity	1	0	0	0	0	0	0	0	0	0	0	0	0	0	0		0	0	0	0	Non-immune
2043	PHOSPHO1	Phosphoethanolamine/phosphocholine phosphatase	Enzymes, Metabolic proteins, Predicted intracellular proteins	Mineral balance	Hydrolase		Group enriched	eosinophil: 171.7;neutrophil: 428.7	Lineage enriched		Tissue enriched	1	0	0	0	0	0	0	0	0	0	0	0	0	0	1	Granulocyte	0	0	2	1	Immune-cell-enriched
2044	PHYKPL	5-phosphohydroxy-L-lysine phospho-lyase	Disease related genes, Enzymes, Metabolic proteins, Potential drug targets, Predicted intracellular proteins		Lyase	Disease variant	Low immune cell specificity		Low lineage specificity		Low tissue specificity	1	0	0	0	0	0	0	0	0	0	0	0	0	0	0		0	0	0	0	Non-immune
2045	PI16	Peptidase inhibitor 16	CD markers, Plasma proteins, Predicted membrane proteins, Predicted secreted proteins		Protease inhibitor		Immune cell enhanced	T-reg: 66.3	Lineage enriched	Secreted to blood	Tissue enhanced	1	0	0	0	0	0	0	0	0	0	0	0	0	0	1	T-cell	1	0	2	1	Immune-cell-enriched
2046	PI3	Elafin	Plasma proteins, Predicted secreted proteins		Protease inhibitor, Serine protease inhibitor		Immune cell enriched	neutrophil: 1774.5	Lineage enriched	Secreted to blood	Tissue enhanced	1	0	0	0	0	0	0	0	0	0	0	0	0	0	1	Granulocyte	1	0	2	1	Immune-cell-enriched
2047	PIBF1	Progesterone-induced-blocking factor 1, Isoform 4	Disease related genes, Human disease related genes, Plasma proteins, Predicted intracellular proteins, Predicted secreted proteins	Immunity		Ciliopathy, Disease variant, Joubert syndrome	Low immune cell specificity		Low lineage specificity	Secreted to blood	Low tissue specificity	1	0	0	0	0	0	0	0	0	0	0	0	0	0	0		1	1	1	0	Other immune-annotated
2048	PIGR	Polymeric immunoglobulin receptor	Cancer-related genes, Plasma proteins, Predicted membrane proteins, Predicted secreted proteins, Transporters			Cancer-related genes	Not detected in immune cells		Not detected	Secreted to digestive system	Tissue enhanced	1	0	0	0	0	0	0	0	0	0	0	0	0	1	0		1	0	0	0	Soluble receptor
2049	PIK3AP1	Phosphoinositide 3-kinase adapter protein 1	Predicted intracellular proteins				Group enriched	intermediate monocyte: 44.6;memory B-cell: 48.4;naive B-cell: 44.6;non-classical monocyte: 123.7	Group enriched		Tissue enhanced	1	0	0	0	0	0	0	0	0	0	0	0	0	0	1	Myeloid/Monocyte;B-cell	0	0	2	1	Immune-cell-enriched
2050	PIK3IP1	Phosphoinositide-3-kinase-interacting protein 1	Plasma proteins, Predicted intracellular proteins, Predicted membrane proteins				Immune cell enhanced	naive CD4 T-cell: 500.6	Lineage enriched		Low tissue specificity	1	0	0	0	0	0	0	0	0	0	0	0	0	0	1	T-cell	0	0	2	1	Immune-cell-enriched
2051	PIKFYVE	1-phosphatidylinositol 3-phosphate 5-kinase	Disease related genes, Enzymes, Human disease related genes, Metabolic proteins, Potential drug targets, Predicted intracellular proteins	Host-virus interaction, Lipid metabolism	Kinase, Transferase	Corneal dystrophy, Disease variant	Low immune cell specificity		Low lineage specificity		Low tissue specificity	1	0	0	0	0	0	0	0	0	0	0	0	0	0	0		0	0	0	0	Non-immune
2052	PILRA	Paired immunoglobulin-like type 2 receptor alpha	Predicted membrane proteins, Predicted secreted proteins	Host-virus interaction	Receptor		Immune cell enhanced	neutrophil: 1664.4;non-classical monocyte: 1150.6	Group enriched	Secreted to blood	Low tissue specificity	1	0	0	0	0	0	0	0	0	0	0	0	0	1	1	Myeloid/Monocyte;Granulocyte	1	0	2	1	Immune-cell-enriched
2053	PILRB	Paired immunoglobulin-like type 2 receptor beta	Predicted intracellular proteins, Predicted membrane proteins		Receptor		Immune cell enhanced	eosinophil: 251.7	Group enriched	Intracellular and membrane	Low tissue specificity	1	0	0	0	0	0	0	0	0	0	0	0	0	1	1	Granulocyte	0	0	2	1	Immune-cell-enriched
2054	PINLYP	phospholipase A2 inhibitor and Ly6/PLAUR domain-containing protein	Predicted intracellular proteins, Predicted secreted proteins				Immune cell enhanced	plasmacytoid DC: 21.1	Low lineage specificity	Secreted to blood	Low tissue specificity	1	0	0	0	0	0	0	0	0	0	0	0	0	0	1	Myeloid/Monocyte;Dendritic	1	0	2	1	Immune-cell-enriched
2055	PITHD1	PITH domain-containing protein 1	Predicted intracellular proteins	Transcription, Transcription regulation	Activator		Low immune cell specificity		Low lineage specificity		Low tissue specificity	1	0	0	0	0	0	0	0	0	0	0	0	0	0	0		0	0	0	0	Non-immune
2056	PKD1	Polycystin-1	Disease related genes, Human disease related genes, Plasma proteins, Potential drug targets, Predicted intracellular proteins, Predicted membrane proteins, Predicted secreted proteins, Transporters	Wnt signaling pathway		Ciliopathy, Disease variant	Not detected in immune cells		Not detected	Secreted - unknown location	Tissue enhanced	1	0	0	0	0	0	0	0	0	0	0	0	0	0	0		1	0	0	0	Non-immune
2057	PKD2	Polycystin-2	Disease related genes, Human disease related genes, Plasma proteins, Potential drug targets, Predicted membrane proteins, Predicted secreted proteins, Transporters, Voltage-gated ion channels	Calcium transport, Ion transport, Potassium transport, Transport	Calcium channel, Ion channel, Potassium channel, Voltage-gated channel	Ciliopathy, Disease variant	Immune cell enhanced	basophil: 1.4	Low lineage specificity	Secreted - unknown location	Tissue enhanced	1	0	0	0	0	0	0	0	0	0	0	0	0	0	1	Granulocyte	1	0	2	1	Immune-cell-enriched
2058	PKLR	Pyruvate kinase PKLR	Disease related genes, Enzymes, FDA approved drug targets, Human disease related genes, Metabolic proteins, Plasma proteins, Predicted intracellular proteins	Glycolysis	Allosteric enzyme, Kinase, Transferase	Disease variant, FDA approved drug targets, Hereditary hemolytic anemia	Not detected in immune cells		Not detected		Tissue enhanced	1	0	0	0	0	0	0	0	0	0	0	0	0	0	0		0	0	0	0	Non-immune
2059	PKN3	Serine/threonine-protein kinase N3	Enzymes, Predicted intracellular proteins		Kinase, Serine/threonine-protein kinase, Transferase		Not detected in immune cells		Not detected		Low tissue specificity	1	0	0	0	0	0	0	0	0	0	0	0	0	0	0		0	0	0	0	Non-immune
2060	PLA2G10	Group 10 secretory phospholipase A2	Enzymes, FDA approved drug targets, Metabolic proteins, Predicted secreted proteins, RAS pathway related proteins	Lipid metabolism, Phospholipid metabolism	Hydrolase	FDA approved drug targets	Not detected in immune cells		Not detected	Secreted in other tissues	Tissue enhanced	1	0	0	0	0	0	0	0	0	0	0	0	0	0	0		1	0	0	0	Non-immune
2061	PLA2G15	Phospholipase A2 group XV	Enzymes, Metabolic proteins, Predicted intracellular proteins, Predicted membrane proteins	Fatty acid metabolism, Lipid degradation, Lipid metabolism	Acyltransferase, Hydrolase, Transferase		Low immune cell specificity		Low lineage specificity	Intracellular and membrane	Tissue enhanced	1	0	0	0	0	0	0	0	0	0	0	0	0	0	0		0	0	0	0	Non-immune
2062	PLA2G1B	Phospholipase A2	Candidate cardiovascular disease genes, Enzymes, FDA approved drug targets, Metabolic proteins, Predicted intracellular proteins, Predicted secreted proteins, RAS pathway related proteins	Lipid metabolism, Phospholipid metabolism	Hydrolase	FDA approved drug targets	Not detected in immune cells		Not detected	Secreted to digestive system	Tissue enriched	1	0	0	0	0	0	0	0	0	0	0	0	0	0	0		1	0	0	0	Non-immune
2063	PLA2G2A	Phospholipase A2, membrane associated	Enzymes, FDA approved drug targets, Metabolic proteins, Predicted intracellular proteins, Predicted secreted proteins, RAS pathway related proteins	Inflammatory response, Lipid metabolism, Phospholipid metabolism	Antimicrobial, Bacteriolytic enzyme, Hydrolase	FDA approved drug targets	Not detected in immune cells		Not detected	Secreted to blood	Tissue enhanced	1	0	0	0	0	0	0	0	0	0	0	0	0	0	0		1	1	1	0	Other immune-annotated
2064	PLA2G4A	Cytosolic phospholipase A2	Disease related genes, Enzymes, Human disease related genes, Metabolic proteins, Potential drug targets, Predicted intracellular proteins, RAS pathway related proteins	Fatty acid biosynthesis, Fatty acid metabolism, Glycerol metabolism, Leukotriene biosynthesis, Lipid biosynthesis, Lipid degradation, Lipid metabolism, Phospholipid degradation, Phospholipid metabolism, Prostaglandin biosynthesis, Prostaglandin metabolism	Hydrolase	Disease variant	Group enriched	classical monocyte: 6.8;eosinophil: 7.9;intermediate monocyte: 8.4;myeloid DC: 7.7;non-classical monocyte: 4.0;plasmacytoid DC: 3.1	Group enriched		Tissue enhanced	1	0	0	0	0	0	0	0	0	0	0	0	0	0	1	Myeloid/Monocyte;Granulocyte;Dendritic	0	0	2	1	Immune-cell-enriched
2065	PLA2G7	Platelet-activating factor acetylhydrolase	Candidate cardiovascular disease genes, Disease related genes, Enzymes, Human disease related genes, Metabolic proteins, Plasma proteins, Potential drug targets, Predicted secreted proteins	Lipid degradation, Lipid metabolism, Phospholipid degradation, Phospholipid metabolism	Hydrolase	Asthma, Disease variant	Immune cell enhanced	classical monocyte: 43.4	Group enriched	Secreted to blood	Tissue enhanced	1	0	0	0	0	0	0	0	0	0	0	0	0	0	1	Myeloid/Monocyte	1	0	2	1	Immune-cell-enriched
2066	PLAT	Tissue-type plasminogen activator	Cancer-related genes, Candidate cardiovascular disease genes, Disease related genes, Enzymes, FDA approved drug targets, Plasma proteins, Predicted secreted proteins	Plasminogen activation	Hydrolase, Protease, Serine protease	Cancer-related genes, FDA approved drug targets	Not detected in immune cells		Not detected	Secreted to blood	Tissue enhanced	1	0	0	0	0	0	0	1	0	0	0	0	0	0	0		1	0	1	0	Non-immune
2067	PLAU	Urokinase-type plasminogen activator	Cancer-related genes, Disease related genes, Enzymes, Plasma proteins, Potential drug targets, Predicted intracellular proteins, Predicted secreted proteins	Blood coagulation, Fibrinolysis, Hemostasis, Plasminogen activation	Hydrolase, Protease, Serine protease	Cancer-related genes	Group enriched	myeloid DC: 1.1;neutrophil: 2.1;plasmacytoid DC: 2.0	Group enriched	Secreted to blood	Tissue enhanced	1	0	0	0	0	0	0	1	0	0	0	0	0	0	1	Myeloid/Monocyte;Granulocyte;Dendritic	1	0	3	1	Immune-cell-enriched
2068	PLAUR	Urokinase plasminogen activator surface receptor	Cancer-related genes, CD markers, FDA approved drug targets, Predicted intracellular proteins, Predicted membrane proteins		Receptor	Cancer-related genes, FDA approved drug targets	Immune cell enhanced	neutrophil: 1177.3	Group enriched	Intracellular and membrane	Tissue enriched	1	0	0	0	0	0	0	1	0	0	0	0	0	1	1	Granulocyte	0	0	3	1	Immune-cell-enriched
2069	PLB1	Phospholipase B1, membrane-associated	Enzymes, Metabolic proteins, Predicted intracellular proteins, Predicted membrane proteins	Lipid metabolism, Phospholipid metabolism	Hydrolase		Group enriched	classical monocyte: 3.0;eosinophil: 3.0;intermediate monocyte: 4.4;myeloid DC: 5.7;neutrophil: 8.9;non-classical monocyte: 5.0	Group enriched		Tissue enriched	1	0	0	0	0	0	0	0	0	0	0	0	0	0	1	Myeloid/Monocyte;Granulocyte;Dendritic	0	0	2	1	Immune-cell-enriched
2070	PLCB1	1-phosphatidylinositol 4,5-bisphosphate phosphodiesterase beta-1	Disease related genes, Enzymes, Human disease related genes, Metabolic proteins, Plasma proteins, Potential drug targets, Predicted intracellular proteins	Lipid degradation, Lipid metabolism	Hydrolase, Transducer	Epilepsy	Low immune cell specificity		Low lineage specificity		Tissue enhanced	1	0	0	0	0	0	0	0	0	0	0	0	0	0	0		0	0	0	0	Non-immune
2071	PLCB2	1-phosphatidylinositol 4,5-bisphosphate phosphodiesterase beta-2	Enzymes, Metabolic proteins, Predicted intracellular proteins	Lipid degradation, Lipid metabolism	Hydrolase, Transducer		Low immune cell specificity		Low lineage specificity		Tissue enhanced	1	0	0	0	0	0	0	0	0	0	0	0	0	0	0		0	0	0	0	Non-immune
2072	PLEKHO1	Pleckstrin homology domain-containing family O member 1	Predicted intracellular proteins			Tumor suppressor	Low immune cell specificity		Low lineage specificity		Tissue enhanced	1	0	0	0	0	0	0	0	0	0	0	0	0	0	0		0	0	0	0	Non-immune
2073	PLG	Plasminogen	Cancer-related genes, Candidate cardiovascular disease genes, Disease related genes, Enzymes, FDA approved drug targets, Human disease related genes, Metabolic proteins, Plasma proteins, Predicted intracellular proteins, Predicted secreted proteins	Blood coagulation, Fibrinolysis, Hemostasis, Tissue remodeling	Hydrolase, Protease, Serine protease	Cancer-related genes, Disease variant, FDA approved drug targets, Thrombophilia	Not detected in immune cells		Not detected	Secreted to blood	Tissue enriched	1	0	0	0	0	0	0	1	0	0	0	0	0	0	0		1	0	1	0	Non-immune
2074	PLIN1	Perilipin-1	Disease related genes, Human disease related genes, Metabolic proteins, Plasma proteins, Predicted intracellular proteins, Predicted membrane proteins	Lipid metabolism			Not detected in immune cells		Not detected		Group enriched	1	0	0	0	0	0	0	0	0	0	0	0	0	0	0		0	0	0	0	Non-immune
2075	PLIN3	Perilipin-3	FDA approved drug targets, Metabolic proteins, Plasma proteins, Predicted intracellular proteins	Transport		FDA approved drug targets	Low immune cell specificity		Low lineage specificity		Low tissue specificity	1	0	0	0	0	0	0	0	0	0	0	0	0	0	0		0	0	0	0	Non-immune
2076	PLPBP	Pyridoxal phosphate homeostasis protein	Disease related genes, Human disease related genes, Predicted intracellular proteins			Disease variant, Epilepsy	Low immune cell specificity		Low lineage specificity		Low tissue specificity	1	0	0	0	0	0	0	0	0	0	0	0	0	0	0		0	0	0	0	Non-immune
2077	PLSCR3	Phospholipid scramblase 3	Predicted intracellular proteins, Predicted membrane proteins, Transporters	Apoptosis, Lipid transport, Transport			Low immune cell specificity		Low lineage specificity		Low tissue specificity	1	0	0	0	0	0	0	0	0	0	0	0	0	0	0		0	0	0	0	Non-immune
2078	PLTP	Phospholipid transfer protein	Plasma proteins, Predicted intracellular proteins, Predicted secreted proteins, Transporters	Lipid transport, Transport			Immune cell enhanced	basophil: 33.2;eosinophil: 29.6	Low lineage specificity	Secreted to blood	Low tissue specificity	1	0	0	0	0	0	0	0	0	0	0	0	0	0	1	Granulocyte	1	0	2	1	Immune-cell-enriched
2079	PLXDC1	Plexin domain-containing protein 1	Predicted intracellular proteins, Predicted membrane proteins				Low immune cell specificity		Low lineage specificity	Intracellular and membrane	Tissue enhanced	1	0	0	0	0	0	0	0	0	0	0	0	0	0	0		0	0	0	0	Non-immune
2080	PLXDC2	Plexin domain-containing protein 2	Predicted membrane proteins				Group enriched	classical monocyte: 57.6;intermediate monocyte: 33.4;myeloid DC: 36.1;neutrophil: 81.8;non-classical monocyte: 37.5	Group enriched		Low tissue specificity	1	0	0	0	0	0	0	0	0	0	0	0	0	0	1	Myeloid/Monocyte;Granulocyte;Dendritic	0	0	2	1	Immune-cell-enriched
2081	PLXNA4	Plexin-A4	Predicted intracellular proteins, Predicted membrane proteins		Receptor		Immune cell enriched	plasmacytoid DC: 2.6	Lineage enriched	Intracellular and membrane	Tissue enhanced	1	0	0	0	0	0	0	0	0	0	0	0	0	0	1	Myeloid/Monocyte;Dendritic	0	0	2	1	Immune-cell-enriched
2082	PLXNB2	Plexin-B2	Plasma proteins, Predicted intracellular proteins, Predicted membrane proteins		Developmental protein, Receptor		Group enriched	classical monocyte: 11.1;intermediate monocyte: 16.4;myeloid DC: 8.3;non-classical monocyte: 21.3;plasmacytoid DC: 6.6	Group enriched		Low tissue specificity	1	0	0	0	0	0	0	0	0	0	0	0	0	0	1	Myeloid/Monocyte;Dendritic	0	0	2	1	Immune-cell-enriched
2083	PLXNB3	Plexin-B3	Plasma proteins, Predicted intracellular proteins, Predicted membrane proteins	Neurogenesis	Receptor		Not detected in immune cells		Not detected		Tissue enhanced	1	0	0	0	0	0	0	0	0	0	0	0	0	0	0		0	0	0	0	Non-immune
2084	PM20D1	N-fatty-acyl-amino acid synthase/hydrolase PM20D1	Enzymes, Predicted secreted proteins	Lipid metabolism	Hydrolase, Lyase, Protease		Immune cell enhanced	T-reg: 2.2	Lineage enriched	Secreted to digestive system	Group enriched	1	0	0	0	0	0	0	0	0	0	0	0	0	0	1	T-cell	1	0	2	1	Immune-cell-enriched
2085	PMCH	Pro-MCH	Predicted secreted proteins	Differentiation, Spermatogenesis	Developmental protein, Hormone, Neuropeptide		Immune cell enriched	T-reg: 9.6	Lineage enriched	Secreted to blood	Tissue enriched	1	0	0	0	0	0	0	0	0	0	0	0	0	0	1	T-cell	1	0	2	1	Immune-cell-enriched
2086	PMM2	Phosphomannomutase 2	Disease related genes, Enzymes, Human disease related genes, Metabolic proteins, Potential drug targets, Predicted intracellular proteins		Isomerase	Congenital disorder of glycosylation, Disease variant	Immune cell enriched	basophil: 207.1	Lineage enriched		Low tissue specificity	1	0	0	0	0	0	0	0	0	0	0	0	0	0	1	Granulocyte	0	0	2	1	Immune-cell-enriched
2087	PMS1	PMS1 protein homolog 1	Predicted intracellular proteins	DNA damage, DNA repair	DNA-binding	Hereditary nonpolyposis colorectal cancer, Tumor suppressor	Low immune cell specificity		Low lineage specificity		Tissue enhanced	1	0	0	0	0	0	0	0	0	0	0	0	0	0	0		0	0	0	0	Non-immune
2088	PMVK	Phosphomevalonate kinase	Disease related genes, Enzymes, Human disease related genes, Metabolic proteins, Potential drug targets, Predicted intracellular proteins	Cholesterol biosynthesis, Cholesterol metabolism, Lipid biosynthesis, Lipid metabolism, Steroid biosynthesis, Steroid metabolism, Sterol biosynthesis, Sterol metabolism	Kinase, Transferase	Disease variant	Low immune cell specificity		Low lineage specificity		Low tissue specificity	1	0	0	0	0	0	0	0	0	0	0	0	0	0	0		0	0	0	0	Non-immune
2089	PNLIP	Pancreatic triacylglycerol lipase	Disease related genes, Enzymes, FDA approved drug targets, Human disease related genes, Metabolic proteins, Plasma proteins, Predicted secreted proteins	Lipid degradation, Lipid metabolism	Hydrolase	Disease variant, FDA approved drug targets	Not detected in immune cells		Not detected	Secreted to digestive system	Tissue enriched	1	0	0	0	0	0	0	0	0	0	0	0	0	0	0		1	0	0	0	Non-immune
2090	PNLIPRP1	Inactive pancreatic lipase-related protein 1	Metabolic proteins, Predicted secreted proteins				Not detected in immune cells		Not detected	Secreted to digestive system	Tissue enriched	1	0	0	0	0	0	0	0	0	0	0	0	0	0	0		1	0	0	0	Non-immune
2091	PNLIPRP2	Pancreatic lipase-related protein 2	Metabolic proteins, Predicted intracellular proteins				Not detected in immune cells		Not detected		Tissue enriched	1	0	0	0	0	0	0	0	0	0	0	0	0	0	0		0	0	0	0	Non-immune
2092	PNMA1	Paraneoplastic antigen Ma1	Predicted intracellular proteins		Tumor antigen		Low immune cell specificity		Low lineage specificity		Low tissue specificity	1	0	0	0	0	0	0	0	0	0	0	0	0	0	0		0	0	0	0	Non-immune
2093	PNMA2	Paraneoplastic antigen Ma2	Predicted intracellular proteins		Tumor antigen		Not detected in immune cells		Not detected		Tissue enriched	1	0	0	0	0	0	0	0	0	0	0	0	0	0	0		0	0	0	0	Non-immune
2094	PNPT1	Polyribonucleotide nucleotidyltransferase 1, mitochondrial	Disease related genes, Enzymes, Essential proteins, Human disease related genes, Potential drug targets, Predicted intracellular proteins	mRNA processing, Transport	Exonuclease, Hydrolase, Nuclease, Nucleotidyltransferase, RNA-binding, Transferase	Deafness, Disease variant, Neurodegeneration, Non-syndromic deafness, Primary mitochondrial disease, Spinocerebellar ataxia	Low immune cell specificity		Low lineage specificity		Low tissue specificity	1	0	0	0	0	0	0	0	0	0	0	0	0	0	0		0	0	0	0	Non-immune
2095	PODXL	Podocalyxin	Plasma proteins, Predicted membrane proteins, Transporters	Cell adhesion			Not detected in immune cells		Not detected		Tissue enhanced	1	0	0	0	0	0	0	0	0	0	0	0	0	0	0		0	0	0	0	Non-immune
2096	PODXL2	Podocalyxin-like protein 2	Predicted membrane proteins	Cell adhesion			Not detected in immune cells		Not detected		Tissue enhanced	1	0	0	0	0	0	0	0	0	0	0	0	0	0	0		0	0	0	0	Non-immune
2097	POF1B	Protein POF1B	Disease related genes, Human disease related genes, Predicted intracellular proteins		Actin-binding	Disease variant, Premature ovarian failure	Group enriched	memory B-cell: 2.9;naive B-cell: 2.2	Lineage enriched		Tissue enhanced	1	0	0	0	0	0	0	0	0	0	0	0	0	0	1	B-cell	0	0	2	1	Immune-cell-enriched
2098	POLR2A	DNA-directed RNA polymerase II subunit RPB1	Human disease related genes, Metabolic proteins, Predicted intracellular proteins, RNA polymerase related proteins				Low immune cell specificity		Low lineage specificity		Tissue enhanced	1	0	0	0	0	0	0	0	0	0	0	0	1	0	0		0	0	1	0	Ig/B-cell/Fc
2099	POLR2F	DNA-directed RNA polymerases I, II, and III subunit RPABC2	Essential proteins, Metabolic proteins, Predicted intracellular proteins, RNA polymerase related proteins	Transcription			Low immune cell specificity		Low lineage specificity		Low tissue specificity	1	0	0	0	0	0	0	0	0	0	0	0	1	0	0		0	0	1	0	Ig/B-cell/Fc
2100	POMC	Pro-opiomelanocortin	Cancer-related genes, Disease related genes, Human disease related genes, Predicted secreted proteins		Endorphin, Hormone	Cancer-related genes, Obesity	Low immune cell specificity		Low lineage specificity	Secreted to blood	Tissue enriched	1	0	0	0	0	0	0	0	0	0	0	0	0	0	0		1	0	0	0	Non-immune
2101	PON1	Serum paraoxonase/arylesterase 1	Cancer-related genes, Candidate cardiovascular disease genes, Disease related genes, Enzymes, Human disease related genes, Metabolic proteins, Plasma proteins, Potential drug targets, Predicted secreted proteins, Transporters		Hydrolase	Cancer-related genes	Not detected in immune cells		Not detected	Secreted to blood	Tissue enriched	1	0	0	0	0	0	0	0	0	0	0	0	0	0	0		1	0	0	0	Non-immune
2102	PON2	Serum paraoxonase/arylesterase 2	Candidate cardiovascular disease genes, Enzymes, Metabolic proteins, Predicted intracellular proteins, Predicted secreted proteins		Hydrolase		Immune cell enhanced	myeloid DC: 33.9	Low lineage specificity	Secreted to blood	Tissue enhanced	1	0	0	0	0	0	0	0	0	0	0	0	0	0	1	Myeloid/Monocyte;Dendritic	1	0	2	1	Immune-cell-enriched
2103	PON3	Serum paraoxonase/lactonase 3	Candidate cardiovascular disease genes, Enzymes, Metabolic proteins, Plasma proteins, Predicted secreted proteins		Hydrolase		Not detected in immune cells		Not detected	Secreted to blood	Tissue enriched	1	0	0	0	0	0	0	0	0	0	0	0	0	0	0		1	0	0	0	Non-immune
2104	POSTN	Periostin	Cancer-related genes, Plasma proteins, Predicted secreted proteins	Cell adhesion	Heparin-binding	Cancer-related genes	Not detected in immune cells		Not detected	Secreted to extracellular matrix	Tissue enhanced	1	0	0	0	0	0	0	0	0	0	0	0	0	0	0		1	0	0	0	Non-immune
2105	PPBP	Platelet basic protein	Plasma proteins, Predicted secreted proteins	Chemotaxis	Antibiotic, Antimicrobial, Cytokine, Growth factor, Mitogen		Group enriched	basophil: 287.2;neutrophil: 86.7	Lineage enriched	Secreted to blood	Group enriched	1	0	0	0	0	1	0	0	0	0	0	0	0	0	1	Granulocyte	1	0	4	1	Chemokine axis
2106	PPCDC	Phosphopantothenoylcysteine decarboxylase	Enzymes, Metabolic proteins, Predicted intracellular proteins	Coenzyme A biosynthesis	Decarboxylase, Lyase		Low immune cell specificity		Group enriched		Low tissue specificity	1	0	0	0	0	0	0	0	0	0	0	0	0	0	0		0	0	0	0	Non-immune
2107	PPIB	Peptidyl-prolyl cis-trans isomerase B	Disease related genes, Enzymes, Human disease related genes, Metabolic proteins, Plasma proteins, Potential drug targets, Predicted intracellular proteins, Predicted secreted proteins		Isomerase, Rotamase	Disease variant, Dwarfism, Osteogenesis imperfecta	Low immune cell specificity		Low lineage specificity	Secreted to blood	Low tissue specificity	1	0	0	0	0	0	0	0	0	0	0	0	0	0	0		1	0	0	0	Non-immune
2108	PPIE	Peptidyl-prolyl cis-trans isomerase E	Enzymes, Essential proteins, Metabolic proteins, Predicted intracellular proteins	mRNA processing, mRNA splicing	Isomerase, RNA-binding, Rotamase		Low immune cell specificity		Low lineage specificity		Low tissue specificity	1	0	0	0	0	0	0	0	0	0	0	0	0	0	0		0	0	0	0	Non-immune
2109	PPIF	Peptidyl-prolyl cis-trans isomerase F, mitochondrial	Enzymes, FDA approved drug targets, Metabolic proteins, Plasma proteins, Predicted intracellular proteins, Transporters	Apoptosis, Necrosis	Isomerase, Rotamase	FDA approved drug targets	Immune cell enhanced	neutrophil: 75.3	Low lineage specificity		Low tissue specificity	1	0	0	0	0	0	0	0	0	0	0	0	0	0	1	Granulocyte	0	0	2	1	Immune-cell-enriched
2110	PPL	Periplakin	Plasma proteins, Predicted intracellular proteins	Keratinization			Not detected in immune cells		Not detected		Tissue enhanced	1	0	0	0	0	0	0	0	0	0	0	0	0	0	0		0	0	0	0	Non-immune
2111	PPM1A	Protein phosphatase 1A	Enzymes, Predicted intracellular proteins		Hydrolase, Protein phosphatase		Low immune cell specificity		Low lineage specificity		Tissue enhanced	1	0	0	0	0	0	0	0	0	0	0	0	0	0	0		0	0	0	0	Non-immune
2112	PPM1B	Protein phosphatase 1B	Enzymes, Predicted intracellular proteins		Hydrolase, Protein phosphatase		Low immune cell specificity		Low lineage specificity		Low tissue specificity	1	0	0	0	0	0	0	0	0	0	0	0	0	0	0		0	0	0	0	Non-immune
2113	PPM1F	Protein phosphatase 1F	Disease related genes, Enzymes, Plasma proteins, Potential drug targets, Predicted intracellular proteins	Apoptosis	Hydrolase, Protein phosphatase		Immune cell enhanced	neutrophil: 28.7	Group enriched		Low tissue specificity	1	0	0	0	0	0	0	0	0	0	0	0	0	0	1	Granulocyte	0	0	2	1	Immune-cell-enriched
2114	PPME1	Protein phosphatase methylesterase 1	Enzymes, Predicted intracellular proteins		Hydrolase, Serine esterase		Low immune cell specificity		Low lineage specificity		Low tissue specificity	1	0	0	0	0	0	0	0	0	0	0	0	0	0	0		0	0	0	0	Non-immune
2115	PPP1CC	Serine/threonine-protein phosphatase PP1-gamma catalytic subunit	Enzymes, Plasma proteins, Predicted intracellular proteins	Biological rhythms, Carbohydrate metabolism, Cell cycle, Cell division, Glycogen metabolism	Hydrolase, Protein phosphatase	Disease variant	Low immune cell specificity		Low lineage specificity		Low tissue specificity	1	0	0	0	0	0	0	0	0	0	0	0	0	0	0		0	0	0	0	Non-immune
2116	PPP1R12A	Protein phosphatase 1 regulatory subunit 12A	Disease related genes, Essential proteins, Human disease related genes, Predicted intracellular proteins			Disease variant	Low immune cell specificity		Low lineage specificity		Low tissue specificity	1	0	0	0	0	0	0	0	0	0	0	0	0	0	0		0	0	0	0	Non-immune
2117	PPP1R12B	Protein phosphatase 1 regulatory subunit 12B	Plasma proteins, Predicted intracellular proteins				Immune cell enriched	neutrophil: 16.0	Lineage enriched		Tissue enhanced	1	0	0	0	0	0	0	0	0	0	0	0	0	0	1	Granulocyte	0	0	2	1	Immune-cell-enriched
2118	PPP1R14A	Protein phosphatase 1 regulatory subunit 14A	Plasma proteins, Predicted intracellular proteins		Protein phosphatase inhibitor		Group enriched	memory B-cell: 300.8;naive B-cell: 285.6;plasmacytoid DC: 247.5	Group enriched		Tissue enhanced	1	0	0	0	0	0	0	0	0	0	0	0	0	0	1	Myeloid/Monocyte;B-cell;Dendritic	0	0	2	1	Immune-cell-enriched
2119	PPP1R14D	Protein phosphatase 1 regulatory subunit 14D	Predicted intracellular proteins		Protein phosphatase inhibitor		Not detected in immune cells		Not detected		Tissue enriched	1	0	0	0	0	0	0	0	0	0	0	0	0	0	0		0	0	0	0	Non-immune
2120	PPP1R2	Protein phosphatase inhibitor 2	Essential proteins, Predicted intracellular proteins	Carbohydrate metabolism, Glycogen metabolism	Protein phosphatase inhibitor		Low immune cell specificity		Low lineage specificity		Low tissue specificity	1	0	0	0	0	0	0	0	0	0	0	0	0	0	0		0	0	0	0	Non-immune
2121	PPP1R9B	Neurabin-2	Predicted intracellular proteins	Differentiation, Neurogenesis	Actin-binding, Developmental protein		Low immune cell specificity		Low lineage specificity		Tissue enhanced	1	0	0	0	0	0	0	0	0	0	0	0	0	0	0		0	0	0	0	Non-immune
2122	PPP2R5A	Serine/threonine-protein phosphatase 2A 56 kDa regulatory subunit alpha isoform	Predicted intracellular proteins				Low immune cell specificity		Low lineage specificity		Low tissue specificity	1	0	0	0	0	0	0	0	0	0	0	0	0	0	0		0	0	0	0	Non-immune
2123	PPP3R1	Calcineurin subunit B type 1	FDA approved drug targets, Predicted intracellular proteins			FDA approved drug targets	Immune cell enhanced	neutrophil: 2.7	Low lineage specificity		Tissue enhanced	1	0	0	0	0	0	0	0	0	0	0	0	0	0	1	Granulocyte	0	0	2	1	Immune-cell-enriched
2124	PPT1	Palmitoyl-protein thioesterase 1	Disease related genes, Enzymes, Human disease related genes, Metabolic proteins, Potential drug targets, Predicted intracellular proteins	Sensory transduction, Vision	Hydrolase	Disease variant, Neurodegeneration, Neuronal ceroid lipofuscinosis	Group enriched	classical monocyte: 1254.9;eosinophil: 625.5;intermediate monocyte: 1006.3;myeloid DC: 1091.1;neutrophil: 685.3;non-classical monocyte: 818.8	Group enriched	Intracellular and membrane	Low tissue specificity	1	0	0	0	0	0	0	0	0	0	0	0	0	0	1	Myeloid/Monocyte;Granulocyte;Dendritic	0	0	2	1	Immune-cell-enriched
2125	PPY	Pancreatic prohormone	Cancer-related genes, Predicted intracellular proteins, Predicted secreted proteins		Hormone	Cancer-related genes	Immune cell enriched	myeloid DC: 1.2	Lineage enriched	Secreted to blood	Tissue enriched	1	0	0	0	0	0	0	0	0	0	0	0	0	0	1	Myeloid/Monocyte;Dendritic	1	0	2	1	Immune-cell-enriched
2126	PQBP1	Polyglutamine-binding protein 1	Disease related genes, Human disease related genes, Predicted intracellular proteins	Immunity, Innate immunity, mRNA processing, mRNA splicing, Transcription, Transcription regulation		Intellectual disability	Low immune cell specificity		Low lineage specificity		Low tissue specificity	1	0	0	0	0	0	0	0	0	0	0	0	0	0	0		0	1	1	0	Other immune-annotated
2127	PRAME	Melanoma antigen preferentially expressed in tumors	Plasma proteins, Predicted intracellular proteins	Apoptosis, Differentiation, Growth regulation, Transcription, Transcription regulation, Ubl conjugation pathway	Repressor		Not detected in immune cells		Not detected		Tissue enriched	1	0	0	0	0	0	0	0	0	0	0	0	0	0	0		0	0	0	0	Non-immune
2128	PRAP1	Proline-rich acidic protein 1	Predicted secreted proteins				Not detected in immune cells		Not detected	Secreted to digestive system	Group enriched	1	0	0	0	0	0	0	0	0	0	0	0	0	0	0		1	0	0	0	Non-immune
2129	PRC1	Protein regulator of cytokinesis 1	Essential proteins, Predicted intracellular proteins	Cell cycle, Cell division		Oncogene	Immune cell enriched	basophil: 34.4	Lineage enriched		Tissue enhanced	1	0	0	0	0	0	0	0	0	0	0	0	0	0	1	Granulocyte	0	0	2	1	Immune-cell-enriched
2130	PRCP	Lysosomal Pro-X carboxypeptidase	Enzymes, Plasma proteins, Predicted intracellular proteins		Carboxypeptidase, Hydrolase, Protease		Low immune cell specificity		Low lineage specificity	Intracellular and membrane	Low tissue specificity	1	0	0	0	0	0	0	0	0	0	0	0	0	0	0		0	0	0	0	Non-immune
2131	PRDX1	Peroxiredoxin-1	Enzymes, Human disease related genes, Metabolic proteins, Plasma proteins, Predicted intracellular proteins		Antioxidant, Oxidoreductase, Peroxidase		Low immune cell specificity		Low lineage specificity		Low tissue specificity	1	0	0	0	0	0	0	0	0	0	0	0	0	0	0		0	0	0	0	Non-immune
2132	PRDX2	Peroxiredoxin-2	Cancer-related genes, Enzymes, Essential proteins, Metabolic proteins, Plasma proteins, Predicted intracellular proteins		Antioxidant, Oxidoreductase, Peroxidase	Cancer-related genes	Low immune cell specificity		Low lineage specificity		Low tissue specificity	1	0	0	0	0	0	0	0	0	0	0	0	0	0	0		0	0	0	0	Non-immune
2133	PRDX3	Thioredoxin-dependent peroxide reductase, mitochondrial	Disease related genes, Enzymes, Human disease related genes, Metabolic proteins, Plasma proteins, Potential drug targets, Predicted intracellular proteins		Antioxidant, Oxidoreductase, Peroxidase	Corneal dystrophy, Disease variant, Neurodegeneration	Low immune cell specificity		Low lineage specificity		Low tissue specificity	1	0	0	0	0	0	0	0	0	0	0	0	0	0	0		0	0	0	0	Non-immune
2134	PRDX5	Peroxiredoxin-5, mitochondrial	Enzymes, FDA approved drug targets, Metabolic proteins, Plasma proteins, Predicted intracellular proteins		Antioxidant, Oxidoreductase, Peroxidase	FDA approved drug targets	Low immune cell specificity		Low lineage specificity		Tissue enhanced	1	0	0	0	0	0	0	0	0	0	0	0	0	0	0		0	0	0	0	Non-immune
2135	PRDX6	Peroxiredoxin-6	Enzymes, Metabolic proteins, Plasma proteins, Predicted intracellular proteins	Lipid degradation, Lipid metabolism	Antioxidant, Hydrolase, Multifunctional enzyme, Oxidoreductase, Peroxidase, Transferase		Low immune cell specificity		Low lineage specificity		Low tissue specificity	1	0	0	0	0	0	0	0	0	0	0	0	0	0	0		0	0	0	0	Non-immune
2136	PREB	Prolactin regulatory element-binding protein	Essential proteins, Predicted intracellular proteins, Predicted membrane proteins, Transporters	ER-Golgi transport, Protein transport, Transcription, Transcription regulation, Transport	Activator, DNA-binding		Low immune cell specificity		Low lineage specificity		Low tissue specificity	1	0	0	0	0	0	0	0	0	0	0	0	0	0	0		0	0	0	0	Non-immune
2137	PRELP	Prolargin	Plasma proteins, Predicted secreted proteins		Heparin-binding		Immune cell enhanced	basophil: 1.1	Lineage enriched	Secreted to extracellular matrix	Tissue enhanced	1	0	0	0	0	0	0	0	0	0	0	0	0	0	1	Granulocyte	1	0	2	1	Immune-cell-enriched
2138	PRG2	Bone marrow proteoglycan	FDA approved drug targets, Plasma proteins, Predicted secreted proteins	Immunity	Antibiotic, Antimicrobial, Heparin-binding	FDA approved drug targets	Immune cell enriched	basophil: 7.3	Lineage enriched	Secreted in female reproductive system	Tissue enriched	1	0	0	0	0	0	0	0	0	0	0	0	0	0	1	Granulocyte	1	1	3	1	Immune-cell-enriched
2139	PRG3	Proteoglycan 3	Predicted secreted proteins				Not detected in immune cells		Not detected	Secreted in other tissues	Tissue enriched	1	0	0	0	0	0	0	0	0	0	0	0	0	0	0		1	0	0	0	Non-immune
2140	PRKAB1	5'-AMP-activated protein kinase subunit beta-1	FDA approved drug targets, Predicted intracellular proteins	Fatty acid biosynthesis, Fatty acid metabolism, Lipid biosynthesis, Lipid metabolism		FDA approved drug targets	Low immune cell specificity		Low lineage specificity		Low tissue specificity	1	0	0	0	0	0	0	0	0	0	0	0	0	0	0		0	0	0	0	Non-immune
2141	PRKAG3	5'-AMP-activated protein kinase subunit gamma-3	FDA approved drug targets, Predicted intracellular proteins	Fatty acid biosynthesis, Fatty acid metabolism, Lipid biosynthesis, Lipid metabolism		FDA approved drug targets	Not detected in immune cells		Not detected		Tissue enriched	1	0	0	0	0	0	0	0	0	0	0	0	0	0	0		0	0	0	0	Non-immune
2142	PRKAR1A	cAMP-dependent protein kinase type I-alpha regulatory subunit	Cancer-related genes, Disease related genes, Human disease related genes, Plasma proteins, Predicted intracellular proteins			Cancer-related genes, Cushing syndrome, Disease variant	Low immune cell specificity		Low lineage specificity		Low tissue specificity	1	0	0	0	0	0	0	0	0	0	0	0	0	0	0		0	0	0	0	Non-immune
2143	PRKAR2A	cAMP-dependent protein kinase type II-alpha regulatory subunit	Plasma proteins, Predicted intracellular proteins				Low immune cell specificity		Low lineage specificity		Tissue enhanced	1	0	0	0	0	0	0	0	0	0	0	0	0	0	0		0	0	0	0	Non-immune
2144	PRKCQ	Protein kinase C theta type	Cancer-related genes, Enzymes, FDA approved drug targets, Plasma proteins, Predicted intracellular proteins	Immunity, Inflammatory response	Kinase, Serine/threonine-protein kinase, Transferase	Cancer-related genes, FDA approved drug targets	Group enriched	gdT-cell: 23.1;MAIT T-cell: 17.9;memory CD4 T-cell: 24.5;memory CD8 T-cell: 24.4;naive CD4 T-cell: 19.1;naive CD8 T-cell: 17.9;NK-cell: 13.3;T-reg: 39.8	Group enriched		Group enriched	1	0	0	0	0	0	0	0	0	0	0	0	0	0	1	T-cell;NK-cell	0	1	3	1	Immune-cell-enriched
2145	PRKD2	Serine/threonine-protein kinase D2	Enzymes, Predicted intracellular proteins	Adaptive immunity, Angiogenesis, Cell adhesion, Immunity	Kinase, Serine/threonine-protein kinase, Transferase		Low immune cell specificity		Low lineage specificity		Low tissue specificity	1	0	0	0	0	0	0	0	0	0	0	0	0	0	0		0	1	1	0	Other immune-annotated
2146	PRKG1	cGMP-dependent protein kinase 1	Disease related genes, Enzymes, Human disease related genes, Plasma proteins, Potential drug targets, Predicted intracellular proteins		Allosteric enzyme, Kinase, Serine/threonine-protein kinase, Transferase	Aortic aneurysm, Disease variant	Immune cell enriched	basophil: 7.3	Lineage enriched		Tissue enhanced	1	0	0	0	0	0	0	0	0	0	0	0	0	0	1	Granulocyte	0	0	2	1	Immune-cell-enriched
2147	PRKRA	Interferon-inducible double-stranded RNA-dependent protein kinase activator A	Disease related genes, Essential proteins, Human disease related genes, Predicted intracellular proteins	Host-virus interaction, RNA-mediated gene silencing	RNA-binding	Disease variant, Dystonia, Parkinsonism	Low immune cell specificity		Low lineage specificity		Low tissue specificity	1	0	0	0	0	0	0	0	0	0	0	0	0	0	0		0	0	0	0	Non-immune
2148	PRL	Prolactin	Cancer-related genes, Plasma proteins, Predicted secreted proteins	Lactation	Hormone	Cancer-related genes	Not detected in immune cells		Not detected	Secreted to blood	Tissue enriched	1	0	0	0	0	0	0	0	0	0	0	0	0	0	0		1	0	0	0	Non-immune
2149	PRND	Prion-like protein doppel	Predicted membrane proteins, Transporters	Fertilization	Prion		Not detected in immune cells		Not detected		Group enriched	1	0	0	0	0	0	0	0	0	0	0	0	0	0	0		0	0	0	0	Non-immune
2150	PROC	Vitamin K-dependent protein C	Cancer-related genes, Candidate cardiovascular disease genes, Disease related genes, Enzymes, FDA approved drug targets, Human disease related genes, Plasma proteins, Predicted intracellular proteins, Predicted secreted proteins	Blood coagulation, Hemostasis	Hydrolase, Protease, Serine protease	Cancer-related genes, Disease variant, FDA approved drug targets, Thrombophilia	Immune cell enriched	plasmacytoid DC: 59.8	Lineage enriched	Secreted to blood	Tissue enriched	1	0	0	0	0	0	0	1	0	0	0	0	0	0	1	Myeloid/Monocyte;Dendritic	1	0	3	1	Immune-cell-enriched
2151	PROCR	Endothelial protein C receptor	Candidate cardiovascular disease genes, CD markers, FDA approved drug targets, Plasma proteins, Predicted intracellular proteins, Predicted membrane proteins	Blood coagulation, Hemostasis	Receptor	FDA approved drug targets	Immune cell enhanced	MAIT T-cell: 14.8	Low lineage specificity		Tissue enhanced	1	0	0	0	0	0	0	1	0	0	0	0	0	1	1	T-cell	0	0	3	1	Immune-cell-enriched
2152	PROK1	Prokineticin-1	Predicted secreted proteins	Angiogenesis	Growth factor, Mitogen		Not detected in immune cells		Not detected	Secreted to blood	Tissue enhanced	1	0	0	0	0	0	0	0	0	0	0	0	0	0	0		1	0	0	0	Non-immune
2153	PROS1	Vitamin K-dependent protein S	Candidate cardiovascular disease genes, Disease related genes, FDA approved drug targets, Human disease related genes, Plasma proteins, Predicted intracellular proteins, Predicted secreted proteins	Blood coagulation, Fibrinolysis, Hemostasis		Disease variant, FDA approved drug targets, Thrombophilia	Not detected in immune cells		Not detected	Secreted to blood	Tissue enhanced	1	0	0	0	0	0	0	1	0	0	0	0	0	0	0		1	0	1	0	Non-immune
2154	PRR4	Proline-rich protein 4	Plasma proteins, Predicted secreted proteins				Not detected in immune cells		Not detected	Secreted to digestive system	Tissue enriched	1	0	0	0	0	0	0	0	0	0	0	0	0	0	0		1	0	0	0	Non-immune
2155	PRR5	Proline-rich protein 5	Predicted intracellular proteins	Cell cycle		Tumor suppressor	Low immune cell specificity		Group enriched		Low tissue specificity	1	0	0	0	0	0	0	0	0	0	0	0	0	0	0		0	0	0	0	Non-immune
2156	PRRT3	Proline-rich transmembrane protein 3	Predicted intracellular proteins, Predicted membrane proteins				Low immune cell specificity		Low lineage specificity	Intracellular and membrane	Group enriched	1	0	0	0	0	0	0	0	0	0	0	0	0	0	0		0	0	0	0	Non-immune
2157	PRSS2	Trypsin-2	Enzymes, Human disease related genes, Plasma proteins, Predicted secreted proteins	Digestion	Hydrolase, Protease, Serine protease		Group enriched	basophil: 4.1;T-reg: 2.9	Group enriched	Secreted to digestive system	Tissue enriched	1	0	0	0	0	0	0	0	0	0	0	0	0	0	1	Granulocyte;T-cell	1	0	2	1	Immune-cell-enriched
2158	PRSS22	Brain-specific serine protease 4	Enzymes, Predicted secreted proteins		Hydrolase, Protease, Serine protease		Not detected in immune cells		Not detected	Secreted in other tissues	Tissue enhanced	1	0	0	0	0	0	0	0	0	0	0	0	0	0	0		1	0	0	0	Non-immune
2159	PRSS27	Serine protease 27	Enzymes, Predicted secreted proteins		Hydrolase, Protease, Serine protease		Not detected in immune cells		Not detected	Secreted to digestive system	Group enriched	1	0	0	0	0	0	0	0	0	0	0	0	0	0	0		1	0	0	0	Non-immune
2160	PRSS53	Serine protease 53	Enzymes, Predicted secreted proteins		Hydrolase, Protease, Serine protease		Not detected in immune cells		Not detected	Secreted in other tissues	Tissue enriched	1	0	0	0	0	0	0	0	0	0	0	0	0	0	0		1	0	0	0	Non-immune
2161	PRSS8	Prostasin	Enzymes, Predicted membrane proteins, Predicted secreted proteins		Hydrolase, Protease, Serine protease		Not detected in immune cells		Not detected	Secreted - unknown location	Tissue enhanced	1	0	0	0	0	0	0	0	0	0	0	0	0	0	0		1	0	0	0	Non-immune
2162	PRTFDC1	Phosphoribosyltransferase domain-containing protein 1	Predicted intracellular proteins				Immune cell enriched	NK-cell: 4.5	Lineage enriched		Low tissue specificity	1	0	0	0	0	0	0	0	0	0	0	0	0	0	1	NK-cell	0	0	2	1	Immune-cell-enriched
2163	PRTG	Protogenin	Predicted intracellular proteins, Predicted membrane proteins		Developmental protein		Not detected in immune cells		Not detected		Tissue enhanced	1	0	0	0	0	0	0	0	0	0	0	0	0	0	0		0	0	0	0	Non-immune
2164	PRTN3	Myeloblastin	Candidate cardiovascular disease genes, Disease related genes, Enzymes, Plasma proteins, Potential drug targets, Predicted intracellular proteins, Predicted secreted proteins	Collagen degradation	Hydrolase, Protease, Serine protease		Immune cell enriched	neutrophil: 2.0	Lineage enriched	Secreted to blood	Tissue enriched	1	0	0	0	0	0	0	0	0	0	0	0	0	0	1	Granulocyte	1	0	2	1	Immune-cell-enriched
2165	PRUNE2	Protein prune homolog 2	Predicted intracellular proteins, Predicted membrane proteins	Apoptosis			Not detected in immune cells		Not detected		Low tissue specificity	1	0	0	0	0	0	0	0	0	0	0	0	0	0	0		0	0	0	0	Non-immune
2166	PSAP	Prosaposin	Disease related genes, Human disease related genes, Metabolic proteins, Plasma proteins, Potential drug targets, Predicted intracellular proteins, Transporters	Lipid metabolism, Sphingolipid metabolism		Disease variant, Gangliosidosis, Gaucher disease, Leukodystrophy, Metachromatic leukodystrophy, Neurodegeneration, Parkinson disease, Parkinsonism	Immune cell enhanced	intermediate monocyte: 11625.4	Low lineage specificity	Intracellular and membrane	Low tissue specificity	1	0	0	0	0	0	0	0	0	0	0	0	0	0	1	Myeloid/Monocyte	0	0	2	1	Immune-cell-enriched
2167	PSAPL1	Proactivator polypeptide-like 1	Predicted secreted proteins	Lipid metabolism, Sphingolipid metabolism			Not detected in immune cells		Not detected	Secreted - unknown location	Group enriched	1	0	0	0	0	0	0	0	0	0	0	0	0	0	0		1	0	0	0	Non-immune
2168	PSCA	Prostate stem cell antigen	Cancer-related genes, Predicted intracellular proteins, Predicted membrane proteins			Cancer-related genes	Not detected in immune cells		Not detected		Tissue enriched	1	0	0	0	0	0	0	0	0	0	0	0	0	0	0		0	0	0	0	Non-immune
2169	PSG1	Pregnancy-specific beta-1-glycoprotein 1	CD markers, Predicted intracellular proteins, Predicted secreted proteins				Not detected in immune cells		Not detected	Secreted in female reproductive system	Tissue enriched	1	0	0	0	0	0	0	0	0	0	0	0	0	0	0		1	0	0	0	Non-immune
2170	PSIP1	PC4 and SFRS1-interacting protein	Cancer-related genes, Disease related genes, Plasma proteins, Predicted intracellular proteins	Host-virus interaction, Transcription, Transcription regulation	DNA-binding	Cancer-related genes	Low immune cell specificity		Low lineage specificity		Low tissue specificity	1	0	0	0	0	0	0	0	0	0	0	0	0	0	0		0	0	0	0	Non-immune
2171	PSMA1	Proteasome subunit alpha type-1	Enzymes, Essential proteins, Predicted intracellular proteins	Immunity			Low immune cell specificity		Low lineage specificity		Low tissue specificity	1	0	0	0	0	0	0	0	0	0	0	0	0	0	0		0	1	1	0	Other immune-annotated
2172	PSMC3	26S proteasome regulatory subunit 6A	Disease related genes, Essential proteins, Plasma proteins, Predicted intracellular proteins	Host-virus interaction		Cataract, Deafness, Intellectual disability, Neuropathy	Low immune cell specificity		Low lineage specificity		Low tissue specificity	1	0	0	0	0	0	0	0	0	0	0	0	0	0	0		0	0	0	0	Non-immune
2173	PSMD1	26S proteasome non-ATPase regulatory subunit 1	Essential proteins, Plasma proteins, Predicted intracellular proteins, Predicted membrane proteins				Low immune cell specificity		Low lineage specificity		Low tissue specificity	1	0	0	0	0	0	0	0	0	0	0	0	0	0	0		0	0	0	0	Non-immune
2174	PSMD5	26S proteasome non-ATPase regulatory subunit 5	Plasma proteins, Predicted intracellular proteins		Chaperone		Low immune cell specificity		Low lineage specificity		Low tissue specificity	1	0	0	0	0	0	0	0	0	0	0	0	0	0	0		0	0	0	0	Non-immune
2175	PSMD9	26S proteasome non-ATPase regulatory subunit 9	Plasma proteins, Predicted intracellular proteins		Chaperone		Low immune cell specificity		Low lineage specificity		Low tissue specificity	1	0	0	0	0	0	0	0	0	0	0	0	0	0	0		0	0	0	0	Non-immune
2176	PSME1	Proteasome activator complex subunit 1	Plasma proteins, Predicted intracellular proteins				Low immune cell specificity		Low lineage specificity		Low tissue specificity	1	0	0	0	0	0	0	0	0	0	0	0	0	0	0		0	0	0	0	Non-immune
2177	PSME2	Proteasome activator complex subunit 2	Predicted intracellular proteins				Low immune cell specificity		Low lineage specificity		Low tissue specificity	1	0	0	0	0	0	0	0	0	0	0	0	0	0	0		0	0	0	0	Non-immune
2178	PSMG3	Proteasome assembly chaperone 3	Essential proteins, Predicted intracellular proteins		Chaperone		Low immune cell specificity		Low lineage specificity		Low tissue specificity	1	0	0	0	0	0	0	0	0	0	0	0	0	0	0		0	0	0	0	Non-immune
2179	PSMG4	Proteasome assembly chaperone 4	Essential proteins, Predicted intracellular proteins		Chaperone		Low immune cell specificity		Low lineage specificity		Low tissue specificity	1	0	0	0	0	0	0	0	0	0	0	0	0	0	0		0	0	0	0	Non-immune
2180	PSPN	Persephin	Predicted secreted proteins		Growth factor		Low immune cell specificity		Low lineage specificity	Secreted in other tissues	Low tissue specificity	1	0	0	0	0	0	0	0	0	0	0	0	0	0	0		1	0	0	0	Non-immune
2181	PSRC1	Proline/serine-rich coiled-coil protein 1	Predicted intracellular proteins	Cell cycle, Cell division, Mitosis			Immune cell enhanced	classical monocyte: 12.1	Group enriched		Group enriched	1	0	0	0	0	0	0	0	0	0	0	0	0	0	1	Myeloid/Monocyte	0	0	2	1	Immune-cell-enriched
2182	PSTPIP2	Proline-serine-threonine phosphatase-interacting protein 2	Predicted intracellular proteins				Immune cell enhanced	eosinophil: 112.7	Low lineage specificity		Group enriched	1	0	0	0	0	0	0	0	0	0	0	0	0	0	1	Granulocyte	0	0	2	1	Immune-cell-enriched
2183	PTEN	Phosphatidylinositol 3,4,5-trisphosphate 3-phosphatase and dual-specificity protein phosphatase PTEN	Cancer-related genes, Disease related genes, Enzymes, Human disease related genes, Metabolic proteins, Potential drug targets, Predicted intracellular proteins	Apoptosis, Lipid metabolism, Neurogenesis	Hydrolase, Protein phosphatase	Autism spectrum disorder, Cancer-related genes, Disease variant, Tumor suppressor	Immune cell enhanced	neutrophil: 63.1	Low lineage specificity	Intracellular and membrane	Low tissue specificity	1	0	0	0	0	0	0	0	0	0	0	0	0	0	1	Granulocyte	0	0	2	1	Immune-cell-enriched
2184	PTGDS	Prostaglandin-H2 D-isomerase	Enzymes, Metabolic proteins, Plasma proteins, Predicted intracellular proteins, Predicted secreted proteins	Fatty acid biosynthesis, Fatty acid metabolism, Lipid biosynthesis, Lipid metabolism, Mast cell degranulation, Prostaglandin biosynthesis, Prostaglandin metabolism, Transport	Isomerase		Immune cell enriched	plasmacytoid DC: 1389.8	Lineage enriched	Secreted to blood	Tissue enhanced	1	0	0	0	0	0	0	0	0	0	0	0	0	0	1	Myeloid/Monocyte;Dendritic	1	1	3	1	Immune-cell-enriched
2185	PTGES2	Prostaglandin E synthase 2	Enzymes, Human disease related genes, Metabolic proteins, Predicted intracellular proteins	Fatty acid biosynthesis, Fatty acid metabolism, Lipid biosynthesis, Lipid metabolism, Prostaglandin biosynthesis, Prostaglandin metabolism	Isomerase		Low immune cell specificity		Low lineage specificity		Tissue enhanced	1	0	0	0	0	0	0	0	0	0	0	0	0	0	0		0	0	0	0	Non-immune
2186	PTGR1	Prostaglandin reductase 1	Enzymes, Metabolic proteins, Plasma proteins, Predicted intracellular proteins	Fatty acid metabolism, Lipid metabolism, Prostaglandin metabolism	Oxidoreductase		Immune cell enriched	plasmacytoid DC: 6.0	Lineage enriched		Tissue enhanced	1	0	0	0	0	0	0	0	0	0	0	0	0	0	1	Myeloid/Monocyte;Dendritic	0	0	2	1	Immune-cell-enriched
2187	PTH	Parathyroid hormone	Cancer-related genes, Disease related genes, Human disease related genes, Plasma proteins, Predicted secreted proteins		Hormone	Cancer-related genes, Disease variant	Not detected in immune cells		Not detected	Secreted to blood	Tissue enriched	1	0	0	0	0	0	0	0	0	0	0	0	0	0	0		1	0	0	0	Non-immune
2188	PTH1R	Parathyroid hormone/parathyroid hormone-related peptide receptor	Disease related genes, FDA approved drug targets, G-protein coupled receptors, Human disease related genes, Predicted intracellular proteins, Predicted membrane proteins, Transporters		G-protein coupled receptor, Receptor, Transducer	Disease variant, Dwarfism, FDA approved drug targets	Not detected in immune cells		Not detected		Tissue enriched	1	0	0	0	0	0	0	0	0	0	0	0	0	1	0		0	0	0	0	Soluble receptor
2189	PTK7	Inactive tyrosine-protein kinase 7	Enzymes, Plasma proteins, Predicted intracellular proteins, Predicted membrane proteins, Predicted secreted proteins	Cell adhesion, Wnt signaling pathway	Receptor		Immune cell enriched	plasmacytoid DC: 13.5	Lineage enriched	Secreted to blood	Low tissue specificity	1	0	0	0	0	0	0	0	0	0	0	0	0	0	1	Myeloid/Monocyte;Dendritic	1	0	2	1	Immune-cell-enriched
2190	PTN	Pleiotrophin	Cancer-related genes, Predicted secreted proteins		Growth factor, Heparin-binding, Mitogen	Cancer-related genes	Not detected in immune cells		Not detected	Secreted to blood	Tissue enhanced	1	0	0	0	0	0	0	0	0	0	0	0	0	0	0		1	0	0	0	Non-immune
2191	PTP4A3	Protein tyrosine phosphatase type IVA 3	Enzymes, Predicted intracellular proteins		Hydrolase, Protein phosphatase		Immune cell enhanced	neutrophil: 55.4;non-classical monocyte: 54.4	Group enriched		Tissue enhanced	1	0	0	0	0	0	0	0	0	0	0	0	0	0	1	Myeloid/Monocyte;Granulocyte	0	0	2	1	Immune-cell-enriched
2192	PTPN1	Tyrosine-protein phosphatase non-receptor type 1	Enzymes, Predicted membrane proteins		Hydrolase, Protein phosphatase		Low immune cell specificity		Low lineage specificity		Low tissue specificity	1	0	0	0	0	0	0	0	0	0	0	0	0	1	0		0	0	0	0	Soluble receptor
2193	PTPN6	Tyrosine-protein phosphatase non-receptor type 6	Enzymes, Plasma proteins, Predicted intracellular proteins		Hydrolase, Protein phosphatase		Low immune cell specificity		Low lineage specificity		Tissue enhanced	1	0	0	0	0	0	0	0	0	0	0	0	0	1	0		0	0	0	0	Soluble receptor
2194	PTPN9	Tyrosine-protein phosphatase non-receptor type 9	Enzymes, Predicted intracellular proteins		Hydrolase, Protein phosphatase		Low immune cell specificity		Low lineage specificity		Low tissue specificity	1	0	0	0	0	0	0	0	0	0	0	0	0	1	0		0	0	0	0	Soluble receptor
2195	PTPRB	Receptor-type tyrosine-protein phosphatase beta	Cancer-related genes, Enzymes, Plasma proteins, Predicted intracellular proteins, Predicted membrane proteins	Angiogenesis	Hydrolase, Protein phosphatase	Cancer-related genes	Not detected in immune cells		Not detected		Low tissue specificity	1	0	0	0	0	0	0	0	0	0	0	0	0	1	0		0	0	0	0	Soluble receptor
2196	PTPRC	Receptor-type tyrosine-protein phosphatase C	Cancer-related genes, CD markers, Disease related genes, Enzymes, Human disease related genes, Plasma proteins, Potential drug targets, Predicted intracellular proteins, Predicted membrane proteins, Transporters	Host-virus interaction	Hydrolase, Protein phosphatase	Cancer-related genes, Disease variant, SCID	Low immune cell specificity		Low lineage specificity	Intracellular and membrane	Tissue enhanced	1	0	0	0	0	0	0	0	0	0	0	0	0	1	0		0	0	0	0	Soluble receptor
2197	PTPRF	Receptor-type tyrosine-protein phosphatase F	Disease related genes, Enzymes, Plasma proteins, Potential drug targets, Predicted intracellular proteins, Predicted membrane proteins	Cell adhesion	Heparin-binding, Hydrolase, Protein phosphatase, Receptor		Not detected in immune cells		Not detected	Intracellular and membrane	Low tissue specificity	1	0	0	0	0	0	0	0	0	0	0	0	0	1	0		0	0	0	0	Soluble receptor
2198	PTPRH	Receptor-type tyrosine-protein phosphatase H	Enzymes, Predicted membrane proteins	Apoptosis	Hydrolase, Protein phosphatase		Not detected in immune cells		Not detected		Tissue enhanced	1	0	0	0	0	0	0	0	0	0	0	0	0	1	0		0	0	0	0	Soluble receptor
2199	PTPRK	Receptor-type tyrosine-protein phosphatase kappa	Cancer-related genes, Enzymes, Plasma proteins, Predicted intracellular proteins, Predicted membrane proteins		Hydrolase, Protein phosphatase, Receptor	Cancer-related genes	Group enriched	memory B-cell: 1.6;naive B-cell: 2.9	Lineage enriched		Low tissue specificity	1	0	0	0	0	0	0	0	0	0	0	0	0	1	1	B-cell	0	0	2	1	Immune-cell-enriched
2200	PTPRM	Receptor-type tyrosine-protein phosphatase mu	Enzymes, Plasma proteins, Predicted intracellular proteins, Predicted membrane proteins	Cell adhesion	Hydrolase, Protein phosphatase, Receptor		Immune cell enhanced	memory CD8 T-cell: 4.7	Group enriched		Low tissue specificity	1	0	0	0	0	0	0	0	0	0	0	0	0	1	1	T-cell	0	0	2	1	Immune-cell-enriched
2201	PTPRN2	Receptor-type tyrosine-protein phosphatase N2	Disease related genes, Enzymes, Potential drug targets, Predicted intracellular proteins, Predicted membrane proteins, Transporters	Lipid metabolism, Phospholipid metabolism	Hydrolase, Protein phosphatase, Receptor	Diabetes mellitus	Immune cell enhanced	neutrophil: 23.7	Lineage enriched		Tissue enhanced	1	0	0	0	0	0	0	0	0	0	0	0	0	1	1	Granulocyte	0	0	2	1	Immune-cell-enriched
2202	PTPRR	Receptor-type tyrosine-protein phosphatase R	Enzymes, Plasma proteins, Predicted intracellular proteins, Predicted membrane proteins, Predicted secreted proteins		Hydrolase, Protein phosphatase, Receptor		Not detected in immune cells		Not detected	Secreted - unknown location	Tissue enhanced	1	0	0	0	0	0	0	0	0	0	0	0	0	1	0		1	0	0	0	Soluble receptor
2203	PTPRS	Receptor-type tyrosine-protein phosphatase S	Enzymes, Plasma proteins, Predicted membrane proteins, Predicted secreted proteins	Cell adhesion	Heparin-binding, Hydrolase, Protein phosphatase, Receptor		Immune cell enriched	plasmacytoid DC: 153.7	Lineage enriched	Secreted - unknown location	Low tissue specificity	1	0	0	0	0	0	0	0	0	0	0	0	0	1	1	Myeloid/Monocyte;Dendritic	1	0	2	1	Immune-cell-enriched
2204	PTPRZ1	Receptor-type tyrosine-protein phosphatase zeta	Enzymes, Plasma proteins, Predicted membrane proteins, Predicted secreted proteins		Hydrolase, Protein phosphatase		Not detected in immune cells		Not detected	Secreted in brain	Tissue enriched	1	0	0	0	0	0	0	0	0	0	0	0	0	1	0		1	0	0	0	Soluble receptor
2205	PTRHD1	Putative peptidyl-tRNA hydrolase PTRHD1	Enzymes, Predicted intracellular proteins		Hydrolase	Intellectual disability, Parkinsonism	Low immune cell specificity		Low lineage specificity		Low tissue specificity	1	0	0	0	0	0	0	0	0	0	0	0	0	0	0		0	0	0	0	Non-immune
2206	PTS	6-pyruvoyl tetrahydrobiopterin synthase	Disease related genes, Enzymes, Human disease related genes, Metabolic proteins, Potential drug targets, Predicted intracellular proteins	Tetrahydrobiopterin biosynthesis	Lyase	Disease variant, Phenylketonuria	Low immune cell specificity		Low lineage specificity		Low tissue specificity	1	0	0	0	0	0	0	0	0	0	0	0	0	0	0		0	0	0	0	Non-immune
2207	PTTG1	Securin	Cancer-related genes, Essential proteins, Predicted intracellular proteins	Cell cycle, Cell division, Chromosome partition, DNA damage, DNA repair, Mitosis		Cancer-related genes, Proto-oncogene	Immune cell enhanced	T-reg: 218.7	Lineage enriched		Tissue enhanced	1	0	0	0	0	0	0	0	0	0	0	0	0	0	1	T-cell	0	0	2	1	Immune-cell-enriched
2208	PTX3	Pentraxin-related protein PTX3	Plasma proteins, Predicted secreted proteins				Not detected in immune cells		Not detected	Secreted to blood	Tissue enhanced	1	0	0	0	0	0	0	0	0	0	0	0	0	0	0		1	0	0	0	Non-immune
2209	PVALB	Parvalbumin alpha	Predicted intracellular proteins		Muscle protein		Immune cell enriched	neutrophil: 4.6	Lineage enriched		Tissue enhanced	1	0	0	0	0	0	0	0	0	0	0	0	0	0	1	Granulocyte	0	0	2	1	Immune-cell-enriched
2210	PVR	Poliovirus receptor	CD markers, Plasma proteins, Predicted intracellular proteins, Predicted membrane proteins, Predicted secreted proteins	Cell adhesion, Host-virus interaction	Host cell receptor for virus entry, Receptor		Group enriched	classical monocyte: 4.4;intermediate monocyte: 4.4;myeloid DC: 3.6;neutrophil: 1.4;non-classical monocyte: 5.1	Group enriched	Secreted - unknown location	Low tissue specificity	1	0	0	0	0	0	0	0	0	0	0	0	0	1	1	Myeloid/Monocyte;Granulocyte;Dendritic	1	0	2	1	Immune-cell-enriched
2211	PXDNL	Peroxidasin-like protein	Predicted intracellular proteins		Endonuclease, Hydrolase, Nuclease, Oxidoreductase		Not detected in immune cells		Not detected	Intracellular and membrane	Tissue enriched	1	0	0	0	0	0	0	0	0	0	0	0	0	0	0		0	0	0	0	Non-immune
2212	PXN	Paxillin	Predicted intracellular proteins	Cell adhesion			Immune cell enhanced	neutrophil: 170.2	Low lineage specificity		Low tissue specificity	1	0	0	0	0	0	0	0	0	0	0	0	0	0	1	Granulocyte	0	0	2	1	Immune-cell-enriched
2213	PYDC1	Pyrin domain-containing protein 1	Predicted intracellular proteins		Signal transduction inhibitor		Not detected in immune cells		Not detected		Group enriched	1	0	0	0	0	0	0	0	0	0	0	0	0	0	0		0	0	0	0	Non-immune
2214	PYY	Peptide YY	Predicted secreted proteins		Hormone		Not detected in immune cells		Not detected	Secreted to blood	Tissue enriched	1	0	0	0	0	0	0	0	0	0	0	0	0	0	0		1	0	0	0	Non-immune
2215	PZP	Pregnancy zone protein	Cancer-related genes, Plasma proteins, Predicted secreted proteins		Protease inhibitor, Serine protease inhibitor	Cancer-related genes	Immune cell enhanced	gdT-cell: 1.1;MAIT T-cell: 1.1	Lineage enriched	Secreted to blood	Tissue enriched	1	0	0	0	0	0	0	0	0	0	0	0	0	0	1	T-cell	1	0	2	1	Immune-cell-enriched
2216	QDPR	Dihydropteridine reductase	Disease related genes, Enzymes, Human disease related genes, Metabolic proteins, Plasma proteins, Potential drug targets, Predicted intracellular proteins	Tetrahydrobiopterin biosynthesis	Oxidoreductase	Disease variant, Phenylketonuria	Low immune cell specificity		Low lineage specificity		Group enriched	1	0	0	0	0	0	0	0	0	0	0	0	0	0	0		0	0	0	0	Non-immune
2217	QPCT	Glutaminyl-peptide cyclotransferase	Enzymes, Metabolic proteins, Plasma proteins, Predicted intracellular proteins, Predicted secreted proteins		Acyltransferase, Transferase		Immune cell enriched	neutrophil: 1536.9	Lineage enriched	Secreted to blood	Tissue enhanced	1	0	0	0	0	0	0	0	0	0	0	0	0	0	1	Granulocyte	1	0	2	1	Immune-cell-enriched
2218	QSOX1	Sulfhydryl oxidase 1	Enzymes, Plasma proteins, Predicted intracellular proteins, Predicted membrane proteins, Predicted secreted proteins		Oxidoreductase		Low immune cell specificity		Low lineage specificity	Secreted to extracellular matrix	Low tissue specificity	1	0	0	0	0	0	0	0	0	0	0	0	0	0	0		1	0	0	0	Non-immune
2219	RAB10	Ras-related protein Rab-10	Enzymes, Predicted intracellular proteins	Protein transport, Transport	Hydrolase	Neurodegeneration	Low immune cell specificity		Low lineage specificity		Low tissue specificity	1	0	0	0	0	0	0	0	0	0	0	0	0	0	0		0	0	0	0	Non-immune
2220	RAB11FIP3	Rab11 family-interacting protein 3	Cancer-related genes, Predicted intracellular proteins	Cell cycle, Cell division, Transport		Cancer-related genes	Not detected in immune cells		Not detected		Tissue enhanced	1	0	0	0	0	0	0	0	0	0	0	0	0	0	0		0	0	0	0	Non-immune
2221	RAB27B	Ras-related protein Rab-27B	Enzymes, Plasma proteins, Predicted intracellular proteins		Hydrolase		Immune cell enhanced	gdT-cell: 2.2;NK-cell: 2.6	Low lineage specificity		Tissue enhanced	1	0	0	0	0	0	0	0	0	0	0	0	0	0	1	T-cell;NK-cell	0	0	2	1	Immune-cell-enriched
2222	RAB2B	Ras-related protein Rab-2B	Enzymes, Predicted intracellular proteins	ER-Golgi transport, Protein transport, Transport	Hydrolase		Low immune cell specificity		Low lineage specificity		Low tissue specificity	1	0	0	0	0	0	0	0	0	0	0	0	0	0	0		0	0	0	0	Non-immune
2223	RAB33A	Ras-related protein Rab-33A	Predicted intracellular proteins		Hydrolase		Low immune cell specificity		Low lineage specificity		Tissue enhanced	1	0	0	0	0	0	0	0	0	0	0	0	0	0	0		0	0	0	0	Non-immune
2224	RAB37	Ras-related protein Rab-37	Plasma proteins, Predicted intracellular proteins	Protein transport, Transport	Hydrolase		Immune cell enhanced	basophil: 269.5	Lineage enriched		Tissue enhanced	1	0	0	0	0	0	0	0	0	0	0	0	0	0	1	Granulocyte	0	0	2	1	Immune-cell-enriched
2225	RAB39B	Ras-related protein Rab-39B	Disease related genes, Human disease related genes, Plasma proteins, Predicted intracellular proteins	Autophagy, Protein transport, Transport	Hydrolase	Autism spectrum disorder, Disease variant, Intellectual disability, Parkinson disease	Low immune cell specificity		Low lineage specificity		Tissue enhanced	1	0	0	0	0	0	0	0	0	0	0	0	0	0	0		0	0	0	0	Non-immune
2226	RAB3GAP1	Rab3 GTPase-activating protein catalytic subunit	Disease related genes, Human disease related genes, Predicted intracellular proteins		GTPase activation	Cataract, Disease variant, Intellectual disability	Low immune cell specificity		Low lineage specificity		Low tissue specificity	1	0	0	0	0	0	0	0	0	0	0	0	0	0	0		0	0	0	0	Non-immune
2227	RAB44	Ras-related protein Rab-44	Predicted intracellular proteins				Group enriched	basophil: 10.6;eosinophil: 7.2	Lineage enriched		Tissue enriched	1	0	0	0	0	0	0	0	0	0	0	0	0	0	1	Granulocyte	0	0	2	1	Immune-cell-enriched
2228	RAB6A	Ras-related protein Rab-6A	Predicted intracellular proteins	ER-Golgi transport, Host-virus interaction, Protein transport, Transport	Hydrolase		Low immune cell specificity		Low lineage specificity		Low tissue specificity	1	0	0	0	0	0	0	0	0	0	0	0	0	0	0		0	0	0	0	Non-immune
2229	RAB6B	Ras-related protein Rab-6B	Enzymes, Predicted intracellular proteins	ER-Golgi transport, Protein transport, Transport	Hydrolase		Immune cell enriched	MAIT T-cell: 7.4	Lineage enriched		Tissue enriched	1	0	0	0	0	0	0	0	0	0	0	0	0	0	1	T-cell	0	0	2	1	Immune-cell-enriched
2230	RABEP1	Rab GTPase-binding effector protein 1	Cancer-related genes, Predicted intracellular proteins	Apoptosis, Endocytosis, Protein transport, Transport		Cancer-related genes	Low immune cell specificity		Low lineage specificity		Low tissue specificity	1	0	0	0	0	0	0	0	0	0	0	0	0	0	0		0	0	0	0	Non-immune
2231	RABEPK	Rab9 effector protein with kelch motifs	Predicted intracellular proteins				Low immune cell specificity		Low lineage specificity		Low tissue specificity	1	0	0	0	0	0	0	0	0	0	0	0	0	0	0		0	0	0	0	Non-immune
2232	RABGAP1L	Rab GTPase-activating protein 1-like	Disease related genes, Predicted intracellular proteins, Predicted membrane proteins	Endocytosis, Protein transport, Transport	GTPase activation		Low immune cell specificity		Low lineage specificity		Tissue enhanced	1	0	0	0	0	0	0	0	0	0	0	0	0	0	0		0	0	0	0	Non-immune
2233	RAC3	Ras-related C3 botulinum toxin substrate 3	Disease related genes, Enzymes, Human disease related genes, Potential drug targets, Predicted intracellular proteins, RAS pathway related proteins		Hydrolase	Disease variant, Intellectual disability	Not detected in immune cells		Not detected		Tissue enhanced	1	0	0	0	0	0	0	0	0	0	0	0	0	0	0		0	0	0	0	Non-immune
2234	RAD23B	UV excision repair protein RAD23 homolog B	Cancer-related genes, Plasma proteins, Predicted intracellular proteins	DNA damage, DNA repair, Ubl conjugation pathway		Cancer-related genes	Low immune cell specificity		Low lineage specificity		Low tissue specificity	1	0	0	0	0	0	0	0	0	0	0	0	0	0	0		0	0	0	0	Non-immune
2235	RAD51	DNA repair protein RAD51 homolog 1	Cancer-related genes, Disease related genes, Essential proteins, Human disease related genes, Predicted intracellular proteins	DNA damage, DNA recombination, DNA repair	DNA-binding	Cancer-related genes, Disease variant, Fanconi anemia	Low immune cell specificity		Low lineage specificity		Tissue enhanced	1	0	0	0	0	0	0	0	0	0	0	0	0	0	0		0	0	0	0	Non-immune
2236	RALB	Ras-related protein Ral-B	Enzymes, Predicted intracellular proteins, RAS pathway related proteins	Apoptosis, Cell cycle, Cell division	Hydrolase		Immune cell enhanced	neutrophil: 380.1	Group enriched		Tissue enriched	1	0	0	0	0	0	0	0	0	0	0	0	0	0	1	Granulocyte	0	0	2	1	Immune-cell-enriched
2237	RALY	RNA-binding protein Raly	Plasma proteins, Predicted intracellular proteins	mRNA processing, mRNA splicing, Transcription, Transcription regulation	Ribonucleoprotein, RNA-binding		Low immune cell specificity		Low lineage specificity		Low tissue specificity	1	0	0	0	0	0	0	0	0	0	0	0	0	0	0		0	0	0	0	Non-immune
2238	RANBP1	Ran-specific GTPase-activating protein	Essential proteins, Plasma proteins, Predicted intracellular proteins		GTPase activation		Low immune cell specificity		Low lineage specificity		Low tissue specificity	1	0	0	0	0	0	0	0	0	0	0	0	0	0	0		0	0	0	0	Non-immune
2239	RANBP2	E3 SUMO-protein ligase RanBP2	Cancer-related genes, Disease related genes, Essential proteins, Human disease related genes, Metabolic proteins, Plasma proteins, Potential drug targets, Predicted intracellular proteins, Transporters	mRNA transport, Protein transport, Translocation, Transport, Ubl conjugation pathway	RNA-binding, Transferase	Cancer-related genes	Low immune cell specificity		Low lineage specificity		Low tissue specificity	1	0	0	0	0	0	0	0	0	0	0	0	0	0	0		0	0	0	0	Non-immune
2240	RANGAP1	Ran GTPase-activating protein 1	Essential proteins, Plasma proteins, Predicted intracellular proteins, Transporters		GTPase activation		Low immune cell specificity		Low lineage specificity		Tissue enhanced	1	0	0	0	0	0	0	0	0	0	0	0	0	0	0		0	0	0	0	Non-immune
2241	RAP1A	Ras-related protein Rap-1A	Enzymes, Predicted intracellular proteins, RAS pathway related proteins	Neurogenesis	Hydrolase	Tumor suppressor	Low immune cell specificity		Low lineage specificity		Low tissue specificity	1	0	0	0	0	0	0	0	0	0	0	0	0	0	0		0	0	0	0	Non-immune
2242	RAPGEF2	Rap guanine nucleotide exchange factor 2	Disease related genes, Human disease related genes, Predicted intracellular proteins	Differentiation, Neurogenesis	Developmental protein, GTPase activation, Guanine-nucleotide releasing factor	Epilepsy	Immune cell enhanced	neutrophil: 2.3	Low lineage specificity		Low tissue specificity	1	0	0	0	0	0	0	0	0	0	0	0	0	0	1	Granulocyte	0	0	2	1	Immune-cell-enriched
2243	RARRES1	Retinoic acid receptor responder protein 1	Predicted intracellular proteins		Protease inhibitor		Not detected in immune cells		Not detected	Intracellular and membrane	Tissue enhanced	1	0	0	0	0	0	0	0	0	0	0	0	0	1	0		0	0	0	0	Soluble receptor
2244	RARRES2	Retinoic acid receptor responder protein 2	Plasma proteins, Predicted secreted proteins	Chemotaxis, Differentiation, Inflammatory response			Immune cell enriched	plasmacytoid DC: 5.4	Lineage enriched	Secreted to blood	Tissue enhanced	1	0	0	0	0	0	0	0	0	0	0	0	0	1	1	Myeloid/Monocyte;Dendritic	1	1	3	1	Immune-cell-enriched
2245	RASA1	Ras GTPase-activating protein 1	Cancer-related genes, Disease related genes, Human disease related genes, Plasma proteins, Predicted intracellular proteins, RAS pathway related proteins		GTPase activation	Cancer-related genes, Disease variant, Tumor suppressor	Low immune cell specificity		Low lineage specificity		Tissue enhanced	1	0	0	0	0	0	0	0	0	0	0	0	0	0	0		0	0	0	0	Non-immune
2246	RASGRF1	Ras-specific guanine nucleotide-releasing factor 1	Predicted intracellular proteins, RAS pathway related proteins		Guanine-nucleotide releasing factor		Not detected in immune cells		Not detected		Tissue enriched	1	0	0	0	0	0	0	0	0	0	0	0	0	0	0		0	0	0	0	Non-immune
2247	RASSF2	Ras association domain-containing protein 2	Predicted intracellular proteins	Cell cycle		Tumor suppressor	Low immune cell specificity		Low lineage specificity		Tissue enhanced	1	0	0	0	0	0	0	0	0	0	0	0	0	0	0		0	0	0	0	Non-immune
2248	RBFOX3	RNA binding protein fox-1 homolog 3	Predicted intracellular proteins	mRNA processing, mRNA splicing	RNA-binding		Not detected in immune cells		Not detected		Group enriched	1	0	0	0	0	0	0	0	0	0	0	0	0	0	0		0	0	0	0	Non-immune
2249	RBKS	Ribokinase	Enzymes, Metabolic proteins, Predicted intracellular proteins	Carbohydrate metabolism	Kinase, Transferase		Low immune cell specificity		Low lineage specificity		Tissue enhanced	1	0	0	0	0	0	0	0	0	0	0	0	0	0	0		0	0	0	0	Non-immune
2250	RBM17	Splicing factor 45	Essential proteins, Plasma proteins, Predicted intracellular proteins	mRNA processing, mRNA splicing	RNA-binding		Low immune cell specificity		Low lineage specificity		Low tissue specificity	1	0	0	0	0	0	0	0	0	0	0	0	0	0	0		0	0	0	0	Non-immune
2251	RBM19	Probable RNA-binding protein 19	Essential proteins, Plasma proteins, Predicted intracellular proteins		Developmental protein, RNA-binding		Low immune cell specificity		Low lineage specificity		Low tissue specificity	1	0	0	0	0	0	0	0	0	0	0	0	0	0	0		0	0	0	0	Non-immune
2252	RBM25	RNA-binding protein 25	Essential proteins, Plasma proteins, Predicted intracellular proteins	mRNA processing, mRNA splicing	RNA-binding		Low immune cell specificity		Low lineage specificity		Low tissue specificity	1	0	0	0	0	0	0	0	0	0	0	0	0	0	0		0	0	0	0	Non-immune
2253	RBP1	Retinol-binding protein 1	Metabolic proteins, Predicted intracellular proteins	Transport			Not detected in immune cells		Not detected		Tissue enhanced	1	0	0	0	0	0	0	0	0	0	0	0	0	0	0		0	0	0	0	Non-immune
2254	RBP2	Retinol-binding protein 2	Metabolic proteins, Predicted intracellular proteins, Transporters	Transport			Not detected in immune cells		Not detected		Tissue enriched	1	0	0	0	0	0	0	0	0	0	0	0	0	0	0		0	0	0	0	Non-immune
2255	RBP5	Retinol-binding protein 5	Plasma proteins, Predicted intracellular proteins	Transport			Not detected in immune cells		Not detected		Group enriched	1	0	0	0	0	0	0	0	0	0	0	0	0	0	0		0	0	0	0	Non-immune
2256	RBP7	Retinoid-binding protein 7	Predicted intracellular proteins	Transport			Immune cell enhanced	classical monocyte: 312.6;neutrophil: 347.3	Group enriched		Tissue enhanced	1	0	0	0	0	0	0	0	0	0	0	0	0	0	1	Myeloid/Monocyte;Granulocyte	0	0	2	1	Immune-cell-enriched
2257	RBPMS	RNA-binding protein with multiple splicing	Predicted intracellular proteins	Transcription, Transcription regulation	Activator, RNA-binding		Immune cell enriched	plasmacytoid DC: 1.0	Lineage enriched		Tissue enhanced	1	0	0	0	0	0	0	0	0	0	0	0	0	0	1	Myeloid/Monocyte;Dendritic	0	0	2	1	Immune-cell-enriched
2258	RBPMS2	RNA-binding protein with multiple splicing 2	Predicted intracellular proteins		Developmental protein, RNA-binding		Not detected in immune cells		Not detected		Tissue enhanced	1	0	0	0	0	0	0	0	0	0	0	0	0	0	0		0	0	0	0	Non-immune
2259	RCC1	Regulator of chromosome condensation	Essential proteins, Plasma proteins, Predicted intracellular proteins	Cell cycle, Cell division, Mitosis	DNA-binding, Guanine-nucleotide releasing factor		Low immune cell specificity		Low lineage specificity		Low tissue specificity	1	0	0	0	0	0	0	0	0	0	0	0	0	0	0		0	0	0	0	Non-immune
2260	RCOR1	REST corepressor 1	Predicted intracellular proteins	Host-virus interaction, Transcription, Transcription regulation	Chromatin regulator, Repressor		Low immune cell specificity		Low lineage specificity		Low tissue specificity	1	0	0	0	0	0	0	0	0	0	0	0	0	0	0		0	0	0	0	Non-immune
2261	RECK	Reversion-inducing cysteine-rich protein with Kazal motifs	Plasma proteins, Predicted membrane proteins	Wnt signaling pathway	Protease inhibitor, Serine protease inhibitor	Tumor suppressor	Low immune cell specificity		Low lineage specificity		Low tissue specificity	1	0	0	0	0	0	0	0	0	0	0	0	0	0	0		0	0	0	0	Non-immune
2262	REEP4	Receptor expression-enhancing protein 4	Predicted membrane proteins	Cell cycle, Cell division, Mitosis			Low immune cell specificity		Low lineage specificity		Tissue enhanced	1	0	0	0	0	0	0	0	0	0	0	0	0	1	0		0	0	0	0	Soluble receptor
2263	REG1A	Lithostathine-1-alpha	Plasma proteins, Predicted secreted proteins, Transporters				Not detected in immune cells		Not detected	Secreted to digestive system	Tissue enriched	1	0	0	0	0	0	0	0	0	0	0	0	0	0	0		1	0	0	0	Non-immune
2264	REG1B	Lithostathine-1-beta	Predicted intracellular proteins, Predicted secreted proteins				Not detected in immune cells		Not detected	Secreted to digestive system	Tissue enriched	1	0	0	0	0	0	0	0	0	0	0	0	0	0	0		1	0	0	0	Non-immune
2265	REG3A	Regenerating islet-derived protein 3-alpha	Plasma proteins, Predicted secreted proteins, Transporters	Acute phase, Inflammatory response	Antimicrobial		Not detected in immune cells		Not detected	Secreted to digestive system	Group enriched	1	0	0	0	0	0	0	0	0	0	0	0	0	0	0		1	1	1	0	Other immune-annotated
2266	REG3G	Regenerating islet-derived protein 3-gamma	Predicted secreted proteins	Acute phase, Inflammatory response	Antimicrobial		Not detected in immune cells		Not detected	Secreted to digestive system	Tissue enriched	1	0	0	0	0	0	0	0	0	0	0	0	0	0	0		1	1	1	0	Other immune-annotated
2267	REG4	Regenerating islet-derived protein 4	Predicted secreted proteins				Immune cell enriched	naive CD8 T-cell: 24.7	Lineage enriched	Secreted to digestive system	Tissue enriched	1	0	0	0	0	0	0	0	0	0	0	0	0	0	1	T-cell	1	0	2	1	Immune-cell-enriched
2268	RELB	Transcription factor RelB	Cancer-related genes, Disease related genes, Human disease related genes, Plasma proteins, Predicted intracellular proteins, Transcription factors	Biological rhythms, Transcription, Transcription regulation	Activator, DNA-binding, Repressor	Cancer-related genes, Disease variant	Immune cell enhanced	neutrophil: 15.6	Low lineage specificity		Low tissue specificity	1	0	0	0	0	0	0	0	0	0	0	0	0	0	1	Granulocyte	0	0	2	1	Immune-cell-enriched
2269	RELT	Tumor necrosis factor receptor superfamily member 19L	Disease related genes, Human disease related genes, Predicted intracellular proteins, Predicted membrane proteins	Apoptosis	Receptor	Amelogenesis imperfecta, Disease variant	Low immune cell specificity		Low lineage specificity		Tissue enriched	1	0	0	0	0	0	0	0	0	0	0	0	0	1	0		0	0	0	0	Soluble receptor
2270	REN	Renin	Candidate cardiovascular disease genes, Disease related genes, Enzymes, FDA approved drug targets, Human disease related genes, Predicted intracellular proteins, Predicted secreted proteins		Aspartyl protease, Hydrolase, Protease	Disease variant, FDA approved drug targets	Not detected in immune cells		Not detected	Secreted to blood	Tissue enriched	1	0	0	0	0	0	0	0	0	0	0	0	0	0	0		1	0	0	0	Non-immune
2271	REPS1	RalBP1-associated Eps domain-containing protein 1	Disease related genes, Human disease related genes, Predicted intracellular proteins			Disease variant, Neurodegeneration	Low immune cell specificity		Low lineage specificity		Low tissue specificity	1	0	0	0	0	0	0	0	0	0	0	0	0	0	0		0	0	0	0	Non-immune
2272	REST	RE1-silencing transcription factor	Disease related genes, Human disease related genes, Plasma proteins, Predicted intracellular proteins, Transcription factors	Transcription, Transcription regulation	Repressor	Deafness, Disease variant, Non-syndromic deafness	Low immune cell specificity		Low lineage specificity		Low tissue specificity	1	0	0	0	0	0	0	0	0	0	0	0	0	0	0		0	0	0	0	Non-immune
2273	RET	Proto-oncogene tyrosine-protein kinase receptor Ret	Cancer-related genes, Disease related genes, Enzymes, FDA approved drug targets, Human disease related genes, Plasma proteins, Predicted intracellular proteins, Predicted membrane proteins, Transporters	Cell adhesion	Kinase, Receptor, Transferase, Tyrosine-protein kinase	Cancer-related genes, Disease variant, FDA approved drug targets, Hirschsprung disease, Proto-oncogene	Not detected in immune cells		Not detected		Tissue enhanced	1	0	0	0	0	0	0	0	0	0	0	0	0	1	0		0	0	0	0	Soluble receptor
2274	RETN	Resistin	Candidate cardiovascular disease genes, Plasma proteins, Predicted secreted proteins		Hormone	Diabetes mellitus, Obesity	Group enriched	classical monocyte: 171.1;intermediate monocyte: 92.0;myeloid DC: 118.9;non-classical monocyte: 47.6	Group enriched	Secreted to blood	Tissue enriched	1	0	0	0	0	0	0	0	0	0	0	0	0	0	1	Myeloid/Monocyte;Dendritic	1	0	2	1	Immune-cell-enriched
2275	REXO2	Oligoribonuclease, mitochondrial	Predicted intracellular proteins		Exonuclease, Hydrolase, Nuclease		Low immune cell specificity		Low lineage specificity		Low tissue specificity	1	0	0	0	0	0	0	0	0	0	0	0	0	0	0		0	0	0	0	Non-immune
2276	RFC4	Replication factor C subunit 4	Essential proteins, Plasma proteins, Predicted intracellular proteins	DNA replication		Deafness	Low immune cell specificity		Low lineage specificity		Low tissue specificity	1	0	0	0	0	0	0	0	0	0	0	0	0	0	0		0	0	0	0	Non-immune
2277	RGCC	Regulator of cell cycle RGCC	Predicted intracellular proteins	Cell cycle			Immune cell enhanced	naive CD4 T-cell: 160.9;T-reg: 91.1	Lineage enriched		Tissue enhanced	1	0	0	0	0	0	0	0	0	0	0	0	0	0	1	T-cell	0	0	2	1	Immune-cell-enriched
2278	RGL2	Ral guanine nucleotide dissociation stimulator-like 2	Plasma proteins, Predicted intracellular proteins, RAS pathway related proteins		Guanine-nucleotide releasing factor		Low immune cell specificity		Low lineage specificity		Low tissue specificity	1	0	0	0	0	0	0	0	0	0	0	0	0	0	0		0	0	0	0	Non-immune
2279	RGMA	Repulsive guidance molecule A	Predicted intracellular proteins, Predicted secreted proteins				Not detected in immune cells		Not detected	Secreted - unknown location	Tissue enhanced	1	0	0	0	0	0	0	0	0	0	0	0	0	0	0		1	0	0	0	Non-immune
2280	RGMB	RGM domain family member B	Predicted intracellular proteins, Predicted membrane proteins				Immune cell enhanced	naive CD4 T-cell: 3.3	Group enriched		Low tissue specificity	1	0	0	0	0	0	0	0	0	0	0	0	0	0	1	T-cell	0	0	2	1	Immune-cell-enriched
2281	RGS10	Regulator of G-protein signaling 10	Predicted intracellular proteins		GTPase activation, Signal transduction inhibitor		Low immune cell specificity		Low lineage specificity		Tissue enhanced	1	0	0	0	0	0	0	0	0	0	0	0	0	0	0		0	0	0	0	Non-immune
2282	RGS8	Regulator of G-protein signaling 8	Predicted intracellular proteins		GTPase activation, Signal transduction inhibitor		Not detected in immune cells		Not detected		Group enriched	1	0	0	0	0	0	0	0	0	0	0	0	0	0	0		0	0	0	0	Non-immune
2283	RHOC	Rho-related GTP-binding protein RhoC	Cancer-related genes, Predicted intracellular proteins			Cancer-related genes	Immune cell enhanced	non-classical monocyte: 1403.4	Lineage enriched		Low tissue specificity	1	0	0	0	0	0	0	0	0	0	0	0	0	0	1	Myeloid/Monocyte	0	0	2	1	Immune-cell-enriched
2284	RICTOR	Rapamycin-insensitive companion of mTOR	Essential proteins, Predicted intracellular proteins, Transporters	Host-virus interaction	Developmental protein		Immune cell enhanced	neutrophil: 30.8	Lineage enriched		Low tissue specificity	1	0	0	0	0	0	0	0	0	0	0	0	0	0	1	Granulocyte	0	0	2	1	Immune-cell-enriched
2285	RIDA	2-iminobutanoate/2-iminopropanoate deaminase	Enzymes, Plasma proteins, Predicted intracellular proteins	Lipid metabolism	Hydrolase, RNA-binding		Low immune cell specificity		Low lineage specificity		Group enriched	1	0	0	0	0	0	0	0	0	0	0	0	0	0	0		0	0	0	0	Non-immune
2286	RILP	Rab-interacting lysosomal protein	Predicted intracellular proteins	Protein transport, Transport			Group enriched	classical monocyte: 3.5;eosinophil: 1.0;intermediate monocyte: 1.2;myeloid DC: 2.4;neutrophil: 3.4;plasmacytoid DC: 1.3	Group enriched		Tissue enhanced	1	0	0	0	0	0	0	0	0	0	0	0	0	0	1	Myeloid/Monocyte;Granulocyte;Dendritic	0	0	2	1	Immune-cell-enriched
2287	RILPL2	RILP-like protein 2	Predicted intracellular proteins	Protein transport, Transport			Low immune cell specificity		Low lineage specificity		Tissue enhanced	1	0	0	0	0	0	0	0	0	0	0	0	0	0	0		0	0	0	0	Non-immune
2288	RIPK4	Receptor-interacting serine/threonine-protein kinase 4	Disease related genes, Enzymes, Human disease related genes, Potential drug targets, Predicted intracellular proteins		Kinase, Receptor, Serine/threonine-protein kinase, Transferase	Disease variant, Ectodermal dysplasia	Not detected in immune cells		Not detected		Tissue enhanced	1	0	0	0	0	0	0	0	0	0	0	0	0	1	0		0	0	0	0	Soluble receptor
2289	RLN1	Prorelaxin H1	Plasma proteins, Predicted secreted proteins		Hormone		Not detected in immune cells		Not detected	Secreted to blood	Tissue enriched	1	0	0	0	0	0	0	0	0	0	0	0	0	0	0		1	0	0	0	Non-immune
2290	RLN2	Prorelaxin H2	Predicted intracellular proteins, Predicted secreted proteins		Hormone		Group enriched	gdT-cell: 1.4;MAIT T-cell: 4.2;memory B-cell: 1.9;memory CD4 T-cell: 2.8;memory CD8 T-cell: 2.3;naive B-cell: 1.4;naive CD4 T-cell: 4.0;naive CD8 T-cell: 3.0;NK-cell: 3.5;T-reg: 1.4	Group enriched	Secreted to blood	Tissue enhanced	1	0	0	0	0	0	0	0	0	0	0	0	0	0	1	T-cell;B-cell;NK-cell	1	0	2	1	Immune-cell-enriched
2291	RNASE1	Ribonuclease pancreatic	Enzymes, Plasma proteins, Predicted intracellular proteins, Predicted secreted proteins		Endonuclease, Hydrolase, Lyase, Nuclease		Immune cell enhanced	classical monocyte: 9.7;myeloid DC: 20.3	Group enriched	Secreted to digestive system	Tissue enriched	1	0	0	0	0	0	0	0	0	0	0	0	0	0	1	Myeloid/Monocyte;Dendritic	1	0	2	1	Immune-cell-enriched
2292	RNASE10	Inactive ribonuclease-like protein 10	Predicted secreted proteins	Cell adhesion, Fertilization			Not detected in immune cells		Not detected	Secreted - unknown location	Not detected	1	0	0	0	0	0	0	0	0	0	0	0	0	0	0		1	0	0	0	Non-immune
2293	RNASE3	Eosinophil cationic protein	Predicted secreted proteins		Antibiotic, Antimicrobial, Endonuclease, Hydrolase, Nuclease		Immune cell enriched	eosinophil: 307.0	Lineage enriched	Secreted to blood	Tissue enriched	1	0	0	0	0	0	0	0	0	0	0	0	0	0	1	Granulocyte	1	0	2	1	Immune-cell-enriched
2294	RNASE4	Ribonuclease 4	Plasma proteins, Predicted secreted proteins		Antibiotic, Antimicrobial, Endonuclease, Hydrolase, Nuclease		Immune cell enhanced	classical monocyte: 24.1	Low lineage specificity	Secreted to blood	Tissue enriched	1	0	0	0	0	0	0	0	0	0	0	0	0	0	1	Myeloid/Monocyte	1	0	2	1	Immune-cell-enriched
2295	RNASE6	Ribonuclease K6	Predicted secreted proteins		Antibiotic, Antimicrobial, Endonuclease, Hydrolase, Nuclease		Immune cell enhanced	plasmacytoid DC: 1241.7	Low lineage specificity	Secreted to blood	Tissue enhanced	1	0	0	0	0	0	0	0	0	0	0	0	0	0	1	Myeloid/Monocyte;Dendritic	1	0	2	1	Immune-cell-enriched
2296	RNASEH2A	Ribonuclease H2 subunit A	Disease related genes, Enzymes, Human disease related genes, Potential drug targets, Predicted intracellular proteins		Endonuclease, Hydrolase, Nuclease	Aicardi-Goutieres syndrome, Disease variant	Low immune cell specificity		Low lineage specificity		Low tissue specificity	1	0	0	0	0	0	0	0	0	0	0	0	0	0	0		0	0	0	0	Non-immune
2297	RNASET2	Ribonuclease T2	Disease related genes, Enzymes, Human disease related genes, Potential drug targets, Predicted intracellular proteins, Predicted secreted proteins	Immunity, Innate immunity	Endonuclease, Hydrolase, Lyase, Nuclease	Disease variant	Low immune cell specificity		Low lineage specificity	Secreted to blood	Low tissue specificity	1	0	0	0	0	0	0	0	0	0	0	0	0	0	0		1	1	1	0	Other immune-annotated
2298	RNF149	E3 ubiquitin-protein ligase RNF149	Enzymes, Metabolic proteins, Predicted membrane proteins	Ubl conjugation pathway	Transferase		Immune cell enriched	neutrophil: 621.0	Lineage enriched		Low tissue specificity	1	0	0	0	0	0	0	0	0	0	0	0	0	0	1	Granulocyte	0	0	2	1	Immune-cell-enriched
2299	RNF168	E3 ubiquitin-protein ligase RNF168	Disease related genes, Enzymes, Essential proteins, Human disease related genes, Potential drug targets, Predicted intracellular proteins	DNA damage, DNA repair, Ubl conjugation pathway	Chromatin regulator, Transferase		Low immune cell specificity		Low lineage specificity		Low tissue specificity	1	0	0	0	0	0	0	0	0	0	0	0	0	0	0		0	0	0	0	Non-immune
2300	RNF31	E3 ubiquitin-protein ligase RNF31	Enzymes, Metabolic proteins, Predicted intracellular proteins	Ubl conjugation pathway	Transferase	Disease variant	Low immune cell specificity		Low lineage specificity		Low tissue specificity	1	0	0	0	0	0	0	0	0	0	0	0	0	0	0		0	0	0	0	Non-immune
2301	RNF4	E3 ubiquitin-protein ligase RNF4	Enzymes, Essential proteins, Predicted intracellular proteins	Transcription, Transcription regulation, Ubl conjugation pathway	Activator, DNA-binding, Transferase		Low immune cell specificity		Low lineage specificity		Low tissue specificity	1	0	0	0	0	0	0	0	0	0	0	0	0	0	0		0	0	0	0	Non-immune
2302	RNF41	E3 ubiquitin-protein ligase NRDP1	Enzymes, Metabolic proteins, Predicted intracellular proteins	Apoptosis, Autophagy, Ubl conjugation pathway	Transferase		Low immune cell specificity		Low lineage specificity		Low tissue specificity	1	0	0	0	0	0	0	0	0	0	0	0	0	0	0		0	0	0	0	Non-immune
2303	RNF43	E3 ubiquitin-protein ligase RNF43	Cancer-related genes, Disease related genes, Enzymes, Potential drug targets, Predicted membrane proteins	Ubl conjugation pathway, Wnt signaling pathway	Developmental protein, Transferase	Cancer-related genes	Not detected in immune cells		Not detected		Tissue enhanced	1	0	0	0	0	0	0	0	0	0	0	0	0	0	0		0	0	0	0	Non-immune
2304	RNF5	E3 ubiquitin-protein ligase RNF5	Enzymes, Metabolic proteins, Predicted membrane proteins	Ubl conjugation pathway	Transferase		Low immune cell specificity		Low lineage specificity		Low tissue specificity	1	0	0	0	0	0	0	0	0	0	0	0	0	0	0		0	0	0	0	Non-immune
2305	ROBO1	Roundabout homolog 1	Predicted intracellular proteins, Predicted membrane proteins	Chemotaxis, Differentiation, Neurogenesis	Developmental protein, Receptor	Disease variant, Dwarfism, Intellectual disability	Not detected in immune cells		Not detected		Low tissue specificity	1	0	0	0	0	0	0	0	0	0	0	0	0	0	0		0	0	0	0	Non-immune
2306	ROBO2	Roundabout homolog 2	Disease related genes, Human disease related genes, Plasma proteins, Predicted intracellular proteins, Predicted membrane proteins	Chemotaxis, Differentiation, Neurogenesis	Developmental protein, Receptor	Disease variant	Not detected in immune cells		Not detected		Tissue enhanced	1	0	0	0	0	0	0	0	0	0	0	0	0	0	0		0	0	0	0	Non-immune
2307	ROBO4	Roundabout homolog 4	Disease related genes, Human disease related genes, Plasma proteins, Predicted membrane proteins	Angiogenesis, Differentiation	Developmental protein, Receptor	Disease variant	Not detected in immune cells		Not detected		Low tissue specificity	1	0	0	0	0	0	0	0	0	0	0	0	0	0	0		0	0	0	0	Non-immune
2308	ROR1	Inactive tyrosine-protein kinase transmembrane receptor ROR1	Disease related genes, Enzymes, Human disease related genes, Potential drug targets, Predicted intracellular proteins, Predicted membrane proteins	Wnt signaling pathway	Kinase, Receptor, Transferase	Deafness, Disease variant, Non-syndromic deafness	Not detected in immune cells		Not detected	Intracellular and membrane	Tissue enhanced	1	0	0	0	0	0	0	0	0	0	0	0	0	1	0		0	0	0	0	Soluble receptor
2309	RP2	Protein XRP2	Disease related genes, Human disease related genes, Predicted intracellular proteins	Protein transport, Transport	GTPase activation	Disease variant, Retinitis pigmentosa	Low immune cell specificity		Low lineage specificity		Tissue enhanced	1	0	0	0	0	0	0	0	0	0	0	0	0	0	0		0	0	0	0	Non-immune
2310	RPA2	Replication protein A 32 kDa subunit	Cancer-related genes, Essential proteins, Plasma proteins, Predicted intracellular proteins	DNA damage, DNA recombination, DNA repair, DNA replication	DNA-binding	Cancer-related genes	Low immune cell specificity		Low lineage specificity		Low tissue specificity	1	0	0	0	0	0	0	0	0	0	0	0	0	0	0		0	0	0	0	Non-immune
2311	RPE	Ribulose-phosphate 3-epimerase	Enzymes, Essential proteins, Metabolic proteins, Predicted intracellular proteins	Carbohydrate metabolism	Isomerase		Low immune cell specificity		Low lineage specificity		Low tissue specificity	1	0	0	0	0	0	0	0	0	0	0	0	0	0	0		0	0	0	0	Non-immune
2312	RPGR	X-linked retinitis pigmentosa GTPase regulator	Cancer-related genes, Disease related genes, Human disease related genes, Predicted intracellular proteins, Predicted membrane proteins	Cilium biogenesis/degradation, Sensory transduction, Vision	Guanine-nucleotide releasing factor	Cancer-related genes, Ciliopathy, Cone-rod dystrophy, Deafness, Disease variant, Retinitis pigmentosa	Immune cell enhanced	neutrophil: 14.8	Lineage enriched		Low tissue specificity	1	0	0	0	0	0	0	0	0	0	0	0	0	0	1	Granulocyte	0	0	2	1	Immune-cell-enriched
2313	RPL14	60S ribosomal protein L14	Essential proteins, Plasma proteins, Predicted intracellular proteins, Ribosomal proteins		Ribonucleoprotein, Ribosomal protein		Low immune cell specificity		Low lineage specificity		Low tissue specificity	1	0	0	0	0	0	0	0	0	0	0	0	0	0	0		0	0	0	0	Non-immune
2314	RPS10	40S ribosomal protein S10	Disease related genes, Essential proteins, Human disease related genes, Plasma proteins, Predicted intracellular proteins, Predicted membrane proteins, Ribosomal proteins		Ribonucleoprotein, Ribosomal protein	Diamond-Blackfan anemia	Low immune cell specificity		Low lineage specificity		Low tissue specificity	1	0	0	0	0	0	0	0	0	0	0	0	0	0	0		0	0	0	0	Non-immune
2315	RRAS	Ras-related protein R-Ras	Predicted intracellular proteins, RAS pathway related proteins		Hydrolase		Group enriched	intermediate monocyte: 20.9;non-classical monocyte: 25.1	Lineage enriched		Tissue enhanced	1	0	0	0	0	0	0	0	0	0	0	0	0	0	1	Myeloid/Monocyte	0	0	2	1	Immune-cell-enriched
2316	RRM2	Ribonucleoside-diphosphate reductase subunit M2	Enzymes, Essential proteins, FDA approved drug targets, Metabolic proteins, Plasma proteins, Predicted membrane proteins	Deoxyribonucleotide synthesis	Oxidoreductase	FDA approved drug targets	Low immune cell specificity		Low lineage specificity		Tissue enhanced	1	0	0	0	0	0	0	0	0	0	0	0	0	0	0		0	0	0	0	Non-immune
2317	RRM2B	Ribonucleoside-diphosphate reductase subunit M2 B	Disease related genes, Enzymes, FDA approved drug targets, Human disease related genes, Metabolic proteins, Predicted intracellular proteins, Predicted membrane proteins	Deoxyribonucleotide synthesis, DNA damage, DNA repair	Oxidoreductase	Deafness, Disease variant, FDA approved drug targets, Neuropathy, Primary mitochondrial disease, Progressive external ophthalmoplegia	Low immune cell specificity		Low lineage specificity		Low tissue specificity	1	0	0	0	0	0	0	0	0	0	0	0	0	0	0		0	0	0	0	Non-immune
2318	RRP15	RRP15-like protein	Essential proteins, Predicted intracellular proteins				Low immune cell specificity		Low lineage specificity		Low tissue specificity	1	0	0	0	0	0	0	0	0	0	0	0	0	0	0		0	0	0	0	Non-immune
2319	RSPO1	R-spondin-1	Disease related genes, Human disease related genes, Predicted intracellular proteins, Predicted secreted proteins	Sensory transduction, Wnt signaling pathway	Heparin-binding	Palmoplantar keratoderma	Not detected in immune cells		Not detected	Secreted in female reproductive system	Tissue enhanced	1	0	0	0	0	0	0	0	0	0	0	0	0	0	0		1	0	0	0	Non-immune
2320	RSPO3	R-spondin-3	Cancer-related genes, Predicted secreted proteins	Sensory transduction, Wnt signaling pathway	Heparin-binding	Cancer-related genes	Not detected in immune cells		Not detected	Secreted to blood	Tissue enhanced	1	0	0	0	0	0	0	0	0	0	0	0	0	0	0		1	0	0	0	Non-immune
2321	RTBDN	Retbindin	Predicted intracellular proteins, Predicted secreted proteins, Transporters				Not detected in immune cells		Not detected	Secreted in other tissues	Tissue enriched	1	0	0	0	0	0	0	0	0	0	0	0	0	0	0		1	0	0	0	Non-immune
2322	RTKN2	Rhotekin-2	Predicted intracellular proteins				Immune cell enriched	T-reg: 16.7	Lineage enriched		Tissue enriched	1	0	0	0	0	0	0	0	0	0	0	0	0	0	1	T-cell	0	0	2	1	Immune-cell-enriched
2323	RTN4IP1	Reticulon-4-interacting protein 1, mitochondrial	Disease related genes, Essential proteins, Human disease related genes, Predicted intracellular proteins	Neurogenesis, Ubiquinone biosynthesis	Oxidoreductase	Disease variant, Epilepsy, Intellectual disability	Low immune cell specificity		Low lineage specificity		Low tissue specificity	1	0	0	0	0	0	0	0	0	0	0	0	0	0	0		0	0	0	0	Non-immune
2324	RTN4R	Reticulon-4 receptor	Disease related genes, Human disease related genes, Predicted membrane proteins		Receptor	Disease variant, Schizophrenia	Immune cell enhanced	MAIT T-cell: 10.8	Lineage enriched		Tissue enriched	1	0	0	0	0	0	0	0	0	0	0	0	0	1	1	T-cell	0	0	2	1	Immune-cell-enriched
2325	RUVBL1	RuvB-like 1	Enzymes, Essential proteins, Plasma proteins, Predicted intracellular proteins	Cell cycle, Cell division, DNA damage, DNA recombination, DNA repair, Growth regulation, Mitosis, Transcription, Transcription regulation	Activator, Chromatin regulator, Helicase, Hydrolase		Low immune cell specificity		Low lineage specificity		Low tissue specificity	1	0	0	0	0	0	0	0	0	0	0	0	0	0	0		0	0	0	0	Non-immune
2326	RWDD1	RWD domain-containing protein 1	Predicted intracellular proteins				Low immune cell specificity		Low lineage specificity		Low tissue specificity	1	0	0	0	0	0	0	0	0	0	0	0	0	0	0		0	0	0	0	Non-immune
2327	RYR1	Ryanodine receptor 1	Disease related genes, FDA approved drug targets, Human disease related genes, Plasma proteins, Predicted membrane proteins, Transporters	Calcium transport, Ion transport, Transport	Calcium channel, Calmodulin-binding, Developmental protein, Ion channel, Ligand-gated ion channel, Receptor	Disease variant, FDA approved drug targets	Low immune cell specificity		Group enriched		Group enriched	1	0	0	0	0	0	0	0	0	0	0	0	0	1	0		0	0	0	0	Soluble receptor
2328	S100A11	Protein S100-A11	Plasma proteins, Predicted intracellular proteins				Immune cell enhanced	neutrophil: 17941.3	Low lineage specificity		Tissue enhanced	1	0	0	0	0	0	0	0	0	0	0	0	0	0	1	Granulocyte	0	0	2	1	Immune-cell-enriched
2329	S100A12	Protein S100-A12	Plasma proteins, Predicted intracellular proteins, Predicted secreted proteins	Immunity, Inflammatory response, Innate immunity	Antibiotic, Antimicrobial, Fungicide		Group enriched	classical monocyte: 1326.0;neutrophil: 1795.5	Group enriched	Secreted to blood	Tissue enriched	1	0	0	0	0	0	0	0	0	0	0	0	0	0	1	Myeloid/Monocyte;Granulocyte	1	1	3	1	Immune-cell-enriched
2330	S100A13	Protein S100-A13	Predicted intracellular proteins, Predicted secreted proteins	Protein transport, Transport			Immune cell enhanced	NK-cell: 33.3	Group enriched	Secreted in other tissues	Low tissue specificity	1	0	0	0	0	0	0	0	0	0	0	0	0	0	1	NK-cell	1	0	2	1	Immune-cell-enriched
2331	S100A14	Protein S100-A14	Plasma proteins, Predicted intracellular proteins	Apoptosis			Not detected in immune cells		Not detected		Tissue enhanced	1	0	0	0	0	0	0	0	0	0	0	0	0	0	0		0	0	0	0	Non-immune
2332	S100A16	Protein S100-A16	Predicted intracellular proteins, Transporters				Not detected in immune cells		Not detected		Tissue enhanced	1	0	0	0	0	0	0	0	0	0	0	0	0	0	0		0	0	0	0	Non-immune
2333	S100A3	Protein S100-A3	Predicted intracellular proteins				Group enriched	intermediate monocyte: 3.1;non-classical monocyte: 6.3;plasmacytoid DC: 7.5	Group enriched		Tissue enriched	1	0	0	0	0	0	0	0	0	0	0	0	0	0	1	Myeloid/Monocyte;Dendritic	0	0	2	1	Immune-cell-enriched
2334	S100A4	Protein S100-A4	Cancer-related genes, Plasma proteins, Predicted intracellular proteins, Predicted secreted proteins			Cancer-related genes	Low immune cell specificity		Low lineage specificity	Secreted to blood	Tissue enhanced	1	0	0	0	0	0	0	0	0	0	0	0	0	0	0		1	0	0	0	Non-immune
2335	S100G	Protein S100-G	Predicted intracellular proteins				Not detected in immune cells		Not detected		Tissue enriched	1	0	0	0	0	0	0	0	0	0	0	0	0	0	0		0	0	0	0	Non-immune
2336	S100P	Protein S100-P	Plasma proteins, Predicted intracellular proteins				Group enriched	basophil: 1796.7;eosinophil: 839.7;neutrophil: 2984.9	Lineage enriched		Group enriched	1	0	0	0	0	0	0	0	0	0	0	0	0	0	1	Granulocyte	0	0	2	1	Immune-cell-enriched
2337	SAA4	Serum amyloid A-4 protein	Plasma proteins, Predicted secreted proteins	Acute phase			Not detected in immune cells		Not detected	Secreted to blood	Tissue enriched	1	0	0	0	0	0	0	0	0	0	1	0	0	0	0		1	0	1	0	Acute-phase
2338	SAFB2	Scaffold attachment factor B2	Plasma proteins, Predicted intracellular proteins	Transcription, Transcription regulation	DNA-binding, Repressor, RNA-binding		Low immune cell specificity		Low lineage specificity		Low tissue specificity	1	0	0	0	0	0	0	0	0	0	0	0	0	0	0		0	0	0	0	Non-immune
2339	SAG	S-arrestin	Disease related genes, Human disease related genes, Predicted intracellular proteins			Congenital stationary night blindness, Disease variant, Retinitis pigmentosa	Not detected in immune cells		Not detected		Tissue enriched	1	0	0	0	0	0	0	0	0	0	0	0	0	0	0		0	0	0	0	Non-immune
2340	SAMD9L	Sterile alpha motif domain-containing protein 9-like	Disease related genes, Human disease related genes, Predicted intracellular proteins			Disease variant, Neurodegeneration, Spinocerebellar ataxia	Low immune cell specificity		Low lineage specificity		Tissue enhanced	1	0	0	0	0	0	0	0	0	0	0	0	0	0	0		0	0	0	0	Non-immune
2341	SAP18	Histone deacetylase complex subunit SAP18	Essential proteins, Predicted intracellular proteins, Transporters	mRNA processing, mRNA splicing, Transcription, Transcription regulation	Repressor		Low immune cell specificity		Low lineage specificity		Low tissue specificity	1	0	0	0	0	0	0	0	0	0	0	0	0	0	0		0	0	0	0	Non-immune
2342	SARG	Specifically androgen-regulated gene protein										0	0	0	0	0	0	0	0	0	0	0	0	0	0	0		0	0	0	0	Non-immune
2343	SART1	U4/U6.U5 tri-snRNP-associated protein 1	Cancer-related genes, Essential proteins, Plasma proteins, Predicted intracellular proteins	mRNA processing, mRNA splicing		Allergen, Cancer-related genes	Low immune cell specificity		Low lineage specificity		Low tissue specificity	1	0	0	0	0	0	0	0	0	0	0	0	0	0	0		0	0	0	0	Non-immune
2344	SAT1	Diamine acetyltransferase 1	Disease related genes, Enzymes, Human disease related genes, Metabolic proteins, Potential drug targets, Predicted intracellular proteins		Acyltransferase, Transferase		Group enriched	classical monocyte: 654.2;intermediate monocyte: 1845.7;neutrophil: 1585.1;non-classical monocyte: 2462.2	Group enriched		Low tissue specificity	1	0	0	0	0	0	0	0	0	0	0	0	0	0	1	Myeloid/Monocyte;Granulocyte	0	0	2	1	Immune-cell-enriched
2345	SAT2	Thialysine N-epsilon-acetyltransferase	Enzymes, Metabolic proteins, Predicted intracellular proteins		Acyltransferase, Transferase		Low immune cell specificity		Low lineage specificity		Low tissue specificity	1	0	0	0	0	0	0	0	0	0	0	0	0	0	0		0	0	0	0	Non-immune
2346	SATB1	DNA-binding protein SATB1	Disease related genes, Plasma proteins, Predicted intracellular proteins, Transcription factors	Host-virus interaction, Transcription, Transcription regulation	Chromatin regulator, DNA-binding, Repressor	Disease variant, Intellectual disability	Immune cell enhanced	naive CD4 T-cell: 104.8	Group enriched		Group enriched	1	0	0	0	0	0	0	0	0	0	0	0	0	0	1	T-cell	0	0	2	1	Immune-cell-enriched
2347	SBSN	Suprabasin	Plasma proteins, Predicted intracellular proteins, Predicted secreted proteins				Not detected in immune cells		Not detected	Secreted - unknown location	Tissue enhanced	1	0	0	0	0	0	0	0	0	0	0	0	0	0	0		1	0	0	0	Non-immune
2348	SCAMP3	Secretory carrier-associated membrane protein 3	Predicted membrane proteins, Transporters	Protein transport, Transport			Low immune cell specificity		Low lineage specificity		Low tissue specificity	1	0	0	0	0	0	0	0	0	0	0	0	0	0	0		0	0	0	0	Non-immune
2349	SCARA5	Scavenger receptor class A member 5	Predicted intracellular proteins, Predicted membrane proteins	Ion transport, Iron transport, Transport	Receptor		Immune cell enriched	plasmacytoid DC: 21.1	Lineage enriched		Tissue enhanced	1	0	0	0	0	0	0	0	0	0	0	0	0	1	1	Myeloid/Monocyte;Dendritic	0	0	2	1	Immune-cell-enriched
2350	SCARB1	Scavenger receptor class B member 1	Metabolic proteins, Predicted intracellular proteins, Predicted membrane proteins, Transporters	Host-virus interaction	Host cell receptor for virus entry, Receptor		Immune cell enhanced	plasmacytoid DC: 22.0	Group enriched		Group enriched	1	0	0	0	0	0	0	0	0	0	0	0	0	1	1	Myeloid/Monocyte;Dendritic	0	0	2	1	Immune-cell-enriched
2351	SCARB2	Lysosome membrane protein 2	Disease related genes, Human disease related genes, Potential drug targets, Predicted membrane proteins, Transporters	Host-virus interaction	Host cell receptor for virus entry, Receptor	Disease variant, Epilepsy, Neurodegeneration	Group enriched	basophil: 11.7;classical monocyte: 14.1;intermediate monocyte: 26.0;myeloid DC: 8.1;non-classical monocyte: 25.0;plasmacytoid DC: 28.8	Group enriched		Low tissue specificity	1	0	0	0	0	0	0	0	0	0	0	0	0	0	1	Myeloid/Monocyte;Granulocyte;Dendritic	0	0	2	1	Immune-cell-enriched
2352	SCARF1	Scavenger receptor class F member 1	Predicted membrane proteins	Cell adhesion	Receptor		Immune cell enhanced	neutrophil: 3.1	Low lineage specificity		Tissue enhanced	1	0	0	0	0	0	0	0	0	0	0	0	0	1	1	Granulocyte	0	0	2	1	Immune-cell-enriched
2353	SCARF2	Scavenger receptor class F member 2	Disease related genes, Human disease related genes, Metabolic proteins, Predicted membrane proteins	Cell adhesion	Receptor	Disease variant	Not detected in immune cells		Not detected		Tissue enhanced	1	0	0	0	0	0	0	0	0	0	0	0	0	1	0		0	0	0	0	Soluble receptor
2354	SCG2	Secretogranin-2	Plasma proteins, Predicted secreted proteins				Not detected in immune cells		Not detected	Secreted to blood	Group enriched	1	0	0	0	0	0	0	0	0	0	0	0	0	0	0		1	0	0	0	Non-immune
2355	SCG3	Secretogranin-3	Plasma proteins, Predicted intracellular proteins, Predicted secreted proteins				Not detected in immune cells		Not detected	Secreted in brain	Tissue enhanced	1	0	0	0	0	0	0	0	0	0	0	0	0	0	0		1	0	0	0	Non-immune
2356	SCGB1A1	Uteroglobin	Cancer-related genes, Plasma proteins, Predicted intracellular proteins, Predicted secreted proteins		Phospholipase A2 inhibitor	Cancer-related genes	Not detected in immune cells		Not detected	Secreted in other tissues	Tissue enriched	1	0	0	0	0	0	0	0	0	0	0	0	0	0	0		1	0	0	0	Non-immune
2357	SCGB2A2	Mammaglobin-A	Cancer-related genes, Predicted secreted proteins			Cancer-related genes	Not detected in immune cells		Not detected	Secreted in female reproductive system	Group enriched	1	0	0	0	0	0	0	0	0	0	0	0	0	0	0		1	0	0	0	Non-immune
2358	SCGB3A1	Secretoglobin family 3A member 1	Plasma proteins, Predicted secreted proteins		Cytokine		Immune cell enhanced	non-classical monocyte: 52.0	Low lineage specificity	Secreted to blood	Group enriched	1	0	0	0	0	0	0	0	0	0	0	0	0	0	1	Myeloid/Monocyte	1	0	2	1	Immune-cell-enriched
2359	SCGB3A2	Secretoglobin family 3A member 2	Human disease related genes, Predicted intracellular proteins, Predicted secreted proteins				Immune cell enriched	basophil: 72.2	Lineage enriched	Secreted in other tissues	Tissue enriched	1	0	0	0	0	0	0	0	0	0	0	0	0	0	1	Granulocyte	1	0	2	1	Immune-cell-enriched
2360	SCGN	Secretagogin	Plasma proteins, Predicted intracellular proteins				Not detected in immune cells		Not detected	Intracellular and membrane	Tissue enhanced	1	0	0	0	0	0	0	0	0	0	0	0	0	0	0		0	0	0	0	Non-immune
2361	SCIN	Adseverin	Plasma proteins, Predicted intracellular proteins		Actin capping, Actin-binding		Low immune cell specificity		Low lineage specificity		Tissue enhanced	1	0	0	0	0	0	0	0	0	0	0	0	0	0	0		0	0	0	0	Non-immune
2362	SCLY	Selenocysteine lyase	Enzymes, Metabolic proteins, Predicted intracellular proteins		Lyase, Transferase		Low immune cell specificity		Low lineage specificity		Tissue enhanced	1	0	0	0	0	0	0	0	0	0	0	0	0	0	0		0	0	0	0	Non-immune
2363	SCN2A	Sodium channel protein type 2 subunit alpha	Disease related genes, FDA approved drug targets, Human disease related genes, Metabolic proteins, Predicted membrane proteins, Transporters, Voltage-gated ion channels	Ion transport, Sodium transport, Transport	Ion channel, Sodium channel, Voltage-gated channel	Disease variant, Epilepsy, FDA approved drug targets	Not detected in immune cells		Not detected		Tissue enriched	1	0	0	0	0	0	0	0	0	0	0	0	0	0	0		0	0	0	0	Non-immune
2364	SCN2B	Sodium channel subunit beta-2	Disease related genes, FDA approved drug targets, Human disease related genes, Predicted membrane proteins, Transporters	Ion transport, Sodium transport, Transport		Atrial fibrillation, Brugada syndrome, Disease variant, FDA approved drug targets	Not detected in immune cells		Not detected		Tissue enriched	1	0	0	0	0	0	0	0	0	0	0	0	0	0	0		0	0	0	0	Non-immune
2365	SCN3A	Sodium channel protein type 3 subunit alpha	Disease related genes, FDA approved drug targets, Human disease related genes, Metabolic proteins, Plasma proteins, Predicted membrane proteins, Voltage-gated ion channels	Ion transport, Sodium transport, Transport	Ion channel, Sodium channel, Voltage-gated channel	Disease variant, Epilepsy, FDA approved drug targets	Group enriched	memory B-cell: 13.3;naive B-cell: 15.4	Lineage enriched		Tissue enhanced	1	0	0	0	0	0	0	0	0	0	0	0	0	0	1	B-cell	0	0	2	1	Immune-cell-enriched
2366	SCN3B	Sodium channel subunit beta-3	Disease related genes, FDA approved drug targets, Human disease related genes, Predicted membrane proteins	Ion transport, Sodium transport, Transport	Ion channel, Sodium channel, Voltage-gated channel	Atrial fibrillation, Brugada syndrome, Disease variant, FDA approved drug targets	Not detected in immune cells		Not detected		Tissue enhanced	1	0	0	0	0	0	0	0	0	0	0	0	0	0	0		0	0	0	0	Non-immune
2367	SCN4B	Sodium channel subunit beta-4	Disease related genes, FDA approved drug targets, Human disease related genes, Predicted membrane proteins, Transporters	Ion transport, Sodium transport, Transport		Atrial fibrillation, Disease variant, FDA approved drug targets, Long QT syndrome	Not detected in immune cells		Not detected		Tissue enhanced	1	0	0	0	0	0	0	0	0	0	0	0	0	0	0		0	0	0	0	Non-immune
2368	SCP2	Non-specific lipid-transfer protein	Disease related genes, Enzymes, Human disease related genes, Metabolic proteins, Plasma proteins, Potential drug targets, Predicted intracellular proteins	Lipid metabolism, Lipid transport, Transport	Acyltransferase, Transferase		Low immune cell specificity		Low lineage specificity		Tissue enhanced	1	0	0	0	0	0	0	0	0	0	0	0	0	0	0		0	0	0	0	Non-immune
2369	SCPEP1	Retinoid-inducible serine carboxypeptidase	Enzymes, Predicted intracellular proteins, Predicted secreted proteins		Carboxypeptidase, Hydrolase, Protease		Immune cell enhanced	eosinophil: 319.1	Low lineage specificity	Secreted to blood	Tissue enhanced	1	0	0	0	0	0	0	0	0	0	0	0	0	0	1	Granulocyte	1	0	2	1	Immune-cell-enriched
2370	SCRG1	Scrapie-responsive protein 1	Predicted secreted proteins				Low immune cell specificity		Low lineage specificity	Secreted in brain	Tissue enhanced	1	0	0	0	0	0	0	0	0	0	0	0	0	0	0		1	0	0	0	Non-immune
2371	SCRIB	Protein scribble homolog	Disease related genes, Predicted intracellular proteins	Differentiation	Developmental protein	Disease variant	Not detected in immune cells		Not detected		Low tissue specificity	1	0	0	0	0	0	0	0	0	0	0	0	0	0	0		0	0	0	0	Non-immune
2372	SCRN1	Secernin-1	Enzymes, Predicted intracellular proteins	Exocytosis			Low immune cell specificity		Low lineage specificity		Tissue enhanced	1	0	0	0	0	0	0	0	0	0	0	0	0	0	0		0	0	0	0	Non-immune
2373	SCT	Secretin	Predicted secreted proteins		Hormone		Immune cell enriched	plasmacytoid DC: 126.8	Lineage enriched	Secreted to blood	Tissue enriched	1	0	0	0	0	0	0	0	0	0	0	0	0	0	1	Myeloid/Monocyte;Dendritic	1	0	2	1	Immune-cell-enriched
2374	SDC1	Syndecan-1	Cancer-related genes, CD markers, Metabolic proteins, Plasma proteins, Predicted intracellular proteins, Predicted membrane proteins, Predicted secreted proteins, Transporters			Cancer-related genes	Not detected in immune cells		Not detected	Secreted to blood	Tissue enhanced	1	0	0	0	0	0	0	0	0	0	0	0	0	0	0		1	0	0	0	Non-immune
2375	SDC4	Syndecan-4	Cancer-related genes, Predicted membrane proteins, Predicted secreted proteins, Transporters			Cancer-related genes	Low immune cell specificity		Low lineage specificity	Secreted to blood	Tissue enhanced	1	0	0	0	0	0	0	0	0	0	0	0	0	0	0		1	0	0	0	Non-immune
2376	SDCCAG8	Serologically defined colon cancer antigen 8	Disease related genes, Human disease related genes, Predicted intracellular proteins	Cilium biogenesis/degradation		Bardet-Biedl syndrome, Ciliopathy, Leber congenital amaurosis, Nephronophthisis, Obesity, Senior-Loken syndrome	Low immune cell specificity		Low lineage specificity		Low tissue specificity	1	0	0	0	0	0	0	0	0	0	0	0	0	0	0		0	0	0	0	Non-immune
2377	SDHB	Succinate dehydrogenase	Cancer-related genes, Citric acid cycle related proteins, Disease related genes, Enzymes, Human disease related genes, Metabolic proteins, Plasma proteins, Potential drug targets, Predicted intracellular proteins, Transporters	Electron transport, Host-virus interaction, Transport, Tricarboxylic acid cycle	Oxidoreductase	Cancer-related genes, Disease variant, Primary mitochondrial disease	Low immune cell specificity		Low lineage specificity		Tissue enhanced	1	0	0	0	0	0	0	0	0	0	0	0	0	0	0		0	0	0	0	Non-immune
2378	SDK2	Protein sidekick-2	Predicted membrane proteins	Cell adhesion			Not detected in immune cells		Not detected		Tissue enhanced	1	0	0	0	0	0	0	0	0	0	0	0	0	0	0		0	0	0	0	Non-immune
2379	SEC31A	Protein transport protein Sec31A	Disease related genes, Human disease related genes, Plasma proteins, Potential drug targets, Predicted intracellular proteins, Transporters	ER-Golgi transport, Protein transport, Transport		Proto-oncogene	Low immune cell specificity		Low lineage specificity		Low tissue specificity	1	0	0	0	0	0	0	0	0	0	0	0	0	0	0		0	0	0	0	Non-immune
2380	SEL1L	Protein sel-1 homolog 1	Predicted intracellular proteins, Predicted membrane proteins, Transporters	Host-virus interaction, Notch signaling pathway		Disease variant, Intellectual disability	Low immune cell specificity		Low lineage specificity	Intracellular and membrane	Tissue enriched	1	0	0	0	0	0	0	0	0	0	0	0	0	0	0		0	0	0	0	Non-immune
2381	SELE	E-selectin	Cancer-related genes, Candidate cardiovascular disease genes, CD markers, Plasma proteins, Predicted intracellular proteins, Predicted membrane proteins	Cell adhesion		Cancer-related genes	Not detected in immune cells		Not detected		Tissue enhanced	1	0	0	0	0	0	0	0	0	0	0	0	0	0	0		0	0	0	0	Non-immune
2382	SELENOP	Selenoprotein P	Plasma proteins, Predicted membrane proteins, Predicted secreted proteins				Not detected in immune cells		Not detected	Secreted to blood	Group enriched	1	0	0	0	0	0	0	0	0	0	0	0	0	0	0		1	0	0	0	Non-immune
2383	SELL	L-selectin	Cancer-related genes, Candidate cardiovascular disease genes, CD markers, Plasma proteins, Predicted intracellular proteins, Predicted membrane proteins	Cell adhesion		Cancer-related genes	Low immune cell specificity		Low lineage specificity		Group enriched	1	0	0	0	0	0	0	0	0	0	0	0	0	0	0		0	0	0	0	Non-immune
2384	SELP	P-selectin	Cancer-related genes, Candidate cardiovascular disease genes, CD markers, Disease related genes, FDA approved drug targets, Plasma proteins, Predicted intracellular proteins, Predicted membrane proteins	Cell adhesion		Cancer-related genes, FDA approved drug targets	Immune cell enhanced	basophil: 8.2;T-reg: 8.8	Group enriched		Low tissue specificity	1	0	0	0	0	0	0	0	0	0	0	0	0	0	1	Granulocyte;T-cell	0	0	2	1	Immune-cell-enriched
2385	SELPLG	P-selectin glycoprotein ligand 1	Candidate cardiovascular disease genes, CD markers, Plasma proteins, Predicted membrane proteins	Cell adhesion, Host-virus interaction	Host cell receptor for virus entry, Receptor		Low immune cell specificity		Low lineage specificity		Tissue enhanced	1	0	0	0	0	0	0	0	0	0	0	0	0	0	0		0	0	0	0	Non-immune
2386	SEMA3F	Semaphorin-3F	Plasma proteins, Predicted intracellular proteins, Predicted secreted proteins				Not detected in immune cells		Not detected	Secreted to blood	Tissue enhanced	1	0	0	0	0	0	0	0	0	0	0	0	0	0	0		1	0	0	0	Non-immune
2387	SEMA3G	Semaphorin-3G	Predicted secreted proteins				Immune cell enriched	T-reg: 1.4	Lineage enriched	Secreted to blood	Tissue enhanced	1	0	0	0	0	0	0	0	0	0	0	0	0	0	1	T-cell	1	0	2	1	Immune-cell-enriched
2388	SEMA4C	Semaphorin-4C	Predicted intracellular proteins, Predicted membrane proteins	Differentiation, Neurogenesis	Developmental protein		Low immune cell specificity		Low lineage specificity		Low tissue specificity	1	0	0	0	0	0	0	0	0	0	0	0	0	0	0		0	0	0	0	Non-immune
2389	SEMA4D	Semaphorin-4D	CD markers, Plasma proteins, Predicted intracellular proteins, Predicted membrane proteins	Differentiation, Neurogenesis	Developmental protein, Receptor		Low immune cell specificity		Low lineage specificity		Tissue enhanced	1	0	0	0	0	0	0	0	0	0	0	0	0	0	0		0	0	0	0	Non-immune
2390	SEMA6C	Semaphorin-6C	Predicted membrane proteins	Differentiation, Neurogenesis	Developmental protein		Not detected in immune cells		Not detected		Tissue enhanced	1	0	0	0	0	0	0	0	0	0	0	0	0	0	0		0	0	0	0	Non-immune
2391	SEMA7A	Semaphorin-7A	Blood group antigen proteins, CD markers, Disease related genes, Human disease related genes, Plasma proteins, Predicted membrane proteins	Differentiation, Inflammatory response, Neurogenesis	Developmental protein	Disease variant, Intrahepatic cholestasis	Group enriched	basophil: 1.8;eosinophil: 3.1	Lineage enriched		Tissue enhanced	1	0	0	0	0	0	0	0	0	0	0	0	0	0	1	Granulocyte	1	1	3	1	Immune-cell-enriched
2392	SEPTIN3	Neuronal-specific septin-3	Predicted intracellular proteins	Cell cycle, Cell division			Not detected in immune cells		Not detected		Tissue enriched	1	0	0	0	0	0	0	0	0	0	0	0	0	0	0		0	0	0	0	Non-immune
2393	SEPTIN7	Septin-7	Essential proteins, Plasma proteins, Predicted intracellular proteins	Cell cycle, Cell division, Differentiation, Mitosis, Spermatogenesis			Low immune cell specificity		Low lineage specificity		Low tissue specificity	1	0	0	0	0	0	0	0	0	0	0	0	0	0	0		0	0	0	0	Non-immune
2394	SEPTIN8	Septin-8	Predicted intracellular proteins				Low immune cell specificity		Low lineage specificity		Tissue enriched	1	0	0	0	0	0	0	0	0	0	0	0	0	0	0		0	0	0	0	Non-immune
2395	SEPTIN9	Septin-9	Disease related genes, Human disease related genes, Plasma proteins, Predicted intracellular proteins	Cell cycle, Cell division		Disease variant	Low immune cell specificity		Low lineage specificity		Low tissue specificity	1	0	0	0	0	0	0	0	0	0	0	0	0	0	0		0	0	0	0	Non-immune
2396	SERPINA1	Alpha-1-antitrypsin	Cancer-related genes, Candidate cardiovascular disease genes, Disease related genes, Human disease related genes, Metabolic proteins, Plasma proteins, Predicted intracellular proteins, Predicted secreted proteins	Acute phase, Blood coagulation, Hemostasis	Protease inhibitor, Serine protease inhibitor	Cancer-related genes	Group enriched	classical monocyte: 2484.3;intermediate monocyte: 3414.0;neutrophil: 2835.2;non-classical monocyte: 4540.7	Group enriched	Secreted to blood	Tissue enriched	1	0	0	0	0	0	0	0	0	0	0	0	0	0	1	Myeloid/Monocyte;Granulocyte	1	0	2	1	Immune-cell-enriched
2397	SERPINA11	Serpin A11	Plasma proteins, Predicted secreted proteins		Protease inhibitor, Serine protease inhibitor		Not detected in immune cells		Not detected	Secreted to blood	Tissue enriched	1	0	0	0	0	0	0	0	0	0	0	0	0	0	0		1	0	0	0	Non-immune
2398	SERPINA12	Serpin A12	Predicted secreted proteins		Protease inhibitor, Serine protease inhibitor		Not detected in immune cells		Not detected	Secreted in other tissues	Tissue enriched	1	0	0	0	0	0	0	0	0	0	0	0	0	0	0		1	0	0	0	Non-immune
2399	SERPINA3	Alpha-1-antichymotrypsin	Cancer-related genes, Candidate cardiovascular disease genes, Metabolic proteins, Plasma proteins, Predicted intracellular proteins, Predicted secreted proteins	Acute phase	Protease inhibitor, Serine protease inhibitor	Cancer-related genes	Not detected in immune cells		Not detected	Secreted to blood	Group enriched	1	0	0	0	0	0	0	0	0	0	1	0	0	0	0		1	0	1	0	Acute-phase
2400	SERPINA4	Kallistatin	Plasma proteins, Predicted secreted proteins		Protease inhibitor, Serine protease inhibitor		Not detected in immune cells		Not detected	Secreted to blood	Tissue enriched	1	0	0	0	0	0	0	0	0	0	0	0	0	0	0		1	0	0	0	Non-immune
2401	SERPINA5	Plasma serine protease inhibitor	Cancer-related genes, Candidate cardiovascular disease genes, Plasma proteins, Predicted secreted proteins	Fertilization, Lipid transport, Transport	Heparin-binding, Protease inhibitor, Serine protease inhibitor	Cancer-related genes	Not detected in immune cells		Not detected	Secreted to blood	Tissue enhanced	1	0	0	0	0	0	0	0	0	0	0	0	0	0	0		1	0	0	0	Non-immune
2402	SERPINA6	Corticosteroid-binding globulin	Disease related genes, Human disease related genes, Plasma proteins, Predicted secreted proteins	Transport		Disease variant	Not detected in immune cells		Not detected	Secreted to blood	Tissue enriched	1	0	0	0	0	0	0	0	0	0	0	0	0	0	0		1	0	0	0	Non-immune
2403	SERPINA7	Thyroxine-binding globulin	Plasma proteins, Predicted secreted proteins				Not detected in immune cells		Not detected	Secreted to blood	Tissue enriched	1	0	0	0	0	0	0	0	0	0	0	0	0	0	0		1	0	0	0	Non-immune
2404	SERPINA9	Serpin A9	Predicted intracellular proteins, Predicted secreted proteins		Protease inhibitor, Serine protease inhibitor		Not detected in immune cells		Not detected	Secreted to blood	Tissue enriched	1	0	0	0	0	0	0	0	0	0	0	0	0	0	0		1	0	0	0	Non-immune
2405	SERPINB1	Leukocyte elastase inhibitor	Plasma proteins, Predicted intracellular proteins, Predicted secreted proteins		Protease inhibitor, Serine protease inhibitor		Low immune cell specificity		Low lineage specificity	Secreted to blood	Tissue enhanced	1	0	0	0	0	0	0	0	0	0	0	0	0	0	0		1	0	0	0	Non-immune
2406	SERPINB5	Serpin B5	Plasma proteins, Predicted intracellular proteins				Not detected in immune cells		Not detected	Intracellular and membrane	Tissue enhanced	1	0	0	0	0	0	0	0	0	0	0	0	0	0	0		0	0	0	0	Non-immune
2407	SERPINB6	Serpin B6	Disease related genes, Human disease related genes, Plasma proteins, Predicted intracellular proteins		Protease inhibitor, Serine protease inhibitor	Deafness, Non-syndromic deafness	Low immune cell specificity		Low lineage specificity		Low tissue specificity	1	0	0	0	0	0	0	0	0	0	0	0	0	0	0		0	0	0	0	Non-immune
2408	SERPINB8	Serpin B8	Disease related genes, Human disease related genes, Plasma proteins, Predicted intracellular proteins		Protease inhibitor, Serine protease inhibitor		Low immune cell specificity		Low lineage specificity		Tissue enhanced	1	0	0	0	0	0	0	0	0	0	0	0	0	0	0		0	0	0	0	Non-immune
2409	SERPINB9	Serpin B9	Predicted intracellular proteins		Protease inhibitor, Serine protease inhibitor		Low immune cell specificity		Low lineage specificity		Tissue enhanced	1	0	0	0	0	0	0	0	0	0	0	0	0	0	0		0	0	0	0	Non-immune
2410	SERPINC1	Antithrombin-III	Candidate cardiovascular disease genes, Disease related genes, FDA approved drug targets, Human disease related genes, Plasma proteins, Predicted secreted proteins	Blood coagulation, Hemostasis	Heparin-binding, Protease inhibitor, Serine protease inhibitor	Disease variant, FDA approved drug targets, Thrombophilia	Not detected in immune cells		Not detected	Secreted to blood	Tissue enriched	1	0	0	0	0	0	0	1	0	0	0	0	0	0	0		1	0	1	0	Non-immune
2411	SERPIND1	Heparin cofactor 2	Candidate cardiovascular disease genes, Disease related genes, FDA approved drug targets, Human disease related genes, Plasma proteins, Predicted secreted proteins	Blood coagulation, Chemotaxis, Hemostasis	Heparin-binding, Protease inhibitor, Serine protease inhibitor	Disease variant, FDA approved drug targets, Thrombophilia	Not detected in immune cells		Not detected	Secreted to blood	Tissue enriched	1	0	0	0	0	0	0	0	0	0	0	0	0	0	0		1	0	0	0	Non-immune
2412	SERPINE1	Plasminogen activator inhibitor 1	Cancer-related genes, Candidate cardiovascular disease genes, Disease related genes, FDA approved drug targets, Human disease related genes, Plasma proteins, Predicted secreted proteins		Protease inhibitor, Serine protease inhibitor	Cancer-related genes, FDA approved drug targets	Immune cell enriched	NK-cell: 9.5	Lineage enriched	Secreted to blood	Tissue enhanced	1	0	0	0	0	0	0	1	0	0	0	0	0	0	1	NK-cell	1	0	3	1	Immune-cell-enriched
2413	SERPINE2	Glia-derived nexin	Plasma proteins, Predicted secreted proteins	Differentiation, Neurogenesis	Developmental protein, Heparin-binding, Protease inhibitor, Serine protease inhibitor		Group enriched	naive CD4 T-cell: 13.0;naive CD8 T-cell: 6.9;NK-cell: 23.3	Group enriched	Secreted in female reproductive system	Group enriched	1	0	0	0	0	0	0	0	0	0	0	0	0	0	1	T-cell;NK-cell	1	0	2	1	Immune-cell-enriched
2414	SERPINF1	Pigment epithelium-derived factor	Cancer-related genes, Disease related genes, Human disease related genes, Plasma proteins, Predicted intracellular proteins, Predicted secreted proteins			Cancer-related genes, Dwarfism, Osteogenesis imperfecta	Immune cell enriched	plasmacytoid DC: 1458.3	Lineage enriched	Secreted to blood	Tissue enriched	1	0	0	0	0	0	0	0	0	0	0	0	0	0	1	Myeloid/Monocyte;Dendritic	1	0	2	1	Immune-cell-enriched
2415	SERPINF2	Alpha-2-antiplasmin	Candidate cardiovascular disease genes, Disease related genes, Human disease related genes, Plasma proteins, Predicted secreted proteins	Acute phase	Protease inhibitor, Serine protease inhibitor	Disease variant	Immune cell enriched	plasmacytoid DC: 44.8	Lineage enriched	Secreted to blood	Tissue enriched	1	0	0	0	0	0	0	0	0	0	0	0	0	0	1	Myeloid/Monocyte;Dendritic	1	0	2	1	Immune-cell-enriched
2416	SERPING1	Plasma protease C1 inhibitor	Candidate cardiovascular disease genes, Disease related genes, Human disease related genes, Plasma proteins, Predicted intracellular proteins, Predicted secreted proteins	Blood coagulation, Fibrinolysis, Hemostasis	Protease inhibitor, Serine protease inhibitor	Disease variant	Immune cell enhanced	neutrophil: 65.5;plasmacytoid DC: 60.7	Group enriched	Secreted to blood	Tissue enhanced	1	0	0	0	0	0	1	0	0	0	0	0	0	0	1	Myeloid/Monocyte;Granulocyte;Dendritic	1	0	4	1	Complement/Coagulation
2417	SERPINH1	Serpin H1	Disease related genes, Human disease related genes, Plasma proteins, Predicted intracellular proteins	Stress response	Chaperone	Osteogenesis imperfecta	Low immune cell specificity		Low lineage specificity	Intracellular and membrane	Low tissue specificity	1	0	0	0	0	0	0	0	0	0	0	0	0	0	0		0	0	0	0	Non-immune
2418	SERPINI1	Neuroserpin	Disease related genes, Human disease related genes, Predicted intracellular proteins, Predicted secreted proteins		Protease inhibitor, Serine protease inhibitor	Disease variant, Neurodegeneration	Low immune cell specificity		Low lineage specificity	Secreted in brain	Group enriched	1	0	0	0	0	0	0	0	0	0	0	0	0	0	0		1	0	0	0	Non-immune
2419	SERPINI2	Serpin I2	Predicted secreted proteins		Protease inhibitor, Serine protease inhibitor		Not detected in immune cells		Not detected	Secreted to digestive system	Tissue enriched	1	0	0	0	0	0	0	0	0	0	0	0	0	0	0		1	0	0	0	Non-immune
2420	SESTD1	SEC14 domain and spectrin repeat-containing protein 1	Predicted intracellular proteins				Low immune cell specificity		Low lineage specificity		Low tissue specificity	1	0	0	0	0	0	0	0	0	0	0	0	0	0	0		0	0	0	0	Non-immune
2421	SETMAR	Histone-lysine N-methyltransferase SETMAR	Enzymes, Metabolic proteins, Predicted intracellular proteins	DNA damage, DNA repair	Chromatin regulator, DNA-binding, Endonuclease, Hydrolase, Methyltransferase, Multifunctional enzyme, Nuclease, Transferase		Low immune cell specificity		Low lineage specificity		Low tissue specificity	1	0	0	0	0	0	0	0	0	0	0	0	0	0	0		0	0	0	0	Non-immune
2422	SEZ6	Seizure protein 6 homolog	Predicted intracellular proteins, Predicted membrane proteins				Group enriched	basophil: 1.1;neutrophil: 2.0	Lineage enriched		Tissue enriched	1	0	0	0	0	0	0	0	0	0	0	0	0	0	1	Granulocyte	0	0	2	1	Immune-cell-enriched
2423	SEZ6L	Seizure 6-like protein	Predicted membrane proteins				Group enriched	intermediate monocyte: 5.9;myeloid DC: 5.7;non-classical monocyte: 5.4	Group enriched		Tissue enriched	1	0	0	0	0	0	0	0	0	0	0	0	0	0	1	Myeloid/Monocyte;Dendritic	0	0	2	1	Immune-cell-enriched
2424	SEZ6L2	Seizure 6-like protein 2	Predicted intracellular proteins, Predicted membrane proteins				Not detected in immune cells		Not detected		Tissue enhanced	1	0	0	0	0	0	0	0	0	0	0	0	0	0	0		0	0	0	0	Non-immune
2425	SF3B4	Splicing factor 3B subunit 4	Disease related genes, Essential proteins, Human disease related genes, Plasma proteins, Predicted intracellular proteins	mRNA processing, mRNA splicing	RNA-binding		Low immune cell specificity		Low lineage specificity		Low tissue specificity	1	0	0	0	0	0	0	0	0	0	0	0	0	0	0		0	0	0	0	Non-immune
2426	SFRP1	Secreted frizzled-related protein 1	Predicted intracellular proteins, Predicted secreted proteins, Transporters	Differentiation, Wnt signaling pathway	Developmental protein		Not detected in immune cells		Not detected	Secreted in other tissues	Tissue enhanced	1	0	0	0	0	0	0	0	0	0	0	0	0	0	0		1	0	0	0	Non-immune
2427	SFRP4	Secreted frizzled-related protein 4	Cancer-related genes, Disease related genes, Human disease related genes, Predicted intracellular proteins, Predicted secreted proteins	Differentiation, Wnt signaling pathway	Developmental protein	Cancer-related genes	Not detected in immune cells		Not detected	Secreted in female reproductive system	Tissue enhanced	1	0	0	0	0	0	0	0	0	0	0	0	0	0	0		1	0	0	0	Non-immune
2428	SFTPA1	Pulmonary surfactant-associated protein A1	Disease related genes, Human disease related genes, Predicted secreted proteins	Gaseous exchange		Disease variant	Immune cell enriched	plasmacytoid DC: 2.7	Lineage enriched	Secreted in other tissues	Tissue enriched	1	0	0	0	0	0	0	0	0	0	0	0	0	0	1	Myeloid/Monocyte;Dendritic	1	0	2	1	Immune-cell-enriched
2429	SFTPA2	Pulmonary surfactant-associated protein A2	Disease related genes, Human disease related genes, Predicted secreted proteins	Gaseous exchange		Disease variant	Not detected in immune cells		Not detected	Secreted in other tissues	Tissue enriched	1	0	0	0	0	0	0	0	0	0	0	0	0	0	0		1	0	0	0	Non-immune
2430	SFTPD	Pulmonary surfactant-associated protein D	Predicted secreted proteins	Gaseous exchange, Immunity, Innate immunity			Group enriched	intermediate monocyte: 10.0;non-classical monocyte: 36.5	Lineage enriched	Secreted in other tissues	Tissue enriched	1	0	0	0	0	0	0	0	0	0	0	0	0	0	1	Myeloid/Monocyte	1	1	3	1	Immune-cell-enriched
2431	SGSH	N-sulphoglucosamine sulphohydrolase	Disease related genes, Enzymes, Human disease related genes, Metabolic proteins, Potential drug targets, Predicted intracellular proteins		Hydrolase	Disease variant, Mucopolysaccharidosis	Low immune cell specificity		Low lineage specificity	Intracellular and membrane	Low tissue specificity	1	0	0	0	0	0	0	0	0	0	0	0	0	0	0		0	0	0	0	Non-immune
2432	SH2B3	SH2B adapter protein 3	Cancer-related genes, Disease related genes, Human disease related genes, Predicted intracellular proteins			Cancer-related genes, Diabetes mellitus	Low immune cell specificity		Low lineage specificity		Tissue enhanced	1	0	0	0	0	0	0	0	0	0	0	0	0	0	0		0	0	0	0	Non-immune
2433	SH2D1A	SH2 domain-containing protein 1A	Disease related genes, Human disease related genes, Plasma proteins, Predicted intracellular proteins	Adaptive immunity, Immunity, Innate immunity		Disease variant	Group enriched	gdT-cell: 96.7;MAIT T-cell: 126.5;memory CD4 T-cell: 73.1;memory CD8 T-cell: 147.5;naive CD4 T-cell: 76.8;naive CD8 T-cell: 86.7;NK-cell: 128.5;T-reg: 103.3	Group enriched		Tissue enriched	1	0	0	0	0	0	0	0	0	0	0	0	0	0	1	T-cell;NK-cell	0	1	3	1	Immune-cell-enriched
2434	SH3BGRL2	SH3 domain-binding glutamic acid-rich-like protein 2	Plasma proteins, Predicted intracellular proteins				Immune cell enriched	basophil: 11.0	Lineage enriched		Tissue enhanced	1	0	0	0	0	0	0	0	0	0	0	0	0	0	1	Granulocyte	0	0	2	1	Immune-cell-enriched
2435	SH3BP1	SH3 domain-binding protein 1	Metabolic proteins, Predicted intracellular proteins	Phagocytosis	GTPase activation		Low immune cell specificity		Low lineage specificity		Tissue enhanced	1	0	0	0	0	0	0	0	0	0	0	0	0	0	0		0	0	0	0	Non-immune
2436	SH3GL3	Endophilin-A3	Predicted intracellular proteins	Endocytosis			Not detected in immune cells		Not detected		Group enriched	1	0	0	0	0	0	0	0	0	0	0	0	0	0	0		0	0	0	0	Non-immune
2437	SH3GLB2	Endophilin-B2	Predicted intracellular proteins				Low immune cell specificity		Low lineage specificity		Low tissue specificity	1	0	0	0	0	0	0	0	0	0	0	0	0	0	0		0	0	0	0	Non-immune
2438	SHBG	Sex hormone-binding globulin	Cancer-related genes, Candidate cardiovascular disease genes, FDA approved drug targets, Plasma proteins, Predicted intracellular proteins, Predicted secreted proteins			Cancer-related genes, FDA approved drug targets	Not detected in immune cells		Not detected	Secreted to blood	Tissue enriched	1	0	0	0	0	0	0	0	0	0	0	0	0	0	0		1	0	0	0	Non-immune
2439	SHC1	SHC-transforming protein 1	Predicted intracellular proteins, RAS pathway related proteins	Angiogenesis, Growth regulation, Host-virus interaction			Low immune cell specificity		Low lineage specificity		Low tissue specificity	1	0	0	0	0	0	0	0	0	0	0	0	0	0	0		0	0	0	0	Non-immune
2440	SHD	SH2 domain-containing adapter protein D	Predicted intracellular proteins				Immune cell enriched	plasmacytoid DC: 17.8	Lineage enriched		Group enriched	1	0	0	0	0	0	0	0	0	0	0	0	0	0	1	Myeloid/Monocyte;Dendritic	0	0	2	1	Immune-cell-enriched
2441	SHH	Sonic hedgehog protein	Disease related genes, Human disease related genes, Predicted intracellular proteins		Developmental protein, Hydrolase, Protease, Transferase	Disease variant, Holoprosencephaly, Microphthalmia	Not detected in immune cells		Not detected	Intracellular and membrane	Tissue enhanced	1	0	0	0	0	0	0	0	0	0	0	0	0	0	0		0	0	0	0	Non-immune
2442	SHISA5	Protein shisa-5	Predicted intracellular proteins, Predicted membrane proteins	Apoptosis			Low immune cell specificity		Low lineage specificity		Low tissue specificity	1	0	0	0	0	0	0	0	0	0	0	0	0	0	0		0	0	0	0	Non-immune
2443	SHMT1	Serine hydroxymethyltransferase, cytosolic	Enzymes, Metabolic proteins, Plasma proteins, Predicted intracellular proteins	One-carbon metabolism	Transferase		Low immune cell specificity		Low lineage specificity		Tissue enhanced	1	0	0	0	0	0	0	0	0	0	0	0	0	0	0		0	0	0	0	Non-immune
2444	SHPK	Sedoheptulokinase	Disease related genes, Enzymes, Metabolic proteins, Potential drug targets, Predicted intracellular proteins		Kinase, Transferase		Low immune cell specificity		Low lineage specificity		Low tissue specificity	1	0	0	0	0	0	0	0	0	0	0	0	0	0	0		0	0	0	0	Non-immune
2445	SIAE	Sialate O-acetylesterase	Disease related genes, Enzymes, Human disease related genes, Metabolic proteins, Potential drug targets, Predicted intracellular proteins		Hydrolase, Serine esterase	Disease variant	Immune cell enhanced	basophil: 7.5	Low lineage specificity	Intracellular and membrane	Tissue enhanced	1	0	0	0	0	0	0	0	0	0	0	0	0	0	1	Granulocyte	0	0	2	1	Immune-cell-enriched
2446	SIGLEC1	Sialoadhesin	CD markers, Predicted intracellular proteins, Predicted membrane proteins	Cell adhesion, Endocytosis			Immune cell enhanced	classical monocyte: 1.5	Low lineage specificity	Intracellular and membrane	Low tissue specificity	1	0	0	0	0	0	0	0	0	0	0	0	0	0	1	Myeloid/Monocyte	0	0	2	1	Immune-cell-enriched
2447	SIGLEC10	Sialic acid-binding Ig-like lectin 10	Predicted intracellular proteins, Predicted membrane proteins	Adaptive immunity, Cell adhesion, Immunity, Innate immunity			Group enriched	eosinophil: 767.4;intermediate monocyte: 252.2;non-classical monocyte: 542.7	Group enriched	Intracellular and membrane	Tissue enhanced	1	0	0	0	0	0	0	0	0	0	0	0	0	0	1	Myeloid/Monocyte;Granulocyte	0	1	3	1	Immune-cell-enriched
2448	SIGLEC15	Sialic acid-binding Ig-like lectin 15	Predicted membrane proteins				Group enriched	classical monocyte: 3.0;myeloid DC: 1.0	Group enriched		Tissue enhanced	1	0	0	0	0	0	0	0	0	0	0	0	0	0	1	Myeloid/Monocyte;Dendritic	0	0	2	1	Immune-cell-enriched
2449	SIGLEC5	Sialic acid-binding Ig-like lectin 5	CD markers, Predicted membrane proteins	Cell adhesion			Group enriched	neutrophil: 284.6;non-classical monocyte: 96.2	Group enriched		Group enriched	1	0	0	0	0	0	0	0	0	0	0	0	0	0	1	Myeloid/Monocyte;Granulocyte	0	0	2	1	Immune-cell-enriched
2450	SIGLEC6	Sialic acid-binding Ig-like lectin 6	CD markers, Predicted membrane proteins, Predicted secreted proteins	Cell adhesion			Immune cell enhanced	memory B-cell: 7.2;plasmacytoid DC: 11.0	Group enriched	Secreted to blood	Tissue enriched	1	0	0	0	0	0	0	0	0	0	0	0	0	0	1	Myeloid/Monocyte;B-cell;Dendritic	1	0	2	1	Immune-cell-enriched
2451	SIGLEC7	Sialic acid-binding Ig-like lectin 7	CD markers, Predicted intracellular proteins, Predicted membrane proteins	Cell adhesion			Immune cell enhanced	eosinophil: 242.7	Low lineage specificity	Intracellular and membrane	Tissue enhanced	1	0	0	0	0	0	0	0	0	0	0	0	0	0	1	Granulocyte	0	0	2	1	Immune-cell-enriched
2452	SIGLEC8	Sialic acid-binding Ig-like lectin 8	CD markers, Plasma proteins, Predicted membrane proteins	Cell adhesion			Immune cell enriched	eosinophil: 290.9	Lineage enriched		Tissue enhanced	1	0	0	0	0	0	0	0	0	0	0	0	0	0	1	Granulocyte	0	0	2	1	Immune-cell-enriched
2453	SIGLEC9	Sialic acid-binding Ig-like lectin 9	Predicted membrane proteins	Cell adhesion			Group enriched	classical monocyte: 199.2;intermediate monocyte: 182.7;myeloid DC: 169.3;neutrophil: 212.9;non-classical monocyte: 122.4	Group enriched		Tissue enhanced	1	0	0	0	0	0	0	0	0	0	0	0	0	0	1	Myeloid/Monocyte;Granulocyte;Dendritic	0	0	2	1	Immune-cell-enriched
2454	SIL1	Nucleotide exchange factor SIL1	Disease related genes, Human disease related genes, Predicted intracellular proteins	Protein transport, Translocation, Transport		Disease variant	Low immune cell specificity		Low lineage specificity	Intracellular and membrane	Low tissue specificity	1	0	0	0	0	0	0	0	0	0	0	0	0	0	0		0	0	0	0	Non-immune
2455	SIRPA	Tyrosine-protein phosphatase non-receptor type substrate 1	CD markers, Plasma proteins, Predicted membrane proteins				Group enriched	classical monocyte: 24.1;eosinophil: 48.7;myeloid DC: 13.9;neutrophil: 50.9	Group enriched		Tissue enhanced	1	0	0	0	0	0	0	0	0	0	0	0	0	1	1	Myeloid/Monocyte;Granulocyte;Dendritic	0	0	2	1	Immune-cell-enriched
2456	SIRPB1	Signal-regulatory protein beta-1	CD markers, Plasma proteins, Predicted intracellular proteins, Predicted membrane proteins, Transporters				Immune cell enhanced	neutrophil: 1606.1	Group enriched		Tissue enhanced	1	0	0	0	0	0	0	0	0	0	0	0	0	0	1	Granulocyte	0	0	2	1	Immune-cell-enriched
2457	SIRT1	NAD-dependent protein deacetylase sirtuin-1	Enzymes, Metabolic proteins, Predicted intracellular proteins	Apoptosis, Biological rhythms, Differentiation, Host-virus interaction, Myogenesis, Transcription, Transcription regulation	Developmental protein, Transferase		Low immune cell specificity		Low lineage specificity		Low tissue specificity	1	0	0	0	0	0	0	0	0	0	0	0	0	0	0		0	0	0	0	Non-immune
2458	SIRT2	NAD-dependent protein deacetylase sirtuin-2	Cancer-related genes, Enzymes, Metabolic proteins, Predicted intracellular proteins	Autophagy, Cell cycle, Cell division, Differentiation, Immunity, Innate immunity, Meiosis, Mitosis, Neurogenesis, Transcription, Transcription regulation	Transferase	Cancer-related genes, Neurodegeneration	Low immune cell specificity		Low lineage specificity		Group enriched	1	0	0	0	0	0	0	0	0	0	0	0	0	0	0		0	1	1	0	Other immune-annotated
2459	SIRT5	NAD-dependent protein deacylase sirtuin-5, mitochondrial	Metabolic proteins, Predicted intracellular proteins		Transferase		Low immune cell specificity		Low lineage specificity		Low tissue specificity	1	0	0	0	0	0	0	0	0	0	0	0	0	0	0		0	0	0	0	Non-immune
2460	SIT1	Signaling threshold-regulating transmembrane adapter 1	Predicted membrane proteins	Adaptive immunity, Immunity			Group enriched	gdT-cell: 119.1;MAIT T-cell: 203.6;memory B-cell: 215.4;memory CD4 T-cell: 250.7;memory CD8 T-cell: 223.7;naive B-cell: 193.3;naive CD4 T-cell: 171.4;naive CD8 T-cell: 170.2;plasmacytoid DC: 202.0;T-reg: 354.3	Group enriched		Tissue enriched	1	0	0	0	0	0	0	0	0	0	0	0	0	0	1	Myeloid/Monocyte;T-cell;B-cell;Dendritic	0	1	3	1	Immune-cell-enriched
2461	SKAP1	Src kinase-associated phosphoprotein 1	Predicted intracellular proteins	Adaptive immunity, Immunity			Low immune cell specificity		Low lineage specificity		Tissue enhanced	1	0	0	0	0	0	0	0	0	0	0	0	0	0	0		0	1	1	0	Other immune-annotated
2462	SKAP2	Src kinase-associated phosphoprotein 2	Predicted intracellular proteins	B-cell activation			Low immune cell specificity		Low lineage specificity		Low tissue specificity	1	0	0	0	0	0	0	0	0	0	0	0	0	0	0		0	0	0	0	Non-immune
2463	SKIV2L	Helicase SKI2W										0	0	0	0	0	0	0	0	0	0	0	0	0	0	0		0	0	0	0	Non-immune
2464	SLA2	Src-like-adapter 2	Plasma proteins, Predicted intracellular proteins				Group enriched	gdT-cell: 28.8;MAIT T-cell: 24.1;memory CD4 T-cell: 23.8;memory CD8 T-cell: 27.0;naive CD4 T-cell: 21.8;naive CD8 T-cell: 30.5;NK-cell: 39.2;plasmacytoid DC: 48.4;T-reg: 33.4	Group enriched		Tissue enhanced	1	0	0	0	0	0	0	0	0	0	0	0	0	0	1	Myeloid/Monocyte;T-cell;NK-cell;Dendritic	0	0	2	1	Immune-cell-enriched
2465	SLAMF1	Signaling lymphocytic activation molecule	CD markers, Predicted membrane proteins, Predicted secreted proteins	Adaptive immunity, Cell adhesion, Host-virus interaction, Immunity, Innate immunity, Phagocytosis	Host cell receptor for virus entry, Receptor		Immune cell enhanced	MAIT T-cell: 51.2;T-reg: 49.0	Group enriched	Secreted to blood	Tissue enriched	1	0	0	0	0	0	0	0	0	0	0	0	0	0	1	T-cell	1	1	3	1	Immune-cell-enriched
2466	SLAMF6	SLAM family member 6	CD markers, Predicted membrane proteins	Adaptive immunity, Immunity, Innate immunity	Receptor		Low immune cell specificity		Low lineage specificity		Tissue enriched	1	0	0	0	0	0	0	0	0	0	0	0	0	0	0		0	1	1	0	Other immune-annotated
2467	SLAMF7	SLAM family member 7	CD markers, FDA approved drug targets, Predicted intracellular proteins, Predicted membrane proteins	Adaptive immunity, Immunity, Innate immunity	Receptor	FDA approved drug targets	Low immune cell specificity		Low lineage specificity		Tissue enhanced	1	0	0	0	0	0	0	0	0	0	0	0	0	0	0		0	1	1	0	Other immune-annotated
2468	SLAMF8	SLAM family member 8	CD markers, Predicted membrane proteins				Immune cell enhanced	myeloid DC: 14.3	Low lineage specificity		Tissue enhanced	1	0	0	0	0	0	0	0	0	0	0	0	0	0	1	Myeloid/Monocyte;Dendritic	0	0	2	1	Immune-cell-enriched
2469	SLC12A2	Solute carrier family 12 member 2	Disease related genes, FDA approved drug targets, Human disease related genes, Metabolic proteins, Predicted membrane proteins, Transporters	Ion transport, Potassium transport, Sodium transport, Symport, Transport		Deafness, Disease variant, FDA approved drug targets, Intellectual disability, Non-syndromic deafness	Immune cell enhanced	plasmacytoid DC: 6.4	Low lineage specificity		Tissue enhanced	1	0	0	0	0	0	0	0	0	0	0	0	0	0	1	Myeloid/Monocyte;Dendritic	0	0	2	1	Immune-cell-enriched
2470	SLC13A1	Solute carrier family 13 member 1	Metabolic proteins, Predicted membrane proteins, Transporters	Ion transport, Sodium transport, Sulfate transport, Symport, Transport			Not detected in immune cells		Not detected		Tissue enriched	1	0	0	0	0	0	0	0	0	0	0	0	0	0	0		0	0	0	0	Non-immune
2471	SLC16A1	Monocarboxylate transporter 1	Disease related genes, Human disease related genes, Metabolic proteins, Potential drug targets, Predicted membrane proteins, Transporters	Symport, Transport		Disease variant	Immune cell enhanced	T-reg: 6.2	Low lineage specificity		Low tissue specificity	1	0	0	0	0	0	0	0	0	0	0	0	0	0	1	T-cell	0	0	2	1	Immune-cell-enriched
2472	SLC1A4	Neutral amino acid transporter A	Disease related genes, Human disease related genes, Metabolic proteins, Plasma proteins, Potential drug targets, Predicted membrane proteins, Transporters	Symport, Transport		Disease variant, Epilepsy, Intellectual disability	Low immune cell specificity		Low lineage specificity		Tissue enhanced	1	0	0	0	0	0	0	0	0	0	0	0	0	0	0		0	0	0	0	Non-immune
2473	SLC27A4	Long-chain fatty acid transport protein 4	Disease related genes, Enzymes, Human disease related genes, Metabolic proteins, Potential drug targets, Predicted intracellular proteins, Predicted membrane proteins, Transporters	Fatty acid metabolism, Lipid metabolism, Lipid transport, Transport	Ligase	Disease variant, Ichthyosis	Low immune cell specificity		Low lineage specificity		Low tissue specificity	1	0	0	0	0	0	0	0	0	0	0	0	0	0	0		0	0	0	0	Non-immune
2474	SLC28A1	Sodium/nucleoside cotransporter 1	Disease related genes, Metabolic proteins, Potential drug targets, Predicted membrane proteins, Transporters	Symport, Transport		Disease variant	Not detected in immune cells		Not detected		Group enriched	1	0	0	0	0	0	0	0	0	0	0	0	0	0	0		0	0	0	0	Non-immune
2475	SLC34A3	Sodium-dependent phosphate transport protein 2C	Disease related genes, Human disease related genes, Metabolic proteins, Potential drug targets, Predicted membrane proteins, Transporters	Ion transport, Sodium transport, Symport, Transport		Disease variant	Not detected in immune cells		Not detected		Tissue enhanced	1	0	0	0	0	0	0	0	0	0	0	0	0	0	0		0	0	0	0	Non-immune
2476	SLC39A14	Zinc transporter ZIP14	Disease related genes, Human disease related genes, Metabolic proteins, Potential drug targets, Predicted intracellular proteins, Predicted membrane proteins, Transporters	Ion transport, Transport, Zinc transport		Disease variant, Dystonia, Neurodegeneration, Parkinsonism	Low immune cell specificity		Low lineage specificity		Tissue enhanced	1	0	0	0	0	0	0	0	0	0	0	0	0	0	0		0	0	0	0	Non-immune
2477	SLC39A5	Zinc transporter ZIP5	Disease related genes, Human disease related genes, Metabolic proteins, Potential drug targets, Predicted intracellular proteins, Predicted membrane proteins, Transporters	Ion transport, Transport, Zinc transport		Disease variant	Not detected in immune cells		Not detected		Group enriched	1	0	0	0	0	0	0	0	0	0	0	0	0	0	0		0	0	0	0	Non-immune
2478	SLC44A4	Choline transporter-like protein 4	Disease related genes, Human disease related genes, Metabolic proteins, Potential drug targets, Predicted membrane proteins, Transporters	Antiport, Transport		Deafness, Disease variant, Non-syndromic deafness	Not detected in immune cells		Not detected		Tissue enhanced	1	0	0	0	0	0	0	0	0	0	0	0	0	0	0		0	0	0	0	Non-immune
2479	SLC4A1	Band 3 anion transport protein	Blood group antigen proteins, CD markers, Disease related genes, Human disease related genes, Metabolic proteins, Plasma proteins, Potential drug targets, Predicted membrane proteins, Transporters	Anion exchange, Ion transport, Transport	Blood group antigen	Disease variant, Elliptocytosis, Hereditary hemolytic anemia	Not detected in immune cells		Not detected		Tissue enriched	1	0	0	0	0	0	0	0	0	0	0	0	0	0	0		1	1	1	0	Other immune-annotated
2480	SLC51B	Organic solute transporter subunit beta	Disease related genes, Human disease related genes, Metabolic proteins, Potential drug targets, Predicted membrane proteins, Transporters	Lipid transport, Transport			Not detected in immune cells		Not detected		Tissue enhanced	0	0	0	0	0	0	0	0	0	0	0	0	0	0	0		0	0	0	0	Non-immune
2481	SLC9A3R1	Na(+)/H(+) exchange regulatory cofactor NHE-RF1	Disease related genes, Human disease related genes, Plasma proteins, Potential drug targets, Predicted intracellular proteins, Transporters	Wnt signaling pathway		Disease variant, Osteoporosis	Low immune cell specificity		Low lineage specificity		Tissue enhanced	0	0	0	0	0	0	0	0	0	0	0	0	0	0	0		0	0	0	0	Non-immune
2482	SLC9A3R2	Na(+)/H(+) exchange regulatory cofactor NHE-RF2	Predicted intracellular proteins, Transporters				Group enriched	classical monocyte: 2.2;intermediate monocyte: 1.6;myeloid DC: 3.9;plasmacytoid DC: 2.9	Group enriched		Tissue enhanced	0	0	0	0	0	0	0	0	0	0	0	0	0	0	1	Myeloid/Monocyte;Dendritic	0	0	2	1	Immune-cell-enriched
2483	SLIRP	SRA stem-loop-interacting RNA-binding protein, mitochondrial	Predicted intracellular proteins	Transcription, Transcription regulation	Repressor, RNA-binding		Low immune cell specificity		Low lineage specificity		Low tissue specificity	1	0	0	0	0	0	0	0	0	0	0	0	0	0	0		0	0	0	0	Non-immune
2484	SLIT2	Slit homolog 2 protein	Predicted intracellular proteins, Predicted membrane proteins, Predicted secreted proteins, Transporters	Chemotaxis, Differentiation, Neurogenesis	Developmental protein, Heparin-binding		Not detected in immune cells		Not detected	Secreted in other tissues	Low tissue specificity	1	0	0	0	0	0	0	0	0	0	0	0	0	0	0		1	0	0	0	Non-immune
2485	SLITRK1	SLIT and NTRK-like protein 1	Disease related genes, Human disease related genes, Plasma proteins, Predicted membrane proteins, Predicted secreted proteins				Not detected in immune cells		Not detected	Secreted in brain	Tissue enriched	1	0	0	0	0	0	0	0	0	0	0	0	0	0	0		1	0	0	0	Non-immune
2486	SLITRK2	SLIT and NTRK-like protein 2	Predicted membrane proteins			Disease variant, Intellectual disability	Not detected in immune cells		Not detected		Group enriched	1	0	0	0	0	0	0	0	0	0	0	0	0	0	0		0	0	0	0	Non-immune
2487	SLITRK6	SLIT and NTRK-like protein 6	Disease related genes, Human disease related genes, Predicted membrane proteins	Hearing, Sensory transduction, Vision		Deafness	Not detected in immune cells		Not detected		Tissue enhanced	1	0	0	0	0	0	0	0	0	0	0	0	0	0	0		0	0	0	0	Non-immune
2488	SLK	STE20-like serine/threonine-protein kinase	Enzymes, Plasma proteins, Predicted intracellular proteins	Apoptosis	Kinase, Serine/threonine-protein kinase, Transferase		Low immune cell specificity		Low lineage specificity		Low tissue specificity	1	0	0	0	0	0	0	0	0	0	0	0	0	0	0		0	0	0	0	Non-immune
2489	SLMAP	Sarcolemmal membrane-associated protein	Predicted intracellular proteins, Predicted membrane proteins				Low immune cell specificity		Low lineage specificity		Low tissue specificity	1	0	0	0	0	0	0	0	0	0	0	0	0	0	0		0	0	0	0	Non-immune
2490	SLURP1	Secreted Ly-6/uPAR-related protein 1	Disease related genes, Human disease related genes, Plasma proteins, Potential drug targets, Predicted secreted proteins, Transporters		Cytokine	Disease variant, Palmoplantar keratoderma	Not detected in immune cells		Not detected	Secreted in other tissues	Group enriched	1	0	0	0	0	0	0	0	0	0	0	0	0	0	0		1	0	0	0	Non-immune
2491	SMAD1	Mothers against decapentaplegic homolog 1	Cancer-related genes, Disease related genes, Predicted intracellular proteins, Transcription factors	Transcription, Transcription regulation	DNA-binding	Cancer-related genes	Immune cell enhanced	basophil: 46.5;non-classical monocyte: 22.3	Group enriched		Low tissue specificity	1	0	0	0	0	0	0	0	0	0	0	0	0	0	1	Myeloid/Monocyte;Granulocyte	0	0	2	1	Immune-cell-enriched
2492	SMAD2	Mothers against decapentaplegic homolog 2	Cancer-related genes, Disease related genes, Human disease related genes, Plasma proteins, Predicted intracellular proteins, Predicted membrane proteins, Transcription factors	Transcription, Transcription regulation	DNA-binding	Cancer-related genes, Disease variant, Heterotaxy	Low immune cell specificity		Low lineage specificity		Low tissue specificity	1	0	0	0	0	0	0	0	0	0	0	0	0	0	0		0	0	0	0	Non-immune
2493	SMAD3	Mothers against decapentaplegic homolog 3	Cancer-related genes, Disease related genes, Human disease related genes, Predicted intracellular proteins, Transcription factors	Host-virus interaction, Transcription, Transcription regulation	DNA-binding	Aortic aneurysm, Cancer-related genes, Disease variant	Low immune cell specificity		Low lineage specificity		Low tissue specificity	1	0	0	0	0	0	0	0	0	0	0	0	0	0	0		0	0	0	0	Non-immune
2494	SMAD5	Mothers against decapentaplegic homolog 5	Predicted intracellular proteins, Transcription factors	Transcription, Transcription regulation	DNA-binding		Immune cell enhanced	basophil: 92.2	Lineage enriched		Low tissue specificity	1	0	0	0	0	0	0	0	0	0	0	0	0	0	1	Granulocyte	0	0	2	1	Immune-cell-enriched
2495	SMARCA2	Probable global transcription activator SNF2L2	Disease related genes, Human disease related genes, Plasma proteins, Predicted intracellular proteins	Neurogenesis, Transcription, Transcription regulation	Activator, DNA-binding, Hydrolase	Disease variant, Hypotrichosis, Intellectual disability, Schizophrenia	Low immune cell specificity		Low lineage specificity		Low tissue specificity	1	0	0	0	0	0	0	0	0	0	0	0	0	0	0		0	0	0	0	Non-immune
2496	SMC3	Structural maintenance of chromosomes protein 3	Cancer-related genes, Disease related genes, Essential proteins, Human disease related genes, Plasma proteins, Predicted intracellular proteins	Cell cycle, Cell division, DNA damage, DNA repair, Meiosis, Mitosis		Cancer-related genes, Disease variant, Intellectual disability	Low immune cell specificity		Low lineage specificity		Low tissue specificity	1	0	0	0	0	0	0	0	0	0	0	0	0	0	0		0	0	0	0	Non-immune
2497	SMNDC1	Survival of motor neuron-related-splicing factor 30	Essential proteins, Predicted intracellular proteins	Apoptosis, mRNA processing, mRNA splicing			Low immune cell specificity		Low lineage specificity		Low tissue specificity	1	0	0	0	0	0	0	0	0	0	0	0	0	0	0		0	0	0	0	Non-immune
2498	SMOC1	SPARC-related modular calcium-binding protein 1	Disease related genes, Human disease related genes, Predicted secreted proteins	Differentiation	Developmental protein	Disease variant, Microphthalmia	Immune cell enriched	plasmacytoid DC: 1.3	Lineage enriched	Secreted to extracellular matrix	Tissue enhanced	1	0	0	0	0	0	0	0	0	0	0	0	0	0	1	Myeloid/Monocyte;Dendritic	1	0	2	1	Immune-cell-enriched
2499	SMOC2	SPARC-related modular calcium-binding protein 2	Disease related genes, Human disease related genes, Predicted intracellular proteins, Predicted secreted proteins				Not detected in immune cells		Not detected	Secreted to extracellular matrix	Tissue enhanced	1	0	0	0	0	0	0	0	0	0	0	0	0	0	0		1	0	0	0	Non-immune
2500	SMPD1	Sphingomyelin phosphodiesterase	Disease related genes, Enzymes, Human disease related genes, Metabolic proteins, Potential drug targets, Predicted intracellular proteins, Predicted secreted proteins	Host-virus interaction, Lipid metabolism	Glycosidase, Hydrolase	Disease variant, Neurodegeneration, Niemann-Pick disease	Low immune cell specificity		Low lineage specificity	Secreted to blood	Low tissue specificity	1	0	0	0	0	0	0	0	0	0	0	0	0	0	0		1	0	0	0	Non-immune
2501	SMPD3	Sphingomyelin phosphodiesterase 3	Enzymes, Metabolic proteins, Predicted intracellular proteins, Predicted membrane proteins	Cell cycle, Lipid metabolism, Sphingolipid metabolism	Developmental protein, Hydrolase		Immune cell enriched	plasmacytoid DC: 139.0	Lineage enriched		Tissue enhanced	1	0	0	0	0	0	0	0	0	0	0	0	0	0	1	Myeloid/Monocyte;Dendritic	0	0	2	1	Immune-cell-enriched
2502	SMPDL3A	Acid sphingomyelinase-like phosphodiesterase 3a	Predicted intracellular proteins, Predicted secreted proteins		Hydrolase		Immune cell enriched	basophil: 81.1	Lineage enriched	Secreted to blood	Low tissue specificity	1	0	0	0	0	0	0	0	0	0	0	0	0	0	1	Granulocyte	1	0	2	1	Immune-cell-enriched
2503	SMPDL3B	Acid sphingomyelinase-like phosphodiesterase 3b	Predicted secreted proteins	Immunity, Inflammatory response, Innate immunity, Lipid degradation, Lipid metabolism	Glycosidase, Hydrolase		Group enriched	eosinophil: 3.3;myeloid DC: 1.3;neutrophil: 1.7	Group enriched	Secreted to blood	Tissue enhanced	1	0	0	0	0	0	0	0	0	0	0	0	0	0	1	Myeloid/Monocyte;Granulocyte;Dendritic	1	1	3	1	Immune-cell-enriched
2504	SMS	Spermine synthase	Disease related genes, Enzymes, Essential proteins, Human disease related genes, Metabolic proteins, Predicted intracellular proteins	Polyamine biosynthesis	Transferase	Intellectual disability	Low immune cell specificity		Low lineage specificity		Low tissue specificity	1	0	0	0	0	0	0	0	0	0	0	0	0	0	0		0	0	0	0	Non-immune
2505	SMTN	Smoothelin	Plasma proteins, Predicted intracellular proteins				Low immune cell specificity		Low lineage specificity		Tissue enhanced	1	0	0	0	0	0	0	0	0	0	0	0	0	0	0		0	0	0	0	Non-immune
2506	SNAP23	Synaptosomal-associated protein 23	Predicted intracellular proteins, Predicted membrane proteins, Transporters	Protein transport, Transport			Immune cell enhanced	eosinophil: 681.5	Low lineage specificity		Low tissue specificity	1	0	0	0	0	0	0	0	0	0	0	0	0	0	1	Granulocyte	0	0	2	1	Immune-cell-enriched
2507	SNAP25	Synaptosomal-associated protein 25	Disease related genes, FDA approved drug targets, Human disease related genes, Predicted intracellular proteins, Transporters			Congenital myasthenic syndrome, Disease variant, FDA approved drug targets, Intellectual disability	Not detected in immune cells		Not detected		Tissue enriched	1	0	0	0	0	0	0	0	0	0	0	0	0	0	0		0	0	0	0	Non-immune
2508	SNAP29	Synaptosomal-associated protein 29	Disease related genes, Human disease related genes, Predicted intracellular proteins	Autophagy, Cilium biogenesis/degradation, Protein transport, Transport		Ichthyosis, Neuropathy, Palmoplantar keratoderma	Low immune cell specificity		Low lineage specificity		Low tissue specificity	1	0	0	0	0	0	0	0	0	0	0	0	0	0	0		0	0	0	0	Non-immune
2509	SNAPIN	SNARE-associated protein Snapin	Predicted intracellular proteins, Transporters	Exocytosis, Host-virus interaction			Low immune cell specificity		Low lineage specificity		Low tissue specificity	1	0	0	0	0	0	0	0	0	0	0	0	0	0	0		0	0	0	0	Non-immune
2510	SNCA	Alpha-synuclein	Disease related genes, Human disease related genes, Plasma proteins, Potential drug targets, Predicted intracellular proteins, Transporters			Alzheimer disease, Disease variant, Neurodegeneration, Parkinson disease, Parkinsonism	Immune cell enhanced	plasmacytoid DC: 103.2	Group enriched	Intracellular and membrane	Group enriched	1	0	0	0	0	0	0	0	0	0	0	0	0	0	1	Myeloid/Monocyte;Dendritic	0	0	2	1	Immune-cell-enriched
2511	SNCG	Gamma-synuclein	Predicted intracellular proteins, Transporters				Not detected in immune cells		Not detected		Tissue enhanced	1	0	0	0	0	0	0	0	0	0	0	0	0	0	0		0	0	0	0	Non-immune
2512	SNED1	Sushi, nidogen and EGF-like domain-containing protein 1	Predicted intracellular proteins, Predicted secreted proteins				Immune cell enhanced	memory B-cell: 1.9	Low lineage specificity	Secreted to blood	Low tissue specificity	1	0	0	0	0	0	0	0	0	0	0	0	0	0	1	B-cell	1	0	2	1	Immune-cell-enriched
2513	SNRPB2	U2 small nuclear ribonucleoprotein B''	Essential proteins, Plasma proteins, Predicted intracellular proteins	mRNA processing, mRNA splicing	Ribonucleoprotein, RNA-binding		Low immune cell specificity		Low lineage specificity		Low tissue specificity	1	0	0	0	0	0	0	0	0	0	0	0	0	0	0		0	0	0	0	Non-immune
2514	SNU13	NHP2-like protein 1	Essential proteins, Predicted intracellular proteins, Ribosomal proteins	mRNA processing, mRNA splicing	Ribonucleoprotein, RNA-binding		Low immune cell specificity		Low lineage specificity		Low tissue specificity	1	0	0	0	0	0	0	0	0	0	0	0	0	0	0		0	0	0	0	Non-immune
2515	SNX15	Sorting nexin-15	Predicted intracellular proteins	Protein transport, Transport			Low immune cell specificity		Low lineage specificity		Low tissue specificity	1	0	0	0	0	0	0	0	0	0	0	0	0	0	0		0	0	0	0	Non-immune
2516	SNX18	Sorting nexin-18	Plasma proteins, Predicted intracellular proteins	Cell cycle, Cell division, Endocytosis, Mitosis, Protein transport, Transport			Low immune cell specificity		Low lineage specificity		Tissue enhanced	1	0	0	0	0	0	0	0	0	0	0	0	0	0	0		0	0	0	0	Non-immune
2517	SNX2	Sorting nexin-2	Predicted intracellular proteins	Protein transport, Transport			Immune cell enhanced	memory B-cell: 291.0;naive B-cell: 290.2	Low lineage specificity		Low tissue specificity	1	0	0	0	0	0	0	0	0	0	0	0	0	0	1	B-cell	0	0	2	1	Immune-cell-enriched
2518	SNX5	Sorting nexin-5	Predicted intracellular proteins	Endocytosis, Host-virus interaction, Protein transport, Transport			Low immune cell specificity		Low lineage specificity		Low tissue specificity	1	0	0	0	0	0	0	0	0	0	0	0	0	0	0		0	0	0	0	Non-immune
2519	SNX9	Sorting nexin-9	Plasma proteins, Predicted intracellular proteins	Cell cycle, Cell division, Endocytosis, Mitosis, Protein transport, Transport			Immune cell enhanced	plasmacytoid DC: 10.2	Low lineage specificity		Low tissue specificity	1	0	0	0	0	0	0	0	0	0	0	0	0	0	1	Myeloid/Monocyte;Dendritic	0	0	2	1	Immune-cell-enriched
2520	SOD1	Superoxide dismutase [Cu-Zn]	Cancer-related genes, Disease related genes, Enzymes, Essential proteins, Human disease related genes, Metabolic proteins, Plasma proteins, Potential drug targets, Predicted intracellular proteins		Antioxidant, Oxidoreductase	Amyotrophic lateral sclerosis, Cancer-related genes, Disease variant, Neurodegeneration	Low immune cell specificity		Low lineage specificity		Tissue enhanced	1	0	0	0	0	0	0	0	0	0	0	0	0	0	0		0	0	0	0	Non-immune
2521	SOD2	Superoxide dismutase [Mn], mitochondrial	Cancer-related genes, Disease related genes, Enzymes, Human disease related genes, Plasma proteins, Potential drug targets, Predicted intracellular proteins		Oxidoreductase	Cancer-related genes	Immune cell enriched	neutrophil: 4504.9	Lineage enriched		Tissue enhanced	1	0	0	0	0	0	0	0	0	0	0	0	0	0	1	Granulocyte	0	0	2	1	Immune-cell-enriched
2522	SOD3	Extracellular superoxide dismutase	Enzymes, Metabolic proteins, Plasma proteins, Predicted secreted proteins		Antioxidant, Heparin-binding, Oxidoreductase		Not detected in immune cells		Not detected	Secreted to blood	Group enriched	1	0	0	0	0	0	0	0	0	0	0	0	0	0	0		1	0	0	0	Non-immune
2523	SORBS1	Sorbin and SH3 domain-containing protein 1	Predicted intracellular proteins	Transport			Immune cell enriched	basophil: 6.1	Lineage enriched		Tissue enhanced	1	0	0	0	0	0	0	0	0	0	0	0	0	0	1	Granulocyte	0	0	2	1	Immune-cell-enriched
2524	SORCS2	VPS10 domain-containing receptor SorCS2	Plasma proteins, Predicted membrane proteins				Not detected in immune cells		Not detected		Tissue enhanced	1	0	0	0	0	0	0	0	0	0	0	0	0	1	0		0	0	0	0	Soluble receptor
2525	SORD	Sorbitol dehydrogenase	Disease related genes, Enzymes, Human disease related genes, Metabolic proteins, Plasma proteins, Potential drug targets, Predicted intracellular proteins		Oxidoreductase	Disease variant, Neuropathy	Group enriched	basophil: 87.7;eosinophil: 62.8	Lineage enriched		Tissue enhanced	1	0	0	0	0	0	0	0	0	0	0	0	0	0	1	Granulocyte	0	0	2	1	Immune-cell-enriched
2526	SORT1	Sortilin	Disease related genes, Potential drug targets, Predicted intracellular proteins, Predicted membrane proteins, Transporters	Differentiation, Endocytosis, Osteogenesis, Transport	Developmental protein, Receptor		Immune cell enhanced	intermediate monocyte: 9.2;non-classical monocyte: 10.9	Low lineage specificity		Low tissue specificity	1	0	0	0	0	0	0	0	0	0	0	0	0	0	1	Myeloid/Monocyte	0	0	2	1	Immune-cell-enriched
2527	SOST	Sclerostin	Disease related genes, FDA approved drug targets, Human disease related genes, Predicted secreted proteins	Wnt signaling pathway	Heparin-binding	Disease variant, FDA approved drug targets	Not detected in immune cells		Not detected	Secreted to extracellular matrix	Tissue enriched	1	0	0	0	0	0	0	0	0	0	0	0	0	0	0		1	0	0	0	Non-immune
2528	SOWAHA	Ankyrin repeat domain-containing protein SOWAHA	Predicted intracellular proteins				Not detected in immune cells		Not detected		Group enriched	1	0	0	0	0	0	0	0	0	0	0	0	0	0	0		0	0	0	0	Non-immune
2529	SOX2	Transcription factor SOX-2	Cancer-related genes, Disease related genes, Human disease related genes, Predicted intracellular proteins, Transcription factors	Transcription, Transcription regulation	Activator, Developmental protein, DNA-binding	Cancer-related genes, Disease variant, Microphthalmia	Not detected in immune cells		Not detected		Tissue enhanced	1	0	0	0	0	0	0	0	0	0	0	0	0	0	0		0	0	0	0	Non-immune
2530	SOX9	Transcription factor SOX-9	Cancer-related genes, Disease related genes, Human disease related genes, Predicted intracellular proteins, Transcription factors	Differentiation, Transcription, Transcription regulation	Activator, DNA-binding	Cancer-related genes, Disease variant	Not detected in immune cells		Not detected		Tissue enhanced	1	0	0	0	0	0	0	0	0	0	0	0	0	0	0		0	0	0	0	Non-immune
2531	SPACA5_SPACA5B	Sperm acrosome-associated protein 5										0	0	0	0	0	0	0	0	0	0	0	0	0	0	0		0	0	0	0	Non-immune
2532	SPAG1	Sperm-associated antigen 1	Disease related genes, Human disease related genes, Predicted intracellular proteins	Fertilization	Hydrolase	Ciliopathy, Kartagener syndrome, Primary ciliary dyskinesia	Low immune cell specificity		Low lineage specificity		Low tissue specificity	1	0	0	0	0	0	0	0	0	0	0	0	0	0	0		0	0	0	0	Non-immune
2533	SPARC	SPARC	Cancer-related genes, Disease related genes, Human disease related genes, Plasma proteins, Predicted intracellular proteins, Predicted secreted proteins			Cancer-related genes, Disease variant, Osteogenesis imperfecta	Group enriched	basophil: 10.4;classical monocyte: 8.7;neutrophil: 24.5	Group enriched	Secreted to blood	Low tissue specificity	1	0	0	0	0	0	0	0	0	0	0	0	0	0	1	Myeloid/Monocyte;Granulocyte	1	0	2	1	Immune-cell-enriched
2534	SPARCL1	SPARC-like protein 1	Cancer-related genes, Plasma proteins, Predicted intracellular proteins, Predicted secreted proteins, Transporters			Cancer-related genes	Not detected in immune cells		Not detected	Secreted in other tissues	Low tissue specificity	1	0	0	0	0	0	0	0	0	0	0	0	0	0	0		1	0	0	0	Non-immune
2535	SPART	Spartin	Disease related genes, Human disease related genes, Predicted intracellular proteins	Lipid degradation, Lipid metabolism, Lipid transport, Transport		Disease variant, Hereditary spastic paraplegia, Neurodegeneration	Immune cell enriched	basophil: 173.2	Lineage enriched		Low tissue specificity	1	0	0	0	0	0	0	0	0	0	0	0	0	0	1	Granulocyte	0	0	2	1	Immune-cell-enriched
2536	SPESP1	Sperm equatorial segment protein 1	Predicted secreted proteins		Developmental protein		Low immune cell specificity		Low lineage specificity	Secreted in male reproductive system	Tissue enriched	1	0	0	0	0	0	0	0	0	0	0	0	0	0	0		1	0	0	0	Non-immune
2537	SPINK1	Serine protease inhibitor Kazal-type 1	Cancer-related genes, Disease related genes, Human disease related genes, Plasma proteins, Predicted secreted proteins		Protease inhibitor, Serine protease inhibitor	Cancer-related genes, Disease variant	Not detected in immune cells		Not detected	Secreted to digestive system	Tissue enriched	1	0	0	0	0	0	0	0	0	0	0	0	0	0	0		1	0	0	0	Non-immune
2538	SPINK2	Serine protease inhibitor Kazal-type 2	Disease related genes, Human disease related genes, Predicted secreted proteins		Protease inhibitor, Serine protease inhibitor		Immune cell enriched	NK-cell: 143.9	Lineage enriched	Secreted to blood	Tissue enriched	1	0	0	0	0	0	0	0	0	0	0	0	0	0	1	NK-cell	1	0	2	1	Immune-cell-enriched
2539	SPINK4	Serine protease inhibitor Kazal-type 4	Predicted intracellular proteins, Predicted secreted proteins		Protease inhibitor, Serine protease inhibitor		Immune cell enriched	basophil: 1.8	Lineage enriched	Secreted to digestive system	Tissue enriched	1	0	0	0	0	0	0	0	0	0	0	0	0	0	1	Granulocyte	1	0	2	1	Immune-cell-enriched
2540	SPINK5	Serine protease inhibitor Kazal-type 5	Disease related genes, Human disease related genes, Plasma proteins, Predicted secreted proteins		Protease inhibitor, Serine protease inhibitor	Hypotrichosis, Ichthyosis	Not detected in immune cells		Not detected	Secreted in other tissues	Group enriched	1	0	0	0	0	0	0	0	0	0	0	0	0	0	0		1	0	0	0	Non-immune
2541	SPINK6	Serine protease inhibitor Kazal-type 6	Predicted secreted proteins		Protease inhibitor, Serine protease inhibitor		Not detected in immune cells		Not detected	Secreted - unknown location	Tissue enhanced	1	0	0	0	0	0	0	0	0	0	0	0	0	0	0		1	0	0	0	Non-immune
2542	SPINK8	Serine protease inhibitor Kazal-type 8	Predicted secreted proteins		Protease inhibitor, Serine protease inhibitor		Group enriched	eosinophil: 1.1;neutrophil: 1.8	Lineage enriched	Secreted to blood	Group enriched	1	0	0	0	0	0	0	0	0	0	0	0	0	0	1	Granulocyte	1	0	2	1	Immune-cell-enriched
2543	SPINT1	Kunitz-type protease inhibitor 1	Cancer-related genes, Essential proteins, Plasma proteins, Predicted intracellular proteins, Predicted membrane proteins, Predicted secreted proteins, Transporters		Protease inhibitor, Serine protease inhibitor	Cancer-related genes	Low immune cell specificity		Low lineage specificity	Secreted to blood	Tissue enhanced	1	0	0	0	0	0	0	0	0	0	0	0	0	0	0		1	0	0	0	Non-immune
2544	SPINT2	Kunitz-type protease inhibitor 2	Cancer-related genes, Disease related genes, Human disease related genes, Plasma proteins, Potential drug targets, Predicted intracellular proteins, Predicted membrane proteins, Transporters		Protease inhibitor, Serine protease inhibitor	Cancer-related genes, Disease variant	Low immune cell specificity		Low lineage specificity		Low tissue specificity	1	0	0	0	0	0	0	0	0	0	0	0	0	0	0		0	0	0	0	Non-immune
2545	SPINT3	Kunitz-type protease inhibitor 3	Predicted secreted proteins		Protease inhibitor, Serine protease inhibitor		Not detected in immune cells		Not detected	Secreted in male reproductive system	Group enriched	1	0	0	0	0	0	0	0	0	0	0	0	0	0	0		1	0	0	0	Non-immune
2546	SPOCK1	Testican-1	Predicted intracellular proteins, Predicted secreted proteins				Not detected in immune cells		Not detected	Secreted to blood	Tissue enhanced	1	0	0	0	0	0	0	0	0	0	0	0	0	0	0		1	0	0	0	Non-immune
2547	SPON1	Spondin-1	Essential proteins, Plasma proteins, Predicted secreted proteins	Cell adhesion			Immune cell enriched	MAIT T-cell: 3.3	Lineage enriched	Secreted to blood	Low tissue specificity	1	0	0	0	0	0	0	0	0	0	0	0	0	0	1	T-cell	1	0	2	1	Immune-cell-enriched
2548	SPON2	Spondin-2	Plasma proteins, Predicted intracellular proteins, Predicted secreted proteins	Cell adhesion, Immunity, Innate immunity			Immune cell enhanced	gdT-cell: 256.9	Lineage enriched	Secreted to blood	Tissue enhanced	1	0	0	0	0	0	0	0	0	0	0	0	0	0	1	T-cell	1	1	3	1	Immune-cell-enriched
2549	SPP1	Osteopontin	Cancer-related genes, Plasma proteins, Predicted secreted proteins	Biomineralization, Cell adhesion	Cytokine	Cancer-related genes	Immune cell enriched	neutrophil: 26.6	Lineage enriched	Secreted to blood	Tissue enhanced	1	0	0	0	0	0	0	0	0	0	0	0	0	0	1	Granulocyte	1	0	2	1	Immune-cell-enriched
2550	SPRED2	Sprouty-related, EVH1 domain-containing protein 2	Disease related genes, Human disease related genes, Plasma proteins, Predicted intracellular proteins, Predicted membrane proteins			Disease variant	Group enriched	NK-cell: 1.9;plasmacytoid DC: 4.3	Group enriched		Low tissue specificity	1	0	0	0	0	0	0	0	0	0	0	0	0	0	1	Myeloid/Monocyte;NK-cell;Dendritic	0	0	2	1	Immune-cell-enriched
2551	SPRING1	SREBP regulating gene protein	Predicted intracellular proteins				Low immune cell specificity		Low lineage specificity		Tissue enhanced	1	0	0	0	0	0	0	0	0	0	0	0	0	0	0		0	0	0	0	Non-immune
2552	SPRR1B	Cornifin-B	Cancer-related genes, Essential proteins, Predicted intracellular proteins	Keratinization		Cancer-related genes	Not detected in immune cells		Not detected		Tissue enhanced	1	0	0	0	0	0	0	0	0	0	0	0	0	0	0		0	0	0	0	Non-immune
2553	SPRR3	Small proline-rich protein 3	Cancer-related genes, Predicted intracellular proteins	Keratinization		Cancer-related genes	Not detected in immune cells		Not detected		Tissue enhanced	1	0	0	0	0	0	0	0	0	0	0	0	0	0	0		0	0	0	0	Non-immune
2554	SPRY2	Protein sprouty homolog 2	Disease related genes, Plasma proteins, Predicted membrane proteins		Developmental protein	Disease variant	Immune cell enhanced	NK-cell: 4.1	Low lineage specificity		Low tissue specificity	1	0	0	0	0	0	0	0	0	0	0	0	0	0	1	NK-cell	0	0	2	1	Immune-cell-enriched
2555	SPTBN2	Spectrin beta chain, non-erythrocytic 2	Disease related genes, Human disease related genes, Plasma proteins, Predicted intracellular proteins		Actin capping, Actin-binding	Disease variant, Neurodegeneration, Spinocerebellar ataxia	Not detected in immune cells		Not detected		Tissue enhanced	1	0	0	0	0	0	0	0	0	0	0	0	0	0	0		0	0	0	0	Non-immune
2556	SPTLC1	Serine palmitoyltransferase 1	Disease related genes, Enzymes, Essential proteins, Human disease related genes, Metabolic proteins, Plasma proteins, Potential drug targets, Predicted membrane proteins	Lipid metabolism, Sphingolipid metabolism	Acyltransferase, Transferase	Amyotrophic lateral sclerosis, Disease variant, Neurodegeneration, Neuropathy	Low immune cell specificity		Low lineage specificity		Low tissue specificity	1	0	0	0	0	0	0	0	0	0	0	0	0	0	0		0	0	0	0	Non-immune
2557	SRC	Proto-oncogene tyrosine-protein kinase Src	Cancer-related genes, Disease related genes, Enzymes, FDA approved drug targets, Human disease related genes, Plasma proteins, Predicted intracellular proteins, Transporters	Cell adhesion, Cell cycle, Host-virus interaction, Immunity	Kinase, Transferase, Tyrosine-protein kinase	Cancer-related genes, Disease variant, FDA approved drug targets, Proto-oncogene	Immune cell enhanced	intermediate monocyte: 1.9	Group enriched		Low tissue specificity	1	0	0	0	0	0	0	0	0	0	0	0	0	0	1	Myeloid/Monocyte	0	1	3	1	Immune-cell-enriched
2558	SRP14	Signal recognition particle 14 kDa protein	Essential proteins, Plasma proteins, Predicted intracellular proteins, Transporters		Ribonucleoprotein, RNA-binding		Low immune cell specificity		Low lineage specificity		Low tissue specificity	1	0	0	0	0	0	0	0	0	0	0	0	0	0	0		0	0	0	0	Non-immune
2559	SRPK2	SRSF protein kinase 2	Enzymes, Predicted intracellular proteins	Differentiation, mRNA processing, mRNA splicing	Kinase, Serine/threonine-protein kinase, Transferase		Low immune cell specificity		Low lineage specificity		Tissue enhanced	1	0	0	0	0	0	0	0	0	0	0	0	0	0	0		0	0	0	0	Non-immune
2560	SRPX	Sushi repeat-containing protein SRPX	Plasma proteins, Predicted secreted proteins	Cell adhesion			Immune cell enriched	plasmacytoid DC: 7.8	Lineage enriched	Secreted - unknown location	Tissue enhanced	1	0	0	0	0	0	0	0	0	0	0	0	0	0	1	Myeloid/Monocyte;Dendritic	1	0	2	1	Immune-cell-enriched
2561	SSB	Lupus La protein	Essential proteins, Predicted intracellular proteins		RNA-binding	Systemic lupus erythematosus	Low immune cell specificity		Low lineage specificity		Low tissue specificity	1	0	0	0	0	0	0	0	0	0	0	0	0	0	0		0	0	0	0	Non-immune
2562	SSBP1	Single-stranded DNA-binding protein, mitochondrial	Disease related genes, Human disease related genes, Predicted intracellular proteins	DNA replication	DNA-binding	Disease variant	Low immune cell specificity		Low lineage specificity		Low tissue specificity	1	0	0	0	0	0	0	0	0	0	0	0	0	0	0		0	0	0	0	Non-immune
2563	SSC4D	Scavenger receptor cysteine-rich domain-containing group B protein	Predicted secreted proteins				Not detected in immune cells		Not detected	Secreted - unknown location	Tissue enhanced	1	0	0	0	0	0	0	0	0	0	0	0	0	1	0		1	0	0	0	Soluble receptor
2564	SSC5D	Soluble scavenger receptor cysteine-rich domain-containing protein SSC5D	Predicted intracellular proteins, Predicted secreted proteins	Immunity, Innate immunity	Developmental protein, Receptor		Not detected in immune cells		Not detected	Secreted in other tissues	Low tissue specificity	1	0	0	0	0	0	0	0	0	0	0	0	0	1	0		1	1	1	0	Soluble receptor
2565	SSH3	Protein phosphatase Slingshot homolog 3	Enzymes, Predicted intracellular proteins		Hydrolase, Protein phosphatase		Immune cell enhanced	basophil: 11.6;eosinophil: 11.2	Lineage enriched		Low tissue specificity	1	0	0	0	0	0	0	0	0	0	0	0	0	0	1	Granulocyte	0	0	2	1	Immune-cell-enriched
2566	SSNA1	Sjoegren syndrome nuclear autoantigen 1	Predicted intracellular proteins	Cell cycle, Cell division, Neurogenesis			Low immune cell specificity		Low lineage specificity		Low tissue specificity	1	0	0	0	0	0	0	0	0	0	0	0	0	0	0		0	0	0	0	Non-immune
2567	ST13	Hsc70-interacting protein	Plasma proteins, Predicted intracellular proteins		Chaperone		Low immune cell specificity		Low lineage specificity		Low tissue specificity	1	0	0	0	0	0	0	0	0	0	0	0	0	0	0		0	0	0	0	Non-immune
2568	ST3GAL1	CMP-N-acetylneuraminate-beta-galactosamide-alpha-2,3-sialyltransferase 1	Enzymes, Metabolic proteins, Predicted intracellular proteins	Lipid metabolism	Glycosyltransferase, Transferase		Low immune cell specificity		Low lineage specificity	Intracellular and membrane	Low tissue specificity	1	0	0	0	0	0	0	0	0	0	0	0	0	0	0		0	0	0	0	Non-immune
2569	ST6GAL1	Beta-galactoside alpha-2,6-sialyltransferase 1	Enzymes, Metabolic proteins, Predicted intracellular proteins, Predicted secreted proteins		Glycosyltransferase, Transferase		Low immune cell specificity		Low lineage specificity	Secreted to blood	Group enriched	1	0	0	0	0	0	0	0	0	0	0	0	0	0	0		1	0	0	0	Non-immune
2570	ST8SIA1	Alpha-N-acetylneuraminide alpha-2,8-sialyltransferase	Enzymes, Metabolic proteins, Predicted intracellular proteins, Predicted membrane proteins	Lipid metabolism, Sphingolipid metabolism	Glycosyltransferase, Transferase		Not detected in immune cells		Not detected		Low tissue specificity	1	0	0	0	0	0	0	0	0	0	0	0	0	0	0		0	0	0	0	Non-immune
2571	STAB2	Stabilin-2	Plasma proteins, Predicted intracellular proteins, Predicted membrane proteins	Endocytosis	Receptor		Not detected in immune cells		Not detected		Tissue enriched	1	0	0	0	0	0	0	0	0	0	0	0	0	0	0		0	0	0	0	Non-immune
2572	STAM	Signal transducing adapter molecule 1	Predicted intracellular proteins	Protein transport, Transport			Immune cell enhanced	T-reg: 76.7	Low lineage specificity		Tissue enhanced	1	0	0	0	0	0	0	0	0	0	0	0	0	0	1	T-cell	0	0	2	1	Immune-cell-enriched
2573	STAMBP	STAM-binding protein	Disease related genes, Enzymes, Human disease related genes, Metabolic proteins, Potential drug targets, Predicted intracellular proteins	Ubl conjugation pathway	Hydrolase, Metalloprotease, Protease	Disease variant	Low immune cell specificity		Low lineage specificity		Low tissue specificity	1	0	0	0	0	0	0	0	0	0	0	0	0	0	0		0	0	0	0	Non-immune
2574	STAT2	Signal transducer and activator of transcription 2	Disease related genes, Human disease related genes, Predicted intracellular proteins, Transcription factors	Antiviral defense, Host-virus interaction, Transcription, Transcription regulation	Activator, DNA-binding	Disease variant	Low immune cell specificity		Low lineage specificity		Low tissue specificity	1	0	0	0	0	0	0	0	0	0	0	0	0	0	0		0	0	0	0	Non-immune
2575	STAT5B	Signal transducer and activator of transcription 5B	Cancer-related genes, Disease related genes, Human disease related genes, Predicted intracellular proteins, Transcription factors	Transcription, Transcription regulation	Activator, DNA-binding	Cancer-related genes, Disease variant, Dwarfism	Low immune cell specificity		Low lineage specificity		Low tissue specificity	1	0	0	0	0	0	0	0	0	0	0	0	0	0	0		0	0	0	0	Non-immune
2576	STAU1	Double-stranded RNA-binding protein Staufen homolog 1	Plasma proteins, Predicted intracellular proteins	Host-virus interaction	RNA-binding		Low immune cell specificity		Low lineage specificity		Low tissue specificity	1	0	0	0	0	0	0	0	0	0	0	0	0	0	0		0	0	0	0	Non-immune
2577	STC1	Stanniocalcin-1	Predicted intracellular proteins, Predicted secreted proteins		Hormone		Not detected in immune cells		Not detected	Secreted in other tissues	Low tissue specificity	1	0	0	0	0	0	0	0	0	0	0	0	0	0	0		1	0	0	0	Non-immune
2578	STC2	Stanniocalcin-2	Predicted intracellular proteins, Predicted secreted proteins		Hormone		Not detected in immune cells		Not detected	Secreted in other tissues	Tissue enriched	1	0	0	0	0	0	0	0	0	0	0	0	0	0	0		1	0	0	0	Non-immune
2579	STEAP4	Metalloreductase STEAP4	Enzymes, Predicted membrane proteins, Transporters	Electron transport, Ion transport, Iron transport, Transport	Oxidoreductase		Immune cell enriched	neutrophil: 161.9	Lineage enriched		Tissue enhanced	1	0	0	0	0	0	0	0	0	0	0	0	0	0	1	Granulocyte	0	0	2	1	Immune-cell-enriched
2580	STIP1	Stress-induced-phosphoprotein 1	Plasma proteins, Predicted intracellular proteins				Low immune cell specificity		Low lineage specificity		Low tissue specificity	1	0	0	0	0	0	0	0	0	0	0	0	0	0	0		0	0	0	0	Non-immune
2581	STK11	Serine/threonine-protein kinase STK11	Cancer-related genes, Disease related genes, Enzymes, Human disease related genes, Potential drug targets, Predicted intracellular proteins	Apoptosis, Autophagy, Cell cycle, Differentiation, DNA damage, Spermatogenesis	Kinase, Serine/threonine-protein kinase, Transferase	Cancer-related genes, Disease variant, Tumor suppressor	Immune cell enhanced	neutrophil: 9.9	Low lineage specificity		Low tissue specificity	1	0	0	0	0	0	0	0	0	0	0	0	0	0	1	Granulocyte	0	0	2	1	Immune-cell-enriched
2582	STK24	Serine/threonine-protein kinase 24	Enzymes, Predicted intracellular proteins	Apoptosis	Kinase, Serine/threonine-protein kinase, Transferase		Low immune cell specificity		Low lineage specificity		Low tissue specificity	1	0	0	0	0	0	0	0	0	0	0	0	0	0	0		0	0	0	0	Non-immune
2583	STK4	Serine/threonine-protein kinase 4	Disease related genes, Enzymes, Potential drug targets, Predicted intracellular proteins, RAS pathway related proteins	Apoptosis	Kinase, Serine/threonine-protein kinase, Transferase		Low immune cell specificity		Low lineage specificity		Tissue enhanced	1	0	0	0	0	0	0	0	0	0	0	0	0	0	0		0	0	0	0	Non-immune
2584	STOML2	Stomatin-like protein 2, mitochondrial	Predicted intracellular proteins				Low immune cell specificity		Low lineage specificity		Low tissue specificity	1	0	0	0	0	0	0	0	0	0	0	0	0	0	0		0	0	0	0	Non-immune
2585	STX16	Syntaxin-16	Disease related genes, Human disease related genes, Predicted intracellular proteins, Predicted membrane proteins	Protein transport, Transport			Low immune cell specificity		Low lineage specificity		Low tissue specificity	1	0	0	0	0	0	0	0	0	0	0	0	0	0	0		0	0	0	0	Non-immune
2586	STX1B	Syntaxin-1B	Disease related genes, Human disease related genes, Predicted intracellular proteins, Predicted membrane proteins	Neurotransmitter transport, Transport		Disease variant, Epilepsy	Not detected in immune cells		Not detected		Tissue enriched	1	0	0	0	0	0	0	0	0	0	0	0	0	0	0		0	0	0	0	Non-immune
2587	STX3	Syntaxin-3	Disease related genes, Potential drug targets, Predicted intracellular proteins, Predicted membrane proteins, Transporters	Neurotransmitter transport, Transport		Disease variant	Group enriched	basophil: 42.5;eosinophil: 74.2;neutrophil: 60.9	Lineage enriched		Tissue enriched	1	0	0	0	0	0	0	0	0	0	0	0	0	0	1	Granulocyte	0	0	2	1	Immune-cell-enriched
2588	STX4	Syntaxin-4	Predicted intracellular proteins, Predicted membrane proteins, Transporters	Hearing, Neurotransmitter transport, Transport		Deafness, Non-syndromic deafness	Low immune cell specificity		Low lineage specificity		Low tissue specificity	1	0	0	0	0	0	0	0	0	0	0	0	0	0	0		0	0	0	0	Non-immune
2589	STX5	Syntaxin-5	Essential proteins, Predicted intracellular proteins, Predicted membrane proteins, Transporters	Transport		Congenital disorder of glycosylation, Disease variant	Low immune cell specificity		Low lineage specificity		Low tissue specificity	1	0	0	0	0	0	0	0	0	0	0	0	0	0	0		0	0	0	0	Non-immune
2590	STX6	Syntaxin-6	Plasma proteins, Predicted membrane proteins, Transporters	Protein transport, Transport			Low immune cell specificity		Low lineage specificity		Low tissue specificity	1	0	0	0	0	0	0	0	0	0	0	0	0	0	0		0	0	0	0	Non-immune
2591	STX7	Syntaxin-7	Plasma proteins, Predicted intracellular proteins, Predicted membrane proteins				Group enriched	basophil: 53.6;classical monocyte: 51.6;eosinophil: 49.2;intermediate monocyte: 58.1;memory B-cell: 86.2;myeloid DC: 61.6;naive B-cell: 107.2;neutrophil: 83.5;non-classical monocyte: 61.9;plasmacytoid DC: 74.0	Low lineage specificity		Low tissue specificity	1	0	0	0	0	0	0	0	0	0	0	0	0	0	1	Myeloid/Monocyte;Granulocyte;B-cell;Dendritic	0	0	2	1	Immune-cell-enriched
2592	STX8	Syntaxin-8	Predicted intracellular proteins, Predicted membrane proteins	Transport			Low immune cell specificity		Low lineage specificity		Low tissue specificity	1	0	0	0	0	0	0	0	0	0	0	0	0	0	0		0	0	0	0	Non-immune
2593	STXBP1	Syntaxin-binding protein 1	Disease related genes, Human disease related genes, Plasma proteins, Potential drug targets, Predicted intracellular proteins, Predicted membrane proteins, Transporters	Protein transport, Transport		Disease variant, Epilepsy, Intellectual disability	Not detected in immune cells		Not detected		Tissue enhanced	1	0	0	0	0	0	0	0	0	0	0	0	0	0	0		0	0	0	0	Non-immune
2594	STXBP3	Syntaxin-binding protein 3	Essential proteins, Plasma proteins, Predicted intracellular proteins	Protein transport, Transport			Low immune cell specificity		Low lineage specificity		Low tissue specificity	1	0	0	0	0	0	0	0	0	0	0	0	0	0	0		0	0	0	0	Non-immune
2595	SUGP1	SURP and G-patch domain-containing protein 1	Essential proteins, Predicted intracellular proteins	mRNA processing, mRNA splicing			Low immune cell specificity		Low lineage specificity		Low tissue specificity	1	0	0	0	0	0	0	0	0	0	0	0	0	0	0		0	0	0	0	Non-immune
2596	SUGT1	Protein SGT1 homolog	Essential proteins, Plasma proteins, Predicted intracellular proteins	Ubl conjugation pathway			Low immune cell specificity		Low lineage specificity		Low tissue specificity	1	0	0	0	0	0	0	0	0	0	0	0	0	0	0		0	0	0	0	Non-immune
2597	SULT1A1	Sulfotransferase 1A1	Enzymes, Metabolic proteins, Predicted intracellular proteins	Catecholamine metabolism, Lipid metabolism, Steroid metabolism	Transferase		Group enriched	classical monocyte: 245.3;intermediate monocyte: 201.2;myeloid DC: 112.3;neutrophil: 227.1;non-classical monocyte: 114.4	Group enriched		Tissue enhanced	1	0	0	0	0	0	0	0	0	0	0	0	0	0	1	Myeloid/Monocyte;Granulocyte;Dendritic	0	0	2	1	Immune-cell-enriched
2598	SULT2A1	Bile salt sulfotransferase	Enzymes, Metabolic proteins, Predicted intracellular proteins	Bile acid catabolism, Lipid degradation, Lipid metabolism, Steroid metabolism	Transferase		Immune cell enhanced	basophil: 2.4	Lineage enriched		Tissue enriched	1	0	0	0	0	0	0	0	0	0	0	0	0	0	1	Granulocyte	0	0	2	1	Immune-cell-enriched
2599	SUMF1	Formylglycine-generating enzyme	Disease related genes, Enzymes, Human disease related genes, Potential drug targets, Predicted intracellular proteins		Oxidoreductase	Disease variant, Ichthyosis, Leukodystrophy, Metachromatic leukodystrophy, Mucopolysaccharidosis	Low immune cell specificity		Low lineage specificity	Intracellular and membrane	Low tissue specificity	1	0	0	0	0	0	0	0	0	0	0	0	0	0	0		0	0	0	0	Non-immune
2600	SUMF2	Inactive C-alpha-formylglycine-generating enzyme 2	Plasma proteins, Predicted intracellular proteins				Low immune cell specificity		Low lineage specificity	Intracellular and membrane	Low tissue specificity	1	0	0	0	0	0	0	0	0	0	0	0	0	0	0		0	0	0	0	Non-immune
2601	SUOX	Sulfite oxidase, mitochondrial	Disease related genes, Enzymes, Human disease related genes, Metabolic proteins, Potential drug targets, Predicted intracellular proteins		Oxidoreductase	Disease variant, Epilepsy, Intellectual disability	Low immune cell specificity		Low lineage specificity		Low tissue specificity	1	0	0	0	0	0	0	0	0	0	0	0	0	0	0		0	0	0	0	Non-immune
2602	SUSD1	Sushi domain-containing protein 1	Predicted intracellular proteins, Predicted membrane proteins				Group enriched	eosinophil: 11.1;plasmacytoid DC: 44.3	Group enriched	Intracellular and membrane	Low tissue specificity	1	0	0	0	0	0	0	0	0	0	0	0	0	0	1	Myeloid/Monocyte;Granulocyte;Dendritic	0	0	2	1	Immune-cell-enriched
2603	SUSD2	Sushi domain-containing protein 2	Predicted membrane proteins		Receptor	Tumor suppressor	Not detected in immune cells		Not detected		Tissue enhanced	1	0	0	0	0	0	0	0	0	0	0	0	0	0	0		0	0	0	0	Non-immune
2604	SUSD4	Sushi domain-containing protein 4	Predicted intracellular proteins, Predicted membrane proteins	Complement pathway, Immunity, Innate immunity			Immune cell enhanced	memory CD4 T-cell: 6.8;naive CD4 T-cell: 10.2	Lineage enriched	Intracellular and membrane	Tissue enhanced	1	0	0	0	0	0	0	0	0	0	0	0	0	0	1	T-cell	0	1	3	1	Immune-cell-enriched
2605	SUSD5	Sushi domain-containing protein 5	Predicted intracellular proteins, Predicted membrane proteins				Not detected in immune cells		Not detected		Tissue enriched	1	0	0	0	0	0	0	0	0	0	0	0	0	0	0		0	0	0	0	Non-immune
2606	SV2A	Synaptic vesicle glycoprotein 2A	FDA approved drug targets, Predicted membrane proteins	Neurotransmitter transport, Transport		Disease variant, Epilepsy, FDA approved drug targets	Not detected in immune cells		Not detected		Tissue enhanced	1	0	0	0	0	0	0	0	0	0	0	0	0	0	0		0	0	0	0	Non-immune
2607	SWAP70	Switch-associated protein 70	Predicted intracellular proteins		DNA-binding		Immune cell enhanced	memory B-cell: 80.5;naive B-cell: 84.7	Group enriched		Low tissue specificity	1	0	0	0	0	0	0	0	0	0	0	0	0	0	1	B-cell	0	0	2	1	Immune-cell-enriched
2608	SYAP1	Synapse-associated protein 1	Predicted intracellular proteins	Differentiation			Low immune cell specificity		Low lineage specificity		Low tissue specificity	1	0	0	0	0	0	0	0	0	0	0	0	0	0	0		0	0	0	0	Non-immune
2609	SYNGAP1	Ras/Rap GTPase-activating protein SynGAP	Disease related genes, Human disease related genes, Plasma proteins, Predicted intracellular proteins, RAS pathway related proteins		GTPase activation	Autism, Autism spectrum disorder, Disease variant, Intellectual disability	Not detected in immune cells		Not detected		Low tissue specificity	1	0	0	0	0	0	0	0	0	0	0	0	0	0	0		0	0	0	0	Non-immune
2610	SYT1	Synaptotagmin-1	Disease related genes, Human disease related genes, Potential drug targets, Predicted intracellular proteins, Predicted membrane proteins, Transporters	Differentiation		Disease variant	Immune cell enhanced	memory B-cell: 1.9;naive B-cell: 2.8	Lineage enriched		Group enriched	1	0	0	0	0	0	0	0	0	0	0	0	0	0	1	B-cell	0	0	2	1	Immune-cell-enriched
2611	SYTL4	Synaptotagmin-like protein 4	Predicted intracellular proteins, Transporters				Immune cell enhanced	neutrophil: 1.6	Lineage enriched		Tissue enhanced	1	0	0	0	0	0	0	0	0	0	0	0	0	0	1	Granulocyte	0	0	2	1	Immune-cell-enriched
2612	TAB2	TGF-beta-activated kinase 1 and MAP3K7-binding protein 2	Disease related genes, Human disease related genes, Predicted intracellular proteins			Disease variant	Low immune cell specificity		Low lineage specificity		Low tissue specificity	1	0	0	0	0	0	0	0	0	0	0	0	0	0	0		0	0	0	0	Non-immune
2613	TACC3	Transforming acidic coiled-coil-containing protein 3	Predicted intracellular proteins	Cell cycle, Cell division, Mitosis			Immune cell enhanced	neutrophil: 91.1	Low lineage specificity		Tissue enhanced	1	0	0	0	0	0	0	0	0	0	0	0	0	0	1	Granulocyte	0	0	2	1	Immune-cell-enriched
2614	TACSTD2	Tumor-associated calcium signal transducer 2	Disease related genes, FDA approved drug targets, Human disease related genes, Predicted membrane proteins	Sensory transduction, Vision	Tumor antigen	Amyloidosis, Corneal dystrophy, FDA approved drug targets	Immune cell enhanced	eosinophil: 15.1	Group enriched		Tissue enhanced	1	0	0	0	0	0	0	0	0	0	0	0	0	0	1	Granulocyte	0	0	2	1	Immune-cell-enriched
2615	TADA3	Transcriptional adapter 3	Predicted intracellular proteins	Transcription, Transcription regulation			Low immune cell specificity		Low lineage specificity		Low tissue specificity	1	0	0	0	0	0	0	0	0	0	0	0	0	0	0		0	0	0	0	Non-immune
2616	TAFA5	Chemokine-like protein TAFA-5	Predicted intracellular proteins, Predicted secreted proteins		Cytokine		Not detected in immune cells		Not detected	Secreted in brain	Tissue enhanced	1	0	0	0	0	0	0	0	0	0	0	0	0	0	0		1	0	0	0	Non-immune
2617	TAGLN3	Transgelin-3	Plasma proteins, Predicted intracellular proteins				Not detected in immune cells		Not detected		Tissue enriched	1	0	0	0	0	0	0	0	0	0	0	0	0	0	0		0	0	0	0	Non-immune
2618	TALDO1	Transaldolase	Disease related genes, Enzymes, Human disease related genes, Metabolic proteins, Plasma proteins, Potential drug targets, Predicted intracellular proteins	Pentose shunt	Transferase	Disease variant	Immune cell enhanced	eosinophil: 2876.7;neutrophil: 3741.3	Low lineage specificity		Low tissue specificity	1	0	0	0	0	0	0	0	0	0	0	0	0	0	1	Granulocyte	0	0	2	1	Immune-cell-enriched
2619	TANK	TRAF family member-associated NF-kappa-B activator	Predicted intracellular proteins	DNA damage, Host-virus interaction			Low immune cell specificity		Low lineage specificity		Low tissue specificity	1	0	0	0	0	0	0	0	0	0	0	0	0	0	0		0	0	0	0	Non-immune
2620	TAP1	Antigen peptide transporter 1	Cancer-related genes, Disease related genes, Enzymes, Human disease related genes, Plasma proteins, Potential drug targets, Predicted intracellular proteins, Predicted membrane proteins, Transporters	Adaptive immunity, Host-virus interaction, Immunity, Peptide transport, Protein transport, Transport	Translocase	Cancer-related genes	Low immune cell specificity		Low lineage specificity		Low tissue specificity	1	0	0	0	0	0	0	0	0	0	0	1	0	0	0		0	1	2	1	HLA/Antigen presentation
2621	TARBP2	RISC-loading complex subunit TARBP2	Predicted intracellular proteins	RNA-mediated gene silencing, Translation regulation	RNA-binding		Low immune cell specificity		Low lineage specificity		Low tissue specificity	1	0	0	0	0	0	0	0	0	0	0	0	0	0	0		0	0	0	0	Non-immune
2622	TARM1	T-cell-interacting, activating receptor on myeloid cells protein 1	Predicted membrane proteins	Adaptive immunity, Immunity, Innate immunity	Receptor		Immune cell enhanced	basophil: 1.1	Low lineage specificity		Tissue enriched	1	0	0	0	0	0	0	0	0	0	0	0	0	1	1	Granulocyte	0	1	3	1	Immune-cell-enriched
2623	TARS1	Threonine--tRNA ligase 1, cytoplasmic	Disease related genes, Enzymes, Essential proteins, Human disease related genes, Metabolic proteins, Plasma proteins, Potential drug targets, Predicted intracellular proteins	Protein biosynthesis	Aminoacyl-tRNA synthetase, Ligase, RNA-binding, tRNA-binding	Disease variant	Low immune cell specificity		Low lineage specificity		Low tissue specificity	1	0	0	0	0	0	0	0	0	0	0	0	0	0	0		0	0	0	0	Non-immune
2624	TAX1BP1	Tax1-binding protein 1	Predicted intracellular proteins, Predicted membrane proteins	Apoptosis, Autophagy, Host-virus interaction, Immunity, Innate immunity			Low immune cell specificity		Low lineage specificity		Low tissue specificity	1	0	0	0	0	0	0	0	0	0	0	0	0	0	0		0	1	1	0	Other immune-annotated
2625	TBC1D17	TBC1 domain family member 17	Predicted intracellular proteins	Autophagy, Protein transport, Transport	GTPase activation		Low immune cell specificity		Low lineage specificity		Tissue enhanced	1	0	0	0	0	0	0	0	0	0	0	0	0	0	0		0	0	0	0	Non-immune
2626	TBC1D23	TBC1 domain family member 23	Disease related genes, Human disease related genes, Predicted intracellular proteins, Predicted membrane proteins		Developmental protein	Disease variant	Low immune cell specificity		Low lineage specificity		Low tissue specificity	1	0	0	0	0	0	0	0	0	0	0	0	0	0	0		0	0	0	0	Non-immune
2627	TBC1D5	TBC1 domain family member 5	Predicted intracellular proteins, Predicted membrane proteins, Transporters	Autophagy, Protein transport, Transport	GTPase activation		Low immune cell specificity		Low lineage specificity		Low tissue specificity	1	0	0	0	0	0	0	0	0	0	0	0	0	0	0		0	0	0	0	Non-immune
2628	TBCA	Tubulin-specific chaperone A	Essential proteins, Predicted intracellular proteins		Chaperone		Low immune cell specificity		Low lineage specificity		Low tissue specificity	1	0	0	0	0	0	0	0	0	0	0	0	0	0	0		0	0	0	0	Non-immune
2629	TBCB	Tubulin-folding cofactor B	Essential proteins, Metabolic proteins, Predicted intracellular proteins	Differentiation, Neurogenesis	Chaperone, Developmental protein		Low immune cell specificity		Low lineage specificity		Tissue enhanced	1	0	0	0	0	0	0	0	0	0	0	0	0	0	0		0	0	0	0	Non-immune
2630	TBCC	Tubulin-specific chaperone C	Essential proteins, Plasma proteins, Predicted intracellular proteins		Chaperone		Low immune cell specificity		Low lineage specificity		Low tissue specificity	1	0	0	0	0	0	0	0	0	0	0	0	0	0	0		0	0	0	0	Non-immune
2631	TBL1X	F-box-like/WD repeat-containing protein TBL1X	Disease related genes, Human disease related genes, Plasma proteins, Predicted intracellular proteins	Transcription, Transcription regulation, Ubl conjugation pathway	Activator	Congenital hypothyroidism, Deafness, Disease variant	Immune cell enhanced	neutrophil: 19.1	Low lineage specificity		Low tissue specificity	1	0	0	0	0	0	0	0	0	0	0	0	0	0	1	Granulocyte	0	0	2	1	Immune-cell-enriched
2632	TBR1	T-box brain protein 1	Disease related genes, Human disease related genes, Predicted intracellular proteins, Transcription factors	Transcription, Transcription regulation	DNA-binding	Autism spectrum disorder, Disease variant, Intellectual disability	Not detected in immune cells		Not detected		Tissue enriched	1	0	0	0	0	0	0	0	0	0	0	0	0	0	0		0	0	0	0	Non-immune
2633	TCL1A	T-cell leukemia/lymphoma protein 1A	Cancer-related genes, Disease related genes, Predicted intracellular proteins			Cancer-related genes, Proto-oncogene	Group enriched	memory B-cell: 879.8;naive B-cell: 2165.4;plasmacytoid DC: 1102.9	Group enriched		Tissue enriched	1	0	0	0	0	0	0	0	0	0	0	0	0	0	1	Myeloid/Monocyte;B-cell;Dendritic	0	0	2	1	Immune-cell-enriched
2634	TCL1B	T-cell leukemia/lymphoma protein 1B	Predicted intracellular proteins			Proto-oncogene	Group enriched	naive B-cell: 11.8;plasmacytoid DC: 6.2	Group enriched		Tissue enhanced	1	0	0	0	0	0	0	0	0	0	0	0	0	0	1	Myeloid/Monocyte;B-cell;Dendritic	0	0	2	1	Immune-cell-enriched
2635	TCN1	Transcobalamin-1	Plasma proteins, Predicted secreted proteins	Cobalt transport, Ion transport, Transport			Immune cell enriched	basophil: 2379.0	Lineage enriched	Secreted to blood	Tissue enriched	1	0	0	0	0	0	0	0	0	0	0	0	0	0	1	Granulocyte	1	0	2	1	Immune-cell-enriched
2636	TCN2	Transcobalamin-2	Disease related genes, Human disease related genes, Predicted intracellular proteins, Predicted secreted proteins	Cobalt transport, Ion transport, Transport		Disease variant	Group enriched	classical monocyte: 43.3;intermediate monocyte: 66.4;non-classical monocyte: 23.9	Lineage enriched	Secreted to blood	Tissue enhanced	1	0	0	0	0	0	0	0	0	0	0	0	0	0	1	Myeloid/Monocyte	1	0	2	1	Immune-cell-enriched
2637	TCOF1	Treacle protein	Disease related genes, Essential proteins, Human disease related genes, Plasma proteins, Predicted intracellular proteins			Disease variant	Low immune cell specificity		Low lineage specificity		Low tissue specificity	1	0	0	0	0	0	0	0	0	0	0	0	0	0	0		0	0	0	0	Non-immune
2638	TCP11	T-complex protein 11 homolog	Predicted intracellular proteins	Differentiation, Spermatogenesis	Developmental protein		Not detected in immune cells		Not detected		Tissue enriched	1	0	0	0	0	0	0	0	0	0	0	0	0	0	0		0	0	0	0	Non-immune
2639	TCTN3	Tectonic-3	Disease related genes, Human disease related genes, Predicted intracellular proteins, Predicted membrane proteins	Apoptosis, Cilium biogenesis/degradation		Ciliopathy, Disease variant, Joubert syndrome	Low immune cell specificity		Low lineage specificity	Intracellular and membrane	Low tissue specificity	1	0	0	0	0	0	0	0	0	0	0	0	0	0	0		0	0	0	0	Non-immune
2640	TDGF1	Teratocarcinoma-derived growth factor 1	Predicted intracellular proteins, Predicted secreted proteins		Growth factor		Not detected in immune cells		Not detected	Secreted in other tissues	Tissue enhanced	0	0	0	0	0	0	0	0	0	0	0	0	0	0	0		1	0	0	0	Non-immune
2641	TDO2	Tryptophan 2,3-dioxygenase	Disease related genes, Enzymes, Human disease related genes, Metabolic proteins, Potential drug targets, Predicted intracellular proteins	Tryptophan catabolism	Dioxygenase, Oxidoreductase	Disease variant	Not detected in immune cells		Not detected		Tissue enriched	1	0	0	0	0	0	0	0	0	0	0	0	0	0	0		0	0	0	0	Non-immune
2642	TDP1	Tyrosyl-DNA phosphodiesterase 1	Disease related genes, Human disease related genes, Predicted intracellular proteins	DNA damage, DNA repair	Exonuclease, Hydrolase, Nuclease	Disease variant, Neurodegeneration	Low immune cell specificity		Low lineage specificity		Low tissue specificity	1	0	0	0	0	0	0	0	0	0	0	0	0	0	0		0	0	0	0	Non-immune
2643	TDRKH	Tudor and KH domain-containing protein	Plasma proteins, Predicted intracellular proteins, Predicted membrane proteins	Differentiation, RNA-mediated gene silencing, Spermatogenesis	RNA-binding		Low immune cell specificity		Low lineage specificity		Tissue enhanced	1	0	0	0	0	0	0	0	0	0	0	0	0	0	0		0	0	0	0	Non-immune
2644	TEF	Thyrotroph embryonic factor	Plasma proteins, Predicted intracellular proteins, Transcription factors	Biological rhythms, Transcription, Transcription regulation	Activator, DNA-binding		Not detected in immune cells		Not detected		Low tissue specificity	1	0	0	0	0	0	0	0	0	0	0	0	0	0	0		0	0	0	0	Non-immune
2645	TEK	Angiopoietin-1 receptor	Cancer-related genes, CD markers, Disease related genes, Enzymes, FDA approved drug targets, Human disease related genes, Plasma proteins, Predicted membrane proteins, Predicted secreted proteins, RAS pathway related proteins	Angiogenesis	Kinase, Receptor, Transferase, Tyrosine-protein kinase	Cancer-related genes, Disease variant, FDA approved drug targets, Glaucoma	Not detected in immune cells		Not detected	Secreted to blood	Tissue enhanced	1	0	0	0	0	0	0	0	0	0	0	0	0	1	0		1	0	0	0	Soluble receptor
2646	TERF1	Telomeric repeat-binding factor 1	Predicted intracellular proteins	Cell cycle, Cell division, Mitosis	DNA-binding		Low immune cell specificity		Low lineage specificity		Low tissue specificity	1	0	0	0	0	0	0	0	0	0	0	0	0	0	0		0	0	0	0	Non-immune
2647	TET2	Methylcytosine dioxygenase TET2	Cancer-related genes, Disease related genes, Enzymes, Human disease related genes, Potential drug targets, Predicted intracellular proteins	Cell cycle	Chromatin regulator, Dioxygenase, DNA-binding, Oxidoreductase	Cancer-related genes, Disease variant, Tumor suppressor	Immune cell enhanced	neutrophil: 55.7	Lineage enriched		Low tissue specificity	1	0	0	0	0	0	0	0	0	0	0	0	0	0	1	Granulocyte	0	0	2	1	Immune-cell-enriched
2648	TEX101	Testis-expressed protein 101	Predicted membrane proteins, Predicted secreted proteins				Immune cell enriched	basophil: 55.7	Lineage enriched	Secreted in male reproductive system	Tissue enriched	1	0	0	0	0	0	0	0	0	0	0	0	0	0	1	Granulocyte	1	0	2	1	Immune-cell-enriched
2649	TEX33	Testis-expressed protein 33	Predicted intracellular proteins				Not detected in immune cells		Not detected		Tissue enriched	0	0	0	0	0	0	0	0	0	0	0	0	0	0	0		0	0	0	0	Non-immune
2650	TF	Serotransferrin	Cancer-related genes, Disease related genes, Human disease related genes, Plasma proteins, Predicted intracellular proteins, Predicted secreted proteins	Ion transport, Iron transport, Transport		Cancer-related genes, Disease variant	Not detected in immune cells		Not detected	Secreted to blood	Group enriched	1	0	0	0	0	0	0	0	0	0	0	0	0	0	0		1	0	0	0	Non-immune
2651	TFAP2A	Transcription factor AP-2-alpha	Disease related genes, Human disease related genes, Predicted intracellular proteins, Transcription factors	Transcription, Transcription regulation	Activator, DNA-binding	Disease variant	Not detected in immune cells		Not detected		Tissue enhanced	1	0	0	0	0	0	0	0	0	0	0	0	0	0	0		0	0	0	0	Non-immune
2652	TFF1	Trefoil factor 1	Cancer-related genes, Plasma proteins, Predicted secreted proteins		Growth factor	Cancer-related genes	Not detected in immune cells		Not detected	Secreted to digestive system	Tissue enriched	1	0	0	0	0	0	0	0	0	0	0	0	0	0	0		1	0	0	0	Non-immune
2653	TFF2	Trefoil factor 2	Cancer-related genes, Predicted secreted proteins			Cancer-related genes	Not detected in immune cells		Not detected	Secreted to digestive system	Tissue enriched	1	0	0	0	0	0	0	0	0	0	0	0	0	0	0		1	0	0	0	Non-immune
2654	TFF3	Trefoil factor 3	Cancer-related genes, Plasma proteins, Predicted intracellular proteins, Predicted secreted proteins			Cancer-related genes	Immune cell enriched	eosinophil: 1.6	Lineage enriched	Secreted to blood	Group enriched	1	0	0	0	0	0	0	0	0	0	0	0	0	0	1	Granulocyte	1	0	2	1	Immune-cell-enriched
2655	TFPI	Tissue factor pathway inhibitor	Candidate cardiovascular disease genes, FDA approved drug targets, Plasma proteins, Predicted secreted proteins	Blood coagulation, Hemostasis	Protease inhibitor, Serine protease inhibitor	FDA approved drug targets	Low immune cell specificity		Low lineage specificity	Secreted to blood	Tissue enhanced	1	0	0	0	0	0	0	1	0	0	0	0	0	0	0		1	0	1	0	Non-immune
2656	TFPI2	Tissue factor pathway inhibitor 2	Predicted intracellular proteins, Predicted secreted proteins	Blood coagulation, Hemostasis	Protease inhibitor, Serine protease inhibitor		Not detected in immune cells		Not detected	Secreted to extracellular matrix	Tissue enriched	1	0	0	0	0	0	0	1	0	0	0	0	0	0	0		1	0	1	0	Non-immune
2657	TFRC	Transferrin receptor protein 1	Cancer-related genes, CD markers, Disease related genes, Enzymes, Essential proteins, FDA approved drug targets, Human disease related genes, Metabolic proteins, Plasma proteins, Predicted intracellular proteins, Predicted membrane proteins, Predicted secreted proteins, Transporters	Endocytosis, Host-virus interaction	Host cell receptor for virus entry, Receptor, Transducer	Cancer-related genes, Disease variant, FDA approved drug targets	Immune cell enhanced	non-classical monocyte: 9.2	Low lineage specificity	Secreted to blood	Low tissue specificity	1	0	0	0	0	0	0	0	0	0	0	0	0	1	1	Myeloid/Monocyte	1	0	2	1	Immune-cell-enriched
2658	TG	Thyroglobulin	Cancer-related genes, Disease related genes, Human disease related genes, Plasma proteins, Predicted intracellular proteins, Predicted secreted proteins	Thyroid hormones biosynthesis	Hormone, Thyroid hormone	Cancer-related genes, Congenital hypothyroidism, Disease variant	Immune cell enhanced	neutrophil: 1.0	Low lineage specificity	Secreted in other tissues	Tissue enriched	1	0	0	0	0	0	0	0	0	0	0	0	0	0	1	Granulocyte	1	0	2	1	Immune-cell-enriched
2659	TGFA	Protransforming growth factor alpha	Cancer-related genes, Human disease related genes, Plasma proteins, Predicted membrane proteins, Predicted secreted proteins, RAS pathway related proteins		Growth factor, Mitogen	Cancer-related genes	Group enriched	basophil: 11.4;eosinophil: 23.9;neutrophil: 24.0	Lineage enriched	Secreted to blood	Tissue enhanced	1	0	0	0	0	0	0	0	0	0	0	0	0	0	1	Granulocyte	1	0	2	1	Immune-cell-enriched
2660	TGFB1	Transforming growth factor beta-1 proprotein	Human disease related genes, Predicted secreted proteins				Immune cell enhanced	eosinophil: 3.9	Low lineage specificity	Secreted to blood	Low tissue specificity	1	1	0	0	0	0	0	0	0	0	0	0	0	0	1	Granulocyte	1	0	4	1	Cytokine/Interleukin
2661	TGFB2	Transforming growth factor beta-2 proprotein	Cancer-related genes, Disease related genes, Human disease related genes, Predicted secreted proteins		Growth factor, Mitogen	Aortic aneurysm, Cancer-related genes, Disease variant	Not detected in immune cells		Not detected	Secreted to blood	Low tissue specificity	1	1	0	0	0	0	0	0	0	0	0	0	0	0	0		1	0	2	1	Cytokine/Interleukin
2662	TGFBI	Transforming growth factor-beta-induced protein ig-h3	Disease related genes, Human disease related genes, Plasma proteins, Predicted intracellular proteins, Predicted secreted proteins	Cell adhesion, Sensory transduction, Vision		Amyloidosis, Corneal dystrophy, Disease variant	Group enriched	classical monocyte: 252.5;intermediate monocyte: 149.2;myeloid DC: 157.2;non-classical monocyte: 121.9;plasmacytoid DC: 325.2	Group enriched	Secreted to blood	Tissue enhanced	1	1	0	0	0	0	0	0	0	0	0	0	0	0	1	Myeloid/Monocyte;Dendritic	1	0	4	1	Cytokine/Interleukin
2663	TGFBR1	TGF-beta receptor type-1	Disease related genes, Enzymes, Human disease related genes, Potential drug targets, Predicted intracellular proteins, Predicted membrane proteins	Apoptosis, Differentiation, Growth regulation	Kinase, Receptor, Serine/threonine-protein kinase, Transferase	Aortic aneurysm, Craniosynostosis, Disease variant	Low immune cell specificity		Low lineage specificity	Intracellular and membrane	Low tissue specificity	1	1	0	0	0	0	0	0	0	0	0	0	0	1	0		0	0	2	1	Cytokine/Interleukin
2664	TGFBR2	TGF-beta receptor type-2	Cancer-related genes, Disease related genes, Enzymes, FDA approved drug targets, Human disease related genes, Plasma proteins, Predicted membrane proteins, Predicted secreted proteins	Apoptosis, Differentiation, Growth regulation	Kinase, Receptor, Serine/threonine-protein kinase, Transferase	Aortic aneurysm, Cancer-related genes, Craniosynostosis, Disease variant, FDA approved drug targets, Hereditary nonpolyposis colorectal cancer	Low immune cell specificity		Low lineage specificity	Secreted to blood	Low tissue specificity	1	1	0	0	0	0	0	0	0	0	0	0	0	1	0		1	0	2	1	Cytokine/Interleukin
2665	TGFBR3	Transforming growth factor beta receptor type 3	Cancer-related genes, Plasma proteins, Predicted membrane proteins, Predicted secreted proteins		Receptor	Cancer-related genes	Group enriched	gdT-cell: 35.3;MAIT T-cell: 19.5;memory CD4 T-cell: 8.9;memory CD8 T-cell: 19.2;naive CD8 T-cell: 12.8;NK-cell: 16.7	Group enriched	Secreted to blood	Low tissue specificity	1	1	0	0	0	0	0	0	0	0	0	0	0	1	1	T-cell;NK-cell	1	0	4	1	Cytokine/Interleukin
2666	TGM2	Protein-glutamine gamma-glutamyltransferase 2	Disease related genes, Enzymes, Metabolic proteins, Potential drug targets, Predicted intracellular proteins, Predicted secreted proteins		Acyltransferase, Hydrolase, Protease, Transferase		Not detected in immune cells		Not detected	Secreted to extracellular matrix	Tissue enhanced	1	0	0	0	0	0	0	0	0	0	0	0	0	0	0		1	0	0	0	Non-immune
2667	TGOLN2	Trans-Golgi network integral membrane protein 2	Plasma proteins, Predicted membrane proteins				Low immune cell specificity		Low lineage specificity		Low tissue specificity	1	0	0	0	0	0	0	0	0	0	0	0	0	0	0		0	0	0	0	Non-immune
2668	THAP12	52 kDa repressor of the inhibitor of the protein kinase	Plasma proteins, Predicted membrane proteins, Transcription factors		DNA-binding		Low immune cell specificity		Low lineage specificity		Low tissue specificity	1	0	0	0	0	0	0	0	0	0	0	0	0	0	0		0	0	0	0	Non-immune
2669	THBD	Thrombomodulin	Candidate cardiovascular disease genes, CD markers, Disease related genes, Human disease related genes, Predicted membrane proteins	Blood coagulation, Hemostasis	Receptor	Disease variant, Hemolytic uremic syndrome, Thrombophilia	Immune cell enhanced	neutrophil: 24.6	Group enriched		Low tissue specificity	1	0	0	0	0	0	0	1	0	0	0	0	0	0	1	Granulocyte	0	0	3	1	Immune-cell-enriched
2670	THBS2	Thrombospondin-2	Cancer-related genes, Disease related genes, Human disease related genes, Plasma proteins, Predicted secreted proteins	Cell adhesion	Heparin-binding	Cancer-related genes, Disease variant, Ehlers-Danlos syndrome	Not detected in immune cells		Not detected	Secreted to extracellular matrix	Tissue enhanced	1	0	0	0	0	0	0	0	0	0	0	0	0	0	0		1	0	0	0	Non-immune
2671	THBS4	Thrombospondin-4	Cancer-related genes, Plasma proteins, Predicted intracellular proteins, Predicted secreted proteins	Cell adhesion, Tissue remodeling, Unfolded protein response	Growth factor, Mitogen	Cancer-related genes	Immune cell enriched	eosinophil: 4.6	Lineage enriched	Secreted to extracellular matrix	Tissue enhanced	1	0	0	0	0	0	0	0	0	0	0	0	0	0	1	Granulocyte	1	0	2	1	Immune-cell-enriched
2672	THOP1	Thimet oligopeptidase	Enzymes, Metabolic proteins, Plasma proteins, Predicted intracellular proteins		Hydrolase, Metalloprotease, Protease		Low immune cell specificity		Low lineage specificity		Low tissue specificity	1	0	0	0	0	0	0	0	0	0	0	0	0	0	0		0	0	0	0	Non-immune
2673	THPO	Thrombopoietin	Cancer-related genes, Disease related genes, Human disease related genes, Predicted membrane proteins, Predicted secreted proteins		Cytokine, Hormone	Cancer-related genes, Disease variant	Not detected in immune cells		Not detected	Secreted to blood	Tissue enriched	1	0	0	0	0	0	0	0	0	0	0	0	0	0	0		1	0	0	0	Non-immune
2674	THRAP3	Thyroid hormone receptor-associated protein 3	Plasma proteins, Predicted intracellular proteins	Biological rhythms, mRNA processing, mRNA splicing, Transcription, Transcription regulation	Activator, Receptor		Low immune cell specificity		Low lineage specificity		Low tissue specificity	1	0	0	0	0	0	0	0	0	0	0	0	0	1	0		0	0	0	0	Soluble receptor
2675	THSD1	Thrombospondin type-1 domain-containing protein 1	Disease related genes, Predicted membrane proteins			Disease variant	Not detected in immune cells		Not detected	Intracellular and membrane	Low tissue specificity	1	0	0	0	0	0	0	0	0	0	0	0	0	0	0		0	0	0	0	Non-immune
2676	THTPA	Thiamine-triphosphatase	Enzymes, Metabolic proteins, Predicted intracellular proteins		Hydrolase		Low immune cell specificity		Low lineage specificity		Low tissue specificity	1	0	0	0	0	0	0	0	0	0	0	0	0	0	0		0	0	0	0	Non-immune
2677	THY1	Thy-1 membrane glycoprotein	CD markers, Plasma proteins, Predicted intracellular proteins, Predicted membrane proteins				Not detected in immune cells		Not detected		Tissue enhanced	1	0	0	0	0	0	0	0	0	0	0	0	0	0	0		0	0	0	0	Non-immune
2678	TIA1	Nucleolysin TIA-1 isoform p40	Disease related genes, Human disease related genes, Predicted intracellular proteins	Apoptosis, mRNA processing, mRNA splicing	RNA-binding	Amyotrophic lateral sclerosis, Disease variant, Neurodegeneration	Low immune cell specificity		Low lineage specificity		Low tissue specificity	1	0	0	0	0	0	0	0	0	0	0	0	0	0	0		0	0	0	0	Non-immune
2679	TIE1	Tyrosine-protein kinase receptor Tie-1	Cancer-related genes, Disease related genes, Enzymes, Human disease related genes, Plasma proteins, Potential drug targets, Predicted intracellular proteins, Predicted membrane proteins	Angiogenesis	Kinase, Receptor, Transferase, Tyrosine-protein kinase	Cancer-related genes	Group enriched	basophil: 2.2;NK-cell: 2.5	Group enriched	Intracellular and membrane	Low tissue specificity	1	0	0	0	0	0	0	0	0	0	0	0	0	1	1	Granulocyte;NK-cell	0	0	2	1	Immune-cell-enriched
2680	TIGAR	Fructose-2,6-bisphosphatase TIGAR	Enzymes, Metabolic proteins, Predicted intracellular proteins	Apoptosis, Autophagy	Hydrolase		Low immune cell specificity		Low lineage specificity		Low tissue specificity	1	0	0	0	0	0	0	0	0	0	0	0	0	0	0		0	0	0	0	Non-immune
2681	TIGIT	T-cell immunoreceptor with Ig and ITIM domains	Predicted membrane proteins				Immune cell enhanced	T-reg: 196.2	Lineage enriched		Tissue enriched	1	0	0	0	0	0	0	0	1	0	0	0	0	1	1	T-cell	0	0	4	1	Immune checkpoint
2682	TIMD4	T-cell immunoglobulin and mucin domain-containing protein 4	Plasma proteins, Predicted membrane proteins				Group enriched	memory CD4 T-cell: 1.3;memory CD8 T-cell: 2.5;naive CD4 T-cell: 1.6;naive CD8 T-cell: 1.6;T-reg: 4.0	Lineage enriched	Intracellular and membrane	Group enriched	1	0	0	0	0	0	0	0	0	0	0	0	0	0	1	T-cell	0	0	2	1	Immune-cell-enriched
2683	TIMM10	Mitochondrial import inner membrane translocase subunit Tim10	Essential proteins, Predicted intracellular proteins	Protein transport, Translocation, Transport	Chaperone		Low immune cell specificity		Low lineage specificity		Low tissue specificity	1	0	0	0	0	0	0	0	0	0	0	0	0	0	0		0	0	0	0	Non-immune
2684	TIMM8A	Mitochondrial import inner membrane translocase subunit Tim8 A	Disease related genes, Human disease related genes, Predicted intracellular proteins	Protein transport, Translocation, Transport	Chaperone	Deafness, Disease variant, Dystonia	Low immune cell specificity		Low lineage specificity		Low tissue specificity	1	0	0	0	0	0	0	0	0	0	0	0	0	0	0		0	0	0	0	Non-immune
2685	TIMP1	Metalloproteinase inhibitor 1	Cancer-related genes, Candidate cardiovascular disease genes, Plasma proteins, Predicted intracellular proteins, Predicted secreted proteins		Growth factor, Metalloenzyme inhibitor, Metalloprotease inhibitor, Protease inhibitor	Cancer-related genes	Low immune cell specificity		Low lineage specificity	Secreted to blood	Tissue enhanced	1	0	0	0	0	0	0	0	0	0	0	0	0	0	0		1	0	0	0	Non-immune
2686	TIMP2	Metalloproteinase inhibitor 2	Cancer-related genes, Candidate cardiovascular disease genes, Plasma proteins, Predicted intracellular proteins, Predicted secreted proteins		Metalloenzyme inhibitor, Metalloprotease inhibitor, Protease inhibitor	Cancer-related genes	Immune cell enhanced	neutrophil: 13.9	Group enriched	Secreted to extracellular matrix	Low tissue specificity	1	0	0	0	0	0	0	0	0	0	0	0	0	0	1	Granulocyte	1	0	2	1	Immune-cell-enriched
2687	TIMP3	Metalloproteinase inhibitor 3	Cancer-related genes, Disease related genes, Human disease related genes, Predicted secreted proteins	Sensory transduction, Vision	Metalloenzyme inhibitor, Metalloprotease inhibitor, Protease inhibitor	Cancer-related genes, Disease variant	Not detected in immune cells		Not detected	Secreted to extracellular matrix	Low tissue specificity	1	0	0	0	0	0	0	0	0	0	0	0	0	0	0		1	0	0	0	Non-immune
2688	TIMP4	Metalloproteinase inhibitor 4	Plasma proteins, Predicted secreted proteins		Metalloenzyme inhibitor, Metalloprotease inhibitor, Protease inhibitor		Not detected in immune cells		Not detected	Secreted to extracellular matrix	Tissue enhanced	1	0	0	0	0	0	0	0	0	0	0	0	0	0	0		1	0	0	0	Non-immune
2689	TINAGL1	Tubulointerstitial nephritis antigen-like	Enzymes, Predicted intracellular proteins, Predicted secreted proteins				Immune cell enhanced	basophil: 2.0	Lineage enriched	Secreted to extracellular matrix	Tissue enhanced	1	0	0	0	0	0	0	0	0	0	0	0	0	0	1	Granulocyte	1	0	2	1	Immune-cell-enriched
2690	TJAP1	Tight junction-associated protein 1	Predicted intracellular proteins				Low immune cell specificity		Low lineage specificity		Low tissue specificity	1	0	0	0	0	0	0	0	0	0	0	0	0	0	0		0	0	0	0	Non-immune
2691	TJP3	Tight junction protein ZO-3	Predicted intracellular proteins, Transporters				Group enriched	gdT-cell: 1.2;MAIT T-cell: 3.9;memory CD4 T-cell: 3.1;memory CD8 T-cell: 2.4;naive CD4 T-cell: 3.3;naive CD8 T-cell: 1.2;T-reg: 3.8	Lineage enriched		Tissue enhanced	1	0	0	0	0	0	0	0	0	0	0	0	0	0	1	T-cell	0	0	2	1	Immune-cell-enriched
2692	TK1	Thymidine kinase, cytosolic	Cancer-related genes, Enzymes, Metabolic proteins, Plasma proteins, Predicted intracellular proteins	DNA synthesis	Kinase, Transferase	Cancer-related genes	Immune cell enhanced	T-reg: 34.1	Low lineage specificity		Tissue enhanced	1	0	0	0	0	0	0	0	0	0	0	0	0	0	1	T-cell	0	0	2	1	Immune-cell-enriched
2693	TLR1	Toll-like receptor 1	CD markers, Predicted intracellular proteins, Predicted membrane proteins, Transporters	Immunity, Inflammatory response, Innate immunity	Receptor		Immune cell enhanced	neutrophil: 128.9	Group enriched		Tissue enhanced	1	0	0	0	0	0	0	0	0	0	0	0	0	1	1	Granulocyte	0	1	3	1	Immune-cell-enriched
2694	TLR2	Toll-like receptor 2	CD markers, FDA approved drug targets, Human disease related genes, Predicted intracellular proteins, Predicted membrane proteins, Transporters	Immunity, Inflammatory response, Innate immunity	Receptor	FDA approved drug targets	Group enriched	classical monocyte: 200.3;intermediate monocyte: 179.4;myeloid DC: 121.5;neutrophil: 460.9;non-classical monocyte: 122.1	Group enriched		Tissue enhanced	1	0	0	0	0	0	0	0	0	0	0	0	0	1	1	Myeloid/Monocyte;Granulocyte;Dendritic	0	1	3	1	Immune-cell-enriched
2695	TLR3	Toll-like receptor 3	CD markers, Disease related genes, Human disease related genes, Potential drug targets, Predicted intracellular proteins, Predicted membrane proteins, Transporters	Immunity, Inflammatory response, Innate immunity	Receptor, RNA-binding	Disease variant	Immune cell enhanced	gdT-cell: 2.9;memory CD8 T-cell: 3.1	Low lineage specificity		Low tissue specificity	1	0	0	0	0	0	0	0	0	0	0	0	0	1	1	T-cell	0	1	3	1	Immune-cell-enriched
2696	TLR4	Toll-like receptor 4	CD markers, FDA approved drug targets, Human disease related genes, Predicted intracellular proteins, Predicted membrane proteins, Transporters	Immunity, Inflammatory response, Innate immunity	Receptor	Age-related macular degeneration, FDA approved drug targets	Immune cell enhanced	neutrophil: 86.8	Group enriched	Intracellular and membrane	Low tissue specificity	1	0	0	0	0	0	0	0	0	0	0	0	0	1	1	Granulocyte	0	1	3	1	Immune-cell-enriched
2697	TMCO5A	Transmembrane and coiled-coil domain-containing protein 5A	Predicted intracellular proteins, Predicted membrane proteins				Not detected in immune cells		Not detected		Tissue enriched	1	0	0	0	0	0	0	0	0	0	0	0	0	0	0		0	0	0	0	Non-immune
2698	TMED1	Transmembrane emp24 domain-containing protein 1	Predicted intracellular proteins, Predicted membrane proteins, Transporters	Immunity, Innate immunity, Protein transport, Transport			Low immune cell specificity		Low lineage specificity		Low tissue specificity	1	0	0	0	0	0	0	0	0	0	0	0	0	0	0		0	1	1	0	Other immune-annotated
2699	TMED10	Transmembrane emp24 domain-containing protein 10	Essential proteins, Predicted membrane proteins, Transporters	ER-Golgi transport, Protein transport, Transport			Low immune cell specificity		Low lineage specificity		Low tissue specificity	1	0	0	0	0	0	0	0	0	0	0	0	0	0	0		0	0	0	0	Non-immune
2700	TMED4	Transmembrane emp24 domain-containing protein 4	Predicted intracellular proteins, Predicted membrane proteins	Protein transport, Transport			Low immune cell specificity		Low lineage specificity	Intracellular and membrane	Low tissue specificity	1	0	0	0	0	0	0	0	0	0	0	0	0	0	0		0	0	0	0	Non-immune
2701	TMED8	Protein TMED8	Predicted intracellular proteins				Low immune cell specificity		Low lineage specificity		Low tissue specificity	1	0	0	0	0	0	0	0	0	0	0	0	0	0	0		0	0	0	0	Non-immune
2702	TMEM106A	Transmembrane protein 106A	Predicted membrane proteins, Transporters	Immunity, Innate immunity			Immune cell enriched	basophil: 26.7	Lineage enriched		Tissue enhanced	1	0	0	0	0	0	0	0	0	0	0	0	0	0	1	Granulocyte	0	1	3	1	Immune-cell-enriched
2703	TMEM132A	Transmembrane protein 132A	Predicted intracellular proteins, Predicted membrane proteins, Transporters				Not detected in immune cells		Not detected		Tissue enhanced	1	0	0	0	0	0	0	0	0	0	0	0	0	0	0		0	0	0	0	Non-immune
2704	TMEM25	Transmembrane protein 25	Predicted intracellular proteins, Predicted membrane proteins, Transporters				Low immune cell specificity		Low lineage specificity	Intracellular and membrane	Low tissue specificity	1	0	0	0	0	0	0	0	0	0	0	0	0	0	0		0	0	0	0	Non-immune
2705	TMOD4	Tropomodulin-4	Predicted intracellular proteins		Actin-binding		Not detected in immune cells		Not detected		Group enriched	1	0	0	0	0	0	0	0	0	0	0	0	0	0	0		0	0	0	0	Non-immune
2706	TMPRSS11B	Transmembrane protease serine 11B	Enzymes, Predicted membrane proteins		Hydrolase, Protease, Serine protease		Not detected in immune cells		Not detected		Tissue enhanced	1	0	0	0	0	0	0	0	0	0	0	0	0	0	0		0	0	0	0	Non-immune
2707	TMPRSS11D	Transmembrane protease serine 11D	Enzymes, Predicted intracellular proteins, Predicted membrane proteins		Hydrolase, Protease, Serine protease		Not detected in immune cells		Not detected	Intracellular and membrane	Tissue enhanced	1	0	0	0	0	0	0	0	0	0	0	0	0	0	0		0	0	0	0	Non-immune
2708	TMPRSS15	Enteropeptidase	Disease related genes, Enzymes, Human disease related genes, Potential drug targets, Predicted intracellular proteins		Hydrolase, Protease, Serine protease		Not detected in immune cells		Not detected		Tissue enriched	1	0	0	0	0	0	0	0	0	0	0	0	0	0	0		0	0	0	0	Non-immune
2709	TMPRSS5	Transmembrane protease serine 5	Disease related genes, Enzymes, Potential drug targets, Predicted intracellular proteins, Predicted membrane proteins		Hydrolase, Protease, Serine protease		Not detected in immune cells		Not detected		Group enriched	1	0	0	0	0	0	0	0	0	0	0	0	0	0	0		0	0	0	0	Non-immune
2710	TMSB10	Thymosin beta-10	Essential proteins, Plasma proteins, Predicted intracellular proteins		Actin-binding		Low immune cell specificity		Low lineage specificity		Low tissue specificity	1	0	0	0	0	0	0	0	0	0	0	0	0	0	0		0	0	0	0	Non-immune
2711	TNC	Tenascin	Cancer-related genes, Disease related genes, Human disease related genes, Plasma proteins, Predicted intracellular proteins, Predicted secreted proteins	Cell adhesion		Cancer-related genes, Deafness, Disease variant, Non-syndromic deafness	Not detected in immune cells		Not detected	Secreted to extracellular matrix	Tissue enhanced	1	0	0	0	0	0	0	0	0	0	0	0	0	0	0		1	0	0	0	Non-immune
2712	TNF	Tumor necrosis factor	Cancer-related genes, Candidate cardiovascular disease genes, Disease related genes, FDA approved drug targets, Human disease related genes, Plasma proteins, Predicted intracellular proteins, Predicted secreted proteins		Cytokine	Cancer-related genes, FDA approved drug targets	Immune cell enhanced	non-classical monocyte: 73.4	Group enriched	Secreted to blood	Tissue enhanced	1	1	0	0	1	0	0	0	0	0	0	0	0	0	1	Myeloid/Monocyte	1	0	4	1	TNF superfamily
2713	TNFAIP2	Tumor necrosis factor alpha-induced protein 2	Cancer-related genes, Plasma proteins, Predicted intracellular proteins, Transporters	Angiogenesis, Differentiation	Developmental protein	Cancer-related genes	Immune cell enhanced	neutrophil: 49.0	Low lineage specificity		Tissue enhanced	1	1	0	0	1	0	0	0	0	0	0	0	0	0	1	Granulocyte	0	0	4	1	TNF superfamily
2714	TNFAIP8	Tumor necrosis factor alpha-induced protein 8	Predicted intracellular proteins	Apoptosis			Low immune cell specificity		Low lineage specificity		Tissue enhanced	1	1	0	0	1	0	0	0	0	0	0	0	0	0	0		0	0	2	1	TNF superfamily
2715	TNFAIP8L2	Tumor necrosis factor alpha-induced protein 8-like protein 2	Predicted intracellular proteins	Immunity, Innate immunity			Low immune cell specificity		Low lineage specificity		Tissue enhanced	1	1	0	0	1	0	0	0	0	0	0	0	0	0	0		0	1	3	1	TNF superfamily
2716	TNFRSF10A	Tumor necrosis factor receptor superfamily member 10A	Cancer-related genes, CD markers, Predicted membrane proteins	Apoptosis	Receptor	Cancer-related genes	Low immune cell specificity		Low lineage specificity		Low tissue specificity	1	1	0	0	1	0	0	0	0	0	0	0	0	1	0		0	0	2	1	TNF superfamily
2717	TNFRSF10B	Tumor necrosis factor receptor superfamily member 10B	Cancer-related genes, CD markers, Disease related genes, Human disease related genes, Plasma proteins, Predicted membrane proteins	Apoptosis	Receptor	Cancer-related genes	Low immune cell specificity		Low lineage specificity		Low tissue specificity	1	1	0	0	1	0	0	0	0	0	0	0	0	1	0		0	0	2	1	TNF superfamily
2718	TNFRSF10C	Tumor necrosis factor receptor superfamily member 10C	Cancer-related genes, CD markers, Predicted membrane proteins	Apoptosis	Receptor	Cancer-related genes	Immune cell enriched	neutrophil: 3204.8	Lineage enriched		Tissue enhanced	1	1	0	0	1	0	0	0	0	0	0	0	0	1	1	Granulocyte	0	0	4	1	TNF superfamily
2719	TNFRSF11A	Tumor necrosis factor receptor superfamily member 11A	CD markers, Disease related genes, Human disease related genes, Predicted intracellular proteins, Predicted membrane proteins		Receptor	Deafness, Disease variant, Osteopetrosis	Immune cell enriched	NK-cell: 2.3	Lineage enriched	Intracellular and membrane	Tissue enhanced	1	1	0	0	1	0	0	0	0	0	0	0	0	1	1	NK-cell	0	0	4	1	TNF superfamily
2720	TNFRSF11B	Tumor necrosis factor receptor superfamily member 11B	Cancer-related genes, Candidate cardiovascular disease genes, Disease related genes, Human disease related genes, Plasma proteins, Predicted secreted proteins	Apoptosis	Receptor	Cancer-related genes, Disease variant	Immune cell enriched	plasmacytoid DC: 4.0	Lineage enriched	Secreted in other tissues	Group enriched	1	1	0	0	1	0	0	0	0	0	0	0	0	1	1	Myeloid/Monocyte;Dendritic	1	0	4	1	TNF superfamily
2721	TNFRSF12A	Tumor necrosis factor receptor superfamily member 12A	Cancer-related genes, CD markers, Predicted intracellular proteins, Predicted membrane proteins	Angiogenesis, Apoptosis, Cell adhesion, Differentiation	Developmental protein, Receptor	Cancer-related genes	Group enriched	eosinophil: 140.0;neutrophil: 103.3	Lineage enriched		Low tissue specificity	1	1	0	0	1	0	0	0	0	0	0	0	0	1	1	Granulocyte	0	0	4	1	TNF superfamily
2722	TNFRSF13B	Tumor necrosis factor receptor superfamily member 13B	CD markers, Disease related genes, Human disease related genes, Predicted intracellular proteins, Predicted membrane proteins	Adaptive immunity, Immunity	Receptor	Disease variant	Group enriched	memory B-cell: 131.4;naive B-cell: 52.1	Lineage enriched		Group enriched	1	1	0	0	1	0	0	0	0	0	0	0	0	1	1	B-cell	0	1	5	1	TNF superfamily
2723	TNFRSF13C	Tumor necrosis factor receptor superfamily member 13C	CD markers, Disease related genes, Human disease related genes, Predicted membrane proteins	Adaptive immunity, Immunity	Receptor	Disease variant	Group enriched	memory B-cell: 22.3;naive B-cell: 28.8	Lineage enriched		Group enriched	1	1	0	0	1	0	0	0	0	0	0	0	0	1	1	B-cell	0	1	5	1	TNF superfamily
2724	TNFRSF14	Tumor necrosis factor receptor superfamily member 14	Cancer-related genes, CD markers, Human disease related genes, Predicted intracellular proteins, Predicted membrane proteins	Adaptive immunity, Host-virus interaction, Immunity, Innate immunity	Host cell receptor for virus entry, Receptor	Cancer-related genes	Low immune cell specificity		Low lineage specificity		Low tissue specificity	1	1	0	0	1	0	0	0	0	0	0	0	0	1	0		0	1	3	1	TNF superfamily
2725	TNFRSF17	Tumor necrosis factor receptor superfamily member 17	Cancer-related genes, CD markers, Disease related genes, FDA approved drug targets, Predicted intracellular proteins, Predicted membrane proteins	Adaptive immunity, Immunity	Receptor	Cancer-related genes, FDA approved drug targets, Proto-oncogene	Group enriched	memory B-cell: 125.4;naive B-cell: 109.1;plasmacytoid DC: 103.5	Group enriched		Tissue enhanced	1	1	0	0	1	0	0	0	0	0	0	0	0	1	1	Myeloid/Monocyte;B-cell;Dendritic	0	1	5	1	TNF superfamily
2726	TNFRSF19	Tumor necrosis factor receptor superfamily member 19	Plasma proteins, Predicted membrane proteins	Apoptosis	Receptor		Immune cell enhanced	T-reg: 1.3	Low lineage specificity		Tissue enhanced	1	1	0	0	1	0	0	0	0	0	0	0	0	1	1	T-cell	0	0	4	1	TNF superfamily
2727	TNFRSF1A	Tumor necrosis factor receptor superfamily member 1A	Cancer-related genes, Candidate cardiovascular disease genes, CD markers, Disease related genes, FDA approved drug targets, Human disease related genes, Plasma proteins, Predicted membrane proteins, Predicted secreted proteins	Apoptosis, Host-virus interaction	Receptor	Amyloidosis, Cancer-related genes, Disease variant, FDA approved drug targets	Immune cell enhanced	neutrophil: 454.7	Group enriched	Secreted to blood	Low tissue specificity	1	1	0	0	1	0	0	0	0	0	0	0	0	1	1	Granulocyte	1	0	4	1	TNF superfamily
2728	TNFRSF1B	Tumor necrosis factor receptor superfamily member 1B	Cancer-related genes, Candidate cardiovascular disease genes, CD markers, Human disease related genes, Plasma proteins, Predicted membrane proteins, Predicted secreted proteins	Apoptosis	Receptor	Cancer-related genes	Immune cell enhanced	non-classical monocyte: 387.7	Low lineage specificity	Secreted to blood	Tissue enhanced	1	1	0	0	1	0	0	0	0	0	0	0	0	1	1	Myeloid/Monocyte	1	0	4	1	TNF superfamily
2729	TNFRSF21	Tumor necrosis factor receptor superfamily member 21	CD markers, Plasma proteins, Predicted membrane proteins	Adaptive immunity, Apoptosis, Host-virus interaction, Immunity	Receptor		Immune cell enriched	plasmacytoid DC: 69.3	Lineage enriched		Tissue enhanced	1	1	0	0	1	0	0	0	0	0	0	0	0	1	1	Myeloid/Monocyte;Dendritic	0	1	5	1	TNF superfamily
2730	TNFRSF4	Tumor necrosis factor receptor superfamily member 4	Cancer-related genes, CD markers, Disease related genes, Human disease related genes, Predicted intracellular proteins, Predicted membrane proteins	Host-virus interaction	Host cell receptor for virus entry, Receptor	Cancer-related genes, Disease variant	Group enriched	memory CD4 T-cell: 25.6;T-reg: 31.0	Lineage enriched		Tissue enhanced	1	1	0	0	1	0	0	0	1	0	0	0	0	1	1	T-cell	0	0	6	1	Immune checkpoint
2731	TNFRSF6B	Tumor necrosis factor receptor superfamily member 6B	Predicted secreted proteins	Apoptosis	Receptor		Immune cell enriched	plasmacytoid DC: 21.6	Lineage enriched	Secreted to blood	Tissue enhanced	0	1	0	0	1	0	0	0	0	0	0	0	0	1	1	Myeloid/Monocyte;Dendritic	1	0	4	1	TNF superfamily
2732	TNFRSF8	Tumor necrosis factor receptor superfamily member 8	Cancer-related genes, CD markers, FDA approved drug targets, Plasma proteins, Predicted intracellular proteins, Predicted membrane proteins		Receptor	Cancer-related genes, FDA approved drug targets	Group enriched	intermediate monocyte: 59.4;non-classical monocyte: 97.0	Lineage enriched		Tissue enhanced	1	1	0	0	1	0	0	0	0	0	0	0	0	1	1	Myeloid/Monocyte	0	0	4	1	TNF superfamily
2733	TNFRSF9	Tumor necrosis factor receptor superfamily member 9	Cancer-related genes, CD markers, Predicted intracellular proteins, Predicted membrane proteins, Transporters		Receptor	Cancer-related genes	Group enriched	memory CD8 T-cell: 9.4;neutrophil: 8.6;NK-cell: 5.1;T-reg: 18.6	Group enriched		Tissue enhanced	1	1	0	0	1	0	0	0	1	0	0	0	0	1	1	Granulocyte;T-cell;NK-cell	0	0	6	1	Immune checkpoint
2734	TNFSF10	Tumor necrosis factor ligand superfamily member 10	Cancer-related genes, CD markers, Predicted intracellular proteins, Predicted membrane proteins, Predicted secreted proteins, Transporters	Apoptosis	Cytokine	Cancer-related genes	Group enriched	basophil: 266.3;classical monocyte: 133.5;intermediate monocyte: 203.5;neutrophil: 257.9;non-classical monocyte: 214.1	Group enriched	Secreted to blood	Low tissue specificity	1	1	0	0	1	0	0	0	0	0	0	0	0	0	1	Myeloid/Monocyte;Granulocyte	1	0	4	1	TNF superfamily
2735	TNFSF11	Tumor necrosis factor ligand superfamily member 11	Cancer-related genes, CD markers, Disease related genes, FDA approved drug targets, Human disease related genes, Predicted intracellular proteins, Predicted membrane proteins, Predicted secreted proteins	Differentiation	Cytokine, Developmental protein, Receptor	Cancer-related genes, Disease variant, FDA approved drug targets, Osteopetrosis	Immune cell enriched	NK-cell: 9.9	Lineage enriched	Secreted to blood	Tissue enhanced	1	1	0	0	1	0	0	0	0	0	0	0	0	0	1	NK-cell	1	0	4	1	TNF superfamily
2736	TNFSF12	Tumor necrosis factor ligand superfamily member 12	Predicted intracellular proteins, Predicted secreted proteins	Angiogenesis, Apoptosis, Differentiation	Cytokine, Developmental protein		Low immune cell specificity		Low lineage specificity	Secreted to blood	Low tissue specificity	1	1	0	0	1	0	0	0	0	0	0	0	0	0	0		1	0	2	1	TNF superfamily
2737	TNFSF13	Tumor necrosis factor ligand superfamily member 13	Cancer-related genes, CD markers, Plasma proteins, Predicted intracellular proteins, Predicted secreted proteins	Immunity	Cytokine	Cancer-related genes	Immune cell enhanced	classical monocyte: 384.4	Group enriched	Secreted to blood	Tissue enhanced	1	1	0	0	1	0	0	0	0	0	0	0	0	0	1	Myeloid/Monocyte	1	1	5	1	TNF superfamily
2738	TNFSF13B	Tumor necrosis factor ligand superfamily member 13B	Cancer-related genes, CD markers, FDA approved drug targets, Plasma proteins, Predicted intracellular proteins, Predicted membrane proteins, Predicted secreted proteins	Immunity	Cytokine	Cancer-related genes, FDA approved drug targets	Immune cell enhanced	neutrophil: 509.3	Group enriched	Secreted to blood	Tissue enhanced	1	1	0	0	1	0	0	0	0	0	0	0	0	0	1	Granulocyte	1	1	5	1	TNF superfamily
2739	TNFSF14	Tumor necrosis factor ligand superfamily member 14	CD markers, Predicted intracellular proteins, Predicted membrane proteins, Predicted secreted proteins		Cytokine		Immune cell enhanced	neutrophil: 199.9	Group enriched	Secreted to blood	Group enriched	1	1	0	0	1	0	0	0	0	0	0	0	0	0	1	Granulocyte	1	0	4	1	TNF superfamily
2740	TNFSF8	Tumor necrosis factor ligand superfamily member 8	Cancer-related genes, CD markers, Predicted membrane proteins		Cytokine	Cancer-related genes	Low immune cell specificity		Low lineage specificity		Tissue enhanced	1	1	0	0	1	0	0	0	0	0	0	0	0	0	0		0	0	2	1	TNF superfamily
2741	TNIP1	TNFAIP3-interacting protein 1	Human disease related genes, Predicted intracellular proteins	Inflammatory response			Low immune cell specificity		Low lineage specificity		Low tissue specificity	1	0	0	0	0	0	0	0	0	0	0	0	0	0	0		0	1	1	0	Other immune-annotated
2742	TNN	Tenascin-N	Plasma proteins, Predicted secreted proteins				Not detected in immune cells		Not detected	Secreted to extracellular matrix	Tissue enhanced	1	0	0	0	0	0	0	0	0	0	0	0	0	0	0		1	0	0	0	Non-immune
2743	TNNI3	Troponin I, cardiac muscle	Candidate cardiovascular disease genes, Disease related genes, Human disease related genes, Plasma proteins, Predicted intracellular proteins		Actin-binding, Muscle protein	Cardiomyopathy, Disease variant	Not detected in immune cells		Not detected		Tissue enriched	1	0	0	0	0	0	0	0	0	0	0	0	0	0	0		0	0	0	0	Non-immune
2744	TNPO1	Transportin-1	Essential proteins, Plasma proteins, Predicted intracellular proteins, Transporters	Host-virus interaction, Protein transport, Transport			Low immune cell specificity		Low lineage specificity		Low tissue specificity	1	0	0	0	0	0	0	0	0	0	0	0	0	0	0		0	0	0	0	Non-immune
2745	TNR	Tenascin-R	Disease related genes, Predicted intracellular proteins, Predicted secreted proteins	Cell adhesion		Disease variant	Not detected in immune cells		Not detected	Secreted in brain	Group enriched	1	0	0	0	0	0	0	0	0	0	0	0	0	0	0		1	0	0	0	Non-immune
2746	TNXB	Tenascin-X	Disease related genes, Human disease related genes, Plasma proteins, Predicted intracellular proteins, Predicted secreted proteins	Cell adhesion		Disease variant, Ehlers-Danlos syndrome	Not detected in immune cells		Not detected	Secreted to extracellular matrix	Tissue enhanced	1	0	0	0	0	0	0	0	0	0	0	0	0	0	0		1	0	0	0	Non-immune
2747	TOMM20	Mitochondrial import receptor subunit TOM20 homolog	Essential proteins, Predicted membrane proteins	Protein transport, Transport			Low immune cell specificity		Low lineage specificity		Low tissue specificity	1	0	0	0	0	0	0	0	0	0	0	0	0	1	0		0	0	0	0	Soluble receptor
2748	TOP1	DNA topoisomerase 1	Cancer-related genes, Disease related genes, Enzymes, Essential proteins, FDA approved drug targets, Predicted intracellular proteins	Biological rhythms, Host-virus interaction	DNA-binding, Isomerase, Topoisomerase	Cancer-related genes, FDA approved drug targets, Proto-oncogene	Low immune cell specificity		Low lineage specificity		Low tissue specificity	1	0	0	0	0	0	0	0	0	0	0	0	0	0	0		0	0	0	0	Non-immune
2749	TOP1MT	DNA topoisomerase I, mitochondrial	Enzymes, FDA approved drug targets, Predicted intracellular proteins		DNA-binding, Isomerase, Topoisomerase	FDA approved drug targets	Low immune cell specificity		Low lineage specificity		Low tissue specificity	1	0	0	0	0	0	0	0	0	0	0	0	0	0	0		0	0	0	0	Non-immune
2750	TOP2B	DNA topoisomerase 2-beta	Disease related genes, Enzymes, FDA approved drug targets, Human disease related genes, Plasma proteins, Predicted intracellular proteins		DNA-binding, Isomerase, Topoisomerase	Autism spectrum disorder, Disease variant, FDA approved drug targets	Low immune cell specificity		Low lineage specificity		Low tissue specificity	1	0	0	0	0	0	0	0	0	0	0	0	0	0	0		0	0	0	0	Non-immune
2751	TOR1AIP1	Torsin-1A-interacting protein 1	Disease related genes, Human disease related genes, Plasma proteins, Predicted intracellular proteins, Predicted membrane proteins			Limb-girdle muscular dystrophy	Low immune cell specificity		Low lineage specificity		Low tissue specificity	1	0	0	0	0	0	0	0	0	0	0	0	0	0	0		0	0	0	0	Non-immune
2752	TP53	Cellular tumor antigen p53	Cancer-related genes, Disease related genes, Human disease related genes, Plasma proteins, Potential drug targets, Predicted intracellular proteins, Transcription factors, Transporters	Apoptosis, Biological rhythms, Cell cycle, Host-virus interaction, Necrosis, Transcription, Transcription regulation	Activator, DNA-binding, Repressor	Cancer-related genes, Disease variant, Li-Fraumeni syndrome, Tumor suppressor	Low immune cell specificity		Low lineage specificity		Low tissue specificity	1	0	0	0	0	0	0	0	0	0	0	0	0	0	0		0	0	0	0	Non-immune
2753	TP53BP1	TP53-binding protein 1	Cancer-related genes, Disease related genes, Predicted intracellular proteins	DNA damage, DNA repair, Host-virus interaction, Transcription, Transcription regulation	Activator, DNA-binding	Cancer-related genes	Low immune cell specificity		Low lineage specificity		Low tissue specificity	1	0	0	0	0	0	0	0	0	0	0	0	0	0	0		0	0	0	0	Non-immune
2754	TP53I3	Quinone oxidoreductase PIG3	Enzymes, Predicted intracellular proteins		Oxidoreductase		Low immune cell specificity		Low lineage specificity		Tissue enhanced	1	0	0	0	0	0	0	0	0	0	0	0	0	0	0		0	0	0	0	Non-immune
2755	TP53INP1	Tumor protein p53-inducible nuclear protein 1	Predicted intracellular proteins	Apoptosis, Autophagy, Transcription, Transcription regulation	Activator, Antioxidant	Tumor suppressor	Immune cell enhanced	basophil: 54.8	Lineage enriched		Tissue enhanced	1	0	0	0	0	0	0	0	0	0	0	0	0	0	1	Granulocyte	0	0	2	1	Immune-cell-enriched
2756	TP73	Tumor protein p73	Disease related genes, Human disease related genes, Plasma proteins, Predicted intracellular proteins, Transcription factors	Apoptosis, Cell cycle, Host-virus interaction, Transcription, Transcription regulation	Activator, DNA-binding	Ciliopathy, Disease variant, Lissencephaly, Primary ciliary dyskinesia, Tumor suppressor	Not detected in immune cells		Not detected		Tissue enhanced	1	0	0	0	0	0	0	0	0	0	0	0	0	0	0		0	0	0	0	Non-immune
2757	TPBGL	Trophoblast glycoprotein-like	Predicted membrane proteins				Not detected in immune cells		Not detected		Tissue enhanced	1	0	0	0	0	0	0	0	0	0	0	0	0	0	0		0	0	0	0	Non-immune
2758	TPD52L2	Tumor protein D54	Plasma proteins, Predicted intracellular proteins				Low immune cell specificity		Low lineage specificity		Low tissue specificity	1	0	0	0	0	0	0	0	0	0	0	0	0	0	0		0	0	0	0	Non-immune
2759	TPK1	Thiamin pyrophosphokinase 1	Disease related genes, Enzymes, FDA approved drug targets, Human disease related genes, Metabolic proteins, Predicted intracellular proteins		Kinase, Transferase	Disease variant, FDA approved drug targets	Low immune cell specificity		Low lineage specificity		Tissue enhanced	1	0	0	0	0	0	0	0	0	0	0	0	0	0	0		0	0	0	0	Non-immune
2760	TPM3	Tropomyosin alpha-3 chain	Cancer-related genes, Disease related genes, Human disease related genes, Plasma proteins, Predicted intracellular proteins		Actin-binding, Muscle protein	Cancer-related genes, Disease variant, Nemaline myopathy, Proto-oncogene	Low immune cell specificity		Low lineage specificity		Group enriched	1	0	0	0	0	0	0	0	0	0	0	0	0	0	0		0	0	0	0	Non-immune
2761	TPMT	Thiopurine S-methyltransferase	Enzymes, FDA approved drug targets, Human disease related genes, Metabolic proteins, Predicted intracellular proteins		Methyltransferase, Transferase	FDA approved drug targets	Low immune cell specificity		Low lineage specificity		Tissue enhanced	1	0	0	0	0	0	0	0	0	0	0	0	0	0	0		0	0	0	0	Non-immune
2762	TPP1	Tripeptidyl-peptidase 1	Disease related genes, Enzymes, Human disease related genes, Metabolic proteins, Plasma proteins, Potential drug targets, Predicted intracellular proteins		Hydrolase, Protease, Serine protease	Disease variant, Epilepsy, Neurodegeneration, Neuronal ceroid lipofuscinosis, Spinocerebellar ataxia	Low immune cell specificity		Low lineage specificity	Intracellular and membrane	Low tissue specificity	1	0	0	0	0	0	0	0	0	0	0	0	0	0	0		0	0	0	0	Non-immune
2763	TPPP2	Tubulin polymerization-promoting protein family member 2	Predicted intracellular proteins	Differentiation, Spermatogenesis			Not detected in immune cells		Not detected		Tissue enriched	1	0	0	0	0	0	0	0	0	0	0	0	0	0	0		0	0	0	0	Non-immune
2764	TPPP3	Tubulin polymerization-promoting protein family member 3	Predicted intracellular proteins				Immune cell enhanced	non-classical monocyte: 66.0	Low lineage specificity		Tissue enhanced	1	0	0	0	0	0	0	0	0	0	0	0	0	0	1	Myeloid/Monocyte	0	0	2	1	Immune-cell-enriched
2765	TPR	Nucleoprotein TPR	Cancer-related genes, Disease related genes, Essential proteins, Human disease related genes, Metabolic proteins, Plasma proteins, Potential drug targets, Predicted intracellular proteins, Transporters	Cell cycle, Cell division, Mitosis, mRNA transport, Protein transport, Translocation, Transport		Cancer-related genes, Disease variant, Intellectual disability, Proto-oncogene	Low immune cell specificity		Low lineage specificity		Low tissue specificity	1	0	0	0	0	0	0	0	0	0	0	0	0	0	0		0	0	0	0	Non-immune
2766	TPRKB	EKC/KEOPS complex subunit TPRKB	Disease related genes, Essential proteins, Human disease related genes, Predicted intracellular proteins	tRNA processing		Disease variant, Epilepsy, Intellectual disability	Low immune cell specificity		Low lineage specificity		Low tissue specificity	1	0	0	0	0	0	0	0	0	0	0	0	0	0	0		0	0	0	0	Non-immune
2767	TPSAB1	Tryptase alpha/beta-1	Disease related genes, Enzymes, Metabolic proteins, Potential drug targets, Predicted secreted proteins		Hydrolase, Protease, Serine protease		Immune cell enriched	basophil: 90.0	Lineage enriched	Secreted to blood	Low tissue specificity	1	0	0	0	0	0	0	0	0	0	0	0	0	0	1	Granulocyte	1	0	2	1	Immune-cell-enriched
2768	TPSD1	Tryptase delta	Enzymes, Metabolic proteins, Predicted intracellular proteins		Hydrolase, Protease, Serine protease		Immune cell enriched	basophil: 2.9	Lineage enriched	Intracellular and membrane	Tissue enhanced	1	0	0	0	0	0	0	0	0	0	0	0	0	0	1	Granulocyte	0	0	2	1	Immune-cell-enriched
2769	TPSG1	Tryptase gamma	Enzymes, Predicted membrane proteins		Hydrolase, Protease, Serine protease		Not detected in immune cells		Not detected		Tissue enriched	1	0	0	0	0	0	0	0	0	0	0	0	0	0	0		0	0	0	0	Non-immune
2770	TPT1	Translationally-controlled tumor protein	Essential proteins, Plasma proteins, Predicted intracellular proteins				Low immune cell specificity		Low lineage specificity		Tissue enhanced	1	0	0	0	0	0	0	0	0	0	0	0	0	0	0		0	0	0	0	Non-immune
2771	TRAF2	TNF receptor-associated factor 2	Cancer-related genes, Enzymes, Plasma proteins, Predicted intracellular proteins	Apoptosis, Ubl conjugation pathway	Transferase	Cancer-related genes	Low immune cell specificity		Low lineage specificity		Low tissue specificity	1	0	0	0	0	0	0	0	0	0	0	0	0	1	0		0	0	0	0	Soluble receptor
2772	TRAF3	TNF receptor-associated factor 3, Isoform 2	Cancer-related genes, Disease related genes, Enzymes, Human disease related genes, Potential drug targets, Predicted intracellular proteins	Apoptosis, Host-virus interaction, Immunity, Ubl conjugation pathway	Transferase	Cancer-related genes, Disease variant	Low immune cell specificity		Low lineage specificity		Low tissue specificity	1	0	0	0	0	0	0	0	0	0	0	0	0	1	0		0	1	1	0	Soluble receptor
2773	TRAF3IP2	E3 ubiquitin ligase TRAF3IP2	Disease related genes, Enzymes, Human disease related genes, Potential drug targets, Predicted intracellular proteins, Predicted membrane proteins	Inflammatory response, Ubl conjugation pathway	Transferase	Disease variant	Immune cell enhanced	basophil: 25.9	Low lineage specificity		Low tissue specificity	1	0	0	0	0	0	0	0	0	0	0	0	0	0	1	Granulocyte	0	1	3	1	Immune-cell-enriched
2774	TRDMT1	tRNA (cytosine(38)-C(5))-methyltransferase	Enzymes, Metabolic proteins, Predicted intracellular proteins	tRNA processing	Methyltransferase, RNA-binding, Transferase		Low immune cell specificity		Low lineage specificity		Low tissue specificity	1	0	0	0	0	0	0	0	0	0	0	0	0	0	0		0	0	0	0	Non-immune
2775	TREH	Trehalase	Disease related genes, Enzymes, Human disease related genes, Metabolic proteins, Potential drug targets, Predicted intracellular proteins		Glycosidase, Hydrolase		Not detected in immune cells		Not detected	Intracellular and membrane	Tissue enriched	1	0	0	0	0	0	0	0	0	0	0	0	0	0	0		0	0	0	0	Non-immune
2776	TREM2	Triggering receptor expressed on myeloid cells 2	Disease related genes, Human disease related genes, Potential drug targets, Predicted membrane proteins, Predicted secreted proteins, Transporters		Receptor	Alzheimer disease, Amyloidosis, Disease variant, Neurodegeneration	Immune cell enhanced	plasmacytoid DC: 2.0	Lineage enhanced	Secreted in brain	Tissue enhanced	1	0	0	0	0	0	0	0	0	0	0	0	0	1	1	Myeloid/Monocyte;Dendritic	1	0	2	1	Immune-cell-enriched
2777	TREML1	Trem-like transcript 1 protein	Plasma proteins, Predicted membrane proteins		Receptor		Immune cell enriched	basophil: 91.2	Lineage enriched		Group enriched	1	0	0	0	0	0	0	0	0	0	0	0	0	0	1	Granulocyte	0	0	2	1	Immune-cell-enriched
2778	TREML2	Trem-like transcript 2 protein	Plasma proteins, Predicted membrane proteins		Receptor		Immune cell enhanced	naive B-cell: 23.3;neutrophil: 33.4	Group enriched		Tissue enhanced	1	0	0	0	0	0	0	0	0	0	0	0	0	0	1	Granulocyte;B-cell	0	0	2	1	Immune-cell-enriched
2779	TRIAP1	TP53-regulated inhibitor of apoptosis 1	Essential proteins, Predicted intracellular proteins, Transporters	Apoptosis, Lipid transport, Transport			Low immune cell specificity		Low lineage specificity		Low tissue specificity	1	0	0	0	0	0	0	0	0	0	0	0	0	0	0		0	0	0	0	Non-immune
2780	TRIM21	E3 ubiquitin-protein ligase TRIM21	Enzymes, Plasma proteins, Predicted intracellular proteins	Cell cycle, Host-virus interaction, Ubl conjugation pathway	DNA-binding, Ribonucleoprotein, RNA-binding, Transferase		Low immune cell specificity		Low lineage specificity		Low tissue specificity	1	0	0	0	0	0	0	0	0	0	0	0	0	0	0		0	0	0	0	Non-immune
2781	TRIM24	Transcription intermediary factor 1-alpha	Cancer-related genes, Disease related genes, Enzymes, Plasma proteins, Potential drug targets, Predicted intracellular proteins	Transcription, Transcription regulation, Ubl conjugation pathway	DNA-binding, Repressor, Transferase	Cancer-related genes, Tumor suppressor	Low immune cell specificity		Low lineage specificity		Low tissue specificity	1	0	0	0	0	0	0	0	0	0	0	0	0	0	0		0	0	0	0	Non-immune
2782	TRIM25	E3 ubiquitin/ISG15 ligase TRIM25	Cancer-related genes, Enzymes, Plasma proteins, Predicted intracellular proteins	Antiviral defense, Host-virus interaction, Immunity, Innate immunity, Ubl conjugation pathway	Ligase, Transferase	Cancer-related genes	Immune cell enhanced	neutrophil: 8.7	Low lineage specificity		Low tissue specificity	1	0	0	0	0	0	0	0	0	0	0	0	0	0	1	Granulocyte	0	1	3	1	Immune-cell-enriched
2783	TRIM26	Tripartite motif-containing protein 26	Enzymes, Predicted intracellular proteins	Immunity, Innate immunity	Transferase		Low immune cell specificity		Low lineage specificity		Low tissue specificity	1	0	0	0	0	0	0	0	0	0	0	0	0	0	0		0	1	1	0	Other immune-annotated
2784	TRIM40	E3 ubiquitin ligase TRIM40	Enzymes, Predicted intracellular proteins	Ubl conjugation pathway	Transferase		Not detected in immune cells		Not detected		Group enriched	1	0	0	0	0	0	0	0	0	0	0	0	0	0	0		0	0	0	0	Non-immune
2785	TRIM5	Tripartite motif-containing protein 5	Enzymes, Metabolic proteins, Predicted intracellular proteins	Antiviral defense, Autophagy, Host-virus interaction, Immunity, Innate immunity, Ubl conjugation pathway	Transferase		Low immune cell specificity		Low lineage specificity		Low tissue specificity	1	0	0	0	0	0	0	0	0	0	0	0	0	0	0		0	1	1	0	Other immune-annotated
2786	TRIM58	E3 ubiquitin-protein ligase TRIM58	Enzymes, Predicted intracellular proteins	Ubl conjugation pathway	Transferase		Not detected in immune cells		Not detected		Group enriched	1	0	0	0	0	0	0	0	0	0	0	0	0	0	0		0	0	0	0	Non-immune
2787	TRPV3	Transient receptor potential cation channel subfamily V member 3	Disease related genes, FDA approved drug targets, Human disease related genes, Predicted membrane proteins, Transporters	Calcium transport, Ion transport, Transport	Calcium channel, Ion channel	Disease variant, FDA approved drug targets, Palmoplantar keratoderma	Not detected in immune cells		Not detected		Group enriched	1	0	0	0	0	0	0	0	0	0	0	0	0	1	0		0	0	0	0	Soluble receptor
2788	TSC1	Hamartin	Cancer-related genes, Disease related genes, Human disease related genes, Plasma proteins, Predicted intracellular proteins, Predicted membrane proteins		Chaperone	Cancer-related genes, Disease variant, Epilepsy, Tumor suppressor	Low immune cell specificity		Low lineage specificity		Low tissue specificity	1	0	0	0	0	0	0	0	0	0	0	0	0	0	0		0	0	0	0	Non-immune
2789	TSC22D1	TSC22 domain family protein 1	Predicted intracellular proteins, Transcription factors	Transcription, Transcription regulation	Repressor		Immune cell enhanced	basophil: 44.9	Group enriched		Low tissue specificity	1	0	0	0	0	0	0	0	0	0	0	0	0	0	1	Granulocyte	0	0	2	1	Immune-cell-enriched
2790	TSHB	Thyrotropin subunit beta	Disease related genes, Human disease related genes, Predicted secreted proteins		Hormone	Congenital hypothyroidism, Disease variant	Not detected in immune cells		Not detected	Secreted to blood	Tissue enriched	1	0	0	0	0	0	0	0	0	0	0	0	0	0	0		1	0	0	0	Non-immune
2791	TSLP	Thymic stromal lymphopoietin	FDA approved drug targets, Human disease related genes, Predicted intracellular proteins, Predicted secreted proteins		Cytokine	FDA approved drug targets	Not detected in immune cells		Not detected	Secreted to blood	Tissue enhanced	1	1	0	0	0	0	0	0	0	0	0	0	0	0	0		1	0	2	1	Cytokine/Interleukin
2792	TSNAX	Translin-associated protein X	Predicted intracellular proteins	Differentiation, Spermatogenesis	Developmental protein, DNA-binding		Immune cell enhanced	basophil: 194.6	Low lineage specificity		Low tissue specificity	1	0	0	0	0	0	0	0	0	0	0	0	0	0	1	Granulocyte	0	0	2	1	Immune-cell-enriched
2793	TSPAN1	Tetraspanin-1	Predicted membrane proteins				Immune cell enriched	plasmacytoid DC: 5.6	Lineage enriched		Tissue enhanced	1	0	0	0	0	0	0	0	0	0	0	0	0	0	1	Myeloid/Monocyte;Dendritic	0	0	2	1	Immune-cell-enriched
2794	TSPAN15	Tetraspanin-15	Predicted membrane proteins, Transporters				Immune cell enriched	MAIT T-cell: 19.5	Lineage enriched		Tissue enhanced	1	0	0	0	0	0	0	0	0	0	0	0	0	0	1	T-cell	0	0	2	1	Immune-cell-enriched
2795	TSPAN7	Tetraspanin-7	CD markers, Disease related genes, Human disease related genes, Potential drug targets, Predicted membrane proteins, Transporters	Host-virus interaction		Disease variant, Intellectual disability	Not detected in immune cells		Not detected		Tissue enhanced	1	0	0	0	0	0	0	0	0	0	0	0	0	0	0		0	0	0	0	Non-immune
2796	TSPAN8	Tetraspanin-8	Cancer-related genes, Predicted membrane proteins			Cancer-related genes	Not detected in immune cells		Not detected		Tissue enhanced	1	0	0	0	0	0	0	0	0	0	0	0	0	0	0		0	0	0	0	Non-immune
2797	TSPYL1	Testis-specific Y-encoded-like protein 1	Disease related genes, Human disease related genes, Predicted intracellular proteins				Low immune cell specificity		Low lineage specificity		Low tissue specificity	1	0	0	0	0	0	0	0	0	0	0	0	0	0	0		0	0	0	0	Non-immune
2798	TST	Thiosulfate sulfurtransferase	Enzymes, Metabolic proteins, Predicted intracellular proteins		RNA-binding, Transferase		Immune cell enhanced	myeloid DC: 25.0	Group enriched		Tissue enhanced	1	0	0	0	0	0	0	0	0	0	0	0	0	0	1	Myeloid/Monocyte;Dendritic	0	0	2	1	Immune-cell-enriched
2799	TTF2	Transcription termination factor 2	Essential proteins, Plasma proteins, Predicted intracellular proteins	mRNA processing, mRNA splicing, Transcription, Transcription regulation, Transcription termination	DNA-binding, Helicase, Hydrolase		Low immune cell specificity		Low lineage specificity		Low tissue specificity	1	0	0	0	0	0	0	0	0	0	0	0	0	0	0		0	0	0	0	Non-immune
2800	TTN	Titin	Disease related genes, Enzymes, Human disease related genes, Plasma proteins, Potential drug targets, Predicted intracellular proteins, Predicted membrane proteins		Calmodulin-binding, Kinase, Serine/threonine-protein kinase, Transferase	Cardiomyopathy, Disease variant, Limb-girdle muscular dystrophy, Myofibrillar myopathy	Low immune cell specificity		Low lineage specificity		Tissue enhanced	1	0	0	0	0	0	0	0	0	0	0	0	0	0	0		0	0	0	0	Non-immune
2801	TTR	Transthyretin	Cancer-related genes, Disease related genes, FDA approved drug targets, Human disease related genes, Plasma proteins, Predicted intracellular proteins, Predicted secreted proteins	Transport	Hormone, Thyroid hormone	Amyloidosis, Cancer-related genes, Disease variant, FDA approved drug targets, Neuropathy	Not detected in immune cells		Not detected	Secreted to blood	Tissue enriched	1	0	0	0	0	0	0	0	0	0	0	0	0	0	0		1	0	0	0	Non-immune
2802	TUBB3	Tubulin beta-3 chain	Disease related genes, FDA approved drug targets, Human disease related genes, Plasma proteins, Predicted intracellular proteins			Disease variant, FDA approved drug targets, Intellectual disability	Immune cell enriched	naive B-cell: 2.5	Lineage enriched		Tissue enriched	1	0	0	0	0	0	0	0	0	0	0	0	0	0	1	B-cell	0	0	2	1	Immune-cell-enriched
2803	TWF2	Twinfilin-2	Plasma proteins, Predicted intracellular proteins	Cilium biogenesis/degradation	Actin-binding		Low immune cell specificity		Low lineage specificity		Low tissue specificity	1	0	0	0	0	0	0	0	0	0	0	0	0	0	0		0	0	0	0	Non-immune
2804	TXK	Tyrosine-protein kinase TXK	Enzymes, Predicted intracellular proteins	Adaptive immunity, Immunity, Transcription, Transcription regulation	Kinase, Transferase, Tyrosine-protein kinase		Immune cell enhanced	NK-cell: 118.7	Group enriched		Tissue enhanced	1	0	0	0	0	0	0	0	0	0	0	0	0	0	1	NK-cell	0	1	3	1	Immune-cell-enriched
2805	TXLNA	Alpha-taxilin	Cancer-related genes, Predicted intracellular proteins	Exocytosis		Cancer-related genes	Low immune cell specificity		Low lineage specificity		Low tissue specificity	1	0	0	0	0	0	0	0	0	0	0	0	0	0	0		0	0	0	0	Non-immune
2806	TXN	Thioredoxin	Essential proteins, Metabolic proteins, Plasma proteins, Predicted intracellular proteins	Electron transport, Transcription, Transcription regulation, Transport	Activator	Allergen	Low immune cell specificity		Group enriched	Intracellular and membrane	Tissue enhanced	1	0	0	0	0	0	0	0	0	0	0	0	0	0	0		0	0	0	0	Non-immune
2807	TXNDC15	Thioredoxin domain-containing protein 15	Disease related genes, Human disease related genes, Predicted intracellular proteins, Predicted membrane proteins	Cilium biogenesis/degradation		Ciliopathy, Disease variant, Meckel syndrome	Low immune cell specificity		Low lineage specificity		Low tissue specificity	1	0	0	0	0	0	0	0	0	0	0	0	0	0	0		0	0	0	0	Non-immune
2808	TXNDC5	Thioredoxin domain-containing protein 5	Enzymes, Plasma proteins, Predicted intracellular proteins		Isomerase, Oxidoreductase		Group enriched	memory B-cell: 13.0;naive B-cell: 6.9;plasmacytoid DC: 26.8	Group enriched	Intracellular and membrane	Low tissue specificity	1	0	0	0	0	0	0	0	0	0	0	0	0	0	1	Myeloid/Monocyte;B-cell;Dendritic	0	0	2	1	Immune-cell-enriched
2809	TXNDC9	Thioredoxin domain-containing protein 9	Essential proteins, Predicted intracellular proteins				Low immune cell specificity		Low lineage specificity		Low tissue specificity	1	0	0	0	0	0	0	0	0	0	0	0	0	0	0		0	0	0	0	Non-immune
2810	TXNL1	Thioredoxin-like protein 1	Plasma proteins, Predicted intracellular proteins	Electron transport, Transport			Low immune cell specificity		Low lineage specificity		Low tissue specificity	1	0	0	0	0	0	0	0	0	0	0	0	0	0	0		0	0	0	0	Non-immune
2811	TXNRD1	Thioredoxin reductase 1, cytoplasmic	Cancer-related genes, Enzymes, FDA approved drug targets, Metabolic proteins, Plasma proteins, Predicted intracellular proteins	Electron transport, Transport	Oxidoreductase	Cancer-related genes, FDA approved drug targets	Low immune cell specificity		Low lineage specificity		Low tissue specificity	1	0	0	0	0	0	0	0	0	0	0	0	0	0	0		0	0	0	0	Non-immune
2812	TYMP	Thymidine phosphorylase	Cancer-related genes, Disease related genes, Enzymes, FDA approved drug targets, Human disease related genes, Metabolic proteins, Plasma proteins, Predicted intracellular proteins	Angiogenesis, Chemotaxis, Differentiation	Developmental protein, Glycosyltransferase, Growth factor, Transferase	Cancer-related genes, Disease variant, FDA approved drug targets, Neuropathy, Primary mitochondrial disease, Progressive external ophthalmoplegia	Group enriched	classical monocyte: 137.0;eosinophil: 75.1;intermediate monocyte: 98.9;myeloid DC: 39.6;neutrophil: 115.9;non-classical monocyte: 77.6	Group enriched		Low tissue specificity	1	0	0	0	0	0	0	0	0	0	0	0	0	0	1	Myeloid/Monocyte;Granulocyte;Dendritic	0	0	2	1	Immune-cell-enriched
2813	TYRO3	Tyrosine-protein kinase receptor TYRO3	Cancer-related genes, Enzymes, Plasma proteins, Predicted intracellular proteins, Predicted membrane proteins	Cell adhesion, Host-virus interaction	Host cell receptor for virus entry, Kinase, Receptor, Transferase, Tyrosine-protein kinase	Cancer-related genes	Low immune cell specificity		Low lineage specificity		Tissue enhanced	1	0	0	0	0	0	0	0	0	0	0	0	0	1	0		0	0	0	0	Soluble receptor
2814	TYRP1	5,6-dihydroxyindole-2-carboxylic acid oxidase	Disease related genes, Human disease related genes, Metabolic proteins, Potential drug targets, Predicted intracellular proteins, Predicted membrane proteins, Transporters	Melanin biosynthesis	Monooxygenase, Oxidoreductase	Albinism, Disease variant	Not detected in immune cells		Not detected		Group enriched	1	0	0	0	0	0	0	0	0	0	0	0	0	0	0		0	0	0	0	Non-immune
2815	UBAC1	Ubiquitin-associated domain-containing protein 1	Predicted intracellular proteins	Ubl conjugation pathway			Low immune cell specificity		Low lineage specificity		Tissue enhanced	1	0	0	0	0	0	0	0	0	0	0	0	0	0	0		0	0	0	0	Non-immune
2816	UBE2B	Ubiquitin-conjugating enzyme E2 B	Enzymes, Metabolic proteins, Predicted intracellular proteins	DNA damage, DNA repair, Ubl conjugation pathway	Transferase		Immune cell enhanced	neutrophil: 312.6	Lineage enriched		Tissue enhanced	1	0	0	0	0	0	0	0	0	0	0	0	0	0	1	Granulocyte	0	0	2	1	Immune-cell-enriched
2817	UBE2L6	Ubiquitin/ISG15-conjugating enzyme E2 L6	Enzymes, Metabolic proteins, Predicted intracellular proteins	Ubl conjugation pathway	Transferase		Low immune cell specificity		Low lineage specificity		Low tissue specificity	1	0	0	0	0	0	0	0	0	0	0	0	0	0	0		0	0	0	0	Non-immune
2818	UBE2Z	Ubiquitin-conjugating enzyme E2 Z	Enzymes, Essential proteins, Metabolic proteins, Predicted intracellular proteins	Apoptosis, Ubl conjugation pathway	Transferase		Low immune cell specificity		Low lineage specificity		Low tissue specificity	1	0	0	0	0	0	0	0	0	0	0	0	0	0	0		0	0	0	0	Non-immune
2819	UBQLN3	Ubiquilin-3	Predicted intracellular proteins				Not detected in immune cells		Not detected		Tissue enriched	1	0	0	0	0	0	0	0	0	0	0	0	0	0	0		0	0	0	0	Non-immune
2820	UBXN1	UBX domain-containing protein 1	Predicted intracellular proteins	Host-virus interaction			Low immune cell specificity		Low lineage specificity		Low tissue specificity	1	0	0	0	0	0	0	0	0	0	0	0	0	0	0		0	0	0	0	Non-immune
2821	UFD1	Ubiquitin recognition factor in ER-associated degradation protein 1	Essential proteins, Predicted intracellular proteins, Transporters	Ubl conjugation pathway			Low immune cell specificity		Low lineage specificity		Low tissue specificity	1	0	0	0	0	0	0	0	0	0	0	0	0	0	0		0	0	0	0	Non-immune
2822	UGDH	UDP-glucose 6-dehydrogenase	Disease related genes, Enzymes, Human disease related genes, Metabolic proteins, Plasma proteins, Potential drug targets, Predicted intracellular proteins	Carbohydrate metabolism	Allosteric enzyme, Oxidoreductase	Disease variant, Epilepsy	Low immune cell specificity		Low lineage specificity		Tissue enhanced	1	0	0	0	0	0	0	0	0	0	0	0	0	0	0		0	0	0	0	Non-immune
2823	UHRF2	E3 ubiquitin-protein ligase UHRF2	Disease related genes, Enzymes, Metabolic proteins, Potential drug targets, Predicted intracellular proteins	Cell cycle, Ubl conjugation pathway	DNA-binding, Transferase		Low immune cell specificity		Low lineage specificity		Low tissue specificity	1	0	0	0	0	0	0	0	0	0	0	0	0	0	0		0	0	0	0	Non-immune
2824	ULBP2	UL16-binding protein 2	Predicted membrane proteins, Predicted secreted proteins	Host-virus interaction, Immunity			Immune cell enhanced	gdT-cell: 2.7	Lineage enriched	Secreted in other tissues	Tissue enhanced	1	0	0	0	0	0	0	0	0	0	0	0	0	0	1	T-cell	1	1	3	1	Immune-cell-enriched
2825	UMOD	Uromodulin	Disease related genes, Human disease related genes, Plasma proteins, Predicted membrane proteins, Predicted secreted proteins	Immunity, Innate immunity		Ciliopathy, Disease variant, Nephronophthisis	Not detected in immune cells		Not detected	Secreted in other tissues	Tissue enriched	1	0	0	0	0	0	0	0	0	0	0	0	0	0	0		1	1	1	0	Other immune-annotated
2826	UNC5D	Netrin receptor UNC5D	Plasma proteins, Predicted intracellular proteins, Predicted membrane proteins	Apoptosis	Developmental protein, Receptor		Not detected in immune cells		Not detected		Tissue enhanced	1	0	0	0	0	0	0	0	0	0	0	0	0	1	0		0	0	0	0	Soluble receptor
2827	UNC79	Protein unc-79 homolog	Predicted membrane proteins, Transporters				Not detected in immune cells		Not detected		Group enriched	1	0	0	0	0	0	0	0	0	0	0	0	0	0	0		0	0	0	0	Non-immune
2828	UNG	Uracil-DNA glycosylase	Disease related genes, Enzymes, Human disease related genes, Potential drug targets, Predicted intracellular proteins, Predicted membrane proteins	DNA damage, DNA repair, Host-virus interaction	Hydrolase	Disease variant	Low immune cell specificity		Low lineage specificity		Low tissue specificity	1	0	0	0	0	0	0	0	0	0	0	0	0	0	0		0	0	0	0	Non-immune
2829	UPB1	Beta-ureidopropionase	Disease related genes, Enzymes, Human disease related genes, Metabolic proteins, Potential drug targets, Predicted intracellular proteins		Hydrolase	Disease variant	Group enriched	basophil: 2.1;neutrophil: 1.9	Lineage enriched		Tissue enriched	1	0	0	0	0	0	0	0	0	0	0	0	0	0	1	Granulocyte	0	0	2	1	Immune-cell-enriched
2830	UPK3A	Uroplakin-3a	Disease related genes, Potential drug targets, Predicted membrane proteins, Transporters			Disease variant	Immune cell enhanced	myeloid DC: 86.7	Group enriched		Group enriched	1	0	0	0	0	0	0	0	0	0	0	0	0	0	1	Myeloid/Monocyte;Dendritic	0	0	2	1	Immune-cell-enriched
2831	UPK3BL1	Uroplakin-3b-like protein 1	Predicted membrane proteins				Low immune cell specificity		Low lineage specificity		Tissue enhanced	1	0	0	0	0	0	0	0	0	0	0	0	0	0	0		0	0	0	0	Non-immune
2832	UROD	Uroporphyrinogen decarboxylase	Disease related genes, Enzymes, Essential proteins, Human disease related genes, Metabolic proteins, Plasma proteins, Potential drug targets, Predicted intracellular proteins	Heme biosynthesis, Porphyrin biosynthesis	Decarboxylase, Lyase	Disease variant	Low immune cell specificity		Low lineage specificity		Low tissue specificity	1	0	0	0	0	0	0	0	0	0	0	0	0	0	0		0	0	0	0	Non-immune
2833	UROS	Uroporphyrinogen-III synthase	Disease related genes, Enzymes, Human disease related genes, Metabolic proteins, Potential drug targets, Predicted intracellular proteins	Heme biosynthesis, Porphyrin biosynthesis	Lyase	Disease variant	Low immune cell specificity		Low lineage specificity		Low tissue specificity	1	0	0	0	0	0	0	0	0	0	0	0	0	0	0		0	0	0	0	Non-immune
2834	USO1	General vesicular transport factor p115	Essential proteins, Predicted intracellular proteins	ER-Golgi transport, Protein transport, Transport			Low immune cell specificity		Low lineage specificity		Tissue enhanced	1	0	0	0	0	0	0	0	0	0	0	0	0	0	0		0	0	0	0	Non-immune
2835	USP25	Ubiquitin carboxyl-terminal hydrolase 25	Enzymes, Metabolic proteins, Plasma proteins, Predicted intracellular proteins	Ubl conjugation pathway	Hydrolase, Protease, Thiol protease	Disease variant, Epilepsy	Low immune cell specificity		Low lineage specificity		Tissue enhanced	1	0	0	0	0	0	0	0	0	0	0	0	0	0	0		0	0	0	0	Non-immune
2836	USP28	Ubiquitin carboxyl-terminal hydrolase 28	Enzymes, Metabolic proteins, Predicted intracellular proteins	DNA damage, DNA repair, Ubl conjugation pathway	Hydrolase, Protease, Thiol protease		Low immune cell specificity		Low lineage specificity		Tissue enhanced	1	0	0	0	0	0	0	0	0	0	0	0	0	0	0		0	0	0	0	Non-immune
2837	USP47	Ubiquitin carboxyl-terminal hydrolase 47	Enzymes, Metabolic proteins, Predicted intracellular proteins	DNA damage, DNA repair, Ubl conjugation pathway	Hydrolase, Protease, Thiol protease		Low immune cell specificity		Low lineage specificity		Low tissue specificity	1	0	0	0	0	0	0	0	0	0	0	0	0	0	0		0	0	0	0	Non-immune
2838	USP8	Ubiquitin carboxyl-terminal hydrolase 8	Cancer-related genes, Disease related genes, Enzymes, Essential proteins, Human disease related genes, Metabolic proteins, Potential drug targets, Predicted intracellular proteins	Cell cycle, Ubl conjugation pathway	Hydrolase, Protease, Thiol protease	Cancer-related genes, Cushing syndrome, Disease variant	Low immune cell specificity		Low lineage specificity		Low tissue specificity	1	0	0	0	0	0	0	0	0	0	0	0	0	0	0		0	0	0	0	Non-immune
2839	UXS1	UDP-glucuronic acid decarboxylase 1	Enzymes, Metabolic proteins, Predicted intracellular proteins		Decarboxylase, Lyase		Low immune cell specificity		Low lineage specificity	Intracellular and membrane	Low tissue specificity	1	0	0	0	0	0	0	0	0	0	0	0	0	0	0		0	0	0	0	Non-immune
2840	VAMP5	Vesicle-associated membrane protein 5	Predicted membrane proteins	Differentiation, Myogenesis	Developmental protein		Low immune cell specificity		Low lineage specificity		Low tissue specificity	1	0	0	0	0	0	0	0	0	0	0	0	0	0	0		0	0	0	0	Non-immune
2841	VAMP8	Vesicle-associated membrane protein 8	Predicted intracellular proteins, Predicted membrane proteins, Transporters	Antiviral defense, Autophagy, Protein transport, Transport			Low immune cell specificity		Low lineage specificity		Low tissue specificity	1	0	0	0	0	0	0	0	0	0	0	0	0	0	0		0	0	0	0	Non-immune
2842	VASH1	Tubulinyl-Tyr carboxypeptidase 1	Enzymes, Predicted intracellular proteins, Predicted secreted proteins	Cell cycle, Growth arrest	Carboxypeptidase, Hydrolase, Protease		Low immune cell specificity		Low lineage specificity	Secreted to blood	Tissue enhanced	1	0	0	0	0	0	0	0	0	0	0	0	0	0	0		1	0	0	0	Non-immune
2843	VASN	Vasorin	Plasma proteins, Predicted membrane proteins, Predicted secreted proteins				Not detected in immune cells		Not detected	Secreted - unknown location	Tissue enhanced	1	0	0	0	0	0	0	0	0	0	0	0	0	0	0		1	0	0	0	Non-immune
2844	VASP	Vasodilator-stimulated phosphoprotein	Plasma proteins, Predicted intracellular proteins		Actin-binding		Low immune cell specificity		Group enriched		Low tissue specificity	1	0	0	0	0	0	0	0	0	0	0	0	0	0	0		0	0	0	0	Non-immune
2845	VAT1	Synaptic vesicle membrane protein VAT-1 homolog	Plasma proteins, Predicted intracellular proteins		Oxidoreductase		Immune cell enriched	basophil: 104.5	Lineage enriched		Low tissue specificity	1	0	0	0	0	0	0	0	0	0	0	0	0	0	1	Granulocyte	0	0	2	1	Immune-cell-enriched
2846	VAV3	Guanine nucleotide exchange factor VAV3	Predicted intracellular proteins	Angiogenesis	Guanine-nucleotide releasing factor		Low immune cell specificity		Low lineage specificity		Tissue enhanced	1	0	0	0	0	0	0	0	0	0	0	0	0	0	0		0	0	0	0	Non-immune
2847	VCAM1	Vascular cell adhesion protein 1	Cancer-related genes, CD markers, Plasma proteins, Predicted membrane proteins, Predicted secreted proteins	Cell adhesion		Cancer-related genes	Not detected in immune cells		Not detected	Secreted to blood	Tissue enriched	1	0	0	0	0	0	0	0	0	0	0	0	0	0	0		1	0	0	0	Non-immune
2848	VCAN	Versican core protein	Disease related genes, Human disease related genes, Plasma proteins, Predicted intracellular proteins, Predicted secreted proteins			Cataract	Group enriched	classical monocyte: 240.0;myeloid DC: 89.0	Group enriched	Secreted to blood	Tissue enhanced	1	0	0	0	0	0	0	0	0	0	0	0	0	0	1	Myeloid/Monocyte;Dendritic	1	0	2	1	Immune-cell-enriched
2849	VCPKMT	Protein-lysine methyltransferase METTL21D	Predicted intracellular proteins		Methyltransferase, Transferase		Low immune cell specificity		Low lineage specificity		Low tissue specificity	1	0	0	0	0	0	0	0	0	0	0	0	0	0	0		0	0	0	0	Non-immune
2850	VEGFA	Vascular endothelial growth factor A	Cancer-related genes, Candidate cardiovascular disease genes, Disease related genes, FDA approved drug targets, Human disease related genes, Plasma proteins, Predicted intracellular proteins, Predicted membrane proteins, Predicted secreted proteins, RAS pathway related proteins	Angiogenesis, Differentiation	Developmental protein, Growth factor, Heparin-binding, Mitogen	Cancer-related genes, FDA approved drug targets	Not detected in immune cells		Not detected	Secreted to blood	Low tissue specificity	1	0	0	0	0	0	0	0	0	0	0	0	0	0	0		1	0	0	0	Non-immune
2851	VEGFB	Vascular endothelial growth factor B	Cancer-related genes, FDA approved drug targets, Predicted intracellular proteins, Predicted secreted proteins, RAS pathway related proteins		Growth factor, Heparin-binding, Mitogen	Cancer-related genes, FDA approved drug targets	Immune cell enriched	plasmacytoid DC: 30.5	Lineage enriched	Secreted to blood	Low tissue specificity	1	0	0	0	0	0	0	0	0	0	0	0	0	0	1	Myeloid/Monocyte;Dendritic	1	0	2	1	Immune-cell-enriched
2852	VEGFC	Vascular endothelial growth factor C	Cancer-related genes, Disease related genes, Human disease related genes, Potential drug targets, Predicted secreted proteins, RAS pathway related proteins, Transporters	Angiogenesis, Differentiation	Developmental protein, Growth factor, Mitogen	Cancer-related genes	Not detected in immune cells		Not detected	Secreted to blood	Low tissue specificity	1	0	0	0	0	0	0	0	0	0	0	0	0	0	0		1	0	0	0	Non-immune
2853	VEGFD	Vascular endothelial growth factor D	Cancer-related genes, Plasma proteins, Predicted secreted proteins, RAS pathway related proteins	Angiogenesis, Differentiation	Developmental protein, Growth factor, Mitogen	Cancer-related genes	Not detected in immune cells		Not detected	Secreted to blood	Tissue enhanced	1	0	0	0	0	0	0	0	0	0	0	0	0	0	0		1	0	0	0	Non-immune
2854	VGF	Neurosecretory protein VGF	Plasma proteins, Predicted secreted proteins		Antibiotic, Antimicrobial, Growth factor		Not detected in immune cells		Not detected	Secreted to blood	Group enriched	1	0	0	0	0	0	0	0	0	0	0	0	0	0	0		1	0	0	0	Non-immune
2855	VIM	Vimentin	Disease related genes, Human disease related genes, Plasma proteins, Predicted intracellular proteins	Host-virus interaction		Cataract, Disease variant	Low immune cell specificity		Low lineage specificity		Tissue enhanced	1	0	0	0	0	0	0	0	0	0	0	0	0	0	0		0	0	0	0	Non-immune
2856	VIPR1	Vasoactive intestinal polypeptide receptor 1	G-protein coupled receptors, Predicted membrane proteins, Transporters		G-protein coupled receptor, Receptor, Transducer		Low immune cell specificity		Group enriched		Tissue enhanced	1	0	0	0	0	0	0	0	0	0	0	0	0	1	0		0	0	0	0	Soluble receptor
2857	VIT	Vitrin	Predicted intracellular proteins, Predicted secreted proteins	Neurogenesis			Immune cell enhanced	gdT-cell: 2.3;naive CD8 T-cell: 1.3	Lineage enriched	Secreted to extracellular matrix	Tissue enhanced	1	0	0	0	0	0	0	0	0	0	0	0	0	0	1	T-cell	1	0	2	1	Immune-cell-enriched
2858	VMO1	Vitelline membrane outer layer protein 1 homolog	Predicted secreted proteins				Immune cell enriched	non-classical monocyte: 112.2	Lineage enriched	Secreted to blood	Tissue enhanced	1	0	0	0	0	0	0	0	0	0	0	0	0	0	1	Myeloid/Monocyte	1	0	2	1	Immune-cell-enriched
2859	VNN1	Pantetheinase	Enzymes, Metabolic proteins, Plasma proteins, Predicted intracellular proteins		Hydrolase		Immune cell enhanced	classical monocyte: 13.7;non-classical monocyte: 12.0	Group enriched	Intracellular and membrane	Group enriched	1	0	0	0	0	0	0	0	0	0	0	0	0	0	1	Myeloid/Monocyte	0	0	2	1	Immune-cell-enriched
2860	VNN2	Vascular non-inflammatory molecule 2	Enzymes, Metabolic proteins, Predicted intracellular proteins, Predicted membrane proteins		Hydrolase		Immune cell enriched	neutrophil: 479.1	Lineage enriched		Tissue enhanced	1	0	0	0	0	0	0	0	0	0	0	0	0	0	1	Granulocyte	0	0	2	1	Immune-cell-enriched
2861	VPS28	Vacuolar protein sorting-associated protein 28 homolog	Essential proteins, Predicted intracellular proteins	Protein transport, Transport			Not detected in immune cells		Not detected		Low tissue specificity	1	0	0	0	0	0	0	0	0	0	0	0	0	0	0		0	0	0	0	Non-immune
2862	VPS37A	Vacuolar protein sorting-associated protein 37A	Disease related genes, Essential proteins, Human disease related genes, Predicted intracellular proteins	Protein transport, Transport		Disease variant, Hereditary spastic paraplegia, Neurodegeneration	Low immune cell specificity		Low lineage specificity		Low tissue specificity	1	0	0	0	0	0	0	0	0	0	0	0	0	0	0		0	0	0	0	Non-immune
2863	VPS4B	Vacuolar protein sorting-associated protein 4B	Enzymes, Plasma proteins, Predicted intracellular proteins	Cell cycle, Cell division, Protein transport, Transport	Hydrolase		Low immune cell specificity		Low lineage specificity		Low tissue specificity	1	0	0	0	0	0	0	0	0	0	0	0	0	0	0		0	0	0	0	Non-immune
2864	VPS53	Vacuolar protein sorting-associated protein 53 homolog	Disease related genes, Human disease related genes, Predicted intracellular proteins	Protein transport, Transport		Disease variant, Epilepsy, Intellectual disability, Neurodegeneration	Low immune cell specificity		Low lineage specificity		Low tissue specificity	1	0	0	0	0	0	0	0	0	0	0	0	0	0	0		0	0	0	0	Non-immune
2865	VSIG10	V-set and immunoglobulin domain-containing protein 10	Predicted intracellular proteins, Predicted membrane proteins				Low immune cell specificity		Low lineage specificity		Low tissue specificity	1	0	0	0	0	0	0	0	0	0	0	0	0	0	0		0	0	0	0	Non-immune
2866	VSIG10L	V-set and immunoglobulin domain-containing protein 10-like	Predicted membrane proteins				Not detected in immune cells		Not detected		Tissue enhanced	1	0	0	0	0	0	0	0	0	0	0	0	0	0	0		0	0	0	0	Non-immune
2867	VSIG2	V-set and immunoglobulin domain-containing protein 2	Predicted membrane proteins	Lipid metabolism			Low immune cell specificity		Low lineage specificity		Tissue enriched	1	0	0	0	0	0	0	0	0	0	0	0	0	0	0		0	0	0	0	Non-immune
2868	VSIG4	V-set and immunoglobulin domain-containing protein 4	Plasma proteins, Predicted membrane proteins	Complement alternate pathway, Immunity, Innate immunity			Group enriched	classical monocyte: 18.7;intermediate monocyte: 11.1;myeloid DC: 17.8	Group enriched		Tissue enhanced	1	0	0	0	0	0	0	0	0	0	0	0	0	0	1	Myeloid/Monocyte;Dendritic	0	1	3	1	Immune-cell-enriched
2869	VSIR	V-type immunoglobulin domain-containing suppressor of T-cell activation	Predicted membrane proteins		Receptor		Immune cell enhanced	neutrophil: 1008.0	Low lineage specificity		Tissue enhanced	1	0	0	0	0	0	0	0	1	0	0	0	0	0	1	Granulocyte	0	0	4	1	Immune checkpoint
2870	VSNL1	Visinin-like protein 1	Predicted intracellular proteins				Not detected in immune cells		Not detected		Tissue enriched	1	0	0	0	0	0	0	0	0	0	0	0	0	0	0		0	0	0	0	Non-immune
2871	VSTM1	V-set and transmembrane domain-containing protein 1	Predicted intracellular proteins, Predicted membrane proteins, Predicted secreted proteins	Immunity	Cytokine		Immune cell enriched	eosinophil: 129.6	Lineage enriched	Secreted to blood	Tissue enriched	1	0	0	0	0	0	0	0	0	0	0	0	0	0	1	Granulocyte	1	1	3	1	Immune-cell-enriched
2872	VSTM2B	V-set and transmembrane domain-containing protein 2B	Predicted intracellular proteins				Not detected in immune cells		Not detected		Tissue enriched	1	0	0	0	0	0	0	0	0	0	0	0	0	0	0		0	0	0	0	Non-immune
2873	VSTM2L	V-set and transmembrane domain-containing protein 2-like protein	Predicted secreted proteins				Not detected in immune cells		Not detected	Secreted - unknown location	Group enriched	1	0	0	0	0	0	0	0	0	0	0	0	0	0	0		1	0	0	0	Non-immune
2874	VTA1	Vacuolar protein sorting-associated protein VTA1 homolog	Plasma proteins, Predicted intracellular proteins	Protein transport, Transport			Low immune cell specificity		Low lineage specificity		Low tissue specificity	1	0	0	0	0	0	0	0	0	0	0	0	0	0	0		0	0	0	0	Non-immune
2875	VTCN1	V-set domain-containing T-cell activation inhibitor 1	Predicted intracellular proteins, Predicted membrane proteins	Adaptive immunity, Immunity			Not detected in immune cells		Not detected		Tissue enhanced	1	0	0	0	0	0	0	0	0	0	0	0	0	0	0		0	1	1	0	Other immune-annotated
2876	VTI1A	Vesicle transport through interaction with t-SNAREs homolog 1A	Predicted intracellular proteins, Predicted membrane proteins	Protein transport, Transport			Low immune cell specificity		Low lineage specificity		Low tissue specificity	1	0	0	0	0	0	0	0	0	0	0	0	0	0	0		0	0	0	0	Non-immune
2877	VWA1	von Willebrand factor A domain-containing protein 1	Disease related genes, Predicted intracellular proteins, Predicted secreted proteins			Disease variant, Neuropathy	Not detected in immune cells		Not detected	Secreted to extracellular matrix	Tissue enhanced	1	0	0	0	0	0	0	0	0	0	0	0	0	0	0		1	0	0	0	Non-immune
2878	VWA5A	von Willebrand factor A domain-containing protein 5A	Predicted intracellular proteins			Tumor suppressor	Immune cell enriched	basophil: 58.2	Lineage enriched		Low tissue specificity	1	0	0	0	0	0	0	0	0	0	0	0	0	0	1	Granulocyte	0	0	2	1	Immune-cell-enriched
2879	VWC2	Brorin	Predicted secreted proteins				Not detected in immune cells		Not detected	Secreted to extracellular matrix	Group enriched	1	0	0	0	0	0	0	0	0	0	0	0	0	0	0		1	0	0	0	Non-immune
2880	VWC2L	von Willebrand factor C domain-containing protein 2-like	Predicted secreted proteins		Developmental protein		Not detected in immune cells		Not detected	Secreted - unknown location	Group enriched	1	0	0	0	0	0	0	0	0	0	0	0	0	0	0		1	0	0	0	Non-immune
2881	VWF	von Willebrand factor	Cancer-related genes, Candidate cardiovascular disease genes, Disease related genes, FDA approved drug targets, Human disease related genes, Plasma proteins, Predicted secreted proteins	Blood coagulation, Cell adhesion, Hemostasis		Cancer-related genes, Disease variant, FDA approved drug targets, von Willebrand disease	Not detected in immune cells		Not detected	Secreted to blood	Low tissue specificity	1	0	0	0	0	0	0	1	0	0	0	0	0	0	0		1	0	1	0	Non-immune
2882	WARS	Tryptophan--tRNA ligase, cytoplasmic										0	0	0	0	0	0	0	0	0	0	0	0	0	0	0		0	0	0	0	Non-immune
2883	WAS	Wiskott-Aldrich syndrome protein	Cancer-related genes, Disease related genes, Human disease related genes, Predicted intracellular proteins			Cancer-related genes, Disease variant	Immune cell enhanced	eosinophil: 45.5;neutrophil: 38.4	Lineage enriched		Tissue enhanced	1	0	0	0	0	0	0	0	0	0	0	0	0	0	1	Granulocyte	0	0	2	1	Immune-cell-enriched
2884	WASF1	Wiskott-Aldrich syndrome protein family member 1	Disease related genes, Human disease related genes, Predicted intracellular proteins		Actin-binding	Disease variant, Epilepsy, Intellectual disability	Group enriched	memory B-cell: 3.3;naive B-cell: 4.2;plasmacytoid DC: 8.4	Group enriched		Tissue enhanced	1	0	0	0	0	0	0	0	0	0	0	0	0	0	1	Myeloid/Monocyte;B-cell;Dendritic	0	0	2	1	Immune-cell-enriched
2885	WASF3	Wiskott-Aldrich syndrome protein family member 3	Cancer-related genes, Predicted intracellular proteins		Actin-binding	Cancer-related genes	Not detected in immune cells		Not detected		Tissue enhanced	1	0	0	0	0	0	0	0	0	0	0	0	0	0	0		0	0	0	0	Non-immune
2886	WASHC3	WASH complex subunit 3	Predicted intracellular proteins, Transporters	Protein transport, Transport			Low immune cell specificity		Low lineage specificity		Low tissue specificity	1	0	0	0	0	0	0	0	0	0	0	0	0	0	0		0	0	0	0	Non-immune
2887	WASL	Neural Wiskott-Aldrich syndrome protein	Plasma proteins, Predicted intracellular proteins	Cell cycle, Cell division, Mitosis, Transcription, Transcription regulation	Actin-binding		Low immune cell specificity		Low lineage specificity		Low tissue specificity	1	0	0	0	0	0	0	0	0	0	0	0	0	0	0		0	0	0	0	Non-immune
2888	WDR46	WD repeat-containing protein 46	Essential proteins, Plasma proteins, Predicted intracellular proteins				Low immune cell specificity		Low lineage specificity		Low tissue specificity	1	0	0	0	0	0	0	0	0	0	0	0	0	0	0		0	0	0	0	Non-immune
2889	WFDC1	WAP four-disulfide core domain protein 1	Predicted secreted proteins		Protease inhibitor, Serine protease inhibitor		Not detected in immune cells		Not detected	Secreted to extracellular matrix	Tissue enhanced	1	0	0	0	0	0	0	0	0	0	0	0	0	0	0		1	0	0	0	Non-immune
2890	WFDC12	WAP four-disulfide core domain protein 12	Predicted secreted proteins		Antibiotic, Antimicrobial, Protease inhibitor, Serine protease inhibitor		Not detected in immune cells		Not detected	Secreted in other tissues	Tissue enriched	1	0	0	0	0	0	0	0	0	0	0	0	0	0	0		1	0	0	0	Non-immune
2891	WFDC2	WAP four-disulfide core domain protein 2	Cancer-related genes, Predicted intracellular proteins, Predicted secreted proteins		Aspartic protease inhibitor, Protease inhibitor, Serine protease inhibitor, Thiol protease inhibitor	Cancer-related genes, Disease variant	Not detected in immune cells		Not detected	Secreted in other tissues	Tissue enhanced	1	0	0	0	0	0	0	0	0	0	0	0	0	0	0		1	0	0	0	Non-immune
2892	WFIKKN1	WAP, Kazal, immunoglobulin, Kunitz and NTR domain-containing protein 1	Predicted secreted proteins		Metalloenzyme inhibitor, Metalloprotease inhibitor, Protease inhibitor, Serine protease inhibitor		Not detected in immune cells		Not detected	Secreted in other tissues	Tissue enhanced	1	0	0	0	0	0	0	0	0	0	0	0	0	0	0		1	0	0	0	Non-immune
2893	WFIKKN2	WAP, Kazal, immunoglobulin, Kunitz and NTR domain-containing protein 2	Predicted intracellular proteins, Predicted secreted proteins		Metalloenzyme inhibitor, Metalloprotease inhibitor, Protease inhibitor, Serine protease inhibitor		Not detected in immune cells		Not detected	Secreted in other tissues	Tissue enriched	1	0	0	0	0	0	0	0	0	0	0	0	0	0	0		1	0	0	0	Non-immune
2894	WIF1	Wnt inhibitory factor 1	Cancer-related genes, Predicted intracellular proteins, Predicted secreted proteins	Wnt signaling pathway	Developmental protein	Cancer-related genes	Not detected in immune cells		Not detected	Secreted to extracellular matrix	Tissue enriched	1	0	0	0	0	0	0	0	0	0	0	0	0	0	0		1	0	0	0	Non-immune
2895	WNT9A	Protein Wnt-9a	Plasma proteins, Predicted secreted proteins	Wnt signaling pathway	Developmental protein		Not detected in immune cells		Not detected	Secreted to extracellular matrix	Tissue enhanced	1	0	0	0	0	0	0	0	0	0	0	0	0	0	0		1	0	0	0	Non-immune
2896	WWP2	NEDD4-like E3 ubiquitin-protein ligase WWP2	Enzymes, Metabolic proteins, Predicted intracellular proteins	Host-virus interaction, Ubl conjugation pathway	Transferase		Low immune cell specificity		Low lineage specificity		Tissue enhanced	1	0	0	0	0	0	0	0	0	0	0	0	0	0	0		0	0	0	0	Non-immune
2897	XCL1	Lymphotactin	Predicted secreted proteins	Chemotaxis	Cytokine		Immune cell enriched	NK-cell: 88.6	Lineage enriched	Secreted to blood	Tissue enhanced	1	0	0	0	0	1	0	0	0	0	0	0	0	0	1	NK-cell	1	0	4	1	Chemokine axis
2898	XG	Glycoprotein Xg	Blood group antigen proteins, Predicted membrane proteins		Blood group antigen		Not detected in immune cells		Not detected		Tissue enhanced	1	0	0	0	0	0	0	0	0	0	0	0	0	0	0		1	1	1	0	Other immune-annotated
2899	XIAP	E3 ubiquitin-protein ligase XIAP	Cancer-related genes, Disease related genes, Enzymes, FDA approved drug targets, Human disease related genes, Plasma proteins, Predicted intracellular proteins	Apoptosis, Ubl conjugation pathway, Wnt signaling pathway	Protease inhibitor, Thiol protease inhibitor, Transferase	Cancer-related genes, FDA approved drug targets	Low immune cell specificity		Low lineage specificity		Low tissue specificity	1	0	0	0	0	0	0	0	0	0	0	0	0	0	0		0	0	0	0	Non-immune
2900	XPNPEP2	Xaa-Pro aminopeptidase 2	Disease related genes, Enzymes, Potential drug targets, Predicted intracellular proteins		Aminopeptidase, Hydrolase, Metalloprotease, Protease		Group enriched	gdT-cell: 4.3;intermediate monocyte: 1.4;MAIT T-cell: 1.2;memory CD4 T-cell: 1.3;memory CD8 T-cell: 2.8;naive CD8 T-cell: 2.0;non-classical monocyte: 2.8;T-reg: 1.4	Group enriched	Intracellular and membrane	Group enriched	1	0	0	0	0	0	0	0	0	0	0	0	0	0	1	Myeloid/Monocyte;T-cell	0	0	2	1	Immune-cell-enriched
2901	XRCC4	DNA repair protein XRCC4	Cancer-related genes, Disease related genes, Human disease related genes, Predicted intracellular proteins	DNA damage, DNA recombination, DNA repair	DNA-binding	Cancer-related genes, Disease variant, Dwarfism	Low immune cell specificity		Low lineage specificity		Low tissue specificity	1	0	0	0	0	0	0	0	0	0	0	0	0	0	0		0	0	0	0	Non-immune
2902	YAP1	Transcriptional coactivator YAP1	Disease related genes, Human disease related genes, Predicted intracellular proteins	Transcription, Transcription regulation	Activator, Repressor	Proto-oncogene	Not detected in immune cells		Not detected		Low tissue specificity	1	0	0	0	0	0	0	0	0	0	0	0	0	0	0		0	0	0	0	Non-immune
2903	YARS1	Tyrosine--tRNA ligase, cytoplasmic	Disease related genes, Enzymes, Essential proteins, Human disease related genes, Metabolic proteins, Plasma proteins, Potential drug targets, Predicted intracellular proteins	Protein biosynthesis	Aminoacyl-tRNA synthetase, Ligase, RNA-binding, tRNA-binding	Charcot-Marie-Tooth disease, Disease variant, Neurodegeneration, Neuropathy	Low immune cell specificity		Low lineage specificity		Low tissue specificity	1	0	0	0	0	0	0	0	0	0	0	0	0	0	0		0	0	0	0	Non-immune
2904	YES1	Tyrosine-protein kinase Yes	Enzymes, FDA approved drug targets, Plasma proteins, Predicted intracellular proteins		Kinase, Transferase, Tyrosine-protein kinase	FDA approved drug targets, Proto-oncogene	Immune cell enriched	basophil: 20.1	Lineage enriched		Low tissue specificity	1	0	0	0	0	0	0	0	0	0	0	0	0	0	1	Granulocyte	0	0	2	1	Immune-cell-enriched
2905	YJU2	Splicing factor YJU2	Essential proteins, Predicted intracellular proteins	mRNA processing, mRNA splicing			Low immune cell specificity		Low lineage specificity		Low tissue specificity	1	0	0	0	0	0	0	0	0	0	0	0	0	0	0		0	0	0	0	Non-immune
2906	YOD1	Ubiquitin thioesterase OTU1	Enzymes, Predicted intracellular proteins	Ubl conjugation pathway, Unfolded protein response	Hydrolase, Protease, Thiol protease		Low immune cell specificity		Low lineage specificity		Tissue enhanced	1	0	0	0	0	0	0	0	0	0	0	0	0	0	0		0	0	0	0	Non-immune
2907	YTHDF3	YTH domain-containing family protein 3	Predicted intracellular proteins	Host-virus interaction	RNA-binding		Low immune cell specificity		Low lineage specificity		Low tissue specificity	1	0	0	0	0	0	0	0	0	0	0	0	0	0	0		0	0	0	0	Non-immune
2908	YWHAQ	14-3-3 protein theta	Plasma proteins, Predicted intracellular proteins, Transporters				Low immune cell specificity		Low lineage specificity		Low tissue specificity	1	0	0	0	0	0	0	0	0	0	0	0	0	0	0		0	0	0	0	Non-immune
2909	YY1	Transcriptional repressor protein YY1	Disease related genes, Essential proteins, Human disease related genes, Plasma proteins, Predicted intracellular proteins, Transcription factors	Differentiation, DNA damage, DNA recombination, DNA repair, Spermatogenesis, Transcription, Transcription regulation	Activator, DNA-binding, Repressor	Disease variant, Intellectual disability	Low immune cell specificity		Low lineage specificity		Low tissue specificity	1	0	0	0	0	0	0	0	0	0	0	0	0	0	0		0	0	0	0	Non-immune
2910	ZBP1	Z-DNA-binding protein 1	Predicted intracellular proteins	Antiviral defense, Apoptosis, Host-virus interaction, Immunity, Innate immunity, Necrosis	DNA-binding, RNA-binding		Low immune cell specificity		Low lineage specificity		Tissue enhanced	1	0	0	0	0	0	0	0	0	0	0	0	0	0	0		0	1	1	0	Other immune-annotated
2911	ZBTB16	Zinc finger and BTB domain-containing protein 16	Cancer-related genes, Disease related genes, Human disease related genes, Predicted intracellular proteins, Transcription factors	Transcription, Transcription regulation, Ubl conjugation pathway	DNA-binding, Repressor	Cancer-related genes, Disease variant, Intellectual disability, Proto-oncogene	Group enriched	gdT-cell: 22.5;MAIT T-cell: 37.5;naive B-cell: 10.8;NK-cell: 10.0	Group enriched		Low tissue specificity	1	0	0	0	0	0	0	0	0	0	0	0	0	0	1	T-cell;B-cell;NK-cell	0	0	2	1	Immune-cell-enriched
2912	ZBTB17	Zinc finger and BTB domain-containing protein 17	Essential proteins, Predicted intracellular proteins, Transcription factors	Transcription, Transcription regulation	Developmental protein, DNA-binding		Low immune cell specificity		Low lineage specificity		Low tissue specificity	1	0	0	0	0	0	0	0	0	0	0	0	0	0	0		0	0	0	0	Non-immune
2913	ZCCHC8	Zinc finger CCHC domain-containing protein 8	Disease related genes, Human disease related genes, Predicted intracellular proteins	mRNA processing, mRNA splicing		Disease variant	Low immune cell specificity		Low lineage specificity		Tissue enhanced	1	0	0	0	0	0	0	0	0	0	0	0	0	0	0		0	0	0	0	Non-immune
2914	ZFYVE19	Abscission/NoCut checkpoint regulator	Disease related genes, Human disease related genes, Predicted intracellular proteins	Cell cycle, Cell division		Ciliopathy, Disease variant, Intrahepatic cholestasis, Proto-oncogene	Low immune cell specificity		Low lineage specificity		Low tissue specificity	1	0	0	0	0	0	0	0	0	0	0	0	0	0	0		0	0	0	0	Non-immune
2915	ZHX2	Zinc fingers and homeoboxes protein 2	Plasma proteins, Predicted intracellular proteins, Transcription factors	Differentiation, Neurogenesis, Transcription, Transcription regulation	DNA-binding, Repressor		Low immune cell specificity		Low lineage specificity		Low tissue specificity	1	0	0	0	0	0	0	0	0	0	0	0	0	0	0		0	0	0	0	Non-immune
2916	ZNF174	Zinc finger protein 174	Predicted intracellular proteins, Transcription factors	Transcription, Transcription regulation	DNA-binding, Repressor		Low immune cell specificity		Low lineage specificity		Low tissue specificity	1	0	0	0	0	0	0	0	0	0	0	0	0	0	0		0	0	0	0	Non-immune
2917	ZNF75D	Zinc finger protein 75D	Predicted intracellular proteins, Transcription factors	Transcription, Transcription regulation	DNA-binding		Low immune cell specificity		Low lineage specificity		Low tissue specificity	1	0	0	0	0	0	0	0	0	0	0	0	0	0	0		0	0	0	0	Non-immune
2918	ZNF830	Zinc finger protein 830	Essential proteins, Predicted intracellular proteins	Cell cycle, Cell division, Mitosis, mRNA processing, mRNA splicing	Developmental protein		Low immune cell specificity		Low lineage specificity		Low tissue specificity	1	0	0	0	0	0	0	0	0	0	0	0	0	0	0		0	0	0	0	Non-immune
2919	ZNRD2	Protein ZNRD2	Predicted intracellular proteins	Cell cycle, Cell division, Mitosis			Low immune cell specificity		Low lineage specificity		Low tissue specificity	1	0	0	0	0	0	0	0	0	0	0	0	0	0	0		0	0	0	0	Non-immune
2920	ZNRF4	E3 ubiquitin-protein ligase ZNRF4	Enzymes, Predicted membrane proteins		Transferase		Not detected in immune cells		Not detected		Tissue enriched	1	0	0	0	0	0	0	0	0	0	0	0	0	0	0		0	0	0	0	Non-immune
2921	ZP3	Zona pellucida sperm-binding protein 3	Disease related genes, Human disease related genes, Predicted membrane proteins, Predicted secreted proteins	Fertilization	Receptor	Disease variant	Low immune cell specificity		Low lineage specificity	Secreted in female reproductive system	Tissue enhanced	1	0	0	0	0	0	0	0	0	0	0	0	0	0	0		1	0	0	0	Non-immune
2922	ZP4	Zona pellucida sperm-binding protein 4	Predicted membrane proteins, Predicted secreted proteins	Fertilization	Receptor		Not detected in immune cells		Not detected	Secreted in female reproductive system	Tissue enriched	1	0	0	0	0	0	0	0	0	0	0	0	0	0	0		1	0	0	0	Non-immune
2923	ZPR1	Zinc finger protein ZPR1	Disease related genes, Essential proteins, Predicted intracellular proteins	Differentiation, mRNA processing, mRNA splicing		Deafness, Dwarfism, Hypotrichosis	Low immune cell specificity		Low lineage specificity		Low tissue specificity	1	0	0	0	0	0	0	0	0	0	0	0	0	0	0		0	0	0	0	Non-immune
